t,x,y,gap,dual
0.0,1.2999987816492058,6.720179754777776e-07,0.29999878164937943,0.0
0.00025,1.2999967020044751,2.928518507130489e-06,0.2999967020077736,0.0
0.0005,1.2999937628303684,6.763142031395071e-06,0.29999376284796075,0.0
0.00075,1.2999899634331196,1.2186442019613142e-05,0.299989963490239,0.0
0.001,1.2999852998269297,1.918248766144336e-05,0.29998529996845735,0.0
0.00125,1.299979784033141,2.7756320791036472e-05,0.2999797843294585,0.0
0.0015,1.2999733977326922,3.7869247323914535e-05,0.2999733982842727,0.0
0.00175,1.2999661559847975,4.963660022958127e-05,0.29996615693243456,0.0
0.002,1.299958059223158,6.29156368511072e-05,0.29995806074566,0.0
0.00225,1.299949098252727,7.782177460600933e-05,0.2999491005821371,0.0
0.0025,1.2999392749011554,9.429206024826732e-05,0.2999392783209276,0.0
0.00275,1.2999286031037953,0.00011231869038663267,0.2999286079561727,0.0
0.003,1.2999170617449973,0.00013186313065202297,0.2999170684330721,0.0
0.00325,1.2999046729014223,0.0001530391282811248,0.2999046819101501,0.0
0.0035,1.2998914225168616,0.00017576944297649508,0.2998914344005068,0.0
0.00375,1.299877314886861,0.00020005373678897494,0.29987733028119745,0.0
0.004,1.2998623516208072,0.0002258628808206758,0.2998623712436699,0.0
0.00425,1.2998465362482317,0.0002532890516077584,0.2998465609262768,0.0
0.0045,1.2998298562449813,0.00028221593771614057,0.2998298868820044,0.0
0.00475,1.2998123268372646,0.00031273752571414994,0.29981236445991066,0.0
0.005,1.2997939394218436,0.0003448437452452092,0.2997939851664817,0.0
0.00525,1.2997747010693137,0.000378415306012766,0.29977475615506854,0.0
0.0055,1.2997546017500234,0.0004136020861535355,0.2997546675573233,0.0
0.00575,1.299733651888908,0.00045030072477963946,0.29973372989363467,0.0
0.006,1.2997118478122607,0.0004885492166048301,0.29971193963273945,0.0
0.00625,1.2996891937848263,0.000528361621827318,0.2996893011820383,0.0
0.0065,1.2996656780883433,0.0005697265249813464,0.2996658029621102,0.0
0.00675,1.29964131301817,0.0006126019836609818,0.2996414573969175,0.0
0.007,1.2996160975852398,0.0006570118922691403,0.29961626365912863,0.0
0.00725,1.2995900347024256,0.0007029728992855968,0.29959022482809905,0.0
0.0075,1.2995631075990899,0.000750521551618725,0.29956332431905874,0.0
0.00775,1.299535335321767,0.0007995443003813975,0.29953558128315416,0.0
0.008,1.2995067091525863,0.000850121471795489,0.2995069872221161,0.0
0.00825,1.2994772316369252,0.0009021970808456964,0.2994775448242035,0.0
0.0085,1.2994469087706437,0.0009558768638078508,0.29944726034347413,0.0
0.00875,1.2994157304993836,0.0010110296544661376,0.2994161238226225,0.0
0.009,1.299383700322728,0.0010677547674156711,0.2993841390307288,0.0
0.00925,1.2993508256767556,0.0011259240137839461,0.2993513134990673,0.0
0.0095,1.2993170990950609,0.0011856804433396204,0.2993176400861022,0.0
0.00975,1.299282519873758,0.0012469438694208065,0.29928311823040166,0.0
0.01,1.299247096741984,0.0013097485979384057,0.2992477569093064,0.0
0.01025,1.299210819957644,0.001373996412408048,0.29921154650085957,0.0
0.0105,1.2991737027232046,0.0014398518804007178,0.2991745006045028,0.0
0.01075,1.2991357352150095,0.0015071908481221342,0.2991366094975909,0.0
0.011,1.2990969146718774,0.0015760585727789941,0.29909787070513505,0.0
0.01125,1.2990572515293808,0.0016464033094993333,0.2990582948408922,0.0
0.0115,1.2990167374459805,0.0017182772670840266,0.29901787387301404,0.0
0.01175,1.2989753768468546,0.0017916760327881505,0.29897661247515717,0.0
0.012,1.2989331743788137,0.0018665329339798784,0.2989345154575789,0.0
0.01225,1.2988901252825398,0.0019429437183152473,0.2988915784571029,0.0
0.0125,1.298846226148178,0.0020208673800607996,0.2988477982751987,0.0
0.01275,1.2988014874961782,0.0021002801262590435,0.2988031856670563,0.0
0.013,1.2987558913332102,0.0021811367045645744,0.2987577228374989,0.0
0.01325,1.2987094611819652,0.0022635521555208014,0.298711433780388,0.0
0.0135,1.2986621874586763,0.0023474805320267147,0.2986643091268053,0.0
0.01375,1.2986140682572676,0.002432879497736928,0.2986163471858583,0.0
0.014,1.2985651002435086,0.0025197456771139997,0.2985675449081233,0.0
0.01425,1.2985152914291858,0.0026081307556404107,0.2985179107049165,0.0
0.0145,1.2984646428885267,0.0026980053328427653,0.29846744590089935,0.0
0.01475,1.2984131460309944,0.0027893736463395465,0.29841614222538193,0.0
0.015,1.2983608099364021,0.0028822150838962264,0.2983640090292474,0.0
0.01525,1.2983076305586496,0.0029765904735373763,0.2983110427234539,0.0
0.0155,1.2982536125132187,0.0030723714885746056,0.2982572479559613,0.0
0.01575,1.2981987471200775,0.003169696657237024,0.2982026166978089,0.0
0.016,1.298143042027665,0.0032684412777392803,0.29814715663256997,0.0
0.01625,1.298086500498505,0.003368725867516985,0.2980908716613122,0.0
0.0165,1.2980291117287053,0.0034705007382302144,0.2980337512062565,0.0
0.01675,1.2979708846883171,0.003573702305926592,0.2979758044149914,0.0
0.017,1.2979118210928449,0.0036783945865128793,0.29791703352690413,0.0
0.01725,1.2978519150404653,0.0037845600314179067,0.2978574329520305,0.0
0.0175,1.2977911653106726,0.0038922165211249474,0.29779700188738345,0.0
0.01775,1.2977295804612123,0.0040013185102401195,0.2977357491237784,0.0
0.018,1.2976671630419716,0.004111906467400311,0.2976736777064546,0.0
0.01825,1.2976039011368803,0.00422393463976369,0.29761077595305574,0.0
0.0185,1.297539800054705,0.004337456161957494,0.29754704972573554,0.0
0.01875,1.2974748613076503,0.004452435248751382,0.2974825008087587,0.0
0.019,1.297409084055806,0.004568852819678119,0.29741712868553316,0.0
0.01925,1.29734247638031,0.00468675172792558,0.2973509419822975,0.0
0.0195,1.297275024191026,0.0048061086106562815,0.2972839269295695,0.0
0.01975,1.2972067401568939,0.004926911167460129,0.2972160965552837,0.0
0.02,1.297137618047199,0.005049173748918534,0.29714744509200175,0.0
0.02025,1.2970676609875227,0.005172899014121017,0.2970779760923601,0.0
0.0205,1.2969968634499391,0.005298078106630962,0.29700768441463143,0.0
0.02075,1.296925238037026,0.005424669559854588,0.2969365829126842,0.0
0.021,1.2968527741764948,0.005552756360971292,0.29686466178721793,0.0
0.02125,1.2967794775958268,0.00568223833417773,0.2967919267739878,0.0
0.0215,1.2967053441872873,0.005813236450691258,0.29671837472980345,0.0
0.02175,1.296630380006804,0.005945636379063809,0.29664401165028376,0.0
0.022,1.2965545752870384,0.006079468356427538,0.2965688283439678,0.0
0.02225,1.2964779449632404,0.006214734336904606,0.2964928402035183,0.0
0.0225,1.2964004761490777,0.0063514944857958906,0.2964160350912659,0.0
0.02275,1.2963221772423392,0.006489651238077387,0.29633842139447153,0.0
0.023,1.29624304471333,0.006629223443953985,0.29625999613162235,0.0
0.02325,1.2961630818451793,0.006770281762364287,0.29618076341748534,0.0
0.0235,1.2960822859028442,0.006912735938907644,0.2961007205264965,0.0
0.02375,1.2960006601188945,0.007056604792776696,0.2960198712596238,0.0
0.024,1.295918202707469,0.007201950139327106,0.29593821465159587,0.0
0.02425,1.2958349130601703,0.007348699035231132,0.2958557501833179,0.0
0.0245,1.295750793596104,0.007496854589729089,0.2957724807749518,0.0
0.02475,1.2956658461878265,0.007646468200692609,0.29568840909130656,0.0
0.025,1.2955800577859047,0.007797487352510976,0.2956035222789186,0.0
0.02525,1.2954934549343302,0.007949943244159844,0.29551784757110666,0.0
0.0255,1.295406013960831,0.008103764645703254,0.295431361364747,0.0
0.02575,1.295317753074293,0.008259076926769278,0.2953440831613494,0.0
0.026,1.295228648378187,0.008415732115257268,0.29525598864727165,0.0
0.02625,1.2951387266010568,0.008573836268126737,0.29516710574742433,0.0
0.0265,1.295047975581523,0.008733398491759204,0.29507742290066075,0.0
0.02675,1.29495639684253,0.008894302118115304,0.2949869413756867,0.0
0.027,1.2948639867383884,0.009056642563531121,0.29489565870249046,0.0
0.02725,1.2947707560818384,0.009220384092398667,0.2948035859880629,0.0
0.0275,1.2946766941941033,0.009385552253967066,0.2947107132794118,0.0
0.02775,1.2945818066373485,0.009552116507413886,0.2946170464682567,0.0
0.028,1.2944860879738338,0.009720061278433001,0.29452258054815594,0.0
0.02825,1.2943895577595188,0.009889385237799584,0.2944273356111049,0.0
0.0285,1.29429218738743,0.010060176950950968,0.29433128429024036,0.0
0.02875,1.2941939943848944,0.010232329562754664,0.2942344438586886,0.0
0.029,1.2940949882495683,0.010405915856064363,0.2941368249522358,0.0
0.02925,1.293995147791617,0.010580859249220677,0.29403840634298817,0.0
0.0295,1.2938944788080748,0.010757162799598223,0.2939391944142957,0.0
0.02975,1.2937929952297307,0.010934930083817138,0.29383920453874635,0.0
0.03,1.2936906832673096,0.011114033346458243,0.2937384224447632,0.0
0.03025,1.2935875521974194,0.011294519140450817,0.29363685838133313,0.0
0.0305,1.2934835914305634,0.011476436166870808,0.29353450278189364,0.0
0.03075,1.2933788104302808,0.011659729324214482,0.29343136522892554,0.0
0.031,1.2932732103325224,0.011844385389173349,0.2933274473346015,0.0
0.03125,1.2931667879047408,0.012030396007075565,0.2932227463851509,0.0
0.0315,1.2930595418497286,0.012217852330494335,0.2931172625420324,0.0
0.03175,1.292951473686636,0.01240663082845995,0.29301099678114007,0.0
0.032,1.2928425906197427,0.012596841721498768,0.292903957972797,0.0
0.03225,1.292732883117973,0.012788366442979655,0.29279613605966004,0.0
0.0325,1.2926223514728639,0.012981304096131402,0.29268753292637273,0.0
0.03275,1.292511004677291,0.013175576603423158,0.2925781574166928,0.0
0.033,1.2923988344123325,0.013371269063505234,0.2924680027090514,0.0
0.03325,1.292285848908048,0.013568297240228427,0.2923570768088801,0.0
0.0335,1.2921720412423041,0.01376670909872494,0.2922453739316351,0.0
0.03375,1.2920574155261282,0.013966451911164374,0.2921328982713214,0.0
0.034,1.2919419689236924,0.014167586100612615,0.29201964828803795,0.0
0.03425,1.2918257095699832,0.014370107082723472,0.29190563273157055,0.0
0.0345,1.2917086305524652,0.014573936762881889,0.2917908444777326,0.0
0.03475,1.2915907300429508,0.01477914357171551,0.29167528311785706,0.0
0.035,1.291472017450105,0.01498571705235437,0.2915589586125047,0.0
0.03525,1.291352489365801,0.015193658870096789,0.29144186824692664,0.0
0.0355,1.2912321390322528,0.015402913188679042,0.2913240052769501,0.0
0.03575,1.2911109719609795,0.01561356100244424,0.2912053768495553,0.0
0.036,1.290988991422505,0.015825523354693078,0.2910859859682262,0.0
0.03625,1.2908662002704347,0.016038841547841926,0.2909658366660317,0.0
0.0365,1.2907425845356828,0.01625350344761637,0.2908449155139341,0.0
0.03675,1.2906181616977785,0.016469546477323953,0.290723241157965,0.0
0.037,1.2904929152964106,0.016686901190976773,0.2906007969552733,0.0
0.03725,1.2903668650973956,0.01690557997393544,0.29047760351566554,0.0
0.0375,1.2902399934704092,0.017125655625659084,0.29035364487071136,0.0
0.03775,1.2901123119404097,0.017347020913085195,0.29022893183914755,0.0
0.038,1.289983816073164,0.01756976389840026,0.29010346187200353,0.0
0.03825,1.2898545098079368,0.01779378526055434,0.2899772382742929,0.0
0.0385,1.2897243830574037,0.018019193951625108,0.2898502531702922,0.0
0.03875,1.2895934489731706,0.01824592681712561,0.2897225195676525,0.0
0.039,1.289461702952901,0.01847394275512726,0.28959403299763875,0.0
0.03925,1.2893291472566653,0.018703321244688875,0.28946479757734433,0.0
0.0395,1.2891957763902206,0.01893403915717219,0.2893348082252294,0.0
0.03975,1.2890615928211115,0.01916605066315641,0.2892040674712921,0.0
0.04,1.2889266033114861,0.01939943863448644,0.2890725840477013,0.0
0.04025,1.2887907997759118,0.01963410066858166,0.2889403490837341,0.0
0.0405,1.2886541898349952,0.019870110534867702,0.28880737205835216,0.0
0.04075,1.2885167657739753,0.02010742327132721,0.2886736453234535,0.0
0.041,1.288378531997586,0.020346043022125553,0.2885391740955776,0.0
0.04125,1.2882394951430474,0.020585991104865406,0.28840396610542274,0.0
0.0415,1.2880996416667694,0.02082726020091112,0.28826800846312106,0.0
0.04175,1.2879589815444605,0.021069855098370338,0.2881313119922637,0.0
0.042,1.2878175136669823,0.021313719648029895,0.287993875432893,0.0
0.04225,1.2876752404806169,0.021558944347577734,0.2878557034963958,0.0
0.0425,1.2875321572934926,0.021805457050695025,0.287716791077147,0.0
0.04275,1.2873882667744607,0.02205322243455355,0.2875771410087622,0.0
0.043,1.2872435731005978,0.022302363597249516,0.287436760354006,0.0
0.04325,1.2870980665396765,0.022552772029753917,0.2872956383117282,0.0
0.0435,1.2869517541616773,0.02280452161433392,0.2871537840312155,0.0
0.04375,1.2868046409598626,0.0230575017097917,0.2870112013424506,0.0
0.044,1.2866567175726873,0.023311819810597677,0.28686788359093174,0.0
0.04425,1.2865079904486256,0.023567426372449417,0.2867238371437679,0.0
0.0445,1.2863584568715754,0.02382436926317813,0.2865790609736383,0.0
0.04475,1.2862081225034367,0.024082571036115823,0.28643356012719345,0.0
0.045,1.2860569752429143,0.02434202187202979,0.2862873231124421,0.0
0.04525,1.2859050325325012,0.024602812321218963,0.28614036989223157,0.0
0.0455,1.2857522775081696,0.02486489488579846,0.2859926835387234,0.0
0.04575,1.2855987280331869,0.02512822475513649,0.285844281863046,0.0
0.046,1.2854443710828694,0.02539287391972317,0.28569515406823265,0.0
0.04625,1.2852892107457452,0.025658790839001147,0.2855453040662317,0.0
0.0465,1.285133246980175,0.02592600185792522,0.2853947331719331,0.0
0.04675,1.284976481231967,0.026194468751686344,0.2852434428980646,0.0
0.047,1.284818918304248,0.026464262394633224,0.2850914403327842,0.0
0.04725,1.284660550050357,0.026735273012230675,0.28493871592334097,0.0
0.0475,1.2845013772075236,0.027007591327152858,0.2847852731243923,0.0
0.04775,1.284341403001663,0.027281173708767176,0.28463111510783845,0.0
0.048,1.284180635312928,0.027556026576441208,0.2844762507393419,0.0
0.04825,1.2840190667199531,0.027832166496545754,0.284320673816423,0.0
0.0485,1.2838566879440982,0.028109551806402455,0.28416437502429837,0.0
0.04875,1.2836935223417356,0.02838819634869086,0.28400737887056704,0.0
0.049,1.2835295479648592,0.028668148037616754,0.28384966534668,0.0
0.04925,1.2833647758502336,0.02894929616517039,0.28369124389067135,0.0
0.0495,1.2831992086817963,0.029231786659637396,0.28353212134052286,0.0
0.04975,1.283032843448271,0.029515466882196827,0.28337229210865744,0.0
0.05,1.2828656708295654,0.029800470459052732,0.2832117508161198,0.0
0.05025,1.2826977097080845,0.030086672444893613,0.2830505143404025,0.0
0.0505,1.2825289470799661,0.030374165433299394,0.2828885727232182,0.0
0.05075,1.282359390750733,0.030662887103904045,0.2827259331954499,0.0
0.051,1.282189038621884,0.030952880592219213,0.282562595579283,0.0
0.05125,1.2820178840344112,0.031244125461483134,0.2823985536329654,0.0
0.0515,1.2818459365892072,0.031536620418894434,0.2822338178264163,0.0
0.05175,1.281673186958693,0.03183032510037441,0.2820683787399363,0.0
0.052,1.2814996488343886,0.03212531115169465,0.28190225273975344,0.0
0.05225,1.2813253157849143,0.03242152711862463,0.2817354330328916,0.0
0.0525,1.281150182232626,0.03271897714965638,0.2815679150557766,0.0
0.05275,1.2809742615174677,0.03301769158632982,0.28139971383948414,0.0
0.053,1.2807975372299478,0.03331765344622305,0.2812308134779862,0.0
0.05325,1.2806200247671313,0.033618780750655275,0.28106122814396683,0.0
0.0535,1.2804417210445562,0.03392124808230387,0.2808909602550118,0.0
0.05375,1.280262615582167,0.03422486377116227,0.2807199952204409,0.0
0.054,1.2800827193693145,0.03452977106135119,0.2805483487621576,0.0
0.05425,1.2799020365297782,0.03483582903765611,0.2803760221504519,0.0
0.0545,1.2797205571538919,0.03514322916150484,0.28020301161892514,0.0
0.05475,1.2795382827758766,0.03545176026104188,0.28002931388099284,0.0
0.055,1.2793552222119726,0.03576158046441698,0.27985494304564007,0.0
0.05525,1.2791713686783086,0.03607260271696411,0.2796798908762743,0.0
0.0555,1.2789867167276672,0.03638482005355097,0.2795041526685824,0.0
0.05575,1.2788012798740276,0.03669826223609166,0.2793277437226944,0.0
0.056,1.2786150570798838,0.03701296423257833,0.27915066497761587,0.0
0.05625,1.2784280359486822,0.03732887109637612,0.27897290343342873,0.0
0.0565,1.278240227554697,0.03764593843828666,0.2787944698113074,0.0
0.05675,1.278051632805823,0.03796428781489375,0.2786153695568194,0.0
0.057,1.277862243362676,0.03828385506564821,0.2784355934385505,0.0
0.05725,1.2776720716382688,0.03860455372260552,0.27825515223391406,0.0
0.0575,1.2774810998105322,0.038926567770941264,0.27807403465196523,0.0
0.05775,1.2772893500994251,0.039249692008591255,0.2778922576650118,0.0
0.058,1.2770968075514266,0.03957408770247297,0.2777098122326245,0.0
0.05825,1.2769034813478068,0.0398996388105374,0.2775267049480259,0.0
0.0585,1.2767093610759879,0.040226435036364874,0.27734292918338577,0.0
0.05875,1.276514460843846,0.04055441439565305,0.27715849810054083,0.0
0.059,1.276318767465197,0.040883572870981204,0.27697339937626597,0.0
0.05925,1.276122292841119,0.041213932616116666,0.27678764660681177,0.0
0.0595,1.2759250277003824,0.04154550311663728,0.27660123184236207,0.0
0.05975,1.2757269791997372,0.04187831117124982,0.27641416413507525,0.0
0.06,1.2755281405819783,0.042212253705559914,0.27622643436790684,0.0
0.06025,1.27532852626214,0.042547416540374736,0.27603806077727255,0.0
0.0605,1.2751281214462908,0.042883733517314525,0.27584902739451533,0.0
0.06075,1.274926932283166,0.04322130820945218,0.27565934486613664,0.0
0.061,1.2747249560399063,0.043559985024423875,0.2754690062272267,0.0
0.06125,1.2745221955314625,0.04389992247182369,0.27527802070582696,0.0
0.0615,1.2743186593610263,0.04424100261588533,0.2750863938997006,0.0
0.06175,1.274114333486954,0.044583246831723634,0.27489411352275184,0.0
0.062,1.2739092234820628,0.044926645844636966,0.2747011858390662,0.0
0.06225,1.2737033303130807,0.045271316147720606,0.27450761697071835,0.0
0.0625,1.2734966591312435,0.04561710478723145,0.2743134077092684,0.0
0.06275,1.2732892042814092,0.04596407743471832,0.2741185557686572,0.0
0.063,1.2730809694177634,0.04631223216284318,0.27392306578599057,0.0
0.06325,1.2728719560179633,0.04666156218390412,0.27372694004737075,0.0
0.0635,1.2726621479531988,0.047012033746374866,0.2735301622458024,0.0
0.06375,1.2724515727378862,0.047363676181510245,0.2733327620007846,0.0
0.064,1.2722402057091933,0.047716519649941766,0.27313471685853963,0.0
0.06425,1.2720280700049535,0.0480704824954692,0.2729360479489431,0.0
0.0645,1.2718151463603729,0.04842567165266992,0.2727367411160364,0.0
0.06475,1.2716014483618534,0.048781939289761385,0.2725368053918258,0.0
0.065,1.271386968722644,0.04913941399326219,0.27233623946084107,0.0
0.06525,1.2711717123502888,0.04949806161986643,0.27213504801325605,0.0
0.0655,1.2709556717776485,0.04985784517719735,0.2719332232273388,0.0
0.06575,1.2707388600267489,0.05021880840498943,0.2717307809043934,0.0
0.066,1.2705212581548784,0.050580888541017964,0.2715277007242327,0.0
0.06625,1.2703028885876728,0.050944116407119364,0.2713240073839114,0.0
0.0665,1.2700837399084435,0.051308525094856935,0.2711196918965688,0.0
0.06675,1.2698638167858682,0.051674089864447534,0.2709147590398391,0.0
0.067,1.2696431114157591,0.05204078552463458,0.2707092010855634,0.0
0.06725,1.2694216362412785,0.05240857370766529,0.2705030299670901,0.0
0.0675,1.2691993792770186,0.052777622763830495,0.2702962417569261,0.0
0.06775,1.2689763484913623,0.053147713915617546,0.27008883646968873,0.0
0.068,1.2687525408160103,0.053518990252018714,0.2698808180867516,0.0
0.06825,1.2685279612167961,0.05389136233863551,0.26967218892261924,0.0
0.0685,1.2683026034378928,0.054264909719062865,0.2694629472001753,0.0
0.06875,1.2680764741858608,0.05463959957695652,0.26925309935630026,0.0
0.069,1.2678495670067447,0.0550154257245951,0.2690426397985406,0.0
0.06925,1.2676218895214313,0.05539234888107594,0.2688315755483257,0.0
0.0695,1.267393433735419,0.05577044435469029,0.2686199030202763,0.0
0.06975,1.2671642110445949,0.05614964437395365,0.26840763176338234,0.0
0.07,1.2669342115984938,0.056529944515168115,0.2681947528457864,0.0
0.07025,1.2667034408360869,0.0569114243119287,0.267981276377216,0.0
0.0705,1.26647189617251,0.057293992885452005,0.26776719685262074,0.0
0.07075,1.2662395851680048,0.05767768502510849,0.2675525245118233,0.0
0.071,1.2660064919105025,0.05806252485473342,0.26733724570535844,0.0
0.07125,1.2657726343358813,0.058448444824603374,0.26712137640243894,0.0
0.0715,1.2655380048460714,0.05883553364130965,0.2669049142412514,0.0
0.07175,1.2653026041780566,0.05922366835888602,0.2666878554062382,0.0
0.072,1.2650664302142642,0.05961297249136559,0.2664702046808358,0.0
0.07225,1.264829492345795,0.060003397743606364,0.26625197036312587,0.0
0.0725,1.2645917827228783,0.06039489637230984,0.2660331434990355,0.0
0.07275,1.264353301209233,0.06078752984854422,0.26581372802785364,0.0
0.073,1.2641140461693845,0.061181220302086864,0.2655937197380467,0.0
0.07325,1.263874031794421,0.061576091452778814,0.2653731399405024,0.0
0.0735,1.2636332406005888,0.06197201957323116,0.2651519663505766,0.0
0.07375,1.2633916869774484,0.06236905842835143,0.26493021711593334,0.0
0.074,1.2631493646808536,0.06276720805226417,0.2647078871819848,0.0
0.07425,1.2629062752259275,0.0631664276760398,0.2644849772102389,0.0
0.0745,1.2626624150284438,0.06356678305707401,0.2642614880766112,0.0
0.07475,1.2624177903582203,0.06396822676524594,0.26403742486068094,0.0
0.075,1.2621723979541035,0.06437073881279254,0.26381278446315637,0.0
0.07525,1.261926241880572,0.0647743637979831,0.26358757438978375,0.0
0.0755,1.2616793136827598,0.06517906713193448,0.2633617856208841,0.0
0.07575,1.2614316260899994,0.06558487629996916,0.2631354334747096,0.0
0.076,1.261183165413597,0.06599181079415153,0.2629085065096961,0.0
0.07625,1.2609339479808335,0.06639974492508646,0.2626810156554378,0.0
0.0765,1.260683961927523,0.06680880371733751,0.2624529567930116,0.0
0.07675,1.2604332133540692,0.0672189798550841,0.262224336866796,0.0
0.077,1.2601816951500346,0.06763018196809042,0.26199514511912914,0.0
0.07725,1.2599294212681753,0.06804247804948035,0.26176540030081386,0.0
0.0775,1.2596763796223116,0.0684558888005882,0.26153509269058883,0.0
0.07775,1.2594225691858694,0.0688703436416112,0.2613042186594199,0.0
0.078,1.2591680086314585,0.06928591230566561,0.2610728018655153,0.0
0.07825,1.2589126763718697,0.06970249574646481,0.26084081653596125,0.0
0.0785,1.2586565805809684,0.07012017440220421,0.2606082764673454,0.0
0.07875,1.2583997300049659,0.07053891983030984,0.26037519004755016,0.0
0.079,1.2581421118564833,0.07095874837410893,0.26014154665160993,0.0
0.07925,1.257883732473947,0.07137961902290782,0.2599073515280572,0.0
0.0795,1.2576245965886743,0.07180159969960088,0.259672614477368,0.0
0.07975,1.2573646985572697,0.07222457322818404,0.2594373244254782,0.0
0.08,1.2571040385307848,0.07264867768979623,0.2592014906521056,0.0
0.08025,1.2568426179537109,0.0730738041595336,0.25896510958766594,0.0
0.0805,1.2565804433457353,0.0735000115362827,0.2587281923810232,0.0
0.08075,1.2563174995844153,0.07392726711695052,0.25849072328143063,0.0
0.081,1.2560538035579114,0.07435554557772549,0.2582527188885617,0.0
0.08125,1.2557893470330215,0.07478492641906999,0.2580141769237452,0.0
0.0815,1.2555241326730624,0.07521530848297692,0.25777509529909004,0.0
0.08175,1.2552581585885343,0.07564678119669702,0.257535478707658,0.0
0.082,1.2549914289564286,0.07607932159257375,0.2572953312281425,0.0
0.08225,1.2547239394024663,0.0765128757328675,0.2570546464901824,0.0
0.0825,1.2544556944730323,0.07694749090159483,0.2568134331522196,0.0
0.08275,1.2541866914611164,0.07738314488566017,0.25657168842473,0.0
0.083,1.2539169297152657,0.07781979528597441,0.25632941029210543,0.0
0.08325,1.253646415643675,0.07825756993707426,0.2560866143338565,0.0
0.0835,1.2533751467896534,0.07869634346281174,0.2558432916030575,0.0
0.08375,1.2531031222737905,0.07913614299081542,0.2555994441619449,0.0
0.084,1.252830332084213,0.07957695410215201,0.25535506236857763,0.0
0.08425,1.2525567957791184,0.080018862878148,0.25511017248238566,0.0
0.0845,1.2522825056857632,0.08046176686893922,0.2548647616274373,0.0
0.08475,1.2520074616148402,0.08090568235624843,0.25461883190743073,0.0
0.085,1.2517316576459798,0.08135066869811355,0.2543723825287221,0.0
0.08525,1.25145510418066,0.08179665024777533,0.2541254202716663,0.0
0.0855,1.2511777982575292,0.08224366666920097,0.2538779460377125,0.0
0.08575,1.2508997372371629,0.08269172964530262,0.25362995926698195,0.0
0.086,1.2506209207415857,0.08314079369043749,0.25338145788582955,0.0
0.08625,1.2503413572765407,0.08359086775208402,0.25313245225223047,0.0
0.0865,1.2500610392100797,0.08404199820851899,0.2528829391502885,0.0
0.08675,1.2497799654661745,0.08449410931988616,0.2526329137422476,0.0
0.087,1.2494981448913889,0.08494725205484394,0.2523823895754409,0.0
0.08725,1.249215571654601,0.08540140589298709,0.2521313607576603,0.0
0.0875,1.2489322471329647,0.08585654556412642,0.25187982823624155,0.0
0.08775,1.248648176717411,0.08631276190712793,0.25162780493553716,0.0
0.088,1.2483633458516334,0.0867699227959204,0.2513752685617112,0.0
0.08825,1.248077775122083,0.087228126545882,0.25112224774975256,0.0
0.0885,1.2477914496170208,0.08768730086301461,0.2508687239154983,0.0
0.08875,1.2475043726846682,0.08814754542795775,0.25061470870621916,0.0
0.089,1.2472165500847825,0.08860874020075205,0.2503602007603054,0.0
0.08925,1.2469279784234708,0.08907091873061368,0.25010520034865835,0.0
0.0895,1.2466386594928092,0.0895341569029149,0.2498497160036257,0.0
0.08975,1.2463485924553717,0.08999837758517774,0.24959374273539425,0.0
0.09,1.246057777997778,0.09046353037252461,0.24933727889478274,0.0
0.09025,1.2457662111112113,0.09092978747390817,0.24908033328382584,0.0
0.0905,1.2454739010560383,0.09139694921657823,0.24882290199124868,0.0
0.09075,1.245180845514672,0.09186510707726192,0.24856499067327298,0.0
0.091,1.2448870435845898,0.09233428972777236,0.24830660189887332,0.0
0.09125,1.244592490376117,0.09280443315748578,0.24804772741842962,0.0
0.0915,1.2442971949521584,0.09327562948810895,0.2477883844715869,0.0
0.09175,1.244001154655419,0.09374774454378777,0.24752856175362292,0.0
0.092,1.243704366141314,0.09422082788484233,0.2472682609472081,0.0
0.09225,1.2434068319963603,0.09469491782035763,0.24700748887736412,0.0
0.0925,1.243108557849038,0.09517000642441102,0.2467462519375534,0.0
0.09275,1.2428095414642812,0.09564605389590275,0.24648454622611138,0.0
0.093,1.2425097729607673,0.09612310695926722,0.2462223668328698,0.0
0.09325,1.2422092636150435,0.09660108250848466,0.2459597199560024,0.0
0.0935,1.2419080151892978,0.09708007393056307,0.2456966159325411,0.0
0.09375,1.2416060207373447,0.09756003675408656,0.2454330457727072,0.0
0.094,1.2413032832763662,0.09804093568698416,0.24516901107563127,0.0
0.09425,1.2409998017428885,0.09852283409125646,0.24490451712702122,0.0
0.0945,1.2406955803169386,0.09900568680993171,0.24463956591404057,0.0
0.09475,1.2403906177824087,0.09948952931891966,0.24437416042230864,0.0
0.095,1.2400849097065287,0.09997427858606114,0.2441082909701442,0.0
0.09525,1.2397784682976702,0.10046002660500697,0.24384197846832456,0.0
0.0955,1.2394712749220425,0.10094675319968029,0.24357520413460731,0.0
0.09575,1.2391633544788752,0.10143437375247703,0.2433079872911199,0.0
0.096,1.238854680951018,0.10192303262558225,0.24304031515226576,0.0
0.09625,1.2385452744922347,0.10241259934926117,0.24277219854344878,0.0
0.0965,1.238235130124481,0.10290311091565689,0.24250363690031507,0.0
0.09675,1.2379242402343693,0.10339458289508638,0.24223462531515727,0.0
0.097,1.2376126168559678,0.10388705680775817,0.24196518066057515,0.0
0.09725,1.2373002546995766,0.10438041225702593,0.24169528900716375,0.0
0.0975,1.23698714725786,0.10487473520381904,0.24142495244988926,0.0
0.09775,1.2366733070314018,0.1053700124583935,0.2411541837537614,0.0
0.098,1.2363587311735424,0.10586623781292177,0.24088298096867855,0.0
0.09825,1.2360434181492,0.10636339429770737,0.24061134252290617,0.0
0.0985,1.2357273621409477,0.10686148283573968,0.24033926409578688,0.0
0.09875,1.2354105746599011,0.10736049019303918,0.24006675741106664,0.0
0.099,1.2350930471988941,0.1078605233295899,0.23979382468698507,0.0
0.09925,1.2347747897245815,0.108361393107369,0.23952046084586853,0.0
0.0995,1.2344557869945043,0.10886324872510489,0.2392466651023133,0.0
0.09975,1.2341360578573415,0.10936600985944525,0.23897245062843742,0.0
0.1,1.2338155876375425,0.10986974772570468,0.23869781051016803,0.0
0.10025,1.2334943876219282,0.11037433150180748,0.23842274581391099,0.0
0.1005,1.2331724467310683,0.11087994482279483,0.23814726326903268,0.0
0.10075,1.232849780855346,0.11138643666551935,0.23787136667269126,0.0
0.101,1.2325263690292134,0.11189382380898252,0.2375950380309919,0.0
0.10125,1.2322022318271406,0.11240213803756063,0.2373183021176084,0.0
0.1015,1.231877361567543,0.11291144263885483,0.2370411584993437,0.0
0.10175,1.231551755905067,0.11342159168267399,0.23676359298480532,0.0
0.102,1.2312254158509361,0.11393268466489095,0.2364856170907368,0.0
0.10225,1.2308983512144904,0.1144447142068461,0.23620724137679994,0.0
0.1025,1.2305705430122647,0.11495762426246836,0.2359284431978943,0.0
0.10275,1.2302420125449975,0.1154714539144608,0.2356492488161377,0.0
0.103,1.2299127466469875,0.11598620503903301,0.23536964675521044,0.0
0.10325,1.2295827487331976,0.11650185077274619,0.2350896393443518,0.0
0.1035,1.2292520235471607,0.11701842464929191,0.23480923591548808,0.0
0.10375,1.2289205618930086,0.11753589762401395,0.23452842602902857,0.0
0.104,1.2285883790760286,0.11805428705838619,0.23424722802748366,0.0
0.10425,1.2282554612897256,0.1185735712608671,0.2339656275559674,0.0
0.1045,1.227921812532641,0.11909372235153322,0.23368362735224402,0.0
0.10475,1.227587437115941,0.11961479185906457,0.23340123812017133,0.0
0.105,1.227252333784303,0.1201368043255068,0.2331184624895386,0.0
0.10525,1.2269165016513908,0.12065964884009449,0.23283529024874294,0.0
0.1055,1.2265799367236332,0.12118341147140532,0.23255172726697348,0.0
0.10575,1.2262426496857892,0.12170808519634549,0.23226778498449185,0.0
0.106,1.225904633826548,0.12223363176251206,0.23198345442268664,0.0
0.10625,1.2255658912271676,0.1227600780778042,0.23169874178270966,0.0
0.1065,1.2252264142483789,0.12328741433466817,0.23141363997044806,0.0
0.10675,1.224886221323018,0.12381560755690255,0.23112816548955073,0.0
0.107,1.2245452922334612,0.12434474477154916,0.23084230845524423,0.0
0.10725,1.2242036450300686,0.12487470843007394,0.23055607645909504,0.0
0.1075,1.223861268479164,0.1254055711444422,0.2302694671320964,0.0
0.10775,1.2235181697676678,0.1259373270839636,0.22998248853578263,0.0
0.108,1.2231743399488582,0.12646990553259413,0.2296951260026805,0.0
0.10825,1.2228297906637327,0.12700343814537207,0.22940740612518407,0.0
0.1085,1.2224845167145741,0.12753781012521598,0.229119313418515,0.0
0.10875,1.2221385149729513,0.12807305341554476,0.2288308495441802,0.0
0.109,1.2217917931164073,0.12860916021636543,0.22854202281328773,0.0
0.10925,1.2214443429754378,0.12914614494341972,0.2282528281019529,0.0
0.1095,1.2210961730351508,0.1296840106825014,0.2279632756836787,0.0
0.10975,1.2207472827005104,0.13022272598413065,0.2276733631481207,0.0
0.11,1.2203976685031648,0.13076235684647122,0.22738309555574543,0.0
0.11025,1.220047330453685,0.13130277245646027,0.2270924604942841,0.0
0.1105,1.2196962670308984,0.13184410117794187,0.2268014716426321,0.0
0.11075,1.2193444909318456,0.13238626871076303,0.22651013518396979,0.0
0.111,1.2189919866822942,0.1329293047239476,0.22621844042977868,0.0
0.11125,1.2186387619307557,0.1334731606301734,0.22592639121960878,0.0
0.1115,1.2182848198661302,0.13401796063270857,0.22563400576534254,0.0
0.11175,1.2179301558267155,0.13456354853330077,0.22534126392036669,0.0
0.112,1.2175747690944503,0.1351099683705827,0.22504817125225873,0.0
0.11225,1.217218666174303,0.1356573020061303,0.22475474478392266,0.0
0.1125,1.2168618411594867,0.13620545265057682,0.2244609694889439,0.0
0.11275,1.2165043012539225,0.13675441311994935,0.2241668532014236,0.0
0.113,1.2161460391884922,0.1373043083702567,0.22387240418717336,0.0
0.11325,1.2157870626921958,0.1378549471017785,0.22357761022754552,0.0
0.1135,1.215427361911773,0.13840650920286318,0.22328248326931188,0.0
0.11375,1.2150669497366064,0.13895885551287096,0.22298702195389963,0.0
0.114,1.2147058106610427,0.1395120860152696,0.22269122373477157,0.0
0.11425,1.2143439678686516,0.1400661382184537,0.2223951060824858,0.0
0.1145,1.2139813973567926,0.14062097455296396,0.22209864234135201,0.0
0.11475,1.213618117248831,0.14117671939738025,0.2218018663492063,0.0
0.115,1.2132541120574882,0.1417332773715859,0.22150475330180153,0.0
0.11525,1.2128893999435022,0.14229065264280955,0.2212073232358318,0.0
0.1155,1.2125239699370018,0.14284884592373273,0.22090956686133367,0.0
0.11575,1.2121578258808992,0.14340789128647896,0.22061149352590603,0.0
0.116,1.2117909600673467,0.14396775882658563,0.2203130936290456,0.0
0.11625,1.2114233900201332,0.14452842538046692,0.2200143833704704,0.0
0.1165,1.2110550958211275,0.14508993380287183,0.21971534958171368,0.0
0.11675,1.2106860895153204,0.1456522888919069,0.21941600637573644,0.0
0.117,1.2103163792526748,0.14621539012871784,0.21911635137824215,0.0
0.11725,1.2099459467967404,0.14677934556247882,0.21881638094243305,0.0
0.1175,1.209574802652341,0.14734416235247697,0.21851610797346566,0.0
0.11775,1.2092029469082752,0.1479097299302355,0.2182155207596448,0.0
0.118,1.2088303758485943,0.14847615061816571,0.21791462955194119,0.0
0.11825,1.2084570940600707,0.1490433615483131,0.21761343282904533,0.0
0.1185,1.208083102904682,0.14961139659088568,0.21731193763705425,0.0
0.11875,1.2077083974643008,0.1501802275729435,0.2170101372049662,0.0
0.119,1.2073329834074025,0.1507498816180064,0.21670804206730798,0.0
0.11925,1.206956853515584,0.1513203218921661,0.21640564207249025,0.0
0.1195,1.2065800175590353,0.15189158607719627,0.2161029531638381,0.0
0.11975,1.206202474837033,0.1524636321039634,0.21579997097274028,0.0
0.12,1.205824210073319,0.15303648388506935,0.21549668489833773,0.0
0.12025,1.2054452440934815,0.15361012231792656,0.21519311477070246,0.0
0.1205,1.2050655696632384,0.1541845804845406,0.214889259170143,0.0
0.12075,1.2046851824203275,0.15475978174212043,0.2145851056175383,0.0
0.121,1.2043040962774647,0.15533586600729077,0.21428068731200534,0.0
0.12125,1.203922292621856,0.15591268320678203,0.21397596823685272,0.0
0.1215,1.2035397803787053,0.15649028407556112,0.21367096528015872,0.0
0.12175,1.2031565690866235,0.1570686855930008,0.21336569167345742,0.0
0.122,1.2027726376683516,0.15764785255088826,0.21306012354606318,0.0
0.12225,1.2023880077304483,0.1582279017849656,0.21275429912133026,0.0
0.1225,1.2020026675742352,0.15880858056031716,0.21244817543479355,0.0
0.12275,1.2016166292171317,0.1593901410017049,0.2121417989079022,0.0
0.123,1.2012298713209917,0.15997243810449113,0.2118351309922244,0.0
0.12325,1.2008424148772843,0.1605555253691328,0.21152820111414083,0.0
0.1235,1.200454253485183,0.1611394321566807,0.21122100844827063,0.0
0.12375,1.2000653873991358,0.1617240641045299,0.2109135423075934,0.0
0.124,1.1996758162795076,0.16230950266192545,0.21060581479698182,0.0
0.12425,1.199285544346468,0.16289570890407118,0.2102978265112121,0.0
0.1245,1.1988945605359584,0.16348263077859732,0.20998956104959854,0.0
0.12475,1.198502876989769,0.1640703627344577,0.20968104477195548,0.0
0.125,1.1981104802280265,0.1646588638521664,0.20937226042162815,0.0
0.12525,1.1977173950194082,0.16524811559535463,0.20906323161358809,0.0
0.1255,1.1973235989817748,0.1658381609858372,0.20875394366175049,0.0
0.12575,1.1969291050048358,0.16642896120679995,0.20844440564556055,0.0
0.126,1.1965339044457617,0.1670205007982299,0.20813460846675147,0.0
0.12625,1.196138007678111,0.16761279882948696,0.20782456662530868,0.0
0.1265,1.19574140106081,0.16820588969791034,0.2075142730170665,0.0
0.12675,1.1953440986654047,0.16879970389066756,0.20720373352959176,0.0
0.127,1.1949460899155777,0.169394277744927,0.20689294435639716,0.0
0.12725,1.1945473885851827,0.16998961183267478,0.2065819208436297,0.0
0.1275,1.1941479784714437,0.17058568475965213,0.2062706455569392,0.0
0.12775,1.1937478743130443,0.17118249413987663,0.2059591343519318,0.0
0.128,1.193347067721413,0.17178006840163773,0.20564738457783172,0.0
0.12825,1.1929455693158841,0.17237838471389882,0.20533540513293302,0.0
0.1285,1.1925433556348104,0.17297744947932733,0.20502317533610426,0.0
0.12875,1.1921404575742676,0.17357725519932374,0.20471072631894294,0.0
0.129,1.1917368508809034,0.1741777970450352,0.20439803500794307,0.0
0.12925,1.1913325519650795,0.17477908525426583,0.20408512075099838,0.0
0.1295,1.19092755542836,0.17538111598244033,0.20377197928919077,0.0
0.12975,1.190521857985277,0.17598385751602172,0.20345860437612706,0.0
0.13,1.1901154654344595,0.17658738971911603,0.20314501506430682,0.0
0.13025,1.1897083788852922,0.17719157838987332,0.20283119440849418,0.0
0.1305,1.189300589977801,0.1777965169196347,0.2025171494620357,0.0
0.13075,1.188892111393805,0.17840220199471735,0.20220289394552005,0.0
0.131,1.1884829277285371,0.17900864635459307,0.20188841619008002,0.0
0.13125,1.1880730528242474,0.17961575653713188,0.20157371760684462,0.0
0.1315,1.1876624842830605,0.1802236253901171,0.20125881129845125,0.0
0.13175,1.1872512239224622,0.18083218781503865,0.2009436909594713,0.0
0.132,1.1868392636712435,0.18144149933312193,0.2006283585989257,0.0
0.13225,1.1864266102056789,0.18205152253353846,0.20031281683606017,0.0
0.1325,1.1860132575154294,0.18266227546822744,0.19999706411373808,0.0
0.13275,1.1855992202531356,0.1832737433366889,0.19968111432225433,0.0
0.133,1.1851844871910078,0.18388590851375775,0.19936495531099374,0.0
0.13325,1.1847690543844913,0.18449878797767677,0.19904858741935616,0.0
0.1335,1.1843529328763744,0.1851124020489492,0.1987320263533472,0.0
0.13375,1.1839361261524817,0.18572668162698913,0.19841526654040842,0.0
0.134,1.183518615114813,0.18634173360124584,0.19809830732073164,0.0
0.13425,1.183100421852668,0.18695741743956357,0.19778115034576849,0.0
0.1345,1.1826815302162486,0.18757383963152258,0.1974637978781486,0.0
0.13475,1.1822619482864867,0.18819095866565916,0.19714625309093248,0.0
0.135,1.1818416825413394,0.1888088236536959,0.19682853177956794,0.0
0.13525,1.1814207198785476,0.189427305533975,0.19651060230998696,0.0
0.1355,1.1809990658582996,0.1900465461760664,0.19619249423812546,0.0
0.13575,1.180576726703071,0.19066648095698988,0.19587420517103715,0.0
0.136,1.1801536962631345,0.19128710584786268,0.19555573005493554,0.0
0.13625,1.1797299739741445,0.19190842093745086,0.19523707000734425,0.0
0.1365,1.179305562171776,0.1925304073027168,0.19491822594913955,0.0
0.13675,1.1788804679083489,0.19315310774628847,0.1945992133966341,0.0
0.137,1.1784546738407682,0.19377647626057512,0.19428000948233093,0.0
0.13725,1.1780282041338972,0.19440052985363532,0.19396064245950306,0.0
0.1375,1.177601040486704,0.1950253127259848,0.1936411031626033,0.0
0.13775,1.1771731946586064,0.1956507124032294,0.19332138650350195,0.0
0.138,1.1767446512059392,0.19627686080977264,0.19300150051503562,0.0
0.13825,1.176315432096172,0.19690365928254716,0.1926814523696012,0.0
0.1385,1.1758855174199616,0.1975311104506995,0.1923612244927697,0.0
0.13875,1.1754549222187585,0.1981593011199936,0.19204084778528951,0.0
0.139,1.1750236385049497,0.19878809037668854,0.19172029265302903,0.0
0.13925,1.1745916712597222,0.1994175897360649,0.19139958422388603,0.0
0.1395,1.17415901570896,0.2000477609574052,0.1910787131145888,0.0
0.13975,1.1737256803346736,0.20067859988039335,0.1907576886701372,0.0
0.14,1.1732916573011138,0.2013101180216406,0.19043650679499957,0.0
0.14025,1.172856952435009,0.20194227433667117,0.19011516797300088,0.0
0.1405,1.1724215611682722,0.2025751348681344,0.18979368058461787,0.0
0.14075,1.1719854853005622,0.20320863810930623,0.18947203765260223,0.0
0.141,1.1715487251164132,0.20384281184674946,0.18915024587454154,0.0
0.14125,1.1711112911138026,0.204477653091465,0.1888283167842324,0.0
0.1415,1.1706731614702917,0.20511311984800618,0.1885062233411443,0.0
0.14175,1.170234355117706,0.2057492921799126,0.18818399969461286,0.0
0.142,1.1697948684270671,0.2063860438044332,0.1878616221073668,0.0
0.14225,1.1693546974095292,0.2070235086059894,0.18753911155349567,0.0
0.1425,1.168913848204261,0.20766162471355148,0.1872164650569692,0.0
0.14275,1.1684723175184641,0.20830037724277045,0.18689367845921678,0.0
0.143,1.1680300967896222,0.20893980467084972,0.18657075178105886,0.0
0.14325,1.1675872079368033,0.20957985725218947,0.18624769955667686,0.0
0.1435,1.1671436346527098,0.21022054090500625,0.18592450844424824,0.0
0.14375,1.1666993789300486,0.21086188241318576,0.18560118684597882,0.0
0.144,1.1662544459124442,0.21150385403514327,0.18527773660111468,0.0
0.14425,1.1658088377555513,0.21214649083131792,0.18495416778919838,0.0
0.1445,1.1653625448076608,0.21278975761814095,0.1846304663428906,0.0
0.14475,1.164915573017927,0.21343367333247754,0.1843066432186724,0.0
0.145,1.16446792114963,0.21407816660205636,0.1839826860230005,0.0
0.14525,1.1640196034708894,0.2147233519308122,0.1836586311639561,0.0
0.1455,1.1635705928835054,0.21536914735907325,0.18333443888760637,0.0
0.14575,1.163120916279945,0.21601556464062746,0.18301013945566313,0.0
0.146,1.1626705534889683,0.2166626814508208,0.18268572895922097,0.0
0.14625,1.1622195236964656,0.2173103534569394,0.18236120157116953,0.0
0.1465,1.1617678079346616,0.21795865207013818,0.1820365533965269,0.0
0.14675,1.1613154239798449,0.21860756807843426,0.18171180191900183,0.0
0.147,1.1608623564098621,0.2192572250348391,0.18138695661473925,0.0
0.14725,1.1604086201199786,0.21990735311693188,0.18106198381103078,0.0
0.1475,1.159954205899873,0.2205581658470046,0.18073691578886453,0.0
0.14775,1.15949911761221,0.22120956585286833,0.18041173993158344,0.0
0.148,1.1590433550083854,0.22186162366572634,0.18008647091841823,0.0
0.14825,1.1585869155559072,0.22251424532092107,0.17976109033485677,0.0
0.1485,1.1581298082850506,0.22316757040031082,0.1794356350885562,0.0
0.14875,1.1576720245257062,0.22382141548776863,0.17911006373467764,0.0
0.149,1.1572135605480913,0.22447590395015365,0.17878439766168852,0.0
0.14925,1.1567544374342003,0.2251309749779366,0.17845864773365272,0.0
0.1495,1.156294628922312,0.2257866999633544,0.17813280353062444,0.0
0.14975,1.1558341553581561,0.22644301594273186,0.17780687473020906,0.0
0.15,1.1553730071314119,0.22709992126404221,0.17748085328213126,0.0
0.15025,1.1549111918835115,0.22775742747499747,0.17715475062024955,0.0
0.1505,1.1544486965187923,0.22841552049553537,0.17682855289000576,0.0
0.15075,1.1539855338481284,0.22907423780750694,0.1765022816628279,0.0
0.151,1.1535217049291635,0.22973355779770288,0.1761759355305117,0.0
0.15125,1.1530572031109763,0.2303934367069495,0.17584950113683595,0.0
0.1515,1.1525920284617022,0.23105392200402086,0.17552298954418633,0.0
0.15175,1.1521261838548253,0.23171502355358004,0.17519640727170316,0.0
0.152,1.1516596753216475,0.232376694479231,0.1748697527381733,0.0
0.15225,1.1511924939329985,0.2330389429013609,0.17454302049616754,0.0
0.1525,1.1507246417994956,0.23370181291103426,0.17421622310479168,0.0
0.15275,1.1502561283168857,0.23436524231596859,0.17388935915459025,0.0
0.153,1.14978693395866,0.23502925887039716,0.17356241675814754,0.0
0.15325,1.1493170856363437,0.2356938631791199,0.17323542414807624,0.0
0.1535,1.1488465619243273,0.23635902271641787,0.17290835552689598,0.0
0.15375,1.148375371901559,0.23702479785185204,0.17258123368351552,0.0
0.154,1.1479035211129216,0.23769111071734011,0.17225405006657435,0.0
0.15425,1.1474309947487447,0.23835802424417113,0.17192680463912868,0.0
0.1545,1.146957803709524,0.23902554070730386,0.1715995103279082,0.0
0.15475,1.1464839496747774,0.23969355828700833,0.17127214973556204,0.0
0.155,1.146009430098287,0.24036219279470844,0.1709447457498927,0.0
0.15525,1.145534240655481,0.2410313723267654,0.17061728116402453,0.0
0.1555,1.1450583913486907,0.24170115016102553,0.1702897784682278,0.0
0.15575,1.1445818768332834,0.24237148852797252,0.16996222641009506,0.0
0.156,1.1441046977078697,0.24304238206306267,0.16963462619576353,0.0
0.15625,1.1436268522021091,0.24371382663246777,0.16930697696094565,0.0
0.1565,1.1431483431328489,0.24438583604466751,0.16897928607252433,0.0
0.15675,1.1426691727260816,0.24505841060407882,0.16865155752529803,0.0
0.157,1.1421893351143955,0.24573151000201426,0.1683237788630918,0.0
0.15725,1.1417088417266466,0.2464052265945185,0.16799598242883396,0.0
0.1575,1.1412276793243996,0.2470794582873093,0.16766813554353055,0.0
0.15775,1.1407458606543783,0.24775425363061743,0.167340262645028,0.0
0.158,1.140263369262286,0.24842955936015626,0.16701233808613258,0.0
0.15825,1.139780227755835,0.24910548932211624,0.16668440993850364,0.0
0.1585,1.1392964217078532,0.2497819090778436,0.16635643720900806,0.0
0.15875,1.1388119564482238,0.2504588961294234,0.16602844339227008,0.0
0.159,1.138326821532871,0.25113642553117455,0.16570041470769992,0.0
0.15925,1.1378410361039086,0.25181448253907895,0.16537236841210556,0.0
0.1595,1.1373545853505647,0.2524930970701649,0.16504429825051647,0.0
0.15975,1.1368674762633628,0.25317225294639045,0.16471620931769415,0.0
0.16,1.136379710353153,0.2538519161222219,0.16438809742338045,0.0
0.16025,1.1358912837547395,0.254532156692602,0.16405997581764553,0.0
0.1605,1.1354021968582297,0.255212931041654,0.1637318371520846,0.0
0.16075,1.134912452947118,0.2558941609690538,0.16340366918473315,0.0
0.161,1.1344220498009636,0.2565760461528709,0.16307551540476517,0.0
0.16125,1.1339309909076116,0.25725838511375043,0.16274733663511465,0.0
0.1615,1.1334392725199507,0.2579412585464279,0.16241914873726593,0.0
0.16175,1.1329469003878248,0.2586246258757462,0.1620909500584493,0.0
0.162,1.1324538688749461,0.25930857720612394,0.16176275690973085,0.0
0.16225,1.1319601816879723,0.2599930213795495,0.1614345543736566,0.0
0.1625,1.1314658322497408,0.2606779929114691,0.1611063454899171,0.0
0.16275,1.1309708356247272,0.2613634762580277,0.16077814321056816,0.0
0.163,1.1304751759908913,0.2620495243870442,0.16044994582408112,0.0
0.16325,1.1299788713994348,0.26273603383589894,0.1601217493370939,0.0
0.1635,1.1294819026414418,0.263423077225176,0.1597935531849246,0.0
0.16375,1.12898428316735,0.26411062307989824,0.15946536509830578,0.0
0.164,1.128486003234856,0.2647987034608882,0.15913718465570192,0.0
0.16425,1.1279870822559523,0.26548727403966327,0.15880902240762174,0.0
0.1645,1.1274874962610233,0.2661763477113118,0.15848085970631565,0.0
0.16475,1.1269872595657144,0.2668659050100084,0.1581527077550049,0.0
0.165,1.1264863705232284,0.26755606847759955,0.157824594985694,0.0
0.16525,1.125984829182366,0.26824661660320126,0.15749647207579298,0.0
0.1655,1.1254826317401565,0.2689377319602857,0.15716837928656302,0.0
0.16575,1.124979788065508,0.26962929919986645,0.15684030122697856,0.0
0.166,1.1244762888426378,0.27032141530374343,0.1565122531737959,0.0
0.16625,1.1239721425210467,0.27101399215507926,0.15618422455384917,0.0
0.1665,1.1234673350671818,0.27170707715917913,0.15585621456188892,0.0
0.16675,1.1229618850679346,0.2724006631040854,0.15552824135755094,0.0
0.167,1.1224557867824414,0.2730947750881859,0.15520030707313115,0.0
0.16725,1.121949034306844,0.2737892990321112,0.15487238076185483,0.0
0.1675,1.1214416301529009,0.2744843493995879,0.15454449368801315,0.0
0.16775,1.1209335752023053,0.2751799023017911,0.15421664285637693,0.0
0.168,1.120424876723121,0.27587591032040026,0.15388882578657914,0.0
0.16825,1.1199155274977588,0.276572380924346,0.15356103896618545,0.0
0.1685,1.1194055241396217,0.2772694258829316,0.15323330770653332,0.0
0.16875,1.1188948805749852,0.27796686820259725,0.15290560480694615,0.0
0.169,1.1183835837619875,0.27866484246620654,0.1525779517477428,0.0
0.16925,1.1178716387415903,0.27936324353369146,0.15225032980705766,0.0
0.1695,1.1173590481502755,0.2800621650911975,0.1519227659868776,0.0
0.16975,1.1168458084576658,0.28076152074877025,0.15159523766061977,0.0
0.17,1.116331928939824,0.28146137091966533,0.15126777028217253,0.0
0.17025,1.1158173941273821,0.2821616986256873,0.15094034650304744,0.0
0.1705,1.1153022143278588,0.28286245633171336,0.15061296641687272,0.0
0.17075,1.1147863930052733,0.2835637103794695,0.15028565142484474,0.0
0.171,1.1142699279310908,0.2842654546150464,0.14995839967324787,0.0
0.17125,1.113752811227954,0.28496760906458496,0.14963118552610455,0.0
0.1715,1.1132350503742896,0.2856702420298457,0.14930403486772703,0.0
0.17175,1.1127166507606243,0.2863733369049707,0.14897695058257332,0.0
0.172,1.1121975980965506,0.287076937817359,0.14864993163205664,0.0
0.17225,1.1116779069203426,0.2877809238671345,0.14832296366336561,0.0
0.1725,1.1111575765339938,0.28848540609073425,0.14799607552301075,0.0
0.17275,1.1106365961847113,0.28919032647764176,0.14766924403898107,0.0
0.173,1.1101149758283055,0.28989572243104067,0.1473424900360374,0.0
0.17325,1.1095927108012789,0.290601511786894,0.14701579000297937,0.0
0.1735,1.109069801396571,0.2913078360750269,0.1466891818311291,0.0
0.17375,1.1085462576874603,0.29201456653841806,0.1463626444120958,0.0
0.174,1.1080220646599117,0.29272171939382935,0.14603616905318195,0.0
0.17425,1.1074972365896985,0.29342934806028825,0.14570978496166487,0.0
0.1745,1.1069717607325555,0.29413742312869845,0.14538347410119612,0.0
0.17475,1.1064456493706845,0.2948458794751465,0.14505723335333265,0.0
0.175,1.105918895217741,0.29555485689741423,0.1447310934168251,0.0
0.17525,1.1053915011455193,0.2962641973125518,0.14440501808319373,0.0
0.1755,1.1048634629391694,0.29697404911107766,0.14407904341586564,0.0
0.17575,1.1043347920920894,0.2976843140706935,0.14375315687818646,0.0
0.176,1.1038054750437447,0.2983949160114254,0.14342732722198503,0.0
0.17625,1.1032755261851013,0.2991060890114987,0.14310163116092478,0.0
0.1765,1.1027449313239268,0.29981759589087487,0.14277599483293146,0.0
0.17675,1.10221370790395,0.300529582467064,0.14245047500064612,0.0
0.177,1.1016818368400136,0.3012419918304272,0.14212504011826566,0.0
0.17725,1.1011493354209447,0.3019548079564619,0.14179970439040313,0.0
0.1775,1.1006161890922468,0.30266802368018486,0.14147445361269884,0.0
0.17775,1.1000824127714073,0.3033817245092603,0.1411493266243351,0.0
0.178,1.099547992129022,0.30409580554107124,0.14082428355230814,0.0
0.17825,1.0990129441697887,0.30481030757952415,0.14049935337968122,0.0
0.1785,1.0984772525262363,0.30552521089261986,0.14017451682124893,0.0
0.17875,1.097940931984267,0.3062405477828344,0.13984979854049673,0.0
0.179,1.0974039697110807,0.30695625097271034,0.13952516986192975,0.0
0.17925,1.0968663780396621,0.3076724801015023,0.13920068744960656,0.0
0.1795,1.0963281444277566,0.3083890155699262,0.1388762817745377,0.0
0.17975,1.095789282596714,0.3091059734742898,0.13855199911611837,0.0
0.18,1.0952497810350503,0.3098233649713856,0.1382278332300253,0.0
0.18025,1.094709648279442,0.3105411572714112,0.13790378521014124,0.0
0.1805,1.0941688847444793,0.3112593433441698,0.1375798552901777,0.0
0.18075,1.0936274853355785,0.31197788740821353,0.13725603050197677,0.0
0.181,1.0930854520267164,0.31269696693703375,0.13693236323189928,0.0
0.18125,1.0925427902604503,0.3134163353827931,0.13660879278442573,0.0
0.1815,1.091999488082065,0.3141360843576346,0.13628533452959735,0.0
0.18175,1.0914555613677275,0.3148562644329706,0.13596201947654296,0.0
0.182,1.0909109987873646,0.31557687387790956,0.13563883810029997,0.0
0.18225,1.0903658112691423,0.3162978251786537,0.1353157783618446,0.0
0.1825,1.0898199812256952,0.31701917982907735,0.13499284220574514,0.0
0.18275,1.0892735289700957,0.31774091159371676,0.13467004358772594,0.0
0.183,1.0887264393640237,0.318463068840625,0.13434738329387175,0.0
0.18325,1.0881787338487507,0.31918557892454946,0.13402486330506447,0.0
0.1835,1.0876303827506602,0.31990846818601204,0.13370246427335086,0.0
0.18375,1.087081408991815,0.32063173581671955,0.1333802097215535,0.0
0.184,1.0865318043748096,0.32135543454898674,0.13305810849759503,0.0
0.18425,1.0859815719654167,0.32207943209245854,0.13273612780094468,0.0
0.1845,1.0854307132499137,0.322803878019,0.13241431328393327,0.0
0.18475,1.0848792198738462,0.32352868061476925,0.1320926326473546,0.0
0.185,1.0843271074956058,0.3242538441285082,0.1317711038376541,0.0
0.18525,1.083774359223557,0.32497937042452024,0.13144971293997387,0.0
0.1855,1.0832209873927172,0.3257052625511909,0.13112847439253938,0.0
0.18575,1.0826669870852212,0.3264315693264491,0.1308073993289569,0.0
0.186,1.082112359376393,0.3271582277655858,0.1304864724134751,0.0
0.18625,1.0815571105270034,0.3278851869072211,0.1301656865808234,0.0
0.1865,1.081001229462975,0.32861262630026666,0.12984508507335746,0.0
0.18675,1.080444728838349,0.32934033660362527,0.12952462097502004,0.0
0.187,1.0798875942722563,0.33006844898362936,0.12920432042991226,0.0
0.18725,1.079329842778967,0.33079692104455327,0.12888418913802946,0.0
0.1875,1.078771457167368,0.33152570675463594,0.12856419889972037,0.0
0.18775,1.0782124559555202,0.33225486881302135,0.12824438754535472,0.0
0.188,1.077652825049514,0.3329844053470656,0.12792474285367894,0.0
0.18825,1.0770925758647536,0.333714237989769,0.12760525434216663,0.0
0.1885,1.0765316965955638,0.33444453549314257,0.12728596243195844,0.0
0.18875,1.0759702003270353,0.3351750904520926,0.12696681994252557,0.0
0.189,1.0754080770772438,0.335906002693358,0.12664784865920065,0.0
0.18925,1.0748453296822804,0.3366372641967862,0.12632905067112032,0.0
0.1895,1.0742819642860937,0.33736889680511956,0.1260104401478217,0.0
0.18975,1.073717976990765,0.3381008588537998,0.1256920026680559,0.0
0.19,1.0731533653036909,0.3388331555409779,0.12537373914468675,0.0
0.19025,1.0725881340698196,0.3395658039658689,0.12505566109875832,0.0
0.1905,1.072022274991049,0.340298780746096,0.12473775532533105,0.0
0.19075,1.0714558040908089,0.3410320841918997,0.12442003831671045,0.0
0.191,1.0708887088542312,0.3417657268563997,0.12410250369135167,0.0
0.19125,1.07032099050849,0.3424997077226605,0.12378515407224677,0.0
0.1915,1.0697526603764547,0.34323402361807337,0.1234680010358793,0.0
0.19175,1.0691837044332644,0.3439686312650738,0.12315101972976294,0.0
0.192,1.0686141316022333,0.3447036324543009,0.12283425156484462,0.0
0.19225,1.068043936515076,0.34543893569223183,0.1225176651700417,0.0
0.1925,1.0674731282136918,0.3461745478814825,0.12220127297168659,0.0
0.19275,1.0669017001907097,0.34691045051853786,0.12188506476768901,0.0
0.193,1.066329649962681,0.34764676218630597,0.12156907662798733,0.0
0.19325,1.0657569900355517,0.3483833147738277,0.12125327015016496,0.0
0.1935,1.0651837035059897,0.34912022145043464,0.12093766608154288,0.0
0.19375,1.0646098052053468,0.3498573843267726,0.12062224978238656,0.0
0.194,1.064035292548243,0.3505950013956284,0.1203070823626109,0.0
0.19425,1.0634601607741867,0.3513327831603072,0.1199920705420312,0.0
0.1945,1.0628844089824259,0.35207095558846513,0.1196772859296984,0.0
0.19475,1.0623080473206359,0.3528094271154817,0.11936271121729658,0.0
0.195,1.0617310629309602,0.35354819474531884,0.11904833497046963,0.0
0.19525,1.061153476329916,0.35428728795395675,0.1187341877018131,0.0
0.1955,1.0605752631981216,0.35502664097441433,0.1184202272443664,0.0
0.19575,1.0599964398764574,0.3557663653015374,0.11810650621067009,0.0
0.196,1.0594170019225104,0.35650633003804993,0.11779298052889886,0.0
0.19625,1.0588369483041333,0.35724661058682594,0.11747967492468736,0.0
0.1965,1.0582562835181815,0.35798721521641186,0.11716659807931751,0.0
0.19675,1.0576750058078541,0.3587280911502835,0.11685373316785341,0.0
0.197,1.057093112657073,0.35946929341472966,0.11654109719933925,0.0
0.19725,1.0565106108001237,0.3602107359487262,0.11622867058052821,0.0
0.1975,1.0559274922607418,0.3609525268380882,0.11591648233318064,0.0
0.19775,1.0553437652542685,0.3616945586702023,0.11560450726621263,0.0
0.198,1.0547594197254762,0.362436910793099,0.11529276327109206,0.0
0.19825,1.0541744724410032,0.36317954786832873,0.11498125649542246,0.0
0.1985,1.0535889060982466,0.363922459607418,0.11466996894148562,0.0
0.19875,1.0530027352411824,0.3646656806402907,0.11435892739379905,0.0
0.199,1.0524159515446352,0.3654091419982039,0.11404810314522029,0.0
0.19925,1.0518285576052055,0.36615293082142275,0.11373752892814237,0.0
0.1995,1.0512405520659331,0.36689696735682187,0.1134271790124044,0.0
0.19975,1.0506519423551315,0.36764127337321606,0.11311706925286624,0.0
0.2,1.0500627133262643,0.3683858607575313,0.11280719099230474,0.0
0.20025,1.0494728868214604,0.36913071589132596,0.11249756205926698,0.0
0.2005,1.048882443489192,0.36987587895588314,0.11218817926340363,0.0
0.20075,1.0482913946963923,0.37062129182209647,0.11187903575271485,0.0
0.201,1.0476997415762266,0.37136695294216876,0.1115701337461541,0.0
0.20125,1.0471074716243838,0.3721129070442821,0.11126147810520104,0.0
0.2015,1.0465146045134417,0.3728591290501373,0.11095308072661303,0.0
0.20175,1.0459211278206744,0.37360560241971597,0.11064492605921106,0.0
0.202,1.045327041043822,0.3743523241600767,0.11033701430758547,0.0
0.20225,1.0447323491674694,0.3750993171568346,0.11002935957951254,0.0
0.2025,1.044137051621367,0.3758466131196848,0.10972197381240467,0.0
0.20275,1.0435411538005472,0.37659411225021455,0.10941483001486185,0.0
0.203,1.0429446419460584,0.37734189787585304,0.10910794517780942,0.0
0.20325,1.0423475306633252,0.3780899092512488,0.10880131410345517,0.0
0.2035,1.041749810002477,0.37883820087926323,0.10849494770415324,0.0
0.20375,1.0411514830277058,0.379586728077821,0.10818883532709211,0.0
0.204,1.0405525605435835,0.3803355064540682,0.10788299414851577,0.0
0.20425,1.0399530293421544,0.38108450972049435,0.10757740442229746,0.0
0.2045,1.0393528924728552,0.3818337841241627,0.10727208661207932,0.0
0.20475,1.0387521589210649,0.3825833168547532,0.10696704648275679,0.0
0.205,1.0381508144258602,0.3833330524030628,0.10666225315483047,0.0
0.20525,1.0375488744693278,0.3840830524405542,0.10635774416986044,0.0
0.2055,1.0369463237030767,0.3848333044069545,0.10605350251337375,0.0
0.20575,1.036343181292212,0.38558377912097364,0.10574953770375783,0.0
0.206,1.0357394272701193,0.3863345031936528,0.10544584198400297,0.0
0.20625,1.035135078071191,0.387085419685119,0.10514241253616508,0.0
0.2065,1.0345301230315052,0.38783660411424115,0.10483926747307803,0.0
0.20675,1.0339245766317298,0.38858804300329974,0.10453641738434127,0.0
0.207,1.0333184188695015,0.38933968977187455,0.10423382886353649,0.0
0.20725,1.0327116655257984,0.39009154158423676,0.10393151731827777,0.0
0.2075,1.032104313910206,0.39084368057744057,0.10362951094983752,0.0
0.20775,1.031496361520733,0.39159595535394665,0.10332775551061046,0.0
0.208,1.0308878064402278,0.39234850980728453,0.10302630186915374,0.0
0.20825,1.0302786597691882,0.3931012730905025,0.10272513695896524,0.0
0.2085,1.0296689069956972,0.3938542716454589,0.10242425831759006,0.0
0.20875,1.0290585665307703,0.39460746772182276,0.10212367134192046,0.0
0.209,1.028447614566351,0.3953608924153995,0.10182336658772972,0.0
0.20925,1.027836074258509,0.39611448905200697,0.10152334699908927,0.0
0.2095,1.027223928554013,0.39686836985768403,0.10122363867991657,0.0
0.20975,1.026611195654596,0.39762244375647227,0.10092422755711405,0.0
0.21,1.025997860753327,0.39837668856764713,0.10062509341942949,0.0
0.21025,1.0253839310192339,0.39913118492256155,0.10032627377980252,0.0
0.2105,1.0247694015215791,0.3998858661294785,0.1000277415706472,0.0
0.21075,1.0241542795565848,0.4006407728860495,0.09972952003335722,0.0
0.211,1.0235385611656935,0.40139581305265987,0.09943157355487298,0.0
0.21125,1.0229222499193167,0.40215112124063235,0.09913395621056798,0.0
0.2115,1.02230534066272,0.40290662988253,0.0988366402476839,0.0
0.21175,1.021687835886806,0.4036623220507978,0.09853962342853473,0.0
0.212,1.0210697434561506,0.40441822671205707,0.09824292535783452,0.0
0.21225,1.020451051447599,0.4051742987327843,0.09794651998816128,0.0
0.2125,1.0198317665709764,0.4059305957873097,0.09765043647944616,0.0
0.21275,1.0192118898277127,0.4066870493044215,0.09735465207840388,0.0
0.213,1.0185914184571128,0.40744372262581746,0.09705918931553414,0.0
0.21325,1.017970354989227,0.40820053200255146,0.09676402109298743,0.0
0.2135,1.0173487008244382,0.4089576230449967,0.09646920454510965,0.0
0.21375,1.0167264535068885,0.4097148101420622,0.09617466989090806,0.0
0.214,1.0161036145429838,0.41047225258303677,0.09588047962718504,0.0
0.21425,1.015480184892168,0.41122981500082867,0.09558658564909761,0.0
0.2145,1.0148561635279663,0.4119875787713738,0.09529301911068577,0.0
0.21475,1.0142315514990325,0.41274555169930494,0.09499978561810618,0.0
0.215,1.0136063451389954,0.4135036492978283,0.094706851576555,0.0
0.21525,1.0129805534918754,0.41426195071749083,0.09441425683557658,0.0
0.2155,1.0123541691379998,0.4150204231138306,0.09412198377176972,0.0
0.21575,1.0117271976892812,0.4157790727977811,0.09383004160645925,0.0
0.216,1.0110996357225517,0.4165378888576121,0.0935384246619928,0.0
0.21625,1.0104714873184841,0.41729687176464425,0.093247138513606,0.0
0.2165,1.0098427460620547,0.4180560400240392,0.09295618593552613,0.0
0.21675,1.009213421416324,0.4188153508529206,0.0926655609457534,0.0
0.217,1.008583506570534,0.4195748583648206,0.09237527960768754,0.0
0.21725,1.0079530027826737,0.4203344808077082,0.09208531332240444,0.0
0.2175,1.0073219127240334,0.42109427990946635,0.09179568987355746,0.0
0.21775,1.006690229419641,0.4218542338442348,0.09150639605147326,0.0
0.218,1.006057969586059,0.4226143955400944,0.09121746938240638,0.0
0.21825,1.0054251214125907,0.4233746491457774,0.09092885574946297,0.0
0.2185,1.004791680542105,0.42413510080312755,0.09064059388045287,0.0
0.21875,1.0041576604968125,0.42489563130611274,0.09035265150200456,0.0
0.219,1.003523052324486,0.4256564461717758,0.09006510205319329,0.0
0.21925,1.0028878608740177,0.4264173024596642,0.08977785687058248,0.0
0.2195,1.0022520786541649,0.4271783291143844,0.08949096096826414,0.0
0.21975,1.0016157168473194,0.4279395023074043,0.08920441693498393,0.0
0.22,1.0009787694395471,0.42870083845225165,0.0889182273056015,0.0
0.22025,1.0003412346922553,0.4294622980385362,0.08863237654506961,0.0
0.2205,0.999703126166157,0.43022391191729825,0.08834689086329939,0.0
0.22075,0.9990644315274672,0.43098566909014685,0.08806175619970324,0.0
0.221,0.9984251428698033,0.4317475474787894,0.08777695814378084,0.0
0.22125,0.9977852845718435,0.43250957332676393,0.08749253106741572,0.0
0.2215,0.9971448349694781,0.43327171961448496,0.08720844594033594,0.0
0.22175,0.9965038105939288,0.43403400831271255,0.08692472825868691,0.0
0.222,0.9958622004913948,0.4347964612846211,0.08664137833656604,0.0
0.22225,0.9952200101491333,0.43555897546176525,0.086358361548593,0.0
0.2225,0.9945772353462841,0.43632166418025975,0.08607572097993654,0.0
0.22275,0.9939338869723622,0.4370844634169542,0.08579344252600607,0.0
0.223,0.9932899488026183,0.4378474082857112,0.08551152703912934,0.0
0.22325,0.9926454368606151,0.4386104706043181,0.08522997942553312,0.0
0.2235,0.9920003428431716,0.43937364104988597,0.08494878987462084,0.0
0.22375,0.9913546683953152,0.44013692779739233,0.08466796475239935,0.0
0.224,0.9907084171759051,0.44090033195402467,0.08438750941734674,0.0
0.22425,0.9900615839861855,0.441663862725467,0.08410742443856312,0.0
0.2245,0.9894141745194817,0.44242750313795287,0.0838277096812714,0.0
0.22475,0.9887661924355878,0.44319124262617876,0.08354836571521185,0.0
0.225,0.988117620939325,0.4439551485610208,0.08326940635496105,0.0
0.22525,0.9874684774747895,0.4447191003898298,0.08299079971065249,0.0
0.2255,0.9868187548123866,0.44548320803000535,0.0827125858168336,0.0
0.22575,0.9861684588632665,0.4462473881633283,0.08243473738574303,0.0
0.226,0.9855175863981516,0.4470117025595634,0.08215727846059306,0.0
0.22625,0.9848661292835375,0.4477760827921619,0.08188017494112088,0.0
0.2265,0.9842141036899158,0.44854059746553865,0.08160347146118507,0.0
0.22675,0.9835614989410231,0.4493052043359158,0.08132714237757455,0.0
0.227,0.9829083237979779,0.4500699097962213,0.08105119984916964,0.0
0.22725,0.982254569799442,0.45083467132596217,0.08077561998847638,0.0
0.2275,0.9816002352836559,0.45159959759997503,0.080500448154182,0.0
0.22775,0.9809453315853462,0.45236456402830905,0.08022564418162514,0.0
0.228,0.9802898535664004,0.4531296844155285,0.07995125255899915,0.0
0.22825,0.9796338052688948,0.4538948252486678,0.079677222512883,0.0
0.2285,0.9789771750942909,0.4546600978345565,0.07940359176654899,0.0
0.22875,0.9783199757038621,0.4554254427444947,0.07913034836400756,0.0
0.229,0.977662208191827,0.45619086890352495,0.07885749855922697,0.0
0.22925,0.9770038606232027,0.4569563922734564,0.07858503981476361,0.0
0.2295,0.9763449425403994,0.45772198538621045,0.07831297067693188,0.0
0.22975,0.975685452008892,0.458487701545949,0.07804131355467225,0.0
0.23,0.9750253935710858,0.45925341681145315,0.07777002136886568,0.0
0.23025,0.9743647617887791,0.4600192789696427,0.07749915361426352,0.0
0.2305,0.9737035571119218,0.46078516624148447,0.07722866029483355,0.0
0.23075,0.9730417793009981,0.4615511455329073,0.07695857125889072,0.0
0.231,0.9723794345083383,0.4623172421730793,0.07668890449622334,0.0
0.23125,0.9717165231203306,0.46308336630024394,0.07641962331101615,0.0
0.2315,0.9710530358948206,0.46384955626420454,0.07615073728871602,0.0
0.23175,0.970388986806182,0.46461580473253306,0.07588225736926613,0.0
0.232,0.9697243506692287,0.46538215806686467,0.07561418237573903,0.0
0.23225,0.9690591621982284,0.46614853985460186,0.07534651208292376,0.0
0.2325,0.9683934021237829,0.46691500527645113,0.07507925448739972,0.0
0.23275,0.9677270712429964,0.46768152298078336,0.07481239821383356,0.0
0.233,0.967060171321316,0.4684480848774486,0.07454594279693905,0.0
0.23325,0.9663927071163152,0.46921473558229976,0.07427991345606366,0.0
0.2335,0.9657246724824792,0.46998142188115627,0.0740142829379995,0.0
0.23375,0.9650560746306125,0.47074813369976964,0.07374905474382709,0.0
0.234,0.9643869008235979,0.4715149444892135,0.0734842510986411,0.0
0.23425,0.9637171713852197,0.47228180390790986,0.07321986970296002,0.0
0.2345,0.9630468695149621,0.47304870755464956,0.07295589499368194,0.0
0.23475,0.962376002108564,0.4738156408778642,0.07269232819805516,0.0
0.235,0.9617045706741907,0.4745826450606615,0.07242919031906414,0.0
0.23525,0.9610325739980032,0.4753497039258789,0.07216647462399628,0.0
0.2355,0.9603600113750002,0.476116759103759,0.07190415604551958,0.0
0.23575,0.9596868879020422,0.4768838700303352,0.071642266946492,0.0
0.236,0.9590131956439607,0.4776510469320135,0.07138080627500987,0.0
0.23625,0.9583389416330029,0.4784182167673195,0.0711197492274549,0.0
0.2365,0.9576641222090982,0.47918548726202925,0.07085914207661825,0.0
0.23675,0.9569887396355548,0.47995273531515786,0.07059893327321687,0.0
0.237,0.9563127946783614,0.48072008805372624,0.07033918190633393,0.0
0.23725,0.9556362930789211,0.4814873950189855,0.0700798270277736,0.0
0.2375,0.9549592116397321,0.48225476999738814,0.0698209004692385,0.0
0.23775,0.9542815830801394,0.4830221489647817,0.06956240406836156,0.0
0.238,0.9536033896518057,0.4837895388709368,0.0693043265022204,0.0
0.23825,0.952924635474925,0.4845570039689374,0.06904670196880147,0.0
0.2385,0.9522453165946866,0.4853244682608427,0.06878949399270606,0.0
0.23875,0.9515654444586945,0.48609197444813806,0.06853273357008671,0.0
0.239,0.9508849981143392,0.48685947570706567,0.06827638218050369,0.0
0.23925,0.9502040005084177,0.48762698526730436,0.06802046766112158,0.0
0.2395,0.9495224387202932,0.48839453968413726,0.06776499662922708,0.0
0.23975,0.9488403218160615,0.48916210981029995,0.06750996528279352,0.0
0.24,0.9481576467982893,0.4899296819092053,0.0672553660664934,0.0
0.24025,0.9474744108644837,0.49069725720447727,0.0670011984393446,0.0
0.2405,0.9467906104936743,0.4914648456640439,0.06674746526184294,0.0
0.24075,0.946106261900493,0.49223242484723806,0.06649417198516194,0.0
0.241,0.9454213440708321,0.493000081056787,0.06624134122941294,0.0
0.24125,0.9447358741662659,0.49376768931170334,0.06598893190544786,0.0
0.2415,0.9440498488926765,0.49453529380611505,0.06573696286381381,0.0
0.24175,0.9433632629798827,0.4953029079616383,0.06548543705454102,0.0
0.242,0.9426761174960477,0.4960705209953484,0.0652343518203018,0.0
0.24225,0.9419884216001746,0.4968381429361135,0.06498372133333286,0.0
0.2425,0.941300169562888,0.4976057610922191,0.06473353600386256,0.0
0.24275,0.9406113559772024,0.4983733492060757,0.06448378014517075,0.0
0.243,0.9399219913879935,0.49914100352070334,0.06423450953745435,0.0
0.24325,0.9392320712612963,0.49990859476550964,0.06398566099652458,0.0
0.2435,0.9385415930983543,0.5006761577207111,0.06373724992855778,0.0
0.24375,0.9378505654983533,0.5014437249756063,0.06348930061519309,0.0
0.244,0.9371589739891635,0.5022113215222404,0.06324181350882574,0.0
0.24425,0.936466835180462,0.502978861454227,0.06299476408056726,0.0
0.2445,0.9357741417017716,0.5037463894616956,0.06274816827571228,0.0
0.24475,0.9350808963407856,0.5045139032302377,0.0625020288235203,0.0
0.245,0.9343870960561177,0.5052813932287362,0.062256339881931355,0.0
0.24525,0.9336927443774763,0.5060488673510375,0.06201110966430634,0.0
0.2455,0.9329978361246872,0.506816315226241,0.06176633003352161,0.0
0.24575,0.9323023798641161,0.5075837371585004,0.06152201000642665,0.0
0.246,0.931606367481451,0.5083511611897973,0.06127815723070418,0.0
0.24625,0.9309098084590681,0.5091185348358738,0.06103475626330246,0.0
0.2465,0.9302126959965638,0.509885870860795,0.060791808554660154,0.0
0.24675,0.9295150329297133,0.5106531778760655,0.06054932205779595,0.0
0.247,0.9288168163934937,0.5114204603881507,0.06030729777690991,0.0
0.24725,0.9281180541390158,0.5121876813686237,0.060065725964461025,0.0
0.2475,0.9274187363241624,0.5129549535668043,0.05982465383375035,0.0
0.24775,0.9267188732329641,0.5137220782150484,0.05958399556229743,0.0
0.248,0.9260184594403242,0.5144892496016754,0.05934384180960173,0.0
0.24825,0.925317496707694,0.5152563310015195,0.059104129134874395,0.0
0.2485,0.9246159843112997,0.5160233804447711,0.058864886380506354,0.0
0.24875,0.9239139259257902,0.5167904188052848,0.0586261282854057,0.0
0.249,0.9232113124196784,0.5175573389208848,0.05838779587187837,0.0
0.24925,0.9225081572774756,0.5183242667236885,0.05814996371881653,0.0
0.2495,0.9218044506192538,0.519091139803848,0.057912594028600495,0.0
0.24975,0.9211002034489543,0.5198579267350623,0.05767568223108088,0.0
0.25,0.9203954015369507,0.520624745962061,0.05743927545671634,0.0
0.25025,0.9196900616844814,0.5213914377560891,0.05720331106489018,0.0
0.2505,0.9189841681875266,0.5221580803611785,0.05696781515133709,0.0
0.25075,0.9182777309478274,0.5229247041655216,0.05673281267370922,0.0
0.251,0.9175707458824924,0.5236911980828469,0.056498246401195384,0.0
0.25125,0.9168632190796826,0.5244576862665691,0.056264184371145554,0.0
0.2515,0.9161551422248784,0.5252241345064136,0.05603060376728597,0.0
0.25175,0.9154465261571555,0.5259904656700423,0.055797476900277365,0.0
0.252,0.9147373610641614,0.5267567447048012,0.05556482880902447,0.0
0.25225,0.914027657929817,0.527522975653375,0.055332672337428335,0.0
0.2525,0.913317401578589,0.5282891127474387,0.05510097273850589,0.0
0.25275,0.9126066091739383,0.5290552056706479,0.05486977099316137,0.0
0.253,0.9118952721098905,0.529821233786306,0.05463905060793883,0.0
0.25325,0.9111833919923176,0.5305871322123956,0.054408781598483946,0.0
0.2535,0.9104709646125151,0.5313530112751487,0.05417901705242256,0.0
0.25375,0.9097580017423605,0.5321187844030051,0.05394972482029936,0.0
0.254,0.9090444919966192,0.5328845089180531,0.05372092523315963,0.0
0.25425,0.908330441973564,0.5336501106245346,0.05349258772212928,0.0
0.2545,0.9076158520968537,0.5344156498260104,0.053264744381228635,0.0
0.25475,0.9069007228658843,0.5351811252227028,0.053037396263447834,0.0
0.255,0.906185049646284,0.5359465181903438,0.052810531179656506,0.0
0.25525,0.9054688367024925,0.536711777755099,0.052584128048871914,0.0
0.2555,0.9047520797977207,0.5374770053231772,0.05235823612944257,0.0
0.25575,0.9040347916775645,0.5382420780738746,0.052132804912374375,0.0
0.256,0.9033169541247621,0.5390071692383234,0.05190790856402838,0.0
0.25625,0.9025985851854772,0.5397720416642592,0.051683442363350984,0.0
0.2565,0.9018796723212865,0.5405368975615876,0.05145950039545388,0.0
0.25675,0.901160222373262,0.5413016166570874,0.051236028008650125,0.0
0.257,0.9004402361146965,0.5420662551736517,0.051013055966611986,0.0
0.25725,0.8997197108429726,0.5428308101014656,0.050790581645446586,0.0
0.2575,0.8989986454708672,0.5435952350710912,0.050568581364609955,0.0
0.25775,0.8982770493187805,0.5443595597429547,0.050347079596262834,0.0
0.258,0.8975549040051813,0.5451238184425462,0.0501260796385985,0.0
0.25825,0.8968322342158057,0.5458879250372006,0.04990555910040495,0.0
0.2585,0.8961090196424674,0.5466519485821051,0.04968553766030159,0.0
0.25875,0.8953852749593698,0.5474158389725298,0.049466002961537026,0.0
0.259,0.8946609929931829,0.5481796569353581,0.04924698172609254,0.0
0.25925,0.8939361717239069,0.5489433328049358,0.04902843705372684,0.0
0.2595,0.8932108212381223,0.5497068947158485,0.048810393386250706,0.0
0.25975,0.8924849290433005,0.5504703461775355,0.0485928430950886,0.0
0.26,0.8917585082844063,0.5512336777332323,0.048375793580209825,0.0
0.26025,0.8910315532256479,0.5519968911718681,0.04815924205586142,0.0
0.2605,0.890304056832917,0.5527599749311016,0.04794317760982736,0.0
0.26075,0.8895760328681486,0.5535229355652943,0.04772761653506796,0.0
0.261,0.888847473584019,0.5542858229671743,0.047512579799923405,0.0
0.26125,0.8881183834043519,0.5550485385647206,0.04729802019462981,0.0
0.2615,0.8873887595106831,0.5558111258975263,0.04708395946905086,0.0
0.26175,0.8866586028404766,0.5565735645015748,0.046870388679044916,0.0
0.262,0.8859279130269098,0.5573359308286967,0.046657349313950824,0.0
0.26225,0.8851966911479299,0.5580981111849997,0.04644478293291132,0.0
0.2625,0.8844649410428481,0.5588601895181388,0.046232738620895386,0.0
0.26275,0.8837326605603495,0.5596220906395888,0.046021175537521275,0.0
0.263,0.8829998414526603,0.5603839337870631,0.04581015162986768,0.0
0.26325,0.8822665001989498,0.5611455702338954,0.04559960231745852,0.0
0.2635,0.8815326217745119,0.5619070784151924,0.04538955802406108,0.0
0.26375,0.8807982190388486,0.5626684284190322,0.045180014639368826,0.0
0.264,0.8800632796157072,0.5634296910212048,0.04497100096232565,0.0
0.26425,0.8793278201326831,0.5641907541969751,0.04476247175166459,0.0
0.2645,0.8785918228987273,0.5649516840307036,0.04455444882190629,0.0
0.26475,0.8778553072986466,0.5657124885851746,0.0443469539830299,0.0
0.265,0.8771182519244859,0.5664731094468807,0.04413993869858435,0.0
0.26525,0.8763806712866122,0.5672335805755433,0.0439334346294904,0.0
0.2655,0.8756425708297297,0.5679939112513299,0.04372745248358867,0.0
0.26575,0.874903933491348,0.568754090330577,0.043521972986863,0.0
0.266,0.8741647770188904,0.569514119764617,0.043317013180439234,0.0
0.26625,0.8734250854199652,0.5702739752303849,0.04311254745877702,0.0
0.2665,0.8726848710732013,0.5710336728748068,0.042908596070116545,0.0
0.26675,0.8719441351308703,0.5717931847510651,0.04270514572283912,0.0
0.267,0.8712028652082728,0.5725525850395344,0.042502227806999526,0.0
0.26725,0.8704610780902085,0.5733117710110032,0.04229980104082398,0.0
0.2675,0.8697187533598123,0.574070819091308,0.04209789140843734,0.0
0.26775,0.8689759159686856,0.5748297238433977,0.04189651786897386,0.0
0.268,0.868232547134662,0.5755883838302551,0.04169560981328324,0.0
0.26825,0.8674886551685882,0.5763468965928742,0.0414952290137689,0.0
0.2685,0.8667442411648529,0.5771052864073508,0.04129539093945245,0.0
0.26875,0.8659993034305791,0.5778634754924523,0.041096052173124065,0.0
0.269,0.865253836942723,0.5786214881383197,0.04089722301460097,0.0
0.26925,0.8645078531240747,0.5793793026727689,0.040698901930227294,0.0
0.2695,0.8637613442496237,0.5801369788273423,0.0405011167811562,0.0
0.26975,0.8630143113241536,0.5808944187722271,0.04030381490746571,0.0
0.27,0.862266759316361,0.5816516906157123,0.04010703940414495,0.0
0.27025,0.8615186800970407,0.5824087966262123,0.03991078585796948,0.0
0.2705,0.8607700832165943,0.5831656933279163,0.03971503886176997,0.0
0.27075,0.8600209650792785,0.5839224267179313,0.03951982222565209,0.0
0.271,0.8592713302337016,0.5846789597278029,0.03932511992637844,0.0
0.27125,0.8585211633951948,0.5854352764912742,0.0391309113667313,0.0
0.2715,0.8577704848013786,0.5861914499260401,0.03893725535413606,0.0
0.27175,0.8570192864865228,0.5869474157587707,0.038744110104008245,0.0
0.272,0.8562675640507484,0.5877031335216183,0.038551450047869196,0.0
0.27225,0.8555153260843844,0.5884586760308032,0.038359324396519456,0.0
0.2725,0.8547625650535872,0.5892141005448437,0.03816776047893966,0.0
0.27275,0.8540092888972121,0.5899692104864329,0.03797665428693864,0.0
0.273,0.853255493137293,0.5907242080811286,0.0377861179366592,0.0
0.27325,0.8525011793648991,0.5914789158962395,0.03759605279141964,0.0
0.2735,0.851746340698694,0.5922334862629668,0.037406540920580156,0.0
0.27375,0.850990997817611,0.5929878399924731,0.03721755516649061,0.0
0.274,0.8502351248006697,0.5937419186353142,0.03702904172908994,0.0
0.27425,0.8494787415978011,0.5944958597558541,0.03684109664568935,0.0
0.2745,0.8487218389226143,0.5952495466753773,0.03665364644196689,0.0
0.27475,0.8479644202474315,0.5960030676721011,0.03646674557369067,0.0
0.275,0.8472064893505771,0.5967563317566467,0.03628034579904038,0.0
0.27525,0.8464480389633826,0.5975093882858092,0.03609447047778325,0.0
0.2755,0.8456890715530523,0.5982622258452692,0.03590911600275026,0.0
0.27575,0.8449296006000676,0.5990148321124206,0.03572428718306164,0.0
0.276,0.8441695965481457,0.5997672476226195,0.03553998428697658,0.0
0.27625,0.8434090931196406,0.600519419318143,0.03535620504978598,0.0
0.2765,0.8426480669739937,0.6012713562818074,0.03517293659560683,0.0
0.27675,0.8418865269485707,0.6020230517075957,0.03499018306689905,0.0
0.277,0.8411244789791429,0.6027745585931836,0.03480798104051264,0.0
0.27725,0.8403619148879762,0.6035257932074485,0.03462627603442692,0.0
0.2775,0.839598837913943,0.6042768166500956,0.03444510717931126,0.0
0.27775,0.8388352455845423,0.6050275871940095,0.03426444901711867,0.0
0.278,0.8380711430924059,0.6057781632978698,0.03408434086043122,0.0
0.27825,0.8373065314180945,0.6065284548573611,0.03390473163974761,0.0
0.2785,0.8365414001695084,0.60727852457988,0.03372565055409038,0.0
0.27875,0.8357757635448624,0.6080284020405253,0.03354712742910393,0.0
0.279,0.835009617910297,0.608777983669007,0.033369099307116956,0.0
0.27925,0.8342429553609498,0.6095273510614022,0.0331916086870343,0.0
0.2795,0.8334757894734527,0.6102764388649249,0.03301462887611106,0.0
0.27975,0.8327081083992267,0.611025278700938,0.032838169804629835,0.0
0.28,0.8319399128543917,0.6117738663254648,0.03266223041175498,0.0
0.28025,0.8311712173115648,0.6125222528777592,0.03248685355196357,0.0
0.2805,0.8304020054526386,0.6132703613740401,0.03231198133103619,0.0
0.28075,0.8296322892074568,0.6140182169399976,0.032137639091695425,0.0
0.281,0.8288620586898986,0.6147657977235925,0.03196380672307586,0.0
0.28125,0.8280913251830664,0.6155131311804773,0.03179051047150194,0.0
0.2815,0.8273200825201384,0.616260212232939,0.03161774321815325,0.0
0.28175,0.8265483300026086,0.6170070409331689,0.03144550529400547,0.0
0.282,0.8257760711383965,0.6177536217075308,0.03127380302106819,0.0
0.28225,0.82500330696613,0.6184998718999302,0.03110258851642911,0.0
0.2825,0.8242300365478394,0.6192459387890664,0.030931950156946497,0.0
0.28275,0.8234562546352349,0.6199916674755885,0.03076179160708592,0.0
0.283,0.8226819695541284,0.6207372363212187,0.030592227597881827,0.0
0.28325,0.8219071821709576,0.6214824130762723,0.0304231198237499,0.0
0.2835,0.8211318825098619,0.6222273686172453,0.03025456404256266,0.0
0.28375,0.8203560840720475,0.6229720365459632,0.030086531798299676,0.0
0.284,0.8195797695449906,0.6237164596370437,0.029919035977871378,0.0
0.28425,0.818802965612659,0.6244605843473316,0.029752066227349827,0.0
0.2845,0.8180256455154287,0.6252043930611522,0.029585591305500536,0.0
0.28475,0.8172478279216938,0.6259479953967555,0.02941969341175077,0.0
0.285,0.8164694986284726,0.6266912760629895,0.029254292040644225,0.0
0.28525,0.815690673376301,0.6274342844634988,0.02908943049343682,0.0
0.2855,0.8149113433782229,0.6281769978910088,0.028925088743519956,0.0
0.28575,0.8141315114638288,0.6289194329609455,0.028761279945107354,0.0
0.286,0.8133511699361726,0.6296615604759619,0.028597980932085987,0.0
0.28625,0.8125703347495601,0.6304034347086847,0.028435238314751032,0.0
0.2865,0.8117889930121782,0.6311450031990569,0.028273010556468803,0.0
0.28675,0.8110071575225755,0.631886261501286,0.028111305757756444,0.0
0.287,0.8102248147275652,0.6326272466770768,0.02795013674717528,0.0
0.28725,0.8094419689216756,0.6333679081277543,0.02778947654562325,0.0
0.2875,0.8086586198408403,0.6341082968648457,0.027629357110688924,0.0
0.28775,0.8078747772443586,0.6348483893317104,0.027469772375172674,0.0
0.288,0.8070904326748964,0.6355881833116084,0.02731071506175886,0.0
0.28825,0.8063055885326883,0.6363276435179922,0.027152165944367646,0.0
0.2885,0.8055202440475974,0.6370668382743725,0.026994167461240393,0.0
0.28875,0.8047344016300766,0.6378056695346149,0.026836661430344355,0.0
0.289,0.8039480540144899,0.6385442299243791,0.026679700356154745,0.0
0.28925,0.8031612132274085,0.6392825054555102,0.026523285763356386,0.0
0.2895,0.8023738762517507,0.640020427809874,0.026367373460981502,0.0
0.28975,0.8015860427770316,0.6407580360684453,0.02621198821746007,0.0
0.29,0.8007977029712574,0.6414953429581169,0.02605713102194951,0.0
0.29025,0.800008871961355,0.6422323332672311,0.025902804904417653,0.0
0.2905,0.7992195431307201,0.6429690231947363,0.025749015554034083,0.0
0.29075,0.7984297221174647,0.6437053882881312,0.025595752756292,0.0
0.291,0.7976393987990364,0.644441442245939,0.02544301791982284,0.0
0.29125,0.7968485808039536,0.6451771269228774,0.025290781112233374,0.0
0.2915,0.7960572639909667,0.645912533253008,0.025139096984454046,0.0
0.29175,0.7952654570903966,0.6466475959670307,0.024987931934389973,0.0
0.292,0.794473149851066,0.6473823381844586,0.024837293245835612,0.0
0.29225,0.7936803506340944,0.6481167627394693,0.024687189890919115,0.0
0.2925,0.7928870586712621,0.6488508303487167,0.02453759709079706,0.0
0.29275,0.792093267624403,0.6495845617082994,0.024388523669446105,0.0
0.293,0.7912989899186051,0.6503179546090603,0.02423997848800874,0.0
0.29325,0.7905042112299236,0.6510510544678672,0.024091979997873825,0.0
0.2935,0.7897089415782027,0.6517837847174529,0.023944487962688443,0.0
0.29375,0.7889131792777078,0.6525161967802302,0.02379753442689858,0.0
0.294,0.7881169304561829,0.6532482286395294,0.023651085229903224,0.0
0.29425,0.7873201814248874,0.6539799418221173,0.023505169691182992,0.0
0.2945,0.7865229375456337,0.6547113293687402,0.023359788192401032,0.0
0.29475,0.7857252098501273,0.6554423437738537,0.02321491946012455,0.0
0.295,0.7849269896195827,0.6561730425875281,0.023070594266023647,0.0
0.29525,0.7841282749694509,0.6569033265744793,0.022926748145332132,0.0
0.2955,0.7833290689962467,0.6576333317091779,0.02278347137086656,0.0
0.29575,0.7825293731360041,0.6583629442447321,0.022640692606753277,0.0
0.296,0.7817291898693253,0.6590922594240202,0.022498475659700645,0.0
0.29625,0.7809285163271972,0.6598211820483736,0.02235675764026257,0.0
0.2965,0.7801273482737341,0.6605496968933117,0.022215525997552943,0.0
0.29675,0.779325691535173,0.6612778959900868,0.02207484521039449,0.0
0.297,0.7785235549068796,0.662005762444768,0.021934711737948476,0.0
0.29725,0.7777209212286824,0.6627332312967428,0.02179507103029832,0.0
0.2975,0.7769177959939866,0.6634603385912943,0.02165595119679531,0.0
0.29775,0.7761141913883338,0.6641870801384846,0.02151735937146615,0.0
0.298,0.7753100948468571,0.6649135086727146,0.02137932091211958,0.0
0.29825,0.7745055133042426,0.6656395230825329,0.021241775892570036,0.0
0.2985,0.7737004379553253,0.6663651440510994,0.021104731601271354,0.0
0.29875,0.7728948781030007,0.6670903909708713,0.020968208282472478,0.0
0.299,0.7720888410299875,0.6678153259559001,0.020832252637334348,0.0
0.29925,0.7712823087144229,0.668539836841106,0.020696778274225114,0.0
0.2995,0.7704752882833108,0.6692639994075074,0.020561840731948555,0.0
0.29975,0.769667786654137,0.6699877736578166,0.02042741959633565,0.0
0.3,0.7688597986606835,0.6707111365256094,0.020293496331335703,0.0
0.30025,0.7680513282531382,0.6714341589520308,0.02016012107856424,0.0
0.3005,0.767242369836993,0.6721567788500802,0.020027249355232035,0.0
0.30075,0.7664329329204744,0.6728790030625795,0.019894893323606944,0.0
0.301,0.7656230024458809,0.6736008690721379,0.01976306693711205,0.0
0.30125,0.7648125935037982,0.6743223507702789,0.0196317648692399,0.0
0.3015,0.7640016948504402,0.6750433996490028,0.019500947103056054,0.0
0.30175,0.7631903246334741,0.6757641110250776,0.019370690849830785,0.0
0.302,0.7623784662879807,0.6764843862208334,0.01924091885098078,0.0
0.30225,0.7615661263182381,0.6772042892861313,0.019111678955207045,0.0
0.3025,0.7607532968250039,0.6779237844633343,0.018982942041328776,0.0
0.30275,0.7599399951456036,0.6786428837572525,0.018854729535206838,0.0
0.303,0.7591262009176196,0.6793615810279885,0.018727022659390524,0.0
0.30325,0.7583119356916377,0.6800798547441427,0.01859982360160095,0.0
0.3035,0.7574971823067495,0.680797772608529,0.018473165278005466,0.0
0.30375,0.7566819515311796,0.6815153131794596,0.018347041961202626,0.0
0.304,0.755866246360463,0.6822323536517653,0.01822137414036029,0.0
0.30425,0.7550500496265838,0.6829490287445191,0.01809623970633978,0.0
0.3045,0.7542333810759597,0.6836653165373094,0.01797163917534239,0.0
0.30475,0.7534162267396358,0.6843811580314294,0.017847523051969905,0.0
0.305,0.7525986012744842,0.6850966270417126,0.01772395227008472,0.0
0.30525,0.7517804939676594,0.6858116659502467,0.017600880632338445,0.0
0.3055,0.7509619011600237,0.6865262489115704,0.017478288435909928,0.0
0.30575,0.7501428376828998,0.6872404477617526,0.017356235527520525,0.0
0.306,0.7493232960829401,0.6879542192227552,0.017234687669955617,0.0
0.30625,0.7485032736765469,0.6886675985781621,0.017113667215184147,0.0
0.3065,0.7476827711683625,0.6893804849356486,0.016993106816418857,0.0
0.30675,0.7468617997978868,0.6900930188649881,0.01687311041424011,0.0
0.307,0.746040345829697,0.6908051007711766,0.016753600857734696,0.0
0.30725,0.7452184182795883,0.6915167645478613,0.016634608201921086,0.0
0.3075,0.7443960091889587,0.692228015287553,0.016516130538710705,0.0
0.30775,0.7435731282441789,0.6929387777157636,0.016398124117243063,0.0
0.308,0.7427497757568111,0.6936491423696887,0.016280651246001865,0.0
0.30825,0.7419259431374277,0.6943590688148351,0.016163678521214697,0.0
0.3085,0.7411016334211744,0.6950685927640359,0.016047233009622408,0.0
0.30875,0.7402768519046736,0.6957776036147695,0.015931243322010014,0.0
0.309,0.7394515959478638,0.696486260121159,0.015815816616084,0.0
0.30925,0.7386258652855426,0.6971944145061479,0.01570085186898762,0.0
0.3095,0.7377996633542389,0.697902141740765,0.015586403361119716,0.0
0.30975,0.7369729836886142,0.6986093817611077,0.015472425510183463,0.0
0.31,0.736145836613916,0.6993163319245966,0.01535906203691062,0.0
0.31025,0.735318213424152,0.7000226727947688,0.015246087123717444,0.0
0.3105,0.7344901161441468,0.7007286047164889,0.015133640552493777,0.0
0.31075,0.7336615522006713,0.7014340894750042,0.01502170176559603,0.0
0.311,0.7328325079681038,0.7021391493075595,0.014910276687138513,0.0
0.31125,0.7320030023134532,0.7028437043063331,0.014799324043407891,0.0
0.3115,0.7311730160699043,0.703547909141583,0.014688937500677346,0.0
0.31175,0.7303425619012949,0.7042515278030909,0.014578962987866317,0.0
0.312,0.7295116414273478,0.7049547706261585,0.01446954789515642,0.0
0.31225,0.728680246846741,0.705657528115848,0.014360610991572598,0.0
0.3125,0.7278483834638341,0.7063598133640788,0.014252165512429471,0.0
0.31275,0.7270160453209984,0.7070616554645415,0.014144227801175191,0.0
0.313,0.7261832446971588,0.707763030319817,0.014036790243028507,0.0
0.31325,0.7253499716988898,0.7084639597575523,0.013929861340975958,0.0
0.3135,0.724516229964866,0.7091643479818065,0.013823377088417299,0.0
0.31375,0.7236820187926961,0.7098642885139115,0.013717402647914323,0.0
0.314,0.7228473394463477,0.7105638148039723,0.013611962761606922,0.0
0.31425,0.722012199786934,0.7112628370678824,0.013507000486439935,2.0999529349840562e-22
0.3145,0.721176580423782,0.7119613667307727,0.013402510293362813,4.204330554323035e-22
0.31475,0.7203405002795279,0.7126594106210804,0.013298510750778814,0.0
0.315,0.7195039497285143,0.713357027637699,0.013195036779703795,4.213225081468518e-22
0.31525,0.7186669375706837,0.7140541129094393,0.013092021151144717,2.1088475181238349e-22
0.3155,0.7178294560987157,0.7147507276437899,0.012989501776945911,8.444360393576798e-22
0.31575,0.7169915113440978,0.7154468716666901,0.012887483147633105,4.226680619461249e-22
0.316,0.7161530965408064,0.716142558920643,0.012785970668231617,0.0
0.31625,0.7153142224674843,0.7168377339389895,0.012684933068053184,2.1144393349583776e-22
0.3165,0.7144748770428245,0.7175323893760802,0.012584356845940059,0.0
0.31675,0.7136350710290864,0.718226608943493,0.012484309210349487,8.439744491818981e-22
0.317,0.7127947943866761,0.7189202778757491,0.012384702001017045,0.0
0.31725,0.7119540589038227,0.7196134632919031,0.012285591392367401,0.0
0.3175,0.7111128555584332,0.7203062208840996,0.012187010974159085,0.0
0.31775,0.7102711935185935,0.7209984096470068,0.01208886717315516,8.40404373647742e-22
0.318,0.7094290633476472,0.7216901152242772,0.011991214554133656,0.0
0.31825,0.7085864778923696,0.7223813394952125,0.011894063774865238,5.031812706727425e-21
0.3185,0.7077434199971644,0.7230720620680313,0.011797388557905686,0.0
0.31875,0.7068999059412262,0.72376224187596,0.01170117118891878,1.0042526216839768e-20
0.319,0.7060559214083786,0.7244519634722678,0.011605462388701415,6.688016220132988e-21
0.31925,0.7052114873371675,0.7251411450179668,0.011510218470514477,0.0
0.3195,0.7043665802524087,0.7258298664435061,0.01141548060026798,0.0
0.31975,0.7035212243543507,0.7265180338321159,0.011321198532062926,0.0
0.32,0.7026753906954593,0.7272056986636881,0.011227389293802181,1.1655388029876448e-20
0.32025,0.7018291136907946,0.7278928735629704,0.0111340861665008,0.0
0.3205,0.7009823640720227,0.7285795166535174,0.011041238934928366,6.646449922780656e-21
0.32075,0.7001351569687961,0.7292656520276237,0.010948875686103143,0.0
0.321,0.6992874939891046,0.7299512329533199,0.010856964035779848,9.949141589314403e-21
0.32125,0.6984393730649767,0.7306363413896353,0.010765561941358026,0.0
0.3215,0.6975907869275453,0.731320891926056,0.010674602913179898,1.323830929272681e-20
0.32175,0.6967417452046802,0.7320049338641785,0.010584129457990255,4.628667539613372e-20
0.322,0.6958922460960882,0.7326884649818439,0.01049413897068674,0.0
0.32225,0.6950422872324604,0.7333714184947465,0.010404581594089413,0.0
0.3225,0.6941918688443113,0.7340539492748424,0.010315570114382888,3.296093583945517e-21
0.32275,0.6933409958145262,0.7347358594487008,0.010226964417847872,6.585496055205516e-21
0.323,0.692489664378872,0.7354172857311169,0.010138861456030712,1.6447062806913553e-21
0.32325,0.6916378786612398,0.7360981370589258,0.010051197999705774,0.0
0.3235,0.6907856268256094,0.73677845350609,0.009963995288780447,3.2827717782936217e-21
0.32375,0.6899329277161071,0.7374582535818277,0.009877279932011707,2.336619810254442e-20
0.324,0.6890797657667731,0.7381375620905779,0.009791059654526979,1.3104683967239593e-20
0.32425,0.6882261529053627,0.7388162826504093,0.009705272370252205,1.3091542089510061e-20
0.3245,0.6873720798916508,0.7394944325284304,0.00961992450382998,0.0
0.32475,0.6865175616146122,0.7401720851181562,0.009535080120266048,1.3065377128946745e-20
0.325,0.6856625790241357,0.7408491893806421,0.009450689077967755,0.0
0.32525,0.6848071471528013,0.7415257446917902,0.009366761307440852,7.110531327413151e-20
0.3255,0.683951254261189,0.742201740376776,0.0092832811573611,2.4221008789887253e-20
0.32575,0.6830949179519017,0.7428771883388982,0.00920026946390684,0.0
0.326,0.6822381135995401,0.7435520962091904,0.009117715345905664,5.281514946260389e-21
0.32625,0.68138087239526,0.7442264364620979,0.009035619785148441,3.9470809166324355e-20
0.3265,0.6805231613646834,0.7449002481743561,0.008953989478212243,0.0
0.32675,0.6796650123944681,0.7455734528377674,0.008872788140111831,0.0
0.327,0.6788063995348452,0.7462461820859111,0.008792095690315582,0.0
0.32725,0.6779473399487475,0.7469182624355046,0.008711795560682356,0.0
0.3275,0.6770878262949501,0.7475898569679016,0.008632003635670848,2.4636874191527745e-20
0.32775,0.6762278679224795,0.7482608565566402,0.008552645532130532,4.196290883643915e-20
0.328,0.6753674471647559,0.748931280179878,0.008473723565324498,0.0
0.32825,0.6745065859062003,0.7496011393991258,0.008395261105141216,5.798962330487841e-20
0.3285,0.6736452645482716,0.7502704576921625,0.00831726263806365,4.505934664025636e-20
0.32875,0.6727834987955748,0.7509391960422074,0.008239709793326888,0.0
0.329,0.6719212794672461,0.751607345559144,0.008162589912640739,8.432316451845167e-20
0.32925,0.671058612451115,0.7522749280254555,0.008085923262754369,0.0
0.3295,0.6701954993338946,0.7529419822951544,0.00800974004717081,0.0
0.32975,0.6693319292160143,0.7536084190720478,0.007933966470176523,2.075583259173766e-18
0.33,0.6684679158845974,0.7542742701068776,0.007858635480373355,2.6655964180180407e-18
0.33025,0.6676034527041201,0.7549395379585949,0.0077837446771995555,2.461643851684519e-19
0.3305,0.6667385366961234,0.7556042341607124,0.0077093008389297335,2.2373225078534788e-18
0.33075,0.6658731819478961,0.756268389652007,0.007635336629405742,2.903679368109502e-19
0.331,0.6650073732359478,0.7569319012570448,0.007561764657025627,0.0
0.33125,0.6641411187112878,0.7575948607369563,0.007488659280157295,0.0
0.3315,0.6632744145091141,0.7582572533500775,0.007416007020144555,2.612257579358251e-18
0.33175,0.6624072715064581,0.7589190006566797,0.0073437560745408526,0.0
0.332,0.6615396714156341,0.7595801706665073,0.007271945666345703,1.992819150934864e-18
0.33225,0.6606716307100221,0.7602407604861254,0.007200584555808298,2.0464720082547758e-18
0.3325,0.659803145010659,0.7609008103127932,0.00712970033686422,2.273575799169348e-18
0.33275,0.6589342150466966,0.7615602008400485,0.007059203454663487,1.1400791892843591e-18
0.333,0.6580648317631534,0.7622189883566448,0.006989130534632126,0.0
0.33325,0.6571950137412595,0.7628772291225917,0.006919536408017901,6.098724044286459e-19
0.3335,0.6563247429373704,0.7635348224451429,0.0068503331072307105,0.0
0.33375,0.6554540305225952,0.7641918321027641,0.006781576301878145,1.2172837851147293e-18
0.334,0.6545828768142326,0.764848202486728,0.006713224044253563,9.180775096890678e-20
0.33425,0.6537112764458218,0.7655040248045032,0.006645342185776615,0.0
0.3345,0.652839232978703,0.7661592198131841,0.006577872904510285,2.2229201203527402e-18
0.33475,0.6519667468065427,0.7668137682442795,0.006510801785305276,0.0
0.335,0.6510938211668695,0.7674677917049391,0.006444223624007428,0.0
0.33525,0.6502204469030065,0.768121151366524,0.006378026761007849,0.0
0.3355,0.6493466341420162,0.7687738734461175,0.006312237710002444,7.931199398931854e-19
0.33575,0.648472375722301,0.7694259929437097,0.0062468786000475784,0.0
0.336,0.6475976770061784,0.7700775181389745,0.006181959293089845,0.0
0.33625,0.6467225393334576,0.7707284080961327,0.006117449370755423,0.0
0.3365,0.6458469590249507,0.771378704529069,0.006053378446054802,2.4804318473927703e-18
0.33675,0.6449709416411047,0.7720283758688704,0.005989725945617641,0.0
0.337,0.6440944775391826,0.7726774027422882,0.005926470824304753,2.398688864846416e-18
0.33725,0.6432175819526569,0.7733257961401724,0.005863631268600233,1.4196750400055477e-18
0.3375,0.6423402367347983,0.7739735782681065,0.005801212758094421,1.136548011842508e-18
0.33775,0.6414624568077079,0.7746206958396598,0.005739183842858431,0.0
0.338,0.6405842361071864,0.7752672558941687,0.005677623103299556,0.0
0.33825,0.6397055803004742,0.7759131286488242,0.005616434172181384,3.8953764825350453e-19
0.3385,0.6388264828924216,0.7765583673422926,0.005555653921764936,0.0
0.33875,0.6379469447752133,0.7772030221374148,0.0054953217034676705,0.0
0.339,0.6370669689209563,0.7778469855589766,0.005435356367241351,0.0
0.33925,0.6361865601798952,0.7784903374007928,0.005375822655352858,2.6146395457982542e-18
0.3395,0.6353057115002432,0.779133051511366,0.005316695883562428,2.5632741665854437e-18
0.33975,0.6344244267713723,0.7797751335538861,0.0052579829044707704,0.0
0.34,0.6335426999307645,0.780416540296177,0.005199646340674491,0.0
0.34025,0.6326605469696756,0.781057325979641,0.00514173834262599,0.0
0.3405,0.631777947987168,0.7816974814787179,0.005084239311833549,2.0727532866541003e-18
0.34075,0.6308949178027374,0.7823369440403789,0.005027109743693359,2.4074462481234367e-19
0.341,0.6300114501124914,0.7829757760853695,0.004970394195436434,0.0
0.34125,0.629127552970204,0.783613943253699,0.004914070937355408,0.0
0.3415,0.6282432110565679,0.7842515175437363,0.004858186516047969,1.6301861510686316e-21
0.34175,0.6273584411709401,0.784888360487468,0.004802643376865978,8.085425930591549e-19
0.342,0.6264732326850871,0.7855245865162435,0.0047475241534156165,1.374071440153378e-18
0.34225,0.6255875995853274,0.7861600893201228,0.0046927544253294595,0.0
0.3425,0.6247015239435307,0.786795040271394,0.004638457064547241,1.8686778777414593e-18
0.34275,0.6238150165551951,0.787429234040034,0.0045844780309085564,4.350091026043949e-19
0.343,0.6229280689744225,0.7880628900454356,0.0045309839835541155,0.0
0.34325,0.622040701169154,0.7886957624274078,0.0044777944693266125,0.0
0.3435,0.6211528961108681,0.7893280058855334,0.004425020209150254,0.0
0.34375,0.6202646554224052,0.7899596074165114,0.0043726520151390336,0.0
0.344,0.6193759872074093,0.7905904903758909,0.004320634559473957,1.307551369374982e-18
0.34425,0.6184868879666344,0.7912206982404627,0.0042689997758456055,1.9744837369642295e-18
0.3445,0.6175973530294341,0.7918503296921062,0.004217822537750493,0.0
0.34475,0.6167073925020994,0.7924791988365636,0.0041669624894957735,1.787600218998279e-18
0.345,0.6158169911561706,0.7931074254430222,0.004116504639525509,2.2645980833724886e-18
0.34525,0.6149261699078229,0.7937349254402475,0.004066395364938025,4.65876241276309e-19
0.3455,0.6140349155338165,0.7943618214579378,0.004016723408825307,0.0
0.34575,0.6131432306161839,0.7949879954788479,0.003967396983551197,0.0
0.346,0.612251113666551,0.7956134783171824,0.00391843944909076,1.0994250658576654e-18
0.34625,0.6113585698154123,0.7962382704165389,0.0038698541955863863,2.2955283177172914e-18
0.3465,0.6104656004843985,0.7968624117265811,0.003821673703791051,0.0
0.34675,0.6095722005306274,0.7974858720116789,0.0037738708085497397,1.2627631051224863e-19
0.347,0.6086783639772346,0.7981086035822301,0.0037264038999771376,4.2261218589062056e-19
0.34725,0.6077841108212628,0.7987306550141625,0.003679323601988971,8.462195808845664e-19
0.3475,0.6068894221322277,0.7993520297315995,0.003632621097987787,2.3623517256479717e-19
0.34775,0.6059943160059219,0.7999726753491359,0.0035862655181859715,0.0
0.348,0.6050987712927156,0.8005926642042667,0.0035403016310007196,4.319180944135525e-19
0.34825,0.6042028100854964,0.8012119402499905,0.0034946980001262506,1.7774394582053953e-18
0.3485,0.6033064115837805,0.8018305182005661,0.0034494537224514232,0.0
0.34875,0.6024095957838211,0.8024483746619282,0.0034045620237119767,1.6150516351346547e-18
0.349,0.6015123493493213,0.8030655853720411,0.0033600753611231493,0.0
0.34925,0.6006146803035699,0.8036820646781594,0.0033159299450540303,0.0
0.3495,0.5997165842432134,0.8042978402749617,0.0032721451766288823,0.0
0.34975,0.5988180628112745,0.8049128728889037,0.0032286904247285086,2.1485495381452503e-18
0.35,0.5979191109193934,0.8055272153795838,0.0031856049205571946,0.0
0.35025,0.5970197465913452,0.8061408480275831,0.003142883481024761,0.0
0.3505,0.5961199515317188,0.8067537797573308,0.0031005222643034624,1.0498656136218125e-18
0.35075,0.5952197387201543,0.8073659814656992,0.00305850546723363,2.292849594469723e-18
0.351,0.5943190898777447,0.8079775331526016,0.003016886534057406,0.0
0.35125,0.593418031545124,0.8085882996876335,0.0029755722621702674,2.0205337665786336e-18
0.3515,0.5925165427762068,0.809198339191901,0.0029345968777820808,0.0
0.35175,0.5916146339311924,0.8098076731556607,0.002893983720773985,2.4892895046212366e-18
0.352,0.5907122976198946,0.8104162835045181,0.0028537137233179966,0.0
0.35225,0.589809545824411,0.81102415385129,0.0028137805573869024,0.0
0.3525,0.5889063711430921,0.8116313462332225,0.002774229904856762,0.0
0.35275,0.5880027759723305,0.8122377938745777,0.002735009037486247,2.9261479293010663e-19
0.353,0.5870987550890112,0.8128434803757723,0.0026961014267807837,0.0
0.35325,0.5861943207060911,0.8134484688070485,0.002657565189934319,2.3260926589527746e-18
0.3535,0.5852894582594859,0.8140527423885587,0.002619378099194547,1.6167167683370578e-18
0.35375,0.5843841795015698,0.814656203517945,0.002581467603503196,5.468832084533485e-20
0.354,0.583478478897909,0.8152590528332333,0.0025439933307458418,1.6557578623243105e-18
0.35425,0.5825723592919003,0.8158610460016864,0.0025067581786653026,0.0
0.3545,0.5816658265843399,0.8164623941671381,0.0024699371578074114,5.9408421565066936e-18
0.35475,0.5807588677872902,0.8170629537048808,0.002433405683649248,0.0
0.355,0.5798514943123558,0.8176627675464732,0.0023972051477547662,7.645445205863873e-18
0.35525,0.5789437019249835,0.8182618401132831,0.0023613365369696826,0.0
0.3555,0.5780354857045626,0.8188601642022895,0.0023257909737282034,0.0
0.35575,0.577126862366967,0.8194577838498969,0.002290613932767638,0.0
0.356,0.5762178076808147,0.8200546131521028,0.002255721081465989,0.0
0.35625,0.5753083511027455,0.820650676954651,0.002221149464870731,2.667452787811549e-18
0.3565,0.5743984673117933,0.8212460023299764,0.002186906516496556,0.0
0.35675,0.5734881721860612,0.8218406126512869,0.0021530203718151952,5.560454004023591e-17
0.357,0.5725774568753768,0.8224344399183721,0.00211943005098969,8.504804119165356e-17
0.35725,0.5716663323954312,0.8230274754377643,0.002086134481414481,0.0
0.3575,0.5707547858724943,0.82361984154773,0.0020532266239476904,6.145806815579346e-17
0.35775,0.5698428287787165,0.8242114125452997,0.0020206096086285985,0.0
0.358,0.5689304513879814,0.8248021832721673,0.0019882734079605946,0.0
0.35825,0.5680176644047154,0.8253921894659435,0.0019562532901185037,8.305279665854498e-17
0.3585,0.5671044592266485,0.8259814670203808,0.0019245737758357695,0.0
0.35875,0.5661908450154525,0.8265699403265411,0.0018931775547401664,7.144738082680959e-17
0.359,0.5652768092072774,0.827157723781428,0.001862151714912219,0.0
0.35925,0.5643623656286569,0.8277446553190886,0.0018313701153955808,3.654619897180062e-17
0.3595,0.563447509220917,0.8283308521273305,0.0018009264485858711,2.3589200178541074e-17
0.35975,0.5625322386643937,0.8289162317442295,0.0017707516122775768,4.7236291686230534e-17
0.36,0.5616165552799857,0.8295009084696938,0.0017409407210051686,8.723981168464256e-17
0.36025,0.5607004594373284,0.8300847367615962,0.0017113733095974748,6.087782482674554e-17
0.3605,0.5597839532353608,0.8306678430264604,0.0016821550462207124,8.086465887648123e-17
0.36075,0.5588670331600574,0.8312501351404531,0.0016532074146951015,6.67224146228133e-17
0.361,0.557949704037111,0.8318316616457331,0.0016245731567297028,0.0
0.36125,0.5570319653688884,0.8324124218594875,0.0015962512453329136,6.229137233306608e-17
0.3615,0.5561138132522985,0.8329923471142366,0.0015681822227067155,0.0
0.36175,0.5551952498816204,0.8335715266877615,0.0015404413181128174,1.2523135713500866e-17
0.362,0.5542762750645073,0.8341499426747695,0.0015130133771135146,3.358566711367616e-17
0.36225,0.5533568926558208,0.8347275081496635,0.0014858279134317698,5.2319196079893457e-17
0.3625,0.552437102125567,0.8353043237919975,0.0014589682810275395,0.0
0.36275,0.5515169059650472,0.8358803002874414,0.0014323611576978479,1.799626836347791e-17
0.363,0.550596291991519,0.8364555373871638,0.0014060828557309613,4.039388875567707e-17
0.36325,0.5496752797435993,0.8370299478877996,0.001380071112989878,0.0
0.3635,0.5487538446602651,0.8376035775570869,0.0013543504503554793,0.0
0.36375,0.5478320164189814,0.8381763930625776,0.00132890905090699,7.131700418784347e-17
0.364,0.5469097710069307,0.8387484023536397,0.0013037401676059268,0.0
0.36425,0.5459871229816011,0.8393195897689241,0.001278838401971294,3.460531801774934e-17
0.3645,0.5450640689661786,0.8398900324513138,0.0012542663524766073,4.33975205545683e-17
0.36475,0.5441406098539883,0.8404596203063859,0.0012299319625961314,0.0
0.365,0.543216737472282,0.8410284430374939,0.001205905829615661,6.527875274288132e-17
0.36525,0.5422924645310281,0.8415964121927786,0.0011821203471891195,0.0
0.3655,0.5413677786098878,0.8421636126208942,0.0011586398466929548,6.552935907765273e-17
0.36575,0.540442694072655,0.8427299700258941,0.0011354094009230487,0.0
0.366,0.5395172000378319,0.8432955379471536,0.0011124679366654178,2.2375748636252914e-17
0.36625,0.5385913048507542,0.8438602415889972,0.0010897567128926866,0.0
0.3665,0.5376650017149576,0.8444241772333507,0.0010673529615110589,7.777253949259497e-17
0.36675,0.5367383010351349,0.8449872236946936,0.0010451598231466797,1.8385628677031462e-18
0.367,0.5358111809857202,0.8455495744952165,0.001023328698364523,0.0
0.36725,0.5348836741354487,0.8461110119549848,0.0010016930096199417,0.0
0.3675,0.5339557571690237,0.8466716035793483,0.0009802969697108033,2.3195333128942732e-17
0.36775,0.5330274391798298,0.8472314203974883,0.0009592052762952274,6.301932372807548e-17
0.368,0.5320987145911733,0.8477904094165671,0.0009383699150959934,1.3346306484995879e-18
0.36825,0.5311695887362005,0.8483485134735074,0.000917745027479322,8.188635434292854e-17
0.3685,0.5302400635208823,0.848905895184359,0.0008974691952154945,8.028563121265472e-17
0.36875,0.5293101354284677,0.8494623778552397,0.0008773905223260492,0.0
0.369,0.528379803525864,0.8500179963563477,0.0008575377663349038,0.0
0.36925,0.5274490690657081,0.8505728135586138,0.000837964719213824,8.621976170177062e-17
0.3695,0.5265179372290638,0.851126804228014,0.0008186524537501239,8.313388371292925e-17
0.36975,0.525586403654821,0.8516799302440067,0.0007995659907353847,0.0
0.37,0.5246544697060948,0.8522322413215538,0.0007807480814880918,0.0
0.37025,0.5237221345994119,0.8527836674158862,0.000762138412846447,0.0
0.3705,0.5227894035866923,0.8533342903351189,0.0007438091561049465,2.1615713529696413e-17
0.37075,0.5218562706530376,0.8538840613920808,0.000725715428224305,1.899666471110278e-17
0.371,0.5209227385709846,0.8544329715499052,0.0007078506896482928,0.0
0.37125,0.5199888087822803,0.8549810212468893,0.0006902157766850436,0.0
0.3715,0.5190544774366298,0.8555282623086796,0.0006728527125745565,0.0
0.37175,0.5181197518457092,0.8560746451139936,0.0006557226437620134,0.0
0.372,0.5171846227191461,0.8566201440504796,0.0006387985533091722,5.1794592428445994e-17
0.37225,0.5162491021432891,0.8571647995956547,0.0006221210475065853,7.615773604580931e-17
0.3725,0.5153131784128633,0.8577086042597752,0.0006056774110465568,0.0
0.37275,0.5143768649498885,0.8582515124398178,0.000589435183537601,0.0
0.373,0.5134401486161704,0.8587936485750992,0.000573494074236347,0.0
0.37325,0.512503037347571,0.8593348416051562,0.0005577111226742204,0.0
0.3735,0.5115655327353742,0.8598752217213329,0.0005421986168994142,0.0
0.37375,0.5106276298810688,0.8604146724929623,0.0005268537321372335,0.0
0.374,0.5096893321294619,0.8609533492820554,0.0005118114877833424,0.0
0.37425,0.50875063741136,0.8614910773700786,0.0004969202624882652,0.0
0.3745,0.507811552401538,0.8620279202832263,0.00048223777350697716,3.557947821889932e-18
0.37475,0.506872071309483,0.8625639549127667,0.00046782706307912925,2.9967765357605296e-17
0.375,0.5059321880973073,0.8630991081706915,0.00045362185259345544,0.0
0.37525,0.5049919245040673,0.8636333557156121,0.00043961183018459415,0.0
0.3755,0.5040512589800987,0.8641667324568088,0.000425815922650008,6.627651315965852e-17
0.37575,0.5031102026880634,0.86469927652075,0.0004122724478807793,0.0
0.376,0.5021687509746383,0.8652308857006525,0.0003988904560841,0.0
0.37625,0.5012269081189017,0.8657616256833872,0.0003857285709225611,0.0
0.3765,0.5002846742091103,0.866291518544115,0.00037280568295350314,5.000323844063124e-17
0.37675,0.4993420469183676,0.8668204304282053,0.00036000441259353977,0.0
0.377,0.4983990248055863,0.8673485844484046,0.00034751705185454007,0.0
0.37725,0.49745561737548594,0.86787577513796,0.0003351699954075027,6.694798915024019e-17
0.3775,0.4965118150174494,0.8684020915305625,0.00032303533737398915,4.829017261295967e-17
0.37775,0.4955676220721094,0.8689274967871932,0.0003110829732231313,6.251593636407863e-17
0.378,0.49462303637675,0.8694520381796624,0.0002993525986731971,0.0
0.37825,0.49367806507471435,0.8699756469550536,0.0002877877045075472,0.0
0.3785,0.4927327007358502,0.8704984164129475,0.00027646545937209943,0.0
0.37875,0.4917869461566371,0.8710202323819944,0.0002652876256652448,5.2375749584732244e-17
0.379,0.49084080707572336,0.8715411539096158,0.00025430808812432204,6.75695211068735e-17
0.37925,0.48989427462009383,0.8720611899516018,0.0002435300092431536,0.0
0.3795,0.48894735020821206,0.8725803591405368,0.00023297007920120016,2.4598355683079815e-17
0.37975,0.4880000435805689,0.8730985497335045,0.00022253527971782816,0.0
0.38,0.48705234811955367,0.87361588416696,0.00021232889701483515,0.0
0.38025,0.48610426398442563,0.8741322818522934,0.00020228036139657846,7.980029250499437e-18
0.3805,0.4851557920974765,0.8746478190237152,0.00019245644459431333,4.051163059268689e-17
0.38075,0.48420693284286065,0.8751624090779295,0.00018278133357996218,0.0
0.381,0.48325768533538704,0.8756760882562833,0.0001732859757563876,0.0
0.38125,0.48230805426964507,0.8761888427707776,0.0001639602631986481,1.8721463661268873e-17
0.3815,0.4813580322116483,0.8767007346739473,0.00015485468626752485,4.572126567211739e-17
0.38175,0.4804076226826648,0.8772116248712405,0.00014584873449918767,0.0
0.382,0.479456839414393,0.877721645248467,0.00013706430614535137,0.0
0.38225,0.4785056586780697,0.878230731468512,0.0001284332937701027,0.0
0.3825,0.47755410159943185,0.8787388671783591,0.00011995112803653285,0.0
0.38275,0.4766021541599055,0.8792461374924758,0.00011168558581498012,6.463157203767603e-17
0.383,0.47564982334155514,0.8797524452473585,0.00010355432003095189,0.0176316606402687
0.38325,0.4746972377214691,0.8802580820935517,9.587469972638374e-05,0.045709887849336155
0.3835,0.47374438226063503,0.8807629592590875,8.856114162991702e-05,0.0720886374278494
0.38375,0.4727912481156679,0.8812671237762975,8.165053845443637e-05,0.09695277234846425
0.384,0.47183783999568185,0.8817706252836813,7.518860581945397e-05,0.12026986825824146
0.38425,0.47088413651100947,0.882273247104596,6.897390840321371e-05,0.1422658635794183
0.3845,0.46993013015283186,0.8827751484221875,6.31429551198881e-05,0.16286708810806905
0.38475,0.46897581693940005,0.883276265802615,5.7637641045937826e-05,0.1822586163478975
0.385,0.4680211920396249,0.8837765511452622,5.24129026466813e-05,0.2003816222016643
0.38525,0.4670662495921194,0.8842760148836827,4.747487637546399e-05,0.217418800386532
0.3855,0.46611098789669914,0.8847746223886672,4.279181495303597e-05,0.23336572591956467
0.38575,0.46515538372172016,0.8852723936671092,3.837026105846242e-05,0.24831557619815428
0.386,0.4641994483369939,0.8857693158891502,3.4203818600753166e-05,0.2622805211594056
0.38625,0.46324319141885584,0.8862653356172068,3.0249298793361135e-05,0.27534999852300546
0.3865,0.4622865656648574,0.8867605474903659,2.6568336872756504e-05,0.28752094811763024
0.38675,0.4613295907503584,0.8872548015239992,2.303679929505087e-05,0.29893976156127844
0.387,0.46037228089023646,0.8877481934346021,1.9745784291202995e-05,0.30946777472935827
0.38725,0.4594146033518726,0.888240659863385,1.662366557697581e-05,0.31936315615665867
0.3875,0.4584565681980358,0.888732212348676,1.3685001406749109e-05,0.3284894960471757
0.38775,0.4574981768043303,0.8892228107567213,1.0894415340967356e-05,0.33702689200877134
0.388,0.4565394122104414,0.8897125258367957,8.30673167229179e-06,0.34488527962219795
0.38825,0.4555802843540521,0.8902012661867205,5.844889198192149e-06,0.3521501787239895
0.3885,0.45462078352819857,0.8906890508539915,3.521057289956886e-06,0.35885067084459465
0.38875,0.4536609146239406,0.8911758933929876,1.3492101997858441e-06,0.36505915430919084
0.389,0.45270065681952176,0.8916618052744194,-6.701651930063335e-07,0.3706997049442563
0.38925,0.45174003375351685,0.8921467070586604,-2.5974977536646904e-06,0.375917043302668
0.3895,0.4507790321089121,0.8926306370748497,-4.404992852147238e-06,0.3806591514367616
0.38975,0.449817650790593,0.8931136191119902,-6.072215393504443e-06,0.38499629009035863
0.39,0.44885587015714706,0.8935955603086283,-7.691240667018207e-06,0.38886642902232055
0.39025,0.44789372344045575,0.8940765115618872,-9.202030324284571e-06,0.3924475657293792
0.3905,0.4469311931352308,0.8945565484524693,-1.0545167362208119e-05,0.3956146521931922
0.39075,0.44596827310088416,0.8950355419978697,-1.1839044078865157e-05,0.39845282803580473
0.391,0.44500495490128,0.8955135170450302,-1.306553682922651e-05,0.40095247580121063
0.39125,0.4440412653915058,0.8959904749491185,-1.4211815969500385e-05,0.40317694292262707
0.3915,0.4430771773415554,0.896466482268321,-1.5230660237453009e-05,0.405061829457989
0.39175,0.4421127106832979,0.8969414353161927,-1.6206463921975e-05,0.4067298132295725
0.392,0.441147836810949,0.8974153563953348,-1.7132238184114357e-05,0.4080859311639455
0.39225,0.44018258607267113,0.897888264487791,-1.7977868340901537e-05,0.40923762192082574
0.3925,0.43921694389033383,0.8983601726245487,-1.8738396376893895e-05,0.4101156352807752
0.39275,0.43825090875532,0.89883101241202,-1.9476240421645308e-05,0.41082594709771364
0.393,0.437284483080714,0.8993008509764594,-2.0130347539781823e-05,0.41128262761050616
0.39325,0.4363176612056466,0.8997696608780075,-2.0728156583271762e-05,0.4115813861093653
0.3935,0.43535044913239984,0.9002374338934431,-2.127475489077657e-05,0.41167116091739847
0.39375,0.43438285379680863,0.9007041125543455,-2.1819215553664506e-05,0.4116199406531273
0.394,0.43341485144519404,0.9011698026999797,-2.2276872339577203e-05,0.4113571528539044
0.39425,0.43244647092122834,0.9016344197309802,-2.271172998824511e-05,0.41097936882677244
0.3945,0.4314776897863134,0.9020980185224149,-2.308436374331979e-05,0.4104377571239199
0.39475,0.43050852902427805,0.9025605392186767,-2.3440016039044664e-05,0.40979219864473737
0.395,0.42953897680002084,0.9030220659906636,-2.3708152810608674e-05,0.4089561275859507
0.39525,0.42856902038283484,0.9034824709259115,-2.4010037094290837e-05,0.40804397952134114
0.3955,0.42759867682637764,0.9039418641642262,-2.423918758653887e-05,0.40701931535799624
0.39575,0.42662794096087575,0.9044001779441462,-2.445936217032596e-05,0.40589140590996414
0.396,0.4256568261412972,0.9048574426203061,-2.4637750487777055e-05,0.40459691368276135
0.39625,0.4246853128460305,0.9053136375470016,-2.4801669704199725e-05,0.40329600022984236
0.3965,0.4237134209639578,0.9057687927610711,-2.4915787984025606e-05,0.40186560550649764
0.39675,0.42274112236298433,0.9062229054297286,-2.4994881264839286e-05,0.4003714720050541
0.397,0.4217684441214825,0.9066758906617386,-2.5104733167302662e-05,0.3987862880327333
0.39725,0.4207953815760303,0.9071278507104753,-2.5154971224683464e-05,0.3971261659045935
0.3975,0.41982193558058184,0.9075787346240167,-2.519174913329092e-05,0.3953842873626536
0.39775,0.4188480975326615,0.9080285704537985,-2.5193533807699175e-05,0.39361229060541997
0.398,0.4178738740787246,0.9084773225204612,-2.5190231519922612e-05,0.3917435335977755
0.39825,0.41689926433804103,0.9089249966428401,-2.5177253053731974e-05,0.3898464066002022
0.3985,0.4159242731901731,0.9093716062277963,-2.5140694979275402e-05,0.3878753127018892
0.39875,0.414948899515577,0.9098171324210338,-2.5098486956309785e-05,0.38588590037885245
0.399,0.41397312886870197,0.910261630264537,-2.500683407302695e-05,0.38384031198025714
0.39925,0.4129969938814173,0.9107050088454292,-2.4935265263481554e-05,0.381741626369085
0.3995,0.4120204662197283,0.9111473266111774,-2.4842621269005605e-05,0.3796100667118797
0.39975,0.41104356814368204,0.9115885824544354,-2.4721018776041603e-05,0.3774610952317178
0.4,0.4100662742714266,0.9120287385311956,-2.461570213996289e-05,0.375243211550348
0.40025,0.40908860987522533,0.9124678226025258,-2.4491292592299096e-05,0.373025835064401
0.4005,0.40811056993998107,0.912905831155522,-2.435336929795806e-05,0.3707451941578664
0.40075,0.4071321508092302,0.9133427647704404,-2.4203202366623877e-05,0.36848411436673434
0.401,0.4061533498438832,0.9137786317987682,-2.4034528111060993e-05,0.3661563512197418
0.40125,0.4051741756280079,0.9142133761513019,-2.3895420596664607e-05,0.3638481767625604
0.4015,0.4041946192251001,0.9146470894602948,-2.370604663226583e-05,0.36150278012295445
0.40175,0.40321471286836463,0.9150796998938309,-2.351936092948037e-05,0.3591609148828201
0.402,0.40223440911555897,0.9155112310278181,-2.3333264913771856e-05,0.35677080598867456
0.40225,0.40125373452723906,0.9159416684476489,-2.315053261414679e-05,0.3543983389495904
0.4025,0.40027270228695194,0.9163710300531391,-2.2949804971750254e-05,0.3519916914978642
0.40275,0.39929128022997373,0.9167993000920871,-2.2758700463088033e-05,0.3495869050181426
0.403,0.39830951228971034,0.9172265104389915,-2.2530737538883905e-05,0.34715132192370257
0.40325,0.3973273428849741,0.9176526109606349,-2.2334345959440505e-05,0.3447405513187128
0.4035,0.39634484571937684,0.9180776462141214,-2.2099641008077597e-05,0.3422983962807348
0.40375,0.3953619431044837,0.9185015802873568,-2.189071673941445e-05,0.3398757717839252
0.404,0.39437868412185684,0.9189244544236178,-2.1650520657057193e-05,0.3374211808705222
0.40425,0.39339508094207276,0.9193461893698787,-2.1447420827547248e-05,0.3349827754077846
0.4045,0.39241107922231655,0.9197668993754909,-2.1198083065554485e-05,0.3325207262225116
0.40475,0.3914267517854685,0.9201864989827091,-2.0952757819991952e-05,0.33008868765543486
0.405,0.39044204083568645,0.9206049753242971,-2.074629331161315e-05,0.3276138127293709
0.40525,0.38945696351524384,0.921022410234928,-2.0496917326751074e-05,0.32519424861184043
0.4055,0.38847152978150945,0.9214387404667762,-2.0259263326272148e-05,0.3227445599325836
0.40575,0.38748574809623204,0.9218539834826478,-2.0014280024516218e-05,0.3203137250282289
0.406,0.3864995835962599,0.9222681566395468,-1.975975952905884e-05,0.3178363810162489
0.40625,0.3855131106273122,0.9226812093311452,-1.9513931231451842e-05,0.3154269842041656
0.4065,0.3845262067666345,0.9230931840708066,-1.928510179916021e-05,0.3129951065521731
0.40675,0.38353899734569746,0.92350407595189,-1.902978871781702e-05,0.31059001028979144
0.407,0.38255141652244135,0.9239138797980857,-1.87783928751184e-05,0.30815970729159275
0.40725,0.38156350489389856,0.9243225721147343,-1.8537377959981782e-05,0.3057441988303873
0.4075,0.38057521200973543,0.924730201080526,-1.828177376916873e-05,0.30333744142178404
0.40775,0.37958656539975166,0.9251367077129597,-1.8055868030053546e-05,0.30095131717226964
0.408,0.3785975989748741,0.9255421675685485,-1.7777209501246283e-05,0.298535749653371
0.40825,0.37760824323449016,0.9259464917371449,-1.7554694601407128e-05,0.2961759117071954
0.4085,0.376618567778586,0.9263497481820773,-1.7299373338497404e-05,0.2938022175363378
0.40875,0.37562854934138673,0.9267519075323045,-1.7047547769655225e-05,0.2914480925419654
0.409,0.37463815479217655,0.9271529832141759,-1.6799486594942792e-05,0.28908050691575093
0.40925,0.37364743992500704,0.9275529583833629,-1.6550152833527676e-05,0.28675081003150704
0.4095,0.3726563692067105,0.9279518467146219,-1.630046714995448e-05,0.28441420099068093
0.40975,0.37166494757184526,0.9283496331291207,-1.6062836729724417e-05,0.2821023334556346
0.41,0.3706732019664182,0.9287463313278133,-1.5814819599668795e-05,0.2797908213061111
0.41025,0.3696810923206525,0.9291419377874846,-1.557483385139502e-05,0.2774857224171732
0.4105,0.36868866354644936,0.9295364625103639,-1.5317235334766366e-05,0.27518712175602017
0.41075,0.3676958730994492,0.9299298810601959,-1.5080722215898845e-05,0.2729214756897651
0.411,0.3667027730210846,0.9303221963226942,-1.4843754151172561e-05,0.2706359345994993
0.41125,0.36570931067730417,0.9307134344824565,-1.4601585503815073e-05,0.2683932745148644
0.4115,0.3647155117307592,0.9311035889718919,-1.4351156294112322e-05,0.2661519187945446
0.41175,0.36372138050060054,0.9314926439770499,-1.4105891179228003e-05,0.2639257112243337
0.412,0.3627269182392604,0.9318805773776699,-1.3886241868488192e-05,0.2616778683261508
0.41225,0.36173211530433047,0.9322674355309217,-1.3652796226115704e-05,0.2594995857456371
0.4125,0.36073699519975044,0.9326532125906242,-1.340275913852551e-05,0.257315433542101
0.41275,0.35974151645865604,0.9330378698463455,-1.3187471264886064e-05,0.2551298264362575
0.413,0.3587457095268144,0.9334214599088431,-1.2947122687290147e-05,0.25296188845734546
0.41325,0.35774960188029925,0.9338039436319754,-1.2708686684348436e-05,0.2508041250801984
0.4135,0.35675313631744787,0.9341853226512881,-1.249141330428305e-05,0.248641813861613
0.41375,0.3557563530338355,0.9345656195615205,-1.2260079982895355e-05,0.24652647063773955
0.414,0.35475924504732526,0.934944819084808,-1.2031732345096913e-05,0.24440740923524798
0.41425,0.35376180751087977,0.9353229204767013,-1.1809058511724757e-05,0.24230701544216285
0.4145,0.35276405396716504,0.9356999302377824,-1.1581457895259994e-05,0.24021236038468946
0.41475,0.35176596078043915,0.9360758340808059,-1.1370907717855872e-05,0.23815114462002998
0.415,0.3507675537691063,0.9364506625843461,-1.1139946137439516e-05,0.23607124922955797
0.41525,0.3497688243960472,0.9368243739910831,-1.0930948153964337e-05,0.23402793216773377
0.4155,0.34876977177300217,0.9371970012060158,-1.0713671320994322e-05,0.23199035989799055
0.41575,0.347770406992271,0.9375685303379115,-1.0497525318453604e-05,0.22997389204618726
0.416,0.34677069805990435,0.9379389652839196,-1.0290237532961655e-05,0.2279706508996904
0.41625,0.34577070530221665,0.9383082985471413,-1.0078166972959934e-05,0.22596165753092104
0.4165,0.3447703674754602,0.9386765424581462,-9.87122354856318e-06,0.2239671923863058
0.41675,0.34376973165637953,0.9390436842351361,-9.665394211322287e-06,0.22200453328703657
0.417,0.3427687714946473,0.9394097395523975,-9.45530577489695e-06,0.22004384361911627
0.41725,0.3417674919382225,0.939774688045107,-9.258624850461139e-06,0.21810415309130537
0.4175,0.3407659130992161,0.9401385498802279,-9.049790329118679e-06,0.21616541960535202
0.41775,0.3397640130273059,0.9405013039082541,-8.856438445503656e-06,0.2142592538517383
0.418,0.3387618180590584,0.9408629711540841,-8.650105627450166e-06,0.2123494479325939
0.41825,0.33775928105944175,0.9412235414739424,-8.456552486157953e-06,0.21047485662516474
0.4185,0.33675646819921284,0.9415830098198508,-8.258406392291917e-06,0.2085831002781812
0.41875,0.3357533306626424,0.9419413773817322,-8.071295146683255e-06,0.20673123034691024
0.419,0.33474987307622855,0.9422986535688012,-7.885010023356287e-06,0.20487049050887607
0.41925,0.3337461372235393,0.9426548288333858,-7.694812338310264e-06,0.2030403918714656
0.4195,0.33274206134268125,0.9430099077626722,-7.517265684597874e-06,0.20120826649021126
0.41975,0.3317377216067609,0.9433638961913944,-7.321739677546013e-06,0.19940344833271823
0.42,0.33073303954567207,0.9437167895802978,-7.138834049902343e-06,0.1976042980478511
0.42025,0.3297280815973823,0.9440685690834245,-6.964561695244065e-06,0.19581780697716622
0.4205,0.3287228294688993,0.9444192691958156,-6.7727017359908714e-06,0.19404186753918767
0.42075,0.32771724728560697,0.9447688543996076,-6.608815836917081e-06,0.19228263449665794
0.421,0.3267114030485131,0.9451173648483899,-6.412910616426792e-06,0.19054420918665804
0.42125,0.32570523323352996,0.945464755001695,-6.24906646373713e-06,0.18880275835258087
0.4215,0.3246987727123004,0.9458110578493308,-6.0749429803275135e-06,0.1870706771297656
0.42175,0.32369201965896865,0.9461562641529242,-5.900124045554733e-06,0.18537350250185758
0.422,0.3226849493655807,0.946500370231631,-5.736318611782032e-06,0.1836524187707147
0.42225,0.32167760837833875,0.9468433747427206,-5.570002416410702e-06,0.18199133788470695
0.4225,0.32066996515054746,0.9471852820662461,-5.40745833654821e-06,0.18031911649735385
0.42275,0.31966202319753756,0.947526095918336,-5.244253257763454e-06,0.17866424691394106
0.423,0.31865379557824375,0.94786580816785,-5.084147867928657e-06,0.17700953906458375
0.42325,0.31764528900732747,0.948204421009446,-4.9231869152510654e-06,0.17538309188999476
0.4235,0.3166364749152929,0.94854193585081,-4.769354180811369e-06,0.17375627936793073
0.42375,0.31562741187264043,0.9488783532455679,-4.603818876458554e-06,0.17215162539014137
0.424,0.3146179907984764,0.9492136872793232,-4.447883652392015e-06,0.17054087325710907
0.42425,0.3136083369521142,0.9495478972275749,-4.3009416590411575e-06,0.16896161111343563
0.4245,0.3125983820708599,0.949881018404592,-4.151209284097845e-06,0.16738781196263391
0.42475,0.31158814986358496,0.9502130413684218,-4.0004469827881195e-06,0.16583515689370357
0.425,0.310577623270859,0.9505439692134862,-3.8512650637478885e-06,0.16427526704808335
0.42525,0.30956681862559376,0.9508737928479672,-3.7074473475673386e-06,0.1627481863540761
0.4255,0.3085557280283776,0.9512025172365797,-3.5669581976982556e-06,0.1612124732801808
0.42575,0.3075443681088621,0.9515301476284088,-3.4199052374450645e-06,0.15970968042259567
0.426,0.306532718177138,0.9518566797364074,-3.2769694280343487e-06,0.15819623216104278
0.42625,0.305520784585393,0.9521821115576936,-3.138312853367964e-06,0.15671004841592162
0.4265,0.30450858845256445,0.9525064422266178,-2.9985422043132814e-06,0.15522973321788858
0.42675,0.3034960994852892,0.9528296701143535,-2.8686776085695698e-06,0.1537651928644084
0.427,0.3024833438998553,0.9531518033561418,-2.733214783501303e-06,0.15229850636710227
0.42725,0.3014703091786045,0.9534728346243424,-2.603161977199342e-06,0.15086163017711698
0.4275,0.30045701309168893,0.9537927672700554,-2.470196726278573e-06,0.1494222752747604
0.42775,0.29944341570488986,0.9541116042274438,-2.3437375076262867e-06,0.14800467070257545
0.428,0.2984295682984214,0.9544293371937743,-2.2165369917281907e-06,0.1465919412581601
0.42825,0.2974154489091988,0.9547459717063151,-2.090132536269884e-06,0.1451936693689849
0.4285,0.296401058687582,0.9550615132874687,-1.959124884542973e-06,0.14379806890063224
0.42875,0.29538639482722767,0.9553759487371247,-1.8371644935344378e-06,0.14242349934872786
0.429,0.29437145879515114,0.9556892746312916,-1.727302256893104e-06,0.14105241523538284
0.42925,0.29335626376848356,0.9560015143832211,-1.6035036775052802e-06,0.13969942941698527
0.4295,0.29234079128469703,0.9563126570976377,-1.4818140444683436e-06,0.13834958798791855
0.42975,0.2913250805650418,0.9566226885000663,-1.3646412696521892e-06,0.13701733292082235
0.43,0.29030907517290927,0.9569316282535114,-1.2498609478495126e-06,0.13569548336153922
0.43025,0.28929282325597905,0.9572394652606178,-1.1342807190173332e-06,0.1343745346274714
0.4305,0.2882763026022981,0.9575461994982964,-1.0245926833629682e-06,0.13306203527055713
0.43075,0.2872595087472867,0.9578518362598962,-9.172043268224073e-07,0.13177382756595546
0.431,0.28624248673983727,0.9581563749482763,-7.999658061530468e-07,0.13049772776945162
0.43125,0.28522518093490973,0.9584598079529312,-6.963499815659802e-07,0.12921710268818323
0.4315,0.28420761630592184,0.9587621436323972,-5.913857331618644e-07,0.12794912857134846
0.43175,0.28318980599864907,0.9590633808134212,-4.826807055158255e-07,0.12670066718456727
0.432,0.28217172196584167,0.95936351231432,-3.852814558502615e-07,0.12545518968328404
0.43225,0.2811534155258258,0.9596625465895807,-2.7680571990096325e-07,0.12422185649643244
0.4325,0.2801348102150349,0.9599604868861009,-1.758616087199627e-07,0.12299851650065062
0.43275,0.27911597415022427,0.9602573194492388,-7.670916990498711e-08,0.12178522283531422
0.433,0.27809688014896417,0.9605530475764348,1.5978481870959627e-08,0.1205778041594298
0.43325,0.2770775447261149,0.9608476790257632,1.1404031763362354e-07,0.11939219687125723
0.4335,0.27605794992293253,0.9611412155258836,2.139490897778984e-07,0.11820518057626155
0.43375,0.2750381047001067,0.96143364156969,3.03089445097271e-07,0.11702605120680515
0.434,0.2740179994451054,0.961724976014213,3.9675463958666057e-07,0.11585424605678944
0.43425,0.2729976778879012,0.9620152039300345,4.923622449748422e-07,0.1147091317347027
0.4345,0.27197708248728114,0.962304330155938,5.786174135380406e-07,0.11356172586971212
0.43475,0.27095623514211387,0.9625923612917551,6.676895898394264e-07,0.11242291016820925
0.435,0.26993517633055863,0.9628792861532056,7.59561469720893e-07,0.11130161913065326
0.43525,0.2689138287772743,0.9631651101829815,8.383903724595854e-07,0.11018223203898887
0.4355,0.2678922720115993,0.9634498366789306,9.28599666272234e-07,0.1090633961289807
0.43575,0.266870463963804,0.9637334542233345,1.0076622403154545e-06,0.10796765299704765
0.436,0.2658484111962436,0.9640159797209562,1.0934458631872701e-06,0.10689017072759903
0.43625,0.2648261421425365,0.9642973961759218,1.1769161882835277e-06,0.10579791627734009
0.4365,0.26380359113800156,0.9645777177035217,1.2540929339444062e-06,0.10473019756576121
0.43675,0.26278082749762005,0.9648569370570956,1.3361428743419168e-06,0.10365738999253432
0.437,0.26175780442582913,0.9651350500253979,1.4064816900027921e-06,0.10260613970435038
0.43725,0.26073456588229427,0.9654120698464703,1.4892244284414602e-06,0.10156391539819533
0.4375,0.259711088138491,0.9656879785764592,1.5606333656492666e-06,0.10051946647919112
0.43775,0.258687387434127,0.9659627926999272,1.6406477225672234e-06,0.09949154039376086
0.438,0.25766342850247803,0.9662365011337732,1.709253983017689e-06,0.09847500233330354
0.43825,0.256639255725854,0.9665091129727186,1.7865178199016896e-06,0.09745334653964154
0.4385,0.25561483285658315,0.9667806157469938,1.8508785049053955e-06,0.09645224977915486
0.43875,0.2545902046333299,0.9670510198664009,1.923658093261338e-06,0.09545665128136073
0.439,0.25356531296940865,0.9673203272119941,1.99168741343847e-06,0.09447700669167555
0.43925,0.2525402346922243,0.9675885270459552,2.0639025526403287e-06,0.09348812920012668
0.4395,0.2515148830785431,0.9678556251792992,2.12379835740073e-06,0.0925136038145904
0.43975,0.2504893398589383,0.9681216191467557,2.1894187545168364e-06,0.09155800071404002
0.44,0.24946356265631173,0.9683865148987327,2.255662902461708e-06,0.09060628904278648
0.44025,0.24843755021097458,0.9686503132594105,2.3228634944416626e-06,0.08965285351067723
0.4405,0.24741130259714683,0.9689130000271966,2.3771344341838585e-06,0.08871490716911126
0.44075,0.24638485736383978,0.9691745921946213,2.4440439183592844e-06,0.08778780807410365
0.441,0.2453581747097921,0.9694350816720496,2.5057335677480808e-06,0.08686044459224415
0.44125,0.2443312801372287,0.9696944615809916,2.5616338921174986e-06,0.08594255957803484
0.4415,0.24330413767486464,0.9699527439234525,2.6144237543768156e-06,0.08503266578312264
0.44175,0.24227682057669814,0.9702099212806665,2.674566518701127e-06,0.08413553420635993
0.442,0.24124925013888027,0.9704660043817082,2.7331728498225516e-06,0.08324531427480163
0.44225,0.24022146893103152,0.9707209771164726,2.784770793518021e-06,0.08235871822134186
0.4425,0.23919347506218522,0.9709748524772113,2.841323696545217e-06,0.08148355810350982
0.44275,0.23816526085039444,0.9712276220335295,2.892634236806302e-06,0.08061133253992857
0.443,0.23713685283394176,0.9714792901953604,2.949120885276102e-06,0.0797511700555197
0.44325,0.23610822626119557,0.971729854890715,3.0026925608162003e-06,0.07889910101699361
0.4435,0.2350793573748135,0.9719793160145382,3.0475072787528035e-06,0.07804499630924867
0.44375,0.23405030736259136,0.9722276760027249,3.100176285908418e-06,0.07720916538760778
0.444,0.23302101088883698,0.9724749328327283,3.143246897430174e-06,0.07637135988372168
0.44425,0.2319915445183672,0.972721087763309,3.195648620168967e-06,0.07554579564411293
0.4445,0.23096185236360073,0.9729661390690207,3.2425057943097357e-06,0.07472385089766904
0.44475,0.2299319472235617,0.9732100888618767,3.2887028724726264e-06,0.07391689174911714
0.445,0.22890185289284237,0.9734529331979216,3.335699143347526e-06,0.07311465889538005
0.44525,0.22787153686224376,0.9736946774012338,3.3810500110753594e-06,0.07231166610766393
0.4455,0.22684100486540779,0.9739353160266188,3.420640258600116e-06,0.07152138061965442
0.44575,0.22581028993346247,0.9741748529938998,3.465616755127243e-06,0.07073739324342979
0.446,0.22477935086741746,0.9744132863868371,3.50462564568943e-06,0.06995776625901208
0.44625,0.2237482285864548,0.9746506149508856,3.5455035727327555e-06,0.06918185300246024
0.4465,0.22271689235794506,0.974886844298771,3.5866577663412613e-06,0.06842112167920403
0.44675,0.22168535815267632,0.9751219699392246,3.6271321390835e-06,0.06766383054246261
0.447,0.22065364804123422,0.9753559913421224,3.6711137010314587e-06,0.06691172846098868
0.44725,0.21962170647917453,0.9755889107664053,3.708376726807572e-06,0.06617184498023777
0.4475,0.21858957075732757,0.9758207217288521,3.740692648968036e-06,0.0654321200439881
0.44775,0.21755725945452753,0.9760514327122762,3.780213380766284e-06,0.06470114421177439
0.448,0.21652472306032508,0.9762810403625595,3.812726607543837e-06,0.06397521531222561
0.44825,0.215492017742634,0.9765095429880584,3.848621363156113e-06,0.06325439116849133
0.4485,0.21445910251173145,0.9767369462592093,3.884411406973598e-06,0.06254592029517644
0.44875,0.21342599403072485,0.9769632415152953,3.915092374295881e-06,0.06184069721374514
0.449,0.21239269730026317,0.9771884392028956,3.951781327948822e-06,0.0611419336830686
0.44925,0.21135920306307232,0.9774125254005124,3.978756716760401e-06,0.06044595994251618
0.4495,0.21032554209861598,0.977635512754401,4.014720759615287e-06,0.05976374226243359
0.44975,0.20929166897749582,0.9778573936457196,4.04249732177675e-06,0.059081274041597354
0.45,0.20825763468105923,0.9780781746103671,4.079017729363699e-06,0.05840710877890599
0.45025,0.20722338288082442,0.9782978482227884,4.105116529373731e-06,0.057742008513341825
0.4505,0.20618895041859803,0.978516420573744,4.134295041424707e-06,0.057075923116989065
0.45075,0.20515435007518124,0.9787338875861509,4.165023461455419e-06,0.05641926429190254
0.451,0.20411952033173042,0.9789502498812308,4.185152732372188e-06,0.05577122359948111
0.45125,0.20308457394641094,0.9791655078047667,4.217915885673662e-06,0.05512410828075699
0.4515,0.20204937142099036,0.979379666040242,4.239363370572846e-06,0.05448300297580934
0.45175,0.20101404081821977,0.979592715960933,4.266875790026603e-06,0.053855450084762904
0.452,0.1999785153156011,0.9798046637347562,4.292822891160952e-06,0.053228474410926686
0.45225,0.19894281190535332,0.9800155068205134,4.3179994155817525e-06,0.05260572149130055
0.4525,0.19790691515512485,0.9802252461011234,4.340070694830445e-06,0.0519853520337248
0.45275,0.1968708568515004,0.9804338789692366,4.362644537403426e-06,0.05137830883527992
0.453,0.19583460550992535,0.9806414106765893,4.384514887600943e-06,0.05077776850211868
0.45325,0.1947981914644632,0.980847835428069,4.405821171449276e-06,0.05017413626774707
0.4535,0.19376160424904745,0.9810531600341417,4.431037252672354e-06,0.049576532348681424
0.45375,0.1927248401267574,0.9812573758925689,4.450862822080737e-06,0.04899219495875753
0.454,0.19168788966472478,0.9814604893771923,4.4696163279400736e-06,0.04841063471673858
0.45425,0.19065079194994508,0.9816624974183543,4.491644303383779e-06,0.047828518213532345
0.4545,0.18961349772063135,0.9818634026601023,4.509990392920216e-06,0.04725884156601693
0.45475,0.18857603055676175,0.982063203780982,4.527750305349798e-06,0.04668741944921376
0.455,0.18753843389417602,0.9822618965437189,4.548784226177105e-06,0.04612413719149493
0.45525,0.18650063227164823,0.9824594883018224,4.565985577409393e-06,0.04556704590523994
0.4555,0.1854626580868898,0.9826559733065447,4.579699356854761e-06,0.04501729129818258
0.45575,0.18442452304577894,0.9828513544872797,4.5948485154490015e-06,0.04447376888981052
0.456,0.1833862486760125,0.9830456352989054,4.6186311786211576e-06,0.04392817308983111
0.45625,0.18234779236653437,0.9832388040127457,4.6315379560457615e-06,0.04339430130071322
0.4565,0.18130915585835675,0.9834308718754101,4.644867062086888e-06,0.04285943496197709
0.45675,0.1802703712559527,0.983621833847077,4.659375868021343e-06,0.04233797074446155
0.457,0.17923143176428136,0.9838116915885001,4.67530832093388e-06,0.041811728574879456
0.45725,0.17819233670695106,0.9840004431255582,4.690455189138021e-06,0.04129698095980593
0.4575,0.17715305395337422,0.9841880931581135,4.703608543321636e-06,0.04079136247471129
0.45775,0.17611362763491845,0.9843746354447047,4.716361690970672e-06,0.04028047854092375
0.458,0.17507403799178733,0.9845600718841209,4.726952435474274e-06,0.03978463080917791
0.45825,0.17403429949305455,0.9847444048747256,4.7401548233239055e-06,0.039280702055496455
0.4585,0.17299440102255934,0.9849276336542767,4.753149187353145e-06,0.038790232809810074
0.45875,0.171954350586525,0.985109755670289,4.7646898539976945e-06,0.0382999392524799
0.459,0.17091412734543185,0.9852907723926071,4.772532746999403e-06,0.037811824236008
0.45925,0.16987376821562644,0.985470684863335,4.783914950623469e-06,0.037339805510240465
0.4595,0.16883324150543372,0.9856494915476907,4.791801246017968e-06,0.03686457690108728
0.45975,0.16779259397779744,0.9858271941521544,4.805650306582976e-06,0.03639770375252697
0.46,0.16675175418566518,0.9860037915267303,4.812202963444534e-06,0.03593418439531925
0.46025,0.16571080298249352,0.9861792811157546,4.822351917121992e-06,0.035473556443621664
0.4605,0.1646696626139341,0.986353667960775,4.828030875758671e-06,0.035018899760972035
0.46075,0.16362842438449993,0.9865269483819126,4.840563425867472e-06,0.03456993750621411
0.461,0.1625869986605677,0.986699122801432,4.845523543961505e-06,0.03412504328614836
0.46125,0.161545440833384,0.9868701934271309,4.854052696678934e-06,0.03368162327034053
0.4615,0.160503749891454,0.9870401570876477,4.8627045903248955e-06,0.0332417259925055
0.46175,0.15946190484887462,0.9872090160092535,4.870182135574552e-06,0.03280756016430469
0.462,0.15841988423207942,0.9873767684946716,4.871329677857972e-06,0.032382556787813405
0.46225,0.15737778024409804,0.9875434158606866,4.881950259605361e-06,0.031954205998732735
0.4625,0.1563354977673369,0.9877089584641823,4.8872343378914e-06,0.031533287426048315
0.46275,0.15529308968400252,0.9878733934672949,4.892600127481828e-06,0.03111647243985749
0.463,0.1542505221017052,0.9880367255292839,4.8972696473637e-06,0.030703481606865576
0.46325,0.15320783766791593,0.9881989495083763,4.902654150429342e-06,0.030298384572438886
0.4635,0.15216501306272634,0.9883600686545987,4.9082436059944e-06,0.029895592300185795
0.46375,0.15112202482230316,0.9885200815443461,4.908989367669037e-06,0.029493860013258346
0.464,0.15007892912878015,0.9886789902507402,4.9153537520219e-06,0.029102935449113753
0.46425,0.14903569723996962,0.988836790978198,4.919109833245727e-06,0.028704055495874802
0.4645,0.147992320132942,0.9889934855342896,4.920611690772958e-06,0.028318516543152122
0.46475,0.14694881559074033,0.9891490758887544,4.924355424540394e-06,0.02793587047390427
0.465,0.14590517933340996,0.9893035606438205,4.928217284261294e-06,0.02755462567198225
0.46525,0.14486139593284772,0.9894569377429681,4.927827510714522e-06,0.027179430335925365
0.4655,0.14381751598147322,0.9896092100177056,4.933215306035521e-06,0.026806014542264816
0.46575,0.14277348656332484,0.9897603753027004,4.934480220653015e-06,0.02643856896284438
0.466,0.1417293319036277,0.9899104347702947,4.936182298242997e-06,0.026079346567858555
0.46625,0.1406850498740208,0.9900593891466655,4.9386355669422954e-06,0.02571632767429028
0.4665,0.1396406317601039,0.9902072365489579,4.938663947351429e-06,0.02535679260431344
0.46675,0.13859611483752077,0.9903539775537186,4.941940051850224e-06,0.025008861946072464
0.467,0.13755143716665746,0.990499612865714,4.940464666924882e-06,0.02465983930635729
0.46725,0.13650666441801557,0.9906441416559186,4.942401648611039e-06,0.024311440560405247
0.4675,0.13546176331238574,0.990787564743401,4.943872708995656e-06,0.023969238141792422
0.46775,0.13441675699632838,0.9909298805692031,4.946370919300946e-06,0.023631765869077892
0.468,0.13337156875910872,0.9910710908160765,4.9411901088536325e-06,0.0233004333688567
0.46825,0.13232633702536137,0.9912111940409433,4.945319082905186e-06,0.02296486922393231
0.4685,0.13128092351870616,0.9913501918000943,4.941818793291475e-06,0.02264071718332334
0.46875,0.13023543992562808,0.9914880823041177,4.943569639870304e-06,0.022314319123852247
0.469,0.12918982055045092,0.991624867019796,4.943300724979949e-06,0.021994883079318905
0.46925,0.12814408882401856,0.9917605447139707,4.942763729420818e-06,0.021680026145781787
0.4695,0.1270982284169666,0.9918951164814076,4.940870992120594e-06,0.021367519615527342
0.46975,0.1260522751638329,0.9920285815948813,4.941375356670719e-06,0.02105863699991842
0.47,0.12500618452619322,0.9921609402015962,4.938703560553037e-06,0.0207575330400926
0.47025,0.12395999909129352,0.992292191634724,4.937464789467327e-06,0.020449415923182758
0.4705,0.12291368363542457,0.9924223368462874,4.93413596469594e-06,0.02015226763768533
0.47075,0.12186728325616972,0.9925513755397688,4.933894891756552e-06,0.01985453467876468
0.471,0.12082075525976908,0.9926793076143599,4.9313214740553946e-06,0.019561100037179025
0.47125,0.11977411989488364,0.9928061331008495,4.92884748104494e-06,0.0192755931243082
0.4715,0.1187273918045374,0.9929318510588163,4.927193759218795e-06,0.01898787048809705
0.47175,0.11768054573229716,0.9930564631132905,4.924875337541934e-06,0.018706151494414146
0.472,0.1166336017348586,0.9931799679996132,4.922932561601812e-06,0.018425333442931773
0.47225,0.11558655771660017,0.9933023659158271,4.92121726725081e-06,0.018149186155813204
0.4725,0.11453939759133654,0.9934236576969385,4.9186241788401475e-06,0.017876674527681748
0.47275,0.11349212572695654,0.9935438423563934,4.914631087649113e-06,0.01760811217174058
0.473,0.11244476335973264,0.993662919721152,4.91140583447347e-06,0.017341008426710103
0.47325,0.11139730148106253,0.9937808905436911,4.9085814901594915e-06,0.01707777638130744
0.4735,0.11034974321600897,0.9938977545884826,4.906189898123969e-06,0.016818447626277166
0.47375,0.1093020888191633,0.994013511227686,4.903549690293829e-06,0.016561331579897833
0.474,0.10825429968803235,0.9941281615310658,4.897463048880724e-06,0.016309483569627376
0.47425,0.10720645976865395,0.9942417043664977,4.895846878349985e-06,0.01605845064574538
0.4745,0.10615848440949235,0.994354140337077,4.890096847454117e-06,0.015810130433334558
0.47475,0.10511047045718236,0.9944654691602214,4.890163938009451e-06,0.015566740128304751
0.475,0.10406229488412255,0.9945756911763222,4.883335781080689e-06,0.015325275306463843
0.47525,0.10301408632610343,0.9946848055439486,4.882168884501326e-06,0.015087031629141275
0.4755,0.10196572397808722,0.9947928134435817,4.875260801950887e-06,0.014851710241416412
0.47575,0.10091732222869015,0.9948997135375368,4.872949568301976e-06,0.014619916850195678
0.476,0.09986880551813031,0.995005506947057,4.8685734426179295e-06,0.014391183074512912
0.47625,0.09882019455437671,0.995110193033554,4.863553694001155e-06,0.014160590819188034
0.4765,0.09777151536217969,0.9952137718323897,4.860418722607562e-06,0.013938999406859377
0.47675,0.09672273948274146,0.9953162435000625,4.856442268552641e-06,0.013716769374619478
0.477,0.09567388363861472,0.9954176075522887,4.852706034341736e-06,0.013498913050852478
0.47725,0.09462492065134978,0.9955178646815647,4.847242460304102e-06,0.013284949545876813
0.4775,0.09357589282161616,0.9956170145624759,4.843690099232134e-06,0.01307418584827157
0.47775,0.09252676979515313,0.9957150570920303,4.839012547330768e-06,0.012865941192351524
0.478,0.09147757975651952,0.995811992211756,4.835703736327801e-06,0.012657825762128634
0.47825,0.09042828734129979,0.9959078197964988,4.830329981997394e-06,0.01245397224628247
0.4785,0.08937891786195937,0.996002540171867,4.825481850545543e-06,0.012254193189955244
0.47875,0.08832948910577754,0.9960961530162725,4.822338125043402e-06,0.012056026286247669
0.479,0.08727994595662864,0.996188658629364,4.816262383577907e-06,0.011860758438641655
0.47925,0.08623036292597419,0.996280056634033,4.8133569443553625e-06,0.011668015964671088
0.4795,0.08518067502648664,0.996370347284387,4.808161229608032e-06,0.01147768680670667
0.47975,0.0841309063102243,0.9964595300030894,4.80215374842885e-06,0.011290338088030042
0.48,0.08308108039773646,0.9965476061190562,4.7985793252269815e-06,0.011111513788435784
0.48025,0.08203117749074171,0.996634573868822,4.793944112124748e-06,0.010922161741579462
0.4805,0.08098119897442227,0.9967204342800955,4.789337949562267e-06,0.010746047909962407
0.48075,0.07993113638803437,0.9968051874119765,4.784096410359595e-06,0.01056885976393138
0.481,0.07888099164234269,0.9968888327319467,4.777822657509034e-06,0.010396326401450764
0.48125,0.07783081615766942,0.9969713702906617,4.774550106168007e-06,0.010223343390158072
0.4815,0.0767805487378883,0.9970528005783451,4.769891430278506e-06,0.010054687701461555
0.48175,0.07573021095228041,0.9971331229728491,4.764878879903733e-06,0.009889288097998276
0.482,0.07467980316457917,0.9972123376916201,4.759711215607254e-06,0.009725336398772533
0.48225,0.07362934472694056,0.997290444724932,4.7557609770265685e-06,0.009564796004882158
0.4825,0.07257881002511188,0.9973674443750473,4.751370649369591e-06,0.009407064369068567
0.48275,0.07152819657195925,0.9974433356679007,4.745375313364164e-06,0.009251278552088559
0.483,0.0704775390251818,0.9975181201077086,4.741713889533372e-06,0.009099694638138542
0.48325,0.06942682185927435,0.9975917961968601,4.737705155521965e-06,0.008948623609505268
0.4835,0.06837602233411787,0.9976643645213235,4.732321788436522e-06,0.008800796728651335
0.48375,0.06732516476232009,0.9977358254166908,4.727553924555039e-06,0.008655648735763943
0.484,0.06627424799839178,0.997806178014,4.722404178592043e-06,0.0085148853921731
0.48425,0.06522327892752572,0.9978754230988667,4.718058270070102e-06,0.008371455170250916
0.4845,0.06417225679066016,0.9979435604068152,4.7141384071913706e-06,0.008233727550383884
0.48475,0.06312116487586952,0.9980105898136371,4.709406635994284e-06,0.008098536330112219
0.485,0.06207001645264215,0.9980765111997104,4.704564442015169e-06,0.007964887006832122
0.48525,0.061018828728387695,0.9981413247763123,4.700831749193668e-06,0.007833639633286194
0.4855,0.05996756449810847,0.9982050306644195,4.696006768334371e-06,0.007706961281193831
0.48575,0.05891625331333018,0.998267628510138,4.691506862553041e-06,0.007581146690571241
0.486,0.057864887522526554,0.998329118318564,4.686834374822979e-06,0.007459218384232668
0.48625,0.05681348009223633,0.9983895001964851,4.682800424760103e-06,0.007337340549679287
0.4865,0.05576201484437534,0.9984487744483446,4.678737507424202e-06,0.007218463852567324
0.48675,0.054710508924082274,0.9985069404710818,4.6749668987100534e-06,0.00710222674155148
0.487,0.05365892413547306,0.9985639984460146,4.669555031977524e-06,0.0069883682352027115
0.48725,0.05260731590797313,0.9986199484772247,4.665580964235971e-06,0.006875951913306242
0.4875,0.05155567253650127,0.9986747907679507,4.662532181010093e-06,0.006767154149414417
0.48775,0.050503944668113754,0.9987285246939321,4.657221334358752e-06,0.006660842073769626
0.488,0.04945220519030466,0.9987811509053579,4.653990177905243e-06,0.0065582336273424646
0.48825,0.04840040873906648,0.9988326688206708,4.649923955435398e-06,0.006454626587133009
0.4885,0.0473485653006766,0.9988830788605707,4.645924210455732e-06,0.006354686040989555
0.48875,0.04629668626383021,0.9989323808245093,4.642298591539529e-06,0.006257606399820989
0.489,0.04524474841744408,0.9989805745398513,4.637772910154325e-06,0.006162984209038095
0.48925,0.04419280434601342,0.9990276603240642,4.635013527654053e-06,0.006069293601204405
0.4895,0.043140784956691,0.9990736380722536,4.63079808166178e-06,0.005979514714861043
0.48975,0.0420887595989847,0.999118507557906,4.62790395050483e-06,0.005890549831004731
0.49,0.04103668090926245,0.9991622688994097,4.624375440132056e-06,0.005805829436563328
0.49025,0.039984558509360536,0.9992049222742733,4.6207974866430135e-06,0.005721495057780072
0.4905,0.038932399741018135,0.999246467489264,4.617259024009002e-06,0.005639616822846185
0.49075,0.037880216838554734,0.9992869044581909,4.614114039735995e-06,0.00556029255200563
0.491,0.036827989673051176,0.9993262333815319,4.610763309598198e-06,0.005484780935455903
0.49125,0.035775750167959974,0.9993644540406758,4.608139431594438e-06,0.005409468421851005
0.4915,0.03472344885327326,0.9994015665827136,4.604583522915817e-06,0.00533623972810551
0.49175,0.03367114525024611,0.9994375709651007,4.6021289521469555e-06,0.005266868416277301
0.492,0.032618777740811386,0.9994724671295363,4.598595079841061e-06,0.005197982984337189
0.49225,0.03156641896256147,0.9995062550287716,4.596313316840295e-06,0.005132060072512413
0.4925,0.030514002963028006,0.9995389348145791,4.593282996401271e-06,0.0050687036343147075
0.49275,0.029461575571382792,0.9995705063739659,4.590813389659942e-06,0.005007735667846745
0.493,0.02840912141926313,0.9996009697569952,4.588448942799417e-06,0.004948496277471394
0.49325,0.02735662495928441,0.9996303247428644,4.585526830247488e-06,0.004891276720734873
0.4935,0.026304105488590454,0.9996585716825763,4.5829415000753215e-06,0.004836435474100255
0.49375,0.025251599779434745,0.9996857103027706,4.581326993546853e-06,0.004784223337377301
0.494,0.024199023016506165,0.9997117406623768,4.578556094703146e-06,0.004733630478315993
0.49425,0.02314645137486837,0.9997366627620291,4.576530431732451e-06,0.004684981267291137
0.4945,0.022093840637213646,0.9997604766215316,4.5741938456966835e-06,0.004639016888083406
0.49475,0.02104124293375207,0.9997831821735306,4.572620159626339e-06,0.004594785548273095
0.495,0.019988595320337147,0.9998047795144547,4.570530968805997e-06,0.004552975462076062
0.49525,0.018935938660668585,0.9998252685323592,4.568673946048207e-06,0.004513378931315482
0.4955,0.0178832749042532,0.9998446492942237,4.567111365760823e-06,0.004476236165424045
0.49575,0.016830575876302704,0.9998629217715203,4.565298483694136e-06,0.0044409240467284256
0.496,0.015777886426254318,0.9998800859756309,4.564004942420041e-06,0.004407583642668443
0.49625,0.014725152136116684,0.9998961418342684,4.56226983636121e-06,0.004376940432632121
0.4965,0.013672421504470011,0.9999110893975598,4.560894604432875e-06,0.004348229408151558
0.49675,0.012619709437131223,0.9999249287207517,4.56006134186282e-06,0.004321469838848349
0.497,0.011566912082391178,0.9999376597111413,4.558371468732503e-06,0.004296904344111086
0.49725,0.010514183520521279,0.9999492823730118,4.557676316130355e-06,0.004274398859458702
0.4975,0.009461390903091591,0.9999597967380816,4.55649476238662e-06,0.004254274592807316
0.49775,0.008408609851511801,0.9999692027906024,4.555614277146347e-06,0.004236267018391082
0.498,0.0073558161451080335,0.9999775005102689,4.554768589848379e-06,0.004220446010677152
0.49825,0.006303032453042502,0.9999846899416469,4.554157527758562e-06,0.0042062989511767995
0.4985,0.005250214875917319,0.9999907710351396,4.553445481114693e-06,0.00419468740508504
0.49875,0.004197409707225003,0.9999957438102896,4.552933107637713e-06,0.00418501920798078
0.499,0.0031446014673847953,0.9999996082719653,4.55252087361302e-06,0.004177597576725716
0.49925,0.002091799514455925,1.0000023644011489,4.5522061871139385e-06,0.004172387064503765
0.4995,0.001038977652480224,1.0000040122091431,4.551944113195816e-06,0.004169169569205616
0.49975,-1.3834014189919008e-05,1.0000045516872673,4.55178295699632e-06,0.004168142195108592
0.5,-0.001066674818948471,1.0000039828452207,4.551740377722879e-06,0.004169234398200649
0.50025,-0.0021194730202796683,1.0000023056735428,4.551748783443443e-06,0.004172509837805504
0.5005,-0.0031722940553418435,0.9999995201819184,4.551896460425198e-06,0.004177883948734077
0.50075,-0.00422510451865977,0.9999956263742763,4.552127576440412e-06,0.004185471390700216
0.501,-0.0052779155759609935,0.9999906242407547,4.552470758145688e-06,0.004194978137865349
0.50125,-0.006330722397884476,0.9999845137744274,4.5529070140659655e-06,0.004206832313835781
0.5015,-0.007383513343087223,0.9999772949967669,4.553378802674146e-06,0.004220725957534127
0.50175,-0.008436312843262041,0.9999689678915673,4.554049888305656e-06,0.00423679522783048
0.502,-0.009489069431550718,0.999959532469696,4.554497473163721e-06,0.004254852077702294
0.50225,-0.010541848219504851,0.9999489887238722,4.555296513553131e-06,0.0042754205034136366
0.5025,-0.011594632714043722,0.9999373366970915,4.556403942590492e-06,0.004297812837335191
0.50275,-0.01264739498020652,0.9999245763673315,4.557501200874725e-06,0.004322569506141401
0.503,-0.013700111430287206,0.9999107076526121,4.558155386469309e-06,0.004348929127257958
0.50325,-0.014752842853263164,0.9998957307134921,4.559325267106118e-06,0.00437802880839579
0.5035,-0.01580557379268171,0.9998796454451768,4.560758843918933e-06,0.0044093630475718435
0.50375,-0.0168582727421803,0.999862451867972,4.561997235086324e-06,0.004442611080547345
0.504,-0.017910972575366474,0.99984414999542,4.563598916540457e-06,0.0044770586115423765
0.50425,-0.01896363502920419,0.9998247398468953,4.564921297189883e-06,0.0045152630370982865
0.5045,-0.020016294812285097,0.9998042214107015,4.566593908572614e-06,0.00455472201497266
0.50475,-0.02106893197009059,0.999782594674496,4.568243779479175e-06,0.004596176305175553
0.505,-0.022121562047569703,0.9997598596792745,4.570256229907699e-06,0.004640731409430613
0.50525,-0.023174149720192265,0.999736016427462,4.5718683012729855e-06,0.004686967289865237
0.5055,-0.024226739777091187,0.9997110649321346,4.57412352350417e-06,0.0047347481983041366
0.50575,-0.025279283168875448,0.9996850050738004,4.575752999613769e-06,0.0047857385888042045
0.506,-0.026331825942610125,0.999657837096616,4.5781525983557e-06,0.004838512388539436
0.50625,-0.02738431907643292,0.9996295607707688,4.579838532636771e-06,0.004893550586209515
0.5065,-0.028436817853867632,0.9996001762272155,4.582451067713933e-06,0.004950463465003033
0.50675,-0.02948928983388865,0.9995696835009298,4.585184016026034e-06,0.0050099374852282785
0.507,-0.030541710929039227,0.9995380824505256,4.5871771521266425e-06,0.005071422813894135
0.50725,-0.031594123471273106,0.9995053732798311,4.5899160527884675e-06,0.005135794063527527
0.5075,-0.03264651581675581,0.9994715558325271,4.592946085457683e-06,0.005201085742132465
0.50775,-0.03369885293099585,0.9994366302294719,4.595256095418776e-06,0.005269235278607226
0.508,-0.03475116493873947,0.9994005963605344,4.597724626131949e-06,0.0053386068526981014
0.50825,-0.0358034538518808,0.9993634542941768,4.600532674148283e-06,0.005412475072473375
0.5085,-0.036855723054500036,0.9993252041358662,4.603960932048068e-06,0.005487712016955418
0.50875,-0.03790791334276426,0.9992858457606086,4.60570514237979e-06,0.005564157116241705
0.509,-0.03896014375978324,0.9992453792224056,4.610338928401347e-06,0.005643030904134094
0.50925,-0.040012276156691035,0.9992038045744401,4.612648999424707e-06,0.005725262994453365
0.5095,-0.04106440907288493,0.9991611216860345,4.616380044453194e-06,0.00580875192341196
0.50975,-0.0421164866257654,0.999117330572769,4.619337607758567e-06,0.005894800302816338
0.51,-0.04316852312396505,0.9990724315174366,4.62239275034193e-06,0.005984669864980702
0.51025,-0.044220524238673606,0.9990264242819265,4.6255780394854895e-06,0.006074776794941367
0.5105,-0.04527248927556135,0.998979309127672,4.629164488623161e-06,0.006166325806247347
0.51075,-0.04632440504340253,0.9989310856689353,4.632198442822144e-06,0.006261844620252287
0.511,-0.04737631837690167,0.9988817540603635,4.637058077960887e-06,0.006359602046873569
0.51125,-0.048428147574635275,0.9988313144589019,4.640099839026135e-06,0.006460061898276047
0.5115,-0.04947994535178254,0.9987797669065652,4.643876191368079e-06,0.006561197169795375
0.51175,-0.050531702249000165,0.9987271112045679,4.647782800626388e-06,0.006666332673655425
0.512,-0.05158340795412781,0.9986733475944733,4.651575038261413e-06,0.0067717832625387026
0.51225,-0.052635074110828184,0.9986184758441439,4.655651129059635e-06,0.006882930530016857
0.5125,-0.0536866864815453,0.9985624959922745,4.659342989876691e-06,0.006994148213554257
0.51275,-0.054738264505754024,0.9985054082968906,4.663988744768588e-06,0.007108318574268505
0.513,-0.055789763926799706,0.9984472125289912,4.666972069911068e-06,0.007224358048806381
0.51325,-0.05684124093284365,0.9983879088523966,4.671595811522877e-06,0.0073428218890023425
0.5135,-0.057892657313440773,0.9983274971039094,4.675611353199827e-06,0.007463692188967263
0.51375,-0.05894401565515106,0.99826597759223,4.679488913916785e-06,0.007586235792646906
0.514,-0.05999532217688061,0.9982033497840207,4.683090608192941e-06,0.00771191985628573
0.51425,-0.061046588788714676,0.9981396145177603,4.688025212029601e-06,0.007839707184115625
0.5145,-0.0620977991857644,0.9980747709664703,4.69254073398595e-06,0.00797087797100899
0.51475,-0.06314894342416677,0.9980088197400991,4.69665627789162e-06,0.008103913328234782
0.515,-0.06420003554655561,0.997941760620039,4.701065751122613e-06,0.008238230632750242
0.51525,-0.06525105617473032,0.9978735937569383,4.7047135851574495e-06,0.008378782669743552
0.5155,-0.06630204612665172,0.9978043187824543,4.709939657399076e-06,0.00851923834889921
0.51575,-0.06735295991295656,0.9977339361746596,4.714290695817525e-06,0.008659698835854249
0.516,-0.0684038191056476,0.9976624454136829,4.7187173908280755e-06,0.008807449757983393
0.51625,-0.06945460106405761,0.997589847340475,4.722551728564284e-06,0.008954300785145114
0.5165,-0.07050533402203082,0.9975161411054666,4.726934577758968e-06,0.009105391382707636
0.51675,-0.07155600133298654,0.9974413273539258,4.7314089708372364e-06,0.0092588893812923
0.517,-0.07260661606184943,0.9973654057724097,4.736652540193731e-06,0.009411540296366365
0.51725,-0.07365714912145026,0.9972883762869647,4.7405356586871505e-06,0.009572321405574388
0.5175,-0.07470763901919068,0.9972102393914444,4.746426217394628e-06,0.009731366007491813
0.51775,-0.07575801701323617,0.9971309946674581,4.74882287049283e-06,0.00989613586799794
0.518,-0.07680838135208379,0.9970506420310703,4.755098942821334e-06,0.010061714598019909
0.51825,-0.07785864140002975,0.9969691820524219,4.758990142850195e-06,0.01022945094260426
0.5185,-0.07890884059475015,0.996886614448175,4.763583629996404e-06,0.010400997521124973
0.51875,-0.07995897074057678,0.9968029392094403,4.768297867441262e-06,0.01057396305050198
0.519,-0.08100902277647248,0.9967181557377022,4.771862797348092e-06,0.010748457646616158
0.51925,-0.08205900715068168,0.996632265651566,4.7767847559665455e-06,0.010929643156233676
0.5195,-0.08310892113887189,0.996545267270688,4.78123480696091e-06,0.011112111704456666
0.51975,-0.08415875280197443,0.9964571617676646,4.7854441764805244e-06,0.011295780521473977
0.52,-0.08520852992615101,0.9963679484565435,4.7911303611147815e-06,0.01148271747425122
0.52025,-0.08625821068214258,0.9962776275656864,4.795037502391963e-06,0.011672663055383163
0.5205,-0.08730780629246801,0.9961861994872576,4.798532721617121e-06,0.011865376041538806
0.52075,-0.08835734512517687,0.9960936637543889,4.803693067767512e-06,0.012060855588521234
0.521,-0.08940680146758648,0.9960000209760377,4.8089549029572964e-06,0.012257190343283507
0.52125,-0.0904561635746299,0.9959052701328315,4.812291914957356e-06,0.012458744230973103
0.5215,-0.09150546277226734,0.9958094121065988,4.817467024409439e-06,0.012663635174492236
0.52175,-0.09255465848083104,0.9957124467024305,4.820650702619389e-06,0.012868657866389651
0.522,-0.0936037750834049,0.9956143740526249,4.824253395652178e-06,0.013079799564408568
0.52225,-0.09465281712835921,0.9955151939998613,4.828625800312736e-06,0.013290293928181622
0.5225,-0.09570177134593133,0.995414906708249,4.832756192785226e-06,0.01350481775448723
0.52275,-0.09675062743235008,0.9953135117716018,4.835300145833443e-06,0.013723702809214259
0.523,-0.09779943989600667,0.9952110100109507,4.84243376996929e-06,0.013945771452297443
0.52325,-0.09884812581376397,0.995107400970456,4.8457097943099825e-06,0.01416729749215586
0.5235,-0.09989672774340486,0.9950026839973225,4.84867610284212e-06,0.014396161092543096
0.52375,-0.10094523880485003,0.9948968608425928,4.85246413362006e-06,0.014623527770479181
0.524,-0.10199367310348337,0.9947899293488104,4.856431683242235e-06,0.014857824853982302
0.52425,-0.10304200290872462,0.9946818915136995,4.859822547276238e-06,0.015093356431001362
0.5245,-0.10409023928328287,0.994572746096029,4.862583701248369e-06,0.015329420018848244
0.52475,-0.10513839428553559,0.994462493755102,4.8667074359354245e-06,0.015570897863364446
0.525,-0.10618645400687822,0.9943511350065264,4.871339795986529e-06,0.015817270811071017
0.52525,-0.10723439476756294,0.9942386684462745,4.872615622097953e-06,0.016063180148125567
0.5255,-0.10828227848584793,0.9941250948024825,4.877963168503641e-06,0.016313850790505065
0.52575,-0.10933003522920443,0.9940104140685668,4.87992808451132e-06,0.01656781756301814
0.526,-0.11037770248090964,0.9938946267845836,4.883166192959365e-06,0.016824395016032827
0.52625,-0.11142529893362901,0.9937777323748919,4.889291362886183e-06,0.01708594294329435
0.5265,-0.1124727446510555,0.9936597302978377,4.888940505765049e-06,0.017347170885882016
0.52675,-0.11352010042141786,0.9935406227011268,4.891066554435497e-06,0.01761254242636419
0.527,-0.11456739748117162,0.9934204068484612,4.896642296969844e-06,0.017881672241673977
0.52725,-0.11561455019247098,0.9932990852248869,4.898450404855481e-06,0.018156793702021088
0.5275,-0.1166616072636119,0.9931766559808637,4.90028532351694e-06,0.018432908209635286
0.52775,-0.11770855561243494,0.9930531201607207,4.90175064071785e-06,0.018711131526340217
0.528,-0.11875540411407368,0.9929284773630704,4.903570398617774e-06,0.018995479160245517
0.52825,-0.11980215107447453,0.9928027285791912,4.906626141609749e-06,0.019279449802683122
0.5285,-0.12084878402945745,0.9926758720207589,4.907734743264669e-06,0.01956918839791322
0.52875,-0.12189531395515513,0.9925479091638729,4.90976284783784e-06,0.019860288994055154
0.529,-0.12294173639641484,0.9924188403127374,4.912565855441642e-06,0.020153995755451185
0.52925,-0.12398801938283528,0.9922886632995023,4.910119540957325e-06,0.020459125883410038
0.5295,-0.12503423487553333,0.9921573807772941,4.914048811421878e-06,0.0207584008244723
0.52975,-0.12608030200180087,0.9920249915413714,4.913185691846067e-06,0.021066112009700842
0.53,-0.12712630043196987,0.9918914950010065,4.917046336760933e-06,0.021373438346956927
0.53025,-0.12817215260902948,0.9917568926775311,4.917426821515747e-06,0.021688210886578803
0.5305,-0.12921788374017604,0.9916211835098346,4.916519781295037e-06,0.022003794843105735
0.53075,-0.1302635059987245,0.9914843683441215,4.9168208229311006e-06,0.02232226619650159
0.531,-0.13130901751531318,0.9913464458520618,4.916880087968423e-06,0.02264666164442875
0.53125,-0.1323543985159128,0.9912074176361627,4.915779647340912e-06,0.02297502685174932
0.5315,-0.1333996881799533,0.9910672826211728,4.9177322201110485e-06,0.02330394215752315
0.53175,-0.1344448371192973,0.9909260415454617,4.9170084077676535e-06,0.023639441938311138
0.532,-0.1354898675826865,0.9907836941244608,4.916368158136564e-06,0.023972644295038047
0.53225,-0.1365347753687044,0.9906402401542858,4.915136882388538e-06,0.02431743312650479
0.5325,-0.13757956477995983,0.990495679866179,4.914227228924872e-06,0.02466620649581889
0.53275,-0.13862423520533787,0.9903500133425714,4.913744875656434e-06,0.025010203825171804
0.533,-0.13966877639171577,0.9902032404344592,4.912220766151165e-06,0.025360481412103748
0.53325,-0.1407131922080511,0.990055362890164,4.912012413260669e-06,0.025721802979659026
0.5335,-0.14175747792178506,0.9899063759618576,4.907846298474183e-06,0.02608089141381431
0.53375,-0.14280162872812383,0.9897562868376106,4.906238954216491e-06,0.02644549088968883
0.534,-0.14384566961063316,0.9896050873762019,4.902801276962521e-06,0.026818423961391474
0.53425,-0.14488955740572076,0.9894527856522425,4.899428101889924e-06,0.027187064930572633
0.5345,-0.14593334999311597,0.9892993758451524,4.898831911459567e-06,0.027564717799732415
0.53475,-0.14697698903135842,0.9891448609373774,4.895599790444294e-06,0.02794341101035252
0.535,-0.14802050525550947,0.9889892398721483,4.8932675209556464e-06,0.028322836381810417
0.53525,-0.1490638884719111,0.9888325123862995,4.890187326855866e-06,0.028712155206757402
0.5355,-0.15010711560276263,0.9886746796284804,4.8841346023120735e-06,0.02910657048550545
0.53575,-0.15115023237184863,0.9885157394143559,4.879896080778323e-06,0.029501764145177536
0.536,-0.15219321504479585,0.9883556942954168,4.876564033029496e-06,0.02989597974005531
0.53625,-0.15323605030611076,0.988194543874935,4.871816936535822e-06,0.030304137905120317
0.5365,-0.15427874036668404,0.9880322875689282,4.8654920734581e-06,0.030708271004180623
0.53675,-0.1553213035915424,0.9878689249252546,4.860079366952874e-06,0.031124488935221323
0.537,-0.15636372144128452,0.9877044573967582,4.854260414077771e-06,0.03154139388989154
0.53725,-0.15740600130293186,0.9875388827677263,4.847100406601967e-06,0.03195847709349808
0.5375,-0.15844815055271239,0.9873722025735285,4.841402518440674e-06,0.032385349428309215
0.53775,-0.15949015202145328,0.9872044194669574,4.837191760032056e-06,0.032811108220472056
0.538,-0.16053198696485388,0.9870355278116635,4.8259890215174295e-06,0.0332431494485525
0.53825,-0.16157371283961397,0.9868655326666684,4.822111496327608e-06,0.03368371348399225
0.5385,-0.16261526229042092,0.9866944302431182,4.811089713729899e-06,0.03412799162714796
0.53875,-0.1636566868338279,0.9865222239904141,4.804774666355982e-06,0.03457246915622588
0.539,-0.16469797798547509,0.9863489093754472,4.797477811235851e-06,0.03502311479799547
0.53925,-0.1657390852793469,0.9861744929158207,4.787422045682277e-06,0.03548069038285662
0.5395,-0.1667800692434538,0.9859989690841915,4.7792545492253424e-06,0.03593721949208479
0.53975,-0.1678208906650064,0.9858223401515286,4.768831345147717e-06,0.03640090775629092
0.54,-0.16886156200974492,0.9856446063806203,4.758594467357824e-06,0.0368745846467276
0.54025,-0.1699020752173574,0.9854657673116141,4.746841850256089e-06,0.03734676941275197
0.5405,-0.17094246808980262,0.9852858214043303,4.738617292332492e-06,0.037823478340063395
0.54075,-0.17198267300810507,0.9851047737230758,4.727502327828148e-06,0.03830573907656174
0.541,-0.17302274134102194,0.9849226167087848,4.714951705508952e-06,0.0387939168877549
0.54125,-0.1740626332898188,0.9847393575652947,4.701311896448956e-06,0.039287468511158274
0.5415,-0.17510239689112084,0.9845549913271566,4.69016111770415e-06,0.03978275359744714
0.54175,-0.17614199309744266,0.9843695212837128,4.678071390484817e-06,0.04028633737341877
0.542,-0.17718142661424308,0.9841829467555852,4.665299900175057e-06,0.04079305204306066
0.54225,-0.17822070181355826,0.9839952660163833,4.6510379689834735e-06,0.04130282785447011
0.5425,-0.17925982599501375,0.9838064804778519,4.63811223427868e-06,0.04181894391031455
0.54275,-0.18029876134438858,0.9836165916983368,4.621392608150643e-06,0.042338209806387944
0.543,-0.18133757226655967,0.9834255951826576,4.608177329279428e-06,0.04286440736343884
0.54325,-0.18237618169326453,0.9832334951202932,4.58877721265516e-06,0.043399017070255196
0.5435,-0.18341467866147038,0.9830402922526897,4.58025988270272e-06,0.04393097793067516
0.54375,-0.18445295670630402,0.9828459822024626,4.55897421836049e-06,0.044472579051472616
0.544,-0.18549110141956754,0.9826505664762015,4.542240606086878e-06,0.045020684030927044
0.54425,-0.18652904573315057,0.9824540490868223,4.521724383144132e-06,0.04557046235377627
0.5445,-0.18756687549898082,0.982256424521806,4.508139244574494e-06,0.0461279939218291
0.54475,-0.18860449846900745,0.9820576957489755,4.487301198619065e-06,0.046689686795498425
0.545,-0.18964196682908707,0.9818578637456641,4.470081010898852e-06,0.047256908608443345
0.54525,-0.1906792683695927,0.9816569273407626,4.453181119856708e-06,0.04782650374391643
0.5455,-0.1917163724447557,0.9814548842605737,4.428641349862872e-06,0.04840218786622024
0.54575,-0.19275332759955321,0.9812517389092636,4.410196852377979e-06,0.04898620841193188
0.546,-0.19379010572126457,0.9810474877877084,4.389175384034161e-06,0.049576206815180414
0.54625,-0.19482670270714192,0.9808421328249188,4.366796601873446e-06,0.05017027581329081
0.5465,-0.19586314022923243,0.9806356727714687,4.346196758708842e-06,0.050766488451150706
0.54675,-0.19689938496425324,0.9804281097869031,4.323120465832275e-06,0.05137282071555167
0.547,-0.19793545177690985,0.9802194415799999,4.298351530263034e-06,0.05198310151227648
0.54725,-0.1989713489711303,0.9800096681643715,4.273694384160365e-06,0.05260091848113891
0.5475,-0.20000706174668595,0.9797987915033108,4.248280921492764e-06,0.05322102933223197
0.54775,-0.20104259646814104,0.9795868099558669,4.221908169510513e-06,0.05384436607254288
0.548,-0.20207797033235392,0.9793737269305651,4.2015389278837745e-06,0.054481894100380256
0.54825,-0.20311312632706607,0.9791595390277507,4.172468991203715e-06,0.05512243165798819
0.5485,-0.20414813347710806,0.9789442434683175,4.146102376756389e-06,0.0557654513753035
0.54875,-0.2051829284889909,0.978727848020966,4.117309058582208e-06,0.056414049668110595
0.549,-0.20621756242561468,0.9785103457700477,4.089907526649839e-06,0.057076416433101025
0.54925,-0.20725198748770018,0.978291742354717,4.059730274397211e-06,0.05773133633053016
0.5495,-0.20828624897014095,0.9780720337651637,4.032363657646698e-06,0.0584046933785897
0.54975,-0.20932031829297554,0.9778512219481674,4.0039498827582065e-06,0.05907605268722817
0.55,-0.21035419114622217,0.9776293045169773,3.971383679024498e-06,0.0597529343244698
0.55025,-0.21138786251297553,0.9774062851454668,3.937322081704053e-06,0.060441186383366076
0.5505,-0.21242136662156558,0.9771821616726839,3.907036703942879e-06,0.061133890318209004
0.55075,-0.21345465968560004,0.9769569339850712,3.871294009583082e-06,0.06183551052458996
0.551,-0.21448780469895812,0.9767306010395511,3.8426784476630615e-06,0.06254023258685512
0.55125,-0.21552070866642806,0.9765031671214445,3.8056239042294493e-06,0.06325254827775156
0.5515,-0.21655343449041237,0.9762746284882311,3.7701026067704646e-06,0.0639685202538152
0.55175,-0.21758596343873793,0.9760449872642101,3.7343176053639127e-06,0.06469247495895018
0.552,-0.21861830040886054,0.9758142425029515,3.6985657942967265e-06,0.06542338980367135
0.55225,-0.2196504320976175,0.9755823928423433,3.6587656377928823e-06,0.06615852072151317
0.5525,-0.22068237600779864,0.9753494408704454,3.6214368115405904e-06,0.06689974470463345
0.55275,-0.2217141285910506,0.9751153861382134,3.5855437550136315e-06,0.06765303700355561
0.553,-0.2227456573195109,0.9748802271261279,3.5425418210000004e-06,0.06841305676526331
0.55325,-0.22377700025139197,0.9746439652275473,3.5023918605325832e-06,0.0691685668744531
0.5535,-0.22480814485061953,0.9744066002933629,3.4623372293651755e-06,0.06993981798943956
0.55375,-0.22583906532303044,0.9741681321097706,3.416516273446746e-06,0.07071567094142475
0.554,-0.22686981508205972,0.9739285613293758,3.3777785330979526e-06,0.071505389846546
0.55425,-0.22790033922483954,0.9736878863930094,3.332358089247478e-06,0.07229422151946285
0.5545,-0.22893065843375415,0.973446107575215,3.285356727777966e-06,0.07309531603694919
0.55475,-0.2299607749768222,0.9732032285155956,3.241005307463851e-06,0.07389626276674033
0.555,-0.23099069202533423,0.9729592440399535,3.195177465720178e-06,0.0747052139130624
0.55525,-0.23202038626109195,0.9727141589164028,3.147293642813409e-06,0.07553045398769602
0.5555,-0.2330498871716104,0.9724679681351227,3.0994749737889293e-06,0.0763549024671995
0.55575,-0.2340791682747875,0.9722206767806139,3.050685332128822e-06,0.07718349780326635
0.556,-0.2351082467407683,0.9719722794225005,2.9998211452664236e-06,0.07802066060530465
0.55625,-0.23613709397929838,0.971722784006653,2.948050968676341e-06,0.07887332945023877
0.5565,-0.23716576358146535,0.9714721847483179,2.9025732122267556e-06,0.07972824700053338
0.55675,-0.23819418114397817,0.9712204829521472,2.8472142727942185e-06,0.08058909269168027
0.557,-0.23922240412868198,0.9709676737405637,2.791039239058435e-06,0.08145966187527544
0.55725,-0.24025040834798952,0.9707137679720874,2.7390172205876695e-06,0.08233481155746114
0.5575,-0.24127818260316047,0.9704587564148246,2.6796476557677806e-06,0.08322055709805389
0.55775,-0.2423057527966788,0.9702026476097856,2.627630249385504e-06,0.08411261005459274
0.558,-0.24333311402678848,0.9699454279172234,2.568756450438414e-06,0.08501617441026828
0.55825,-0.24436024581210375,0.9696871117694358,2.512229395401633e-06,0.08592129730333449
0.5585,-0.24538713783398963,0.9694276889237969,2.445730254985179e-06,0.08683469847618472
0.55875,-0.2464138269306212,0.969167170180772,2.388926546359471e-06,0.08775723186718686
0.559,-0.24744032026914392,0.9689055455232158,2.3341175443558626e-06,0.08869293933330644
0.55925,-0.2484665444342553,0.9686428190543809,2.2673017885388447e-06,0.08962379211187593
0.5595,-0.24949257449155596,0.9683789892728007,2.2057932851371476e-06,0.09057238744401512
0.55975,-0.2505183542796472,0.9681140603246483,2.139812340429259e-06,0.09152943477247695
0.56,-0.25154392917432644,0.9678480231366613,2.0720948541441686e-06,0.09249263160124672
0.56025,-0.2525692613455207,0.9675808887497444,2.004023175627978e-06,0.09346799192610998
0.5605,-0.25359437917033717,0.9673126541966934,1.9400560384852383e-06,0.09444410814671617
0.56075,-0.25461927603564477,0.9670433119282016,1.8714352394422207e-06,0.09542468255573698
0.561,-0.2556439102625738,0.9667728721769369,1.7976141757358732e-06,0.09642102687697474
0.56125,-0.25666833588384785,0.966501333196766,1.7308567570317734e-06,0.09742955514310547
0.5615,-0.25769253212814114,0.9662286843552566,1.655791380672511e-06,0.09844911453384705
0.56175,-0.2587164843474579,0.9659549392868589,1.5820016425749373e-06,0.09946254276419866
0.562,-0.25974021187462903,0.9656800904328642,1.5073604149318243e-06,0.10048230270491698
0.56225,-0.2607637042000961,0.9654041419133854,1.4333248103959306e-06,0.10152512065286168
0.5625,-0.261786954058378,0.965127093393513,1.3578577651163215e-06,0.10257441482413393
0.56275,-0.26280996735956696,0.9648489419159674,1.279829130229615e-06,0.10363226008625301
0.563,-0.26383274976742566,0.96456968463001,1.1981778211822558e-06,0.10469571888209761
0.56325,-0.2648552929644954,0.9642893325101431,1.1215014541487989e-06,0.10576442661778289
0.5635,-0.2658775937572675,0.9640078711100564,1.0352116128764521e-06,0.10684786618264631
0.56375,-0.26689964901839985,0.9637253192157786,9.567713921132537e-07,0.10793765274566976
0.564,-0.26792148351786854,0.9634416526124369,8.696591213830374e-07,0.10903500556415212
0.56425,-0.2689430493109142,0.9631568965738211,7.855948749302399e-07,0.11014829143762062
0.5645,-0.2699643879569159,0.9628710343946029,6.998202974894951e-07,0.11126130857294148
0.56475,-0.27098547774600673,0.9625840716570229,6.120783346830194e-07,0.11239237980229658
0.565,-0.27200633078725767,0.9622960073038409,5.248304926208647e-07,0.11352282117558934
0.56525,-0.27302692097253023,0.9620068418264255,4.316482036248459e-07,0.11466851188150896
0.5655,-0.27404728143836554,0.9617165758669165,3.42380414020127e-07,0.11582583932438005
0.56575,-0.2750673808839215,0.9614252096782463,2.489155690454936e-07,0.11699086281308464
0.566,-0.27608723047956585,0.9611327399051567,1.512757237254192e-07,0.11815542584911529
0.56625,-0.2771068308956185,0.9608391731154617,5.616110687611808e-08,0.11934892225226547
0.5665,-0.27812620405817223,0.960544500130736,-3.8942393976171275e-08,0.12053863228392683
0.56675,-0.27914529466295446,0.960248735501958,-1.3521722064258057e-07,0.12175069214582197
0.567,-0.2801641498052951,0.9599518615800839,-2.363064316446284e-07,0.12295427192449679
0.56725,-0.2811827379676614,0.9596538913756969,-3.3831830303920896e-07,0.12417899949817296
0.5675,-0.2822010954261372,0.9593548210277407,-4.3455565423844433e-07,0.1254185246855815
0.56775,-0.28321917348674697,0.9590546444055772,-5.444069360871495e-07,0.1266536533742087
0.568,-0.28423700370909255,0.9587533744042299,-6.463956988556063e-07,0.12791961531743748
0.56825,-0.2852545696601241,0.9584510055765367,-7.501989528480024e-07,0.12916654871629388
0.5685,-0.2862718844140878,0.9581475239548408,-8.65266981731061e-07,0.13044536612523094
0.56875,-0.28728892028839725,0.957842952390709,-9.774179660082538e-07,0.1317264570310972
0.569,-0.28830572178600133,0.9575372787541927,-1.085291323033033e-06,0.13302807403066705
0.56925,-0.28932225301832853,0.9572305120403677,-1.1903643754029858e-06,0.13432076868861825
0.5695,-0.2903385340526149,0.956922630080207,-1.3078431342350427e-06,0.13563871869091
0.56975,-0.29135453414327206,0.9566136536031549,-1.4265881076447329e-06,0.13695612958544692
0.57,-0.29237026642751734,0.956303584796611,-1.5405083133579467e-06,0.13830690728345238
0.57025,-0.2933857422530318,0.9559924106908941,-1.6584734005009594e-06,0.13963914201561203
0.5705,-0.2944009540322463,0.9556801322783652,-1.781518241705804e-06,0.1410036544185978
0.57075,-0.2954158859374584,0.9553667579463274,-1.906075271618235e-06,0.14236170665908277
0.571,-0.29643057894318453,0.955052284961579,-2.0224305827820643e-06,0.1437331516159631
0.57125,-0.2974449654529211,0.9547367131647573,-2.150533345735006e-06,0.14513131558894612
0.5715,-0.29845911421697424,0.9544200376634724,-2.2744262240248503e-06,0.14653377545682494
0.57175,-0.2994729692522225,0.9541022611264839,-2.4080031933992885e-06,0.14794415559189933
0.572,-0.30048656393862516,0.9537833900970383,-2.5348368923872044e-06,0.14935573811113592
0.57225,-0.3014998803622807,0.9534634236174102,-2.660986189173542e-06,0.15080383532298164
0.5725,-0.3025129201184431,0.9531423452797723,-2.801401917884583e-06,0.15224297567617823
0.57275,-0.30352568819196185,0.952820182311266,-2.928398248669417e-06,0.15369520938793677
0.573,-0.3045381922348097,0.9524969067265651,-3.0660780401259302e-06,0.155176797291603
0.57325,-0.30555040735488087,0.9521725384930606,-3.2027576025717153e-06,0.15664196642879832
0.5735,-0.30656234657387693,0.9518470700668549,-3.341439713699934e-06,0.1581312339560367
0.57375,-0.3075740091000003,0.9515205011271539,-3.482436505053421e-06,0.15962739133943296
0.574,-0.30858537993983254,0.951192838833003,-3.6233266652585527e-06,0.16114481071958098
0.57425,-0.30959647336956786,0.9508640723774888,-3.769776517725809e-06,0.1626819510087103
0.5745,-0.3106073001203355,0.9505342047315748,-3.915381299401943e-06,0.1642125574442703
0.57475,-0.31161781317875076,0.9502032493211654,-4.0617528451747376e-06,0.16575961123525199
0.575,-0.3126280949816265,0.9498711774069064,-4.21028875152718e-06,0.16731870287377082
0.57525,-0.31363803089036224,0.949538021157331,-4.3659874490176165e-06,0.16888505631020423
0.5755,-0.31464774457574585,0.9492037655779809,-4.5041331323547595e-06,0.1704734162528675
0.57575,-0.3156571354190433,0.9488683969866996,-4.66904036744431e-06,0.172062979350391
0.576,-0.316666219840652,0.9485319374793608,-4.834408426579451e-06,0.17368584343045335
0.57625,-0.3176750555862825,0.9481943895931808,-4.979313530495411e-06,0.17529079485791857
0.5765,-0.31868357091557953,0.9478557325174051,-5.145994434796464e-06,0.17693929481682347
0.57675,-0.31969180388253465,0.9475159855566283,-5.3038365565027945e-06,0.17857333423777255
0.577,-0.3206997787325958,0.9471751311842875,-5.461408359441755e-06,0.18023765653578425
0.57725,-0.32170738498274587,0.9468331818510609,-5.642112596349058e-06,0.18190558957854688
0.5775,-0.32271477609419486,0.9464901332156846,-5.800524737642476e-06,0.18359022649924037
0.57775,-0.3237218291271319,0.9461459973666464,-5.964524616763889e-06,0.1852824202623269
0.578,-0.3247286139148938,0.9458007444499941,-6.139570221552759e-06,0.18699958659042426
0.57825,-0.3257350862136458,0.9454544107474497,-6.305423669861199e-06,0.18870853423575595
0.5785,-0.3267412536245722,0.9451069639115838,-6.4899938956308745e-06,0.19045377531445587
0.57875,-0.327747125824359,0.9447584333661684,-6.662070879071003e-06,0.19218460582058572
0.579,-0.3287527019614913,0.9444087905998719,-6.848618804844442e-06,0.19396546438399453
0.57925,-0.3297579693194461,0.9440580672251923,-7.023713341047788e-06,0.1957157532883899
0.5795,-0.3307629669012596,0.9437062400353324,-7.196148418153747e-06,0.19750487504856856
0.57975,-0.33176763972639683,0.9433533076736739,-7.385093027112433e-06,0.199303428855866
0.58,-0.3327719973264938,0.9429992800982756,-7.577793446400527e-06,0.20111047172565744
0.58025,-0.3337760803557459,0.9426441687367992,-7.749694460601475e-06,0.20293678422605402
0.5805,-0.3347798360037899,0.9422879424653942,-7.947476385994356e-06,0.20477285045670035
0.58075,-0.3357832734227697,0.9419306299829914,-8.140827803759798e-06,0.2066163370664053
0.581,-0.3367864382401753,0.9415722106693523,-8.333591087095193e-06,0.20847456370617112
0.58125,-0.33778927270329845,0.9412127075299113,-8.523251718073332e-06,0.21035407842253886
0.5815,-0.3387918266322309,0.9408520963635711,-8.715525715130568e-06,0.21225059982810174
0.58175,-0.33979402538043035,0.9404903933689573,-8.920188018457509e-06,0.21414248995275814
0.582,-0.3407959411547502,0.9401275989982072,-9.112088672158514e-06,0.21608215604613368
0.58225,-0.34179753819991276,0.939763698419182,-9.317050393753412e-06,0.21799126576258546
0.5825,-0.3427988137487098,0.9393987060909534,-9.522188895938477e-06,0.2199396886467127
0.58275,-0.34379978733295113,0.9390326157167508,-9.726472289472987e-06,0.22189137321821475
0.583,-0.3448004369010592,0.9386654252296034,-9.939145076631739e-06,0.22387204684179957
0.58325,-0.34580078554866656,0.9382971449309738,-1.0142315587380324e-05,0.2258470506953915
0.5835,-0.34680080145428205,0.9379277673432989,-1.0353732141088479e-05,0.22783710670895135
0.58375,-0.34780049987728967,0.9375572956407835,-1.0564893732412095e-05,0.22984281092320244
0.584,-0.3487998865314824,0.9371857214774507,-1.0781365326506531e-05,0.23187772680463228
0.58425,-0.3497989574093311,0.9368130562367067,-1.099359032252778e-05,0.23390386205138222
0.5845,-0.35079769796126803,0.9364392934601827,-1.1212447293851291e-05,0.23595205061192775
0.58475,-0.3517961178851052,0.9360644381009784,-1.1429647152838562e-05,0.23801193637160287
0.585,-0.3527942130495396,0.9356884868858327,-1.1649441883143652e-05,0.24009804526740872
0.58525,-0.35379197560882436,0.9353114477940204,-1.1866880540667424e-05,0.24217748322353136
0.5855,-0.35478944234523513,0.9349332939377855,-1.209381662992115e-05,0.24427621378055164
0.58575,-0.3557865559780061,0.9345540437909281,-1.2332985717788958e-05,0.24638737713657854
0.586,-0.3567833586110797,0.9341737308208536,-1.253790982203018e-05,0.24850844795324256
0.58625,-0.35777982237486794,0.9337922886831517,-1.2780230311815188e-05,0.2506587299118744
0.5865,-0.35877597150390395,0.9334097643458816,-1.3007132190545612e-05,0.2528115683993013
0.58675,-0.359771761214855,0.9330261570684977,-1.3235116760434984e-05,0.2549726156828522
0.587,-0.3607672461898773,0.9326414321942751,-1.3476606401385816e-05,0.2571576214322987
0.58725,-0.36176237890661267,0.9322556372866018,-1.3704071491038583e-05,0.259337760047038
0.5875,-0.36275721490848306,0.9318687390097942,-1.3928241066274438e-05,0.2615539328255747
0.58775,-0.3637516780070048,0.9314807340367872,-1.4179533217806295e-05,0.26375883879238604
0.588,-0.36474581108167653,0.9310916448437234,-1.44212042754166e-05,0.265994518025148
0.58825,-0.3657396214635391,0.9307014702071308,-1.4651430328416204e-05,0.2682400019131197
0.5885,-0.36673310246868535,0.9303101988410404,-1.4882853767939075e-05,0.27049122171733253
0.58875,-0.3677262293323882,0.9299178122615952,-1.514146442815889e-05,0.2727566959763411
0.589,-0.36871901653048245,0.9295243490374365,-1.5385816023560928e-05,0.27503826482729304
0.58925,-0.36971146213508643,0.9291297892103391,-1.5634906168848772e-05,0.2773248335672609
0.5895,-0.3707035840978875,0.9287341531677199,-1.5862864224502893e-05,0.27963496535534815
0.58975,-0.3716953353661496,0.9283373977108319,-1.6126969302643346e-05,0.28192597227807514
0.59,-0.37268677778851206,0.9279395853136304,-1.6345968387287968e-05,0.2842748868763227
0.59025,-0.3736778528963812,0.9275406599700805,-1.65933161780929e-05,0.28659090674628535
0.5905,-0.3746686040756423,0.927140618676715,-1.685530193440421e-05,0.28894335700206
0.59075,-0.3756589770222299,0.9267395266896545,-1.7091472882646563e-05,0.29126854239674305
0.591,-0.37664902377802706,0.9263373020782738,-1.7357983351895534e-05,0.29365378205422316
0.59125,-0.3776387037132339,0.925934010495006,-1.7608988249429025e-05,0.2960094466383192
0.5915,-0.3786280802663593,0.9255296196480779,-1.785015326183359e-05,0.29840052967941383
0.59175,-0.37961705681506547,0.925124158958575,-1.8090506761492264e-05,0.30076922068256506
0.592,-0.38060572082276783,0.9247175771531757,-1.8344058723140932e-05,0.30318963785803804
0.59225,-0.3815940007429789,0.9243099355651896,-1.8580978847659857e-05,0.3055778639033143
0.5925,-0.38258195396478284,0.9239011688455343,-1.8839530636083346e-05,0.3079893269034661
0.59275,-0.3835695373412976,0.92349134606827,-1.9072062270586443e-05,0.31039383359984124
0.593,-0.38455676864073185,0.9230804017883236,-1.9331950315004676e-05,0.31282736587668514
0.59325,-0.3855436499105772,0.9226683910312299,-1.956729417540437e-05,0.31524646382501414
0.5935,-0.38653017787649263,0.9222552744098952,-1.9815403273004684e-05,0.31769616693475927
0.59375,-0.3875163266142765,0.9218410798181449,-2.006028475454169e-05,0.3201149901577595
0.594,-0.38850213276262485,0.9214257890735753,-2.030424064658476e-05,0.3225640404531502
0.59425,-0.38948757155174574,0.9210094191212229,-2.0540959321135865e-05,0.32500253056374273
0.5945,-0.3904726590094244,0.9205919515538665,-2.078086609880181e-05,0.32746238200071837
0.59475,-0.3914573806821131,0.9201733930678816,-2.10231207062872e-05,0.329894713560616
0.595,-0.3924417573487876,0.919753773888397,-2.123147891119892e-05,0.332359743084781
0.59525,-0.3934257343423737,0.9193330472705059,-2.147010722763909e-05,0.3347803897477793
0.5955,-0.3944093701251131,0.9189112310064623,-2.1699379281314712e-05,0.3372384383407052
0.59575,-0.3953926462212056,0.9184883488555589,-2.1904405292372253e-05,0.339674854537488
0.596,-0.39637554122919116,0.9180643420099537,-2.2147367801261808e-05,0.3421228006607266
0.59625,-0.3973580590524023,0.9176392765476687,-2.2365771703225512e-05,0.3445531940674288
0.5965,-0.39834024379587685,0.917213120769265,-2.2570885396033802e-05,0.34698783946497247
0.59675,-0.3993220237215318,0.9167858754758638,-2.279020914397467e-05,0.34938919018297737
0.597,-0.4003034778518314,0.916357571990907,-2.2963200983383558e-05,0.35183041940603
0.59725,-0.40128451412136684,0.9159281658601702,-2.3167123559320046e-05,0.35420649877266935
0.5975,-0.40226519310587494,0.915497673008131,-2.336283900628011e-05,0.35659636789861987
0.59775,-0.4032455003560601,0.9150661027368965,-2.3547309487059742e-05,0.35896834943488226
0.598,-0.4042254459119294,0.9146334424822293,-2.3727666705219974e-05,0.3613437952713291
0.59825,-0.4052050028541111,0.9141997254756504,-2.3884086347458755e-05,0.36366307377355356
0.5985,-0.40618419442295906,0.9137649025013765,-2.405186805698456e-05,0.36599332174414506
0.59875,-0.4071630012660812,0.9133290096334182,-2.4205573973201666e-05,0.36828778550416386
0.599,-0.4081414396415569,0.9128920435342107,-2.4341345875589226e-05,0.3705953584833019
0.59925,-0.4091194932523359,0.912453989981849,-2.4478503176439403e-05,0.3728429360841511
0.5995,-0.4100971701827547,0.912014856627277,-2.4606452350806052e-05,0.3750657972092869
0.59975,-0.4110744712887393,0.9115746443189925,-2.472375032480656e-05,0.37726304650353804
0.6,-0.4120513873168393,0.9111333569697233,-2.483032194788848e-05,0.3794626411280311
0.60025,-0.4130279203876063,0.9106910029302826,-2.491739150078942e-05,0.38156113225208105
0.6005,-0.4140040878894462,0.9102475628668801,-2.4995065243116343e-05,0.38367122788720803
0.60075,-0.41497985844867413,0.9098030532625504,-2.506099205623613e-05,0.3857141300209472
0.601,-0.4159552468586396,0.9093574789052185,-2.5104400072084587e-05,0.3877423506141075
0.60125,-0.4169302500760307,0.9089108318970915,-2.5133431682422547e-05,0.3896589722261751
0.6015,-0.4179048800048617,0.9084630978584174,-2.5155865213566386e-05,0.3915738930563733
0.60175,-0.41887911848844156,0.908014307818764,-2.515076165887642e-05,0.39341877759083105
0.602,-0.419852966233039,0.9075644318461423,-2.514471268200147e-05,0.3952412364535297
0.60225,-0.4208264263419845,0.9071135224332461,-2.5088470207212943e-05,0.39694619053485364
0.6025,-0.4217995112023658,0.9066615110076572,-2.5038716847225473e-05,0.3986270644987937
0.60275,-0.42277220124372866,0.9062084716437323,-2.4936199238489998e-05,0.4002001974141251
0.603,-0.4237445016510655,0.9057543558443569,-2.4822402807878063e-05,0.40171145376427375
0.60325,-0.4247164194036802,0.9052991619345938,-2.469554965467413e-05,0.40315235422565465
0.6035,-0.4256879414864664,0.9048428997577961,-2.4551916857240563e-05,0.40449848636436747
0.60375,-0.4266590767114814,0.9043856342275276,-2.4328727232902914e-05,0.4057275808140243
0.604,-0.4276298335756975,0.9039272348068372,-2.414009661522165e-05,0.4068893486428224
0.60425,-0.42860017815803914,0.9034678216545611,-2.3891544232657047e-05,0.4079265044785829
0.6045,-0.42957015613899774,0.9030073779907573,-2.357840245792442e-05,0.4088517168615292
0.60475,-0.43053971931523227,0.9025458459335294,-2.327331086893203e-05,0.40963802181014825
0.605,-0.43150891085145776,0.9020832419943661,-2.2942447539309185e-05,0.4103528411708154
0.60525,-0.43247769808896075,0.9016196506967509,-2.2523320221234933e-05,0.41086817805295683
0.6055,-0.43344610543603523,0.90115498291937,-2.208546484561147e-05,0.41127703324740733
0.60575,-0.4344141150703762,0.900689274408714,-2.160402973017117e-05,0.4114949521949928
0.606,-0.4353817291746166,0.9002224989560754,-2.11013597335441e-05,0.4115676469598649
0.60625,-0.43634895754657876,0.899754705080116,-2.0529177827244283e-05,0.41149696110716544
0.6065,-0.43731579239446383,0.8992858983629538,-1.9885561686416864e-05,0.4112345769576667
0.60675,-0.4382822443078609,0.8988160196481298,-1.921875885890767e-05,0.4107695834395082
0.607,-0.4392482951280613,0.8983451229218499,-1.848784570923634e-05,0.4101183229683521
0.60725,-0.4402139586305116,0.8978732359271149,-1.7661572278449e-05,0.4091901114503537
0.6075,-0.4411792363455508,0.8974002802528611,-1.6809351098601155e-05,0.4080757434105965
0.60775,-0.44214410556249095,0.8969263060267925,-1.5895863078041472e-05,0.406703166006806
0.608,-0.4431086110661273,0.896451338414354,-1.4878437764376251e-05,0.4051141097520131
0.60825,-0.44407270617612493,0.8959753359985627,-1.3814551258706231e-05,0.40319319247973545
0.6085,-0.4450364267054293,0.8954983010244715,-1.2685964240866099e-05,0.4010124338617056
0.60875,-0.44599976537000097,0.895020331513178,-1.1407799041518452e-05,0.3985177217397086
0.609,-0.44696270209004596,0.8945412812489458,-1.0119592132706856e-05,0.39574180720684954
0.60925,-0.4479252614865229,0.894061269606462,-8.703193828396572e-06,0.3925593356846897
0.6095,-0.44888743629305494,0.8935802411223113,-7.211133020490479e-06,0.3890606187250186
0.60975,-0.4498492232197556,0.8930982658126212,-5.582001114889934e-06,0.38514316696710627
0.61,-0.45081064406734667,0.8926152740859353,-3.867839517446292e-06,0.3808774688695114
0.61025,-0.45177166703231086,0.892131309623355,-2.0436303703741387e-06,0.37612502207863086
0.6105,-0.45273232100240757,0.891646385908904,-8.400768491956256e-08,0.37097100048722664
0.61075,-0.4536925945542566,0.8911604899674996,1.9946142542082157e-06,0.3653047322046951
0.611,-0.4546524952555182,0.8906736334112517,4.206339188295161e-06,0.3591786474084677
0.61125,-0.45561202868551925,0.8901858106308258,6.549044252457392e-06,0.35248706673662045
0.6115,-0.45657118618689485,0.8896970459080731,9.040735962528856e-06,0.3452600356425109
0.61175,-0.4575299812407403,0.8892073670766858,1.1712630209048669e-05,0.337401569956587
0.612,-0.45848839882797865,0.8887167509160656,1.4537503656431028e-05,0.3289834408376826
0.61225,-0.45944646783291015,0.8882251676217426,1.750244723730532e-05,0.3198495954515065
0.6125,-0.46040417838899295,0.8877327118225797,2.068734497440161e-05,0.3100545539732074
0.61275,-0.4613615204205974,0.8872393298190882,2.404016235035833e-05,0.299484952679543
0.613,-0.4623185372390628,0.8867450508692801,2.7607176936284006e-05,0.2882042746678314
0.61325,-0.4632751817429326,0.8862499169757061,3.1404186085159935e-05,0.27604490810170035
0.6135,-0.46423149980865785,0.885753841406258,3.537586454327446e-05,0.2630738165808192
0.61375,-0.4651874586252559,0.8852569239565224,3.959575368228663e-05,0.2491345631629277
0.614,-0.46614310166949346,0.8847591693395915,4.4088510371409484e-05,0.2343121072605257
0.61425,-0.46709841615751735,0.8842605723737726,4.884392296222728e-05,0.2183910033241968
0.6145,-0.468053394894458,0.8837610995720002,5.3829345669997863e-05,0.2014336837700284
0.61475,-0.46900806997961275,0.8832608461487199,5.91442736543879e-05,0.18332274445114194
0.615,-0.46996242410650835,0.8827597644469087,6.473880365742701e-05,0.16405360525864762
0.61525,-0.4709164793040651,0.8822579176866739,7.067940269189776e-05,0.1435281549293103
0.6155,-0.47187023996212496,0.8817552675048137,7.693460773250393e-05,0.12169346994295947
0.61575,-0.47282370427991904,0.881251873993615,8.355688224503943e-05,0.09841413741054837
0.616,-0.4737768901526144,0.8807477082137707,9.052948545207329e-05,0.0737038886078479
0.61625,-0.4747298059843064,0.880242877757142,9.795146879088001e-05,0.04739402310923071
0.6165,-0.4756824542480721,0.879737303591365,0.00010575471280782622,0.019459572673520612
0.61675,-0.47663484880045015,0.8792310252535753,0.00011398093391412623,0.0
0.617,-0.4775868506575991,0.8787238372926427,0.00012238358480431977,4.161628631795847e-17
0.61725,-0.47853848332512466,0.8782157421889332,0.00013097634838277195,0.0
0.6175,-0.47948972352882985,0.8777066969440328,0.0001397106555451888,4.802906974005485e-18
0.61775,-0.48044057577844257,0.8771967207858011,0.00014860586399079168,1.5050706867527954e-17
0.618,-0.4813910488363774,0.8766858542266989,0.00015770201552922636,0.0
0.61825,-0.4823411278523102,0.8761740678848606,0.00016696648696767902,8.248332909785425e-17
0.6185,-0.4832908290778376,0.8756613605030075,0.00017640631476689705,3.903957967525329e-17
0.61875,-0.4842401415483696,0.8751477331270552,0.00018601744086010896,6.411213635488015e-17
0.619,-0.4851890571305062,0.8746331700462359,0.0001957824867675484,0.0
0.61925,-0.48613759331249073,0.8741177597416326,0.00020578758942968456,7.832889867259293e-17
0.6195,-0.4870857477077848,0.8736013739527381,0.0002159197854048056,6.53948861081954e-17
0.61975,-0.48803350466934603,0.8730841207563946,0.00022626620020882449,0.0
0.62,-0.4889808783034379,0.872565941762132,0.000236783001724028,0.0
0.62025,-0.4899278635620653,0.8720468690191887,0.00024749600319418086,7.788220339046469e-18
0.6205,-0.490874459049351,0.8715268797609137,0.00025838496499863695,0.0
0.62075,-0.49182066440306643,0.8710059835793318,0.0002694583785274318,0.0
0.621,-0.49276648646710686,0.8704842441870931,0.00028077536415360704,3.708316282686485e-17
0.62125,-0.4937119101608522,0.8699615337519124,0.00029221752578756366,0.0
0.6215,-0.4946569502102998,0.869437965213811,0.00030389069846537,3.978682477270147e-18
0.62175,-0.49560159516920343,0.8689134743960578,0.0003157337167538632,3.846587942045809e-17
0.622,-0.4965458539846282,0.8683881188336495,0.0003278012935401531,8.267320206870423e-17
0.62225,-0.49748971786800505,0.8678618582444928,0.00034005437149797757,7.766723528060698e-17
0.6225,-0.49843319709893186,0.867334688535631,0.0003524948274296058,0.0
0.62275,-0.49937627451849664,0.8668066937274734,0.00036518724050305096,5.483479428135818e-17
0.623,-0.5003189726841608,0.8662777659951588,0.0003780496818674983,0.0
0.62325,-0.5012612679621065,0.8657479574112974,0.0003911157746314675,2.369916497385346e-17
0.6235,-0.5022031779453816,0.8652172496989659,0.0004043787964360668,1.2064682729890451e-17
0.62375,-0.5031446928913388,0.8646856805573813,0.0004178667665333258,0.0
0.624,-0.5040858149149319,0.8641532434343633,0.0004315753396535449,0.0
0.62425,-0.5050265426729842,0.8636198959427626,0.0004454675155540766,0.0
0.6245,-0.5059668744468899,0.863085679700054,0.00045957866415524684,0.0
0.62475,-0.5069068138709082,0.8625506075491738,0.00047392196508777573,0.0
0.625,-0.5078463635205049,0.8620146614427413,0.0004884834335898702,5.97270070583054e-17
0.62525,-0.5087855169171046,0.8614778136749122,0.00050323621601156,0.0
0.6255,-0.5097242722789761,0.8609401083564783,0.0005182176888116619,0.0
0.62575,-0.510662632851942,0.8604015901918687,0.0005334682038244942,0.0
0.626,-0.5116006018695951,0.8598620903546195,0.0005488445160224398,7.915549869813315e-17
0.62625,-0.512538168939439,0.8593218293675412,0.0005645311759610028,4.007447150841254e-17
0.6265,-0.5134753468240999,0.858780643535299,0.0005803943247300047,3.831457754955356e-17
0.62675,-0.5144121250062931,0.8582386519489951,0.0005965311016815633,4.408762051771235e-17
0.627,-0.5153485083413826,0.8576957051093441,0.0006128160346055012,0.0
0.62725,-0.5162844867246188,0.857152016475026,0.0006294272005529233,8.180955809204411e-18
0.6275,-0.5172200789294301,0.8566073835237136,0.0006462009896948118,0.0
0.62775,-0.5181552700533263,0.8560619123386881,0.0006632208895294145,3.19896650125528e-17
0.628,-0.5190900642179097,0.8555156481045616,0.0006805279016484089,5.247343835264666e-17
0.62825,-0.5200244542713404,0.8549684337198876,0.0006979842578096473,0.0
0.6285,-0.5209584504025058,0.8544204524185881,0.000715752127928182,2.620883593598195e-17
0.62875,-0.5218920494861102,0.8538715904280146,0.0007337329464216502,3.0919010853829257e-17
0.629,-0.5228252455493657,0.8533218550920607,0.0007519301812564105,0.0
0.62925,-0.5237580436519036,0.852771300903515,0.000770393214518883,0.0
0.6295,-0.5246904434537258,0.8522199100912926,0.0007891069589427424,0.0
0.62975,-0.5256224409255781,0.851667662486254,0.0008080523903486458,0.0
0.63,-0.5265540409149913,0.8511145908528779,0.0008272602035617194,0.0
0.63025,-0.5274852368078284,0.8505606832589245,0.0008467170131996049,7.595572142114947e-17
0.6305,-0.5284160338400881,0.8500059240053607,0.000866412496441038,4.8885262118809524e-17
0.63075,-0.5293464286233531,0.8494503227821681,0.0008863533743621588,8.177276703619246e-17
0.631,-0.5302764230288075,0.8488938930894596,0.0009065523538176468,0.0
0.63125,-0.5312060167466508,0.848336626279624,0.0009270021911376158,8.363738196226471e-19
0.6315,-0.5321352022322241,0.8477785317392739,0.0009477070919983177,0.0
0.63175,-0.5330639885450157,0.8472196295449037,0.0009686891055706859,0.0
0.632,-0.533992377760713,0.8466598778426078,0.0009899141624751806,4.398798905351009e-17
0.63225,-0.5349203553112789,0.8460993054894927,0.0010113991739288952,5.3787265229664657e-17
0.6325,-0.5358479362712336,0.8455379070786784,0.0010331478593164078,0.0
0.63275,-0.5367751046997011,0.844975692284315,0.0010551601069406225,8.473890390372308e-17
0.633,-0.5377018837390557,0.8444126503780196,0.0010774395095318745,2.748286384076465e-18
0.63325,-0.5386282470758755,0.8438487493688034,0.0010999452398965381,8.423290621541318e-17
0.6335,-0.53955420577152,0.8432840984109041,0.0011227754868166073,2.2898049642349453e-17
0.63375,-0.540479762098353,0.8427186273191523,0.001145872522365421,7.553576082210974e-17
0.634,-0.5414049174094651,0.8421522892105471,0.0011691978969960992,0.0
0.63425,-0.5423296629275766,0.8415851847792883,0.0011928318416625228,0.0
0.6345,-0.5432540029618724,0.8410172430460767,0.001216717217067842,0.0
0.63475,-0.5441779338975345,0.8404485044319383,0.0012408862720656444,4.788458650013938e-17
0.635,-0.5451014647098209,0.839878944468538,0.0012653235733162127,0.0
0.63525,-0.5460245868449969,0.8393086001801382,0.0012900557658568346,0.0
0.6355,-0.5469472997607141,0.8387374288784888,0.0013150469843317136,6.372182845260335e-17
0.63575,-0.5478696037282986,0.8381654905296305,0.0013403478359290677,0.0
0.636,-0.5487915006381423,0.8375926864097248,0.0013658769399542692,0.0
0.63625,-0.549712997222057,0.8370191623309118,0.0013917602137529794,0.0
0.6365,-0.5506340770228365,0.8364447805493773,0.0014178736606846876,6.793991301900768e-17
0.63675,-0.5515547527331883,0.8358696328718827,0.0014443012069840222,0.0
0.637,-0.552475015222065,0.835293670743722,0.0014709974977520357,0.0
0.63725,-0.5533948701155356,0.8347169263813452,0.0014979927377340996,0.0
0.6375,-0.5543143162434463,0.8341394031840091,0.0015252893145605295,0.0
0.63775,-0.5552333515866943,0.833561059544468,0.0015528516773788414,0.0
0.638,-0.5561519815638735,0.8329819504002003,0.0015807287932134706,5.289118565951866e-17
0.63825,-0.557070195283473,0.8324020286267526,0.0016088756271581683,8.727619389365216e-17
0.6385,-0.5579880028165956,0.8318213890324289,0.001637376768205634,7.352300965331568e-17
0.63875,-0.5589054003489369,0.8312399088991721,0.0016661283511134606,7.193739077043595e-17
0.639,-0.5598223823574594,0.8306576550777209,0.0016951830410285584,2.957222290970666e-17
0.63925,-0.5607389535838212,0.8300746213806183,0.0017245385466284624,4.753512400389619e-17
0.6395,-0.5616551128338036,0.8294908207445325,0.0017542051180972074,3.947197147373416e-17
0.63975,-0.562570862073039,0.8289062429017351,0.001784175546346134,8.66305232038266e-17
0.64,-0.5634861987322872,0.8283208525919292,0.0018144194412372805,0.0
0.64025,-0.564401119180989,0.8277347591709365,0.0018450253769397573,0.0
0.6405,-0.5653156259357934,0.8271478546636692,0.0018759056898656201,0.0
0.64075,-0.5662297218700356,0.8265601711096923,0.0019070887032897055,8.7767963615529e-17
0.641,-0.5671434056858519,0.8259717341414167,0.0019385950314150246,0.0
0.64125,-0.5680566737904063,0.8253825393772884,0.0019704191974536656,0.0
0.6415,-0.5689695271257296,0.8247925492052437,0.002002530945985459,5.831462867276732e-17
0.64175,-0.5698819651812376,0.8242018380005987,0.00203499140618546,2.4969104359693806e-17
0.642,-0.5707939868082218,0.8236102998146096,0.002067712950145628,0.0
0.64225,-0.5717055977910223,0.8230180498746468,0.0021007938152013406,4.1286037104706983e-17
0.6425,-0.5726167910612818,0.8224250343341173,0.0021341858777164102,7.036962517163826e-17
0.64275,-0.5735275679268567,0.8218312754076453,0.00216790829194502,0.0
0.643,-0.574437926849892,0.8212367536542273,0.0022019443985008547,0.0
0.64325,-0.5753478739081463,0.820641454195417,0.002236285690451867,0.0
0.6435,-0.5762573978863682,0.8200454271969416,0.0022709669971401336,5.291922227759536e-18
0.64375,-0.5771665103739281,0.8194486558336544,0.0023059813474131108,0.0
0.644,-0.5780752081842138,0.8188511149836599,0.002341306555409206,3.2210450553009924e-17
0.64425,-0.5789834795327584,0.8182528175074499,0.002376946527971713,5.042387374387246e-17
0.6445,-0.5798913376448694,0.817653816959959,0.0024129527618574897,5.6193525098915234e-18
0.64475,-0.5807987787171045,0.8170540183614577,0.00244924573760108,6.416988028230311e-18
0.645,-0.5817057957530188,0.8164535597160901,0.0024859340587917167,2.7816645370346953e-18
0.64525,-0.5826123994441396,0.8158522915423199,0.002522902282492412,3.782870658346269e-18
0.6455,-0.5835185850783136,0.8152503041055226,0.002560221371237237,1.4377316907918536e-19
0.64575,-0.5844243446152567,0.8146475834196856,0.002597875396963989,0.0
0.646,-0.5853296888573869,0.8140440976569896,0.002635844954721245,0.0
0.64625,-0.5862346116403836,0.8134399283421465,0.002674192799648978,4.448592034386395e-19
0.6465,-0.5871391139597562,0.8128349923527982,0.0027128521838248876,0.0
0.64675,-0.5880431947503701,0.8122293569043367,0.0027518771408279186,5.3373222170904024e-20
0.647,-0.5889468586455539,0.8116229615732492,0.002791221571767588,0.0
0.64725,-0.5898500981156716,0.8110158446204225,0.002830912204268232,0.0
0.6475,-0.5907529181994873,0.810408015619986,0.002870959865891143,0.0
0.64775,-0.5916553111776885,0.8097994478561016,0.0029113385503298783,0.0
0.648,-0.592557284737808,0.8091901304506105,0.002952044174854729,0.0
0.64825,-0.593458835495881,0.8085801737132262,0.002993163860172121,1.0669907806511164e-18
0.6485,-0.5943599638116339,0.8079694368093512,0.0030345843490078295,0.0
0.64875,-0.5952606673669525,0.807357984869932,0.003076356937689484,1.8565985137532608e-18
0.649,-0.5961609514027746,0.8067458363435742,0.00311849969739586,1.8662673902882093e-18
0.64925,-0.5970608089021539,0.8061329813213584,0.0031610005881188563,1.5457297594102232e-18
0.6495,-0.5979602434137552,0.8055194036052961,0.0032038488204024773,0.0
0.64975,-0.5988592524451457,0.8049050724097673,0.0032470183509800687,0.0
0.65,-0.5997578398445671,0.8042900910760603,0.003290594522922241,0.0
0.65025,-0.600655998277375,0.8036744011416879,0.0033345261262769377,2.0387002665886806e-18
0.6505,-0.6015537294064476,0.8030579578167796,0.003378778416038619,0.0
0.65075,-0.6024510375010415,0.8024408296354701,0.0034234089616123065,1.2344660217351678e-18
0.651,-0.6033479284784656,0.801823028884673,0.003468431216970158,0.0
0.65125,-0.604244380247352,0.8012045250111195,0.0035138075576239824,1.6676966944423835e-18
0.6515,-0.6051404109299245,0.8005852866312819,0.003559523950089183,2.2221637915802505e-18
0.65175,-0.6060360135049243,0.7999653931157912,0.003605639605439359,1.844544062851083e-18
0.652,-0.6069311915166986,0.799344753148465,0.00365208395233263,0.0
0.65225,-0.6078259398539558,0.7987234451544452,0.003698916507699934,2.2012244244851777e-18
0.6525,-0.6087202610085736,0.798101451677518,0.0037461249400205787,0.0
0.65275,-0.6096141508120685,0.7974787660235128,0.0037937014788964607,0.0
0.653,-0.610507615780649,0.7968554064564336,0.0038416646687966516,1.7463504993426155e-18
0.65325,-0.6114006529204623,0.7962313165879626,0.0038899680278552395,0.0
0.6535,-0.6122932622240606,0.7956065538972783,0.003938657274081159,0.0
0.65375,-0.6131854381497772,0.7949811229150341,0.0039877326691710735,0.0
0.654,-0.6140771884992955,0.7943549984294442,0.004037179075078612,2.3247209655924837e-18
0.65425,-0.6149685021492882,0.7937282259275565,0.0040870257452017,1.2686463454645023e-18
0.6545,-0.6158593958723395,0.793100700360271,0.004137199986234741,0.0
0.65475,-0.616749853428344,0.7924725593146578,0.004187800648169482,1.1068297305746785e-18
0.655,-0.6176398761664553,0.7918437124837835,0.004238757283851813,9.525053490913046e-19
0.65525,-0.6185294712404354,0.7912142151184467,0.004290117943252625,1.0610291930796525e-18
0.6555,-0.6194186381284528,0.7905840488174765,0.004341867844580571,2.4109748341177133e-18
0.65575,-0.6203073705497182,0.7899531693040233,0.004393968346971144,1.6883515974284026e-18
0.656,-0.6211956730820396,0.78932164548071,0.004446476563198409,0.0
0.65625,-0.6220835391529931,0.7886894930059813,0.00449940072811672,1.888149089718877e-18
0.6565,-0.6229709808264101,0.7880565849131791,0.0045526486834037705,1.660436326323501e-18
0.65675,-0.6238579798028566,0.7874230772814284,0.00460633165387514,0.0
0.657,-0.6247445490746226,0.7867888906778664,0.004660395403621509,0.0
0.65725,-0.6256306827213822,0.7861540472299767,0.00471485364679225,0.0
0.6575,-0.6265163892882849,0.7855185530021709,0.0047697164810722725,0.0
0.65775,-0.627401660675979,0.784882378315432,0.004824955705751366,0.0
0.658,-0.6282864916185634,0.7842455638825268,0.004880599882287173,1.6444970533251082e-18
0.65825,-0.6291708902915492,0.7836080870475042,0.004936636448542142,0.0
0.6585,-0.6300548561084891,0.7829699787783566,0.004993089217069757,2.1885378243911145e-18
0.65875,-0.6309383851223037,0.7823311704883091,0.00504990231249125,2.0650812611582744e-18
0.659,-0.6318214807843787,0.7816917513961221,0.005107147413300428,0.0
0.65925,-0.6327041326020288,0.7810516915087171,0.00516479455873986,2.1819567360677915e-18
0.6595,-0.6335863552778374,0.7804109496723612,0.005222821051517279,0.0
0.65975,-0.6344681409923525,0.7797695886864515,0.005281270776755997,0.0
0.66,-0.6353494908895645,0.7791275565892525,0.005340104149022418,0.0
0.66025,-0.636230397508891,0.7784849435132768,0.0053993863093368955,2.070199984774994e-19
0.6605,-0.6371108742216978,0.7778416226795948,0.005459027521440563,1.1584816742791589e-18
0.66075,-0.6379909068246394,0.7771977134852872,0.005519111224488116,0.0
0.661,-0.6388705074325192,0.7765531393782166,0.005579585883309646,4.259970957680369e-19
0.66125,-0.639749663476081,0.7759079640381163,0.005640492708767875,1.3475100702749572e-18
0.6615,-0.6406283823408783,0.7752620846825213,0.005701757086552739,0.0
0.66175,-0.6415066649175594,0.7746156628939002,0.0057635041769046325,9.300691112294114e-19
0.662,-0.6423845067910318,0.7739685004939487,0.005825578478698468,0.0
0.66225,-0.6432619080658339,0.7733208136244468,0.005888146442373454,3.34850418388625e-20
0.6625,-0.6441388728095336,0.7726724409234379,0.005951086498205527,0.0
0.66275,-0.6450153976731225,0.7720234829156158,0.0060144737570004825,0.0
0.663,-0.6458914780832048,0.7713738737754956,0.00607825471178991,0.0
0.66325,-0.6467671176250551,0.7707236762026562,0.00614247972161408,0.0
0.6635,-0.6476423145573771,0.7700728178431306,0.00620709219628135,2.6021611605472617e-18
0.66375,-0.6485170724380704,0.7694213848006421,0.0062721603185609265,0.0
0.664,-0.6493913947255274,0.768769273651507,0.00633760719463905,0.0
0.66425,-0.6502652644585807,0.7681166098972658,0.006403517760871225,3.314072312729958e-19
0.6645,-0.65113870072932,0.7674632980283597,0.006469831345199184,1.53097380117755e-18
0.66475,-0.6520116916534782,0.766809354685755,0.006536552980771937,3.410527834340994e-19
0.665,-0.6528842375215964,0.7661548254716599,0.006603717556052935,0.0
0.66525,-0.6537563431243123,0.7654996850319733,0.006671308799115483,0.0
0.6655,-0.6546280016066335,0.7648439703142657,0.006739350285655421,0.0
0.66575,-0.6554992168669938,0.7641876078520968,0.006807788660751379,0.0
0.666,-0.6563699896067909,0.7635306585571379,0.006876670607237623,0.0
0.66625,-0.6572403193316012,0.7628731171948051,0.0069459917461431875,5.618385118377241e-19
0.6665,-0.658110203250734,0.7622149694363483,0.007015739328624315,0.0
0.66675,-0.6589796404211904,0.761556182233583,0.007085887691725912,0.0
0.667,-0.6598486332694532,0.7608968276225057,0.007156492861739139,0.0
0.66725,-0.6607171824768425,0.7602369042399173,0.007227554124900948,1.1041898657075552e-18
0.6675,-0.6615852826846609,0.7595763561374627,0.007299025646311241,2.064152032065363e-18
0.66775,-0.6624529358780731,0.7589151988685425,0.007370920429589312,4.481893557380147e-19
0.668,-0.6633201450152291,0.7582535131834163,0.007443301152981974,0.0
0.66825,-0.6641869082220174,0.7575911944781968,0.007516087714942499,1.5891441382014339e-18
0.6685,-0.665053223250107,0.7569282854335415,0.007589310703878693,4.478684907269655e-19
0.66875,-0.665919090607038,0.7562648217801102,0.007662997185570175,1.914422239197778e-19
0.669,-0.6667845097898558,0.7556007193333626,0.007737083545501511,0.0
0.66925,-0.667649481045238,0.754936069989395,0.0078116388050935015,2.285702383570616e-18
0.6695,-0.6685140089862927,0.7542708546217581,0.007886651535162548,0.0
0.66975,-0.6693780791856665,0.7536050549131112,0.007962098337475076,0.0
0.67,-0.6702417046899589,0.7529386557699469,0.008037976496102495,1.8386295450025427e-18
0.67025,-0.6711048828336206,0.7522716878884118,0.008114307091020123,2.5512051596873395e-18
0.6705,-0.6719676071972582,0.751604153448608,0.008191087345850168,0.0
0.67075,-0.6728298801463171,0.7509360360151245,0.008268306456082009,1.6634937244449743e-18
0.671,-0.6736917118656292,0.7502673773196059,0.008346002177070933,2.3703283355463885e-18
0.67125,-0.6745530850750292,0.7495981194508397,0.008424119737560964,3.2214889826775174e-21
0.6715,-0.6754140109834572,0.7489282696201405,0.008502671919603522,0.0
0.67175,-0.6762744848468978,0.748257936942486,0.008581736426137354,0.0
0.672,-0.6771345106441413,0.7475869795234855,0.008661210445969791,1.4539083661942063e-20
0.67225,-0.6779940800259743,0.7469154979363064,0.008741162839956518,0.0
0.6725,-0.678853199382067,0.7462433688444954,0.008821506439890436,0.0
0.67275,-0.6797118677909219,0.7455707810973514,0.00890238023405332,0.0
0.673,-0.6805700776666683,0.7448975536133138,0.008983645057894174,4.13558877123378e-20
0.67325,-0.6814278406960079,0.7442238556778187,0.009065433673942858,1.6233979827154751e-21
0.6735,-0.6822851503986505,0.7435495297162082,0.009147625273776994,0.0
0.67375,-0.6831419990430768,0.7428747113341161,0.009230314445774823,0.0
0.674,-0.6839984045560684,0.7421992705119378,0.009313417419831937,0.0
0.67425,-0.6848543506479989,0.7415233571572455,0.009397033288311096,0.0
0.6745,-0.6857098399989012,0.7408468464674258,0.00948107193351988,0.0
0.67475,-0.6865648781692285,0.7401697892283954,0.009565574305074431,0.0
0.675,-0.6874194611937385,0.7394922083526675,0.009650554321739113,0.0
0.67525,-0.6882735880180616,0.7388140629983149,0.009735981159102014,6.596580479540445e-21
0.6755,-0.6891272569479763,0.7381353984085989,0.009821886598059049,3.6036078568965835e-20
0.67575,-0.6899804747129554,0.7374561855005821,0.009908253762778374,1.4756859563226454e-20
0.676,-0.6908332355102652,0.7367764557647067,0.009995101500390735,2.6260856607168633e-20
0.67625,-0.6916855351717988,0.7360961880537418,0.010082411307684946,2.6287376199046754e-20
0.6765,-0.6925373835529405,0.7354153516045927,0.010170167345115777,0.0
0.67675,-0.6933887680324837,0.7347340385376295,0.010258427838847783,0.0
0.677,-0.6942397033358393,0.734052082085208,0.010347081403941694,0.0
0.67725,-0.695090172000884,0.7333697247269302,0.010436292082915966,1.3197129632106669e-20
0.6775,-0.695940191749989,0.7326867354896109,0.010525904099164984,0.0
0.67775,-0.6967897461434343,0.7320032966303359,0.010616038170932152,6.61204675661528e-21
0.678,-0.6976388487160456,0.7313192741630983,0.010706606291009946,6.618818330999456e-21
0.67825,-0.6984874860543209,0.7306347735524436,0.010797675352746117,1.1594818183420823e-20
0.6785,-0.699335666169635,0.7299497266104209,0.01088920132502924,6.632422997283227e-21
0.67875,-0.7001833886961101,0.7292641753423657,0.01098121409042463,1.3278512427171014e-20
0.679,-0.7010306459283339,0.7285781238338624,0.011073710992412167,8.30763762747011e-21
0.67925,-0.7018774513878789,0.7278915361574434,0.011166675269901782,0.0
0.6795,-0.7027237889442846,0.72720439688463,0.011260084447393792,0.0
0.67975,-0.7035696634900618,0.7265167971613827,0.011354007230481411,5.000097321413749e-21
0.68,-0.7044150883281682,0.7258286613634064,0.011448398249251035,2.3358067723635106e-20
0.68025,-0.7052600445206947,0.7251400485377205,0.011543286464113622,0.0
0.6805,-0.7061045422752578,0.7244508641862452,0.011638610988108145,0.0
0.68075,-0.7069485740399301,0.723761220328077,0.011734446575719648,3.347335720588624e-21
0.681,-0.7077921430292653,0.7230710327688514,0.01183073493711051,0.0
0.68125,-0.7086352499846895,0.7223803900988601,0.011927539658964426,0.0
0.6815,-0.7094778979962502,0.7216892172813931,0.01202480902664016,6.715799875363203e-21
0.68175,-0.7103200814783657,0.7209975478964379,0.01212256284706359,0.0
0.682,-0.7111618007692382,0.7203053649980431,0.012220789017055145,0.0
0.68225,-0.712003052629347,0.7196127505821492,0.01231954330335605,0.0
0.6825,-0.712843847023571,0.7189195373678023,0.012418713501730627,0.0
0.68275,-0.7136841709524049,0.7182259009325174,0.0125184149625861,8.43930289707436e-22
0.683,-0.7145240354530109,0.7175318159443371,0.012618637065521243,0.0
0.68325,-0.7153634271856952,0.7168371406547283,0.012719269677885725,5.9729776279832325e-21
0.6835,-0.7162023622574434,0.716142032496377,0.012820435423369636,1.8512456217184118e-22
0.68375,-0.7170408295766998,0.7154464198567216,0.01292207546574975,1.2680705911068165e-21
0.684,-0.7178788303181977,0.714750339139385,0.013024216057488713,0.0
0.68425,-0.7187163592850473,0.7140537589462379,0.013126831038051678,1.0544786740236187e-21
0.6845,-0.7195534310976306,0.7133567146764924,0.013229955428880391,0.0
0.68475,-0.7203900314141511,0.7126591815557244,0.01333356128007357,0.0
0.685,-0.7212261658654867,0.7119611692519724,0.01343765908499095,0.0
0.68525,-0.7220618323663118,0.7112626574794096,0.013542232807724597,0.0
0.6855,-0.7228970307507001,0.710563670577874,0.01364729912000473,0.0
0.68575,-0.723731757574497,0.709864276352262,0.013752902714952109,0.0
0.686,-0.7245660209274407,0.7091643268285486,0.01385894538087129,0.0
0.68625,-0.7253998133867917,0.7084639554696495,0.013965514927057887,4.1825693715266676e-22
0.6865,-0.726233138945508,0.7077630929989194,0.014072565408433935,0.0
0.68675,-0.7270659951272785,0.7070617855943953,0.014180126958891925,0.0
0.687,-0.7278983786918484,0.7063599937476317,0.0142881693430994,2.0847799547137477e-22
0.68725,-0.7287302951714334,0.7056577517001712,0.01439672004358572,0.0
0.6875,-0.729561740616097,0.7049550231866812,0.01450575064260895,0.0
0.68775,-0.7303927116429654,0.7042518745255906,0.01461530443512049,0.0
0.688,-0.7312232208827592,0.7035482283674899,0.014725336432076075,0.0
0.68825,-0.7320532527324091,0.7028441679691085,0.014835892784783589,0.0
0.6885,-0.7328828103568126,0.7021395874309156,0.014946902036828691,0.0
0.68875,-0.7337119025130882,0.7014346011122095,0.01505844931551592,0.0
0.689,-0.7345405219892999,0.7007291311528401,0.015170475186570442,0.0
0.68925,-0.7353686643025148,0.7000232419177557,0.01528302047414809,0.0
0.6895,-0.7361963392494414,0.6993169212760055,0.015396083460651022,0.0
0.68975,-0.7370235356932962,0.698610113227146,0.015509617122897001,0.0
0.69,-0.7378502675998293,0.6979028662119664,0.015623664584484498,0.0
0.69025,-0.7386765168416887,0.6971951906073831,0.0157382193948572,0.0
0.6905,-0.7395022988248277,0.6964870625228581,0.01585327593551833,0.0
0.69075,-0.7403275962091508,0.6957784830553606,0.01596882195844862,0.0
0.691,-0.7411524340143183,0.6950694678975974,0.01608488604486058,0.0
0.69125,-0.7419767842417603,0.6943600232240043,0.01620145158594566,0.0
0.6915,-0.7428006704341161,0.6936501509520792,0.016318536637610848,0.0
0.69175,-0.7436240749354796,0.6929398277613531,0.01643611197240591,0.0
0.692,-0.7444470027857294,0.6922290854880349,0.016554202564849296,0.0
0.69225,-0.7452694542504983,0.6915178955832659,0.01667278873329958,0.0
0.6925,-0.7460914338205118,0.6908062761533014,0.01679188568415446,0.0
0.69275,-0.7469129326067423,0.6900942530374183,0.0169115040014427,0.0
0.693,-0.7477339571331822,0.6893817769658461,0.01703161458365443,0.0
0.69325,-0.7485545006039316,0.6886689033311563,0.017152249562344846,0.0
0.6935,-0.7493745722776868,0.6879555711340344,0.01727337399084683,0.0
0.69375,-0.7501941635336109,0.687241860493506,0.01739503528102082,0.0
0.694,-0.7510132715495919,0.6865276883371421,0.017517174743090447,0.0
0.69425,-0.7518319080996063,0.6858131548554718,0.01763986822918362,0.0
0.6945,-0.7526500641621117,0.6850981347691978,0.01776302416007658,0.0
0.69475,-0.7534677418490712,0.684382757988804,0.017886731144237222,0.0
0.695,-0.7542849389199485,0.6836669249071876,0.01801092002665694,0.0
0.69525,-0.7551016505220194,0.6829507170092721,0.018135641496042076,0.0
0.6955,-0.7559178948058517,0.682234074021084,0.018260868070219427,0.0
0.69575,-0.7567336469763525,0.6815170298840445,0.018386603647210453,0.0
0.696,-0.7575489313049211,0.6807995593269355,0.018512848863958986,0.0
0.69625,-0.7583637202469011,0.6800817213616077,0.01863962220055404,0.0
0.6965,-0.759178037110301,0.679363466065987,0.01876690712637541,0.0
0.69675,-0.7599918667675375,0.6786448029522856,0.018894698252450937,0.0
0.697,-0.760805220335864,0.6779257494062689,0.019023014950277695,0.0
0.69725,-0.7616180862839371,0.6772062971689243,0.01915184260249081,0.0
0.6975,-0.7624304723964905,0.6764864505771255,0.01928118939435608,0.0
0.69775,-0.763242377445192,0.6757661895216891,0.019411040566489124,0.0
0.698,-0.7640537972276078,0.6750455384006794,0.01954140866008447,0.0
0.69825,-0.7648647334460887,0.6743245394280919,0.01967232233912508,0.0
0.6985,-0.765675184106394,0.6736030830286965,0.01980370710354129,0.0
0.69875,-0.766485157766541,0.672881284377592,0.019935645000230817,0.0
0.699,-0.7672946431369204,0.6721590638426032,0.02006807444031833,0.0
0.69925,-0.76810364142643,0.6714364881672206,0.02020103980287713,0.0
0.6995,-0.7689121566297313,0.6707135360596352,0.020334529488541975,0.0
0.69975,-0.7697201914503501,0.66999018022259,0.020468527060517605,0.0
0.7,-0.7705277351179842,0.669266456763594,0.020603047582626877,0.0
0.70025,-0.7713347894394289,0.6685423455390034,0.02073807863641508,0.0
0.7005,-0.7721413629738025,0.667817853403442,0.020873630641629726,0.0
0.70075,-0.7729474495940601,0.6670929845295774,0.021009701150063176,0.0
0.701,-0.773753051781864,0.6663677739002235,0.02114631431273728,0.0
0.70125,-0.774558163622513,0.6656421744968057,0.021283434362427744,0.0
0.7015,-0.7753627862331818,0.6649162074567414,0.021421075371924614,0.0
0.70175,-0.7761669215944733,0.6641898319511759,0.021559211717447235,0.0
0.702,-0.7769705726032727,0.6634631311538679,0.021697899132592013,0.0
0.70225,-0.7777737321606055,0.6627360656103702,0.021837105951702185,0.0
0.7025,-0.7785764062658893,0.662008596542939,0.02197681103372351,0.0
0.70275,-0.7793785885457393,0.6612808288197793,0.02211707687922093,0.0
0.703,-0.7801802856736408,0.6605526380642387,0.022257827462049296,0.0
0.70325,-0.7809814907744259,0.6598241281187687,0.02239912410953182,0.0
0.7035,-0.7817822039423237,0.6590952431960425,0.022540930234368428,0.0
0.70375,-0.7825824259178724,0.6583660021315803,0.02268325796319859,0.0
0.704,-0.783382165085497,0.6576364198204606,0.022826122685725148,0.0
0.70425,-0.784181402812467,0.6569064815622256,0.02296950005139009,0.0
0.7045,-0.784980164839664,0.6561761972288478,0.023113415512384883,0.0
0.70475,-0.785778417926311,0.6554455566568118,0.023257836432213352,0.0
0.705,-0.7865761938407598,0.6547145526000208,0.02340278195012835,0.0
0.70525,-0.787373469335104,0.6539832284295002,0.023548261334007448,0.0
0.7055,-0.7881702533647452,0.6532515667912269,0.023694269693954828,0.0
0.70575,-0.7889665485350756,0.6525195686474671,0.02384080900070895,0.0
0.706,-0.7897623438396175,0.6517871571923963,0.023987821230307294,0.0
0.70625,-0.7905576481041954,0.651054468258262,0.024135399063563767,0.0
0.7065,-0.7913524669304548,0.6503214643138897,0.024283522206756114,0.0
0.70675,-0.7921467863938907,0.6495880686859878,0.024432130584237433,0.0
0.707,-0.7929406084487617,0.6488543440506214,0.024581264868948516,0.0
0.70725,-0.7937339395336636,0.6481203549519381,0.02473097019200865,0.0
0.7075,-0.7945267764255066,0.6473859339693896,0.024881137478159454,0.0
0.70775,-0.7953191141431186,0.6466512391446049,0.02503186214314712,0.0
0.708,-0.7961109642545188,0.6459162374114726,0.025183131522389823,0.0
0.70825,-0.7969023113467382,0.6451808764281622,0.025334899990429927,0.0
0.7085,-0.797693167056178,0.6444451985338984,0.0254872025927535,0.0
0.70875,-0.798483525379613,0.6437091897463314,0.025640025187460003,0.0
0.709,-0.799273385368671,0.6429728762168823,0.02579338275761267,0.0
0.70925,-0.8000627516386325,0.6422362218455229,0.02594725556920885,0.0
0.7095,-0.80085161434253,0.6414992754140931,0.026101665797226392,0.0
0.70975,-0.8016399848211582,0.6407619852629606,0.02625658927102492,0.0
0.71,-0.802427857004268,0.6400244037622489,0.02641205327474805,0.0
0.71025,-0.8032152268500033,0.6392864884892644,0.02656802746268916,0.0
0.7105,-0.8040021044819274,0.638548295216766,0.026724553780421934,0.0
0.71075,-0.8047884789421952,0.637809767218906,0.026881587622412884,0.0
0.711,-0.8055743576897312,0.6370709495880974,0.02703916214344182,0.0
0.71125,-0.8063597327708221,0.6363317650590219,0.02719722247354328,0.0
0.7115,-0.8071446156443092,0.6355923706685935,0.027355874181737683,0.0
0.71175,-0.8079289926411255,0.6348526032803297,0.02751500477701807,0.0
0.712,-0.8087128668387342,0.6341125632758013,0.02767467804492063,0.0
0.71225,-0.8094962489108946,0.6333722423548769,0.02783489646268289,0.0
0.7125,-0.8102791252100869,0.6326315513863381,0.027995593648488803,0.0
0.71275,-0.811061498623523,0.6318906568787784,0.028156873633653712,0.0
0.713,-0.811843373630625,0.6311493752583037,0.028318626300672278,0.0
0.71325,-0.8126247431849271,0.6304078601303457,0.028480939711811093,0.0
0.7135,-0.813405613319595,0.6296660210680114,0.028643762372303483,0.0
0.71375,-0.8141859790154073,0.6289239353303995,0.028807136861304095,0.0
0.714,-0.8149658471177239,0.6281815264185424,0.02897102102140825,0.0
0.71425,-0.8157452043711868,0.6274388433105073,0.029135433531183308,0.0
0.7145,-0.8165240660486046,0.626695857105624,0.02930036808984915,0.0
0.71475,-0.817302418164982,0.6259526052904666,0.02946583566830907,0.0
0.715,-0.8180802730433141,0.6252090875549315,0.029631845031947934,0.0
0.71525,-0.8188576147958363,0.6244652936151865,0.029798376498539447,0.0
0.7155,-0.8196344558330296,0.6237211532716309,0.029965396616410622,0.0
0.71575,-0.8204107943503653,0.6229767866275364,0.03013297596153497,0.0
0.716,-0.8211866269801473,0.6222321380220706,0.030301077316018832,0.0
0.71625,-0.8219619510535467,0.6214872044702702,0.030469695963944554,0.0
0.7165,-0.8227367707739475,0.620742037614836,0.03063886558084028,0.0
0.71675,-0.8235110871041667,0.6199965531614131,0.030808535333074927,0.0
0.717,-0.8242848868879906,0.6192508587334593,0.030978758653190663,0.0
0.71725,-0.8250581945742383,0.6185048597819853,0.031149497409582727,0.0
0.7175,-0.8258309832163857,0.6177585799771397,0.031320743501028536,0.0
0.71775,-0.8266032702805787,0.6170120320831964,0.03149251774987816,0.0
0.718,-0.8273750536016138,0.6162652480141562,0.03166483667527542,0.0
0.71825,-0.828146321998878,0.6155182352933791,0.03183769490116273,0.0
0.7185,-0.828917085652767,0.6147709174891676,0.032011054145036466,0.0
0.71875,-0.8296873366603386,0.6140233120184946,0.032184917694832116,0.0
0.719,-0.8304570843360592,0.6132755112645719,0.03235934714651112,0.0
0.71925,-0.8312263170159545,0.6125274229944179,0.03253427740685222,0.0
0.7195,-0.8319950479551861,0.6117791137673956,0.03270975780418195,0.0
0.71975,-0.8327632583853846,0.6110305507759854,0.032885752877948704,0.0
0.72,-0.8335309701364852,0.6102816977774943,0.03306225795875983,0.0
0.72025,-0.8342981625683392,0.6095326505583119,0.03323931214484288,0.0
0.7205,-0.8350648528109228,0.6087832835097222,0.033416854265986284,0.0
0.72075,-0.8358310209229727,0.608033770623337,0.03359496987725885,0.0
0.721,-0.8365966861135572,0.6072839236914269,0.03377356282226551,0.0
0.72125,-0.837361834059612,0.6065339118554365,0.03395272008459638,0.0
0.7215,-0.8381264759644962,0.6057835795100577,0.034132358509626926,0.0
0.72175,-0.8388906012186209,0.6050330830845985,0.034312560321972496,0.0
0.722,-0.8396542166365576,0.604282332072964,0.03449327710289696,0.0
0.72225,-0.8404173168986699,0.6035313261976889,0.03467450352519097,0.0
0.7225,-0.8411799052229197,0.6027801099427845,0.03485626726298352,0.0
0.72275,-0.841941975251695,0.6020286160510744,0.03503852306815025,0.0
0.723,-0.8427035433091401,0.6012769554117092,0.035221347835792116,0.0
0.72325,-0.8434645889256389,0.6005250166985396,0.03540465927688308,0.0
0.7235,-0.844225117247612,0.5997729113812247,0.035588525341245125,0.0
0.72375,-0.8449851365556271,0.5990205596686757,0.035772905566517244,0.0
0.724,-0.8457446386432472,0.5982679256237443,0.03595777164126468,0.0
0.72425,-0.8465036214146682,0.5975151356159929,0.03614319394490373,0.0
0.7245,-0.8472620956630494,0.5967621056547132,0.03632913183640141,0.0
0.72475,-0.8480200508811073,0.596008865659831,0.03651559305275964,0.0
0.725,-0.8487774905109723,0.5952553897440105,0.036702564585135766,0.0
0.72525,-0.849534410549863,0.5945017166163833,0.036890064456270855,0.0
0.7255,-0.8502908148112391,0.593747830377931,0.037078085695990914,0.0
0.72575,-0.8510467067130234,0.5929937258118689,0.037266627179012524,0.0
0.726,-0.8518020748476702,0.5922394288030063,0.03745569338825616,0.0
0.72625,-0.852556930633446,0.5914849136980367,0.037645278071218424,0.0
0.7265,-0.8533112640579259,0.5907301651214307,0.03783536331757764,0.0
0.72675,-0.8540650763125601,0.5899752745586873,0.038026001200055504,0.0
0.727,-0.8548183793112965,0.5892201247342719,0.03821713384063474,0.0
0.72725,-0.8555711533732323,0.5884647759451744,0.03840877837805623,0.0
0.7275,-0.856323414893595,0.5877092682944903,0.03860097002374929,0.0
0.72775,-0.8570751540369851,0.5869534766565854,0.038793628892078935,0.0
0.728,-0.8578263741184333,0.5861976236453468,0.03898688254502525,0.0
0.72825,-0.8585770708844858,0.5854415135229232,0.039180615872233426,0.0
0.7285,-0.8593272498622455,0.58468512742462,0.03937482199029341,0.0
0.72875,-0.8600769059699749,0.583928652306344,0.03956960092491557,0.0
0.729,-0.8608260445194171,0.5831719085555467,0.039764855076023675,0.0
0.72925,-0.861574655852912,0.582415059898921,0.0399606673356101,0.0
0.7295,-0.8623227536384035,0.5816579603352228,0.04015696616609277,0.0
0.72975,-0.8630703186246307,0.580900729419288,0.04035380151690826,0.0
0.73,-0.863817371280038,0.580143281456927,0.04055114143648231,0.0
0.73025,-0.86456389207123,0.5793856489937705,0.04074898689995665,0.0
0.7305,-0.865309893244568,0.5786278749928133,0.04094737093938838,0.0
0.73075,-0.866055376221265,0.5778698475153454,0.04114623149160246,0.0
0.731,-0.8668003304155549,0.5771117046138738,0.04134563542123049,0.0
0.73125,-0.8675447620862842,0.5763533782801193,0.04154554911355346,0.0
0.7315,-0.8682886680211803,0.5755948610149193,0.04174596473457948,0.0
0.73175,-0.869032049261447,0.5748361786590774,0.04194689641023497,0.0
0.732,-0.8697749111194113,0.5740773170108138,0.04214833969023535,0.0
0.73225,-0.8705172394743703,0.5733183165774827,0.042350304046253395,0.0
0.7325,-0.8712590455462695,0.5725591070426117,0.04255275909837253,0.0
0.73275,-0.872000324348178,0.5717997902131822,0.042755755558878006,0.0
0.733,-0.8727410823107635,0.5710402750674912,0.042959247766718445,0.0
0.73325,-0.8734813042120446,0.5702805773560942,0.04316323062000915,0.0
0.7335,-0.8742210106674266,0.5695207467001928,0.043367747447812466,0.0
0.73375,-0.8749601824376003,0.5687607687304513,0.043572773168260026,0.0
0.734,-0.8756988303235915,0.5680006003612939,0.04377829228284713,0.0
0.73425,-0.8764369453742326,0.5672402702155994,0.04398431184150553,0.0
0.7345,-0.8771745389791032,0.5664798234586725,0.044190864841754385,0.0
0.73475,-0.8779116003861152,0.5657192222009559,0.04439792055526626,0.0
0.735,-0.8786481350801953,0.5649584426526655,0.04460546964125656,0.0
0.73525,-0.8793841356344408,0.5641975687956915,0.04481355018036659,0.0
0.7355,-0.8801196152221544,0.5634364404139207,0.04502208564465415,0.0
0.73575,-0.8808545619457204,0.5626752651436169,0.04523117696757706,0.0
0.736,-0.8815889769660784,0.5619138971590729,0.045440745393345416,0.0
0.73625,-0.8823228617779622,0.561152431950661,0.04565084244225326,0.0
0.7365,-0.8830562168884637,0.5603908049530921,0.045861432724880524,0.0
0.73675,-0.8837890410846607,0.5596290247378768,0.046072518743519586,0.0
0.737,-0.8845213367588363,0.5588670786228369,0.04628409466552763,0.0
0.73725,-0.8852530967294161,0.5581050669173904,0.04649620686741418,0.0
0.7375,-0.8859843303102759,0.5573428701054618,0.046708798287633524,0.0
0.73775,-0.8867150274520179,0.5565805679266287,0.04692190181634914,0.0
0.738,-0.8874451915689816,0.5558181277708508,0.0471355018323083,0.0
0.73825,-0.8881748217681273,0.5550555499795256,0.04734959664188465,0.0
0.7385,-0.888903928465562,0.5542928288690174,0.047564190957827046,0.0
0.73875,-0.8896324903437589,0.5535300316685969,0.047779301109864614,0.0
0.739,-0.890360527274052,0.5527670682388179,0.047994895148380845,0.0
0.73925,-0.8910880246729029,0.5520039886083687,0.04821098599232587,0.0
0.7395,-0.8918149936489952,0.5512407869362556,0.048427578843317054,0.0
0.73975,-0.8925414195167698,0.5504774988123008,0.04864467874092471,0.0
0.74,-0.8932673217247246,0.5497140449664488,0.048862259448130496,0.0
0.74025,-0.8939926817864722,0.5489505109636721,0.04908034896048141,0.0
0.7405,-0.894717504466527,0.5481868304391788,0.049298915402928856,0.0
0.74075,-0.8954417922080586,0.5474230488452988,0.049517983476158545,0.0
0.741,-0.8961655498430577,0.5466591690770983,0.04973755761217458,0.0
0.74125,-0.8968887633680496,0.5458951599605638,0.049957608441521195,0.0
0.7415,-0.8976114486212509,0.5451310455120408,0.05017816082652904,0.0
0.74175,-0.8983335889044527,0.5443668573798018,0.050399215711586454,0.0
0.742,-0.8990551992246247,0.5436025397969243,0.05062075580415626,0.0
0.74225,-0.8997762664422233,0.5428381315349735,0.05084278876580206,0.0
0.7425,-0.9004967971914764,0.5420735845988399,0.051065294295241426,0.0
0.74275,-0.9012167881965556,0.5413090048172131,0.05128832297496633,0.0
0.743,-0.9019362458348299,0.5405442271426523,0.0515117940602825,0.0
0.74325,-0.9026551590200407,0.5397794483205677,0.05173579806658246,0.0
0.7435,-0.9033735360745088,0.5390145149265915,0.05196026207329263,0.0
0.74375,-0.9040913738498448,0.5382495409138713,0.05218524061293173,0.0
0.744,-0.9048086688444941,0.5374843990334245,0.05241066434185604,0.0
0.74425,-0.9055254273983306,0.5367192367153282,0.0526366128561242,0.0
0.7445,-0.906241643726448,0.5359539703602403,0.05286303723177577,0.0
0.74475,-0.9069573196641278,0.5351886426383565,0.053089959548292986,0.0
0.745,-0.907672452896815,0.5344231453799914,0.05331732163938341,0.0
0.74525,-0.9083870500820299,0.5336576429373048,0.053545211475108934,0.0
0.7455,-0.9091010979560088,0.5328920247366529,0.053773560274098964,0.0
0.74575,-0.9098146104406837,0.5321263496062281,0.05400240859145233,0.0
0.746,-0.9105275745142178,0.5313605232338285,0.05423169635620084,0.0
0.74625,-0.9112400012567862,0.530594716512022,0.05446151806547239,0.0
0.7465,-0.9119518833993634,0.5298288103330635,0.05469180611901758,0.0
0.74675,-0.9126632231251217,0.529062776112817,0.05492254687883924,0.0
0.747,-0.9133740191141151,0.5282967488975201,0.05515380570244899,0.0
0.74725,-0.9140842679949777,0.527530599909546,0.055385513846404555,0.0
0.7475,-0.9147939813163324,0.5267644041482689,0.05561771760911016,0.0
0.74775,-0.9155031434717691,0.5259981418070818,0.05585039228632849,0.0
0.748,-0.9162117615266225,0.5252317604911108,0.05608351667295142,0.0
0.74825,-0.9169198320863949,0.5244654008330949,0.056317156513308486,0.0
0.7485,-0.9176273649493257,0.5236989151849811,0.056551245642997294,0.0
0.74875,-0.9183343372601013,0.5229324193360063,0.0567858203929299,0.0
0.749,-0.9190407842870394,0.5221657802644459,0.057020844289323414,0.0
0.74925,-0.9197466669007291,0.5213991464553933,0.05725635547837382,0.0
0.7495,-0.9204520172668261,0.5206324850948936,0.05749236433491767,0.0
0.74975,-0.9211568082821584,0.5198657258063102,0.05772881132769325,0.0
0.75,-0.9218610655473607,0.5190989084867176,0.05796573714096098,0.0
0.75025,-0.9225647634354582,0.5183320521880977,0.05820312750352796,0.0
0.7505,-0.9232679193717404,0.5175651741830258,0.0584410047178483,0.0
0.75075,-0.9239705279246462,0.5167982088766299,0.05867933066223685,0.0
0.751,-0.9246725850213204,0.5160311930373223,0.05891811849525608,0.0
0.75125,-0.9253740926987221,0.5152642111049844,0.05915740977610362,0.0
0.7515,-0.9260750549997471,0.5144970835331715,0.05939711933576808,0.0
0.75175,-0.92677546566972,0.5137300042999349,0.05963733469774346,0.0
0.752,-0.9274753249527292,0.5129627886686505,0.05987796512376331,0.0
0.75225,-0.9281746339718766,0.5121956055426293,0.0601190921240915,0.0
0.7525,-0.9288733961253757,0.511428375662389,0.06036067894945951,0.0
0.75275,-0.9295716101782945,0.5106610910896985,0.06060271940175044,0.0
0.753,-0.9302692660710385,0.5098938109015763,0.06084523178081036,0.0
0.75325,-0.9309663754151751,0.5091264620827021,0.06108818980635067,0.0
0.7535,-0.9316629320783627,0.5083590823549491,0.061331604929212524,0.0
0.75375,-0.9323589347059376,0.5075917293288941,0.061575502170753804,0.0
0.754,-0.933054392875313,0.506824313725013,0.061819845852746136,0.0
0.75425,-0.933749289219507,0.5060568483002454,0.062064625542867846,0.0
0.7545,-0.9344436362327553,0.5052893772117719,0.062309871938952766,0.0
0.75475,-0.9351374301650666,0.5045219208040275,0.06255559001282851,0.0
0.755,-0.9358306736598809,0.5037544026494832,0.06280174442435138,0.0
0.75525,-0.9365233622431579,0.502986900890317,0.06304836695913063,0.0
0.7555,-0.9372154920966635,0.5022193417033223,0.06329541793751248,0.0
0.75575,-0.9379070747191918,0.5014518233342694,0.0635429525569593,0.0
0.756,-0.9385980971499785,0.5006842014252764,0.06379088994521243,0.0
0.75625,-0.9392885660509197,0.4999166743794057,0.06403932804974732,0.0
0.7565,-0.9399784815865693,0.4991490467981021,0.06428817374113782,0.0
0.75675,-0.9406678378103462,0.49838148894323175,0.06453750033151229,0.0
0.757,-0.9413566468461627,0.4976138547249759,0.06478724869135277,0.0
0.75725,-0.9420448902310778,0.49684626196693304,0.0650374562619842,0.0
0.7575,-0.942732583031186,0.4960786510402525,0.06528810709899924,0.0
0.75775,-0.9434197141776384,0.495311043060292,0.06553919987792622,0.0
0.758,-0.9441062880313051,0.49454344753636514,0.06579074146917008,0.0
0.75825,-0.9447923056634382,0.4937758201492196,0.06604271087272573,0.0
0.7585,-0.9454777707020612,0.4930082368337495,0.06629514510648593,0.0
0.75875,-0.9461626699599166,0.4922406453736785,0.06654800688181584,0.0
0.759,-0.946847019772512,0.4914730249771435,0.06680129974249271,0.0
0.75925,-0.9475308019679234,0.49070543735690353,0.06705503463017592,0.0
0.7595,-0.9482140332887751,0.48993786257485383,0.06730921578996152,0.0
0.75975,-0.9488966992888082,0.48917031904129016,0.06756383741308536,0.0
0.76,-0.9495788077688045,0.4884027378952971,0.06781887347398308,0.0
0.76025,-0.9502603548214641,0.4876352684568731,0.06807438738527072,0.0
0.7605,-0.9509413471039939,0.4868676994656615,0.0683302871373368,0.0
0.76075,-0.9516217726058651,0.48610021366096956,0.06858664403911074,0.0
0.761,-0.9523016371809119,0.48533272526865123,0.0688434227678727,0.0
0.76125,-0.9529809442591867,0.4845652831345426,0.06910064715179653,0.0
0.7615,-0.9536596919906687,0.4837978266018671,0.069358286615121,0.0
0.76175,-0.9543378719674831,0.48303043139907853,0.06961636652072789,0.0
0.762,-0.9550154937203834,0.4822630690466718,0.06987488100819639,0.0
0.76225,-0.955692550690954,0.4814956940640829,0.07013380231092348,0.0
0.7625,-0.9563690459164349,0.4807283655748345,0.07039315835601445,0.0
0.76275,-0.9570449785880973,0.47996105639553466,0.07065293475383938,0.0
0.763,-0.9577203491428761,0.4791937879526949,0.07091314007010152,0.0
0.76325,-0.9583951510959244,0.47842657484917706,0.07117377356155186,0.0
0.7635,-0.95906939742233,0.4776593747303627,0.07143482645461563,0.0
0.76375,-0.9597430737477002,0.47689224287062615,0.07169630908987434,0.0
0.764,-0.9604161856362146,0.4761251027945066,0.07195819094920641,0.0
0.76425,-0.9610887351858123,0.4753580409543024,0.07222051090294701,0.0
0.7645,-0.9617607173965197,0.4745910149413398,0.07248324415354812,0.0
0.76475,-0.9624321375306559,0.47382401906268184,0.07274639146097339,0.0
0.765,-0.963102987522396,0.47305707358847476,0.07300995309766622,0.0
0.76525,-0.963773271415514,0.4722901795463849,0.07327393166466067,0.0
0.7655,-0.9644429899531308,0.47152333181294415,0.07353832410106098,0.0
0.76575,-0.9651121447892114,0.47075657605377175,0.07380315045053876,0.0
0.766,-0.9657807334271145,0.46998979833375454,0.07406835704103032,0.0
0.76625,-0.9664487445570757,0.46922315930321823,0.07433400257203115,0.0
0.7665,-0.9671161994678039,0.4684564948301197,0.07460003295252648,0.0
0.76675,-0.9677830817012507,0.4676899442898127,0.07486649274083246,0.0
0.767,-0.9684493956158005,0.46692341777293367,0.07513334518717563,0.0
0.76725,-0.9691151422097715,0.4661569816121167,0.07540061854454261,0.0
0.7675,-0.9697803171977831,0.46539059976925745,0.07566829179716095,0.0
0.76775,-0.9704449254453795,0.46462429905590735,0.07593637943694498,0.0
0.768,-0.9711089613107478,0.463857952291158,0.07620482002348683,0.0
0.76825,-0.9717724293248735,0.4630918029737965,0.0764737211736699,0.0
0.7685,-0.9724353325784697,0.4623256855948599,0.07674301279727658,0.0
0.76875,-0.9730976567959184,0.46155961242080257,0.0770126858490332,0.0
0.769,-0.9737594106554294,0.4607936501110269,0.07728277523714855,0.0
0.76925,-0.9744205998653257,0.46002776558578956,0.07755327040093718,0.0
0.7695,-0.9750812139830445,0.45926189815418494,0.07782413452234072,0.0
0.76975,-0.9757412534678653,0.45849621217946324,0.07809543654629958,0.0
0.77,-0.9764007272285156,0.4577304734864165,0.07836708336747411,0.0
0.77025,-0.9770596241330477,0.45696491974233855,0.07863916440398833,0.0
0.7705,-0.9777179538264071,0.45619937605950617,0.07891161266879476,0.0
0.77075,-0.9783757039403276,0.4554339610571795,0.07918446567070458,0.0
0.771,-0.9790328849132077,0.4546686170650412,0.07945770694609222,0.0
0.77125,-0.9796894879166637,0.45390335596509,0.07973133199457805,0.0
0.7715,-0.9803455207369686,0.4531381903248127,0.08000535163483535,0.0
0.77175,-0.9810009817398916,0.4523731271674722,0.08027976578195206,0.0
0.772,-0.9816558680331653,0.4516081070390794,0.0805545454012806,0.0
0.77225,-0.9823101749558227,0.45084325713735646,0.08082973789952663,0.0
0.7725,-0.9829639062990234,0.4500784360918708,0.08110528614078083,0.0
0.77275,-0.9836170628674288,0.44931374318609485,0.08138123073218129,0.0
0.773,-0.9842696517696432,0.4485491360612398,0.08165755896032989,0.0
0.77325,-0.984921658703014,0.4477846458508832,0.08193426918741098,0.0
0.7735,-0.9855730869635724,0.44702023102856103,0.08221134566947375,0.0
0.77375,-0.9862239367969048,0.4462559487326623,0.08248881069989533,0.0
0.774,-0.9868742144648512,0.4454917493932801,0.08276664796857425,0.0
0.77425,-0.9875239128498313,0.44472768234353277,0.0830448697505064,0.0
0.7745,-0.9881730353628128,0.44396367200156195,0.08332344656398227,0.0
0.77475,-0.9888215793054457,0.4431998647438653,0.08360243438684467,0.0
0.775,-0.9894695535785858,0.4424360535382248,0.08388175504963868,0.0
0.77525,-0.990116930228374,0.4416724519000911,0.08416146873622887,0.0
0.7755,-0.9907637455714701,0.4409088914230701,0.08444153833884904,0.0
0.77575,-0.9914099699461556,0.4401454895973228,0.0847219830544157,0.0
0.776,-0.9920556192214092,0.43938219588833727,0.08500279524636745,0.0
0.77625,-0.992700690616096,0.4386190349890803,0.08528398081074884,0.0
0.7765,-0.9933451825074571,0.4378559691043244,0.08556552141778173,0.0
0.77675,-0.993989091055667,0.43709307209732623,0.08584744177676695,0.0
0.777,-0.9946324171796717,0.4363302415681799,0.08612969990311137,0.0
0.77725,-0.9952751690924091,0.4355675413342901,0.08641232746868344,0.0
0.7775,-0.9959173328397386,0.4348049968291873,0.08669532027990634,0.0
0.77775,-0.9965589181341019,0.43404263951578803,0.08697869814934456,0.0
0.778,-0.9971999222593189,0.43328029787208283,0.08726238851443413,0.0
0.77825,-0.9978403441542905,0.4325181746947845,0.08754646974888436,0.0
0.7785,-0.9984801809232264,0.43175614054850453,0.08783088602862299,0.0
0.77875,-0.9991194349116881,0.43099425805403424,0.08811566282900207,0.0
0.779,-0.9997581088311484,0.43023247393448616,0.08840077995259743,0.0
0.77925,-1.0003961959639502,0.4294709098183809,0.08868627771244109,0.0
0.7795,-1.0010336981949801,0.4287094479740762,0.08897210969985614,0.0
0.77975,-1.0016706259446817,0.42794810976670883,0.08925829238675509,0.0
0.78,-1.0023069581740718,0.4271869474992512,0.0895448253825486,0.0
0.78025,-1.0029427079769027,0.42642588761915634,0.08983169026956994,0.0
0.7805,-1.0035778790893386,0.4256650304363956,0.09011892816053457,0.0
0.78075,-1.0042124587666668,0.4249042807142041,0.09040648847640753,0.0
0.781,-1.004846453547171,0.42414368206339004,0.09069439268780366,0.0
0.78125,-1.0054798639386915,0.4233832674033298,0.09098265243004167,0.0
0.7815,-1.0061126845271864,0.4226229976570962,0.09127124589405877,0.0
0.78175,-1.0067449200305927,0.4218628613344424,0.0915601713972014,0.0
0.782,-1.0073765732901436,0.4211028875045954,0.0918494412136226,0.0
0.78225,-1.008007631824374,0.42034309644647483,0.09213905000526057,0.0
0.7825,-1.0086381089082392,0.41958344068896614,0.09242899011440575,0.0
0.78275,-1.0092679935810849,0.4188239842270688,0.09271927439348504,0.0
0.783,-1.0098972959165398,0.41806461650896004,0.09300986815139178,0.0
0.78325,-1.0105260026683842,0.4173055013002495,0.0933008202157335,0.0
0.7835,-1.0111541257324408,0.4165464984705216,0.09359208637123406,0.0
0.78375,-1.0117816561375053,0.4157876802062819,0.09388368426797289,0.0
0.784,-1.0124086056303738,0.41502905219244,0.09417562526232182,0.0
0.78425,-1.0130349534145688,0.41427057730646294,0.0944678743853049,0.0
0.7845,-1.013660718591201,0.41351227787970524,0.09476045616020157,0.0
0.78475,-1.0142858899958616,0.41275412234268316,0.09505334671675958,0.0
0.785,-1.0149104784005418,0.4119962271721471,0.09534659828352976,0.0
0.78525,-1.0155344696011426,0.41123842848117315,0.09564013435422258,0.0
0.7855,-1.0161578659564394,0.41048085333586276,0.09593400325954082,0.0
0.78575,-1.0167806734647342,0.40972341224722963,0.09622817536994166,0.0
0.786,-1.0174028925423504,0.40896623075570193,0.09652269636887478,0.0
0.78625,-1.0180245137201815,0.40820920373685166,0.09681751652254644,0.0
0.7865,-1.0186455477111633,0.40745230229824136,0.09711263347019816,0.0
0.78675,-1.0192659849345551,0.4066956872653136,0.09740809641847203,0.0
0.787,-1.0198858356934588,0.40593917345225483,0.09770384457340997,0.0
0.78725,-1.020505081749997,0.40518294333192006,0.09799992688737724,0.0
0.7875,-1.0211237459916274,0.4044268020323474,0.09829629100260795,0.0
0.78775,-1.021741811533572,0.4036709374391696,0.09859298885844114,0.0
0.788,-1.0223592797891654,0.4029152578985532,0.09888998631276946,0.0
0.78825,-1.0229761534228956,0.40215976542176735,0.09918728495011009,0.0
0.7885,-1.0235924382746426,0.40140445296434846,0.09948488600463978,0.0
0.78875,-1.024208118621274,0.4006493406264022,0.09978278054991407,0.0
0.789,-1.0248232111962459,0.39989449058856374,0.10008100511265616,0.0
0.78925,-1.0254377068846574,0.3991397646340742,0.10037949926968759,0.0
0.7895,-1.0260515991941457,0.3983852983017083,0.10067830455215443,0.0
0.78975,-1.0266649008291497,0.3976310092728198,0.10097740128026667,0.0
0.79,-1.02727760688582,0.396876969209878,0.10127680911670689,0.0
0.79025,-1.027889709526078,0.39612314819825517,0.10157650823177145,0.0
0.7905,-1.028501223891133,0.39536946717994015,0.10187648269835958,0.0
0.79075,-1.0291121337958915,0.394616054147264,0.10217676173864665,0.0
0.791,-1.0297224479514477,0.39386284105338953,0.10247732737583748,0.0
0.79125,-1.0303321602965136,0.3931099062250316,0.10277820023499462,0.0
0.7915,-1.0309412783508844,0.39235707911569107,0.10307932486288252,0.0
0.79175,-1.0315497927676485,0.3916045261862574,0.1033807501894084,0.0
0.792,-1.032157713536309,0.39085222656502727,0.1036824763596369,0.0
0.79225,-1.0327650301765998,0.3901001537030587,0.10398448244294767,0.0
0.7925,-1.0333717492572274,0.3893482505035262,0.10428675276537613,0.0
0.79275,-1.03397786698038,0.38859660711237265,0.10458931393733129,0.0
0.793,-1.0345833813417984,0.387845206671792,0.10489215640573457,0.0
0.79325,-1.0351883002447482,0.3870940189903017,0.10519527528019901,0.0
0.7935,-1.0357926145871432,0.3863430466413964,0.10549866129336682,0.0
0.79375,-1.036396327698548,0.3855923328985068,0.10580233100547809,0.0
0.794,-1.036999436979733,0.38484184178308234,0.10610626771720177,0.0
0.79425,-1.037601949869051,0.38409160188306124,0.10641048666810482,0.0
0.7945,-1.0382038550917518,0.38334161690901003,0.10671497684895792,0.0
0.79475,-1.0388051610984061,0.38259187034798275,0.10701973874951887,0.0
0.795,-1.0394058600976843,0.38184231179858996,0.10732474599148123,0.0
0.79525,-1.0400059561981685,0.3810930864064298,0.1076300507996546,0.0
0.7955,-1.0406054520832155,0.38034400923751227,0.107935590306665,0.0
0.79575,-1.0412043398395183,0.37959523780675497,0.10824140956120853,0.0
0.796,-1.0418026281537038,0.37884670803383436,0.10854749299073241,0.0
0.79625,-1.0424003068081436,0.3780984381589225,0.10885383553105332,0.0
0.7965,-1.0429973863671629,0.3773503937702829,0.10916043368275652,0.0
0.79675,-1.0435938561334464,0.37660260766382836,0.10946728688081264,0.0
0.797,-1.0441897172407126,0.3758550940577947,0.1097743992904292,0.0
0.79725,-1.0447849775475921,0.3751078236700433,0.11008176666748248,0.0
0.7975,-1.0453796319276853,0.3743608162109509,0.11038938916192476,0.0
0.79775,-1.045973676284939,0.3736140748549779,0.11069726226851362,0.0
0.798,-1.0465671150724993,0.3728676260207028,0.11100539732509351,0.0
0.79825,-1.0471599448741107,0.37212141090237055,0.11131376964416373,0.0
0.7985,-1.0477521704794817,0.3713754342369674,0.11162238368034005,0.0
0.79875,-1.0483437892608023,0.3706297438391343,0.11193125124710823,0.0
0.799,-1.0489347978143075,0.3698843375316416,0.11224036665505155,0.0
0.79925,-1.0495251923447615,0.3691392155318516,0.11254972464595014,0.0
0.7995,-1.0501149879940725,0.3683943169360344,0.11285931759614543,0.0
0.79975,-1.0507041724799646,0.36764975581056725,0.1131691699891697,0.0
0.8,-1.0512927441291677,0.36690537863848083,0.11347922779568842,0.0
0.80025,-1.0518807071864757,0.36616134726965543,0.1137895467212151,0.0
0.8005,-1.052468062709702,0.3654175667956253,0.11410009476112548,0.0
0.80075,-1.0530548027298388,0.36467409137785983,0.11441088045417391,0.0
0.801,-1.0536409374896747,0.3639308816207165,0.11472189883905703,0.0
0.80125,-1.0542264571513966,0.3631879664391299,0.1150331483521807,0.0
0.8015,-1.0548113716800844,0.3624453632664272,0.11534464233211494,0.0
0.80175,-1.0553956679815146,0.3617029917998056,0.11565634057763385,0.0
0.802,-1.0559793539817326,0.36096090673415915,0.115968266675188,0.0
0.80225,-1.056562431322857,0.36021916823404365,0.11628043987435932,0.0
0.8025,-1.057144892045523,0.3594776752500279,0.11659281825610224,0.0
0.80275,-1.0577267425050514,0.3587365097980334,0.11690543255569397,0.0
0.803,-1.0583079790612426,0.3579955937476824,0.11721825248581008,0.0
0.80325,-1.0588885970047959,0.35725504578006256,0.11753130989789251,0.0
0.8035,-1.059468610137773,0.3565147094877127,0.11784456609511351,0.0
0.80375,-1.060048001748958,0.35577470728553423,0.1181580426558968,0.0
0.804,-1.0606267864368824,0.3550350332576395,0.11847174973160657,0.0
0.80425,-1.061204949787554,0.35429568751235424,0.11878567189764122,0.0
0.8045,-1.06178250546439,0.3535565313921599,0.11909977651695236,0.0
0.80475,-1.0623594379137355,0.35281776769101997,0.1194141112755649,0.0
0.805,-1.062935759163606,0.3520792843161021,0.11972865041189773,0.0
0.80525,-1.0635114629686304,0.3513411147228193,0.12004339682011866,0.0
0.8055,-1.0640865501838148,0.35060329003361657,0.12035835930495398,0.0
0.80575,-1.064661023151059,0.3498657587779559,0.12067352220989602,0.0
0.806,-1.0652348777154472,0.3491285311409243,0.12098888306622513,0.0
0.80625,-1.065808114286345,0.34839166442909797,0.12130445835298986,0.0
0.8065,-1.0663807365519036,0.34765503427824523,0.12162021118914779,0.0
0.80675,-1.0669527374275978,0.3469187543669471,0.1219361684319471,0.0
0.807,-1.0675241197023606,0.3461828368908153,0.12225233468417107,0.0
0.80725,-1.068094889245605,0.34544723948980194,0.12256870066099101,0.0
0.8075,-1.0686650355009994,0.3447119064604376,0.12288523748330649,0.0
0.80775,-1.0692345615693473,0.3439769398497896,0.12320197774167929,0.0
0.808,-1.0698034715121822,0.3432422894707062,0.123518908136667,0.0
0.80825,-1.0703717603913447,0.34250798768247614,0.12383603211036331,0.0
0.8085,-1.0709394299504162,0.34177398532704495,0.12415333458957178,0.0
0.80875,-1.0715064757327388,0.3410403559111081,0.1244708319459289,0.0
0.809,-1.0720729101349584,0.3403070156762017,0.12478850881562686,0.0
0.80925,-1.0726387126842627,0.3395740342234702,0.1251063650463251,0.0
0.8095,-1.073203901205805,0.33884139170329863,0.12542440985380598,0.0
0.80975,-1.0737684650947148,0.33810910247943077,0.12574263569046096,0.0
0.81,-1.0743324074289107,0.3373771177108724,0.12606102907741845,0.0
0.81025,-1.0748957250109235,0.3366455141042379,0.1263796082197446,0.0
0.8105,-1.075458426396862,0.33591423887674887,0.1266983637106074,0.0
0.81075,-1.0760205003036232,0.33518331113113875,0.1270172887469354,0.0
0.811,-1.0765819549392466,0.3344527182727699,0.12733638567237526,0.0
0.81125,-1.0771427814205206,0.3337224995060021,0.12765565588209093,0.0
0.8115,-1.077702985493704,0.3329925890090829,0.12797508362419707,0.0
0.81175,-1.0782625677307016,0.3322630798317936,0.1282946951876156,0.0
0.812,-1.078821521736988,0.3315338847581274,0.12861445698064933,0.0
0.81225,-1.0793798537097912,0.33080508150181354,0.12893439603105006,0.0
0.8125,-1.079937565324889,0.33007660488691715,0.12925449305881576,0.0
0.81275,-1.0804946435232243,0.3293485053752675,0.12957474860024298,0.0
0.813,-1.0810511029448384,0.3286207597573316,0.12989516811150992,0.0
0.81325,-1.081606929579173,0.32789340562989766,0.1302157473550165,0.0
0.8135,-1.0821621323421895,0.32716633384771177,0.1305364614548028,0.0
0.81375,-1.0827167106169768,0.3264397202667837,0.13085735900559192,0.0
0.814,-1.0832706633483482,0.3257133985926437,0.13117838915616709,0.0
0.81425,-1.0838239853220135,0.3249875035634531,0.13149958401746553,0.0
0.8145,-1.0843766813472369,0.32426193335018444,0.13182091713735633,0.0
0.81475,-1.0849287500295608,0.32353678551412646,0.1321424134010345,0.0
0.815,-1.0854801911638727,0.32281196475266305,0.13246404357782238,0.0
0.81525,-1.0860309970126631,0.32208755504222314,0.1327858224683942,0.0
0.8155,-1.0865811834854417,0.3213635094356135,0.13310775017268184,0.0
0.81575,-1.087130734698945,0.32063982891189063,0.13342981000665155,0.0
0.816,-1.087679669083757,0.3199165345760785,0.13375202387176266,0.0
0.81625,-1.088227955038152,0.319193636149428,0.13407436241404014,0.0
0.8165,-1.088775624642802,0.31847112170869435,0.1343968512732736,0.0
0.81675,-1.0893226569114358,0.3177489589738042,0.13471945950949737,0.0
0.817,-1.0898690608732116,0.3170272239198527,0.13504221531843674,0.0
0.81725,-1.0904148323337866,0.3163058399521377,0.13536509148438558,0.0
0.8175,-1.090959976304135,0.31558487425319465,0.1356881098060876,0.0
0.81775,-1.0915044840583636,0.3148643156754184,0.1360112569887959,0.0
0.818,-1.0920483640475434,0.3141440826964454,0.1363345168180481,0.0
0.81825,-1.0925916092055685,0.3134243563978021,0.13665793081726663,0.0
0.8185,-1.093134224636172,0.31270490937206896,0.13698143934556772,0.0
0.81875,-1.0936762044962198,0.3119859434112695,0.13730509062761054,0.0
0.819,-1.0942175525575224,0.3112672923067603,0.13762884087252125,0.0
0.81925,-1.0947582647922007,0.3105491416448134,0.13795273526942253,0.0
0.8195,-1.0952983477115201,0.3098313172165643,0.1382767306888677,0.0
0.81975,-1.0958377950821685,0.30911390159700125,0.13860084195079936,0.0
0.82,-1.0963766039020881,0.3083969600611727,0.1389250820659138,0.0
0.82025,-1.0969147817521296,0.3076803950730733,0.13924943008045632,0.0
0.8205,-1.0974523250219588,0.3069641927896092,0.13957387709225744,0.0
0.82075,-1.0979892310573771,0.30624845088345265,0.13989844511977667,0.0
0.821,-1.0985255032629764,0.3055331047409478,0.14022311825879874,0.0
0.82125,-1.0990611372848913,0.30481817290759605,0.14054789554173652,0.0
0.8215,-1.0995961411586785,0.3041036542055714,0.14087278263276937,0.0
0.82175,-1.10013049890124,0.30338960554735694,0.14119777749821782,0.0
0.822,-1.1006642293438844,0.302675895461618,0.14152286155409932,0.0
0.82225,-1.1011973146923189,0.3019626557951741,0.1418480509159039,0.0
0.8225,-1.1017297662134724,0.301249827029184,0.14217333887895744,0.0
0.82275,-1.1022615777867506,0.30053743547163975,0.1424987247191163,0.0
0.823,-1.1027927548072354,0.29982545064608834,0.14282420385222028,0.0
0.82325,-1.1033232930481103,0.2991139100796909,0.1431497802937669,0.0
0.8235,-1.1038531904479265,0.2984027475976897,0.1434754329831125,0.0
0.82375,-1.1043824479391047,0.2976920708968863,0.1438011891892952,0.0
0.824,-1.1049110649205864,0.2969818314083555,0.14412703384309777,0.0
0.82425,-1.1054390448608142,0.29627201121491087,0.1444529638793013,0.0
0.8245,-1.105966386040075,0.2955626024791397,0.1447789738787073,0.0
0.82475,-1.1064930845430827,0.2948536487700017,0.14510506956115132,0.0
0.825,-1.1070191483466387,0.2941451468896389,0.14543125601008655,0.0
0.82525,-1.1075445624351434,0.29343709910294846,0.1457575175008048,0.0
0.8255,-1.1080693403921238,0.2927294485525429,0.14608385084465447,0.0
0.82575,-1.1085934752415383,0.2920222982003191,0.14641027385238803,0.0
0.826,-1.109116967525906,0.2913154825881258,0.14673674313218665,0.0
0.82625,-1.109639818894368,0.2906092428490883,0.14706331983253929,0.0
0.8265,-1.1101620268683243,0.28990338438613406,0.14738995035642555,0.0
0.82675,-1.1106835904846855,0.28919801310877924,0.14771665883092333,0.0
0.827,-1.111204519346055,0.2884930767277317,0.14804343956791532,0.0
0.82725,-1.1117247948158053,0.28778856469517333,0.14837027015573345,0.0
0.8275,-1.1122444299826526,0.2870845658357182,0.14869718375580532,0.0
0.82775,-1.1127634223248077,0.28638097132625473,0.14902414892019888,0.0
0.828,-1.1132817700090154,0.28567787735237765,0.14935118612326947,0.0
0.82825,-1.113799469753995,0.2849752409328741,0.14967827968046343,0.0
0.8285,-1.1143165279753375,0.2842730389370346,0.15000542832871355,0.0
0.82875,-1.1148329386018396,0.28357132724044715,0.15033263825057208,0.0
0.829,-1.115348706589924,0.2828700523697548,0.15065989928366053,0.0
0.82925,-1.1158638252280453,0.2821692368760382,0.15098720874376848,0.0
0.8295,-1.1163783014040343,0.28146891786405426,0.1513145806291687,0.0
0.82975,-1.1168921239560268,0.28076906498004106,0.1516419948945813,0.0
0.83,-1.1174053101108743,0.2800697162219116,0.15196947572780806,0.0
0.83025,-1.1179178384317594,0.27937081213360515,0.15229698609174847,0.0
0.8305,-1.1184297267590395,0.27867233180255235,0.15262453652981534,0.0
0.83075,-1.1189409604954328,0.27797441482662555,0.15295214487533992,0.0
0.831,-1.1194515564178817,0.27727688582074034,0.15327978330362924,0.0
0.83125,-1.119961493151361,0.2765799169116507,0.15360747075453784,0.0
0.8315,-1.1204707875334503,0.27588339644423254,0.15393519495222763,0.0
0.83175,-1.120979429562765,0.2751873511211212,0.15426295085648545,0.0
0.832,-1.1214874233860805,0.2744918235410806,0.1545907508741171,0.0
0.83225,-1.121994765456149,0.27379677845440875,0.15491858137403414,0.0
0.8325,-1.1225014645741518,0.2731021757797486,0.15524643967715757,0.0
0.83275,-1.1230075036558178,0.27240809706135016,0.15557432673621552,0.0
0.833,-1.1235128987415304,0.2717144971920819,0.1559022457037369,0.0
0.83325,-1.124017638266084,0.2710214100955056,0.15623019155504725,0.0
0.8335,-1.1245217324259673,0.27032879022171574,0.15655816175453752,0.0
0.83375,-1.1250251703154572,0.2696366815017936,0.15688615423239605,0.0
0.834,-1.1255279588804854,0.2689451073132921,0.1572141793848838,0.0
0.83425,-1.1260300880942573,0.26825396298149234,0.15754220136841535,0.0
0.8345,-1.1265315752043272,0.26756337641388905,0.15787026489600442,0.0
0.83475,-1.1270324051384568,0.26687328447426567,0.15819833888598578,0.0
0.835,-1.1275325831312109,0.26618366213676586,0.15852642093785718,0.0
0.83525,-1.1280321029279512,0.2654945688529393,0.15885451689436159,0.0
0.8355,-1.1285309738423912,0.2648060155008275,0.1591826365017206,0.0
0.83575,-1.129029185680182,0.26411793254635413,0.15951075217533672,0.0
0.836,-1.129526752446068,0.26343032775507497,0.15983887763452165,0.0
0.83625,-1.1300236548801563,0.2627433073044008,0.16016701647735254,0.0
0.8365,-1.1305199072637544,0.262056760329489,0.16049515567883144,0.0
0.83675,-1.1310155008982514,0.26137075070020455,0.1608232994705574,0.0
0.837,-1.1315104418612865,0.26068525716629853,0.16115144720444752,0.0
0.83725,-1.1320047277642946,0.26000024458660353,0.16147958693461706,0.0
0.8375,-1.1324983532992317,0.25931578973717495,0.16180772894334194,0.0
0.83775,-1.1329913248476309,0.2586318797953737,0.16213587476958935,0.0
0.838,-1.1334836421898071,0.25794840928632085,0.16246399899748032,0.0
0.83825,-1.1339752942938364,0.2572655569183785,0.16279212881981464,0.0
0.8385,-1.1344662953718616,0.2565831884217912,0.16312024654179602,0.0
0.83875,-1.1349566330671448,0.25590134611404236,0.16344834775166905,0.0
0.839,-1.135446325350995,0.2552200254533461,0.1637764472378207,0.0
0.83925,-1.1359353430872567,0.25453930486253445,0.16410453198785624,0.0
0.8395,-1.1364237130169457,0.2538590545335705,0.16443259791020104,0.0
0.83975,-1.1369114126927782,0.2531793437368046,0.1647606365284191,0.0
0.84,-1.1373984685578669,0.25250020503028253,0.165088678950283,0.0
0.84025,-1.1378848490234712,0.2518215541018972,0.16541667430471518,0.0
0.8405,-1.138370578700969,0.2511434814016335,0.16574466445380387,0.0
0.84075,-1.1388556448259384,0.2504659432549893,0.16607262573242654,0.0
0.841,-1.139340056583889,0.24978897604024616,0.16640057316850365,0.0
0.84125,-1.1398237990114881,0.2491125048041885,0.16672847434302307,0.0
0.8415,-1.1403068830381102,0.24843662008535167,0.16705635755242088,0.0
0.84175,-1.1407893010121466,0.24776123302518138,0.16738419463942567,0.0
0.842,-1.141271066039487,0.24708645546993613,0.16771202042952504,0.0
0.84225,-1.1417521604343477,0.24641221943243638,0.1680398014374851,0.0
0.8425,-1.1422325977128387,0.24573848521366798,0.1683675407990961,0.0
0.84275,-1.1427123683610116,0.24506538123295032,0.16869525449711809,0.0
0.843,-1.1431914794581504,0.2443928108784356,0.16902292736916746,0.0
0.84325,-1.1436699251987394,0.2437207589580071,0.16935054887367174,0.0
0.8435,-1.144147706549512,0.24304930247660445,0.16967813429031509,0.0
0.84375,-1.1446248196168773,0.24237840965420399,0.17000567141765188,0.0
0.844,-1.145101278863187,0.2417080611475666,0.1703331686651548,0.0
0.84425,-1.1455770680063915,0.24103827557664792,0.1706606122335732,0.0
0.8445,-1.1460521911356882,0.24036906252820278,0.17098800635514588,0.0
0.84475,-1.1465266441612756,0.2397004498138008,0.1713153509677292,0.0
0.845,-1.1470004418478847,0.23903235719730026,0.17164264235582527,0.0
0.84525,-1.1474735645835508,0.23836489126050098,0.1719698813551953,0.0
0.8455,-1.1479460294555037,0.23769796630371726,0.17229706547767965,0.0
0.84575,-1.1484178159055154,0.23703162786252607,0.1726241821216008,0.0
0.846,-1.1488889472549753,0.23636584050028653,0.1729512452272055,0.0
0.84625,-1.1493594020880797,0.2357006718329942,0.17327824571616146,0.0
0.8465,-1.149829197013383,0.2350360389148174,0.1736051814359072,0.0
0.84675,-1.1502983164689227,0.23437199094488248,0.17393204531212358,0.0
0.847,-1.1507667748575092,0.23370856119996794,0.17425885634050564,0.0
0.84725,-1.1512345574969802,0.2330456899869493,0.17458558649285383,0.0
0.8475,-1.1517016786303358,0.23238341354937425,0.1749122552143172,0.0
0.84775,-1.1521681254023965,0.23172176339185008,0.17523885437076192,0.0
0.848,-1.1526339089455793,0.23106067031923633,0.1755653794747194,0.0
0.84825,-1.1530990159048202,0.2304001267016392,0.17589181426898115,0.0
0.8485,-1.1535634541460573,0.22974024261729764,0.17621818631546327,0.0
0.84875,-1.1540272239132752,0.22908092833436844,0.17654447653266248,0.0
0.849,-1.1544903176234929,0.22842217574784113,0.17687067422880887,0.0
0.84925,-1.1549527488879767,0.22776408113281207,0.17719680972136853,0.0
0.8495,-1.15541450161919,0.22710654069623487,0.177522845374531,0.0
0.84975,-1.1558755831687546,0.22644963839453014,0.17784880290074678,0.0
0.85,-1.1563359975984873,0.22579329918515112,0.1781746701143272,0.0
0.85025,-1.156795740214183,0.22513760296468505,0.1785004560229766,0.0
0.8505,-1.157254803818582,0.22448246681589737,0.1788261359797445,0.0
0.85075,-1.1577131950221773,0.22382798752798883,0.17915173320878752,0.0
0.851,-1.158170916545974,0.22317405151080758,0.17947722708015434,0.0
0.85125,-1.1586279601274128,0.22252081062726742,0.1798026365249512,0.0
0.8515,-1.1590843355466154,0.22186813163268593,0.1801279442262682,0.0
0.85175,-1.1595400374783056,0.22121607232585544,0.18045315416176866,0.0
0.852,-1.1599950590027017,0.2205646395342094,0.18077825908319345,0.0
0.85225,-1.1604494061455783,0.2199138378077738,0.1811032640218082,0.0
0.8525,-1.1609030829750653,0.21926363683592587,0.1814281656112351,0.0
0.85275,-1.1613560767997109,0.21861403958782416,0.18175295024997618,0.0
0.853,-1.161808407280012,0.21796509938029934,0.1820776454084485,0.0
0.85325,-1.1622600507156235,0.21731677059470683,0.1824022176362814,0.0
0.8535,-1.1627110199023192,0.21666906446532447,0.18272667987940916,0.0
0.85375,-1.1631613155345943,0.2160220070380087,0.18305103587330396,0.0
0.854,-1.1636109333364897,0.21537553152642674,0.1833752675125957,0.0
0.85425,-1.164059868310257,0.21472975219851753,0.18369938898764726,0.0
0.8545,-1.1645081318577004,0.2140845449448759,0.18402338724662282,0.0
0.85475,-1.1649557160391035,0.21344001124518883,0.18434727117198468,0.0
0.855,-1.165402622839027,0.21279605651457878,0.18467102395063217,0.0
0.85525,-1.1658488475926003,0.2121527864092152,0.18499465830618345,0.0
0.8555,-1.1662943923571283,0.21151018395817364,0.18531817144668117,0.0
0.85575,-1.1667392626762192,0.21086812805986127,0.18564154553630496,0.0
0.856,-1.1671834539459829,0.21022682020510208,0.18596481022786793,0.0
0.85625,-1.1676269617941113,0.20958606346055164,0.1862879245383211,0.0
0.8565,-1.1680697883033093,0.20894604219603086,0.1866109214465892,0.0
0.85675,-1.168511938949365,0.20830661822942165,0.18693378023602603,0.0
0.857,-1.1689534073622618,0.20766784769083924,0.18725650284527307,0.0
0.85725,-1.1693941885097785,0.20702974179959915,0.18757908457081385,0.0
0.8575,-1.1698342971829896,0.2063922473900111,0.18790152902011137,0.0
0.85775,-1.1702737187140348,0.20575544002348,0.18822383321158465,0.0
0.858,-1.1707124654034764,0.20511929145396618,0.18854600263416943,0.0
0.85825,-1.1711505182755193,0.20448378319361654,0.18886801371985418,0.0
0.8585,-1.171587899236659,0.2038489454314184,0.18918989156117094,0.0
0.85875,-1.1720245869133652,0.20321474335975376,0.18951160744576812,0.0
0.859,-1.1724606013422596,0.20258124809492734,0.18983319157752176,0.0
0.85925,-1.1728959238191528,0.20194840275675424,0.19015461411011136,0.0
0.8595,-1.1733305670772531,0.2013161897594875,0.1904758829548403,0.0
0.85975,-1.1737645211865384,0.20068467819293517,0.1907969983408866,0.0
0.86,-1.174197800430149,0.20005382591479093,0.19111796552572646,0.0
0.86025,-1.1746303844482981,0.19942363963011037,0.19143876389534875,0.0
0.8605,-1.175062288178637,0.19879409548157362,0.19175940252131052,0.0
0.86075,-1.1754935087070786,0.19816529101833336,0.19207989311826723,0.0
0.861,-1.1759240376799043,0.19753710970005814,0.19240020634938748,0.0
0.86125,-1.1763538869244274,0.1969096523087811,0.1927203689275092,0.0
0.8615,-1.1767830418851646,0.19628280934321596,0.19304034672435377,0.0
0.86175,-1.1772115156368614,0.1956567313419364,0.19336017575057673,0.0
0.862,-1.177639299759964,0.19503119800261787,0.19367980988767441,0.0
0.86225,-1.17806639785615,0.19440645949595808,0.19399929198116306,0.0
0.8625,-1.1784928107243033,0.19378238860427982,0.19431860031653558,0.0
0.86275,-1.1789185296662208,0.1931590092333113,0.1946377285346208,0.0
0.863,-1.1793435634609786,0.19253630173692107,0.19495668045472248,0.0
0.86325,-1.1797679096957325,0.19191427782983034,0.19527545393636503,0.0
0.8635,-1.180191565565425,0.1912929777587376,0.19559405099371996,0.0
0.86375,-1.1806145317615548,0.19067231313435937,0.195912456496111,0.0
0.864,-1.181036804602409,0.19005238550143597,0.19623068137389588,0.0
0.86425,-1.1814583912459935,0.18943316353076198,0.1965487259994234,0.0
0.8645,-1.181879287975673,0.18881459037464782,0.1968665760577617,0.0
0.86475,-1.182299498346977,0.188196765015387,0.19718424904179654,0.0
0.865,-1.1827190116136963,0.18757965234767832,0.1975017270999464,0.0
0.86525,-1.1831378372636787,0.1869631933532228,0.19781900871283953,0.0
0.8655,-1.183555969952182,0.18634747321264117,0.19813610027500084,0.0
0.86575,-1.1839734068082544,0.18573244980707188,0.1984529907094732,0.0
0.866,-1.1843901593875832,0.1851180982600507,0.19876968595204425,0.0
0.86625,-1.184806210585832,0.18450453138877554,0.19908618486985752,0.0
0.8665,-1.185221573284199,0.18389160050922115,0.19940247561696944,0.0
0.86675,-1.1856362447027338,0.18327942018406546,0.19971857142240146,0.0
0.867,-1.1860502264677337,0.182667917979414,0.2000344611564686,0.0
0.86725,-1.186463503399441,0.1820571928584869,0.20035014323754208,0.0
0.8675,-1.1868760936240355,0.18144713726301676,0.20066561757934687,0.0
0.86775,-1.1872879924994573,0.18083785040824335,0.20098089296777144,0.0
0.868,-1.1876991908625278,0.18022923934750246,0.20129594467445155,0.0
0.86825,-1.1881096907358988,0.1796213729720245,0.20161078342735772,0.0
0.8685,-1.188519506884739,0.17901420068148582,0.20192541461239366,0.0
0.86875,-1.1889286156552712,0.17840779103949164,0.20223982342440738,0.0
0.869,-1.1893370384763458,0.1778021076551658,0.20255402397493305,0.0
0.86925,-1.189744756210076,0.17719715984975887,0.20286799707540415,0.0
0.8695,-1.1901517843946374,0.17659288780755428,0.2031817476682194,0.0
0.86975,-1.1905581085732666,0.1759893806714612,0.203495272944052,0.0
0.87,-1.1909637432371154,0.17538662258888463,0.20380858324257578,0.0
0.87025,-1.1913686769189944,0.17478459210572944,0.20412166244997088,0.0
0.8705,-1.1917729119517222,0.1741832914345301,0.20443451157663772,0.0
0.87075,-1.1921764493041216,0.1735826987458164,0.20474712681926066,0.0
0.871,-1.192579290374617,0.17298291463095106,0.20505952242395242,0.0
0.87125,-1.1929814272928225,0.1723838353853792,0.2053716740357696,0.0
0.8715,-1.1933828683798726,0.17178550085651098,0.20568359400262826,0.0
0.87175,-1.1937836106129218,0.17118792681207062,0.20599527994691536,0.0
0.872,-1.1941836589863628,0.1705910676385593,0.20630672871708766,0.0
0.87225,-1.194582996939309,0.1699950181956798,0.20661793571447062,0.0
0.8725,-1.194981641228763,0.1693996542081279,0.2069288983695856,0.0
0.87275,-1.1953795774531903,0.16880503986698436,0.20723960988556955,0.0
0.873,-1.1957768186300983,0.16821126781752593,0.2075500944449047,0.0
0.87325,-1.1961733600813225,0.16761817616469074,0.2078603231951195,0.0
0.8735,-1.1965691991074114,0.16702583425912831,0.20817030155624572,0.0
0.87375,-1.1969643323950092,0.16643424433997492,0.20848002495483908,0.0
0.874,-1.1973587671381616,0.16584347098763952,0.20878950777703476,0.0
0.87425,-1.1977524967000965,0.16525343824082703,0.20909873137049062,0.0
0.8745,-1.1981455244575197,0.1646641294567362,0.20940769524066183,0.0
0.87475,-1.198537851323957,0.16407565770528384,0.20971641408541264,0.0
0.875,-1.198929469232319,0.16348789190359084,0.21002486048542401,0.0
0.87525,-1.1993203848320233,0.16290090519973002,0.21033304936638153,0.0
0.8755,-1.1997106047367845,0.16231470276110802,0.21064098635818862,0.0
0.87575,-1.2001001108925808,0.16172927953842842,0.21094865127486062,0.0
0.876,-1.2004889139922632,0.1611446034866134,0.21125604883987315,0.0
0.87625,-1.20087701108478,0.160560731200604,0.21156318207330282,0.0
0.8765,-1.201264407621667,0.15997761034614333,0.21187004783132468,0.0
0.87675,-1.2016510994182477,0.15939531716375585,0.21217665043788791,0.0
0.877,-1.202037077081869,0.1588137381438592,0.21248296404640232,0.0
0.87725,-1.2024223523457,0.15823299058307166,0.21278901410320716,0.0
0.8775,-1.2028069177624299,0.1576529672470508,0.21309477762413787,0.0
0.87775,-1.203190781764014,0.15707381274969345,0.21340028019348378,0.0
0.878,-1.2035739367485323,0.1564953296197627,0.21370548709856219,0.0
0.87825,-1.2039563801706978,0.15591775951841158,0.21401042544410265,0.0
0.8785,-1.2043381241950815,0.15534088533450402,0.2143150777480427,0.0
0.87875,-1.2047191543087785,0.15476487541594175,0.21461944963061197,0.0
0.879,-1.2050994767332286,0.15418957689048218,0.21492352617124322,0.0
0.87925,-1.205479088374544,0.1536151603020579,0.21522732440599301,0.0
0.8795,-1.2058579929838769,0.1530414770310728,0.21553082763661568,0.0
0.87975,-1.2062361862845572,0.1524686302884676,0.21583404308497411,0.0
0.88,-1.2066136744620781,0.15189654382218332,0.2161369657337131,0.0
0.88025,-1.206990448646069,0.15132529153268598,0.21643959446422634,0.0
0.8805,-1.2073665106974654,0.15075481692962192,0.2167419225050382,0.0
0.88075,-1.2077418640560427,0.15018516390772974,0.2170439571566658,0.0
0.881,-1.2081165091455335,0.14961632220896998,0.21734569598833686,0.0
0.88125,-1.2084904425841663,0.14904830041366718,0.2176471351230933,0.0
0.8815,-1.2088636616968498,0.1484810366202337,0.2179482627792262,0.0
0.88175,-1.2092361660062343,0.1479146265541577,0.2182490886210886,0.0
0.882,-1.209607964074718,0.147349001709397,0.21854961124188121,0.0
0.88225,-1.2099790435271438,0.14678421080898318,0.2188498227089659,0.0
0.8825,-1.2103494158256867,0.1462202511487531,0.21914973249211078,0.0
0.88275,-1.2107190719568994,0.14565708911098985,0.21944932605191214,0.0
0.883,-1.211088017029117,0.14509474195574176,0.2197486089906895,0.0
0.88325,-1.2114562433687088,0.1445332559906266,0.22004757763141192,0.0
0.8835,-1.2118237612070593,0.1439725299036037,0.2203462285732143,0.0
0.88375,-1.2121905577282843,0.1434126672734495,0.2206445598044069,0.0
0.884,-1.212556646371474,0.14285359026228725,0.22094257396097938,0.0
0.88425,-1.2129220127344036,0.14229536259451372,0.22124026268035424,0.0
0.8845,-1.2132866697995324,0.14173799882293653,0.22153763897129686,0.0
0.88475,-1.2136506101168694,0.14118144376845004,0.22183468746864166,0.0
0.885,-1.2140138347388896,0.14062570036110658,0.22213140804885456,0.0
0.88525,-1.2143763373682046,0.14007081818381006,0.22242779863127193,0.0
0.8855,-1.2147381244748832,0.13951674631740918,0.222723858258991,0.0
0.88575,-1.2150992020362494,0.13896353619876142,0.22301959721911024,0.0
0.886,-1.2154595566862318,0.1384111552915385,0.22331499698525303,0.0
0.88625,-1.2158191938245166,0.13785958143018562,0.22361005890937458,0.0
0.8865,-1.2161781152922666,0.13730891742963108,0.22390479487644255,0.0
0.88675,-1.2165363137009861,0.13675904523000293,0.22419918273351502,0.0
0.887,-1.2168937946343141,0.1362100607016396,0.22449323724381776,0.0
0.88725,-1.217250560892635,0.1356618729930268,0.22478694954567935,0.0
0.8875,-1.2176066046343101,0.13511458051404507,0.22508032125105149,0.0
0.88775,-1.2179619289022052,0.1345681211625057,0.2253733469797632,0.0
0.888,-1.2183165344898188,0.1340224810860548,0.2256660245139146,0.0
0.88825,-1.2186704151139556,0.13347773987761896,0.22595835480527549,0.0
0.8885,-1.2190235817435933,0.13293382784562857,0.22625033962591434,0.0
0.88875,-1.2193760286945645,0.1323907788921621,0.22654197551107114,0.0
0.889,-1.2197277462661291,0.13184859765257934,0.22683325179683744,0.0
0.88925,-1.2200787483119195,0.13130729298556937,0.2271241816839804,0.0
0.8895,-1.220429025012482,0.13076680282881065,0.22741474726963684,0.0
0.88975,-1.220778584897725,0.13022722814385682,0.2277049663070212,0.0
0.89,-1.221127417839298,0.1296884377206325,0.22799481329413185,0.0
0.89025,-1.221475531394112,0.12915063258267495,0.22828431549500516,0.0
0.8905,-1.2218229203513986,0.1286135801570338,0.2285734417188212,0.0
0.89075,-1.2221695856800472,0.12807747445708415,0.2288622118141006,0.0
0.891,-1.2225155267823662,0.12754220439716019,0.22915061205958542,0.0
0.89125,-1.2228607461646588,0.12700781814524276,0.22943864848165618,0.0
0.8915,-1.2232052371456987,0.1264743161373723,0.22972631297499735,0.0
0.89175,-1.223549006231638,0.12594168853851645,0.23001360950290373,0.0
0.892,-1.223892049621126,0.12540988918736412,0.23030052809538692,0.0
0.89225,-1.2242343650410326,0.12487905053693908,0.23058707851595273,0.0
0.8925,-1.2245759615278895,0.12434903478349041,0.23087325424007044,0.0
0.89275,-1.2249168280570228,0.12381992706715597,0.2311590514617492,0.0
0.893,-1.2252569707773333,0.12329169666429832,0.23144447170987315,0.0
0.89325,-1.2255963826926726,0.12276435654033493,0.23172950784907576,0.0
0.8935,-1.225935071359284,0.12223791041071852,0.23201416628635885,0.0
0.89375,-1.2262730279169152,0.1217123597366562,0.23229843686875795,0.0
0.894,-1.2266102626501019,0.12118763417891426,0.23258232143594948,0.0
0.89425,-1.2269467664593736,0.12066391354847689,0.23286582715149784,0.0
0.8945,-1.227282544374967,0.12014098421179217,0.23314893659073932,0.0
0.89475,-1.227617592393789,0.11961901267848274,0.23343166059125386,0.0
0.895,-1.2279519111955368,0.1190979273377448,0.23371399137114368,0.0
0.89525,-1.2282855058649444,0.11857773229621205,0.23399593294079168,0.0
0.8955,-1.2286183573889093,0.11805843530232396,0.23427746566931007,0.0
0.89575,-1.2289504937017068,0.11754005033964957,0.23455861724080007,0.0
0.896,-1.229281900707628,0.11702257299470191,0.23483937173936087,0.0
0.89625,-1.2296125665302706,0.11650602034989765,0.23511971749581018,0.0
0.8965,-1.2299425071716095,0.11599032447237312,0.23539966258648093,0.0
0.89675,-1.2302717180110214,0.1154755718502622,0.23567920911211226,0.0
0.897,-1.2306001995919336,0.11496170836509693,0.23595835108871221,0.0
0.89725,-1.2309279394565453,0.11444879102967818,0.23623707997410093,0.0
0.8975,-1.2312549589955504,0.11393673765651113,0.23651540800709103,0.0
0.89775,-1.2315812368139247,0.11342565811317995,0.23679332258487085,0.0
0.898,-1.2319067922143672,0.11291545219884791,0.2370708322683719,0.0
0.89825,-1.2322316078490978,0.11240619733517374,0.2373479254363855,0.0
0.8985,-1.2325556916238438,0.11189785877336428,0.2376246053437996,0.0
0.89875,-1.232879043105239,0.11139043711535565,0.23790087018663963,0.0
0.899,-1.233201655105165,0.1108839175314251,0.23817671005443897,0.0
0.89925,-1.2335235373475808,0.1103783507141173,0.2384521377497224,0.0
0.8995,-1.2338446890881283,0.10987370775599704,0.23872714850649412,0.0
0.89975,-1.234165102185631,0.10937001217151351,0.23900173487177412,0.0
0.9,-1.2344847805313472,0.10886717573484932,0.23927589152537432,0.0
0.90025,-1.2348037201438566,0.10836533593801853,0.23954962519217737,0.0
0.9005,-1.2351219329397707,0.10786440260163055,0.23982293839785118,0.0
0.90075,-1.2354394019763766,0.10736442339964729,0.24009581701080096,0.0
0.901,-1.2357561352805053,0.10686537138884766,0.24036826526862054,0.0
0.90125,-1.236072135899966,0.10636726726388314,0.24064028658329906,0.0
0.9015,-1.2363873963053253,0.10587008866711575,0.24091187012496773,0.0
0.90175,-1.2367019194319935,0.1053738859198069,0.24118302170172212,0.0
0.902,-1.2370157073800048,0.10487856854095338,0.24145373431475603,0.0
0.90225,-1.2373287554053016,0.10438425819261674,0.24172401213444195,0.0
0.9025,-1.237641066773564,0.10389086697209934,0.2419938495840548,0.0
0.90275,-1.2379526354735413,0.10339840879225229,0.24226324046743652,0.0
0.903,-1.2382634713075995,0.10290689004993418,0.24253219370545698,0.0
0.90325,-1.2385735593294882,0.10241639746342768,0.24280070016857636,0.0
0.9035,-1.2388829157807886,0.10192676332205589,0.2430687608072286,0.0
0.90375,-1.2391915325496567,0.10143814803638876,0.2433363793518708,0.0
0.904,-1.239499408702374,0.10095047247911007,0.2436035469824338,0.0
0.90425,-1.239806537972163,0.10046376851643293,0.24387025866166767,0.0
0.9045,-1.2401129347811728,0.09997800262168666,0.24413652467074343,0.0
0.90475,-1.24041858605744,0.09949319657359426,0.2444023323672977,0.0
0.905,-1.2407234959534064,0.09900939292350625,0.244667687898229,0.0
0.90525,-1.2410276625662346,0.09852649338245922,0.24493258016362307,0.0
0.9055,-1.2413310941664613,0.09804461321834423,0.2451970251834199,0.0
0.90575,-1.2416337712768692,0.0975637094155356,0.24546099873506266,0.0
0.906,-1.2419357201313344,0.09708371723355279,0.2457245205461842,0.0
0.90625,-1.242236914323584,0.09660473314955151,0.24598757047374908,0.0
0.9065,-1.242537368834199,0.09612673277059683,0.24625016016149992,0.0
0.90675,-1.2428370874285486,0.09564968482780424,0.24651228958864912,0.0
0.907,-1.2431360541722225,0.09517360091266008,0.2467739424184181,0.0
0.90725,-1.2434342740155002,0.09469852472551066,0.24703512556048013,0.0
0.9075,-1.2437317569818023,0.09422441702231057,0.2472958446528375,0.0
0.90775,-1.244028489161954,0.09375130617426088,0.24755608661733275,0.0
0.908,-1.2443244804498126,0.09327914996065417,0.24781585679301177,0.0
0.90825,-1.244619721905146,0.09280798082481576,0.24807514736093617,0.0
0.9085,-1.2449142225459333,0.09233779685559707,0.24833396582216372,0.0
0.90875,-1.2452079728645895,0.09186864025884953,0.2485923044567231,0.0
0.909,-1.2455009787597686,0.0914004497854844,0.2488501632752147,0.0
0.90925,-1.245793231346286,0.09093328105443604,0.24910753615193038,0.0
0.9095,-1.2460847508306974,0.09046701738239378,0.24936443341679437,0.0
0.90975,-1.246375510901004,0.09000183183500365,0.2496208400580533,0.0
0.91,-1.2466655325286775,0.08953759868005026,0.24987676655436752,0.0
0.91025,-1.2469547933100762,0.08907437558627462,0.2501321933879872,0.0
0.9105,-1.2472433167453012,0.08861213254975328,0.2503871405292182,0.0
0.91075,-1.2475310881600166,0.08815094323769052,0.2506415972289622,0.0
0.911,-1.2478181128248362,0.08769072405831194,0.25089556149968284,0.0
0.91125,-1.2481043847785538,0.08723150448316704,0.2511490281648503,0.0
0.9115,-1.2483899067997712,0.0867732778973738,0.25140199822303155,0.0
0.91175,-1.2486746767589894,0.08631611939842268,0.2516544734259407,0.0
0.912,-1.2489587090235772,0.0858598636828059,0.25190645538613254,0.0
0.91225,-1.2492419779639745,0.08540472002468952,0.2521579316163911,0.0
0.9125,-1.2495244989934733,0.08495057872968079,0.2524089086282477,0.0
0.91275,-1.2498062727783212,0.08449741747999114,0.25265938428482126,0.0
0.913,-1.250087287419953,0.08404527528716702,0.2529093480643647,0.0
0.91325,-1.2503675574109971,0.08359415768449349,0.25315881348890623,0.0
0.9135,-1.2506470730218475,0.08314405492371171,0.25340776889537087,0.0
0.91375,-1.2509258342022855,0.08269496671852386,0.25365621292093543,0.0
0.914,-1.2512038421266802,0.0822469319419394,0.2539041479979356,0.0
0.91425,-1.2514810987084397,0.08179988296099161,0.2541515702963957,0.0
0.9145,-1.2517576051106942,0.08135387446828285,0.25439848327533543,0.0
0.91475,-1.252033353921078,0.08090891037710603,0.2546448784852524,0.0
0.915,-1.2523083514202291,0.08046495787978616,0.25489075878478284,0.0
0.91525,-1.2525825897230711,0.08002203817928924,0.25513611639205225,0.0
0.9155,-1.252856077176887,0.07958012867194389,0.2553809569204486,0.0
0.91575,-1.2531288118324628,0.0791392979690483,0.2556252814943134,0.0
0.916,-1.2534007832577039,0.07869945033187609,0.2558690723771986,0.0
0.91625,-1.2536720043727505,0.07826066417388666,0.2561123461318766,0.0
0.9165,-1.2539424707059121,0.07782293646128113,0.25635509680961777,0.0
0.91675,-1.2542121789407095,0.0773862449934253,0.2565973184427002,0.0
0.917,-1.2544811314905528,0.0769505800206399,0.2568390115807715,0.0
0.91725,-1.2547493265960945,0.07651595869993091,0.25708017426460206,0.0
0.9175,-1.2550167616707522,0.0760824018230857,0.25732080390873624,0.0
0.91775,-1.2552834430375772,0.07564984523485366,0.25756090168561285,0.0
0.918,-1.2555493703669902,0.07521839254187379,0.2578004722552496,0.0
0.91825,-1.255814532464671,0.0747879875095395,0.25803949978734253,0.0
0.9185,-1.2560789380085045,0.0743586061355203,0.2582779902767869,0.0
0.91875,-1.2563425850006102,0.0739302794492111,0.2585159423326564,0.0
0.919,-1.2566054722286921,0.07350301234856826,0.25875335378278463,0.0
0.91925,-1.2568676006178887,0.07307678309530938,0.2589902230400867,0.0
0.9195,-1.257128969555985,0.0726516711325032,0.25922655285506035,0.0
0.91975,-1.2573895801325108,0.07222754743815915,0.25946233561577503,0.0
0.92,-1.257649426435659,0.07180456796726549,0.2596975731479789,0.0
0.92025,-1.2579085100715701,0.07138259029027744,0.25993225766587424,0.0
0.9205,-1.2581668430690982,0.07096167391659808,0.2601664033624711,0.0
0.92075,-1.258424412259561,0.07054186428154352,0.26039999840809935,0.0
0.921,-1.258681212741339,0.0701230897819134,0.2606330326580253,0.0
0.92125,-1.2589372532903547,0.06970539133424844,0.2608655159466149,0.0
0.9215,-1.2591925344872517,0.0692888030741483,0.2610974495017728,0.0
0.92175,-1.2594470509200273,0.0688732430077199,0.26132882218458575,0.0
0.922,-1.259700804162943,0.06845871298456577,0.26155963449702546,0.0
0.92225,-1.259953797465224,0.06804535421983432,0.2617898961308658,0.0
0.9225,-1.2602060213040185,0.06763299680399837,0.2620195871647928,0.0
0.92275,-1.2604574852768926,0.06722179541053816,0.2622487242888243,0.0
0.923,-1.2607081903898525,0.06681161687139472,0.26247730017811666,0.0
0.92325,-1.2609581212497292,0.06640256540037678,0.2627053037971283,0.0
0.9235,-1.2612072920359632,0.06599455910823017,0.2629327437819391,0.0
0.92375,-1.2614556929172291,0.06558764029291128,0.2631596113526109,0.0
0.924,-1.2617033369466002,0.06518184335970405,0.26338592012336237,0.0
0.92425,-1.2619502064262802,0.06477712601012561,0.26361164902570566,0.0
0.9245,-1.2621963188175793,0.06437347687726658,0.2638368137389875,0.0
0.92475,-1.262441660111648,0.06397097041164235,0.26406140287600777,0.0
0.925,-1.2626862333969406,0.06356947209510161,0.2642854115240765,0.0
0.92525,-1.2629300450559646,0.06316916258757622,0.2645088539852445,0.0
0.9255,-1.2631730822657485,0.06276986208977305,0.26473170725949635,0.0
0.92575,-1.26341535096548,0.06237174125178663,0.2649539846026048,0.0
0.926,-1.2636568590338095,0.06197466134150085,0.2651756858363927,0.0
0.92625,-1.2638975951912719,0.06157873049608971,0.26539680384446607,0.0
0.9265,-1.2641375611262797,0.061183876965147,0.2656173356314242,0.0
0.92675,-1.2643767612122245,0.0607901251160473,0.2658372855960356,0.0
0.927,-1.2646151884923897,0.06039749754526093,0.2660566467087373,0.0
0.92725,-1.264852849334088,0.06000599743089172,0.2662754243039851,0.0
0.9275,-1.265089738238359,0.05961555202888462,0.26649360829011237,0.0
0.92775,-1.2653258584873313,0.059226298148710825,0.26671120724066455,0.0
0.928,-1.265561211487931,0.05883805500369131,0.26692821293845115,0.0
0.92825,-1.2657957839537535,0.058451043070344946,0.2671446212296009,0.0
0.9285,-1.266029594878818,0.0580650625130649,0.2673604406772647,0.0
0.92875,-1.2662626307561897,0.057680232773887966,0.2675756621608181,0.0
0.929,-1.2664948915037615,0.05729649570524711,0.2677902817994884,0.0
0.92925,-1.2667263853235105,0.056913922329031745,0.2680043098624081,0.0
0.9295,-1.2669571046780126,0.056532441816068923,0.26821773448875086,0.0
0.92975,-1.2671870511280166,0.05615213118612183,0.26843055954327344,0.0
0.93,-1.2674162296121507,0.05577289173894345,0.26864278445006096,0.0
0.93025,-1.2676446266458496,0.05539480500372157,0.26885439822128365,0.0
0.9305,-1.267872248670392,0.05501784525855394,0.2690654050305723,0.0
0.93075,-1.2680991059950815,0.05464207716207131,0.2692758168428604,0.0
0.931,-1.2683251844604735,0.054267333515783056,0.26948561119203207,0.0
0.93125,-1.268550486500971,0.05389380616822704,0.2696947976364825,0.0
0.9315,-1.2687750204335895,0.05352139290730361,0.26990337899187966,0.0
0.93175,-1.268998770041827,0.05315010072762007,0.27011133825937717,0.0
0.932,-1.2692217477633716,0.052779986616147606,0.2703186891417084,0.0
0.93225,-1.269443947166144,0.05241097314742056,0.27052542088028275,0.0
0.9325,-1.2696653794226789,0.05204314613041205,0.27073154708761615,0.0
0.93275,-1.2698860282618931,0.0516764134124611,0.2709370466226646,0.0
0.933,-1.2701058991545986,0.0513108575118207,0.2711419272315385,0.0
0.93325,-1.2703249925375424,0.050946436236538,0.27134618654035814,0.0
0.9335,-1.2705433153181422,0.05058320427288236,0.27154983254850396,0.0
0.93375,-1.2707608501806014,0.05022111708812119,0.2717528450737996,0.0
0.934,-1.270977616676046,0.04986011391285583,0.27195524019162143,0.0
0.93425,-1.2711935955216844,0.04950033302967762,0.2721570029934972,0.0
0.9345,-1.2714088052581483,0.04914168777058067,0.27235814752171605,0.0
0.93475,-1.2716232314333307,0.048784214320061435,0.27255865966476045,0.0
0.935,-1.2718368752512155,0.048427889299557256,0.2727585386516902,0.0
0.93525,-1.2720497437768048,0.04807273138912756,0.27295779118784846,0.0
0.9355,-1.2722618295934214,0.0477187462344152,0.27315640900188876,0.0
0.93575,-1.2724731387512023,0.047365897310887174,0.2733543957089879,0.0
0.936,-1.2726836619918873,0.04701423502332548,0.2735517428812655,0.0
0.93625,-1.2728934044457398,0.04666374912021358,0.2737484541947126,0.0
0.9365,-1.2731023679883107,0.04631439848565809,0.2739445289668354,0.0
0.93675,-1.273310546728262,0.04596623111849776,0.2741399620185627,0.0
0.937,-1.2735179538670425,0.04561927119678166,0.27433476634918197,0.0
0.93725,-1.2737245652703806,0.04527346377809295,0.2745289148135033,0.0
0.9375,-1.273930408841869,0.04492879219605668,0.27472243368515636,0.0
0.93775,-1.274135456060266,0.0445853957884029,0.27491529832672046,0.0
0.938,-1.2743397242209098,0.044243066601974794,0.27510751769008523,0.0
0.93825,-1.2745432131912668,0.043901992909421816,0.2752990971820446,0.0
0.9385,-1.2747459106473364,0.04356207472159129,0.27549001997904976,0.0
0.93875,-1.27494782927364,0.043223360792152304,0.27568029940410055,0.0
0.939,-1.2751489616020715,0.04288580936422229,0.27586992554870804,0.0
0.93925,-1.275349307503764,0.042549495067902995,0.2760588997694675,0.0
0.9395,-1.2755488736031535,0.042214269812343545,0.2762472227300097,0.0
0.93975,-1.2757476501592464,0.0418803435285713,0.27643489064695737,0.0
0.94,-1.2759456445817041,0.04154755934414861,0.2766219047213925,0.0
0.94025,-1.2761428493574365,0.041215954362099315,0.276808257672269,0.0
0.9405,-1.276339266529749,0.0408855836348201,0.2769939523094296,0.0
0.94075,-1.2765348996095747,0.040556412358335486,0.2771789900028132,0.0
0.941,-1.2767297504311008,0.04022839240336068,0.2773633700678988,0.0
0.94125,-1.2769238053004606,0.03990162535336102,0.2775470810302252,0.0
0.9415,-1.2771170737603867,0.03957602493353669,0.2777301287203935,0.0
0.94175,-1.2773095562591574,0.03925165125579449,0.2779125144693091,0.0
0.942,-1.2775012538530894,0.03892844924487507,0.278094236649562,0.0
0.94225,-1.2776921584970324,0.03860649706401589,0.2782752886214923,0.0
0.9425,-1.2778822741583193,0.03828574408513087,0.2784556718197897,0.0
0.94275,-1.2780716070825047,0.037966208454099426,0.27863539205468424,0.0
0.943,-1.2782601352155951,0.03764785892722187,0.27881442538125745,0.0
0.94325,-1.2784478878276524,0.037330737740948194,0.2789928013367664,0.0
0.9435,-1.2786348456601242,0.03701481617368613,0.279170498859578,0.0
0.94375,-1.2788210126997668,0.036700142914934036,0.2793475223771036,0.0
0.944,-1.27900639124075,0.03638665392362597,0.279523871374991,0.0
0.94425,-1.2791909757187776,0.03607441603714113,0.27969954124113805,0.0
0.9445,-1.2793747681013596,0.0357633875910693,0.2798745317984872,0.0
0.94475,-1.2795577736432275,0.0354535970797077,0.28004884814475073,0.0
0.945,-1.2797399823566629,0.0351449451607409,0.2802224766081025,0.0
0.94525,-1.2799213980298993,0.03483767367050124,0.280395426671614,0.0
0.9455,-1.280102026315037,0.03453152978790361,0.2805676961119066,0.0
0.94575,-1.2802818574769992,0.03422664303371766,0.2807392777915858,0.0
0.946,-1.2804608991131223,0.03392295974492514,0.2809101769271105,0.0
0.94625,-1.28063914057051,0.03362056509672795,0.28108038419085846,0.0
0.9465,-1.2808165952564783,0.03331937992571644,0.28124990995630195,0.0
0.94675,-1.2809932480480795,0.033019442485915554,0.2814187391820244,0.0
0.947,-1.2811691122072022,0.032720684607719513,0.28158688245276164,0.0
0.94725,-1.2813441786099076,0.03242324078325112,0.28175433317012333,0.0
0.9475,-1.2815184468463579,0.03212699509693737,0.28192108704922236,0.0
0.94775,-1.2816919236397366,0.031832019820509365,0.28208715172143495,0.0
0.948,-1.2818646067562725,0.03153825117328066,0.2822525224547161,0.0
0.94825,-1.2820364875210863,0.031245740477532633,0.2824171909458302,0.0
0.9485,-1.282207578574719,0.03095454072180988,0.2825811701977159,0.0
0.94875,-1.2823778653331788,0.030664539872529963,0.2827444420078671,0.0
0.949,-1.2825473622239643,0.03037576715868035,0.28290702062859063,0.0
0.94925,-1.2827160582407005,0.03008830635279212,0.2830688961422685,0.0
0.9495,-1.2828839536170618,0.02980205937922809,0.28323006557335084,0.0
0.94975,-1.2830510512667428,0.029517060924150032,0.28339053177210793,0.0
0.95,-1.2832173553774613,0.029233345289282002,0.2835502988269405,0.0
0.95025,-1.28338285499205,0.028950872784363507,0.28370935399042785,0.0
0.9505,-1.2835475585779927,0.02866969168105855,0.2838677059388217,0.0
0.95075,-1.2837114645938839,0.0283897513708379,0.2840253511175985,0.0
0.951,-1.2838745698786826,0.02811110369608414,0.28418228664476763,0.0
0.95125,-1.2840368698400364,0.027833665916595363,0.2843385052496694,0.0
0.9515,-1.28419837879441,0.027557549065767822,0.28449402279991287,0.0
0.95175,-1.2843590791122157,0.027282677027584336,0.28464881915789353,0.0
0.952,-1.2845189841940305,0.027009058979470577,0.2848029070724507,0.0
0.95225,-1.2846780827290885,0.026736751101763052,0.284956275561143,0.0
0.9525,-1.2848363788867876,0.026465702054251784,0.28510892686034106,0.0
0.95275,-1.2849938777652818,0.026195962636457536,0.28526086626517455,0.0
0.953,-1.2851505769242002,0.025927450896533033,0.28541208881766655,0.0
0.95325,-1.2853064633202078,0.025660220384335942,0.2855625817372227,0.0
0.9535,-1.2854615584616123,0.025394302940841565,0.28571236631853547,0.0
0.95375,-1.2856158421896549,0.025129658296928585,0.2858614207663033,0.0
0.954,-1.2857693260270056,0.024866307797064516,0.2860097561898194,0.0
0.95425,-1.2859220015633792,0.024604201486956457,0.2861573623921678,0.0
0.9545,-1.2860738793351736,0.024343450152300203,0.2863042512071319,0.0
0.95475,-1.2862249473742846,0.024083903437703672,0.2864504069931253,0.0
0.955,-1.2863752135767417,0.023825721901794796,0.2865958398536619,0.0
0.95525,-1.2865246702553657,0.023568823386098833,0.2867405397404259,0.0
0.9555,-1.2866733302348476,0.02331316523563196,0.28688451790008607,0.0
0.95575,-1.2868211759724122,0.023058829602458874,0.2870277574915223,0.0
0.956,-1.2869682198202728,0.02280580802471162,0.2871702698971188,0.0
0.95625,-1.287114454717675,0.022554110704308808,0.28731204742783323,0.0
0.9565,-1.287259886284542,0.022303636909087314,0.28745309314812095,0.0
0.95675,-1.2874045091256763,0.02205452490457574,0.2875934032861034,0.0
0.957,-1.2875483239854617,0.02180673403566835,0.28773297707524526,0.0
0.95725,-1.2876913302750295,0.021560194178579836,0.28787181195897493,0.0
0.9575,-1.2878335303355577,0.02131498894969213,0.28800991091313866,0.0
0.95775,-1.2879749219466956,0.021071074507253,0.28814727020806385,0.0
0.958,-1.288115505127677,0.020828548516404987,0.28828389067923643,0.0
0.95825,-1.2882552759076227,0.020587230342503503,0.2884197646563018,0.0
0.9585,-1.2883942415345047,0.02034728444642166,0.28855490127647077,0.0
0.95875,-1.2885323945823468,0.02010862774780589,0.2886892910232539,0.0
0.959,-1.2886697424105824,0.019871296505188735,0.2888229410703993,0.0
0.95925,-1.2888062695434153,0.01963526913113281,0.28895583485558807,0.0
0.9595,-1.2889419988503645,0.019400623191732705,0.28908799567003984,0.0
0.95975,-1.2890769112137204,0.01916720325691961,0.2892194013064642,0.0
0.96,-1.2892110101468097,0.018935227635542617,0.2893500577924397,0.0
0.96025,-1.2893442972071,0.018704494359566365,0.2894799629500715,0.0
0.9605,-1.2894767816746797,0.01847508856965811,0.2896091265867138,0.0
0.96075,-1.2896084460697768,0.01824704296448925,0.2897375309540513,0.0
0.961,-1.2897393023057617,0.018020314540213887,0.28986518661768734,0.0
0.96125,-1.2898693413100935,0.01779492503715799,0.2899920840876553,0.0
0.9615,-1.2899985693323754,0.017570814592643497,0.29011822807253784,0.0
0.96175,-1.2901269830521822,0.017348132351855484,0.2902436165683686,0.0
0.962,-1.2902545871082274,0.017126695877788353,0.2903682510297254,0.0
0.96225,-1.2903813686151269,0.016906685741666462,0.29049212027498084,0.0
0.9625,-1.2905073407717844,0.01668795786616424,0.2906152348874569,0.0
0.96275,-1.290632501041336,0.016470624808092,0.29073759309388025,0.0
0.963,-1.2907568491697434,0.0162545371854922,0.290859192033631,0.0
0.96325,-1.2908803729491747,0.01603987188213538,0.2909800210519897,0.0
0.9635,-1.291003086036528,0.015826565586820773,0.29110009229885536,0.0
0.96375,-1.291124977083341,0.015614561340339807,0.2912193930445395,0.0
0.964,-1.2912460615334023,0.015403924203655195,0.29133793884730075,0.0
0.96425,-1.2913663205940287,0.015194608045345784,0.29145570968508694,0.0
0.9645,-1.2914857710298868,0.014986738829806489,0.291572723122246,0.0
0.96475,-1.2916043985237695,0.01478014173773976,0.29168896212506823,0.0
0.965,-1.2917222142418008,0.014574921177856658,0.2918044384089573,0.0
0.96525,-1.29183920389606,0.014371041748749896,0.2919191366195295,0.0
0.9655,-1.2919553801677859,0.014168555917848106,0.29203306936056594,0.0
0.96575,-1.292070737119181,0.013967402242528843,0.2921462293583912,0.0
0.966,-1.2921852746397342,0.013767661801126426,0.2922586167277954,0.0
0.96625,-1.2922989944482846,0.013569247763153117,0.292370231604282,0.0
0.9665,-1.2924118950609187,0.013372184969973834,0.2924810721344535,0.0
0.96675,-1.2925239747174433,0.013176536757270468,0.29259113657037505,0.0
0.967,-1.2926352328506694,0.012982186346962233,0.2927004225145329,0.0
0.96725,-1.292745675288261,0.012789268416659621,0.2928089365266373,0.0
0.9675,-1.2928552949704635,0.012597711249156787,0.2929166701925847,0.0
0.96775,-1.2929640928321446,0.01240750370369086,0.29302362372131774,0.0
0.968,-1.293072068933745,0.012218693207834856,0.29312979701200237,0.0
0.96825,-1.2931792229990033,0.01203130134808025,0.29323518936364934,0.0
0.9685,-1.29328555562374,0.011845221153171465,0.2933397997622951,0.0
0.96875,-1.2933910693355408,0.011660537052005194,0.2934436309175885,0.0
0.969,-1.2934957555188271,0.011477246986244404,0.29354667358530384,0.0
0.96925,-1.2935996172192552,0.011295356940709171,0.29364893025821415,0.0
0.9695,-1.2937026616328127,0.011114827817225177,0.2937504071934549,0.0
0.96975,-1.2938048774210316,0.010935699026904822,0.2938510928046001,0.0
0.97,-1.293906277294882,0.010757978324276335,0.2939509992734368,0.0
0.97025,-1.2940068407507401,0.01058160891858504,0.29405010504115237,0.0
0.9705,-1.2941065907193607,0.010406670832467888,0.2941484331177404,0.0
0.97075,-1.2942055069515552,0.010233073592322516,0.2942459619480673,0.0
0.971,-1.2943036085906479,0.010060943237581648,0.29434271110459886,0.0
0.97125,-1.294400876828066,0.00989016564502081,0.29443866031177857,0.0
0.9715,-1.2944973266361202,0.009720803851412795,0.2945338244694804,0.0
0.97175,-1.2945929383820851,0.009552791048239518,0.2946281828871071,0.0
0.972,-1.2946877333766889,0.009386236438425285,0.294721757131835,0.0
0.97225,-1.2947816981882532,0.00922108559838012,0.294814532812661,0.0
0.9725,-1.2948748391729943,0.009057344647846542,0.2949065157822621,0.0
0.97275,-1.2949671518408425,0.008894978400879112,0.29499770076534726,0.0
0.973,-1.2950586324496212,0.008734050320070682,0.29508808392220054,0.0
0.97325,-1.2951492882749247,0.008574534148230556,0.2951776718098962,0.0
0.9735,-1.2952391166661648,0.008416409548118649,0.2952664611159468,0.0
0.97375,-1.295328114279791,0.008259715941981561,0.2953544482307078,0.0
0.974,-1.295416283926398,0.008104381068495698,0.2954416349856066,0.0
0.97425,-1.295503625768422,0.007950574764794653,0.2955280220891474,0.0
0.9745,-1.2955901389103506,0.007798078205803832,0.2956136067768991,0.0
0.97475,-1.2956758188456665,0.0076470794777431,0.29569838518303615,0.0
0.975,-1.2957606711659544,0.007497466613912439,0.2957823617205442,0.0
0.97525,-1.2958446902043605,0.007349296969950098,0.2958655305612492,0.0
0.9755,-1.2959278809935677,0.0072025301269609725,0.29594789601152893,0.0
0.97575,-1.2960102388579378,0.007057199927955186,0.29602945309720186,0.0
0.976,-1.2960917716745568,0.006913311882291518,0.2961102092351844,0.0
0.97625,-1.2961724601285742,0.006770801811127089,0.29619014428938084,0.0
0.9765,-1.2962523268041162,0.0066297676238163275,0.29626928088411897,0.0
0.97675,-1.2963313559396967,0.0064901652903425235,0.29634760255031467,0.0
0.977,-1.2964095576871781,0.006352013836937566,0.29642511906490365,0.0
0.97725,-1.2964869208362875,0.006215284064776028,0.2965018186086603,0.0
0.9775,-1.2965634552073588,0.006079984752748231,0.29657771058808446,0.0
0.97775,-1.2966391543565003,0.005946129951490255,0.29665278817104324,0.0
0.978,-1.2967140226680471,0.005813725747375599,0.29672705531696764,0.0
0.97825,-1.2967880473082523,0.005682767820470388,0.29680049872432246,0.0
0.9785,-1.2968612452543495,0.005553225342172646,0.2968731347955216,0.0
0.97875,-1.2969336029087772,0.005425156717020922,0.29694494974896535,0.0
0.979,-1.2970051334489996,0.005298522945383317,0.2970159561618584,0.0
0.97925,-1.2970758240669187,0.0051733705361192844,0.29708614098739816,0.0
0.9795,-1.2971456775762156,0.005049623863764455,0.2971555063121094,0.0
0.97975,-1.297214693946371,0.004927347425331947,0.29722405194439205,0.0
0.98,-1.2972828780280776,0.004806522346394966,0.2972917822455665,0.0
0.98025,-1.2973502188015522,0.0046871879526758885,0.2973586859289681,0.0
0.9805,-1.2974167266770964,0.00456928181523426,0.29742477277020507,0.0
0.98075,-1.2974824025706329,0.004452839325202857,0.29749004341402085,0.0
0.981,-1.297547233114529,0.004337855675006349,0.29755448407958074,0.0
0.98125,-1.2976112284973809,0.0042243490195151175,0.2976181046236679,0.0
0.9815,-1.2976743810593987,0.00411228676904845,0.2976808968927469,0.0
0.98175,-1.2977367034572627,0.00400170730306788,0.29774287328479,0.0
0.982,-1.2977981816336706,0.0038925831596725927,0.29780401927845657,0.0
0.98225,-1.297858816531103,0.0037849501091437483,0.2978643355508479,0.0
0.9825,-1.2979186210187827,0.003678770910957193,0.29792383449211446,0.0
0.98275,-1.2979775832396898,0.003574075816438067,0.2979825039694055,0.0
0.983,-1.2980357023735603,0.0034707960490433006,0.2980403426171454,0.0
0.98325,-1.2980929798251148,0.0033690836426857954,0.29809735189462483,0.0
0.9835,-1.2981494194409198,0.0032688143490393552,0.2981535349649693,0.0
0.98375,-1.2982050201868764,0.0031699936122433054,0.29820889047098653,0.0
0.984,-1.298259772922243,0.0030727170477819685,0.29826340916555516,0.0
0.98425,-1.2983136833455986,0.002976881617122988,0.2983170961620192,0.0
0.9845,-1.2983667587709498,0.002882525312586643,0.29836995853784276,0.0
0.98475,-1.2984189892548192,0.0027896857060914527,0.29842198610615234,0.0
0.985,-1.2984703784733265,0.002698277266617575,0.29847318203837814,0.0
0.98525,-1.2985209155447586,0.00260840175731798,0.29852353535348963,0.0
0.9855,-1.2985706224505686,0.0025200384338775533,0.2985730676728844,0.0
0.98575,-1.2986194795229182,0.002433136347543793,0.29862175892322895,0.0
0.986,-1.2986674882288418,0.0023477221413099403,0.2986696103250672,0.0
0.98625,-1.2987146597662522,0.002263832693636749,0.29871663284576333,0.0
0.9865,-1.2987609831912674,0.0021814071846839363,0.2987628151426467,0.0
0.98675,-1.2988064588593293,0.002100461705365397,0.29880815731734844,0.0
0.987,-1.2988510997520937,0.002021108777225309,0.2988526722488245,0.0
0.98725,-1.2988948826554856,0.0019431899168691497,0.2988963361930239,0.0
0.9875,-1.298937827188171,0.0018667652980251816,0.29893916859605274,0.0
0.98775,-1.2989799223727956,0.0017919117127014473,0.29898115832186734,0.0
0.988,-1.2990211743731293,0.001718467372136306,0.2990223110477561,0.0
0.98825,-1.299061572978104,0.0016466193131954342,0.29906261655992106,0.0
0.9885,-1.2991011289151237,0.0015762419893013354,0.29910208516781234,0.0
0.98875,-1.2991398421777351,0.0015074030699090554,0.29914071670377806,0.0
0.989,-1.2991777020693074,0.0014400287008080564,0.2991785001441276,0.0
0.98925,-1.2992147123852256,0.0013742196461492481,0.29921543916236626,0.0
0.9895,-1.2992508778903626,0.0013099054927645736,0.2992515382139356,0.0
0.98975,-1.2992861889478946,0.001247116800217653,0.2992867874688243,0.0
0.99,-1.299320666034417,0.0011858430514289611,0.29932120717236943,0.0
0.99025,-1.2993542776070315,0.0011261027120254737,0.2993547655829061,0.0
0.9905,-1.2993870481293,0.0010678622051629155,0.2993874869244604,0.0
0.99075,-1.29941896318824,0.0010112084356478726,0.2994193566496157,0.0
0.991,-1.2994500339495398,0.0009559941418377,0.2994503856077997,0.0
0.99125,-1.2994802493209305,0.0009023698413810365,0.2994805626274364,0.0
0.9915,-1.2995096174110716,0.0008502460510575436,0.2995098955614832,0.0
0.99175,-1.299538131342088,0.0007996434646070085,0.29953837736396083,0.0
0.992,-1.299565794257032,0.0007506282354052713,0.29956601103816904,0.0
0.99225,-1.2995926065233094,0.0007030883946315366,0.2995927967110852,0.0
0.9925,-1.299618568022812,0.0006571344071345566,0.2996187341583276,0.0
0.99275,-1.2996436730031518,0.0006126936678395208,0.2996438174248566,0.0
0.993,-1.2996679332073677,0.0005697908683023946,0.29966805810912533,0.0
0.99325,-1.2996913308622675,0.0005284475655394226,0.2996914382942444,0.0
0.9935,-1.2997138793578926,0.0004886428816163006,0.2997139712134391,0.0
0.99375,-1.2997355749261303,0.0004503609449799434,0.29973565295160665,0.0
0.994,-1.2997564153258354,0.00041364536020626773,0.2997564811468145,0.0
0.99425,-1.2997763990044593,0.00037845258469338544,0.29977645410099574,0.0
0.9945,-1.2997955330455466,0.00034484372705912726,0.29979557879012364,0.0
0.99475,-1.2998138093830063,0.0003127886056143513,0.29981384701790037,0.0
0.995,-1.2998312292009326,0.0002822582072218695,0.29983125984710135,0.0
0.99525,-1.29984779342646,0.0002533048260663963,0.29984781810755523,0.0
0.9955,-1.299863505512366,0.00022587552832892635,0.29986352513740866,0.0
0.99575,-1.2998783610498017,0.00020008375306300108,0.2998783764487456,0.0
0.996,-1.299892359066064,0.00017574235266363457,0.29989237094603793,0.0
0.99625,-1.299905497609693,0.00015302376197418851,0.2999055066166063,0.0
0.9965,-1.2999177834855358,0.00013188488738154796,0.2999177901758141,0.0
0.99675,-1.2999292091813346,0.00011231339369185286,0.2999292140332521,0.0
0.997,-1.2999397818016143,9.426058855181747e-05,0.2999397852191028,0.0
0.99725,-1.2999494876310762,7.782581823365009e-05,0.29994948996072757,0.0
0.9975,-1.299958346024155,6.290766611897867e-05,0.29995834754627104,0.0
0.99775,-1.299966338602269,4.9618291790088184e-05,0.29996633954920693,0.0
0.998,-1.2999734722103478,3.781235272122623e-05,0.2999734727602721,0.0
0.99825,-1.2999797444068784,2.7689538207756545e-05,0.2999797447017716,0.0
0.9985,-1.2999851628159957,1.9081165976443827e-05,0.2999851629560324,0.0
0.99875,-1.2999897148711819,1.2068298090065988e-05,0.29998971492719906,0.0
0.999,-1.299993405579333,6.647396311693248e-06,0.2999934055963285,0.0
0.99925,-1.2999962411213308,2.8082686621694272e-06,0.29999624112436396,0.0
0.9995,-1.2999982082359702,5.585975151153695e-07,0.29999820823609014,0.0
0.99975,-1.2999993220479964,-1.1497638086647282e-07,0.2999993220480015,0.0
