t,x,y,gap,dual
0.0,1.4999994503899035,7.326684778537574e-07,0.4999994503900824,0.0
0.00025,1.499997803745722,2.9312338532324642e-06,0.49999780374858616,0.0
0.0005,1.4999950490259768,6.6009649506871e-06,0.49999504904050096,0.0
0.00075,1.499991216950748,1.1735635579691117e-05,0.4999912169966567,0.0
0.001,1.4999862749233626,1.8327277445246935e-05,0.49998627503532656,0.0
0.00125,1.4999802598664962,2.6348893490343045e-05,0.4999802600979206,0.0
0.0015,1.4999731337227904,3.588364390022411e-05,0.49997313415200995,0.0
0.00175,1.4999649153785937,4.6816195990008274e-05,0.49996491610919613,0.0
0.002,1.4999556017346936,5.928115729249929e-05,0.4999556029061467,0.0
0.00225,1.4999452036072538,7.31089725211833e-05,0.4999452053889595,0.0
0.0025,1.499933710809516,8.845722459086978e-05,0.4999337134178583,0.0
0.00275,1.4999211273214694,0.00010520453422009643,0.4999211310109948,0.0
0.003,1.4999074530339769,0.00012345231541294725,0.49990745811444826,0.0
0.00325,1.4998926851110375,0.00014311132124247546,0.4998926919384761,0.0
0.0035,1.4998768259121071,0.0001642397079787994,0.49987683490440604,0.0
0.00375,1.4998598864560844,0.00018678031330359923,0.4998598980861324,0.0
0.004,1.4998418494815886,0.0002108009763432818,0.49984186429550115,0.0
0.00425,1.499822725490412,0.00023626412159243228,0.4998227440995229,0.0
0.0045,1.4998025155625687,0.000263140193779777,0.4998025386465281,0.0
0.00475,1.4997812231414391,0.000291478695617637,0.4997812514655131,0.0
0.005,1.499758838499568,0.0003212543199450957,0.4997588729065452,0.0
0.00525,1.4997353554970123,0.00035245518721300855,0.49973539691253843,0.0
0.0055,1.4997108057726907,0.00038511998494849143,0.4997108552213576,0.0
0.00575,1.4996851678062426,0.0004191810747454837,0.4996852263894618,0.0
0.006,1.499658449180954,0.0004546995234739446,0.4996585181138673,0.0
0.00625,1.4996306331626763,0.000491628742544861,0.4996307137487914,0.0
0.0065,1.4996017476304386,0.0005300122693837422,0.4996018412929719,0.0
0.00675,1.4995717779582565,0.0005697715260101646,0.4995718862023515,0.0
0.007,1.4995407179227598,0.0006110376796633416,0.4995408424165553,0.0
0.00725,1.4995085830182031,0.0006536492039179374,0.49950872548396386,0.0
0.0075,1.4994753623443726,0.0006977751699130982,0.4994755246978775,0.0
0.00775,1.4994410668562494,0.0007432264472857444,0.49944125105339143,0.0
0.008,1.4994056838867098,0.0007901699375353413,0.4994058920920319,0.0
0.00825,1.4993692342882072,0.0008384880998368378,0.49936946874087673,0.0
0.0085,1.4993316960073155,0.0008882827542687217,0.49933195913994455,0.0
0.00875,1.499293079561285,0.0009394077985299637,0.4992933738622918,0.0
0.009,1.4992533921682387,0.0009920286724008753,0.4992537203718581,0.0
0.00925,1.499212618858736,0.0010460147450728902,0.49921298376585455,0.0
0.0095,1.4991707779390389,0.0011014355784716274,0.4991711825494367,0.0
0.00975,1.4991278574832623,0.0011582405675707734,0.4991283049170836,0.0
0.01,1.4990838536699802,0.0012164721868759532,0.49908434723954764,0.0
0.01025,1.4990387908727307,0.0012761163011195484,0.4990393340449717,0.0
0.0105,1.498992639620321,0.001337171702894034,0.49899323603012324,0.0
0.01075,1.4989454242150602,0.0013996066995115184,0.4989460776406134,0.0
0.011,1.4988971290645074,0.001463466918180519,0.49889784350143196,0.0
0.01125,1.498847761718577,0.0015287175594584919,0.49884854130968304,0.0
0.0115,1.498797329446643,0.001595387849153829,0.498798178547992,0.0
0.01175,1.498745819073727,0.0016634268403587118,0.49874674217488457,0.0
0.012,1.498693237747107,0.0017329021573337807,0.4986942396028595,0.0
0.01225,1.4986395868999345,0.0018037515354250846,0.49864067239055276,0.0
0.0125,1.4985848648398412,0.001876005093706994,0.4985860390788901,0.0
0.01275,1.4985290741864112,0.0019496207131513227,0.49853034243651795,0.0
0.013,1.498472221955859,0.002024658507975793,0.49847358976239664,0.0
0.01325,1.4984143001110528,0.002101081186000646,0.49841577318161145,0.0
0.0135,1.4983553028047014,0.0021788984140149333,0.49835688707372605,0.0
0.01375,1.4982952376101015,0.002258075611249531,0.498296939178138,0.0
0.014,1.498234112106077,0.0023386370511742334,0.49823593732814375,0.0
0.01425,1.4981719200726036,0.002420661096907308,0.4981738756546845,0.0
0.0145,1.4981086570069784,0.0025039893754803984,0.49811074963169677,0.0
0.01475,1.4980443325901251,0.002588689048579596,0.49804656927492874,0.0
0.015,1.4979789573567763,0.0026748369207094903,0.4979813454900721,0.0
0.01525,1.4979124951421985,0.002762298146999791,0.4979150421149323,0.0
0.0155,1.4978449827923477,0.0028512082704952803,0.4978476964847962,0.0
0.01575,1.4977764032036442,0.0029414057116449463,0.49777929143822996,0.0
0.016,1.4977067637892953,0.003033060226657193,0.49770983496622034,0.0
0.01625,1.4976360581730563,0.0031260513372500945,0.49763932071012795,0.0
0.0165,1.4975643024439993,0.0032203945974382323,0.4975677650430197,0.0
0.01675,1.4974914801863477,0.003316121860711716,0.4974951518769246,0.0
0.017,1.4974176026750854,0.0034132326003661617,0.4974214927527867,0.0
0.01725,1.4973426519919606,0.0035116966305135692,0.4973467699526193,0.0
0.0175,1.4972666508616517,0.003611550855854355,0.49727100655895007,0.0
0.01775,1.4971895995914117,0.003712700812559663,0.49719420292492966,0.0
0.018,1.4971114808948394,0.00381531289486187,0.49711634245292524,0.0
0.01825,1.4970323043616074,0.003919226624166958,0.49703743461529903,0.0
0.0185,1.496952077646757,0.004024519491059888,0.4969574875486866,0.0
0.01875,1.4968707906757661,0.00413112381469624,0.4968764912851913,0.0
0.019,1.496788447044488,0.004239142363397186,0.49679444999432953,0.0
0.01925,1.4967050492762297,0.004348510104764516,0.496711366319202,0.0
0.0195,1.4966206034704381,0.004459200142146336,0.49662724657749235,0.0
0.01975,1.496535097686163,0.004571228214111028,0.49654207917248994,0.0
0.02,1.4964485433101697,0.004684698345234136,0.4964558761198792,0.0
0.02025,1.4963609383523155,0.004799438258974567,0.49636863520799035,0.0
0.0205,1.4962722721838695,0.00491555609209845,0.4962803464585017,0.0
0.02075,1.4961825501875765,0.005032996982652439,0.49619101539356514,0.0
0.021,1.4960918006675064,0.005151807829272546,0.4961006707933966,0.0
0.02125,1.4959999778716222,0.005271927684000068,0.4960092670212304,0.0
0.0215,1.4959071160960051,0.005393446910444039,0.4959168390175448,0.0
0.02175,1.49581320063864,0.005516214256407737,0.4958233718673255,0.0
0.022,1.4957182437171737,0.005640443030124625,0.4957288789035139,0.0
0.02225,1.4956222249077133,0.005765943619386576,0.49563333933946563,0.0
0.0225,1.495525165788456,0.005892777417101355,0.4955367753192417,0.0
0.02275,1.4954270575541802,0.006020961020465251,0.49543917844784424,0.0
0.023,1.4953279108943165,0.006150466710741775,0.495340559651988,0.0
0.02325,1.495227703967113,0.0062813197767998975,0.4952408975442395,0.0
0.0235,1.4951264643788102,0.006413499248634968,0.4951402199989452,0.0
0.02375,1.4950241785571383,0.00654696793057527,0.49503851363753504,0.0
0.024,1.494920845618028,0.006681817762098273,0.4949357783369579,0.0
0.02425,1.494816466187295,0.006818002349249383,0.4948320148902037,0.0
0.0245,1.4947110494472982,0.006955466216696448,0.49472723259132967,0.0
0.02475,1.494604591542906,0.007094276932137764,0.49462142826413635,0.0
0.025,1.4944970787430898,0.007234385211352683,0.49451458831990514,0.0
0.02525,1.494388534312248,0.007375853738609861,0.49440673670265634,0.0
0.0255,1.4942789437779511,0.007518622802189619,0.4942978590317899,0.0
0.02575,1.4941683297738297,0.007662713309287629,0.4941879784265353,0.0
0.026,1.4940566575187901,0.007808104367530727,0.49407706038545207,0.0
0.02625,1.4939439464540831,0.007954827904700545,0.4939651249054624,0.0
0.0265,1.4938302063963667,0.008102865457880828,0.4938521821019777,0.0
0.02675,1.4937154266614674,0.008252231317607318,0.4937382217671773,0.0
0.027,1.4935995977563514,0.00840282734340006,0.49362323426133736,0.0
0.02725,1.4934827397702168,0.008554818097796731,0.49350724099491394,0.0
0.0275,1.4933648419093148,0.008708064073485101,0.49339023079392774,0.0
0.02775,1.4932459154899478,0.00886264798936505,0.4932722158591163,0.0
0.028,1.4931259456079307,0.00901855370872888,0.49315318161217947,0.0
0.02825,1.4930049523669218,0.009175716063258482,0.4930331481777046,0.0
0.0285,1.4928829125127145,0.009334204612960927,0.4929120931415225,0.0
0.02875,1.4927598416147467,0.009493972030739295,0.4927900322023202,0.0
0.029,1.4926357461446933,0.009655073004029225,0.49266697260428405,0.0
0.02925,1.492510602202826,0.009817464790477352,0.49254289060742074,0.0
0.0295,1.492384442890876,0.009981140272124519,0.49241781969522247,0.0
0.02975,1.492257242089392,0.010146110178879775,0.4922917342530584,0.0
0.03,1.4921290072048936,0.010312353225310728,0.49216464197866094,0.0
0.03025,1.4919997463287813,0.01047993498964337,0.4920365518587455,0.0
0.0305,1.4918694591643047,0.010648779369662676,0.49190746351416137,0.0
0.03075,1.4917381488556671,0.010818927211875388,0.49177738082374356,0.0
0.031,1.4916057907961702,0.010990328441754162,0.4916462792686227,0.0
0.03125,1.491472414109679,0.011163055620873084,0.4915141889572985,0.0
0.0315,1.4913380131410165,0.011337057909426976,0.49138110431956217,0.0
0.03175,1.4912025816485284,0.011512319740998592,0.4912470194508538,0.0
0.032,1.4910661308448951,0.011688875803575013,0.4911119462905249,0.0
0.03225,1.4909286395925214,0.011866724283126184,0.4909758641582427,0.0
0.0325,1.4907901317093089,0.012045854828613107,0.49083879726159885,0.0
0.03275,1.4906505970735386,0.012226244184379917,0.4907007357623976,0.0
0.033,1.4905100437053072,0.012407896161627983,0.4905616881811885,0.0
0.03325,1.490368449807859,0.012590839098298997,0.49042163343527734,0.0
0.0335,1.4902258572844502,0.012775045690362826,0.49028061368037856,0.0
0.03375,1.4900822291003721,0.012960558291427247,0.4901385927328905,0.0
0.034,1.4899375747150754,0.013147322781027277,0.4899955800753737,0.0
0.03425,1.489791906685669,0.013335329314511611,0.48985158866044354,0.0
0.0345,1.489645202757186,0.013524644422099436,0.4897065973218493,0.0
0.03475,1.4894975019762047,0.013715187888107126,0.4895606448789389,0.0
0.035,1.4893487670912884,0.013907005907344706,0.4894136949986889,0.0
0.03525,1.4891990105026187,0.014100118241362727,0.4892657607748858,0.0
0.0355,1.4890482442042394,0.014294449854793854,0.48911685399916793,0.0
0.03575,1.488896454328985,0.014490008712712386,0.4889669613748715,0.0
0.036,1.4887436553677964,0.014686927905376021,0.4888160992040509,0.0
0.03625,1.4885898288146069,0.014885026665805852,0.4886642477298708,0.0
0.0365,1.4884349835650441,0.015084437470449293,0.4885114176767582,0.0
0.03675,1.4882791183534836,0.015285021886579778,0.488357606901344,0.0
0.037,1.488122261018396,0.015486921376583938,0.4882028452036462,0.0
0.03725,1.4879643645413196,0.015690074883557018,0.4880470854763652,0.0
0.0375,1.487805470988903,0.015894459823570763,0.4878903700735464,0.0
0.03775,1.4876455509944344,0.01610006201533387,0.48773267000171505,0.0
0.038,1.4874846337396983,0.016306920573655105,0.48757401539228296,0.0
0.03825,1.487322682737982,0.016515050040190413,0.48741437046464564,0.0
0.0385,1.4871597262898661,0.016724453214540837,0.48725376410143095,0.0
0.03875,1.4869957705965149,0.01693502073591396,0.4870922018150887,0.0
0.039,1.4868307925112452,0.017146892504314323,0.48692966258736403,0.0
0.03925,1.4866648058655587,0.01735998382444134,0.4867661598374051,0.0
0.0395,1.486497805691418,0.017574315974426935,0.48660168939341975,0.0
0.03975,1.4863298089506563,0.01778984975323994,0.4864362683040053,0.0
0.04,1.4861607910401595,0.01800665072946702,0.48626987330551974,0.0
0.04025,1.4859907718472427,0.01822469457732125,0.4861025245613442,0.0
0.0405,1.4858197385595429,0.018443965178421312,0.48593420962862655,0.0
0.04075,1.4856477066686185,0.018664436313154807,0.48576494423331074,0.0
0.041,1.485474659957386,0.018886174234089267,0.485594713558416,0.0
0.04125,1.4853006101159023,0.019109125689122,0.4854235291980784,0.0
0.0415,1.4851255548448088,0.019333296872185497,0.48525138950315383,0.0
0.04175,1.4849495058515563,0.019558691273666242,0.4850783068017388,0.0
0.042,1.4847724305354588,0.01978534400763996,0.4849042495446212,0.0
0.04225,1.4845943608784478,0.020013199447018244,0.48472924956174857,0.0
0.0425,1.4844152911539308,0.0202422461114384,0.48455330154873355,0.0
0.04275,1.484235218816027,0.020472538040448334,0.48437640428150064,0.0
0.043,1.484054149756,0.020704023096693485,0.484198563528611,0.0
0.04325,1.4838720640127496,0.02093674103606187,0.4840197604758061,0.0
0.0435,1.4836889900235302,0.021170711808101234,0.48384002444856056,0.0
0.04375,1.4835049166964702,0.021405828106062216,0.4836593434274281,0.0
0.044,1.4833198290538951,0.021642213465868483,0.4834777048099439,0.0
0.04425,1.4831337509049836,0.021879758731130735,0.4832951314271945,0.0
0.0445,1.4829466753750316,0.022118532113509518,0.48311161800746305,0.0
0.04475,1.4827586064943754,0.022358514655110174,0.48292716891650644,0.0
0.045,1.482569524452345,0.022599720200541747,0.48274176517288225,0.0
0.04525,1.4823794649068267,0.022842078578957842,0.48255544197552935,0.0
0.0455,1.4821883869671453,0.023085729803089667,0.4823681612139439,0.0
0.04575,1.4819963313752997,0.02333050790972945,0.48217996168116284,0.0
0.046,1.4818032727720878,0.023576534954681736,0.48199082055137565,0.0
0.04625,1.4816092236352634,0.023823707031446484,0.4818007492837246,0.0
0.0465,1.4814141679486221,0.024072131861232016,0.48160973421858055,0.0
0.04675,1.4812181305837044,0.024321700856003322,0.48141779910409244,0.0
0.047,1.481021098835546,0.024572500464482942,0.481224933281615,0.0
0.04725,1.4808230748799844,0.024824451785810147,0.4810311382626222,0.0
0.0475,1.4806240545773957,0.02507766955042158,0.48083641247211606,0.0
0.04775,1.4804240478289756,0.02533200403357719,0.4806407639325234,0.0
0.048,1.4802230317613585,0.02558753542237649,0.4804441717693304,0.0
0.04825,1.4800210426467464,0.025844288918306806,0.48024667334429605,0.0
0.0485,1.479818060597931,0.02610219709233133,0.48004824825573444,0.0
0.04875,1.4796140987605026,0.026361274203697528,0.4798489105407,0.0
0.049,1.4794091320389926,0.026621629909150773,0.47964863773106114,0.0
0.04925,1.4792031850428367,0.026883071195582073,0.47944745163786706,0.0
0.0495,1.4789962481123418,0.02714571929302948,0.4792453454401402,0.0
0.04975,1.4787883252334804,0.027409515962764877,0.47904232272513236,0.0
0.05,1.4785794127875935,0.027674577110879704,0.4788383826968958,0.0
0.05025,1.4783695125357499,0.027940722447240142,0.47863352442924967,0.0
0.0505,1.478158638833229,0.028208110079834876,0.4784277659160696,0.0
0.05075,1.4779467755910325,0.028476596070761202,0.4782210890133136,0.0
0.051,1.4777339223060006,0.02874630121223325,0.47801349620606026,0.0
0.05125,1.4775200854752635,0.029017143336642542,0.4778049930861139,0.0
0.0515,1.4773052639936401,0.029289208162394192,0.4775955809145136,0.0
0.05175,1.4770894694608878,0.029562411463492973,0.47738527032178846,0.0
0.052,1.476872683418871,0.029836769283198623,0.47717404385201534,0.0
0.05225,1.4766549221643588,0.03011227391380778,0.47696191832846146,0.0
0.0525,1.4764361762783134,0.03038901147403595,0.47674888679209637,0.0
0.05275,1.4762164551723376,0.030666836792544675,0.47653495637605636,0.0
0.053,1.4759957537937645,0.03094584739514836,0.47632012473183694,0.0
0.05325,1.4757740645995283,0.031226011652087,0.47610438436728075,0.0
0.0535,1.4755514008898079,0.03150737104854448,0.4758877501687806,0.0
0.05375,1.4753277595065641,0.03178984785672886,0.47567021803566,0.0
0.054,1.4751031365237166,0.032073463207568945,0.47545178519131337,0.0
0.05425,1.4748775413483348,0.03235826469510035,0.47523246278943687,0.0
0.0545,1.4746509664019924,0.03264423796358862,0.4750122436720834,0.0
0.05475,1.4744234195960217,0.03293129232033632,0.4747911344550162,0.0
0.055,1.4741948933776445,0.033219501992844964,0.47456912994046396,0.0
0.05525,1.4739653919312108,0.03350888851892318,0.4743462355297354,0.0
0.0555,1.4737349187301028,0.03379946138654685,0.4741224556577528,0.0
0.05575,1.4735034731006964,0.03409108484861225,0.4738977872654433,0.0
0.056,1.4732710453102398,0.03438394860746603,0.47367222572435286,0.0
0.05625,1.473037645946537,0.03467789290333062,0.47344577865353776,0.0
0.0565,1.472803284936176,0.03497298880513135,0.47321845836412035,0.0
0.05675,1.472567951871639,0.03526917624506542,0.47299025376016646,0.0
0.057,1.4723316449957895,0.035566570639656306,0.4727611665857683,0.0
0.05725,1.4720943642716942,0.0358650419315001,0.47253119442449565,0.0
0.0575,1.47185611460668,0.03616469995761225,0.472300345591244,0.0
0.05775,1.4716168971688117,0.03646547269551825,0.47206862025235385,0.0
0.058,1.4713767039999022,0.0367673676096235,0.47183601137985365,0.0
0.05825,1.4711355518213676,0.03707041207012765,0.47160253712876177,0.0
0.0585,1.470893430461838,0.037374529301863656,0.47136818615067577,0.0
0.05875,1.4706503311515007,0.03767979275787271,0.4711329522848351,0.0
0.059,1.4704062784719656,0.03798625192447442,0.4708968621575902,0.0
0.05925,1.4701612519116651,0.038293742622609137,0.4706598917990934,0.0
0.0595,1.469915266679237,0.03860241411093039,0.4704220610395793,0.0
0.05975,1.4696683149311094,0.03891217129252497,0.4701833603286174,0.0
0.06,1.469420391073446,0.03922304930141899,0.46994378576153073,0.0
0.06025,1.4691715148437636,0.03953505016749344,0.4697033578991596,0.0
0.0605,1.4689216646815724,0.03984821099806472,0.4694620569754866,0.0
0.06075,1.4686708570866767,0.04016238971183213,0.4692198964086616,0.0
0.061,1.4684190917920361,0.040477786269482396,0.46897688216003797,0.0
0.06125,1.4681663593544125,0.04079421378845738,0.46873300045263777,0.0
0.0615,1.4679126675151615,0.041111805422615125,0.46848826348615535,0.0
0.06175,1.4676580166955495,0.041430472853222544,0.4682426700145843,0.0
0.062,1.4674023932787912,0.04175023042756465,0.4679962076044608,0.0
0.06225,1.4671458243032158,0.042071140667463994,0.4677489058580233,0.0
0.0625,1.466888293031063,0.04239315001846943,0.4675007473252182,0.0
0.06275,1.4666298018871569,0.04271623407167451,0.46725173451484703,0.0
0.063,1.4663703562070585,0.04304042777128164,0.4670018745678379,0.0
0.06325,1.4661099556540749,0.04336574219279513,0.4667511682844929,0.0
0.0635,1.4658485864086197,0.043692132006952225,0.4664996013212761,0.0
0.06375,1.4655862755617934,0.04401960911294245,0.4662472019074906,0.0
0.064,1.4653230011092906,0.04434819992534769,0.4659939496520975,0.0
0.06425,1.4650587684532537,0.04467788211306138,0.46573985010023966,0.0
0.0645,1.4647935888358234,0.04500869517230292,0.4654849165159105,0.0
0.06475,1.4645274617399449,0.045340564798302015,0.46522914692776807,0.0
0.065,1.4642603601210382,0.045673496029900965,0.464972515258012,0.0
0.06525,1.463992326332286,0.04600754601617424,0.46471506643792293,0.0
0.0655,1.4637233273907166,0.046342709198619714,0.46445676817160386,0.0
0.06575,1.4634533886879961,0.0466788901124136,0.4641976436412214,0.0
0.066,1.4631824831381128,0.04701618897133819,0.4639376697754596,0.0
0.06625,1.4629106391392268,0.04735458615155756,0.4636768751798759,0.0
0.0665,1.4626378496388752,0.04769404936385961,0.463415252599533,0.0
0.06675,1.4623640958270798,0.04803457194957194,0.4631527838426619,0.0
0.067,1.4620893965909962,0.04837622017219139,0.4628894908030381,0.0
0.06725,1.4618137619200693,0.04871891557845398,0.4626253817276813,0.0
0.0675,1.461537163033792,0.04906269836993147,0.46236043002407734,0.0
0.06775,1.4612596254361976,0.0494075065303714,0.4620946599421958,0.0
0.068,1.4609811425710506,0.0497534646935299,0.4618280699853943,0.0
0.06825,1.4607017044326551,0.050100443425069696,0.4615606466253299,0.0
0.0685,1.4604213327861513,0.05044852930312935,0.46129241542058486,0.0
0.06875,1.460140005860771,0.05079763819768506,0.46102335257228355,0.0
0.069,1.4598577543967655,0.05114780809687948,0.46075349095782836,0.0
0.06925,1.4595745340908945,0.05149911055033049,0.46048278968090783,0.0
0.0695,1.4592903845495895,0.05185138654449985,0.46021128359065755,0.0
0.06975,1.4590052921596977,0.05220478098903943,0.45993896506262155,0.0
0.07,1.4587192474352713,0.052559264281580184,0.45966582446118287,0.0
0.07025,1.4584322679558333,0.05291473817307936,0.45939187668381964,0.0
0.0705,1.4581443487138996,0.053271329380689514,0.4591171221736343,0.0
0.07075,1.4578554869357938,0.05362892796322985,0.45884155503717605,0.0
0.071,1.4575656796417737,0.053987599914738976,0.45856517557980236,0.0
0.07125,1.457274948428347,0.05434733529031498,0.45828800590624064,0.0
0.0715,1.456983260767237,0.054708107688536144,0.4580100134096443,0.0
0.07175,1.4566906472499006,0.0550699364792374,0.45773123026474316,0.0
0.072,1.4563970907173962,0.05543283763385817,0.4574516408231999,0.0
0.07225,1.45610259348822,0.05579673561157151,0.4571712454162784,0.0
0.0725,1.455807169939984,0.056161751622471376,0.4568900639354947,0.0
0.07275,1.4555108068333031,0.05652771882349193,0.4566080776255226,0.0
0.073,1.4552135002855444,0.056894812691828445,0.45632529028529367,0.0
0.07325,1.454915265401214,0.05726289799722531,0.4560417126526719,0.0
0.0735,1.4546160897704343,0.057632052352503654,0.45575733626088577,0.0
0.07375,1.4543159953232605,0.058002213332211935,0.45547218146020274,0.0
0.074,1.4540149539167144,0.058373471053285206,0.45518622462426905,0.0
0.07425,1.4537129822029964,0.05874569190072307,0.45489947795111396,0.0
0.0745,1.453410079772297,0.05911897922371727,0.4546119460832738,0.0
0.07475,1.4531062459449808,0.059493306067365484,0.454323628176047,0.0
0.075,1.4528014842423183,0.05986867046038516,0.45403452858567883,0.0
0.07525,1.4524957865931887,0.06024505657046597,0.45374463951278066,0.0
0.0755,1.4521891661295259,0.060622467706668334,0.4534539751278035,0.0
0.07575,1.4518816055965367,0.06100093038306241,0.4531625202217324,0.0
0.076,1.451573127608972,0.06138037647073728,0.4528702954538586,0.0
0.07625,1.4512637091897873,0.06176089178295396,0.4525772824070755,0.0
0.0765,1.4509533698933246,0.062142401023599095,0.45228349836034853,0.0
0.07675,1.4506421039654858,0.06252489580314527,0.45198893810958674,0.0
0.077,1.4503299097056157,0.06290846411274349,0.4516936046713589,0.0
0.07725,1.450016786429337,0.06329304268081645,0.451397495580951,0.0
0.0775,1.4497027419895763,0.06367862220058795,0.4511006192051126,0.0
0.07775,1.449387779955575,0.06406523869989691,0.45080298162577037,0.0
0.078,1.4490718811061654,0.06445288404916145,0.45050456423784313,0.0
0.07825,1.4487550579619024,0.06484151358759022,0.45020537850834264,0.0
0.0785,1.4484373175198206,0.06523115131775722,0.44990543342876466,0.0
0.07875,1.4481186548079203,0.06562179929984442,0.44960472507026883,0.0
0.079,1.4477990699377306,0.06601346461741178,0.44930325481706945,0.0
0.07925,1.4474785605752576,0.0664061278733005,0.4490010204082484,0.0
0.0795,1.4471571287223601,0.06679983703147918,0.44869802700196226,0.0
0.07975,1.4468347908762689,0.06719448718134485,0.44839428720136176,0.0
0.08,1.4465115014505658,0.06759015544744387,0.4480897599742151,0.0
0.08025,1.446187317814871,0.0679868429958976,0.4477845036569219,0.0
0.0805,1.4458622147921552,0.0683845486681949,0.4474784940233927,0.0
0.08075,1.4455361936024422,0.06878318835056761,0.44717172927552284,0.0
0.081,1.4452092399511742,0.06918287510033118,0.4468642014534048,0.0
0.08125,1.4448813807682561,0.06958356192741436,0.4465559362089282,0.0
0.0815,1.444552598062669,0.06998524686069772,0.44624691645229086,0.0
0.08175,1.4442229051301942,0.0703878757637798,0.4459371538062209,0.0
0.082,1.4438922970851173,0.07079153710021287,0.44562664865681945,0.0
0.08225,1.4435607717959813,0.07119618982493434,0.44531539786781393,0.0
0.0825,1.4432283328133941,0.0716017917220862,0.4450034038759709,0.0
0.08275,1.4428949796464403,0.0720084273797188,0.4446906713558447,0.0
0.083,1.4425607118307173,0.07241601524353407,0.44437719678112386,0.0
0.08325,1.4422255266349353,0.07282459679881309,0.4440629804743026,0.0
0.0835,1.4418894426040672,0.07323419146335153,0.44374804293975,0.0
0.08375,1.441552442292397,0.07364469780065344,0.4434323625973351,0.0
0.084,1.44121451778747,0.07405623530878311,0.44311593860974297,0.0
0.08425,1.4408756936152933,0.07446873200665569,0.4427987927975374,0.0
0.0845,1.4405359625398106,0.07488223066786398,0.44248092113562953,0.0
0.08475,1.4401953180403386,0.0752966534449562,0.4421623140705495,0.0
0.085,1.4398537658557546,0.0757121174528152,0.44184298443977155,0.0
0.08525,1.4395112959109009,0.07612851129601578,0.44152291736455895,0.0
0.0855,1.4391679404704387,0.07654587958321074,0.4412021484021913,0.0
0.08575,1.4388236674542996,0.07696417327226601,0.4408806439098709,0.0
0.086,1.4384784659096752,0.07738355626999033,0.44055840272681857,0.0
0.08625,1.4381323850380863,0.07780378206060981,0.44023546179028283,0.0
0.0865,1.4377853883914664,0.07822505084888334,0.43991179648348955,0.0
0.08675,1.4374374827479173,0.0786472238749231,0.4395874070829813,0.0
0.087,1.4370886887915957,0.07907039911394854,0.4392623205895396,0.0
0.08725,1.436738985033803,0.0794945011697187,0.4389365124397202,0.0
0.0875,1.4363883625142406,0.07991962108457462,0.43860997973760907,0.0
0.08775,1.4360368524568465,0.08034565414721859,0.43828274888997787,0.0
0.088,1.4356844372577968,0.08077263001847718,0.43795480497279127,0.0
0.08825,1.435331119312103,0.08120058063145377,0.4376261531986052,0.0
0.0885,1.434976901555009,0.0816294918109427,0.4372967967437089,0.0
0.08875,1.4346217781357544,0.08205934338823592,0.4369667296561539,0.0
0.089,1.434265759616154,0.08249015934906523,0.43663596488349743,0.0
0.08925,1.433908846224596,0.08292194385615403,0.4363045039454674,0.0
0.0895,1.4335510199363193,0.08335461865058359,0.4359723253638441,0.0
0.08975,1.4331923015630745,0.08378823611242125,0.4356394539613675,0.0
0.09,1.4328326975612122,0.0842228552868792,0.4353059006891926,0.0
0.09025,1.4324721923851156,0.08465841177166178,0.4349716473297722,0.0
0.0905,1.4321107727048235,0.08509486280065323,0.4346366790836864,0.0
0.09075,1.4317484708390151,0.08553228074343153,0.43430103353481253,0.0
0.091,1.4313852672019833,0.08597063744622568,0.4339646905226793,0.0
0.09125,1.431021180920221,0.08640991405345363,0.4336276690581238,0.0
0.0915,1.4306561890316358,0.08685017984850474,0.4332899514593136,0.0
0.09175,1.4302903033089742,0.08729132674490384,0.4329515440043894,0.0
0.092,1.4299235212793966,0.0877334148086189,0.4326124489135401,0.0
0.09225,1.4295558592941788,0.08817645969270363,0.43227268454238743,0.0
0.0925,1.429187298488063,0.08862042316327023,0.4319322307851181,0.0
0.09275,1.4288178412917638,0.08906528351815227,0.4315910897745294,0.0
0.093,1.428447496543324,0.089511114290219,0.4312492759692026,0.0
0.09325,1.4280762627628167,0.08995782982003067,0.4309067836209819,0.0
0.0935,1.4277041398788628,0.09040552417477263,0.4305636196368754,0.0
0.09375,1.4273311307835606,0.09085411677834299,0.43021978291430796,0.0
0.094,1.426957223857465,0.09130359914603857,0.4298752623694222,0.0
0.09425,1.4265824304382182,0.09175403498111467,0.4295300744546544,0.0
0.0945,1.4262067504512985,0.09220540730272542,0.42918421911547644,0.0
0.09475,1.425830192758211,0.09265759859742251,0.4288376986763607,0.0
0.095,1.4254527312457066,0.09311083760056896,0.4284905029766646,0.0
0.09525,1.4250743965698847,0.09356489071713699,0.42814264852427497,0.0
0.0955,1.424695171563147,0.09401993720819854,0.4277941309824671,0.0
0.09575,1.424315064558769,0.09447581531273111,0.4274449491339605,0.0
0.096,1.4239340666939422,0.09493262961448573,0.42709510210674795,0.0
0.09625,1.4235521858773073,0.09539035693702347,0.4267445973658468,0.0
0.0965,1.4231694206184526,0.09584903031101565,0.4263934367470372,0.0
0.09675,1.4227857873064307,0.09630854541677167,0.4260416306971806,0.0
0.097,1.4224012577123413,0.09676901217529746,0.425689159550227,0.0
0.09725,1.4220158480316978,0.09723035243871828,0.4253360352873514,0.0
0.0975,1.4216295546278879,0.09769260766456059,0.4249822581996552,0.0
0.09775,1.421242391241222,0.09815576668964307,0.42462784234883544,0.0
0.098,1.4208543368427848,0.09861981047763366,0.4242727665526693,0.0
0.09825,1.4204654087669852,0.09908475306853229,0.4239170501803151,0.0
0.0985,1.4200755964342093,0.09955058200662505,0.4235606829235743,0.0
0.09875,1.4196849085854297,0.10001732640390633,0.42320367665566594,0.0
0.099,1.4192933429795278,0.10048496196104216,0.4228460285660973,0.0
0.09925,1.4189008986673728,0.10095344316820479,0.4224877355979537,0.0
0.0995,1.4185075861377094,0.1014228929990178,0.42212881805922264,0.0
0.09975,1.4181133938278196,0.10189315527914662,0.4217692544314626,0.0
0.1,1.4177183191232916,0.10236434980447434,0.42140905178230237,0.0
0.10025,1.4173223818162597,0.10283640670203645,0.4210482259728916,0.0
0.1005,1.4169255488384664,0.10330935844070382,0.4206867474896143,0.0
0.10075,1.416527863742254,0.1037832051416666,0.420324660923576,0.0
0.101,1.4161292873308078,0.10425788172122383,0.4199619235518459,0.0
0.10125,1.4157298589826648,0.10473348307592106,0.41959858273115014,0.0
0.1015,1.4153295383580287,0.105209959682281,0.4192345957469814,0.0
0.10175,1.41492836003713,0.10568730441850441,0.41886999769274547,0.0
0.102,1.4145263014248983,0.10616550785316108,0.41850476646380086,0.0
0.10225,1.4141233762881695,0.10664457990195003,0.4181389176618473,0.0
0.1025,1.4137195826630617,0.10712459756637872,0.41777245628795456,0.0
0.10275,1.413314914392621,0.10760539177330859,0.41740536459522004,0.0
0.103,1.4129093879652237,0.10808711701655946,0.417037671858167,0.0
0.10325,1.4125029853704087,0.10856965766380539,0.41666935247627657,0.0
0.1035,1.4120957101886629,0.10905312655035627,0.416300419806346,0.0
0.10375,1.411687570541167,0.10953741577978196,0.4159308748226853,0.0
0.104,1.411278568468423,0.11002254704137884,0.41556072235554553,0.0
0.10425,1.4108686983881233,0.11050860065843893,0.4151899642489285,0.0
0.1045,1.4104579689314862,0.11099549632884156,0.41481860403643944,0.0
0.10475,1.4100463630387499,0.11148320580452353,0.4144466236289228,0.0
0.105,1.4096339010897982,0.11197182789138799,0.4140740522840314,0.0
0.10525,1.4092205671604514,0.11246130016678216,0.41370087039063086,0.0
0.1055,1.4088063768812173,0.11295160193810821,0.4133270930402373,0.0
0.10575,1.408391320575515,0.11344276968114614,0.4129527146601095,0.0
0.106,1.4079753960806087,0.11393477566355567,0.41257773204657733,0.0
0.10625,1.4075586201367807,0.11442765732814045,0.41220216608068005,0.0
0.1065,1.4071409829877908,0.11492135092484243,0.41182600305499295,0.0
0.10675,1.4067224738444608,0.115415928105466,0.41144923921461873,0.0
0.107,1.406303129869746,0.11591134021851038,0.41107190882417277,0.0
0.10725,1.4058829016542256,0.11640758601379281,0.41069396370909006,0.0
0.1075,1.405461816926254,0.1169046904950145,0.4103154347511704,0.0
0.10775,1.4050398916817315,0.11740258567777105,0.4099363334352506,0.0
0.108,1.4046170885840743,0.11790139205249628,0.4095566337647869,0.0
0.10825,1.4041934404045158,0.11840101204376821,0.4091763614707915,0.0
0.1085,1.4037689228261225,0.11890148528784421,0.40879549683269056,0.0
0.10875,1.403343559629654,0.1194027289777535,0.40841405774060746,0.0
0.109,1.4029173396967032,0.11990487760136694,0.4080320456915296,0.0
0.10925,1.402490258435185,0.12040781438835252,0.40764944740207687,0.0
0.1095,1.4020623269522212,0.12091162548376895,0.40726628249091656,0.0
0.10975,1.4016335479750546,0.12141620255290304,0.4068825455778131,0.0
0.11,1.401203908599774,0.12192167109689331,0.4064982358177145,0.0
0.11025,1.4007734196220292,0.12242793262335469,0.4061133566700881,0.0
0.1105,1.400342078235271,0.1229350551120009,0.40572791245378226,0.0
0.11075,1.399909880865525,0.12344291494481291,0.4053418900022161,0.0
0.111,1.3994768353311864,0.1239517289463892,0.40495531734549894,0.0
0.11125,1.3990429363754204,0.12446125841134373,0.40456816946251983,0.0
0.1115,1.3986081916233868,0.12497163208265434,0.4041804665004576,0.0
0.11175,1.3981725947010004,0.125482826402266,0.403792201251606,0.0
0.112,1.3977361479515642,0.12599483371117692,0.4034033765857854,0.0
0.11225,1.3972988571353322,0.12650767249885397,0.4030140011250005,0.0
0.1125,1.3968607165323121,0.1270213527424489,0.40262407131907096,0.0
0.11275,1.3964217293635883,0.12753578864035772,0.4022335838307798,0.0
0.113,1.3959818895150935,0.1280510707789138,0.40184254200739566,0.0
0.11325,1.39554121190144,0.1285671063060861,0.40145095345476167,0.0
0.1135,1.3950996809625626,0.1290840414941969,0.4010588173200722,0.0
0.11375,1.3946573121009025,0.12960171741400622,0.4006661355773453,0.0
0.114,1.3942141000791584,0.13012020414917588,0.4002729106811145,0.0
0.11425,1.3937700293743953,0.13063950125528992,0.39987912837878037,0.0
0.1145,1.3933251298722797,0.13115962513946133,0.39948482121112305,0.0
0.11475,1.3928793877238603,0.13168048093265783,0.39908996773068606,0.0
0.115,1.3924327881229197,0.13220223815452564,0.3986945703808369,0.0
0.11525,1.3919853572353507,0.13272472907325006,0.39829864065770826,0.0
0.1155,1.3915370887635956,0.13324803636916566,0.39790218134206423,0.0
0.11575,1.3910879806178942,0.1337720669085522,0.39750518271116153,0.0
0.116,1.3906380305060313,0.1342970201397384,0.39710766281919274,0.0
0.11625,1.390187233521474,0.13482267656029695,0.3967095970032468,0.0
0.1165,1.389735603000102,0.1353491363783429,0.39631100939741226,0.0
0.11675,1.3892831292485521,0.13587638575590028,0.39591189027844287,0.0
0.117,1.3888298319413122,0.13640444682071043,0.3955122626485936,0.0
0.11725,1.3883756848860687,0.13693324595925604,0.39511209450416507,0.0
0.1175,1.387920700961312,0.13746289961516167,0.3947114113419834,0.0
0.11775,1.3874648798683715,0.13799330727358192,0.3943102042660578,0.0
0.118,1.3870082286485783,0.1385244184022759,0.3939084764906753,0.0
0.11825,1.3865507384188263,0.13905639917785567,0.3935062369297466,0.0
0.1185,1.386092429537506,0.13958919379839052,0.39310350162738117,0.0
0.11875,1.3856332590686944,0.14012264570269578,0.39270021342572314,0.0
0.119,1.3851732803103338,0.1406569855122124,0.392296449776079,0.0
0.11925,1.3847124509794457,0.14119203241956696,0.39189215168283487,0.0
0.1195,1.3842507979837293,0.1417278842020791,0.3914873570676054,0.0
0.11975,1.3837883132047204,0.14226449334474572,0.39108205431189513,0.0
0.12,1.383324996711318,0.14280186285232815,0.3906762450550678,0.0
0.12025,1.3828608471843753,0.1433400189943373,0.39026993196313686,0.0
0.1205,1.3823958682377535,0.14387892738720703,0.3898631163776185,0.0
0.12075,1.3819300641064074,0.14441858900809876,0.38945580387870904,0.0
0.121,1.3814634216230677,0.14495907979312295,0.3890479905665545,0.0
0.12125,1.380995960555266,0.14550029652753943,0.38863968665725657,0.0
0.1215,1.3805276671256896,0.14604224946567057,0.388230880771816,0.0
0.12175,1.3800585425572658,0.14658497388042194,0.387821579113399,0.0
0.122,1.3795886004302185,0.1471285155307781,0.3874118013478549,0.0
0.12225,1.3791178174524643,0.147672724637044,0.3870015097383914,0.0
0.1225,1.3786462215754351,0.14821775197474255,0.38659074937945204,0.0
0.12275,1.37817380355339,0.1487634825491927,0.38617950011568913,0.0
0.123,1.3777005474562167,0.14931000177926596,0.38576775654958984,0.0
0.12325,1.3772264826079699,0.1498572705638534,0.38535554495500124,0.0
0.1235,1.376751582811693,0.15040527587428237,0.38494283917615935,0.0
0.12375,1.3762758646345872,0.15095403500415397,0.3845296588588183,0.0
0.124,1.375799325478341,0.15150351328053552,0.3841159989404801,0.0
0.12425,1.3753219596173727,0.15205380584127393,0.38370186545967555,0.0
0.1245,1.3748437755540248,0.1526048300486036,0.3832872591525627,0.0
0.12475,1.3743647653685391,0.1531565062884932,0.3828721646287543,0.0
0.125,1.3738849462043783,0.15370900600916815,0.3824566191875005,0.0
0.12525,1.3734042969032876,0.1542622388077048,0.38204059313551975,0.0
0.1255,1.3729228331624768,0.15481621126149198,0.3816241041210322,0.0
0.12575,1.3724405486288083,0.15537089309804353,0.3812071437487672,0.0
0.126,1.3719574633904335,0.1559262916673124,0.3807897340963369,0.0
0.12625,1.371473533090957,0.15648247269583815,0.3803718398424376,0.0
0.1265,1.3709887988573064,0.1570394012863615,0.37995349927038435,0.0
0.12675,1.3705032583376155,0.15759702520261215,0.3795347054230762,0.0
0.127,1.3700168823825671,0.15815534004535742,0.3791154301211017,0.0
0.12725,1.3695297072684205,0.15871441351941803,0.3786957184779889,0.0
0.1275,1.3690417125808856,0.1592742871083178,0.37827555638205634,0.0
0.12775,1.368552902944029,0.15983477333144117,0.3778549281119701,0.0
0.128,1.3680632790422553,0.16039604497744414,0.3774338556563266,0.0
0.12825,1.3675728436842574,0.16095801057083803,0.377012332533579,0.0
0.1285,1.3670815960553413,0.16152074186100054,0.3765903676564597,0.0
0.12875,1.3665895445381557,0.16208413482732764,0.3761679585006066,0.0
0.129,1.3660966715060128,0.16264830910096698,0.37574510297264396,0.0
0.12925,1.3656029842755557,0.1632131638300237,0.3753217978021399,0.0
0.1295,1.365108502796879,0.16377872561501203,0.37489806726622965,0.0
0.12975,1.3646132027043345,0.1643449953402883,0.3744738886164336,0.0
0.13,1.3641170806748018,0.16491200026442038,0.3740492631707044,0.0
0.13025,1.3636201674792265,0.16547968289368525,0.37362421593631945,0.0
0.1305,1.3631224417751049,0.166048127430759,0.3731987372169354,0.0
0.13075,1.3626239085219647,0.1666172451824806,0.3727728225995277,0.0
0.131,1.3621245700785072,0.16718708936230023,0.3723464822197766,0.0
0.13125,1.3616244207826456,0.1677576013405177,0.37191970467633384,0.0
0.1315,1.3611234660303386,0.16832887260604187,0.3714925078655238,0.0
0.13175,1.3606217168781667,0.16890079712964667,0.3710648911380965,0.0
0.132,1.360119148838947,0.16947343518524685,0.3706368389445358,0.0
0.13225,1.3596157894532621,0.17004674929747224,0.37020837534925843,0.0
0.1325,1.3591116158112064,0.1706208331463987,0.3697794906248668,0.0
0.13275,1.3586066477111554,0.17119556595791435,0.3693501907870733,0.0
0.133,1.3581008713783682,0.17177097105116967,0.36892046640210063,0.0
0.13325,1.3575943001907886,0.17234709125361874,0.3684903374792605,0.0
0.1335,1.3570869195696555,0.17292393940288886,0.3680597925842535,0.0
0.13375,1.3565787390225135,0.1735014055980745,0.3676288286345899,0.0
0.134,1.356069766103365,0.1740796203047586,0.36719747101327105,0.0
0.13425,1.3555599889235825,0.17465848597244338,0.36676569692566163,0.0
0.1345,1.3550494079469795,0.1752380585550586,0.36633351534082115,0.0
0.13475,1.3545380411232202,0.17581830321048758,0.3659009409886742,0.0
0.135,1.3540258628908413,0.1763992293805295,0.3654679511080925,0.0
0.13525,1.353512899785024,0.17698086381919054,0.36503457686706664,0.0
0.1355,1.352999131102481,0.17756315555640584,0.3646007925306276,0.0
0.13575,1.352484568484948,0.17814610696245492,0.3641666113110211,0.0
0.136,1.35196921184914,0.17872977023099318,0.3637320413317304,0.0
0.13625,1.3514530618142284,0.17931410183190563,0.3632970789240457,0.0
0.1365,1.350936106862738,0.17989909293441264,0.3628617128909577,0.0
0.13675,1.3504183689793554,0.1804847520319057,0.36242596752736667,0.0
0.137,1.349899826894246,0.18107114849459482,0.36198983236522975,0.0
0.13725,1.3493804975965247,0.1816581408965323,0.361553306869705,0.0
0.1375,1.3488603799623853,0.18224582186552873,0.36111640362597663,0.0
0.13775,1.3483394762657563,0.18283419696939335,0.36067912706782446,0.0
0.138,1.3478177605665143,0.18342316942956416,0.36024143988562574,0.0
0.13825,1.347295274242261,0.18401287848106557,0.3598034032324,0.0
0.1385,1.3467719833403329,0.18460323557526237,0.3593649729543975,0.0
0.13875,1.3462479192039005,0.18519424018384173,0.3589261814234437,0.0
0.139,1.3457230499313524,0.1857858873140516,0.3584869977447742,0.0
0.13925,1.3451974067290868,0.18637819605547157,0.3580474568421945,0.0
0.1395,1.3446709592571349,0.186971183404691,0.35760753242358456,0.0
0.13975,1.3441437413203967,0.18756482852220613,0.35716725654185977,0.0
0.14,1.3436157156275215,0.18815910522114548,0.35672659005375085,0.0
0.14025,1.3430869254840752,0.1887540582036659,0.35628558345748806,0.0
0.1405,1.342557334168461,0.1893496410340068,0.3558441953591982,0.0
0.14075,1.3420269771847366,0.1899458938028421,0.35540246792757557,0.0
0.141,1.3414958058511846,0.19054274935012444,0.3549603449718457,0.0
0.14125,1.34096387784605,0.19114030989453434,0.3545178993850522,0.0
0.1415,1.340431152237806,0.19173849257550707,0.35407508042379265,0.0
0.14175,1.3398976492656816,0.1923373449486966,0.35363191627916835,0.0
0.142,1.3393633524602917,0.1929367783570217,0.3531883794787989,0.0
0.14225,1.3388282902345083,0.1935368921941767,0.35274451370997517,0.0
0.1425,1.3382924358606825,0.19413765268823394,0.35230028916406586,0.0
0.14275,1.3377558144269743,0.19473901534224547,0.35185572570805235,0.0
0.143,1.337218388184474,0.19534106460020756,0.35141079957865684,0.0
0.14325,1.3366802064116836,0.1959437291056635,0.3509655507038716,0.0
0.1435,1.3361412316943304,0.19654700572786954,0.35051994301981093,0.0
0.14375,1.335601491149282,0.19715091443205096,0.3500740076831268,0.0
0.144,1.335060949642014,0.1977554863478495,0.34962771594233,0.0
0.14425,1.3345196549135943,0.19836064844478535,0.34918110578310957,0.0
0.1445,1.3339775773407845,0.1989664890650979,0.34873416232365084,0.0
0.14475,1.333434724675509,0.19957288763946468,0.3482868769112917,0.0
0.145,1.332891082442781,0.20017997401203996,0.34783925586508624,0.0
0.14525,1.3323466827576684,0.20078765745159563,0.34739131897168707,0.0
0.1455,1.3318014943767595,0.20139596998931097,0.34694304153965816,0.0
0.14575,1.3312555467195835,0.2020049130685748,0.3464944543426458,0.0
0.146,1.3307088035627617,0.20261441690215545,0.34604551253515825,0.0
0.14625,1.3301613152712068,0.20322462915643058,0.3455962895830962,0.0
0.1465,1.3296130347865462,0.20383540116613638,0.3451467180359358,0.0
0.14675,1.3290640028450253,0.20444679044167396,0.3446968482822972,0.0
0.147,1.328514167300082,0.20505880884792482,0.3442466320594446,0.0
0.14725,1.3279635876789455,0.2056714355952265,0.3437961265091285,0.0
0.1475,1.3274122239156099,0.20628466719673846,0.34334529296121574,0.0
0.14775,1.3268600989718045,0.20689849541139876,0.3428941542977122,0.0
0.148,1.3263072033264285,0.20751293632928186,0.34244270504911034,0.0
0.14825,1.32575353227841,0.20812799157077674,0.34199094230325056,0.0
0.1485,1.3251991011358297,0.20874367991069287,0.34153888559141987,0.0
0.14875,1.3246439036213098,0.2093599204043773,0.3410865175941591,0.0
0.149,1.3240879297448374,0.20997677670296042,0.34063383981254725,0.0
0.14925,1.3235312001587822,0.21059424758206613,0.340180873952618,0.0
0.1495,1.3229736984808145,0.21121230342576958,0.3397276006675478,0.0
0.14975,1.3224154379615323,0.21183097479180257,0.33927403933632494,0.0
0.15,1.3218564119573304,0.21245020680993526,0.33882017620227556,0.0
0.15025,1.321296611752007,0.2130700734724787,0.33836601587043513,0.0
0.1505,1.3207360618467154,0.21369054488240435,0.33791157930354654,0.0
0.15075,1.320174747750688,0.21431153374880668,0.33745683971347584,0.0
0.151,1.3196126534654082,0.214933172349861,0.33700180394881696,0.0
0.15125,1.3190498143623328,0.21555539179800004,0.3365464973963659,0.0
0.1515,1.31848621027794,0.2161781996984544,0.3360909028647523,0.0
0.15175,1.3179218389205904,0.21680159192284315,0.3356350189195063,0.0
0.152,1.3173567157422377,0.21742555951335069,0.3351788608425721,0.0
0.15225,1.3167908392221017,0.21805010674407188,0.33472242931268226,0.0
0.1525,1.3162241905807048,0.21867524859174298,0.33426570975068226,0.0
0.15275,1.3156567834467356,0.2193009714583936,0.3338087148883102,0.0
0.153,1.3150886365418077,0.21992724175795436,0.33335145915420683,0.0
0.15325,1.3145197119501804,0.22055411467353137,0.332893915735611,0.0
0.1535,1.3139500355716434,0.22118158315485958,0.3324361105530025,0.0
0.15375,1.3133796014033443,0.22180956363088278,0.3319780253069231,0.0
0.154,1.3128084177401969,0.22243818488625744,0.3315196910992386,0.0
0.15425,1.3122364870812226,0.2230673473034196,0.3310610953146562,0.0
0.1545,1.3116637776348083,0.22369707629180224,0.3306022123462429,0.0
0.15475,1.3110903338809077,0.22432735477961047,0.33014308467110687,0.0
0.155,1.3105161340214693,0.22495826142972422,0.329683705591695,0.0
0.15525,1.3099411720092315,0.22558966237955427,0.3292240480436097,0.0
0.1555,1.3093654697594976,0.22622168146046703,0.32876415610946963,0.0
0.15575,1.3087890066766998,0.22685423351827583,0.3283039965546093,0.0
0.156,1.3082117938382232,0.2274873536763567,0.3278435877843797,0.0
0.15625,1.3076338287556164,0.22812105161346147,0.3273829305423903,0.0
0.1565,1.3070551139716486,0.22875527506554277,0.32692201987522673,0.0
0.15675,1.3064756566775262,0.22939006728332056,0.3264608718161346,0.0
0.157,1.3058954516245191,0.23002541611214794,0.32599948063005435,0.0
0.15725,1.3053144875706844,0.23066133136204248,0.325537838482036,0.0
0.1575,1.3047327719063895,0.23129778187372163,0.3250759487615169,0.0
0.15775,1.3041503139112969,0.23193476664316925,0.32461382193179444,0.0
0.158,1.3035671251182785,0.2325723748502092,0.32415148651224945,0.0
0.15825,1.30298317719601,0.23321044100740718,0.3236888871070416,0.0
0.1585,1.3023984804744924,0.2338491197396571,0.32322606260052145,0.0
0.15875,1.3018130403267365,0.23448830505397233,0.3227630011350582,0.0
0.159,1.3012268507430473,0.23512803023750378,0.3222997041888942,0.0
0.15925,1.300639921124741,0.2357683105467201,0.32183618526708035,0.0
0.1595,1.3000522619109587,0.23640912653058782,0.32137245271980586,0.0
0.15975,1.2994638455591216,0.23705049042419035,0.32090848317574605,0.0
0.16,1.2988746904937578,0.23769242768096924,0.3204443009010747,0.0
0.16025,1.298284791837467,0.2383348473242443,0.31997988627309226,0.0
0.1605,1.2976941446900088,0.23897782257726105,0.31951524919058905,0.0
0.16075,1.29710277083709,0.23962130458170694,0.31905040378398564,0.0
0.161,1.296510648899825,0.24026534590941712,0.3185853401109908,0.0
0.16125,1.2959177886249402,0.2409099256458669,0.31812006552865,0.0
0.1615,1.2953241864606908,0.2415550031745112,0.31765457066284597,0.0
0.16175,1.2947298533722722,0.24220063166728883,0.31718887756973535,0.0
0.162,1.2941347708494901,0.24284679569309003,0.316722966800558,0.0
0.16225,1.2935389586838828,0.24349344218812236,0.31625684956303446,0.0
0.1625,1.2929424179005653,0.24414067355245267,0.3157905473475653,0.0
0.16275,1.2923451293600654,0.24478837188674446,0.3153240210653978,0.0
0.163,1.2917471097187812,0.24543661945116318,0.314857303905804,0.0
0.16325,1.2911483464871987,0.2460853569032954,0.3143903740969991,0.0
0.1635,1.2905488555503672,0.24673466205944972,0.31392326336965115,0.0
0.16375,1.2899486360742356,0.24738441095013194,0.3134559492007809,0.0
0.164,1.2893476777206243,0.2480347594911887,0.31298845233285233,0.0
0.16425,1.2887459823043614,0.24868556706239497,0.3125207496153264,0.0
0.1645,1.2881435596508086,0.24933690738516287,0.31205286618118167,0.0
0.16475,1.2875404038790625,0.2499887235824386,0.3115847870189088,0.0
0.165,1.2869365154550854,0.2506410771181558,0.31111652584757943,0.0
0.16525,1.2863319014422383,0.25129394360899826,0.31064808654442655,0.0
0.1655,1.2857265594337886,0.25194729225859375,0.31017946240577476,0.0
0.16575,1.2851204711149196,0.2526011221103903,0.3097106368087803,0.0
0.166,1.2845136708885025,0.25325555812362477,0.30924166921923346,0.0
0.16625,1.2839061383113437,0.2539104196666783,0.30877250628551023,0.0
0.1665,1.2832978705448674,0.2545657762278819,0.3083031601931929,0.0
0.16675,1.282688877325826,0.2552216508580849,0.30783364656293877,0.0
0.167,1.282079162785061,0.2558780438591769,0.30736397111777625,0.0
0.16725,1.2814687153336848,0.2565348875813048,0.30689411083121687,0.0
0.1675,1.2808575535361357,0.2571922534507246,0.306424099473688,0.0
0.16775,1.2802456556011836,0.2578500820332824,0.30595390557640845,0.0
0.168,1.2796330457861624,0.2585084272926558,0.3054835651394825,0.0
0.16825,1.2790196914291578,0.25916725758962333,0.3050130414942467,0.0
0.1685,1.2784056255904357,0.25982658387849866,0.30454237080718993,0.0
0.16875,1.2777908474641952,0.2604863813470962,0.3040715489307213,0.0
0.169,1.2771753191394257,0.2611467137659229,0.3036005530566619,0.0
0.16925,1.2765590947656527,0.26180743052915945,0.3031294076603379,0.0
0.1695,1.2759421378925353,0.26246872563263235,0.30265811753698135,0.0
0.16975,1.2753244686920304,0.26313041544542237,0.30218666710156805,0.0
0.17,1.274706063924401,0.2637926939667705,0.30171507435225053,0.0
0.17025,1.2740869575033167,0.2644553677365947,0.30124333497034894,0.0
0.1705,1.2734671157629645,0.2651185622624212,0.3007714430236146,0.0
0.17075,1.2728465661506223,0.26578217456811504,0.3002994060137021,0.0
0.171,1.2722252920513875,0.2664463221283555,0.29982723325485283,0.0
0.17125,1.271603313369698,0.2671109066408869,0.2993549257301913,0.0
0.1715,1.2709806002999477,0.2677759904545514,0.29888246866401724,0.0
0.17175,1.2703571788354164,0.26844152260363685,0.2984098786116951,0.0
0.172,1.269733047382648,0.26910754054955,0.29793716334661347,0.0
0.17225,1.2691081937394253,0.26977395519800385,0.29746429404424113,0.0
0.1725,1.2684826283733757,0.2704409213658344,0.29699131471040663,0.0
0.17275,1.2678563466203618,0.2711083219924011,0.2965181980670639,0.0
0.173,1.2672293524365332,0.2717761869702432,0.2960449558100984,0.0
0.17325,1.266601644344997,0.27244445911068305,0.2955715760843023,0.0
0.1735,1.2659732227132172,0.273113302486245,0.2950980953664599,0.0
0.17375,1.2653440947630072,0.27378251900327544,0.29462448063652547,0.0
0.174,1.2647142530075244,0.2744522032343174,0.294150746095891,0.0
0.17425,1.264083694845649,0.27512237231459313,0.29367689448433665,0.0
0.1745,1.2634524355542487,0.27579297141351633,0.2932029307069559,0.0
0.17475,1.2628204608071365,0.276464011552756,0.29272884469906946,0.0
0.175,1.2621877808281368,0.2771355584254591,0.2922546621373232,0.0
0.17525,1.2615543893259757,0.2778074761038105,0.29178034936548136,0.0
0.1755,1.2609202909948505,0.27847989581186994,0.2913059407491039,0.0
0.17575,1.2602854892043858,0.27915273693577813,0.29083142386520544,0.0
0.176,1.2596499642947934,0.27982604519083587,0.29035679101363976,0.0
0.17625,1.2590137462480462,0.2804997803345991,0.28988206438003394,0.0
0.1765,1.258376828263652,0.2811739561938461,0.28940724193428813,0.0
0.17675,1.2577391980083634,0.281848550384018,0.2889323083701074,0.0
0.177,1.2571008633731866,0.28252367925754074,0.28845729849103985,0.0
0.17725,1.2564618180882943,0.283199113012941,0.28798215745601796,0.0
0.1775,1.2558220799823687,0.283875107061786,0.28750696036199486,0.0
0.17775,1.255181636656482,0.28455144043964287,0.2870316481174504,0.0
0.178,1.2545404851278195,0.2852282354073504,0.2865562463795881,0.0
0.17825,1.2538986442148528,0.2859054528656221,0.2860807664925802,0.0
0.1785,1.2532560898803315,0.2865831307671122,0.2856051950977865,0.0
0.17875,1.2526128353736172,0.2872612188283933,0.28512953556655396,0.0
0.179,1.2519688872101085,0.28793975633593827,0.28465380465747137,0.0
0.17925,1.2513242323297966,0.2886186748942767,0.2841779759493943,0.0
0.1795,1.250678881086567,0.28929806354293974,0.28370208115654383,0.0
0.17975,1.2500328287703768,0.28997784426185746,0.2832260997838316,0.0
0.18,1.2493860955354656,0.290658065187,0.2827500639546294,0.0
0.18025,1.2487386509599854,0.2913386857891519,0.2822739365044875,0.0
0.1805,1.2480904983415737,0.29201977815201396,0.28179773867894986,0.0
0.18075,1.2474416604437586,0.29270122159316836,0.28132146681963244,0.0
0.181,1.2467921322558753,0.2933831211166684,0.28084514161990315,0.0
0.18125,1.2461419021013131,0.294065382839963,0.280368731872773,0.0
0.1815,1.2454909817408666,0.2947481395345659,0.27989228115373654,0.0
0.18175,1.2448393665032556,0.29543125443883156,0.27941575513807404,0.0
0.182,1.2441870517752223,0.2961147772112676,0.2789391623873272,0.0
0.18225,1.2435340495735892,0.2967987181615558,0.2784625186337033,0.0
0.1825,1.2428803536737134,0.2974830974476578,0.277985824183957,0.0
0.18275,1.242225969942457,0.2981678301157239,0.2775090666274729,0.0
0.183,1.241570889918715,0.2988529888618717,0.27703225630569883,0.0
0.18325,1.2409151192052987,0.29953855934826995,0.2765553969995731,0.0
0.1835,1.2402586599725622,0.3002245201036402,0.27607848744048535,0.0
0.18375,1.2396015091055683,0.3009108779901941,0.27560152785641945,0.0
0.184,1.2389436688200703,0.30159765547619743,0.2751245273690235,0.0
0.18425,1.238285146564487,0.3022848056600631,0.27464748379117565,0.0
0.1845,1.2376259261682754,0.30297236789004955,0.2741703923843095,0.0
0.18475,1.2369660253022994,0.3036602956153808,0.273693260909152,0.0
0.185,1.236305438411762,0.3043486418235161,0.27321609824346704,0.0
0.18525,1.2356441634229656,0.30503736284699023,0.2727388936203241,0.0
0.1855,1.234982196665418,0.30572650784192956,0.272261656923513,0.0
0.18575,1.2343195559568878,0.3064160237138889,0.2717843943869729,0.0
0.186,1.233656219493167,0.3071058946953368,0.27130708267153003,0.0
0.18625,1.2329922097150385,0.30779618405198517,0.2708297604852261,0.0
0.1865,1.232327509941595,0.3084868519810432,0.27035240370695,0.0
0.18675,1.231662123557148,0.30917788697947246,0.2698750144807145,0.0
0.187,1.2309960610399044,0.3098692902471748,0.2693976049032265,0.0
0.18725,1.230329318319681,0.3105611395846959,0.2689201917130628,0.0
0.1875,1.2296618883500021,0.31125332662304783,0.2684427432858003,0.0
0.18775,1.228993793383661,0.3119459103851755,0.2679652973096689,0.0
0.188,1.2283249853613345,0.3126387936915593,0.26748778494462644,0.0
0.18825,1.2276555234184954,0.31333211648588694,0.26701029964300815,0.0
0.1885,1.2269853741330747,0.3140258333267215,0.26653279954884046,0.0
0.18875,1.2263145539454834,0.3147198395410197,0.2660552762890076,0.0
0.189,1.2256430470785187,0.31541430209072246,0.265577757711984,0.0
0.18925,1.224970868144141,0.316109063113152,0.2651002203715267,0.0
0.1895,1.2242980171641686,0.31680424668082074,0.2646226969128449,0.0
0.18975,1.2236244739825919,0.3174997287242215,0.26414513845093324,0.0
0.19,1.2229502666927512,0.3181956480006587,0.2636676086734322,0.0
0.19025,1.2222753800736306,0.3188919038911485,0.2631900692696485,0.0
0.1905,1.2215998219371667,0.3195885099173529,0.2627125328546125,0.0
0.19075,1.2209235926280306,0.32028546971597516,0.2622350023458073,0.0
0.191,1.2202466749677652,0.3209827906484767,0.2617574646747174,0.0
0.19125,1.2195690978291536,0.32168046664054667,0.26127994790922426,0.0
0.1915,1.2188908459108405,0.322378535528959,0.2608024486076479,0.0
0.19175,1.2182119227368935,0.3230769166265107,0.2603249512547201,0.0
0.192,1.2175323208006128,0.32377563209656035,0.2598474558983932,0.0
0.19225,1.2168520611897997,0.32447472910406805,0.2593699967241647,0.0
0.1925,1.216171113846989,0.3251741981905912,0.258892543994411,0.0
0.19275,1.2154895150967366,0.32587394082133186,0.2584151090226645,0.0
0.193,1.2148072350064285,0.32657410803751885,0.2579377036500914,0.0
0.19325,1.2141242968820047,0.3272745401958368,0.25746031068166064,0.0
0.1935,1.2134406792299888,0.3279753933019731,0.25698295160344986,0.0
0.19375,1.2127564114279386,0.32867654730019036,0.2565056252181068,0.0
0.194,1.212071450008454,0.3293780641854488,0.25602830744062044,0.0
0.19425,1.2113858463718135,0.33007987695281477,0.25555103200114493,0.0
0.1945,1.2106995604435602,0.3307820828591356,0.25507378747181964,0.0
0.19475,1.2100126231675548,0.33148456793600495,0.25459657539965685,0.0
0.195,1.2093250114103986,0.33218745650608805,0.2541194079842417,0.0
0.19525,1.2086367408004994,0.332890611479535,0.25364226572977056,0.0
0.1955,1.2079477993375276,0.3335941596058798,0.2531651723725523,0.0
0.19575,1.2072582158811311,0.3342979671253826,0.2526881218550192,0.0
0.196,1.2065679401945348,0.33500218153053973,0.2522111067769297,0.0
0.19625,1.2058770238624756,0.3357066496911413,0.2517341376371711,0.0
0.1965,1.2051854366707118,0.33641151082941306,0.2512572243074973,0.0
0.19675,1.2044931951095794,0.33711662781256807,0.25078034754828193,0.0
0.197,1.2038002827220022,0.3378221405854148,0.25030353088811363,0.0
0.19725,1.2031067221501925,0.33852792438706214,0.24982676418485816,0.0
0.1975,1.2024124908816765,0.33923402011900783,0.24935003847375814,0.0
0.19775,1.2017176127427294,0.33994046766824826,0.24887338923310853,0.0
0.198,1.201022073013473,0.34064719678130795,0.24839678489675032,0.0
0.19825,1.2003258795851068,0.3413542901166674,0.24792025730124845,0.0
0.1985,1.199629011370141,0.3420616470314829,0.24744376037190263,0.0
0.19875,1.1989315090795267,0.34276932439864866,0.24696735049977048,0.0
0.199,1.1982333378089498,0.3434773328381797,0.24649099876830505,0.0
0.19925,1.197534523538735,0.34418564469278684,0.246014724262813,0.0
0.1995,1.1968350358303863,0.34489427121383254,0.2455385025390595,0.0
0.19975,1.1961349126184007,0.3456032012839064,0.2450623686877349,0.0
0.2,1.1954341232307495,0.3463124216574983,0.24458629125454845,0.0
0.20025,1.1947326901611415,0.347021946257849,0.24411029741107093,0.0
0.2005,1.1940305920923582,0.34773181980736645,0.24363438090098244,0.0
0.20075,1.193327850624454,0.34844195745439965,0.2431585404889567,0.0
0.201,1.1926244582638832,0.34915237827116086,0.24268277597367072,0.0
0.20125,1.1919204144290214,0.34986313051247264,0.2422071020665748,0.0
0.2015,1.1912157152734872,0.3505741680810269,0.2417315038446235,0.0
0.20175,1.190510372177335,0.3512855017075269,0.2412559969529755,0.0
0.202,1.1898043872822957,0.35199709493584874,0.24078057481549742,0.0
0.20225,1.1890977491290342,0.3527090125792953,0.24030524651732277,0.0
0.2025,1.188390449185553,0.3534212414064947,0.2398300018924966,0.0
0.20275,1.1876825127893489,0.3541337332641694,0.23935485322858185,0.0
0.203,1.1869739326121707,0.35484651876023987,0.2388798039265403,0.0
0.20325,1.186264708531291,0.355559597084694,0.2384048553626792,0.0
0.2035,1.1855548196928778,0.3562729215576873,0.2379299758598068,0.0
0.20375,1.1848443068511738,0.3569865666886314,0.23745522758351756,0.0
0.204,1.184133130571103,0.35770050165779255,0.2369805656526529,0.0
0.20425,1.1834213224763022,0.35841467835574936,0.2365060081343784,0.0
0.2045,1.1827088692754453,0.35912918360299856,0.23603156916729207,0.0
0.20475,1.1819957751321422,0.359843922762743,0.23555722699497506,0.0
0.205,1.1812820414447698,0.36055897797886044,0.2350830085630209,0.0
0.20525,1.1805676616534173,0.3612742613077855,0.2346088836653104,0.0
0.2055,1.1798526319211082,0.3619898602830518,0.23413487593492377,0.0
0.20575,1.179136975473176,0.36270574264549393,0.23366099990072176,0.0
0.206,1.1784206614042545,0.3634218399613768,0.23318720759881106,0.0
0.20625,1.1777037234703354,0.36413821615774344,0.2327135517801513,0.0
0.2065,1.1769861324447173,0.3648549148362793,0.23224001917133097,0.0
0.20675,1.1762679169839092,0.36557181364353797,0.23176660267125704,0.0
0.207,1.175549060239566,0.36628902214587755,0.23129332036469274,0.0
0.20725,1.1748295557818258,0.367006471964847,0.2308201475449636,0.0
0.2075,1.1741094281522289,0.3677242102822156,0.23034712341827857,0.0
0.20775,1.1733886547492676,0.3684421556694172,0.229874203798349,0.0
0.208,1.1726672517819479,0.36916043278122235,0.22940144319625944,0.0
0.20825,1.1719452177976373,0.3698788867761045,0.22892879549690837,0.0
0.2085,1.1712225332807205,0.3705976886105762,0.22845629522096145,0.0
0.20875,1.1704992294462833,0.371316626209384,0.22798390992466278,0.0
0.209,1.169775276118973,0.37203594670767726,0.22751168722008397,0.0
0.20925,1.169050710536988,0.37275543312535697,0.227039598681114,0.0
0.2095,1.1683254957454126,0.37347518524190465,0.22656764102117055,0.0
0.20975,1.1675996654513927,0.37419521395359157,0.22609585143575894,0.0
0.21,1.1668731836920254,0.37491545152289674,0.22562417674023583,0.0
0.21025,1.1661460837949171,0.375635959704519,0.22515266925120692,0.0
0.2105,1.1654183525480346,0.3763567112548786,0.2246813097954763,0.0
0.21075,1.1646899918483828,0.3770777036719679,0.22421010113391504,0.0
0.211,1.1639609970635223,0.37779891768735085,0.22373903463558875,0.0
0.21125,1.1632313771666292,0.3785203778661085,0.22326812812435937,0.0
0.2115,1.162501130754845,0.37924211427544374,0.22279739133120557,0.0
0.21175,1.161770246644426,0.37996403301683934,0.2223267862460807,0.0
0.212,1.1610387508130744,0.3806862459132618,0.22185637401337654,0.0
0.21225,1.1603066141056873,0.381408656567043,0.2213860986771059,0.0
0.2125,1.1595738607917454,0.3821313045355403,0.22091599733049128,0.0
0.21275,1.1588404841772064,0.38285416304433384,0.2204460569514899,0.0
0.213,1.1581064867256057,0.38357730339962337,0.21997630398268475,0.0
0.21325,1.157371852347691,0.3843006238357893,0.21950669292435698,0.0
0.2135,1.1566366016192595,0.3850242067972659,0.21903727097460535,0.0
0.21375,1.1559007246523092,0.38574797979741643,0.2185680076095553,0.0
0.214,1.1551642187421716,0.38647203350791615,0.21809893068911101,0.0
0.21425,1.15442710287074,0.387196246271518,0.2176300213814064,0.0
0.2145,1.1536893637322874,0.3879206996953729,0.21716129466934575,0.0
0.21475,1.1529509973700343,0.3886453728134357,0.21669274188097765,0.0
0.215,1.1522120189076979,0.3893702806328838,0.21622438388460363,0.0
0.21525,1.151472421566505,0.39009540558228806,0.21575621038292092,0.0
0.2155,1.1507321945112112,0.3908207154663845,0.215288202494472,0.0
0.21575,1.1499913491385088,0.39154626504976797,0.21482039033259182,0.0
0.216,1.149249906020936,0.3922720161391513,0.21435278281684056,0.0
0.21625,1.1485078151955537,0.39299800346872804,0.2138853456136911,0.0
0.2165,1.1477651301703973,0.39372416449662634,0.21341811085199947,0.0
0.21675,1.1470218298211994,0.39445054349954833,0.21295107459182439,0.0
0.217,1.146277895759618,0.39517715971317063,0.212484227471049,0.0
0.21725,1.1455333595149912,0.3959039212822202,0.21201757109719344,0.0
0.2175,1.1447882052647684,0.3966309333544893,0.21155112653448627,0.0
0.21775,1.1440424398380977,0.3973581235491592,0.21108487832241396,0.0
0.218,1.1432960524122486,0.39808555151288316,0.21061883753093302,0.0
0.21825,1.1425490546281933,0.39881311372771266,0.2101529828550488,0.0
0.2185,1.1418014455549508,0.39954096073010487,0.20968736472384064,0.0
0.21875,1.1410532359191157,0.4002689130245316,0.20922193576502957,0.0
0.219,1.140304396658418,0.40099712654758,0.20875672181706384,0.0
0.21925,1.1395549530339477,0.4017255114908567,0.20829171873632957,0.0
0.2195,1.138804910889561,0.40245407747060136,0.20782693691558873,0.0
0.21975,1.1380542539846688,0.4031828357919862,0.20736236652045292,0.0
0.22,1.1373029704191824,0.403911786739244,0.20689799817183552,0.0
0.22025,1.1365510874963034,0.40464092332136703,0.20643385699979366,0.0
0.2205,1.13579860391399,0.40537027118066127,0.2059699521174032,0.0
0.22075,1.1350455120849303,0.40609977808071507,0.20550626056497423,0.0
0.221,1.1342918140878724,0.40682947960099647,0.20504279798651726,0.0
0.22125,1.1335375026374483,0.4075593561322265,0.20457955264750294,0.0
0.2215,1.1327825845958186,0.4082894346198396,0.204116541862029,0.0
0.22175,1.1320270703964082,0.40901962835606887,0.2036537477575564,0.0
0.222,1.1312709465333437,0.40975010428153724,0.2031912160704874,0.0
0.22225,1.1305142125862064,0.41048065754654345,0.20272887845900378,0.0
0.2225,1.1297568853604743,0.4112114562130355,0.202266809714152,0.0
0.22275,1.1289989516872545,0.4119423867124404,0.20180496041631524,0.0
0.223,1.1282404072838994,0.4126734905121541,0.2013433424294755,0.0
0.22325,1.127481271999088,0.4134047832207318,0.20088198150295433,0.0
0.2235,1.1267215343339863,0.41413624618096045,0.20042086216992638,0.0
0.22375,1.1259611943898353,0.4148678394337412,0.19995997244416652,0.0
0.224,1.125200251911323,0.41559963308468706,0.1994993380245904,0.0
0.22425,1.1244387029217258,0.41633156043063707,0.1990389338294658,0.0
0.2245,1.123676562579256,0.41706369803251797,0.1985788023765862,0.0
0.22475,1.122913830882677,0.41779596272507397,0.1981189164924242,0.0
0.225,1.1221504862710034,0.41852843990397653,0.19765928746313577,0.0
0.22525,1.1213865586520941,0.41926098533457834,0.1971998946497231,0.0
0.2255,1.1206220223601115,0.4199937575873145,0.19674077118262256,0.0
0.22575,1.1198568921386665,0.4207266473106288,0.19628189429904652,0.0
0.226,1.1190911709650493,0.4214597215481192,0.19582329205419957,0.0
0.22625,1.1183248486036839,0.42219289077304795,0.19536492504329206,0.0
0.2265,1.117557937231601,0.42292631179359585,0.1949068617581391,0.0
0.22675,1.1167904318813013,0.42365980602071635,0.19444903615815057,0.0
0.227,1.1160223240603817,0.424393452861681,0.19399147008385098,0.0
0.22725,1.1152536316869637,0.42512728175657016,0.19353419250756776,0.0
0.2275,1.1144843413389964,0.4258612604587086,0.19307718117869332,0.0
0.22775,1.1137144663837504,0.4265953459810754,0.19262043494363934,0.0
0.228,1.1129440002346622,0.427329558556488,0.1921639565405484,0.0
0.22825,1.1121729351116096,0.4280639482951516,0.1917077583975053,0.0
0.2285,1.1114012866766034,0.42879847975459084,0.19125184418168173,0.0
0.22875,1.1106290340193472,0.429533134602733,0.19079618950028476,0.0
0.229,1.1098562117699853,0.43026792353233917,0.19034083220952036,0.0
0.22925,1.1090827941810435,0.4310028549149947,0.18988575304241162,0.0
0.2295,1.1083087840483135,0.43173796712275236,0.1894309702769379,0.0
0.22975,1.1075341899626236,0.43247312095559165,0.18897644311619333,0.0
0.23,1.106759004629379,0.4332084880410011,0.18852222883671121,0.0
0.23025,1.1059832446887365,0.43394393611650106,0.18806829653202484,0.0
0.2305,1.1052068832809079,0.43467954296146394,0.18761465127400867,0.0
0.23075,1.104429940168545,0.4354152413763651,0.18716128860552628,0.0
0.231,1.1036524327523596,0.4361510899465424,0.1867082478780362,0.0
0.23125,1.1028743152016172,0.43688703536661705,0.1862554686082032,0.0
0.2315,1.1020956226950056,0.43762314612824516,0.18580301044932224,0.0
0.23175,1.1013163476338552,0.43835934244715186,0.18535083864494473,0.0
0.232,1.1005364811582536,0.43909567293883156,0.18489896461841693,0.0
0.23225,1.0997560463534595,0.4398321186043937,0.18444740450854202,0.0
0.2325,1.0989750317117002,0.44056866691652335,0.18399614467038483,0.0
0.23275,1.0981934216358562,0.44130538057296786,0.18354519569255223,0.0
0.233,1.0974112441503654,0.44204211904496005,0.18309453290825894,0.0
0.23325,1.096628481779161,0.44277903719836265,0.1826441995932575,0.0
0.2335,1.0958451415525388,0.44351605388364934,0.18219417369433355,0.0
0.23375,1.0950612251000165,0.4442531661863126,0.18174445731051025,0.0
0.234,1.094276725343748,0.4449904368152296,0.1812950691872226,0.0
0.23425,1.0934916578095433,0.4457277566481449,0.180845984345821,0.0
0.2345,1.0927059949235942,0.4464651973829362,0.18039720595066888,0.0
0.23475,1.0919197681908441,0.44720274448116315,0.17994875941179367,0.0
0.235,1.091132965822846,0.4479404023179979,0.17950063719108256,0.0
0.23525,1.0903455865085987,0.4486781557754038,0.17905283405316386,0.0
0.2355,1.0895576351777292,0.4494160034624632,0.17860535572440805,0.0
0.23575,1.0887691060650373,0.4501539671376087,0.17815820688538597,0.0
0.236,1.087980003026745,0.45089197180058205,0.17771136413821398,0.0
0.23625,1.087190328005736,0.4516301050845994,0.17726486447525747,0.0
0.2365,1.0864000739573059,0.4523683488267356,0.17681869619524093,0.0
0.23675,1.0856092614665305,0.4531066698862606,0.17637286728202062,0.0
0.237,1.0848178696828255,0.45384506864528773,0.1759273603062519,0.0
0.23725,1.0840259153561893,0.4545836004836562,0.1754822138137644,0.0
0.2375,1.0832333729829138,0.45532215435259027,0.17503736306052176,0.0
0.23775,1.0824402725806306,0.45606082869491926,0.1745928754995607,0.0
0.238,1.0816466050460156,0.4567995854448328,0.17414872970596984,0.0
0.23825,1.080852363393788,0.4575384423365732,0.1737049278544054,0.0
0.2385,1.0800575563207313,0.4582773655338854,0.17326146647973917,0.0
0.23875,1.0792621824607906,0.459016354273998,0.17281834568743903,0.0
0.239,1.0784662334397561,0.45975545671488915,0.17237557832328232,0.0
0.23925,1.0776697246565048,0.4604945829814402,0.1719331450200039,0.0
0.2395,1.0768726564456108,0.4612338613008744,0.1714910981355089,0.0
0.23975,1.0760750195633786,0.4619731927323286,0.17104939201197933,0.0
0.24,1.075276809453645,0.4627125094040331,0.1706079972850807,0.0
0.24025,1.0744780413388277,0.463451985643457,0.1701669984733747,0.0
0.2405,1.0736787127866656,0.46419153752550785,0.16972636193321988,0.0
0.24075,1.0728788188326481,0.4649310839573366,0.16928605256775464,0.0
0.241,1.072078352873,0.4656707882760388,0.16884613091395062,0.0
0.24125,1.0712773430414892,0.46641050497634307,0.16840656659671338,0.0
0.2415,1.0704757507767195,0.46715031267367846,0.16796735726307732,0.0
0.24175,1.069673611286364,0.46789015957714963,0.16752851618773845,0.0
0.242,1.068870907038641,0.4686300469197019,0.16709002942770845,0.0
0.24225,1.0680676475460167,0.4693700089266445,0.16665192110341143,0.0
0.2425,1.0672638221886355,0.4701100742999579,0.16621419478199084,0.0
0.24275,1.0664594482845913,0.4708501375308615,0.16577682548947004,0.0
0.243,1.0656545057775806,0.4715903013527698,0.1653398379932165,0.0
0.24325,1.0648490134018618,0.47233049307017977,0.16490322174283545,0.0
0.2435,1.064042959261512,0.4730707449809492,0.16446698060135034,0.0
0.24375,1.0632363542983232,0.47381105518760924,0.16403112549432497,0.0
0.244,1.0624291850491652,0.47455141907810416,0.1635956439387678,0.0
0.24425,1.0616214651345188,0.4752918033166671,0.16316053644128248,0.0
0.2445,1.0608131894275883,0.4760322608340454,0.16272582160125126,0.0
0.24475,1.0600043698980797,0.47677274619368354,0.1622914934370343,0.0
0.245,1.059194970335653,0.4775132646463428,0.16185752271849263,0.0
0.24525,1.0583850425769528,0.47825386424697147,0.1614239781482809,0.0
0.2455,1.0575745569685577,0.4789944852146204,0.16099080978845848,0.0
0.24575,1.0567635186580697,0.4797351669714075,0.1605580402529072,0.0
0.246,1.0559519209834316,0.4804758601266378,0.16012564474415103,0.0
0.24625,1.0551397769865687,0.4812165908789302,0.1596936476140609,0.0
0.2465,1.054327088738546,0.4819573576232581,0.15926205174459618,0.0
0.24675,1.053513841198689,0.48269814822959145,0.15883084007179105,0.0
0.247,1.0527000608985064,0.4834389937224808,0.15840005130659573,0.0
0.24725,1.051885715774135,0.4841798490813096,0.15796963919874174,0.0
0.2475,1.0510708190859601,0.4849207742968441,0.15753964255168462,0.0
0.24775,1.0502553868376214,0.4856616624074903,0.15711003276000035,0.0
0.248,1.049439400656699,0.4864026518765555,0.15668085287309785,0.0
0.24825,1.048622876453769,0.4871436331044485,0.15625207299117005,0.0
0.2485,1.0478057967640566,0.48788461180402876,0.1558236812626428,0.0
0.24875,1.0469881779212855,0.48862562314581537,0.15539570896795785,0.0
0.249,1.0461700161989715,0.48936670586655195,0.1549681708187618,0.0
0.24925,1.045351297596235,0.4901076970261017,0.1545409867433729,0.0
0.2495,1.0445320462901417,0.49084884464562667,0.1541142855094626,0.0
0.24975,1.0437122542462967,0.49158989400838343,0.15368795328505525,0.0
0.25,1.0428919174543074,0.4923310475453242,0.15326207423490623,0.0
0.25025,1.0420710271445683,0.49307214189970383,0.15283657242980353,0.0
0.2505,1.0412496124042543,0.4938132817394013,0.15241152048833984,0.0
0.25075,1.040427644351894,0.49455443582590775,0.15198688062265409,0.0
0.251,1.0396051416318222,0.4952955727097731,0.15156265780600187,0.0
0.25125,1.0387820917318504,0.49603673469206644,0.15113886054931114,0.0
0.2515,1.037958519235627,0.49677793406554827,0.15071551802704475,0.0
0.25175,1.0371343938531452,0.49751908736337014,0.15029256852507378,0.0
0.252,1.0363097321940864,0.49826029577791753,0.14987007239464978,0.0
0.25225,1.0354845365090077,0.499001441014986,0.14944798206978782,0.0
0.2525,1.034658807493662,0.49974264262499335,0.14902635164821976,0.0
0.25275,1.0338325331282168,0.5004837832984506,0.14860512096152334,0.0
0.253,1.0330057228003438,0.5012249773676103,0.14818434986522178,0.0
0.25325,1.0321783829478144,0.5019661665060225,0.14776402040729475,0.0
0.2535,1.0313505071700968,0.5027073134888406,0.1473441121456036,0.0
0.25375,1.0305221039756183,0.5034484623455602,0.14692465359344498,0.0
0.254,1.0296931521292123,0.5041896402819581,0.14650563928375138,0.0
0.25425,1.0288636803732485,0.5049307743276708,0.14608706460474763,0.0
0.2545,1.0280336603118159,0.5056719186368579,0.14566892950450172,0.0
0.25475,1.0272031219948756,0.5064130056502743,0.1452512327554003,0.0
0.255,1.0263720474134046,0.5071541577429971,0.14483401391974415,0.0
0.25525,1.025540440430137,0.5078952248220439,0.14441721166481658,0.0
0.2555,1.0247083097348137,0.5086362722230044,0.14400086427436465,0.0
0.25575,1.0238756518927628,0.509377315375446,0.14358497714770913,0.0
0.256,1.0230424531838356,0.5101183870618133,0.14316955428096767,0.0
0.25625,1.0222087325137077,0.5108593895278838,0.14275457063014318,0.0
0.2565,1.0213744812829937,0.5116003872094257,0.1423400488510147,0.0
0.25675,1.0205396958786574,0.5123413154238315,0.14192595835033228,0.0
0.257,1.0197043935720513,0.5130822626701975,0.14151235584066924,0.0
0.25725,1.0188685693499846,0.513823154121388,0.14109920485492222,0.0
0.2575,1.0180322018538175,0.5145640853471352,0.14068653097179418,0.0
0.25775,1.0171953214250413,0.515304903428377,0.14027429394261182,0.0
0.258,1.0163579181383546,0.5160457333463819,0.13986254288292832,0.0
0.25825,1.0155199870511957,0.5167865121534099,0.13945124654113528,0.0
0.2585,1.014681524404328,0.5175272680495963,0.1390404159389469,0.0
0.25875,1.0138425450818374,0.5182679481993329,0.1386300419138624,0.0
0.259,1.0130030491862776,0.5190086769373283,0.13822018274011127,0.0
0.25925,1.0121630239333306,0.5197492867970386,0.1378107523414842,0.0
0.2595,1.011322476441604,0.520489911044152,0.1374018194352986,0.0
0.25975,1.0104814132335413,0.5212304747775858,0.13699335720457162,0.0
0.26,1.0096398326260592,0.5219709243962418,0.13658534107221532,0.0
0.26025,1.008797723821968,0.5227114325670403,0.13617784229612195,0.0
0.2605,1.0079550924404006,0.5234518739860479,0.13577080995949253,0.0
0.26075,1.0071119572309386,0.5241922012804536,0.13536424035671457,0.0
0.261,1.0062682915481895,0.5249325821590889,0.1349581888279061,0.0
0.26125,1.0054241104279633,0.5256728582357102,0.13455259715694212,0.0
0.2615,1.0045794110665711,0.5264130981385801,0.1341474961532636,0.0
0.26175,1.0037342015933566,0.5271532355515407,0.13374286379262879,0.0
0.262,1.002888472563508,0.5278933528017994,0.133338731506645,0.0
0.26225,1.0020422355240526,0.5286334042063896,0.13293508985152225,0.0
0.2625,1.0011954648458596,0.5293734429952718,0.1325319425855438,0.0
0.26275,1.0003481934101672,0.5301133536189215,0.13212926635790367,0.0
0.263,0.9995004108366411,0.5308532501308638,0.13172710687564426,0.0
0.26325,0.9986521102937478,0.5315930409252559,0.13132541673663312,0.0
0.2635,0.9978032924646337,0.5323328448719877,0.1309242539545994,0.0
0.26375,0.9969539638177878,0.5330725000160236,0.13052354961996815,0.0
0.264,0.9961041393374781,0.5338121469024747,0.13012338467349993,0.0
0.26425,0.9952537814278807,0.5345516628453671,0.1297236696189219,0.0
0.2645,0.9944029300307968,0.5352911944237332,0.129324510528936,0.0
0.26475,0.9935515674662643,0.5360305946334616,0.1289258237801867,0.0
0.265,0.9926996839927998,0.5367699591103342,0.12852764769088143,0.0
0.26525,0.9918473022867985,0.5375091928891897,0.12812995860139642,0.0
0.2655,0.9909944092426526,0.5382484090112255,0.12773280033583734,0.0
0.26575,0.9901410096814904,0.5389875200237684,0.1273361370037127,0.0
0.266,0.9892870976784665,0.5397265918674502,0.12693999645142462,0.0
0.26625,0.988432681812982,0.5404655485866886,0.12654435140615483,0.0
0.2665,0.987577761182815,0.5412044228295708,0.12614921820918124,0.0
0.26675,0.9867223348053502,0.5419432293205206,0.12575460461420107,0.0
0.267,0.9858664174108981,0.5426819142179037,0.12536049912808256,0.0
0.26725,0.9850099756134943,0.5434205478986043,0.1249669079295248,0.0
0.2675,0.9841530343916906,0.544159112065633,0.12457384566173779,0.0
0.26775,0.9832955995910015,0.5448975588844505,0.12418129581187243,0.0
0.268,0.9824376448757364,0.5456359146841177,0.12378924957580772,0.0
0.26825,0.9815792066933645,0.5463741596496813,0.12339773070167359,0.0
0.2685,0.9807202517557185,0.547112360715216,0.1230067441699434,0.0
0.26875,0.9798608127160829,0.5478504581316403,0.12261629097909976,0.0
0.269,0.9790008611596142,0.5485884364604516,0.12222634025823376,0.0
0.26925,0.9781404134838334,0.5493263381783777,0.12183692857152373,0.0
0.2695,0.9772794608693466,0.5500641451617283,0.12144804089604766,0.0
0.26975,0.976418017575539,0.5508017882103184,0.1210596571734397,0.0
0.27,0.975556071549613,0.5515394332483625,0.12067184990310098,0.0
0.27025,0.9746936302961318,0.5522769088080508,0.12028454284723056,0.0
0.2705,0.9738306914954039,0.5530143080521359,0.11989778132149165,0.0
0.27075,0.9729672617159077,0.5537515742361836,0.11951154453181201,0.0
0.271,0.972103317038136,0.5544887486506691,0.11912583357580098,0.0
0.27125,0.9712388915048287,0.5552258064086625,0.11874066721187804,0.0
0.2715,0.9703739696079905,0.5559627819440583,0.11835605054908416,0.0
0.27175,0.9695085606335592,0.5566996080419657,0.11797195972700214,0.0
0.272,0.9686426429568131,0.5574363602828989,0.11758841507945395,0.0
0.27225,0.9677762455183081,0.5581729801235724,0.11720541402624018,0.0
0.2725,0.9669093422349734,0.5589094609152991,0.11682293207200001,0.0
0.27275,0.9660419581807337,0.5596458676407448,0.11644102492385522,0.0
0.273,0.965174084550445,0.560382099040379,0.11605963568829525,0.0
0.27325,0.9643057126876642,0.5611182387391417,0.1156788002681508,0.0
0.2735,0.9634368446210486,0.561854304380373,0.11529853085356279,0.0
0.27375,0.9625674986838098,0.5625901658981757,0.11491877923360083,0.0
0.274,0.9616976641093655,0.5633259586893671,0.11453960579546218,0.0
0.27425,0.9608273310497482,0.5640616062327067,0.11416096490498329,0.0
0.2745,0.9599565148785985,0.5647971260697453,0.11378288013171955,0.0
0.27475,0.9590852161058294,0.5655325455964906,0.1134053672771711,0.0
0.275,0.9582134227628822,0.5662677726722641,0.11302837067622185,0.0
0.27525,0.9573411456647847,0.5670029058504917,0.1126519511624755,0.0
0.2755,0.9564683769494328,0.5677379106485954,0.11227608591208815,0.0
0.27575,0.9555951388164049,0.5684727642217967,0.11190078378941481,0.0
0.276,0.9547213935456682,0.5692074980761985,0.1115260299066092,0.0
0.27625,0.953847177097426,0.569942082730942,0.11115184152500612,0.0
0.2765,0.9529724762085496,0.5706765423156313,0.11077822105061963,0.0
0.27675,0.9520972976782377,0.5714108122547789,0.11040514255287426,0.0
0.277,0.951221622731588,0.5721450312805211,0.1100326627496615,0.0
0.27725,0.9503454747538921,0.5728790238973029,0.10966071274364175,0.0
0.2775,0.9494688379988516,0.5736128986814633,0.10928933640625971,0.0
0.27775,0.9485917363505685,0.5743466271665545,0.10891854092633135,0.0
0.278,0.9477141446548482,0.5750802399154248,0.10854832205008225,0.0
0.27825,0.9468360719431733,0.5758136747038859,0.10817865667444204,0.0
0.2785,0.9459575170696894,0.576546921139294,0.10780953975665475,0.0
0.27875,0.9450784823607399,0.5772800557507913,0.10744101449644528,0.0
0.279,0.9441989847782432,0.5780130859929837,0.10707310076408105,0.0
0.27925,0.9433189957406236,0.5787458875576743,0.10670571069730128,0.0
0.2795,0.9424385265392659,0.5794785251757044,0.10633888905945632,0.0
0.27975,0.9415575866408945,0.5802110560384052,0.10597267529999432,0.0
0.28,0.9406761771651662,0.5809434260302075,0.10560704345340799,0.0
0.28025,0.9397942824253989,0.5816755941458591,0.10524195998179908,0.0
0.2805,0.9389119215495194,0.582407630050586,0.10487747916633317,0.0
0.28075,0.9380290782930327,0.5831394469148865,0.10451354281940617,0.0
0.281,0.9371457616512364,0.5838711807914785,0.10415023177994742,0.0
0.28125,0.9362619799172665,0.5846026995130468,0.10378748467109444,0.0
0.2815,0.9353777129390313,0.5853340660867756,0.10342531907906238,0.0
0.28175,0.9344929856872268,0.5860652508203723,0.10306374181992473,0.0
0.282,0.9336077850467677,0.586796296987143,0.10270276614224327,0.0
0.28225,0.9327221103606484,0.5875271294570747,0.10234235290298632,0.0
0.2825,0.9318359629295954,0.5882578301323629,0.10198254819255737,0.0
0.28275,0.9309493595404874,0.5889882967602547,0.1016233130019486,0.0
0.283,0.9300622668389982,0.58971862994082,0.10126467422548968,0.0
0.28325,0.9291747171825652,0.590448774207313,0.10090663092481122,0.0
0.2835,0.9282866921388611,0.591178739194379,0.10054917403883601,0.0
0.28375,0.9273982092253483,0.591908528232591,0.10019232149149948,0.0
0.284,0.9265092505098065,0.5926381293052956,0.09983605304914578,0.0
0.28425,0.9256198329446156,0.5933675532028229,0.09948039015451426,0.0
0.2845,0.9247299405845538,0.5940967599283362,0.09912529912237922,0.0
0.28475,0.9238395983889773,0.5948258237628867,0.09877084242652878,0.0
0.285,0.9229487713678037,0.5955547082412732,0.09841697231865765,0.0
0.28525,0.9220574897450518,0.5962833460037524,0.09806367898969182,0.0
0.2855,0.9211657528792216,0.5970118203723099,0.09771100839055191,0.0
0.28575,0.9202735361031051,0.5977400947406156,0.09735892127973944,0.0
0.286,0.919380866721563,0.5984681648225388,0.09700743953710278,0.0
0.28625,0.9184877364291306,0.5991960789684012,0.09665658390483145,0.0
0.2865,0.9175941400264449,0.5999237851925872,0.09630632300040687,0.0
0.28675,0.9167000778316364,0.6006512553687939,0.09595664297116979,0.0
0.287,0.9158055611208871,0.6013785588829257,0.09560759255494733,0.0
0.28725,0.9149105905882057,0.6021056327425858,0.09525913908572736,0.0
0.2875,0.9140151575283333,0.6028325602826068,0.09491132240397748,0.0
0.28775,0.9131192600312381,0.6035592438500387,0.09456408851963816,0.0
0.288,0.9122229018826393,0.6042857233338549,0.09421746382714247,0.0
0.28825,0.9113261020699825,0.6050119998066484,0.09387146604347807,0.0
0.2885,0.9104288237223084,0.6057380576238756,0.0935260570824692,0.0
0.28875,0.9095310980963323,0.6064639259502638,0.09318128043034424,0.0
0.289,0.908632931391249,0.607189525136693,0.09283709831080356,0.0
0.28925,0.907734295417786,0.6079149775130528,0.09249355648549251,0.0
0.2895,0.9068352027800255,0.6086401869525881,0.09215061331978003,0.0
0.28975,0.9059356540435874,0.609365192471793,0.09180829226726783,0.0
0.29,0.9050356565897174,0.610089979902612,0.09146659283569036,0.0
0.29025,0.9041352135611165,0.6108145004839673,0.09112549159236694,0.0
0.2905,0.9032343044622112,0.6115388849286063,0.0907850459815891,0.0
0.29075,0.9023329523338692,0.6122629885750392,0.09044519534289086,0.0
0.291,0.9014311390103874,0.6129868786697599,0.09010596356448719,0.0
0.29125,0.9005288803114782,0.6137105449572905,0.08976735924086987,0.0
0.2915,0.8996261745298408,0.614434020034736,0.08942940059245785,0.0
0.29175,0.8987230252072707,0.6151572015433542,0.08909203405789334,0.0
0.292,0.8978194056157096,0.615880216108396,0.08875531029422334,0.0
0.29225,0.8969153516742608,0.6166029601271656,0.08841920164362493,0.0
0.2925,0.896010842623695,0.6173255059755495,0.08808373318747487,0.0
0.29275,0.8951058995273811,0.618047760150062,0.08774887046378055,0.0
0.293,0.8942004878091101,0.6187698740971231,0.08741467227926436,0.0
0.29325,0.8932946526945837,0.6194916683521656,0.08708107503096874,0.0
0.2935,0.8923883522332063,0.6202132286198961,0.08674809415826101,0.0
0.29375,0.8914816127973507,0.6209346077509785,0.0864157827731642,0.0
0.294,0.8905744405288698,0.6216557025764866,0.08608408821286706,0.0
0.29425,0.889666802542544,0.6223765413682067,0.0857530008209626,0.0
0.2945,0.8887587364459322,0.6230971704722628,0.08542257921028629,0.0
0.29475,0.8878502227405598,0.6238175377111365,0.08509277869518916,0.0
0.295,0.8869412746932017,0.6245376896077541,0.08476363807743525,0.0
0.29525,0.8860318650239142,0.6252575444538406,0.08443508922120468,0.0
0.2955,0.8851220268696481,0.6259771646621547,0.0841071963271458,0.0
0.29575,0.8842117459328764,0.626696560849294,0.08377995507667446,0.0
0.296,0.8833010280424942,0.627415679173674,0.08345334030307461,0.0
0.29625,0.8823898682905164,0.6281345568035082,0.08312737067830334,0.0
0.2965,0.8814782603099077,0.6288531733141496,0.08280203037593958,0.0
0.29675,0.8805662262348514,0.6295715125409942,0.08247732917998918,0.0
0.297,0.879653746821748,0.6302896352855587,0.08215328796152654,0.0
0.29725,0.8787408338932887,0.6310074672374112,0.0818298742689838,0.0
0.2975,0.8778274800367234,0.6317250471427467,0.08150710579964726,0.0
0.29775,0.8769136925581893,0.6324423662322859,0.08118498454313139,0.0
0.298,0.8759994610128518,0.6331594262254651,0.08086350420067712,0.0
0.29825,0.8750848089495722,0.6338762004969016,0.0805426694076905,0.0
0.2985,0.8741697093190424,0.6345927301219735,0.0802224834794909,0.0
0.29875,0.8732541859953262,0.6353089853919198,0.07990294947188215,0.0
0.299,0.8723382139904927,0.6360249767188437,0.0795840544387123,0.0
0.29925,0.8714218169357191,0.6367406749010047,0.07926580141545148,0.0
0.2995,0.8705049890847973,0.6374561227215552,0.07894821211062841,0.0
0.29975,0.8695877371597797,0.6381712407614395,0.07863124614191541,0.0
0.3,0.8686700328826638,0.6388861856414331,0.07831497450041369,0.0
0.30025,0.8677519130294667,0.6396007708267724,0.07799931753619416,0.0
0.3005,0.8668333587528136,0.6403151103770657,0.07768432874561082,0.0
0.30075,0.8659143735579464,0.641029159764223,0.07736998566057918,0.0
0.301,0.8649949596181116,0.6417429264628374,0.07705629557132476,0.0
0.30125,0.8640751258106335,0.642456404795644,0.07674326332120907,0.0
0.3015,0.863154843935513,0.6431696436299725,0.07643089657276447,0.0
0.30175,0.8622341500416901,0.6438825203022842,0.07611915206864395,0.0
0.302,0.8613130315796702,0.6445952023933934,0.07580812105019064,0.0
0.30225,0.8603914825193006,0.6453075260475973,0.07549770170160297,0.0
0.3025,0.8594694948947043,0.6460195845084329,0.0751879446045729,0.0
0.30275,0.8585470971204983,0.64673137059057,0.0748788693057425,3.747207297505113e-22
0.303,0.857624268592967,0.6474427861447649,0.07457040132813897,0.0
0.30325,0.8567010095915168,0.6481539827151206,0.07426263322550564,0.0
0.3035,0.8557773380517657,0.6488648718525734,0.07395552712727471,7.512194438449084e-22
0.30375,0.8548532401498172,0.6495754453759448,0.07364906809906846,0.0
0.304,0.8539287188248478,0.6502857025875198,0.07334325908517747,0.0
0.30425,0.8530037707438867,0.6509956938545963,0.0730381290152351,0.0
0.3045,0.852078409572248,0.651705397843328,0.07273367693817745,1.5072395567385417e-21
0.30475,0.8511526271317966,0.6524147726868408,0.07242987196990236,7.542252127107846e-22
0.305,0.8502264122658566,0.6531238222453355,0.07212670860249859,7.548328158614224e-22
0.30525,0.8492997837961358,0.6538326195234156,0.07182424730410664,2.2663277120609406e-21
0.3055,0.8483727336485954,0.6545410684469429,0.07152242416202204,0.0
0.30575,0.8474452784170847,0.65524916583877,0.07122125130330303,0.0
0.306,0.846517392330726,0.6559570478981372,0.07092079268527218,0.0
0.30625,0.8455890887753797,0.6566645761658991,0.07062097525086686,0.0
0.3065,0.8446603729949838,0.6573717562482813,0.07032180750509553,0.0
0.30675,0.8437312452222417,0.6580786433928316,0.0700233245373787,0.0
0.307,0.8428016817912676,0.6587852815501896,0.0697255358349409,3.039088886317678e-21
0.30725,0.8418717183330322,0.6594915198182678,0.06942837761171328,3.0415984278507805e-21
0.3075,0.8409413432427262,0.6601974585976572,0.06913190351503684,0.0
0.30775,0.8400105550099582,0.6609030727448164,0.06883609786144396,0.0
0.308,0.8390793267199745,0.6616084069495327,0.06854096817817168,1.5245903725627997e-21
0.30825,0.8381477147106826,0.6623133749932466,0.06824650636905183,1.5258631240711578e-21
0.3085,0.8372156779704905,0.6630180243089323,0.06795271056264851,3.054280865706103e-21
0.30875,0.8362832319840605,0.6637223240916061,0.06765957476869433,0.0
0.309,0.8353503805299569,0.6644263578944223,0.06736715487988998,0.0
0.30925,0.8344171057566401,0.6651300218928142,0.06707537334643021,0.0
0.3095,0.8334834258577888,0.6658333556912113,0.06678427000525988,1.5322954213481633e-21
0.30975,0.8325493258332273,0.6665363492477551,0.0664938278367515,0.0
0.31,0.8316148398703537,0.6672390484723125,0.06620410320858872,0.0
0.31025,0.8306799298333242,0.6679413585581733,0.06591500800975436,0.0
0.3105,0.8297446066135847,0.6686433991936418,0.06562662668007713,0.0
0.31075,0.8288088854836795,0.6693450496429036,0.0653388963790631,0.0
0.311,0.8278727535029073,0.6700463438755497,0.06505182922404162,0.0
0.31125,0.8269362169215082,0.670747320817259,0.06476545550651047,6.165981779192344e-21
0.3115,0.8259992696326314,0.6714479971049063,0.06447978198265036,0.0
0.31175,0.8250619204463665,0.6721482916279411,0.06419476530802681,0.0
0.312,0.8241241588179595,0.6728482205685185,0.06391040838485607,0.0
0.31225,0.8231860099137251,0.6735478328068516,0.06362676254242783,6.187426810538705e-21
0.3125,0.8222474418116228,0.6742470987873674,0.06334378532483087,0.0
0.31275,0.8213084767676901,0.6749460038464647,0.06306148557775115,0.0
0.313,0.8203691123710614,0.6756445450942026,0.06277986048289175,0.0
0.31325,0.8194293474134019,0.6763427703240574,0.06249894040981263,0.0
0.3135,0.8184891663696428,0.6770406148628919,0.062218673173464634,6.214667714058839e-21
0.31375,0.8175485955348569,0.6777380992779471,0.0619390930151793,6.220174467824483e-21
0.314,0.8166076190648727,0.6784352240583446,0.061660188929535176,0.0
0.31425,0.8156662541324597,0.6791319913331515,0.061381976379196956,0.0
0.3145,0.8147244749029997,0.6798284165676234,0.061104446309980576,0.0
0.31475,0.8137823065174787,0.6805244625951399,0.060827595130948486,0.0
0.315,0.8128397351651225,0.6812201763193191,0.0605514432067078,3.1240030419080377e-21
0.31525,0.811896766778623,0.6819155129266198,0.06027596722530526,6.2536323766480646e-21
0.3155,0.810953403906626,0.6826104481310176,0.060001154341527974,0.0
0.31575,0.8100096487675926,0.6833050300918058,0.0597270380835635,0.0
0.316,0.8090654777552717,0.6839992873589411,0.05945361975072094,6.270632580085261e-21
0.31625,0.8081209356814936,0.6846931310832022,0.05918087711176678,0.0
0.3165,0.8071759787706616,0.685386617660624,0.05890881400271941,0.0
0.31675,0.8062306513788456,0.6860797380297847,0.05863745926439612,6.287816594657284e-21
0.317,0.8052849054711211,0.6867724532870143,0.058366751921797855,0.0
0.31725,0.8043387881871304,0.6874648152357576,0.05809676229042293,1.7323282910198253e-20
0.3175,0.8033922568832819,0.6881568327521514,0.05782746461012511,1.2610372770279054e-20
0.31775,0.8024453454360652,0.6888484314487766,0.05755883709675724,6.311017942632493e-21
0.318,0.8014980368292096,0.6895396332145347,0.05729088183655118,2.842591730797961e-20
0.31825,0.8005503412636421,0.6902304895700926,0.05702364099839485,0.0
0.3185,0.7996022508596949,0.6909209360723119,0.056757067391995264,0.0
0.31875,0.7986537874774702,0.6916110262636253,0.056491213357467096,1.900366412669436e-20
0.319,0.7977049111005168,0.6923007274484334,0.056226028092241975,6.340491812814976e-21
0.31925,0.7967556516653067,0.6929900424123272,0.05596153686734562,1.2692900725784463e-20
0.3195,0.7958060178179818,0.6936789324693371,0.055697721579009984,6.352430431290864e-21
0.31975,0.7948559867529914,0.6943674490747214,0.055434599589954336,0.0
0.32,0.7939055677964095,0.6950556015895991,0.05517218494386911,2.5457819984915142e-20
0.32025,0.7929547669587971,0.6957433592081131,0.05491046270518596,0.0
0.3205,0.7920035681783771,0.6964306915105993,0.05464940150042885,0.0
0.32075,0.7910519984088549,0.6971176505836099,0.054389056725199,3.1913275108574405e-21
0.321,0.790100034300709,0.6978041717635791,0.05412936887871411,0.0
0.32125,0.7891476926996278,0.6984903244256944,0.053870397254547564,3.1974489775510636e-20
0.3215,0.788194957768301,0.6991760846454993,0.053612114960521984,0.0
0.32175,0.7872418544202202,0.6998614070316816,0.05335451126548674,6.407229410749141e-21
0.322,0.7862883501595609,0.700546416013063,0.05309764532325856,0.0
0.32225,0.7853344783345229,0.7012309083198849,0.05284140764128753,0.0
0.3225,0.7843802088921585,0.70191506117525,0.05258589445534634,0.0
0.32275,0.7834255750063999,0.7025987808823576,0.05233106885213812,0.0
0.323,0.7824705585768399,0.7032820969190029,0.05207693772192434,8.048061959548553e-21
0.32325,0.7815151499594275,0.703965012025805,0.051823496491972376,0.0
0.3235,0.7805593744352407,0.7046475039682487,0.05157074981544496,1.6127740471503058e-20
0.32375,0.7796032118655551,0.7053295868434676,0.05131869289377056,6.457453755159782e-21
0.324,0.7786466825881632,0.7060112235000688,0.05106731659471553,1.6159586141739006e-20
0.32425,0.7776897700908312,0.7066925191624924,0.05081668008466611,0.0
0.3245,0.7767324672503886,0.7073732981110716,0.05056666069384241,7.771998199149043e-20
0.32475,0.7757748007050195,0.7080537024068239,0.05031737436877792,1.2966230365650773e-20
0.325,0.7748167655800509,0.7087337554318902,0.0500688340830433,0.0
0.32525,0.7738583393956258,0.7094133028405694,0.049820919823624576,0.0
0.3255,0.7728995478299363,0.7100924481874226,0.049573721092771805,0.0
0.32575,0.7719403853066749,0.7107711641015914,0.049327215974954486,3.2545753185793763e-21
0.326,0.7709808268964893,0.7114494395001418,0.049081379306229245,0.0
0.32625,0.7700209179566109,0.7121272794904467,0.04883624855608715,0.0
0.3265,0.7690606336491639,0.7128047506273156,0.04859185136340005,0.0
0.32675,0.768099970008497,0.7134817521453767,0.04834811707347031,6.535565883542203e-21
0.327,0.7671389339343293,0.7141583386477837,0.04810508853743367,0.0
0.32725,0.7661775293283297,0.7148344459376452,0.04786272552593629,0.0
0.3275,0.7652157640980191,0.7155101907274148,0.0476211140765046,0.0
0.32775,0.7642536167644531,0.7161854327623562,0.047380143423843446,0.0
0.328,0.763291106479113,0.7168602334191776,0.04713987006889697,0.0
0.32825,0.7623282226722136,0.7175346103608462,0.04690029904870463,1.0480363302243664e-20
0.3285,0.7613649689707481,0.7182085884144003,0.04666145073181793,3.949634895232457e-20
0.32875,0.760401353706391,0.718882095773171,0.04642328258775774,0.0
0.329,0.7594373637528162,0.7195551533280978,0.046185800011092626,1.3192840946496902e-20
0.32925,0.758473014943636,0.7202277539824387,0.04594901023151077,1.9809917583681226e-20
0.3295,0.7575082966092898,0.7208999363725532,0.04571293273721122,0.0
0.32975,0.7565432111968969,0.721571645203358,0.0454775318339431,0.0
0.33,0.7555777726562847,0.7222429363748387,0.045242856792421016,0.0
0.33025,0.7546119465079162,0.7229137165706752,0.045008818823311536,3.978659573543478e-20
0.3305,0.7536457743774936,0.7235840981229646,0.04477552627034487,0.0
0.33075,0.7526792287687515,0.7242540353848078,0.04454292836201845,9.303208036777327e-20
0.331,0.7517123395003543,0.7249234539986753,0.044310995592053315,6.652211865657624e-21
0.33125,0.750745067667073,0.725592465959164,0.04407977821770803,0.0
0.3315,0.7497774374596515,0.7262609930914476,0.04384923998139567,0.0
0.33175,0.7488094572022121,0.7269290602188396,0.04361940466154479,0.0
0.332,0.7478411085736669,0.7275966992674722,0.043390281945165254,2.338253408135207e-20
0.33225,0.7468723987191861,0.7282638484974313,0.043161834518901765,2.3407711185262745e-20
0.3325,0.745903331884596,0.7289305399003871,0.042934088289385386,1.3390274338932543e-20
0.33275,0.7449339086816509,0.7295967541988713,0.04270703078153759,6.70238339857228e-21
0.333,0.7439641243982135,0.7302625114244194,0.042480673194232876,8.051587253286593e-20
0.33325,0.7429939815053697,0.7309277957718798,0.042255006793030736,6.7169556420558994e-21
0.3335,0.7420234781568402,0.7315926180048535,0.04203003836509933,0.0
0.33375,0.7410526266347625,0.7322569499834868,0.04180575744300774,6.731635091666024e-21
0.334,0.7400814138340897,0.7329208280021671,0.041582180733737095,0.0
0.33425,0.7391098396585998,0.7335842483639097,0.041359306160848375,0.0
0.3345,0.7381379248038963,0.7342471450855705,0.041137102451023644,1.8573106947635006e-20
0.33475,0.7371656451132143,0.734909590606746,0.04091560402414762,0.0
0.335,0.7361930167119933,0.7355715275506016,0.040694782344290914,3.722844632131539e-20
0.33525,0.7352200251368997,0.7362330380673717,0.040474685758483675,6.767040958042361e-20
0.3355,0.7342466881646734,0.7368940410603378,0.040255270032806045,2.703820899642212e-20
0.33575,0.7332730106853922,0.7375545572438451,0.040036553737792246,4.05125167853176e-20
0.336,0.7322989596467171,0.7382146041515434,0.039818526514258545,6.070177665527689e-20
0.33625,0.7313245712082099,0.7388741373543986,0.039601182811985325,0.0
0.3365,0.7303498221834139,0.7395332066691194,0.039384542183332094,0.0
0.33675,0.7293747422130596,0.7401917630517229,0.03916859107075843,0.0
0.337,0.7283992911403013,0.7408498812320492,0.03895335499493657,0.0
0.33725,0.7274235055870746,0.7415074269658616,0.03873876442834323,0.0
0.3375,0.7264473692179756,0.7421645686661311,0.038524928553524074,0.0
0.33775,0.7254708780885459,0.7428211535145175,0.03831173597489701,0.0
0.338,0.7244940475935162,0.7434772272525825,0.03809923053705444,0.0
0.33825,0.7235168693080641,0.7441328710795441,0.0378874649953278,0.0
0.3385,0.7225393347336777,0.7447879498991243,0.03767633708797957,0.0
0.33875,0.7215614741553344,0.7454425601108428,0.03746593746967264,0.0
0.339,0.7205832488767623,0.7460966745754742,0.03725622021483721,0.0
0.33925,0.7196046890550105,0.7467502399337149,0.03704716833469979,1.3299736809859295e-20
0.3395,0.7186257818063537,0.7474033556438698,0.036838844905277446,0.0
0.33975,0.7176465366308482,0.7480559799376779,0.03663122693596832,0.0
0.34,0.716666946828046,0.7487079919263615,0.036424222917545324,1.9471267144723744e-20
0.34025,0.715687011560951,0.7493595960399869,0.03621798029867107,5.628225422875416e-20
0.3405,0.7147067369641698,0.7500106460850138,0.03601239814146573,0.0
0.34075,0.7137261239166424,0.750661195514009,0.03580751610113131,0.0
0.341,0.7127451688501947,0.7513112092009306,0.03560330667213352,0.0
0.34125,0.7117638753197411,0.7519607462147558,0.03539981555823557,0.0
0.3415,0.7107822339296553,0.7526097431436416,0.035196990695379515,0.0
0.34175,0.7098002612344684,0.7532582191843853,0.034994857773385846,0.0
0.342,0.7088179433390487,0.7539062005209234,0.0347934267201806,0.0
0.34225,0.7078352988992974,0.7545536524132059,0.034592685426475756,4.145177375697719e-21
0.3425,0.7068523076349678,0.7552005459913627,0.034392599294161386,5.902844142571025e-20
0.34275,0.7058689857153571,0.7558469439329103,0.03419322548909931,0.0
0.343,0.7048853241673227,0.7564928200602696,0.033994539167983895,2.6180022023223085e-20
0.34325,0.7039013328330816,0.757138175613093,0.033796548328012044,2.615272454437453e-20
0.3435,0.7029169972561378,0.7577829817400028,0.03359922235185264,0.0
0.34375,0.7019323276825562,0.7584272616019567,0.03340258553329267,8.481972231377303e-20
0.344,0.7009473407978501,0.7590710308232764,0.0332066610348043,0.0
0.34425,0.699962006186458,0.7597142468317339,0.033011397296118794,5.2088707902338e-20
0.3445,0.6989763343940558,0.7603569433275694,0.0328168266006299,0.0
0.34475,0.6979903352798281,0.760999093429678,0.03262293618960377,0.0
0.345,0.6970040034576437,0.7616406790420753,0.032429709378636984,0.0
0.34525,0.6960173401079277,0.7622817768710002,0.03223720388315976,7.781184233506187e-20
0.3455,0.6950303571363958,0.7629223370829643,0.03204539132795814,7.773214157238668e-20
0.34575,0.6940430412299299,0.7635622958769126,0.031854215848591716,6.471056607976509e-21
0.346,0.6930553851122812,0.7642017607417247,0.031663752369871956,6.4644547551953176e-21
0.34625,0.6920674003515188,0.7648406544716105,0.03147395185815083,0.0
0.3465,0.6910791000792007,0.7654790410178283,0.03128487083048581,0.0
0.34675,0.6900904640396709,0.7661168467200474,0.031096441360727978,9.34491435602202e-20
0.347,0.6891015045278149,0.7667541097999316,0.0309087003404247,0.0
0.34725,0.6881122139653486,0.7673908184949723,0.030721634253728647,6.431742888151567e-20
0.3475,0.6871225951711145,0.7680269899898144,0.03053525808072277,1.1565467246788742e-19
0.34775,0.6861326633124885,0.7686626123171504,0.030349573318936507,0.0
0.348,0.6851423932516408,0.7692976567889263,0.03016454208612651,1.025976258623918e-19
0.34825,0.6841518040073081,0.7699321500072065,0.029980197159719113,0.0
0.3485,0.6831608837669783,0.7705661186983792,0.029796550972648994,0.0
0.34875,0.6821696553323591,0.7711994708490706,0.029613550073111616,1.5343525484840335e-19
0.349,0.6811780821130256,0.77183232442958,0.02943125879562647,0.0
0.34925,0.680186207063748,0.7724645421227772,0.02924960292278933,0.0
0.3495,0.679194000127318,0.7730962813787956,0.02906868093955195,6.374093468230887e-20
0.34975,0.6782014857812977,0.773727407821779,0.028888408395472798,2.9928586668103485e-19
0.35,0.6772086284237153,0.7743579687317972,0.028708797546693754,6.99764391534425e-20
0.35025,0.6762154705261552,0.7749879563086588,0.028529870738998486,0.0
0.3505,0.6752219807689153,0.7756174184188744,0.028351643684326966,0.0
0.35075,0.6742281862606452,0.7762462569698473,0.028174060462535344,0.0
0.351,0.673234052920103,0.7768745646832833,0.02799716889837245,0.0
0.35125,0.6722396190775612,0.7775022787359149,0.027820946905191768,2.6112609565801167e-20
0.3515,0.671244863038703,0.7781294075625318,0.027645386828289098,0.0
0.35175,0.6702497958733843,0.7787559578180892,0.027470501136398928,0.0
0.352,0.6692543980822332,0.77938194067293,0.0272962857907717,0.0
0.35225,0.6682586931027661,0.7800073498554698,0.027122751542370427,0.0
0.3525,0.6672626718719239,0.7806321920900235,0.0269498978046272,1.2441777939856832e-19
0.35275,0.6662663491628775,0.7812564140636229,0.026777693827821913,7.630930786974852e-20
0.353,0.6652696855979409,0.7818800885732302,0.026606169610754682,0.0
0.35325,0.6642727327089759,0.7825031594916845,0.02643531605022198,3.062202133607306e-20
0.3535,0.6632754546631496,0.7831256610495647,0.02626513618700188,4.167266045276071e-21
0.35375,0.6622778714142392,0.7837475468435247,0.026095607703404244,7.288180886929801e-20
0.354,0.6612799631484942,0.7843688573002832,0.025926748829674384,3.037754658623897e-19
0.35425,0.6602817575641595,0.7849895562486113,0.025758549947991982,7.978234449579449e-20
0.3545,0.6592832431745629,0.7856097161615938,0.02559105927180827,3.5164597194770534e-20
0.35475,0.6582844093791351,0.7862292577749502,0.025424209492337813,0.0
0.355,0.6572852697051512,0.7868482047786955,0.025258027588582088,7.643545297258293e-20
0.35525,0.6562858296382644,0.7874665344406723,0.02509249975208938,0.0
0.3555,0.6552860621639978,0.7880842795614976,0.02492763401050091,1.837214530031904e-19
0.35575,0.6542860103624003,0.7887014141601297,0.02476343809395143,1.197731412890768e-19
0.356,0.6532856280396858,0.7893179863456967,0.02459991966231989,0.0
0.35625,0.6522849488262771,0.7899339107495124,0.024437034579147587,0.0
0.3565,0.6512839685049384,0.790549272375336,0.024274845773689213,1.4115226263596765e-19
0.35675,0.6502826782101396,0.7911640019235777,0.02411329427943798,0.0
0.357,0.6492810841138674,0.7917780775075888,0.023952367158595944,0.0
0.35725,0.6482791862036983,0.792391650559,0.02379218161721952,0.0
0.3575,0.6472769808291201,0.7930045381924118,0.023632594002858776,3.3997857322959117e-20
0.35775,0.6462744724701853,0.7936168097701175,0.02347366088058922,6.175706059654952e-20
0.358,0.6452716689590748,0.7942285428245437,0.023315447454218763,0.0
0.35825,0.6442685616195505,0.7948395581493499,0.023157809279867658,0.0
0.3585,0.6432651435404446,0.7954500713745061,0.023000909551802673,0.0
0.35875,0.642261428908606,0.7960598560427088,0.022844581286161292,0.0
0.359,0.6412574122491161,0.7966691170895699,0.022688980525706004,0.0
0.35925,0.6402530942641307,0.7972777207795081,0.022534003721226492,1.1131898820640414e-19
0.3595,0.6392484882336785,0.7978856728582988,0.02237966365806776,1.6874375508935193e-20
0.35975,0.638243577800349,0.7984930481398977,0.02222600853780632,0.0
0.36,0.6372383588263196,0.7990997601080392,0.022072968317031094,5.818737196104514e-20
0.36025,0.6362328529019297,0.7997058663646923,0.021920601519428873,2.0194142620401504e-19
0.3605,0.6352270408804902,0.8003113627771267,0.02176889307512475,0.0
0.36075,0.6342209384790911,0.800916211567624,0.021617823237796818,7.940906661324985e-20
0.361,0.6332145489900514,0.8015204130109386,0.021467394254902183,1.3726738130179577e-19
0.36125,0.6322078496253863,0.8021240228337412,0.021317635770057297,1.8292230950566504e-19
0.3615,0.6312008540281486,0.8027269765825203,0.021168505712538366,0.0
0.36175,0.6301935748680239,0.8033292406611661,0.021019985458749613,0.0
0.362,0.6291859965199237,0.8039309772250889,0.020872192959949354,1.4252502194056987e-21
0.36225,0.6281781185954167,0.8045320483525209,0.020725019536790068,0.0
0.3625,0.627169956660353,0.8051324229733614,0.020578450223354805,9.152808420840668e-20
0.36275,0.626161503511401,0.805732205501018,0.020432562916919528,1.250880635275745e-19
0.363,0.6251527506222683,0.8063313226717975,0.020287294604925732,0.0
0.36325,0.6241437149338871,0.8069297887048178,0.020142666880802018,3.3770886685450545e-19
0.3635,0.6231343796375404,0.8075276516276149,0.019998707464608856,7.561041972023273e-20
0.36375,0.6221247603926803,0.8081248594477959,0.01985538482236282,3.0217596848873465e-21
0.364,0.6211148551903569,0.8087213804656164,0.019712672550630916,1.358599830638902e-20
0.36425,0.6201046529819337,0.8093172650110125,0.019570603781194684,1.6024997015838988e-19
0.3645,0.6190941697810656,0.8099125375106895,0.019429207681392224,0.0
0.36475,0.6180833902159377,0.8105071570025857,0.019288442401482975,0.0
0.365,0.6170723369856301,0.8111010602041405,0.019148271321296928,0.0
0.36525,0.6160609825293397,0.8116943567386569,0.019008764906562226,0.0
0.3655,0.6150493428724978,0.8122869875947579,0.018869885894984062,0.0
0.36575,0.6140374283405119,0.8128789666287256,0.01873165151104139,9.002390359541596e-21
0.366,0.6130252247307275,0.8134702545468554,0.018594021771522362,0.0
0.36625,0.6120127391228678,0.8140609119345253,0.018457049260471425,0.0
0.3665,0.6109999604421238,0.8146509201673455,0.01832071244268607,0.0
0.36675,0.6099869023142572,0.8152402399238926,0.01818498799879631,3.5886112957041177e-20
0.367,0.608973565723165,0.8158289141896151,0.018049910847887762,0.0
0.36725,0.6079599439917567,0.8164168926257512,0.017915436597337075,0.0
0.3675,0.6069460396199229,0.817004248324023,0.01778162529582472,0.0
0.36775,0.605931857627921,0.8175909228247943,0.017648432993399688,2.9058408661738065e-20
0.368,0.6049173867662105,0.8181768484943199,0.017515798513300096,2.471598431049151e-19
0.36825,0.6039026427902298,0.8187621923858657,0.017383865436017887,1.84469661507253e-19
0.3685,0.6028876212399409,0.8193468532836815,0.0172525496798841,2.2890657475464145e-19
0.36875,0.601872314994105,0.819930775696883,0.01712180219050241,3.267347679535732e-20
0.369,0.6008567345502958,0.8205141220413907,0.01699176000781777,1.7955354764223217e-19
0.36925,0.5998408764497362,0.8210967145477527,0.016862277646831236,5.485890481318978e-20
0.3695,0.5988247353846381,0.8216786526512063,0.016733432090822786,3.7332198737459833e-19
0.36975,0.5978083227695714,0.822259906356891,0.01660520575817004,0.0
0.37,0.59679164219606,0.8228404775870437,0.016477602188432083,4.510873250905178e-20
0.37025,0.595774663668428,0.8234203689604915,0.016350605789291928,0.0
0.3705,0.5947574320346596,0.823999580980551,0.016224243174992603,1.9933136103692318e-19
0.37075,0.5937399174821196,0.8245781078100275,0.016098492022913913,0.0
0.371,0.5927221223798733,0.8251558789692583,0.015973296379403257,0.0
0.37125,0.5917040681782979,0.8257330240801605,0.015848773861205423,0.0
0.3715,0.5906857281038294,0.8263095088800682,0.01572488098459557,0.0
0.37175,0.5896671175587742,0.8268852115600134,0.015601527483452227,1.396955972298708e-19
0.372,0.58864824410818,0.8274603253627915,0.015478874886691196,0.0
0.37225,0.587629094798437,0.8280346585896874,0.015356759409898446,4.1241203903031016e-20
0.3725,0.5866096675492476,0.8286083532537905,0.015235295458248643,0.0
0.37275,0.5855899801774794,0.8291813037221831,0.015114407013652853,0.0
0.373,0.5845700215300673,0.829753594735573,0.01499415665720405,1.8105201864228848e-19
0.37325,0.5835497905240955,0.8303251607596049,0.014874490078048863,1.6261436735301597e-19
0.3735,0.5825292923655809,0.8308960366167566,0.014755438580833058,0.0
0.37375,0.581508529340026,0.8314661836336721,0.014636971641356578,3.1411466645322594e-19
0.374,0.580487502316786,0.8320356484277327,0.014519127764744733,1.9050782086285397e-19
0.37425,0.579466197300988,0.8326044076385727,0.014401879648123561,2.209877983511911e-19
0.3745,0.5784446328239614,0.8331724232297693,0.014285206474694334,6.996020738511074e-20
0.37475,0.5774228016676359,0.8337397509370672,0.014169149687715876,0.0
0.375,0.5764007060400854,0.8343063998144765,0.014053717854681569,0.0
0.37525,0.5753783423031997,0.8348722793605262,0.013938834267737565,0.0
0.3755,0.5743557194383575,0.8354374628226198,0.013824564083475765,3.668564802136779e-20
0.37575,0.5733328409915522,0.8360019276842613,0.013710890565572065,0.0
0.376,0.5723096793982788,0.8365657348123774,0.013597848160271875,8.413567916082283e-20
0.37625,0.5712862790486548,0.8371287300856877,0.013485334557996387,0.0
0.3765,0.5702625903801473,0.8376910779089515,0.013373457317358728,1.6800835077421567e-19
0.37675,0.5692386574654849,0.8382526726072966,0.013262153781726571,1.1867200873480878e-19
0.377,0.5682144626591092,0.8388135444487277,0.013151438791663361,0.0
0.37725,0.5671900149836131,0.8393736847655673,0.013041310003712114,3.3234399648624665e-19
0.3775,0.5661652921216909,0.8399331130486869,0.012931770850780344,1.4149792712112007e-19
0.37775,0.5651403181921808,0.840491806088127,0.012822815376727581,1.7312909975652707e-20
0.378,0.5641150802889923,0.8410498077084576,0.01271447252218616,8.361466424561653e-20
0.37825,0.5630895909291476,0.8416070330165641,0.012606678545870054,0.0
0.3785,0.5620638451749831,0.8421635518122894,0.012499488421588323,9.068358928423086e-20
0.37875,0.5610378444216757,0.8427193195710048,0.012392865666060349,5.75328941138018e-21
0.379,0.5600115755187747,0.8432743326413517,0.012286799680178317,6.036349643585072e-20
0.37925,0.5589850572869172,0.8438286734476368,0.012181369321949465,2.8148214999891635e-19
0.3795,0.5579582860511814,0.8443822174159354,0.012076468485175296,0.0
0.37975,0.5569312639872419,0.8449350497612158,0.011972169143704692,2.3660315365791155e-19
0.38,0.5559039814564612,0.8454871261957164,0.011868428780064777,0.0
0.38025,0.554876443318073,0.8460384831839348,0.011765280278725365,0.0
0.3805,0.5538486667087816,0.8465890814312423,0.011662699922108333,1.7454811972298011e-19
0.38075,0.5528206255019008,0.8471389337740205,0.011560683842594344,0.0
0.381,0.5517923346185918,0.847688054658337,0.011459252048381607,0.0
0.38125,0.5507637909261767,0.8482364171985821,0.011358380030175086,0.0
0.3815,0.5497350027663878,0.8487840421438089,0.011258089443314745,0.0
0.38175,0.5487059645148528,0.8493308657379832,0.011158323404108161,9.692704254001988e-20
0.382,0.5476766706591192,0.8498770022803401,0.011059174622966683,0.0
0.38225,0.5466471235479868,0.8504223540613419,0.010960562025305931,0.0
0.3825,0.5456173353113386,0.8509669774116742,0.010862539239339997,1.3653542355574103e-19
0.38275,0.544587304500614,0.8515108341115201,0.010765073017731996,4.830968192371902e-20
0.383,0.5435570061779393,0.8520538908000406,0.010668121488261795,1.1649737495894673e-19
0.38325,0.5425264874849406,0.8525962296561962,0.010571778968079482,0.0
0.3835,0.5414957087923179,0.8531377770806433,0.010475961773755538,0.0
0.38375,0.5404646841677995,0.8536786071468572,0.010380739688161889,2.2123779598832866e-19
0.384,0.5394334257252814,0.8542186624178834,0.010286070384379009,1.69215336901379e-19
0.38425,0.5384019110631126,0.8547579055985477,0.010191909995139303,0.0
0.3845,0.5373701497304779,0.8552964228396305,0.01009833617505973,0.0
0.38475,0.5363381540223673,0.8558341980359565,0.01000534156407773,8.689735218580447e-20
0.385,0.5353059027308269,0.8563711497679467,0.009912845572993101,0.0
0.38525,0.5342734252828941,0.8569073502499551,0.009820924657394592,0.0
0.3855,0.5332407032875378,0.8574427776704597,0.009729550237003615,2.3545865601308354e-19
0.38575,0.5322077380980401,0.8579774531613156,0.009638740651630062,0.0
0.386,0.5311745215234865,0.8585113044252379,0.009548429814849602,3.6746882179222413e-19
0.38625,0.5301410799509481,0.8590444209588595,0.009458707343742434,1.3365822429882425e-19
0.3865,0.5291073851031769,0.8595767257264559,0.009369492495853393,0.0
0.38675,0.5280734642070319,0.860108275483547,0.00928084751217595,1.9511142487999008e-19
0.387,0.5270392990979211,0.8606390843982487,0.00919277464094237,0.0
0.38725,0.5260048941631916,0.8611690388251491,0.00910517891578655,6.500134457379889e-19
0.3875,0.5249702498502581,0.8616982325117652,0.009018140145033549,2.278230828129113e-19
0.38775,0.5239353797956015,0.8622266369263948,0.008931640710589495,1.8493329299269876e-19
0.388,0.5229002682097648,0.8627542824248089,0.00884569798170376,0.0
0.38825,0.5218649191057867,0.8632811259862041,0.00876027691285386,1.5984291030108866e-19
0.3885,0.5208293363868894,0.8638071657296442,0.008675377516021543,0.0
0.38875,0.5197935232063606,0.8643324331232056,0.008591027977129073,0.0
0.389,0.5187574603494278,0.8648569007035968,0.008507194502259896,0.0
0.38925,0.5177211770386995,0.8653805447497274,0.008423871388252735,0.0
0.3895,0.516684657454663,0.8659034470120502,0.008341120254645062,0.0
0.38975,0.5156479185356442,0.8664255328294969,0.008258885321136056,1.8565692820417245e-19
0.39,0.5146109200196524,0.8669467760774061,0.00817712310609453,9.642010211463735e-19
0.39025,0.5135737124953136,0.8674672603152521,0.008095930894013836,1.347050525885161e-18
0.3905,0.5125362686164382,0.867986960069665,0.008015272452873035,1.3334492293185292e-18
0.39075,0.5114985968613799,0.8685057674813446,0.007935058790753402,6.739160695914431e-20
0.391,0.5104606935748921,0.8690239230216108,0.007855494834865029,0.0
0.39125,0.5094225648616297,0.8695411865707716,0.007776376351969816,1.2751169396052133e-19
0.3915,0.508384196445936,0.8700576344385946,0.007697761454724672,0.0
0.39175,0.5073456102163749,0.8705732610354369,0.007619655939531844,0.0
0.392,0.5063067982434615,0.8710880898901349,0.007542075695099237,0.0
0.39225,0.5052677544846096,0.8716021312274591,0.007465026133497421,1.2171761130343038e-18
0.3925,0.5042284820267167,0.872115330389422,0.007388461114786304,9.446042769529449e-19
0.39275,0.5031889874617881,0.8726277481970707,0.00731243615191679,8.472314605710581e-19
0.393,0.5021492639404491,0.8731393001322649,0.007236874181737019,0.0
0.39325,0.5011093282862316,0.8736500821228326,0.007161866280048557,0.0
0.3935,0.50006915188225,0.8741600465934691,0.007087356550825152,0.0
0.39375,0.49902875918496076,0.8746691210553184,0.007013293765958606,0.0
0.394,0.4979881544604223,0.8751774947443586,0.006939843928081668,0.0
0.39425,0.49694730440879054,0.8756849563354661,0.006866806539678416,0.0
0.3945,0.4959062529550239,0.8761916029518613,0.0067942872321258285,0.0
0.39475,0.49486497588734024,0.8766974222263455,0.006722262840301418,0.0
0.395,0.4938234725181103,0.8772024504989695,0.006650764253046004,0.0
0.39525,0.4927817540865692,0.8777065956450636,0.006579716266666535,0.0
0.3955,0.4917398100631968,0.8782099591428854,0.006509201715879653,7.084167210822934e-20
0.39575,0.49069766070756793,0.8787124732347255,0.006439170959759322,1.3801416909900476e-18
0.396,0.4896552714812233,0.8792141485154603,0.006369615916098859,0.0
0.39625,0.488612680361072,0.8797149814544698,0.0063005515277576585,7.824733914303701e-19
0.3965,0.4875698663413715,0.8802150183130744,0.006232007554932029,0.0
0.39675,0.486526840198802,0.8807141902348865,0.006163928549877351,0.0
0.397,0.48548359749953257,0.8812125082762519,0.006096321523745285,0.0
0.39725,0.48444013688075716,0.8817099916156347,0.006029202128789768,0.0
0.3975,0.48339645214261673,0.8822066484074873,0.005962574074424021,0.0
0.39775,0.48235256861743425,0.882702463691449,0.005896435950933476,4.823465978108459e-19
0.398,0.48130845793511157,0.8831973851989414,0.005830727757967447,0.0
0.39825,0.48026413755547,0.8836915356076217,0.005765565092808345,0.0
0.3985,0.47921961383500694,0.8841847743295328,0.005700827005894471,0.0
0.39875,0.4781748728121151,0.884677190061997,0.0056365842613688155,5.808211910964753e-19
0.399,0.4771299184862817,0.8851687515472375,0.0055728108050758784,0.0
0.39925,0.4760847494209822,0.8856594823246939,0.005509526192011949,0.0
0.3995,0.4750393756416703,0.8861493523939682,0.005446708263683764,1.2526390190081447e-18
0.39975,0.4739937834236008,0.8866383328746605,0.0053843245480689195,0.0
0.4,0.4729479892582461,0.8871264537116543,0.005322408692074232,9.799892717363337e-19
0.40025,0.4719019858492301,0.8876137608822632,0.005260997331540063,0.0
0.4005,0.4708557679739849,0.88810018499204,0.005200026272018432,1.0791030847055043e-18
0.40075,0.46980935286255543,0.8885857387375387,0.0051395142590258125,3.7668794347925713e-19
0.401,0.46876271596866886,0.8890704739432425,0.005079495124631794,0.0
0.40125,0.4677158830838086,0.8895543126595256,0.0050199114744085005,0.0
0.4015,0.46666884294422906,0.8900372955303093,0.004960793468985258,9.25395342974521e-19
0.40175,0.46562160013798415,0.8905193931323199,0.004902116656051225,7.014035959674683e-19
0.402,0.46457414231370114,0.8910006273280111,0.004843894147454453,9.787283500974703e-19
0.40225,0.4635264854645895,0.8914809850467629,0.004786121235310858,1.277484557053515e-18
0.4025,0.46247861968103304,0.8919605178975405,0.004728838617724884,2.9882428458484254e-19
0.40275,0.46143056467345456,0.8924391672087568,0.004672002786542562,0.0
0.403,0.46038229027402644,0.8929168647607317,0.0046155386873592,9.157457697691777e-19
0.40325,0.4593338227863233,0.8933937847993869,0.004559612702835336,0.0
0.4035,0.4582851472423988,0.8938697348290535,0.004504046296653685,7.612360883258779e-19
0.40375,0.45723627905150993,0.8943448782516472,0.004448991306091221,0.0
0.404,0.4561872050285048,0.894819160823014,0.004394392959121474,5.978948807258347e-19
0.40425,0.455137929806229,0.895292498271266,0.004340177733174633,1.2250633722640568e-18
0.4045,0.4540884540287451,0.8957649867220326,0.004286431014249414,0.0
0.40475,0.4530387896538177,0.8962365512475533,0.004233090832553854,3.70602316818523e-19
0.405,0.4519889071997525,0.8967072836835568,0.004180225279690086,0.0
0.40525,0.45093884483738345,0.8971771283654479,0.0041278013506773625,0.0
0.4055,0.4498885736167392,0.8976460232603736,0.004075750003986078,1.218770682210216e-18
0.40575,0.4488381141681239,0.8981141021388233,0.004024199504485182,0.0
0.406,0.44778745707684586,0.8985812224309253,0.0039730175760721576,0.0
0.40625,0.44673661083243243,0.8990474894400674,0.003922301638197734,8.810951707484335e-19
0.4065,0.44568554968514107,0.8995128454947934,0.0038719880583810706,1.1683927786278177e-19
0.40675,0.4446343160607207,0.8999772981810639,0.0038221018985746813,1.121156633252397e-18
0.407,0.4435828709095507,0.9004409256329342,0.003772695344446353,7.928430587698523e-19
0.40725,0.442531240747675,0.9009035897058781,0.003723655685474947,2.801405602196171e-20
0.4075,0.44147941301698673,0.9013653620564056,0.003675041053078365,0.0
0.40775,0.4404273973644154,0.9018262221266622,0.003626836660140631,0.0
0.408,0.43937519416906073,0.902286176858548,0.0035790483071649337,8.507921338727932e-19
0.40825,0.4383227960798979,0.9027452447100671,0.0035316887921070794,3.181160224922303e-18
0.4085,0.43727019825869917,0.9032034043388988,0.0034847362539094373,1.0150299225187485e-17
0.40875,0.4362174224590912,0.9036606610682253,0.003438204384861532,1.9419864654185756e-18
0.409,0.43516444729792997,0.9041169987102371,0.003392068709395346,0.0
0.40925,0.4341112962219066,0.9045724164098501,0.003346338029406093,0.0
0.4095,0.4330579410362754,0.9050269617896971,0.003301042489674666,1.8052258297272398e-19
0.40975,0.43200441243354887,0.9054805678194144,0.0032561343249413177,0.0
0.41,0.4309506834103234,0.9059332342891921,0.0032116010700340425,0.0
0.41025,0.42989676865422455,0.9063850152158683,0.003167497234242367,3.051168840681931e-18
0.4105,0.42884268159141326,0.9068358738626998,0.0031237947924676046,1.3079366457675125e-18
0.41075,0.42778840702820253,0.9072858401851676,0.0030805137117519976,0.0
0.411,0.4267339312143279,0.9077348309066844,0.0030375722229061264,0.0
0.41125,0.42567928501854496,0.9081829252817895,0.0029950545577419607,0.0
0.4115,0.42462444540479477,0.9086301112138815,0.0029529393944065507,5.8152815757224724e-18
0.41175,0.42356943354960686,0.909076297752002,0.002911152681044582,3.2601090747193256e-18
0.412,0.4225142236996611,0.9095216915363487,0.0028698702242819785,4.135027032230006e-18
0.41225,0.4214588489076646,0.9099660488572597,0.0028288844042470007,3.460198569256813e-17
0.4125,0.4204032761487194,0.910409544192526,0.002788338959632819,0.0
0.41275,0.4193475333048491,0.9108520603835055,0.002748138663811517,0.0
0.413,0.41829160128225495,0.911293669436412,0.0027083402755527786,0.0
0.41325,0.41723549618890987,0.9117343298761651,0.0026689122311240876,0.0
0.4135,0.41617921077686804,0.9121740633043884,0.0026298705145859635,0.0
0.41375,0.4151227482904266,0.9126128299092886,0.0025911796256921082,0.0
0.414,0.4140660908999924,0.9130507315078024,0.0025529242589310552,4.8887213358485874e-17
0.41425,0.41300928365671613,0.9134876362579505,0.002515002372917685,0.0
0.4145,0.4119522800136795,0.9139236135851042,0.002477457341023559,5.074917979143513e-17
0.41475,0.41089510102177684,0.9143585930955933,0.0024402330370867364,0.0
0.415,0.40983774201373663,0.9147927339799398,0.002403472121585981,0.0
0.41525,0.40878021760394667,0.9152258503278043,0.0023670103373227835,4.303664555153915e-17
0.4155,0.40772251904629697,0.9156580856596763,0.002330974464723079,0.0
0.41575,0.4066646344142549,0.916089301657212,0.002295232700464389,5.898344828236845e-17
0.416,0.405606591549254,0.9165196546729518,0.0022599385937911443,5.3014338709302443e-17
0.41625,0.4045483558146523,0.9169489574246948,0.002224906253368575,0.0
0.4165,0.4034899727073059,0.9173773791795,0.002190308227729032,3.105358367986751e-17
0.41675,0.40243139657321736,0.9178048382517645,0.0021560507556783737,0.0
0.417,0.40137265014192847,0.9182313056857485,0.0021221158238697857,3.6286275964398843e-17
0.41725,0.4003137439124119,0.9186568220267348,0.0020885441024820484,0.0
0.4175,0.3992546520196254,0.919081428879129,0.0020553627768347127,1.3096489633567997e-17
0.41775,0.3981953961599983,0.919505016199806,0.0020224789592413472,0.0
0.418,0.3971359810278573,0.9199276825688139,0.0019899842729900197,0.0
0.41825,0.39607637581654054,0.9203493588181065,0.0019578023833464187,0.0
0.4185,0.3950166153585122,0.9207701137898003,0.0019260096722595321,5.445127382101168e-17
0.41875,0.39395668860449473,0.9211898364011075,0.0018944990291731578,0.0
0.419,0.39289659947160893,0.9216086543907289,0.0018633887532990556,2.2908965371008267e-19
0.41925,0.39183632755812436,0.9220264347916796,0.0018325479085279373,3.328520637525217e-17
0.4195,0.3907759049053502,0.922443324333144,0.0018021234063028135,2.256436075126985e-17
0.41975,0.3897153049890095,0.9228591787912845,0.0017719714695558775,6.105776558645006e-17
0.42,0.3886545405797294,0.9232741475999067,0.0017422340799926328,6.364761177666486e-17
0.42025,0.38759361822985794,0.923688058957783,0.0017127548123312408,0.0
0.4205,0.38653252722964293,0.9241010170636397,0.0016836248759324324,3.279029005514395e-17
0.42075,0.3854712804335629,0.9245129560652192,0.0016547878243982073,0.0
0.421,0.38440986313930103,0.9249240376896498,0.0016263866207304467,0.0
0.42125,0.3833482815606225,0.9253340289246395,0.0015982078964538182,2.776694897737301e-17
0.4215,0.3822865380865078,0.9257430566955827,0.001570369081597578,0.0
0.42175,0.38122464241202175,0.9261511078497664,0.0015428610666261555,0.0
0.422,0.3801625845352918,0.9265582180571403,0.0015157123728892774,4.740061746491282e-17
0.42225,0.37910035771438416,0.9269642493685961,0.001488792162278152,0.0
0.4225,0.37803797946921136,0.9273693888216474,0.001462279491644125,2.5938586868820564e-17
0.42275,0.37697543175212056,0.9277735292154714,0.0014360676836184805,3.1556549151010305e-17
0.423,0.3759127442917506,0.9281766322733109,0.0014101317737802432,4.8883962363878114e-18
0.42325,0.3748498854519552,0.9285787401868659,0.0013844982574731102,4.707961482167221e-17
0.4235,0.3737868692139592,0.9289799028121536,0.0013592179760726353,5.860710226392084e-17
0.42375,0.3727236891300433,0.9293800557887111,0.001334228185842612,0.0
0.424,0.3716603779857126,0.9297791765105012,0.001309519397987513,0.0
0.42425,0.3705968918899929,0.9301773429256153,0.0012851469839552099,0.0
0.4245,0.36953324734333715,0.9305744758416279,0.0012610428754493697,2.3169545261643772e-17
0.42475,0.3684694580312593,0.9309706318874085,0.001237264058170373,0.0
0.425,0.36740550889282,0.9313657864190813,0.0012137814057624485,2.5633059297857327e-17
0.42525,0.3663414102628121,0.931759922222825,0.0011905820242372744,0.0
0.4255,0.3652771517147298,0.9321530848914652,0.0011677038526067829,5.4404746068588834e-17
0.42575,0.36421275840836054,0.932545223448414,0.0011451079458357771,0.0
0.426,0.3631481944446977,0.9329363209368742,0.0011227647255227513,3.9063952657280854e-17
0.42625,0.3620834766325832,0.9333264346862653,0.0011007330606216392,0.0
0.4265,0.36101862586501077,0.9337155590010207,0.0010790145348413827,0.0
0.42675,0.35995362344266923,0.934103623821398,0.001057536341330767,0.0
0.427,0.35888845471206415,0.9344907536939677,0.0010364087610066353,0.0
0.42725,0.3578231485752849,0.9348768075225047,0.0010155098198032508,0.0
0.4275,0.3567576896368877,0.9352618484633046,0.000994892247731416,5.585231722666878e-17
0.42775,0.35569208758377785,0.935645888276379,0.0009745698159369098,0.0
0.428,0.3546263354056676,0.9360288720471514,0.0009544880108762754,0.0
0.42825,0.35356043150602146,0.9364109048240714,0.00093474382706904,8.470398284091214e-20
0.4285,0.35249438627827756,0.9367918680642646,0.0009152293920968724,0.0
0.42875,0.35142821293929427,0.9371718111625925,0.000895994840363068,0.0
0.429,0.3503618595835484,0.9375507121599964,0.0008770006961686949,0.0
0.42925,0.3492953781347967,0.9379286376802446,0.000858326920973429,0.0
0.4295,0.34822876408517,0.9383054860928774,0.0008398759883001539,6.726989647804594e-17
0.42975,0.34716199654555246,0.9386813359858074,0.0008217135801933395,0.0
0.43,0.3460950811481308,0.939056114597668,0.0008037727537799633,7.350532391891596e-18
0.43025,0.3450280289214963,0.9394298831694528,0.0007861140789398036,4.187508057285356e-17
0.4305,0.34396083070647276,0.9398026422378868,0.0007687342326399005,3.5410972690991055e-17
0.43075,0.3428935049750958,0.9401743434269376,0.000751593449832777,1.534095856448637e-17
0.431,0.34182601781178046,0.9405450083798832,0.000734699728841326,0.0
0.43125,0.34075840356984743,0.9409146524297911,0.0007180785618623453,2.689646459016581e-17
0.4315,0.3396906449539774,0.9412832109238489,0.0007016625530109621,0.0
0.43175,0.33862274753923344,0.9416507808569147,0.0006855441343480706,0.0
0.432,0.3375547178717646,0.9420172965367308,0.0006696630416342941,0.0
0.43225,0.33648654693736046,0.9423827324943239,0.0006539915341852165,0.0
0.4325,0.33541822950249056,0.9427471569026993,0.0006385913658877307,0.0
0.43275,0.3343497952438548,0.9431105324939713,0.0006234367036730415,2.309123438038392e-17
0.433,0.33328119905295583,0.9434728544583066,0.0006085072304158334,0.0
0.43325,0.3322124880618937,0.9438341201090404,0.000593815444749124,6.921859809676924e-17
0.4335,0.33114363467906616,0.9441943285046803,0.0005793505608973071,0.0
0.43375,0.3300746469779545,0.9445534937984309,0.0005651279274345722,0.0
0.434,0.3290055245643658,0.9449116474411055,0.0005511764341379344,0.0
0.43425,0.32793626983928603,0.9452686917041152,0.0005374038945842319,0.0
0.4345,0.3268668772565882,0.9456247078998625,0.00052388459155428,6.738284491136242e-17
0.43475,0.3257973573748147,0.9459796272592286,0.000510556297094622,0.0
0.435,0.3247277110749889,0.9463335330671364,0.000497497321872542,0.0
0.43525,0.32365792520274583,0.9466863269185375,0.00048460963727881,0.0
0.4355,0.3225880102977433,0.9470381057035944,0.00047198763509093133,0.0
0.43575,0.321517956624376,0.9473887955961353,0.0004595576298973558,0.0
0.436,0.32044778673633056,0.9477384237393844,0.0004473518662668763,0.0
0.43625,0.31937749097761303,0.9480869712600877,0.00043534864391991945,2.5095881444578416e-18
0.4365,0.3183070487934076,0.9484344853472098,0.0004235854413845441,0.0
0.43675,0.3172364956963897,0.9487808872342594,0.0004119982201100658,2.941013301019971e-17
0.437,0.3161658012089106,0.9491262379267225,0.00040063443352833517,0.0
0.43725,0.315094990887067,0.9494705307983167,0.0003894952150176323,5.894050055570209e-17
0.4375,0.3140240441951301,0.9498137328705754,0.0003785420940423112,3.39457980869715e-17
0.43775,0.31295297970241476,0.9501558644748876,0.00036779951208010253,0.0
0.438,0.31188179569242813,0.9504969145835327,0.0003572557427415912,0.0
0.43825,0.31081047664957573,0.9508368901144477,0.0003469118249181946,1.942783791345041e-17
0.4385,0.30973903604358755,0.9511757821024511,0.00033676274913552184,2.0557295985742266e-17
0.43875,0.30866747611870016,0.9515135839206277,0.00032680219964409396,1.8323260103347043e-17
0.439,0.30759577706308683,0.9518503222604975,0.00031704876726812437,0.0
0.43925,0.3065239790974523,0.9521859425916044,0.00030746224888145157,5.997263144789162e-17
0.4395,0.3054520474182616,0.9525204977259258,0.0002980815037352258,0.0
0.43975,0.3043799953753308,0.9528539741299059,0.00028889706916257474,0.0
0.44,0.3033078157161435,0.9531863252894625,0.0002798617353680921,0.0
0.44025,0.30223553277551984,0.9535176312071207,0.000271058411139391,0.0
0.4405,0.3011631138981078,0.9538478409542716,0.0002624279987377687,0.0
0.44075,0.30009058622231777,0.9541769304404413,0.00025395501542369026,0.0
0.441,0.29901793395495113,0.9545049280697658,0.00024566109339185793,5.98343143815886e-17
0.44125,0.2979451788042394,0.9548318330075857,0.00023755123336388628,0.0
0.4415,0.2968722838843222,0.955157661904358,0.00022962965175832295,0.0
0.44175,0.295799278331328,0.9554823754766847,0.00022186684150371505,0.0
0.442,0.2947261605065133,0.955805964650358,0.00021425292189891643,1.4108935359539502e-17
0.44225,0.2936529300679429,0.9561285126319928,0.00020686660578128624,2.485475737500328e-17
0.4425,0.2925795769527686,0.9564499116701035,0.00019960127147111706,1.9296514868660356e-17
0.44275,0.2915061149020698,0.9567702076779934,0.00019250413382376763,6.818158865654443e-17
0.443,0.29043254050637,0.9570894141887621,0.00018558644742139307,2.653640160765179e-16
0.44325,0.28935885674147266,0.9574074715778111,0.00017879132070652837,2.5919696067554794e-16
0.4435,0.2882850419993157,0.9577244683914119,0.000172196572250094,2.6643243677907627e-16
0.44375,0.287211122331746,0.9580403511359621,0.00016575786005534887,1.1064652040375324e-16
0.444,0.28613709598123277,0.9583551142549599,0.00015946864248128634,2.567215195160762e-16
0.44425,0.28506296108056584,0.9586687492756644,0.000153319555450393,7.727295946836421e-17
0.4445,0.2839887021940366,0.9589812836263218,0.00014733180639003862,0.0
0.44475,0.28291434098688817,0.9592926973436608,0.0001414917465036858,0.0
0.445,0.28183987352173806,0.9596029772052145,0.00013578486516552246,2.577547376958285e-16
0.44525,0.28076529022238605,0.9599121504345347,0.0001302338923234725,0.0
0.4455,0.2796906078826962,0.9602202136526756,0.00012483963002440923,0.0
0.44575,0.2786158065901955,0.9605271116156708,0.00011954277008752179,0.0
0.446,0.2775409063736602,0.9608329322117948,0.0001144326193018852,0.0
0.44625,0.27646589546654377,0.961137621364297,0.0001094532889571731,2.573295654094998e-16
0.4465,0.27539077865802064,0.9614411687064901,0.00010459545668140002,0.0
0.44675,0.2743155607965041,0.9617435702712093,9.985594095196504e-05,0.0
0.447,0.2732402231913357,0.9620448992192991,9.52993007827807e-05,2.548202266160456e-16
0.44725,0.27216478744236017,0.9623450663033228,9.084495454314556e-05,0.0
0.4475,0.27108925951568996,0.9626440943324263,8.651574644402693e-05,2.468598700835793e-16
0.44775,0.27001361440091776,0.9629419689804508,8.229040704188506e-05,0.0
0.448,0.2689378715010111,0.9632387708911472,7.825117606796717e-05,0.0
0.44825,0.2678620313307266,0.9635343753336971,7.427738059595512e-05,7.178638387130624e-17
0.4485,0.26678608590460906,0.9638288845771554,7.046470613514266e-05,2.015614446714544e-16
0.44875,0.2657100394771851,0.964122223664228,6.674139390461242e-05,2.0574863356135229e-16
0.449,0.26463388298025914,0.9644143984541933,6.310999205094703e-05,3.7667974967297714e-17
0.44925,0.2635576409675664,0.9647054828647266,5.964761190813128e-05,5.413570272287344e-17
0.4495,0.2624812845591303,0.9649954036440869,5.627531555707499e-05,0.0
0.44975,0.26140483917896473,0.965284166027857,5.300416041742473e-05,0.0
0.45,0.26032829458475953,0.9655717941689764,4.985408533797475e-05,2.858836712242116e-17
0.45025,0.2592516460592326,0.9658582706479382,4.6806386304831804e-05,0.0
0.4505,0.2581749086656857,0.9661435986325688,4.3867359440064035e-05,0.0
0.45075,0.25709806867899765,0.9664277881261332,4.104244817915159e-05,1.65898015454551e-16
0.451,0.25602113084052724,0.9667108059106104,3.830011715266757e-05,0.0
0.45125,0.2549441080181149,0.9669926668189097,3.565731162757935e-05,0.0
0.4515,0.25386697230140676,0.9672733857896136,3.312069270289264e-05,0.0
0.45175,0.25278975806995807,0.9675529099950113,3.064724281442999e-05,0.0
0.452,0.2517124361378728,0.967831340628069,2.8326802990141786e-05,0.0
0.45225,0.25063503386999053,0.9681085664727427,2.6058000950346383e-05,1.9006898131386666e-16
0.4525,0.24955753300720046,0.9683846189740142,2.3865988250548753e-05,2.4515299783369315e-17
0.45275,0.24847993526382475,0.9686595763949091,2.1826346944919806e-05,0.0
0.453,0.24740225292697493,0.9689332945226896,1.9801797912499808e-05,0.0
0.45325,0.24632447494219026,0.9692059114788774,1.792273996126248e-05,3.4001063642855046e-18
0.4535,0.2452465986514928,0.9694772777952974,1.6043027063927795e-05,0.08461876430705109
0.45375,0.2441686585341021,0.9697475690266444,1.4340618887942469e-05,0.17815776677967993
0.454,0.24309062168503853,0.9700166973216174,1.272163605836596e-05,0.26535400550166344
0.45425,0.24201250982257472,0.9702847005571282,1.1227459900897685e-05,0.346051846478134
0.4545,0.2409343071037648,0.9705515377374803,9.813823923954246e-06,0.4207314000745331
0.45475,0.2398560249163019,0.9708172260966599,8.499551210183753e-06,0.4904679058272385
0.455,0.23877767459069626,0.9710817508970888,7.27237770425937e-06,0.5539850400818898
0.45525,0.23769922336996985,0.9713451081798303,6.119969059525943e-06,0.6132239957891366
0.4555,0.23662069886499834,0.9716073019066147,5.052112043824053e-06,0.6673621229441538
0.45575,0.23554208698655715,0.9718683586416872,4.090627068409347e-06,0.7170713585559009
0.456,0.23446338143000203,0.9721281993930198,3.1566383704717538e-06,0.7627039064733853
0.45625,0.23338460738284852,0.9723868792513493,2.308949046625486e-06,0.8037990003367165
0.4565,0.23230574535990822,0.9726444022208616,1.5462482043648862e-06,0.84141833286154
0.45675,0.2312267983207817,0.9729006903604656,7.927824607900646e-07,0.8754063196179028
0.457,0.23014777930537256,0.9731558183148852,1.2351964651102776e-07,0.9057338379917214
0.45725,0.22906866859803598,0.9734097777251158,-4.7484804466257913e-07,0.9336531529194902
0.4575,0.22798947531655128,0.9736625352491364,-1.0332990878492154e-06,0.9577248274020095
0.45775,0.2269102005823445,0.973914095523942,-1.5477069287284095e-06,0.9791195766024869
0.458,0.22583086734499508,0.9741644620580309,-2.010110717542979e-06,0.9979046339733977
0.45825,0.22475141746743849,0.9744136351744619,-2.433969196080632e-06,1.0142764023693935
0.4585,0.22367190567511208,0.9746616107578292,-2.8115672612294418e-06,1.0280845867396142
0.45875,0.22259231164884707,0.9749083567140211,-3.179407049080929e-06,1.039627767205612
0.459,0.22151263834809184,0.9751539420380666,-3.4701958644411945e-06,1.0489731589602225
0.45925,0.22043288954507656,0.9753983126702999,-3.736430350453901e-06,1.0563241133309855
0.4595,0.21935306486159317,0.9756414772650484,-3.970395831887075e-06,1.0618849821136331
0.45975,0.2182731511598084,0.9758834095702504,-4.20121298017051e-06,1.0657497462749859
0.46,0.21719316343860945,0.9761241714111113,-4.365880780898834e-06,1.067763422446133
0.46025,0.21611310629317076,0.9763637085194736,-4.516997410219936e-06,1.0686340256345712
0.4605,0.2150329731975121,0.9766020223697884,-4.655181374046968e-06,1.0676554809353602
0.46075,0.2139527679269751,0.9768391228928526,-4.770552533339689e-06,1.0655271327157942
0.461,0.21287247664132453,0.9770750415432123,-4.8359526525487695e-06,1.0619516253221444
0.46125,0.211792127616787,0.9773096999670476,-4.922527052642067e-06,1.0574773155592623
0.4615,0.21071167256529547,0.9775431749846402,-4.966055173305506e-06,1.0518585659301152
0.46175,0.20963118613610998,0.9777754346914509,-4.982568968858736e-06,1.045095199811917
0.462,0.2085506000506988,0.9780064561135078,-5.009521943044604e-06,1.0375138052116688
0.46225,0.2074699759447295,0.9782362858652309,-4.989061491156299e-06,1.0291649058623487
0.4625,0.2063892400235693,0.9784648806011593,-4.979528724136095e-06,1.01967792162756
0.46275,0.20530846000607525,0.9786922593045504,-4.94892589020246e-06,1.0097014727400762
0.463,0.2042275963053382,0.9789184217437449,-4.906251075298407e-06,0.9987927591838501
0.46325,0.20314667233717887,0.9791433680149464,-4.847207086711158e-06,0.9875511233980793
0.4635,0.20206570129591794,0.9793670872692488,-4.780378194291224e-06,0.9754849018776971
0.46375,0.2009846268351683,0.9795895769713516,-4.720243648614897e-06,0.9631058204039004
0.464,0.1999034988558656,0.9798108630148561,-4.631942360333596e-06,0.9501341412919326
0.46425,0.19882233392844778,0.9800309116594345,-4.545871943761881e-06,0.9367700642274472
0.4645,0.19774105705125689,0.9802497485334414,-4.4524381003219204e-06,0.9230435702213778
0.46475,0.19665976297051066,0.9804673681405918,-4.338829334593619e-06,0.9089410384558383
0.465,0.19557838796904145,0.9806837546382647,-4.233782975870959e-06,0.8944718874195328
0.46525,0.19449694862700725,0.9808989292382642,-4.113805466721132e-06,0.8798500074350859
0.4655,0.19341544663593885,0.9811128739588322,-3.9967854176259365e-06,0.8647969838008984
0.46575,0.1923338989161037,0.9813255938868046,-3.875062728142531e-06,0.849639147344861
0.466,0.19125227697642072,0.9815371049415247,-3.73909416284679e-06,0.8342173324434587
0.46625,0.19017059505818779,0.9817473801449574,-3.613183391149022e-06,0.8188221282461413
0.4665,0.18908887330124025,0.9819564432670143,-3.4707660543364938e-06,0.8031090843561072
0.46675,0.1880070830960321,0.9821642736158678,-3.338174739964117e-06,0.7874337501035944
0.467,0.18692526450417893,0.9823708847330797,-3.1951644990924066e-06,0.7715896583222187
0.46725,0.1858433529039359,0.982576280108086,-3.050979843877144e-06,0.7556614467568994
0.4675,0.18476139739433714,0.9827804490948527,-2.907459132339696e-06,0.7396867748732524
0.46775,0.18367940023005488,0.9829833925229651,-2.7639814046409583e-06,0.7237325764339312
0.468,0.18259734946028916,0.9831851210879368,-2.612824101522193e-06,0.7077621389244232
0.46825,0.1815152552426718,0.9833856225278097,-2.4647629274232585e-06,0.6917069185844129
0.4685,0.18043307463645825,0.9835849060979908,-2.3190394095040645e-06,0.6757819212828386
0.46875,0.17935087799970084,0.9837829663846758,-2.168808403979483e-06,0.6598792887568952
0.469,0.17826865000273354,0.983979806568379,-2.014347957990381e-06,0.6439930552601597
0.46925,0.17718632982088,0.9841754260670363,-1.8676269308848248e-06,0.6281823780451661
0.4695,0.17610399588041548,0.9843698252727768,-1.714865167090629e-06,0.6124307562907274
0.46975,0.17502161799776067,0.984563004025264,-1.5621703172152834e-06,0.5967633260399303
0.47,0.17393916134223436,0.9847549638708946,-1.4146425972860754e-06,0.5811696039949277
0.47025,0.17285671275634112,0.9849457039786917,-1.2585352875404965e-06,0.5656169383610148
0.4705,0.17177417293899944,0.9851352239440723,-1.1120285109411654e-06,0.5502090462124675
0.47075,0.17069162937133453,0.9853235279711572,-9.56444972999293e-07,0.5349386059102837
0.471,0.16960901917096277,0.9855106098644362,-8.09230572995645e-07,0.5197090637845524
0.47125,0.16852637486971145,0.9856964772745109,-6.57831162875766e-07,0.5046666688723601
0.4715,0.1674437052329747,0.9858811248563406,-5.06615052908721e-07,0.4896504626656973
0.47175,0.16636099583730718,0.9860645547598509,-3.5645520179983237e-07,0.4748203199503063
0.472,0.16527823816990544,0.9862467695142936,-2.0680505741221822e-07,0.460093685369495
0.47225,0.16419545342163835,0.9864277717066532,-5.214075604609292e-08,0.44549636100564527
0.4725,0.16311262658846867,0.9866075519831047,9.529133748742424e-08,0.4309634851736018
0.47275,0.16202975790468843,0.9867861215771466,2.4609192927904644e-07,0.416589231062963
0.473,0.1609468726149649,0.9869634706706547,3.9412132335492345e-07,0.4023720402233887
0.47325,0.15986395059997097,0.9871396138828132,5.499989184087895e-07,0.38818894886695793
0.4735,0.1587809968458792,0.9873145350872732,6.980767410791344e-07,0.37415815291423804
0.47375,0.1576980260038781,0.9874882513512551,8.569807723457501e-07,0.36029342763996947
0.474,0.15661500112403298,0.9876607468098069,1.004682488536801e-06,0.34650927079419763
0.47425,0.1555319697787095,0.9878320368171214,1.1632920773330113e-06,0.3327539857951707
0.4745,0.1544488869480325,0.9880021113401174,1.3153451428049578e-06,0.31919159162923044
0.47475,0.1533658210540215,0.9881709777242869,1.4781409811703838e-06,0.3057412146506982
0.475,0.15228267691383668,0.9883386281199835,1.6287597410791221e-06,0.2922978000849852
0.47525,0.15119954183277282,0.9885050758310268,1.7931954643390924e-06,0.2789819156089414
0.4755,0.1501163659860993,0.9886703052224775,1.9478808925832425e-06,0.26578748055150414
0.47575,0.14903318661990214,0.9888343382986196,2.1196540291867905e-06,0.25261767148436315
0.476,0.1479499667371455,0.9889971539557609,2.2815924558550194e-06,0.23961477863769276
0.47625,0.14686674777716446,0.9891587649992793,2.45198576420691e-06,0.22658691008251222
0.4765,0.14578349137949476,0.9893191715049869,2.6247296098791395e-06,0.21369287481858482
0.47675,0.1447002423477563,0.989478361764129,2.79426355787038e-06,0.20076109906285342
0.477,0.14361692192694453,0.989636358564117,2.9712234936862814e-06,0.18804167676068304
0.47725,0.1425336238312469,0.989793143153736,3.150073348168192e-06,0.1750669687859453
0.4775,0.14145030601096928,0.9899487260849686,3.3346683645518738e-06,0.16228732231377563
0.47775,0.14036698828465338,0.9901031116581547,3.531551396207533e-06,0.14946875009145633
0.478,0.1392836249312398,0.990256290922787,3.7249361333202557e-06,0.13671275978484843
0.47825,0.13820027068471774,0.9904082665746174,3.9246506324808195e-06,0.12389836149777879
0.4785,0.13711689472098376,0.9905590386088585,4.125885304295807e-06,0.11103513036073642
0.47875,0.13603352616639414,0.9907086056149482,4.33073101135939e-06,0.09818282298089041
0.479,0.13495012103135567,0.9908569919170391,4.556788248288868e-06,0.08532393903583786
0.47925,0.13386673299560073,0.9910041607999223,4.774451439093497e-06,0.07235076167712358
0.4795,0.13278331887933223,0.9911501423147643,5.007179058047484e-06,0.05922894533356167
0.47975,0.1316999015600412,0.9912949244049025,5.245597164860172e-06,0.046138025282210345
0.48,0.13061647118490638,0.9914385030806655,5.4839527772188035e-06,0.032997545960673634
0.48025,0.12953305057421327,0.9915808953908405,5.741631098121758e-06,0.019504786856428945
0.4805,0.1284496272172308,0.9917220907770377,6.0060156761299055e-06,0.006058143716972665
0.48075,0.12736616581678273,0.9918620878419767,6.270726895740708e-06,1.354297525810977e-16
0.481,0.12628274140902335,0.9920008848696609,6.543158577621e-06,0.0
0.48125,0.12519929858286494,0.9921384672174394,6.801225977293157e-06,0.0
0.4815,0.12411584804327766,0.992274861765252,7.072488366066665e-06,1.3138997672442803e-16
0.48175,0.12303240508125401,0.9924100338635743,7.323979768880662e-06,0.0
0.482,0.12194897105071885,0.9925440112514304,7.58287695434845e-06,5.693309787111908e-17
0.48225,0.1208655223187001,0.9926767869421167,7.838878824273365e-06,0.0
0.4825,0.11978208660224476,0.9928083586060961,8.092561714523328e-06,2.2610703973239544e-16
0.48275,0.11869864557907553,0.9929387285373202,8.343511001429604e-06,0.0
0.483,0.11761521867925757,0.9930678920205779,8.588876697412928e-06,5.359916653989759e-17
0.48325,0.11653178532174875,0.9931958474126987,8.824115119043796e-06,0.0
0.4835,0.1154483557149219,0.9933226092294567,9.064380765977376e-06,1.4888767613416348e-16
0.48375,0.11436495183516784,0.9934481710128709,9.305305245010942e-06,1.069838503871945e-16
0.484,0.11328152222320406,0.9935725329160132,9.540675661945386e-06,0.0
0.48425,0.11219813806979453,0.993695683432412,9.766681574596703e-06,0.0
0.4845,0.11111474103141569,0.9938176391902953,9.992770197531087e-06,2.1086515938494899e-16
0.48475,0.11003134553850595,0.9939383985765784,1.0218530784422697e-05,0.0
0.485,0.10894797931826364,0.9940579553229199,1.0440314658355376e-05,2.084357029921961e-16
0.48525,0.10786462149571982,0.994176308337566,1.0654258306264097e-05,1.9940013499979812e-16
0.4855,0.10678127438486756,0.9942934647791728,1.0867271865500072e-05,0.0
0.48575,0.10569795898625504,0.9944094268735456,1.1083332996708606e-05,1.6611143651410468e-16
0.486,0.10461463214836061,0.9945241950715935,1.1297857348102625e-05,8.081753324092304e-18
0.48625,0.10353132101297637,0.9946377533974198,1.1497390984160916e-05,0.0
0.4865,0.10244803848471692,0.994750117956166,1.1698813154881194e-05,0.0
0.48675,0.10136477674227626,0.9948612820217464,1.1894144246848981e-05,0.0
0.487,0.10028154094411763,0.9949712678437088,1.2105571049580988e-05,0.0
0.48725,0.0991983148367658,0.9950800344396962,1.2290227955569222e-05,1.2422551715431232e-16
0.4875,0.09811508146246989,0.9951876169004383,1.2480943293313729e-05,1.6609556243074818e-17
0.48775,0.09703189942676846,0.9952940017355807,1.2669618336680344e-05,2.8113736430720308e-16
0.488,0.09594874829878063,0.9953991855281401,1.2850342528070158e-05,0.0
0.48825,0.09486560633875768,0.9955031811594046,1.3033397322503859e-05,0.0
0.4885,0.09378247674314506,0.9956059835837989,1.3213658670796491e-05,1.5141969239775866e-16
0.48875,0.09269940589633263,0.9957075880808458,1.3390318003958512e-05,0.0
0.489,0.09161631603907443,0.9958080003773226,1.3561398070960351e-05,1.716173092908669e-16
0.48925,0.09053330243222815,0.9959072144491395,1.3729226319147969e-05,2.6969100086827767e-16
0.4895,0.08945026848148138,0.9960052393711495,1.389359657899547e-05,0.0
0.48975,0.08836729236607044,0.9961020769903994,1.4062973465511774e-05,0.0
0.49,0.08728433572260816,0.996197715048746,1.4221264317493265e-05,2.652748272141316e-17
0.49025,0.08620142763449379,0.996292155213784,1.4372230095149874e-05,2.519346689944202e-16
0.4905,0.08511852211938262,0.9963854124521847,1.4526372141165922e-05,2.6631392549663583e-16
0.49075,0.08403565726394369,0.9964774779274299,1.4677746479119236e-05,8.628102405580189e-17
0.491,0.08295283693080327,0.9965683547044422,1.4829266639981853e-05,0.0
0.49125,0.08187005884221316,0.9966580369662699,1.4974480025520265e-05,1.3354271597446496e-16
0.4915,0.08078727476595628,0.996746528134717,1.5112442168119244e-05,0.0
0.49175,0.07970457307886791,0.9968338330029816,1.525467819774029e-05,7.880750695758173e-17
0.492,0.07862188447799602,0.9969199516548309,1.5395244663984897e-05,1.3092495113390668e-16
0.49225,0.07753923209633026,0.9970048680557821,1.551960007906139e-05,6.19324710661285e-17
0.4925,0.07645662677675567,0.9970886091058162,1.5654970786593836e-05,1.945146186478949e-16
0.49275,0.07537406954961806,0.9971711505198612,1.5776770333930656e-05,0.0
0.493,0.0742915486172215,0.997252516430752,1.590773517801125e-05,2.2555658804987637e-16
0.49325,0.07320906997297219,0.9973326704076868,1.6011566232432273e-05,1.7343287158157276e-17
0.4935,0.07212662119036584,0.9974116707188834,1.6145054954952442e-05,0.0
0.49375,0.07104423197113385,0.9974894638640943,1.6256575985140742e-05,0.0
0.494,0.06996186100343793,0.9975660740885258,1.6366949790791452e-05,1.5617612869307574e-16
0.49425,0.06887956885674382,0.9976414939909917,1.6472633560526972e-05,0.0
0.4945,0.06779729476793901,0.9977157407183683,1.6586089977455032e-05,0.0
0.49475,0.06671510670514233,0.9977887874919978,1.6684814523326708e-05,0.0
0.495,0.06563292507376389,0.9978606552381977,1.678392222159708e-05,1.229222860673275e-16
0.49525,0.064550807487242,0.9979313369701577,1.6879884685572222e-05,0.0
0.4955,0.06346874594117605,0.9980008377973957,1.697683371815195e-05,0.0
0.49575,0.062386736329476354,0.998069157899169,1.707426393471323e-05,5.2854092289765365e-17
0.496,0.06130476408437384,0.9981362791582464,1.7152788545748976e-05,9.111716626683092e-17
0.49625,0.06022287043388994,0.9982022276467774,1.724055252472212e-05,1.4521546573348228e-16
0.4965,0.0591409866957955,0.9982669927593715,1.732242006258211e-05,0.0
0.49675,0.05805919883616971,0.9983305805865771,1.7409200374851608e-05,2.4786429578756205e-17
0.497,0.05697744513704778,0.9983929675485161,1.747329968071476e-05,2.869500519459095e-16
0.49725,0.05589575245718981,0.9984541988038087,1.75609716617231e-05,0.0
0.4975,0.054814120813852674,0.9985142236248943,1.762115565795419e-05,0.0
0.49775,0.05373255825349938,0.9985730796679666,1.7691470522329666e-05,0.0
0.498,0.052651040910245125,0.9986307576316047,1.776094067706957e-05,4.837325202852665e-17
0.49825,0.05156958419715754,0.9986872507351134,1.782323872956404e-05,2.4636089922596387e-16
0.4985,0.05048817481621258,0.9987425602412285,1.7878556916706145e-05,5.767692536900091e-17
0.49875,0.049406866992365434,0.9987967050577409,1.7948109033216753e-05,2.289555714444945e-16
0.499,0.04832559107608139,0.998849652444036,1.799530829660334e-05,2.2512624490463673e-16
0.49925,0.04724439665200161,0.9989014251623408,1.8044940373718177e-05,0.0
0.4995,0.04616324215725856,0.9989520218822028,1.809331082136545e-05,1.9672513471881295e-16
0.49975,0.04508217677238807,0.9990014516897173,1.815140561300943e-05,1.2053836680421527e-16
0.5,0.04400117392614129,0.9990496753069347,1.817835365880427e-05,0.0
0.50025,0.04292022155271628,0.9990967444337674,1.822491206993071e-05,1.6094904349942288e-16
0.5005,0.041839351174594135,0.9991426335825904,1.8266607698214088e-05,0.0
0.50075,0.04075855164849688,0.9991873375825373,1.8297391483956815e-05,0.0
0.501,0.03967783032638439,0.9992308761151094,1.8336832469545428e-05,1.7707861381821375e-16
0.50125,0.038597162978156456,0.9992732371223851,1.83715407497953e-05,1.0431584865107103e-16
0.5015,0.03751657519571072,0.9993144113452552,1.8392899215236014e-05,2.490707131275408e-16
0.50175,0.03643606975565612,0.9993544158617894,1.8417671243442513e-05,2.7908252219367366e-16
0.502,0.035355602082638604,0.9993932548755768,1.844807454709496e-05,0.0
0.50225,0.03427524354023779,0.9994309145619571,1.8472480330045116e-05,0.0
0.5025,0.033194966360905846,0.9994673851357603,1.8479700158335888e-05,0.0
0.50275,0.0321147456672011,0.9995026990598377,1.8500987441383288e-05,0.0
0.503,0.031034624827854327,0.9995368294770137,1.8510538263294407e-05,0.0
0.50325,0.029954566611194743,0.999569786766408,1.8517167110765342e-05,2.826714903824526e-16
0.5035,0.028874586437680635,0.9996015749172045,1.8524987863699494e-05,2.820890705198512e-16
0.50375,0.027794693255615923,0.9996322006849463,1.854063782347204e-05,2.1883023236852872e-16
0.504,0.02671487208282751,0.9996616440818302,1.8543347466870586e-05,1.876063863290295e-16
0.50425,0.02563513361779986,0.9996899125730065,1.8540516038667576e-05,1.4375419711774927e-16
0.5045,0.0245554920507437,0.9997170157547075,1.8541717778486344e-05,1.2055643426495034e-16
0.50475,0.02347593976754957,0.9997429395238078,1.8532266114368312e-05,5.05798564332517e-17
0.505,0.022396447314418595,0.9997677067641415,1.853399861451166e-05,4.714457549636514e-18
0.50525,0.02131706139367569,0.9997912917322782,1.8521893549339197e-05,8.737830692328511e-17
0.5055,0.020237745844413575,0.9998137129725324,1.8513331020431067e-05,8.228482905417175e-17
0.50575,0.019158547260999165,0.9998349661299344,1.8504543390474026e-05,1.2087173370034484e-16
0.506,0.018079399158945793,0.9998550402535888,1.848292641781768e-05,0.0
0.50625,0.01700037895335363,0.9998739473151862,1.8461531690716626e-05,1.4556740770855418e-16
0.5065,0.01592142526683841,0.9998916974376328,1.8449023435840317e-05,0.0
0.50675,0.014842576298958549,0.9999082774517197,1.843252394895245e-05,7.970819514784454e-17
0.507,0.013763785367781181,0.9999236823347394,1.8405971367707608e-05,8.252370846547723e-17
0.50725,0.012685139050273688,0.9999379189904413,1.837712497021471e-05,0.0
0.5075,0.011606548135091366,0.9999509881657394,1.8345178352641156e-05,1.3096515681799706e-17
0.50775,0.010528098260772448,0.9999629054705463,1.8326417113856408e-05,0.0
0.508,0.00944969012978288,0.9999736377164571,1.828621852362211e-05,0.0
0.50825,0.008371417679124034,0.9999832162344011,1.8256525577298177e-05,6.428774408405931e-17
0.5085,0.007293212617994496,0.9999916164713654,1.8211815817625876e-05,0.0
0.50875,0.006215122923208614,0.999998875469456,1.818918114038226e-05,3.744830826410529e-17
0.509,0.0051371588903512755,1.0000049439659704,1.8139014412277277e-05,0.0
0.50925,0.00405926451889241,1.0000098682203185,1.8106919296378976e-05,1.2919477022843843e-16
0.5095,0.0029814668144759627,1.000013599889003,1.8044390864391247e-05,0.0
0.50975,0.0019037976261914245,1.0000161880796825,1.8000271405416157e-05,0.0
0.51,0.0008262001144380908,1.0000176287293845,1.79700266240701e-05,0.0
0.51025,-0.000251261043960661,1.0000178849992643,1.7916564755360298e-05,0.0
0.5105,-0.0013286290001529024,1.0000169781340777,1.78607462131275e-05,3.4487460640161563e-18
0.51075,-0.0024058922037342523,1.0000149112437247,1.7805355029931746e-05,1.1705882664038457e-16
0.511,-0.0034830539690514093,1.0000116876436624,1.7753386847285668e-05,1.37227291191147e-16
0.51125,-0.004560101178636417,1.0000073006918002,1.7697823223583597e-05,0.0
0.5115,-0.00563704097314173,1.000001753037517,1.7640998917434203e-05,0.0
0.51175,-0.006713854206555249,0.9999950433651994,1.7581142088607393e-05,9.540303127725845e-17
0.512,-0.007790586176827097,0.9999871608114752,1.7507357133128565e-05,6.701304931125615e-17
0.51225,-0.008867177408344917,0.9999781355326502,1.744903703881917e-05,0.0
0.5125,-0.009943682280994747,0.999967948289973,1.738706112686117e-05,3.4666386672839443e-17
0.51275,-0.011020061294923063,0.9999565984539105,1.732012123611959e-05,9.26714825156228e-17
0.513,-0.012096309509159322,0.9999440916097015,1.725337560687379e-05,0.0
0.51325,-0.013172454565275103,0.9999304161225919,1.7175175693662226e-05,0.0
0.5135,-0.014248498689934594,0.9999155983132553,1.7111586132934065e-05,1.023327443583764e-16
0.51375,-0.01532440982283333,0.9998996201105557,1.704377158073811e-05,0.0
0.514,-0.016400197072198065,0.9998824709941954,1.6960988894920703e-05,0.0
0.51425,-0.017475879677177366,0.9998641793146803,1.689158089246412e-05,2.127350801013306e-17
0.5145,-0.01855142485681565,0.9998447235042334,1.681310039725048e-05,3.078176221588029e-17
0.51475,-0.01962687404657784,0.9998241027687933,1.6725191265276607e-05,2.7073081759285604e-17
0.515,-0.020702162601374557,0.9998023410931185,1.6650257211647812e-05,2.9346737530367782e-18
0.51525,-0.021777368056746908,0.9997794117654544,1.656283761475308e-05,2.8184498812505225e-18
0.5155,-0.022852424519625936,0.9997553376157414,1.6484062933086463e-05,0.0
0.51575,-0.023927356285675314,0.9997301092184682,1.640469383890064e-05,0.0
0.516,-0.025002155363175946,0.999703718713288,1.631635787879837e-05,3.000389679616185e-17
0.51625,-0.026076845745405773,0.9996761779347847,1.623117543880781e-05,0.0
0.5165,-0.027151404423425486,0.999647472807222,1.6134195858885647e-05,2.2947897086119584e-18
0.51675,-0.028225823966093133,0.9996176320821384,1.6053625173650943e-05,1.9968011546083757e-17
0.517,-0.029300140890481753,0.999586621942942,1.5956384448845284e-05,1.8693962024212335e-17
0.51725,-0.03037429480538116,0.9995544683992446,1.586641503870112e-05,0.0
0.5175,-0.03144834585577106,0.9995211603711969,1.5774119012545995e-05,0.0
0.51775,-0.0325222496711096,0.9994867055739378,1.5685548338417732e-05,0.0
0.518,-0.03359601129076959,0.9994510828191515,1.5579340154170396e-05,4.6721750149809404e-17
0.51825,-0.03466967107502225,0.9994143254491973,1.5489882793984222e-05,0.0
0.5185,-0.03574314766071394,0.9993764095677471,1.5390184179508992e-05,1.9054965477499117e-17
0.51875,-0.03681653602947317,0.9993373456475749,1.5293748625744286e-05,1.7718196851022332e-17
0.519,-0.0378897478415265,0.9992971302048889,1.5193598187801527e-05,0.0
0.51925,-0.03896285054392204,0.9992557619044762,1.5090597038414089e-05,0.0
0.5195,-0.04003579395528111,0.9992132441779116,1.4985956798829747e-05,0.0
0.51975,-0.041108606189664026,0.9991695808168357,1.4884255503444521e-05,6.107095645096976e-17
0.52,-0.042181268764942104,0.999124770857954,1.4783479014068845e-05,4.904723534322909e-17
0.52025,-0.04325380031177729,0.9990788015051744,1.4671321589387887e-05,1.1612075400474085e-17
0.5205,-0.04432618918614378,0.9990316965680508,1.4570791547763307e-05,0.0
0.52075,-0.04539843141814264,0.9989834420164926,1.4467394520600863e-05,0.0
0.521,-0.04647052833831894,0.9989340354606671,1.4358499804689728e-05,0.0
0.52125,-0.04754247132730932,0.9988834859361657,1.4252426381311523e-05,2.239860947374486e-18
0.5215,-0.04861429840594282,0.9988317854036984,1.4142671113326344e-05,0.0
0.52175,-0.04968595616113423,0.9987789399205127,1.4032435740052307e-05,0.0
0.522,-0.05075745480454617,0.9987249542014331,1.3926584470302927e-05,6.607821570853175e-17
0.52225,-0.05182880331388737,0.9986698163435043,1.381336885453166e-05,0.0
0.5225,-0.052900033059091814,0.9986135315678777,1.3699370224440344e-05,0.0
0.52275,-0.05397109660494111,0.9985561038179867,1.3585778162239492e-05,2.2015687394528864e-17
0.523,-0.05504201684195234,0.9984975338177124,1.3474238264254979e-05,3.640335533186222e-17
0.52325,-0.056112744457944105,0.9984378201818427,1.336034078680548e-05,0.0
0.5235,-0.057183374412066224,0.998376966635313,1.3252820721065817e-05,0.0
0.52375,-0.05825380742811688,0.9983149555069818,1.3128148215413304e-05,1.2235316007910329e-17
0.524,-0.059324097115881616,0.9982518189929018,1.3021225849785267e-05,0.0
0.52425,-0.06039423509419431,0.9981875312531341,1.2905507643434788e-05,5.12063419516133e-18
0.5245,-0.06146422339365455,0.9981220949183464,1.278347907796018e-05,0.0
0.52475,-0.06253400995998598,0.9980555239026674,1.2665516944121435e-05,2.348570679390538e-17
0.525,-0.06360370770586289,0.9979878117948152,1.255198369198851e-05,1.516165887605854e-17
0.52525,-0.06467318204241383,0.997918960789056,1.2436311569219427e-05,0.0
0.5255,-0.0657425474257548,0.9978489566811013,1.2311370010120726e-05,5.0396115058130383e-17
0.52575,-0.0668116990652679,0.9977778271822696,1.219769988747288e-05,6.536553629195227e-17
0.526,-0.06788071869964482,0.9977055523025853,1.2080460324748188e-05,0.0
0.52625,-0.06894958572404333,0.9976321335674863,1.1959577450149084e-05,0.0
0.5265,-0.07001825574130545,0.9975575772680378,1.1837980897100309e-05,7.590528395881675e-18
0.52675,-0.07108678751928499,0.9974818870499824,1.172310758734696e-05,4.781692454944906e-17
0.527,-0.07215513166797552,0.9974050477787744,1.159611306600361e-05,4.8341020081764214e-17
0.52725,-0.07322331838824214,0.9973270794893558,1.1478853394919497e-05,6.591897524876124e-17
0.5275,-0.07429134018753791,0.9972479623013747,1.1350706133006483e-05,2.5356596323775044e-18
0.52775,-0.07535918436268331,0.9971677198928341,1.1234068939103281e-05,2.4402239282087408e-17
0.528,-0.07642685505042585,0.9970863401916316,1.1116923027465475e-05,1.7107412021255486e-17
0.52825,-0.07749437378583689,0.9970038224230324,1.0999886799423209e-05,0.0
0.5285,-0.07856170640037635,0.9969201622148716,1.087571239177798e-05,0.0
0.52875,-0.07962886480078901,0.996835366380288,1.075183019172421e-05,0.0
0.529,-0.08069584448744171,0.9967494372892756,1.0629970516262688e-05,1.9940635056827154e-17
0.52925,-0.08176265931035434,0.9966623788398006,1.051487077430302e-05,0.0
0.5295,-0.08282930117709325,0.9965741640241392,1.0378713089842506e-05,0.0
0.52975,-0.08389575680385375,0.9964848431504361,1.0270266381118276e-05,2.4373489703253434e-17
0.53,-0.0849620302300381,0.9963943652290894,1.013876914779388e-05,0.0
0.53025,-0.08602814146379695,0.9963027735055419,1.0028758987035147e-05,6.536885664168063e-17
0.5305,-0.08709405215553043,0.9962100292424301,9.898093050741963e-06,4.541303418864514e-17
0.53075,-0.08815979528551439,0.9961161602200747,9.77703038951283e-06,1.0605270899118676e-17
0.531,-0.08922535824173103,0.9960211587512604,9.656570159721767e-06,0.0
0.53125,-0.09029072624702347,0.9959250229286905,9.53322542263102e-06,2.3928073809348816e-17
0.5315,-0.09135593507279521,0.9958277577986119,9.41499329676354e-06,0.0
0.53175,-0.09242094375004756,0.9957293586114184,9.293178996561124e-06,4.830024189992972e-17
0.532,-0.09348576074599799,0.9956298283880771,9.17127710864385e-06,0.0
0.53225,-0.09455040234354536,0.9955291697393662,9.053151659221825e-06,5.281043785189932e-17
0.5325,-0.09561485658819907,0.9954273677823736,8.922625456708744e-06,0.0
0.53275,-0.0966791040592162,0.9953244529864845,8.807898479235021e-06,3.5424190970616167e-17
0.533,-0.09774320787176222,0.995220400711536,8.690300985714217e-06,0.0
0.53325,-0.0988070797300668,0.9951152222102703,8.572202948364804e-06,4.7761805151488146e-17
0.5335,-0.09987077311151729,0.9950089107424385,8.451853656055164e-06,2.7164961280629078e-17
0.53375,-0.10093427995433701,0.9949014683224713,8.330235358400273e-06,0.0
0.534,-0.10199756554186623,0.9947928987315631,8.20733792639139e-06,2.9675541587967e-17
0.53425,-0.1030606879703405,0.9946832103347534,8.097130603790248e-06,2.3476352229648748e-17
0.5345,-0.10412361751355005,0.9945723828792055,7.976223254324566e-06,2.2649390261124424e-17
0.53475,-0.10518633838600593,0.9944604334036586,7.85966333682886e-06,2.9696818311509045e-18
0.535,-0.10624886057803587,0.9943473502258188,7.736607691377628e-06,0.0
0.53525,-0.10731120244670617,0.9942331497531266,7.6250902194541226e-06,0.0
0.5355,-0.10837333602583347,0.9941178098010215,7.4998343502219456e-06,0.0
0.53575,-0.1094352602914748,0.9940013554854491,7.385423714367789e-06,0.0
0.536,-0.11049701213986216,0.9938837711327189,7.270079988686007e-06,0.0
0.53625,-0.11155854147473385,0.9937650602065442,7.151506071112479e-06,2.449050638762395e-17
0.5365,-0.11261987535691162,0.9936452316061536,7.0412847366085884e-06,2.4721446779635227e-17
0.53675,-0.1136809964596548,0.9935242751318447,6.927092166320037e-06,2.1621201710025787e-17
0.537,-0.11474192546386368,0.9934021863312161,6.80661023255702e-06,0.0
0.53725,-0.11580264461934642,0.9932789809007321,6.693177616368118e-06,0.0
0.5375,-0.11686316201143962,0.993154655349687,6.584017359312355e-06,0.0
0.53775,-0.11792346949254603,0.9930292067266904,6.475013736739754e-06,0.0
0.538,-0.1189835745081263,0.9929026266510124,6.358486390078966e-06,4.589699550676907e-17
0.53825,-0.12004346499969631,0.9927749347339361,6.252243006876768e-06,6.474381060022624e-17
0.5385,-0.12110315540148801,0.9926461106126848,6.137562508889971e-06,2.350517383189976e-17
0.53875,-0.12216262688916461,0.9925161674825318,6.025043186586032e-06,2.7383634562513597e-18
0.539,-0.12322187144379251,0.9923851136424272,5.921673068787214e-06,2.2171502269400232e-17
0.53925,-0.1242809229834419,0.9922529325279683,5.814947077853461e-06,0.0
0.5395,-0.12533977161597826,0.9921196232586009,5.702585507139091e-06,7.191092351352206e-18
0.53975,-0.12639839716618012,0.9919852021146283,5.597994620964997e-06,3.8268173124337246e-17
0.54,-0.12745679112092623,0.991849659398929,5.490211236303111e-06,5.077158073775095e-17
0.54025,-0.1285149902081021,0.9917129938669944,5.38244192749282e-06,0.0
0.5405,-0.12957298045727417,0.9915752090848885,5.276254241293188e-06,3.8463837241948615e-17
0.54075,-0.13063072119102548,0.9914363159184673,5.176907034831757e-06,0.0
0.541,-0.13168827093830526,0.991296292093791,5.0696979585485025e-06,4.943701443011314e-17
0.54125,-0.13274559083578574,0.9911551655993158,4.9770778887126e-06,6.118434454933832e-17
0.5415,-0.1338026898807364,0.9910128998257066,4.863708310542947e-06,0.0
0.54175,-0.13485956628396464,0.9908695351122839,4.769104594126716e-06,0.0
0.542,-0.135916220915243,0.9907250431334345,4.66508893182116e-06,0.0
0.54225,-0.13697264894338085,0.9905794340647509,4.56086490374652e-06,0.0
0.5425,-0.138028856388996,0.990432720846741,4.469849976596052e-06,2.795290166987681e-17
0.54275,-0.13908484385736836,0.9902848733024878,4.362031762683571e-06,0.0
0.543,-0.14014060351324703,0.9901359309895599,4.275285670818363e-06,0.0
0.54325,-0.14119613753765248,0.9899858606060806,4.17671903440997e-06,1.4313627613496653e-17
0.5435,-0.1422514406037511,0.9898346740593068,4.077153656689703e-06,0.0
0.54375,-0.14330652161738888,0.9896823875754472,3.993699581705812e-06,3.306804949628197e-17
0.544,-0.14436135131603683,0.9895289716251523,3.892712085340477e-06,0.0
0.54425,-0.14541597067535011,0.9893744432012703,3.7966864314675774e-06,3.050913634737852e-17
0.5445,-0.14647035440894396,0.9892188140843076,3.713422628059959e-06,0.0
0.54475,-0.147524495849653,0.9890620617101646,3.6193884778157326e-06,0.0
0.545,-0.1485784294627677,0.9889042022424037,3.5354509040352866e-06,4.5987383823609066e-17
0.54525,-0.14963209558219423,0.98874522803969,3.444993854850864e-06,0.0
0.5455,-0.15068555919852417,0.9885851361263956,3.35455488142955e-06,3.160417161354856e-17
0.54575,-0.1517387555051589,0.9884239433608077,3.2708602426545497e-06,0.0
0.546,-0.152791727085429,0.9882616340957588,3.1846406129965033e-06,0.0
0.54625,-0.15384447434692908,0.9880982079496261,3.0954153820150765e-06,1.6013382316116358e-17
0.5465,-0.15489696446282197,0.9879336779660067,3.0108250865801267e-06,0.0
0.54675,-0.1559492241541819,0.9877680455587725,2.9361663338445254e-06,0.0
0.547,-0.15700122766920732,0.9876012888478445,2.845607732115951e-06,0.0
0.54725,-0.15805301290023657,0.9874334321902523,2.7689430983635077e-06,0.0
0.5475,-0.15910454672655536,0.9872644624875,2.6878362850979443e-06,0.0
0.54775,-0.16015582267994438,0.987094394901594,2.6159887953625116e-06,5.080409068638816e-17
0.548,-0.16120688433073932,0.9869232036808891,2.5347564747146833e-06,0.0
0.54825,-0.16225767616335118,0.9867509107316634,2.456648831472563e-06,1.6663636148859577e-17
0.5485,-0.16330823537831202,0.9865775071162739,2.3786422407301444e-06,2.6460294475915622e-17
0.54875,-0.16435853925227853,0.9864030120300302,2.3157808479723485e-06,1.6723701499919864e-17
0.549,-0.1654085796847114,0.9862273876841525,2.2292233259335603e-06,0.0
0.54925,-0.16645838836350382,0.9860506734004318,2.1627826711778653e-06,2.124997377617258e-17
0.5495,-0.1675079670186783,0.9858728444738447,2.092240651396793e-06,1.2627417130774164e-17
0.54975,-0.16855726822610367,0.9856939179125639,2.0262387805392024e-06,2.095715089548226e-17
0.55,-0.16960631099889428,0.9855138726072256,1.946914077066708e-06,0.0
0.55025,-0.17065510853291938,0.9853327390736937,1.8863776458655224e-06,1.886642932652899e-17
0.5505,-0.1717036778029456,0.9851504853261974,1.8158531014389467e-06,0.0
0.55075,-0.1727519684615456,0.9849671422754747,1.7569832835295784e-06,4.8708128345794376e-17
0.551,-0.17380001030340803,0.9847826787330802,1.683955665132686e-06,2.885820701750187e-17
0.55125,-0.17484778579408325,0.9845971314203189,1.629697779170769e-06,5.1820908021558907e-17
0.5515,-0.17589531506728054,0.9844104677889415,1.5654763048100762e-06,4.692597241893835e-17
0.55175,-0.17694258198559334,0.9842226990014826,1.4992736219188174e-06,0.0
0.552,-0.17798958454903246,0.9840338388426461,1.4440966231710206e-06,0.0
0.55225,-0.17903632907770617,0.9838438733189914,1.3870975059671053e-06,0.0
0.5525,-0.180082820517109,0.9836528067101789,1.333196216313226e-06,0.0
0.55275,-0.1811290473639174,0.9834606236404757,1.2650243366163494e-06,0.0
0.553,-0.1821749949147411,0.9832673618805896,1.216855159746899e-06,0.0
0.55325,-0.1832207012889821,0.9830729889839754,1.1635246801589005e-06,0.0
0.5535,-0.18426613604534353,0.9828775213034481,1.115387723515937e-06,1.3564789521620359e-17
0.55375,-0.18531129453609982,0.9826809399366324,1.052798139999922e-06,4.877767364442036e-17
0.554,-0.18635619072939663,0.982483274632818,1.0073776908203769e-06,7.195750506343872e-18
0.55425,-0.18740082716121748,0.9822845022985999,9.567379006814036e-07,1.5047836184406e-17
0.5545,-0.18844518920938008,0.9820846330607713,9.079147222923467e-07,2.044030892382144e-17
0.55475,-0.18948926792547188,0.9818836668348326,8.589276050408046e-07,2.7786761070026027e-17
0.555,-0.19053312124934438,0.9816815988653482,8.159215889591565e-07,5.653885715476626e-18
0.55525,-0.1915766554426408,0.9814784406598247,7.721950165961999e-07,9.353327340968895e-18
0.5555,-0.1926199401982035,0.9812741763406901,7.252572666871515e-07,5.545935874564799e-17
0.55575,-0.1936629436056317,0.981068813803113,6.765712936562807e-07,0.0
0.556,-0.19470566209087148,0.9808623646416184,6.366100930854657e-07,6.239770134432528e-17
0.55625,-0.19574812639440287,0.9806548128905739,5.955160053972008e-07,0.0
0.5565,-0.19679030603118475,0.9804461681935251,5.566364518205802e-07,0.0
0.55675,-0.1978322233838326,0.9802364234761538,5.172590222812801e-07,0.0
0.557,-0.19887383031018693,0.9800255858091547,4.746112982623174e-07,0.0
0.55725,-0.19991517644606033,0.979813654995982,4.381449263402004e-07,2.6837921994915387e-17
0.5575,-0.20095626165822372,0.979600629877261,4.065777048367636e-07,3.167336019413863e-17
0.55775,-0.20199703286212617,0.9793865186479205,3.770971270800061e-07,3.849076799621072e-17
0.558,-0.20303755051563568,0.9791712974460953,3.3833077228706543e-07,5.85603386183111e-17
0.55825,-0.2040777665487909,0.9789549908222452,3.044276162267323e-07,0.0
0.5585,-0.2051177109249897,0.9787375927428257,2.753915264719353e-07,6.627897643149727e-17
0.55875,-0.20615737262425274,0.9785191073365311,2.528549765123955e-07,0.0
0.559,-0.20719673314092238,0.9782995041218768,2.029946697401641e-07,0.0008836597997539182
0.55925,-0.20823583738937176,0.9780788373099554,1.8798340573056294e-07,0.0021197480324191766
0.5595,-0.20927461673876105,0.9778570746141043,1.617919915819499e-07,0.0032758758357973134
0.55975,-0.21031312696587037,0.9776342176195219,1.374173388413169e-07,0.0043886927390062724
0.56,-0.211351340522191,0.9774102659351853,1.0854800258641717e-07,0.005460932273823375
0.56025,-0.2123892870992615,0.9771852310097192,9.248902110847723e-08,0.0064983280988816505
0.5605,-0.21342691729753016,0.9769590992480508,6.531534268994221e-08,0.007447901052440576
0.56075,-0.21446426099424762,0.9767318874401523,4.959310428986896e-08,0.008450755547357199
0.561,-0.2155013332935729,0.976503579299542,3.2518061798825215e-08,0.009389515809199282
0.56125,-0.21653809452344053,0.976274179903466,1.0363013780434471e-08,0.01016618411059249
0.5615,-0.21757455218654018,0.9760436880265162,-1.6652211720646903e-08,0.011026521806534288
0.56175,-0.21861074528289068,0.975812123933933,-2.041520308360134e-08,0.011761802509863481
0.562,-0.21964660226656144,0.9755794718801137,-3.207943721772466e-08,0.01247151258757839
0.56225,-0.2206821863625739,0.9753457207756899,-4.8793393214729974e-08,0.013279650553980676
0.5625,-0.221717477978995,0.9751108884408053,-5.760141019717224e-08,0.013920315645602668
0.56275,-0.22275243076135054,0.9748749627942399,-8.075342272650943e-08,0.014608393279444286
0.563,-0.22378713375918405,0.9746379479951797,-9.454580174317329e-08,0.015209583228235407
0.56325,-0.22482149975790466,0.9743998615464169,-1.0153247020916467e-07,0.01583772470155927
0.5635,-0.22585560405506389,0.974160679351664,-1.0846101927697305e-07,0.01633192320005532
0.56375,-0.22688935245564476,0.97392041663996,-1.218970598904079e-07,0.01687461111572934
0.564,-0.22792283688843767,0.9736790574136391,-1.3678941623851415e-07,0.017289575703900543
0.56425,-0.22895600073912037,0.9734366218188945,-1.4651369406593062e-07,0.01783137076717759
0.5645,-0.22998886454298365,0.9731931042549609,-1.5200842251594793e-07,0.018282551994418264
0.56475,-0.23102141570387297,0.9729485053005611,-1.5575980327753314e-07,0.01874328928736518
0.565,-0.2320536739403466,0.972702816724099,-1.6137390868031787e-07,0.019071859354265263
0.56525,-0.233085602905823,0.9724560432362017,-1.7284572473297288e-07,0.019478269752046945
0.5655,-0.23411724024696948,0.9722081852444396,-1.8118144451406692e-07,0.019744108592995847
0.56575,-0.23514856570949005,0.9719592541353056,-1.8017277125803588e-07,0.020092227661489426
0.566,-0.2361795701762587,0.9717092360990427,-1.85555603549048e-07,0.02033708223472463
0.56625,-0.2372102558631906,0.9714581338575334,-1.9433769804511059e-07,0.020733323497899782
0.5665,-0.23824064352684865,0.9712059440274661,-2.050288366861608e-07,0.020973632923663752
0.56675,-0.23927072169940966,0.9709526849359116,-2.0267661449135943e-07,0.021192414004151172
0.567,-0.24030046714579406,0.9706983417684586,-2.0738876038706167e-07,0.02145946762095168
0.56725,-0.24132990688809647,0.9704429129274259,-2.1439518060883955e-07,0.021649291893884818
0.5675,-0.24235903532424374,0.9701864044245081,-2.193332975242157e-07,0.021815800111142484
0.56775,-0.24338783508813283,0.9699288234490646,-2.1958693663393092e-07,0.02200286876045153
0.568,-0.24441631569209976,0.9696701602517829,-2.2247041553402624e-07,0.022155704047112902
0.56825,-0.24544449468508028,0.9694104162568702,-2.2244075836841404e-07,0.022325731562202265
0.5685,-0.246472317034867,0.9691495917488894,-2.32874239669556e-07,0.022429332633019865
0.56875,-0.24749984715740586,0.9688876873590815,-2.3747054389566813e-07,0.022486211596252602
0.569,-0.24852706628263113,0.9686247118553701,-2.3245405189609158e-07,0.02256105054252597
0.56925,-0.24955393035300072,0.9683606541189986,-2.3969982609894913e-07,0.022527565408237575
0.5695,-0.25058050083438976,0.9680955252986538,-2.3324918219103097e-07,0.022701352590042783
0.56975,-0.25160670829001525,0.9678293127343428,-2.428778459462322e-07,0.02270315893006228
0.57,-0.2526326128344786,0.967562019304594,-2.508658519806417e-07,0.022644732046883283
0.57025,-0.2536582118938142,0.9672936607835623,-2.42673413253236e-07,0.022689077953600513
0.5705,-0.2546834366121653,0.9670242243799955,-2.4828887346117767e-07,0.022673198123519794
0.57075,-0.2557083603301697,0.9667537073543289,-2.5188699015465943e-07,0.02268270285666405
0.571,-0.25673294645171596,0.9664821317829654,-2.415752666795612e-07,0.022555935895234677
0.57125,-0.25775721818355957,0.9662094570685876,-2.5077278043017515e-07,0.022545700080572443
0.5715,-0.25878113861712726,0.9659357234702073,-2.502100865386936e-07,0.022447464090306807
0.57175,-0.2598047276788067,0.9656609144984787,-2.5084288290955215e-07,0.02236034148239208
0.572,-0.2608279971724869,0.9653850286762047,-2.5114944790516347e-07,0.022324006471323567
0.57225,-0.26185091478612876,0.9651080719036513,-2.539860742833966e-07,0.022268199023940238
0.5725,-0.26287350803849596,0.9648300414826809,-2.549120640127356e-07,0.021994174583275766
0.57275,-0.2638957756355962,0.9645509400972709,-2.51779610604963e-07,0.021874245196760355
0.573,-0.2649176842490236,0.9642707668626653,-2.543731433268803e-07,0.021660190849457295
0.57325,-0.2659392674793813,0.9639895254901026,-2.503789797714262e-07,0.021603964637611467
0.5735,-0.26696050757433015,0.9637072031111931,-2.570336619100999e-07,0.02142071748400306
0.57375,-0.267981404498826,0.9634238177954513,-2.570736699070153e-07,0.021256865745218876
0.574,-0.26900197801696096,0.9631393634238639,-2.512232498697031e-07,0.02107926972417867
0.57425,-0.27002219766595636,0.9628538360208507,-2.5161382155580725e-07,0.020874120953311932
0.5745,-0.2710420696600485,0.9625672320738442,-2.601060816731504e-07,0.02069267705102162
0.57475,-0.2720616006706351,0.9622795838344369,-2.4398800713143487e-07,0.020522845266837092
0.575,-0.2730807804514638,0.9619908350485177,-2.6031537148085704e-07,0.020142677619193004
0.57525,-0.27409964576807605,0.9617010337126677,-2.5297293282378064e-07,0.020050737660300407
0.5755,-0.27511812543803094,0.9614101634821444,-2.573043832443389e-07,0.019733348224173705
0.57575,-0.27613628509987165,0.9611182323374141,-2.4775995410841745e-07,0.019498502725549472
0.576,-0.27715406805106163,0.9608252253820038,-2.544162169826336e-07,0.01910456767892247
0.57625,-0.27817151443330457,0.9605311543854843,-2.550064178707956e-07,0.018825057298814257
0.5765,-0.2791886370679465,0.9602360048518224,-2.5995921049126736e-07,0.018636248987083173
0.57675,-0.2802053915901034,0.9599398102724563,-2.4958898980909083e-07,0.01826437742791346
0.577,-0.2812217962474681,0.9596425465232095,-2.421089279058819e-07,0.017761174457473626
0.57725,-0.28223782975756484,0.9593442051258735,-2.517726045425661e-07,0.017567012327522464
0.5775,-0.2832535402782954,0.9590448083857159,-2.4371413842594336e-07,0.017211199207276436
0.57775,-0.28426887020502545,0.9587443451621931,-2.450259679598332e-07,0.016829618861891694
0.578,-0.2852838553498821,0.9584428212127853,-2.4017122102204524e-07,0.016501000930811412
0.57825,-0.2862984950829256,0.9581402159629206,-2.4913392093761644e-07,0.01605753727722758
0.5785,-0.2873127417577952,0.9578365686678337,-2.4807315512909156e-07,0.015741851875003574
0.57875,-0.2883266662359976,0.9575318589637798,-2.363033297925199e-07,0.015378582758273562
0.579,-0.2893402371020258,0.9572260763324305,-2.3299150886391118e-07,0.014865049999232103
0.57925,-0.2903534131720982,0.9569192375364295,-2.3414603300686565e-07,0.014577136747171756
0.5795,-0.29136624577559056,0.956611324995821,-2.418562181638606e-07,0.014138987004274257
0.57975,-0.292378724418578,0.9563023701182508,-2.2920681697069512e-07,0.013681373975470453
0.58,-0.2933908245502721,0.9559923396288716,-2.3532034143514124e-07,0.013338140312923312
0.58025,-0.29440257491498245,0.9556812542796651,-2.3205096411071935e-07,0.012855428081317231
0.5805,-0.2954139565958417,0.9553691192224114,-2.2014231626510394e-07,0.012512847905869429
0.58075,-0.296424961054888,0.9550559105749207,-2.250697839212279e-07,0.012059441821653222
0.581,-0.2974356177052546,0.954741648851696,-2.186341431231753e-07,0.011594549308374388
0.58125,-0.2984459076609515,0.9544263267935811,-2.1346189438276042e-07,0.01124381626460002
0.5815,-0.29945580707001385,0.9541099450535613,-2.161809917744506e-07,0.010777660456850677
0.58175,-0.300465342267352,0.9537925146279757,-2.0856792470880237e-07,0.010363430331485936
0.582,-0.30147453155419185,0.9534740130437449,-2.0663723987457416e-07,0.009880892456037483
0.58225,-0.30248332273386014,0.9531544683327573,-1.9948261098523545e-07,0.009408045855582962
0.5825,-0.30349174450628114,0.9528338501131397,-2.07547574015976e-07,0.008970918211575064
0.58275,-0.30449980985175457,0.9525121971737034,-1.900178027147703e-07,0.008621857742859264
0.583,-0.30550748439597586,0.9521894619490066,-2.0276567258559197e-07,0.008160481597050583
0.58325,-0.3065147967520332,0.9518657018606038,-1.8249675659554043e-07,0.007697484172251599
0.5835,-0.307521734300459,0.9515408553955869,-1.9172295484537472e-07,0.007332633741084739
0.58375,-0.3085282898553489,0.95121498115467,-1.7699294296846801e-07,0.006852848891635587
0.584,-0.30953447135919054,0.9508880398009679,-1.7340194469195325e-07,0.006419037950501147
0.58425,-0.3105402659917978,0.9505600440898718,-1.728888171514953e-07,0.0060560661308825346
0.5845,-0.31154569628582784,0.9502310063563835,-1.5684236898128034e-07,0.0056580677115096074
0.58475,-0.3125507288968943,0.9499008993185704,-1.6166990879362686e-07,0.005238474183455426
0.585,-0.31355538947536765,0.9495697534398913,-1.505415386793274e-07,0.004876769989836182
0.58525,-0.3145596557793412,0.9492375472382204,-1.5093458627379874e-07,0.004467778645972621
0.5855,-0.3155635809532734,0.9489042883318055,-1.3898073791818177e-07,0.004030583155838324
0.58575,-0.3165670806770362,0.948569988506416,-1.3016828681600146e-07,0.0036618425627299774
0.586,-0.31757021138211206,0.9482346276944718,-1.258419315419701e-07,0.0033235288314189078
0.58625,-0.3185729394936951,0.9478982240340756,-1.195477030702108e-07,0.0029575303653612754
0.5865,-0.31957530446151916,0.9475607668088535,-1.0899147839804613e-07,0.0026318938542186877
0.58675,-0.3205772753257996,0.9472222607094076,-9.968062764098562e-08,0.002301520365686738
0.587,-0.3215788494448505,0.9468827026921733,-9.546605028720734e-08,0.0019293197976880134
0.58725,-0.3225800247627474,0.9465421041120043,-8.638364612512106e-08,0.0016845095240047838
0.5875,-0.32358084325099135,0.9462004438546343,-7.896513831706642e-08,0.0013737253549507772
0.58775,-0.32458126196800685,0.9458577495772093,-6.097199856114344e-08,0.0010935537226910202
0.588,-0.32558126369069373,0.9455139985861326,-5.960561866302783e-08,0.0008518340026430551
0.58825,-0.32658089418666447,0.9451691974783076,-5.3845226721804806e-08,0.0005423779315995374
0.5885,-0.3275801209298731,0.9448233638962117,-3.770370893274588e-08,0.00035993854790477664
0.58875,-0.328578951343099,0.9444764754842296,-2.999557879856951e-08,0.00017339724558782045
0.589,-0.32957740920181144,0.9441285526747861,-3.6840176464991714e-09,4.367228230805191e-05
0.58925,-0.33057543788957766,0.9437795642783444,-6.957346143643406e-09,1.2217015252250521e-05
0.5895,-0.33157308828410614,0.9434295459775943,1.0548874662674734e-08,1.8477197983426703e-06
0.58975,-0.3325703555550756,0.9430784864349533,3.648523527743919e-08,2.0397364741996804e-16
0.59,-0.3335671870795341,0.9427263702194257,3.8701622573356076e-08,1.67031905521977e-16
0.59025,-0.3345636290986172,0.9423732184131157,5.234896405248435e-08,0.0
0.5905,-0.33555969746169223,0.9420190231236415,7.524369838307621e-08,6.135370803589587e-17
0.59075,-0.3365553209022297,0.9416637762504616,7.57649383231751e-08,2.813522796367055e-16
0.591,-0.3375505907258339,0.9413075006026197,1.0599504962627293e-07,0.0
0.59125,-0.3385454200561695,0.9409501712823929,1.1313867998019589e-07,0.0
0.5915,-0.3395398648192072,0.9405918106896571,1.3706893731146863e-07,0.0
0.59175,-0.34053389070276485,0.940232405509303,1.5354347460139195e-07,2.7490055510022032e-17
0.592,-0.34152749573635177,0.939871958775386,1.64618098708047e-07,9.7174892979312e-17
0.59225,-0.34252071574657206,0.9395104741906172,1.8591469386208814e-07,2.0781264378139406e-16
0.5925,-0.3435135267203606,0.9391479494347171,2.0698362557247663e-07,0.0
0.59275,-0.34450592824861814,0.9387843777977791,2.2129777810242501e-07,2.797838823354094e-16
0.593,-0.3454979162022238,0.938419773845194,2.4102184292829065e-07,0.0
0.59325,-0.34648949371260584,0.9380541253554993,2.556748115445373e-07,0.0
0.5935,-0.3474806573453876,0.9376874475616976,2.782719383809251e-07,1.338421740340587e-16
0.59375,-0.3484714169276529,0.9373197304156012,3.0272092499394887e-07,0.0
0.594,-0.34946174588096324,0.9369509770003009,3.2256794280094425e-07,0.0
0.59425,-0.3504516750217982,0.9365811752911795,3.372176387017589e-07,9.458256379251882e-17
0.5945,-0.3514411850066722,0.9362103488064837,3.618655604054055e-07,0.0
0.59475,-0.3524302777736852,0.9358384898912875,3.8992674511462155e-07,0.0
0.595,-0.3534189374009978,0.9354655813336126,3.995866622030775e-07,2.0079769382277338e-16
0.59525,-0.3544071850719638,0.9350916432131251,4.170187408725212e-07,9.440852940521195e-17
0.5955,-0.35539504702023683,0.9347166696576652,4.45991117148381e-07,1.7640628486579964e-16
0.59575,-0.3563824565248593,0.9343406625740638,4.645289088944793e-07,8.218078349821432e-17
0.596,-0.357369450392875,0.9339636267118132,4.900472743152307e-07,1.7190799030581966e-16
0.59625,-0.35835603814844147,0.9335855473244093,5.121251009931882e-07,5.609845792202739e-17
0.5965,-0.3593421738015227,0.9332064449316246,5.333670203278018e-07,4.777189940444626e-18
0.59675,-0.3603278956274525,0.9328262923514941,5.420346247397845e-07,0.0
0.597,-0.36131321257872184,0.9324451276930754,5.768710897857687e-07,0.0
0.59725,-0.36229807260872426,0.9320629195500878,5.897079411454342e-07,2.3642090694225176e-16
0.5975,-0.3632825379306176,0.9316796801871985,6.144193267498821e-07,0.0
0.59775,-0.36426654793592284,0.9312954132133862,6.323085228743253e-07,0.0
0.598,-0.3652501545208391,0.930910114375486,6.582118219355948e-07,0.0
0.59825,-0.3662333101257334,0.9305237817305914,6.729057000498528e-07,0.0
0.5985,-0.3672160356926615,0.9301364262113501,6.941172872032553e-07,7.876994931767151e-17
0.59875,-0.3681983408697197,0.9297480427243063,7.205841867641283e-07,0.0
0.599,-0.3691802213824116,0.9293586143854694,7.349959529889816e-07,2.720600880208644e-16
0.59925,-0.3701616500366103,0.9289681709720121,7.549181708643715e-07,0.0
0.5995,-0.37114265996559626,0.9285766938253127,7.751806427869212e-07,0.0
0.59975,-0.37212321623859856,0.9281841989714353,7.97641683814021e-07,2.7485122350631983e-16
0.6,-0.37310335923343785,0.9277906650004561,8.173662982002838e-07,2.1563811197214593e-17
0.60025,-0.3740830611185574,0.9273961035412422,8.347393058993902e-07,2.2434601567593617e-16
0.6005,-0.3750623180768531,0.9270005231645022,8.5619385514768e-07,1.2041077638100626e-16
0.60075,-0.37604114855789333,0.9266039049464732,8.710350167806524e-07,2.49136549912434e-16
0.601,-0.3770195007527227,0.926206276494909,8.852828061733931e-07,0.0
0.60125,-0.3779974574369073,0.9258076156935771,9.095520827617776e-07,2.180640510214074e-16
0.6015,-0.3789749771764994,0.9254079194837748,9.253841801726281e-07,0.0
0.60175,-0.37995201235820475,0.9250072042785842,9.298307335203759e-07,1.7458729263729842e-16
0.602,-0.38092863930518056,0.924605473867681,9.552740314333619e-07,0.0
0.60225,-0.38190480369244273,0.9242027183036959,9.718011797499315e-07,0.0
0.6025,-0.38288053569867997,0.9237989307756438,9.845590807078253e-07,2.928007880504361e-16
0.60275,-0.3838558201262652,0.9233941215886053,9.972141026270975e-07,7.647096755859332e-17
0.603,-0.38483062800675344,0.922988294310184,1.001842345749182e-06,3.9288832420383536e-17
0.60325,-0.3858050378115022,0.9225814429102336,1.023001008348956e-06,0.0
0.6035,-0.3867789636840323,0.9221735670434615,1.0272505501784934e-06,7.553324709906104e-17
0.60375,-0.3877524417333904,0.9217646703335179,1.0317721004238223e-06,2.982498020168003e-16
0.604,-0.38872549484288266,0.9213547556923838,1.04808835876824e-06,7.228541124910323e-17
0.60425,-0.3896980842911905,0.9209438096161835,1.0486847465962512e-06,2.5273925135551132e-17
0.6045,-0.3906702107392461,0.9205318646104208,1.0636605267677623e-06,1.9645286533360577e-16
0.60475,-0.39164187855195376,0.9201188846975008,1.0615057746132806e-06,0.0
0.605,-0.39261311857633596,0.9197048927906787,1.0753500967464191e-06,1.7671157320135354e-17
0.60525,-0.3935838948734792,0.9192898755879402,1.0788305522257957e-06,7.678655074956912e-17
0.6055,-0.3945542151544217,0.9188738465888535,1.0873199676186829e-06,3.266807115795153e-16
0.60575,-0.39552404794174933,0.9184567911875205,1.0748887742106916e-06,1.8643324100675741e-16
0.606,-0.3964934681247234,0.9180387225428381,1.083176242033801e-06,0.0
0.60625,-0.3974624168398124,0.9176196364996154,1.0850443268317633e-06,0.0
0.6065,-0.39843089391281405,0.9171995305878258,1.0780667649701314e-06,1.985931859727094e-16
0.60675,-0.3993989042972078,0.9167784093329228,1.0682858364585712e-06,7.913860840453578e-18
0.607,-0.400366494014514,0.9163562757271975,1.076796467103236e-06,0.0
0.60725,-0.4013335708951954,0.9159331263576057,1.0635427876160009e-06,2.2407054624711027e-16
0.6075,-0.40230021649205927,0.9155089576453379,1.0578586460141537e-06,0.0009218410264557286
0.60775,-0.4032663939210383,0.9150837803155278,1.054730761396172e-06,0.002000051881906784
0.608,-0.4042320881088014,0.9146575801717747,1.0350107084722282e-06,0.00298176150438384
0.60825,-0.40519734467097035,0.9142303786170793,1.0366568292674572e-06,0.003913702554323459
0.6085,-0.4061621177885588,0.9138021679450219,1.034033219937669e-06,0.005020519899634022
0.60875,-0.4071264511275381,0.9133729362039569,1.0338982361357552e-06,0.0060761126848060875
0.609,-0.4080902781027274,0.9129427139823912,1.0370472101062234e-06,0.007444506427046698
0.60925,-0.4090536527456133,0.9125114586703029,1.026514039548232e-06,0.008448553864809312
0.6095,-0.41001656216927146,0.9120791988206991,1.0230867348859363e-06,0.009715841051788663
0.60975,-0.41097900430435763,0.9116459320929755,1.0237398115897633e-06,0.010986590024380287
0.61,-0.4119409627032865,0.9112116577397427,1.0209763390278681e-06,0.012611159531957388
0.61025,-0.41290246414621645,0.9107763766948817,1.0266212102649774e-06,0.013771921963959498
0.6105,-0.41386347334937457,0.910340080427493,1.018302252964176e-06,0.015218161763108303
0.61075,-0.4148240464765593,0.909902784120592,1.0330422619553303e-06,0.016843842900978394
0.611,-0.41578407450801097,0.90946448071614,1.0191488613031652e-06,0.018327788453201387
0.61125,-0.41674368708970877,0.9090251694713167,1.0297302104333994e-06,0.020018827751314465
0.6115,-0.4177027924483265,0.9085848441208175,1.0208920688814516e-06,0.021768910720010876
0.61175,-0.4186614645827341,0.9081435199239262,1.0373526511120446e-06,0.023356189708756116
0.612,-0.4196196170366351,0.9077011849773676,1.0321051122641478e-06,0.0251185034192041
0.61225,-0.4205772993855855,0.9072578586166423,1.043389519672644e-06,0.026972217540821214
0.6125,-0.4215345016993801,0.9068135099219996,1.0389494609075456e-06,0.02883454906639959
0.61275,-0.42249122612233253,0.9063681654119742,1.0437107651473099e-06,0.030925355963112713
0.613,-0.42344744951913205,0.9059218167949417,1.04032411174515e-06,0.03306204394540337
0.61325,-0.4244032143902302,0.9054744583526959,1.0415563913568349e-06,0.035020068522010984
0.6135,-0.42535848413260446,0.9050260981473921,1.039175200112652e-06,0.037330108550572616
0.61375,-0.42631328256744916,0.9045767484013669,1.0543203559088e-06,0.03962494636752059
0.614,-0.42726758124398934,0.904126382149802,1.0504401377620098e-06,0.041992981040577596
0.61425,-0.428221401148982,0.9036750112899243,1.0472153728624534e-06,0.044531784318166706
0.6145,-0.42917473591600974,0.9032226609251734,1.0645780970097718e-06,0.04700229793595907
0.61475,-0.43012755785161916,0.9027692862055405,1.050069178276658e-06,0.04965392872660907
0.615,-0.4310799067254414,0.9023149318121498,1.061076227104607e-06,0.05232534273783684
0.61525,-0.43203177187304,0.90185955748128,1.0566634860431634e-06,0.05523793951644336
0.6155,-0.4329831316413981,0.901403193816796,1.0550539997211672e-06,0.05815858502186441
0.61575,-0.4339340164205002,0.9009458215433324,1.051981055155693e-06,0.061223393364110056
0.616,-0.4348843953564317,0.9004874636946105,1.05479728462754e-06,0.06434799781739375
0.61625,-0.4358342894165118,0.9000280970962818,1.0516964219497993e-06,0.06755704829288377
0.6165,-0.43678367794582096,0.8995677383759563,1.0486228059214397e-06,0.0707699158835289
0.61675,-0.43773258651272917,0.8991063847364645,1.0541839441380318e-06,0.07428791276045503
0.617,-0.4386809961806725,0.8986440237995696,1.048959824112572e-06,0.077928891742056
0.61725,-0.43962889926696247,0.8981806754253385,1.0473885505568603e-06,0.08138890907186004
0.6175,-0.4405763024799815,0.8977163258866501,1.0400346381889136e-06,0.08522375530634572
0.61775,-0.44152321067013534,0.8972509827445485,1.0357977249242367e-06,0.08908259873475119
0.618,-0.44246962330413403,0.8967846438647862,1.032508763820772e-06,0.0930169126506866
0.61825,-0.4434155127966883,0.8963173068588193,1.0157811825006746e-06,0.09713778900226473
0.6185,-0.4443609197374039,0.8958489789212052,1.0100115086508765e-06,0.10153216916444512
0.61875,-0.4453058296146873,0.8953796557922049,1.0049471912410013e-06,0.1057632113042742
0.619,-0.4462502234540692,0.8949093421991072,9.963435263493636e-07,0.11043682356245985
0.61925,-0.4471941254855012,0.8944380261681487,9.842616737198995e-07,0.11476300714283832
0.6195,-0.44813749738611974,0.8939657308211276,9.722225511321625e-07,0.11967029776489624
0.61975,-0.44908038495483144,0.8934924336456165,9.605661115408282e-07,0.12450606200612888
0.62,-0.45002275659543134,0.8930181417575548,9.414804904572804e-07,0.12939720700166615
0.62025,-0.4509646223773742,0.8925428727801794,9.351928944578702e-07,0.13467648300017523
0.6205,-0.4519059697546127,0.8920665956331066,9.082717362662862e-07,0.14001992637144464
0.62075,-0.4528468246174435,0.8915893413071101,9.000488689903108e-07,0.14544556484337953
0.621,-0.4537871650046028,0.89111108373008,8.773343711521164e-07,0.1511661678683166
0.62125,-0.45472699243870296,0.8906318512109186,8.660214929623322e-07,0.15685402527106784
0.6215,-0.45566628608693677,0.8901516138163488,8.299277118872794e-07,0.1627983744518542
0.62175,-0.45660507700201713,0.8896704038141208,8.118830698844448e-07,0.1688455101910531
0.622,-0.45754338761289803,0.8891881930953112,7.971438777953921e-07,0.1751224735669176
0.62225,-0.45848113955632813,0.8887049952762767,7.619786477341961e-07,0.18140928989969032
0.6225,-0.4594183922138252,0.8882208145025772,7.372097070579287e-07,0.18792850601683772
0.62275,-0.46035514315210835,0.8877356493833639,7.205060910120409e-07,0.19470653573041818
0.623,-0.4612913287686124,0.8872495036827392,6.858909544771308e-07,0.20181915183038976
0.62325,-0.4622270423546533,0.8867623551868662,6.566300285726356e-07,0.20844203176425835
0.6235,-0.4631622155229889,0.8862742261781469,6.20937725681614e-07,0.21565588259964016
0.62375,-0.4640968606814443,0.8857851110880512,5.795596536017911e-07,0.2231356720992453
0.624,-0.4650310161175576,0.8852950164210984,5.56025525844106e-07,0.2307643630680085
0.62425,-0.4659646150756934,0.8848039353532857,5.132595186640998e-07,0.23849543936756662
0.6245,-0.46689770824891635,0.8843118707238453,4.773354846943079e-07,0.24647207196446602
0.62475,-0.4678302649623768,0.8838188216474784,4.3315645870123376e-07,0.25466551001994325
0.625,-0.4687623106214576,0.8833247829543314,3.8802016688599394e-07,0.2627737253900072
0.62525,-0.46969382154427974,0.8828297688323371,3.4336665488687856e-07,0.2712010616547905
0.6255,-0.4706248193334046,0.8823337816216961,3.1138167289057606e-07,0.27994108462513023
0.62575,-0.47155526074133325,0.8818367973999636,2.505906941951963e-07,0.2887555599240658
0.626,-0.472485194383115,0.8813388327612641,1.9852209898196804e-07,0.29749568656797803
0.62625,-0.4734145859188862,0.8808398964790434,1.46694970393213e-07,0.3068926876332412
0.6265,-0.4743434552408121,0.8803399713970164,8.938454199025614e-08,0.31638180135200406
0.62675,-0.4752717876902747,0.8798390786740993,3.826819794383596e-08,0.3258617467930869
0.627,-0.476199599533672,0.8793372004819469,-1.4626271527262702e-08,0.33582576375654916
0.62725,-0.4771268554892111,0.8788343450560705,-7.886042563409745e-08,0.3456582428990538
0.6275,-0.47805361200650787,0.8783305012818332,-1.3728277681313017e-07,0.35597208333191355
0.62775,-0.47897981314509086,0.8778257007617664,-1.8884082164660754e-07,0.36615245977966654
0.628,-0.47990548333667504,0.8773198911156237,-2.6785816709118393e-07,0.37684091534824465
0.62825,-0.4808305878154371,0.8768131288468222,-3.414515119537498e-07,0.38731013215787935
0.6285,-0.48175520733788124,0.8763053817552142,-3.9905492132952247e-07,0.39832038914627144
0.62875,-0.48267924452182887,0.8757966821928382,-4.5918403202005464e-07,0.40934324187413357
0.629,-0.4836027793261518,0.8752869620242376,-5.429693484826359e-07,0.42060949279934073
0.62925,-0.4845257512584411,0.8747763069289933,-6.04601740228361e-07,0.4316151383688644
0.6295,-0.4854481680690425,0.8742646578282274,-6.920956910905218e-07,0.44338324536757834
0.62975,-0.48637005612506745,0.8737520310774065,-7.783468056743459e-07,0.4553110804477044
0.63,-0.48729142765959005,0.8732384658623038,-8.23134303051809e-07,0.467169458660357
0.63025,-0.4882122235046617,0.8727238754342483,-9.310342637958158e-07,0.47895815440646133
0.6305,-0.4891324761311062,0.872208356038539,-1.0022257032060722e-06,0.4913150622426705
0.63075,-0.49005219116135434,0.8716918761878445,-1.0614635989059096e-06,0.5036885747523988
0.631,-0.4909713760957449,0.8711743570819119,-1.173709472834794e-06,0.5161178359765798
0.63125,-0.49188998323875277,0.8706559148066211,-1.2612016080382205e-06,0.5285853154323976
0.6315,-0.49280806303988184,0.8701365157032829,-1.3285221976966355e-06,0.5416325801425784
0.63175,-0.4937255840756438,0.8696161254692046,-1.42097755606585e-06,0.5543933759473636
0.632,-0.49464257317314264,0.8690947541728355,-1.5165381053172666e-06,0.5672593756025015
0.63225,-0.4955589904836033,0.8685724483398848,-1.5944691362790309e-06,0.5800200968078273
0.6325,-0.4964748845104518,0.8680491417953897,-1.6882407355423013e-06,0.5932032282287713
0.63275,-0.49739019781698024,0.8675248796172116,-1.7871819609771578e-06,0.6064876574252712
0.633,-0.4983049655486965,0.8669996837961078,-1.854805200873777e-06,0.6197613690699791
0.63325,-0.4992191867978613,0.8664734931894056,-1.944568406297975e-06,0.6326029724266408
0.6335,-0.5001328515087806,0.8659463321496073,-2.0403412505087815e-06,0.6460833431163431
0.63375,-0.5010459635660958,0.8654182249230774,-2.119184801641083e-06,0.6592330235954988
0.634,-0.5019585156514907,0.8648891466763231,-2.2062656607202413e-06,0.6724856661934162
0.63425,-0.50287051079448,0.8643591072435023,-2.291551882804832e-06,0.6856194663608516
0.6345,-0.5037819607851104,0.8638280971830974,-2.3772550949985316e-06,0.6990835660089858
0.63475,-0.5046928436216664,0.8632961478111845,-2.4473887176856834e-06,0.7119841732140223
0.635,-0.5056031590424948,0.8627632064679767,-2.547568917599108e-06,0.725074914874323
0.63525,-0.5065129347836521,0.8622293264163131,-2.6177856877751537e-06,0.7380055545157297
0.6355,-0.5074221298212626,0.8616944934175588,-2.691094376339187e-06,0.7507002603164301
0.63575,-0.5083307779163885,0.8611586988182063,-2.757840129485878e-06,0.7631165186776209
0.636,-0.5092388581380423,0.8606219532964348,-2.8194372206913343e-06,0.775612600033365
0.63625,-0.5101463771112338,0.8600842179166973,-2.9060096754518483e-06,0.787572204382136
0.6365,-0.5110533440301774,0.8595455661186343,-2.949665035112403e-06,0.7995016584043709
0.63675,-0.5119597387800868,0.8590059584251519,-2.9946336396191597e-06,0.8108180125165685
0.637,-0.5128655692427563,0.8584653846384025,-3.045636109533234e-06,0.8224762461987364
0.63725,-0.5137708421799208,0.8579238659608334,-3.0809750226623578e-06,0.8324649294571864
0.6375,-0.514675539754034,0.8573813911446889,-3.119453711342146e-06,0.8428993362560744
0.63775,-0.5155796732746786,0.8568379661907514,-3.1501049978510665e-06,0.8521847066044272
0.638,-0.5164832571439955,0.856293600332596,-3.1575646699533166e-06,0.8617828419315631
0.63825,-0.5173862588703795,0.8557483124965276,-3.142400666344969e-06,0.8696835932538859
0.6385,-0.5182886903844884,0.8552020094627777,-3.178220229993478e-06,0.8775168518304455
0.63875,-0.5191905580761327,0.8546548261958478,-3.1462373188961834e-06,0.8843635290454605
0.639,-0.5200918712488183,0.854106658826272,-3.1304096621553867e-06,0.8908402728975788
0.63925,-0.5209926028926825,0.8535575793740251,-3.0832168843586416e-06,0.8958884239602484
0.6395,-0.521892773379611,0.8530075417322579,-3.0334256150288397e-06,0.8999357604793379
0.63975,-0.5227923682946924,0.8524565677769631,-2.9698577832526496e-06,0.90310024423736
0.64,-0.5236914070508014,0.8519046604109479,-2.8798797765405837e-06,0.9054986053015222
0.64025,-0.524589865586393,0.8513518221551345,-2.773922438525922e-06,0.9059094657234391
0.6405,-0.5254877556743569,0.8507980293533431,-2.665945951219051e-06,0.9054619511071342
0.64075,-0.526385071370575,0.8502432998234664,-2.5438749845507758e-06,0.9035313522198243
0.641,-0.5272818268732384,0.849687687981093,-2.3539740531264286e-06,0.8999166660594691
0.64125,-0.5281780135311521,0.8491311090549774,-2.17283103565169e-06,0.8946348162253478
0.6415,-0.5290736208088236,0.8485736053497137,-1.970035955256577e-06,0.8872832127955268
0.64175,-0.5299686634040828,0.8480152272985702,-1.6950411587668412e-06,0.8778192099614562
0.642,-0.5308631348816321,0.8474558603088106,-1.448426998895691e-06,0.8671200647041388
0.64225,-0.5317570400088274,0.8468955775365666,-1.1655757070627715e-06,0.8535842403014832
0.6425,-0.5326503721900473,0.8463343950701447,-8.363638778208227e-07,0.837505620937235
0.64275,-0.5335431409162101,0.8457723089900464,-4.5906356060942954e-07,0.8190261920917798
0.643,-0.5344353367006026,0.8452092844108874,-6.82156768849751e-08,0.7980389400018328
0.64325,-0.5353269653529955,0.8446453552439146,3.67984515303732e-07,0.7733834408248139
0.6435,-0.5362180233788165,0.8440805539509272,8.750768116794205e-07,0.7460780662932387
0.64375,-0.5371085167490921,0.8435148152665597,1.4011683124870444e-06,0.7155512457752718
0.644,-0.5379984435555661,0.8429481656499744,1.9676184983552503e-06,0.6818186126052603
0.64425,-0.538887804851944,0.8423806457979981,2.6093131952897863e-06,0.6427675716157978
0.6445,-0.53977659953995,0.8418122204573479,3.2959556892642183e-06,0.6009881571757312
0.64475,-0.5406648323439376,0.8412429309040614,4.064856515162418e-06,0.5541628023645692
0.645,-0.5415524990498818,0.8406726509488842,4.807628741554382e-06,0.503856581789711
0.64525,-0.5424396060251149,0.8401015681148296,5.68545067669568e-06,0.4467392946516832
0.6455,-0.5433261526308193,0.8395295839772094,6.615230896622748e-06,0.385539688018023
0.64575,-0.5442121400951139,0.8389567644592232,7.653000112073371e-06,0.3185602425750283
0.646,-0.5450975662623284,0.8383829962876517,8.70256681961834e-06,0.24606273969794212
0.64625,-0.5459824397830577,0.8378084007660969,9.87042413980177e-06,0.16688056885098085
0.6465,-0.5468667563312293,0.8372329461557612,1.112759253629747e-05,0.08095038078719786
0.64675,-0.5477505210189446,0.8366566231572556,1.2469096974498939e-05,1.6624289327355184e-16
0.647,-0.5486337151868754,0.8360794404666877,1.3892008927651744e-05,1.4884416560026064e-16
0.64725,-0.5495163423237104,0.8355013424493127,1.5351739878655124e-05,0.0
0.6475,-0.5503983979745348,0.8349223674806776,1.6877963804340368e-05,1.770062469888293e-16
0.64775,-0.5512798828855306,0.8343425106663895,1.8467019173851185e-05,0.0
0.648,-0.5521607946509357,0.8337618128832932,2.015168294899894e-05,0.0
0.64825,-0.5530411402173959,0.833180193595961,2.186864766140495e-05,0.0
0.6485,-0.5539209146928977,0.8325977285337001,2.3678366514179316e-05,0.0
0.64875,-0.5548001182430342,0.832014403628766,2.5569197215968842e-05,0.0
0.649,-0.5556787485504195,0.8314301582282164,2.748942314445557e-05,1.1438378440981789e-16
0.64925,-0.5565568116515383,0.830845082703342,2.951758838043439e-05,6.394447335667137e-17
0.6495,-0.5574343033286165,0.8302591443527936,3.162415440294275e-05,0.0
0.64975,-0.5583112238533717,0.8296723553723124,3.381940296920405e-05,0.0
0.65,-0.5591875710901628,0.829084670065516,3.606424936553054e-05,3.0954854497600663e-16
0.65025,-0.560063350440211,0.8284961511049198,3.841371318369369e-05,2.934702161375406e-17
0.6505,-0.5609385567610204,0.827906749913238,4.082467319177496e-05,3.076823786077059e-16
0.65075,-0.5618131920692917,0.827316527352846,4.334866757615963e-05,9.276589750998352e-17
0.651,-0.5626872582899216,0.8267253958486538,4.591433740785966e-05,0.0
0.65125,-0.5635607506487055,0.8261334707014972,4.861436083891668e-05,9.443290680166297e-17
0.6515,-0.5644336732610467,0.8255406282544904,5.1348886534352545e-05,2.3376278556189943e-16
0.65175,-0.5653060246857482,0.8249470151749985,5.42382251789153e-05,0.0
0.652,-0.5661778019743393,0.8243524929395882,5.71663981054904e-05,0.0
0.65225,-0.5670490088753058,0.8237571376850212,6.0198364821406614e-05,0.0
0.6525,-0.5679196456417932,0.8231609603440712,6.334326405221802e-05,0.0
0.65275,-0.5687897097470664,0.8225639186950724,6.656491112932983e-05,0.0
0.653,-0.5696592008952381,0.8219660775229276,6.991643736009578e-05,1.3185781661615419e-16
0.65325,-0.5705281196664763,0.8213673670229831,7.33407807813613e-05,2.9506877744719553e-16
0.6535,-0.5713964703743721,0.820767789039476,7.684198817470289e-05,9.486577813856731e-17
0.65375,-0.5722642447119246,0.8201673899934816,8.045345583518326e-05,9.719268882947598e-17
0.654,-0.5731314467588311,0.8195662163490974,8.421557619153752e-05,9.666525944366102e-18
0.65425,-0.5739980799546165,0.8189641622723611,8.804356319380702e-05,0.0
0.6545,-0.5748641373001342,0.8183612698820069,9.196796930543982e-05,1.4249658113509955e-16
0.65475,-0.5757296247620274,0.8177575873415803,9.603163063642839e-05,3.087126455893851e-16
0.655,-0.5765945393745691,0.8171530736477858,0.00010019928434923386,0.0
0.65525,-0.577458880623064,0.8165477285008838,0.00010447040816452535,1.9231229314713287e-16
0.6555,-0.5783226487244114,0.8159415557921217,0.00010884832406476974,0.0
0.65575,-0.5791858437318989,0.8153345742316414,0.00011334833453924276,3.5429837964844843e-16
0.656,-0.5800484717703224,0.8147267089081885,0.00011791295399499191,2.4377608500006824e-16
0.65625,-0.58091051772624,0.8141181406502449,0.00012268074510757287,0.0
0.6565,-0.5817719963635872,0.8135086990673621,0.00012752147470962427,3.5001077947727483e-16
0.65675,-0.5826329003924839,0.8128983997423762,0.00013244369107145992,1.9432065394430418e-16
0.657,-0.5834932319732454,0.8122873827319166,0.00013756249030594248,9.232315195105752e-17
0.65725,-0.5843529902871636,0.8116755275617284,0.00014277945709340045,3.08351028852664e-17
0.6575,-0.5852121732548157,0.8110628150347579,0.00014807786533799216,0.0
0.65775,-0.5860707848095505,0.8104493370459062,0.00015353457628264344,0.0
0.658,-0.5869288227779477,0.8098350406520691,0.00015910538046193246,0.0
0.65825,-0.5877862868825016,0.8092199602546708,0.00016481797836176426,5.405019058799242e-18
0.6585,-0.5886431779903318,0.808604046929877,0.00017063329510524916,7.195585911793407e-17
0.65875,-0.589499494224204,0.8079873711084795,0.00017660718564305178,0.0
0.659,-0.590355236312597,0.8073698915484009,0.00018270671941666983,4.6231045351147964e-17
0.65925,-0.5912104064731085,0.806751602807799,0.0001889288304739445,0.0
0.6595,-0.5920650020223727,0.8061325590048796,0.00019531557966612212,7.868600509770816e-17
0.65975,-0.592919022581051,0.8055126982715843,0.00020181684259967803,0.0
0.66,-0.5937724707592533,0.8048920384234556,0.00020844854910806454,0.0
0.66025,-0.5946253435989419,0.8042706085489832,0.00021523235047338218,0.0
0.6605,-0.5954776419079914,0.8036483615729877,0.00022213086456424058,0.0
0.66075,-0.5963293660169091,0.803025359950059,0.00022919448346958582,6.626474065846904e-17
0.661,-0.597180516187844,0.8024015904011718,0.00023641265088403252,0.0
0.66125,-0.5980310924415007,0.8017770184832793,0.00024375773843821058,3.0393603959695194e-17
0.6615,-0.5988810927042806,0.8011516618555905,0.000251242684880415,1.6964581259504708e-17
0.66175,-0.5997305192419251,0.8005255527861257,0.00025889467363460206,5.51512203539636e-17
0.662,-0.6005793720684749,0.7998986495067413,0.0002666802592556916,5.159816472330376e-17
0.66225,-0.6014276484717268,0.7992710007266405,0.0002746367617225687,0.0
0.6625,-0.6022753507549405,0.7986425560942625,0.0002827252990844631,2.865226279025146e-17
0.66275,-0.6031224773279222,0.7980133724611269,0.0002909903047969564,8.836870480625973e-18
0.663,-0.6039690308870933,0.7973833699844849,0.0002993696881492536,0.0
0.66325,-0.6048150054367991,0.796752643317258,0.0003079353052004574,0.0
0.6635,-0.6056604081159049,0.7961211332809082,0.00031664427600230916,0.0
0.66375,-0.6065052339396694,0.79548888145794,0.0003255266759003561,0.0
0.664,-0.6073494856278892,0.7948558484303763,0.000334552775437702,6.624992246339624e-17
0.66425,-0.6081931606728445,0.794222077167522,0.0003437551909430958,0.0
0.6645,-0.6090362603512485,0.7935875236592453,0.0003530997254155288,0.0
0.66475,-0.6098787849472231,0.7929522621343068,0.0003626454204572749,3.3645324938081265e-17
0.665,-0.6107207344118499,0.7923161895836833,0.0003723105509050306,0.0
0.66525,-0.6115621075708975,0.7916794287745732,0.00038219164546937634,2.5874443173341372e-17
0.6655,-0.6124029053612366,0.7910418956295051,0.0003922226486992031,0.0
0.66575,-0.6132431256839772,0.7904036043690371,0.0004024135307849619,0.0
0.666,-0.6140827719933464,0.7897645661203958,0.00041277518750693076,7.56463599043494e-18
0.66625,-0.6149218409965274,0.7891248206609225,0.0004233369517583352,0.0
0.6665,-0.6157603354014864,0.7884842722244428,0.00043402491071864446,1.8576953222475272e-17
0.66675,-0.6165982508085911,0.7878430255678126,0.00044491894159714995,0.0
0.667,-0.6174355915576419,0.7872010264613134,0.00045597893354631935,0.0
0.66725,-0.6182723577061114,0.7865583008909793,0.0004672253522242098,0.0
0.6675,-0.6191085430262164,0.785914843902369,0.0004786504039602235,9.361367006632038e-18
0.66775,-0.6199441548935447,0.785270648581766,0.0004902531812585043,7.82015912968648e-17
0.668,-0.6207791905072751,0.7846257202612259,0.0005020361110292804,0.0
0.66825,-0.6216136478586454,0.7839800797589105,0.0005140142261474967,3.0469143399049526e-17
0.6685,-0.6224475286073807,0.783333695525698,0.0005261637835278776,3.796871700050498e-17
0.66875,-0.6232808339128189,0.7826866316199615,0.0005385356095288785,0.0
0.669,-0.6241135613631636,0.7820387499799879,0.0005510201622271893,0.0
0.66925,-0.6249457114125214,0.7813902202008127,0.0005637503119813037,2.2466515606812082e-17
0.6695,-0.6257772859427853,0.7807409640077565,0.0005766659690198406,5.932218217164127e-17
0.66975,-0.6266082813992997,0.780090954488234,0.0005897438973416769,0.0
0.67,-0.6274387010225453,0.7794403008646609,0.0006030712289724072,4.936431821812392e-18
0.67025,-0.6282685406195786,0.778788844458407,0.0006165216430897846,0.0
0.6705,-0.6290978071573599,0.7781367442585783,0.0006302232770798444,0.0
0.67075,-0.629926493464601,0.77748394586562,0.0006441291724956777,0.0
0.671,-0.6307546014635265,0.7768303424416518,0.0006581575170545584,0.0
0.67125,-0.6315821332646794,0.7761761227957517,0.0006724562300139958,0.0
0.6715,-0.6324090880579585,0.7755211408130918,0.000686911329581541,5.007388923806347e-17
0.67175,-0.633235462589774,0.7748655104304003,0.0007016090403022535,1.751945328435706e-17
0.672,-0.634061261496685,0.7742091539409945,0.0007164920080002801,7.032282192133617e-17
0.67225,-0.6348864816498411,0.7735521146567852,0.0007315917226247137,6.027212929512173e-17
0.6725,-0.6357111240071501,0.7728943471005122,0.0007468735731135379,2.1129971662531482e-17
0.67275,-0.6365351867918472,0.7722358615862054,0.000762344387477798,7.531846414742308e-17
0.673,-0.6373586740441526,0.7715767608847741,0.0007780859495076786,0.0
0.67325,-0.6381815809074194,0.7709169302294283,0.0007940065387372908,0.0
0.6735,-0.6390039113051365,0.7702563861986702,0.0008101214231885923,0.0
0.67375,-0.639825660279594,0.7695951954163367,0.0008264786465872476,0.0
0.674,-0.6406468337949196,0.7689332670185228,0.0008430120549547393,4.324885996953017e-17
0.67425,-0.6414674274526097,0.7682706776929924,0.00085977773388346,2.0314500862410587e-17
0.6745,-0.6422874428751999,0.7676074426440216,0.0008767882600024812,7.4335604342377e-17
0.67475,-0.6431068763754135,0.7669434930031362,0.0008939883430179041,1.567525052671886e-17
0.675,-0.643925736634927,0.7662788523948164,0.0009114016377025358,0.0
0.67525,-0.6447440131935998,0.7656135674993674,0.0009290570705282608,0.0
0.6755,-0.6455617138754308,0.7649475657066696,0.0009469040375433835,0.0
0.67575,-0.6463788357180312,0.7642809209135675,0.0009649970586824708,0.0
0.676,-0.6471953740665768,0.7636135872339894,0.0009832979733168656,1.8607680734133637e-17
0.67625,-0.648011338250233,0.7629456323247477,0.0010018643260696347,7.653307772433633e-17
0.6765,-0.6488267202271296,0.7622769580220461,0.0010206159775323354,3.482919949626825e-17
0.67675,-0.6496415250165735,0.761607614326822,0.0010395942351393295,2.6614296406071174e-17
0.677,-0.650455747855115,0.7609376400427423,0.0010588254201522318,0.0
0.67725,-0.6512693900833859,0.76026698843049,0.0010782747401685278,0.0
0.6775,-0.6520824572302347,0.7595956560006321,0.0010979430817203983,4.3248458792141437e-17
0.67775,-0.6528949425151392,0.7589236871500127,0.001117859634527374,0.0
0.678,-0.6537068475504606,0.7582510495467685,0.00113800081364257,1.985496835274297e-18
0.67825,-0.6545181739493864,0.7575777789396217,0.001158394647485128,2.1619804551807156e-17
0.6785,-0.6553289182503566,0.7569038392729541,0.0011790114666410112,0.0
0.67875,-0.6561390837419421,0.7562292479347208,0.0011998664830259465,0.0
0.679,-0.6569486711886261,0.755554007738507,0.0012209622187409064,0.0
0.67925,-0.6577576748604159,0.7548781244419507,0.0012422991458049815,5.1807992219341436e-17
0.6795,-0.6585661009988808,0.7542016043238158,0.0012638859708691275,6.424086012981166e-17
0.67975,-0.6593739453232379,0.7535244436707218,0.001285716956155758,5.91134448004745e-17
0.68,-0.6601812095625227,0.7528465989710362,0.0013077604022109224,0.0
0.68025,-0.660987894086943,0.7521681167000553,0.0013300514363883131,6.20214512773139e-17
0.6805,-0.6617939963320539,0.7514890446675144,0.0013526241222139301,1.2277931469186302e-17
0.68075,-0.6625995217416427,0.7508093150617206,0.0013754309926439223,0.0
0.681,-0.6634044595594162,0.7501289671503105,0.0013984942675482337,5.920210502390797e-17
0.68125,-0.6642088239032536,0.7494479402195394,0.001421777699213811,0.0
0.6815,-0.6650126036568238,0.7487662927873238,0.001445317646899813,5.868482612951041e-17
0.68175,-0.6658158021294415,0.7480840519845751,0.001469136418557948,7.829395854497191e-17
0.682,-0.666618420777998,0.747401137184702,0.0014931746075645957,0.0
0.68225,-0.6674204577556127,0.7467176267120945,0.001517489349664114,6.78039816860548e-17
0.6825,-0.6682219139322357,0.7460334911042915,0.0015420590811536794,0.0
0.68275,-0.6690227891743467,0.7453487145940397,0.001566871847112239,4.1572491732069834e-17
0.683,-0.6698230819484978,0.7446633322294811,0.0015919525825367487,0.0
0.68325,-0.6706227950128478,0.7439773256058801,0.0016172892909356307,1.4313557127345798e-18
0.6835,-0.6714219238171272,0.7432907183730701,0.001642896346720324,0.0
0.68375,-0.672220473153168,0.7426034699370775,0.0016687466866762701,4.111016298514527e-17
0.684,-0.6730184407635809,0.7419156334544721,0.001694878080142681,0.0
0.68425,-0.6738158257422933,0.741227187984397,0.0017212742215397814,6.010661750678468e-17
0.6845,-0.674612629990895,0.7405380934992041,0.0017479066445151847,0.0
0.68475,-0.675408852309098,0.7398484237988104,0.0017748289785868288,0.0
0.685,-0.6762044914309505,0.73915817239893,0.0018020353620353813,0.0
0.68525,-0.6769995485145515,0.7384672666226076,0.0018294727956309487,5.98698200253963e-17
0.6855,-0.6777940252336396,0.7377757599049422,0.0018571817109136468,5.833425134768187e-17
0.68575,-0.6785879168315705,0.7370836962107399,0.0018851910720594223,0.0
0.686,-0.6793812293224352,0.7363909888294391,0.001913440964269375,5.623175811236006e-17
0.68625,-0.6801739578366685,0.7356977447757695,0.0019420065988606794,8.981025397966185e-18
0.6865,-0.6809661038846913,0.7350038248267624,0.001970786575070882,0.0
0.68675,-0.6817576669837269,0.7343093907474416,0.0019998991172469616,0.0
0.687,-0.6825486482185869,0.7336142878533016,0.0020292313737795276,1.0312274314031107e-17
0.68725,-0.683339046683172,0.7329186168200108,0.0020588563568630924,0.0
0.6875,-0.6841288629200286,0.7322224245520881,0.0020888084881447444,9.529603889849799e-18
0.68775,-0.6849180943513042,0.7315255946701176,0.002119000731595433,2.2797725423159252e-18
0.688,-0.6857067456828183,0.7308281813791306,0.0021494757633957473,0.0
0.68825,-0.6864948118272853,0.7301301639519903,0.0021802148208376337,0.0
0.6885,-0.6872822946527954,0.7294316410404742,0.002211290843508351,6.547021280993813e-19
0.68875,-0.6880691958785461,0.7287324969617204,0.002242620549042895,0.0
0.689,-0.688855514031655,0.7280327748763844,0.0022742341824535384,1.0116909923809615e-17
0.68925,-0.6896412472840399,0.7273324464200223,0.0023061097144030374,0.0
0.6895,-0.6904263989773913,0.7266315870835995,0.0023383040433597735,1.0999146616133415e-17
0.68975,-0.6912109633814059,0.7259301544570771,0.0023707822201957107,9.747099992356982e-18
0.69,-0.6919949481956285,0.7252281463952653,0.0024035478050656867,1.64841231347214e-18
0.69025,-0.6927783475319234,0.7245255680013692,0.0024366002380245,0.0
0.6905,-0.6935611636785705,0.723822438222828,0.002469954581189704,5.18170590866108e-19
0.69075,-0.6943433961703895,0.7231187347482526,0.0025035941827562525,0.0
0.691,-0.6951250475573185,0.7224144173204261,0.0025374916151390536,1.5630180129632798e-18
0.69125,-0.6959061100422977,0.7217096119816105,0.0025717321074085753,0.0
0.6915,-0.6966865908350826,0.7210042333045414,0.002606258853633525,0.0
0.69175,-0.6974664861002695,0.7202983042197274,0.002641085481176919,1.493321040383786e-18
0.692,-0.6982457984919759,0.7195917715607407,0.002676175447298812,9.91293590456712e-19
0.69225,-0.6990245268604829,0.7188847486427034,0.0027116090799013115,1.1866929687630402e-18
0.6925,-0.6998026716870696,0.7181771324371945,0.0027473125648713737,1.0527103407123263e-18
0.69275,-0.7005802272915258,0.7174689864257378,0.0027833272220980643,4.89765954969717e-19
0.693,-0.7013572052738642,0.7167602999865319,0.002819653290834001,1.3469010783608848e-18
0.69325,-0.7021335937378697,0.7160510796763714,0.0028562868930686047,0.0
0.6935,-0.702909400305035,0.7153412471698068,0.0028931772325697658,1.1293144758747747e-18
0.69375,-0.7036846185926626,0.7146309322186524,0.0029304122059521376,3.3357110827864644e-19
0.694,-0.7044592577642403,0.7139200758037617,0.0029679558616981794,6.919172092003211e-19
0.69425,-0.7052333068871576,0.7132086931640634,0.003005811123637958,1.746840936794759e-20
0.6945,-0.7060067733931616,0.7124967027515859,0.0030439250147049624,1.9071889443803006e-19
0.69475,-0.7067796528437502,0.7117842740997837,0.0030824146248842332,5.0347034865248495e-19
0.695,-0.70755195039134,0.7110712226995324,0.003121152331061694,0.0
0.69525,-0.7083236595098068,0.7103577027127049,0.0031602426455288324,0.0
0.6955,-0.709094785361998,0.7096436333003555,0.0031996316343558817,1.1463384646261538e-18
0.69575,-0.7098653244651081,0.7089290328093362,0.003239329590867923,0.0
0.696,-0.7106352801984813,0.708213917435116,0.0032793500872860815,0.0
0.69625,-0.7114046477757514,0.707498262432483,0.00331967199986849,0.0
0.6965,-0.7121734321930273,0.7067820890920292,0.0033603136375732756,1.4294175096134636e-18
0.69675,-0.7129416318338144,0.7060654255942893,0.0034012934123153205,0.0
0.697,-0.7137092391833142,0.7053482143484207,0.0034425651626159848,9.452514284746445e-19
0.69725,-0.714476267093016,0.7046304969523702,0.0034841670273204617,8.476928116005725e-19
0.6975,-0.7152427065782064,0.7039122668373975,0.0035260877114664524,1.5179642964731243e-18
0.69775,-0.7160085616485372,0.7031935295900555,0.0035683337029559503,1.3928637063799552e-18
0.698,-0.7167738284345423,0.7024742799052778,0.003610898235540949,2.689599150280873e-19
0.69825,-0.7175385129100758,0.7017545149267047,0.003653783298412927,1.1373141673939751e-18
0.6985,-0.7183026065881344,0.7010342609080868,0.0036970008913326247,0.0
0.69875,-0.7190661152037043,0.700313457065457,0.003740512374148741,0.0
0.699,-0.7198290373174556,0.6995921841104475,0.0037843727782382874,0.0
0.69925,-0.7205913741985874,0.6988704047684731,0.0038285566921565373,0.0
0.6995,-0.7213531247826684,0.6981481368027016,0.003873075420794292,0.0
0.69975,-0.722114286784194,0.6974253355787967,0.003917895988034603,3.1866659812692085e-19
0.7,-0.7228748657922595,0.6967021025317269,0.003963092581747318,0.0
0.70025,-0.7236348536278834,0.695978316430504,0.004008574827170985,1.3742399091156483e-19
0.7005,-0.7243942573078275,0.6952540420861539,0.004054392479657665,1.013264666122842e-18
0.70075,-0.725153072076395,0.6945292937824271,0.00410055166987644,8.640968691215551e-19
0.701,-0.7259113005832802,0.6938040634016429,0.004147048348567495,0.0
0.70125,-0.7266689436357999,0.6930783307981396,0.004193868865322692,5.818270449347905e-19
0.7015,-0.7274259975828379,0.692352133364926,0.004241036073686422,2.185882514002224e-19
0.70175,-0.7281824633983727,0.6916254296456726,0.004288521757310315,0.0
0.702,-0.7289383436807155,0.69089826669155,0.004336359894120845,0.0
0.70225,-0.7296936360068002,0.6901706020605991,0.0043845191845175435,0.0
0.7025,-0.7304483422017797,0.6894424687348171,0.004433023312399698,0.0
0.70275,-0.7312024582766324,0.6887138913726407,0.004481885928977913,7.604984287540245e-19
0.703,-0.7319559882607426,0.6879847621509438,0.004531035709027353,2.4722794581290664e-19
0.70325,-0.7327089299254783,0.6872552276535786,0.004580571148831147,0.0
0.7035,-0.7334612850084874,0.6865252055096909,0.004630436731052345,6.215775358435552e-19
0.70375,-0.734213050852347,0.6857947452249924,0.004680664002310264,2.446629164487676e-20
0.704,-0.7349642272795509,0.6850637571073115,0.004731191255956224,1.4444624043914127e-18
0.70425,-0.7357148177677115,0.6843323370640163,0.004782086143296782,2.895526920177038e-19
0.7045,-0.7364648222553629,0.6836004513108462,0.004833325209716577,0.0
0.70475,-0.737214234671717,0.6828681199346862,0.004884917304334158,5.011061672160827e-19
0.705,-0.7379630611302253,0.6821352599395124,0.004936810175365514,5.700207108196638e-19
0.70525,-0.7387112992244023,0.6814020417997153,0.004989117438902957,0.0
0.7055,-0.7394589470986677,0.6806682885527466,0.005041717286200731,6.67024732730691e-19
0.70575,-0.7402060058672428,0.6799341453369774,0.00509470853102334,0.0
0.706,-0.7409524781814757,0.6791995310726857,0.005148037819617146,0.0
0.70625,-0.7416983619571754,0.6784644354928656,0.00520169635681067,1.7844657829404624e-20
0.7065,-0.7424436553169231,0.6777289174671074,0.005255722138149066,0.0
0.70675,-0.7431883610457295,0.6769929552981832,0.0053101021660955094,2.4287516599780156e-20
0.707,-0.7439324771561094,0.6762565313332517,0.005364822707909722,0.0
0.70725,-0.7446760032377473,0.6755196748741032,0.005419902796915732,0.0
0.7075,-0.7454189423589963,0.6747823564191302,0.005475324491933442,4.3392208991411166e-21
0.70775,-0.7461612916242726,0.674044638105946,0.005531126956186405,4.1205975319103405e-20
0.708,-0.7469030532247944,0.6733064785904859,0.005587283644955532,0.0
0.70825,-0.7476442231054239,0.6725678332953811,0.00564376134223421,0.0
0.7085,-0.7483848031844604,0.6718288237326719,0.005700642356098573,7.640675372078344e-21
0.70875,-0.7491247926054133,0.6710893390681214,0.00575785152639563,8.83887197737483e-21
0.709,-0.7498641986420171,0.6703494511378343,0.0058154418410119035,0.0
0.70925,-0.7506030104457928,0.6696090966850139,0.005873362632497159,0.0
0.7095,-0.7513412321577809,0.6688683372965988,0.005931657608154284,0.0
0.70975,-0.7520788652855181,0.6681271728300996,0.005990327330782197,0.0
0.71,-0.7528159083726822,0.6673855316089535,0.006049322697427195,4.639017089789801e-20
0.71025,-0.7535523618700029,0.6666435112576419,0.006108708431537879,1.3584648145835696e-20
0.7105,-0.7542882250933614,0.6659010588082832,0.006168448440163399,0.0
0.71075,-0.755023497886796,0.6651582106360359,0.006228566250106926,0.0
0.711,-0.7557581802330867,0.664414937808387,0.006289042259802091,0.0
0.71125,-0.7564922726505207,0.6636712355911758,0.006349873319944077,1.512753468909753e-20
0.7115,-0.7572257765344506,0.6629271145299207,0.006411067023395001,0.0
0.71175,-0.7579586855012095,0.6621826239508659,0.006472650591746287,2.861080105807181e-20
0.712,-0.7586910093781402,0.6614376957092527,0.006534586100441553,0.0
0.71225,-0.7594227390107107,0.660692371368515,0.006596893553264316,0.0
0.7125,-0.7601538785769647,0.6599466339355753,0.006659564479719826,2.2192780716804315e-20
0.71275,-0.7608844284701264,0.659200492075291,0.006722604415246414,0.0
0.713,-0.7616143866923375,0.6584539649532795,0.006786023929335361,9.494167415725807e-21
0.71325,-0.7623437540432034,0.6577070287539446,0.006849807568649391,0.0
0.7135,-0.7630725311387956,0.6569596979711753,0.006913964813750173,0.0
0.71375,-0.7638007176264348,0.6562119438100407,0.006978476158060021,2.1304876030875414e-20
0.714,-0.7645283109047125,0.6554638382885121,0.007043386095515469,0.0
0.71425,-0.7652553147567066,0.654715309392991,0.007108650105313252,0.0
0.7145,-0.7659817257830864,0.653966425858387,0.007174309831038617,2.2822374414264566e-20
0.71475,-0.7667075455676915,0.6532171287301645,0.00724032767602889,1.258057408102878e-20
0.715,-0.7674327756439471,0.652467457966252,0.007306730265173922,0.0
0.71525,-0.768157413485197,0.6517174081315811,0.0073735116400537315,0.0
0.7155,-0.768881459271467,0.650966960396737,0.007440659264647431,0.0
0.71575,-0.7696049119386139,0.6502161498362874,0.007508194501646193,5.484763045167206e-21
0.716,-0.7703277759477003,0.6494649194836215,0.00757608349761707,0.0
0.71625,-0.7710500468858836,0.6487133853442315,0.0076443971597801585,3.5980119660323255e-20
0.7165,-0.7717717254175747,0.6479613756691007,0.007713024880106278,0.0
0.71675,-0.772492812090326,0.6472090807131821,0.007782088989887637,2.8109668445217676e-20
0.717,-0.773213306496886,0.6464563733899023,0.007851506939525299,1.6773249922557902e-20
0.71725,-0.7739332087692785,0.6457033391613263,0.007921333160479493,0.0
0.7175,-0.7746525200434609,0.6449498603226321,0.007991492593001581,3.1152465174104628e-21
0.71775,-0.7753712360888891,0.6441960947528258,0.00806208253698526,5.641551772185381e-21
0.718,-0.776089361162264,0.6434418961817864,0.008133012191974487,5.442364323987121e-21
0.71825,-0.7768068950706863,0.6426873878271132,0.008204359592537402,6.602955428998591e-21
0.7185,-0.7775238370626232,0.6419325125935816,0.008276087153361589,0.0
0.71875,-0.7782401832795037,0.6411772120640112,0.008348154231014426,1.3571249182184297e-20
0.719,-0.7789559396517849,0.6404216843733701,0.008420690850013957,0.0
0.71925,-0.7796711020077505,0.6396656806601817,0.008493535091045334,1.509670437992509e-20
0.7195,-0.7803856713053343,0.6389093882954251,0.008566806131706572,2.4173066489535557e-21
0.71975,-0.7810996473752724,0.6381526971500521,0.00864043345964527,2.3959538780931668e-20
0.72,-0.7818130308273559,0.6373957206552805,0.008714488783184038,3.475082796991793e-21
0.72025,-0.7825258219019429,0.636638349432678,0.008788902551805311,1.2731316988892867e-20
0.7205,-0.7832380190335366,0.6358806467481231,0.008863712980296423,1.0889688022948366e-20
0.72075,-0.7839496218598971,0.6351225980651858,0.008938910037345815,6.114334115937058e-21
0.721,-0.7846606339369269,0.6343642140803789,0.009014502649053568,0.0
0.72125,-0.7853710499759408,0.6336054826339405,0.009090478482529418,0.0
0.7215,-0.786080874377199,0.6328464301451229,0.009166856971158932,0.0
0.72175,-0.7867901056923803,0.6320870243450658,0.009243616160551582,0.0
0.722,-0.7874987400884426,0.6313272467670723,0.009320740969577024,6.137060347742868e-21
0.72225,-0.7882067841894801,0.6305672182628761,0.009398311564916106,0.0
0.7225,-0.7889142319077069,0.6298068048720746,0.009476238833633355,2.45080229413062e-20
0.72275,-0.7896210859397634,0.6290460444967747,0.009554548034790056,0.0
0.723,-0.7903273496903559,0.6282849892521263,0.009633273712849943,0.0
0.72325,-0.7910330154299816,0.6275236081858678,0.009712389906581409,0.0
0.7235,-0.7917380905322384,0.6267618840999294,0.009791891114267148,0.0
0.72375,-0.7924425670764539,0.625999872644041,0.009871805064918027,0.0
0.724,-0.7931464511807679,0.6252375139090751,0.009952098774910656,0.0
0.72425,-0.7938497411837568,0.6244748421797619,0.010032791592904822,0.0
0.7245,-0.7945524381185439,0.6237118379014295,0.010113871629580995,0.0
0.72475,-0.7952545377263848,0.622948541460447,0.010195359859717534,0.0
0.725,-0.7959560447614656,0.6221849227099869,0.010277240780939723,1.8233050290225747e-20
0.72525,-0.7966569564873094,0.6214210331980573,0.01035954334116318,0.0
0.7255,-0.7973572732276577,0.62065675779462,0.010442196350278765,0.0
0.72575,-0.7980569948925159,0.61989223494692,0.010525284218243058,1.5157976464554013e-20
0.726,-0.798756123872383,0.6191273895305217,0.010608762029358232,0.0
0.72625,-0.7994546550733146,0.6183622129002267,0.010692619870778408,4.540204097970963e-21
0.7265,-0.8001525927926704,0.6175967801079989,0.010776906420304488,1.2853776099254233e-20
0.72675,-0.8008499337642679,0.6168310351909847,0.010861584186981688,6.044081317502286e-21
0.727,-0.8015466812490215,0.6160649954065798,0.010946665648900344,6.0393418959237085e-21
0.72725,-0.8022428309260606,0.6152986302910172,0.011032128179051304,1.8103852747295647e-20
0.7275,-0.8029383875581526,0.6145319891826504,0.011118004954550953,1.808972535202903e-20
0.72775,-0.8036333498969107,0.6137650402473886,0.011204274959520255,0.0
0.728,-0.8043277155460858,0.6129978339388984,0.0112909662453069,0.0
0.72825,-0.805021483809236,0.6122302764674588,0.011378020731044547,3.759919059091768e-22
0.7285,-0.805714657932423,0.6114624955553523,0.011465517691009008,6.011220928683042e-21
0.72875,-0.8064072343592792,0.6106944129389642,0.01155340621335843,0.0
0.729,-0.8070992166974373,0.6099260804004258,0.011641719753709756,3.0009831409914367e-21
0.72925,-0.8077906035854465,0.6091574053264671,0.011730400702189892,0.0
0.7295,-0.8084813929542198,0.6083884451337593,0.011819481392540077,0.0
0.72975,-0.8091715856872316,0.607619285474266,0.011909013283233127,0.0
0.73,-0.8098611860927196,0.6068497736231651,0.011998907354149768,2.2438624273818076e-21
0.73025,-0.8105501862553712,0.6060800185117938,0.012089221994717958,2.989543216408833e-20
0.7305,-0.8112385925226082,0.6053099941153679,0.012179945945388182,5.9745541614545356e-21
0.73075,-0.8119264004952713,0.6045396747343594,0.012271059622437575,0.0
0.731,-0.8126136134267214,0.6037691081358658,0.012362593474102956,0.0
0.73125,-0.8133002278942117,0.602998266246056,0.012454527269509574,0.0
0.7315,-0.8139862486293732,0.6022271476916277,0.012546863297947963,0.0
0.73175,-0.8146716691732097,0.6014558052022367,0.012639626997153597,0.0
0.732,-0.8153564969624151,0.6006841571568338,0.012732775117916484,0.0
0.73225,-0.816040723657162,0.5999122579413312,0.012826332544316754,0.0
0.7325,-0.8167243564860085,0.5991401266851386,0.012920315662475312,8.908218464753708e-21
0.73275,-0.817407388931294,0.5983677032299561,0.013014682888737195,0.0
0.733,-0.818089828741736,0.597595101484483,0.013109507017347255,0.0
0.73325,-0.8187716677691361,0.596822151631601,0.013204680516047729,0.0
0.7335,-0.819452910959694,0.5960489591045569,0.013300268888714939,1.4063043094468724e-20
0.73375,-0.8201335556994254,0.5952756074259851,0.01339631831803989,0.0
0.734,-0.8208136043296724,0.5945018995029763,0.013492714115555415,5.912599673408864e-21
0.73425,-0.8214930534770755,0.5937280229893831,0.013589562985911297,5.908279390168072e-21
0.7345,-0.8221719089013215,0.5929538815667488,0.013686812310151675,2.95198665911821e-21
0.73475,-0.8228501635931695,0.5921794771087396,0.013784456792510724,0.0
0.735,-0.8235278200501845,0.5914048740730842,0.01388253534322681,0.0
0.73525,-0.8242048812650858,0.5906299963603729,0.01398100519775447,1.620062615675877e-20
0.7355,-0.8248813423869976,0.5898548841214633,0.014079885088014166,1.1037910030717723e-20
0.73575,-0.825557208371908,0.5890795626285685,0.014179192944463681,5.882647442014191e-21
0.736,-0.8262324714142499,0.5883040019502332,0.01427890421222866,5.878423265392246e-21
0.73625,-0.8269071402881478,0.5875282083211337,0.014379028880508793,0.0
0.7365,-0.8275812100418254,0.5867521679989391,0.014479554188129962,0.0
0.73675,-0.8282546806361636,0.5859759576646312,0.014580523643488386,0.0
0.737,-0.8289275522179353,0.5851994441109066,0.014681859606119119,0.0
0.73725,-0.8295998270587882,0.5844227090578484,0.014783610391144286,2.9287518585431705e-21
0.7375,-0.8302715029026492,0.583645842602678,0.014885825164394406,0.0
0.73775,-0.8309425804522305,0.5828686801819172,0.01498840897106879,0.0
0.738,-0.8316130571029434,0.5820913682743245,0.015091443055047504,0.0
0.73825,-0.8322829375929156,0.58131373363869,0.015194831116297047,1.4602520858991843e-20
0.7385,-0.8329522174283388,0.5805359986580181,0.015298696077488794,0.0
0.73875,-0.8336208999705537,0.5797579794800878,0.015402934621793207,0.0
0.739,-0.8342889830143505,0.5789797767772773,0.015507601692958728,0.0
0.73925,-0.8349564646658181,0.5782013658513095,0.01561268077922362,7.280904321547805e-21
0.7395,-0.8356233518966915,0.5774227351651351,0.015718170222748018,0.0
0.73975,-0.8362896356479554,0.5766439119069202,0.01582407720604162,9.542956399681028e-21
0.74,-0.8369553215285979,0.5758648545466523,0.015930381934252225,0.0
0.74025,-0.8376204068827007,0.5750856165659817,0.016037111727429165,0.0
0.7405,-0.8382848951598267,0.5743062025509603,0.016144271125722698,2.902329797471606e-21
0.74075,-0.838948782518516,0.5735265719811729,0.01625183318790424,1.450171348973903e-20
0.741,-0.8396120696460192,0.5727467596682427,0.01635981729195879,0.0
0.74125,-0.8402747574326181,0.5719667288585548,0.016468202601340964,2.8963877164462213e-21
0.7415,-0.8409368454030632,0.5711865099315114,0.016577004994799305,0.0
0.74175,-0.8415983334427892,0.5704061022321747,0.01668622313739565,0.0
0.742,-0.8422592212793526,0.5696255124837722,0.016795859699724414,5.781005535806933e-21
0.74225,-0.8429195112922928,0.568844737352709,0.016905913903105585,1.1554215157446329e-20
0.7425,-0.8435791984422281,0.5680637779477631,0.017016381313849527,1.731966613846142e-20
0.74275,-0.844238287459327,0.5672826635940366,0.017127281330415522,0.0
0.743,-0.8448967728035016,0.5665012945624637,0.017238552864921042,0.0
0.74325,-0.8455546616220256,0.5657198218084708,0.017350285092478046,0.0
0.7435,-0.846211949779776,0.5649381382341788,0.017462414038764473,2.5190396769981867e-21
0.74375,-0.846868635715905,0.564156239584305,0.017574935236330358,0.0
0.744,-0.8475247188484232,0.5633742289513486,0.017687904470533145,2.8750853841376154e-21
0.74425,-0.8481802037669566,0.5625920568719661,0.01780129716835477,0.0
0.7445,-0.8488350913838696,0.561809676452443,0.017915087283934872,0.0
0.74475,-0.8494893710734952,0.5610271185741342,0.018029282163552596,0.0
0.745,-0.8501430557508639,0.5602444317354176,0.018143918378908497,1.4337624433306542e-21
0.74525,-0.8507961359928585,0.5594615609191412,0.01825895683095302,0.0
0.7455,-0.851448617942779,0.5586785139130448,0.018374406053469405,2.3268222112034153e-21
0.74575,-0.8521004963719118,0.5578953114716422,0.018490272157421828,1.1447673561221469e-20
0.746,-0.8527517739660523,0.557111958862885,0.01860655933009281,2.860061666827225e-21
0.74625,-0.8534024502811769,0.5563284358828212,0.0187232552159311,0.0
0.7465,-0.8540525272128523,0.5555448310619219,0.018840408777684337,5.712732371803388e-21
0.74675,-0.8547019990842801,0.5547609892968517,0.01895792969302046,1.4272636887303866e-21
0.747,-0.8553508737798479,0.5539769686074822,0.019075855382456153,6.418562857179211e-21
0.74725,-0.8559991418326587,0.5531928605572602,0.019194226725099073,3.20722611797897e-21
0.7475,-0.8566468136611287,0.5524085891273899,0.01931301016786713,0.0
0.74775,-0.8572938801723373,0.5516241727826298,0.019432207152129566,2.8472316445538436e-21
0.748,-0.857940344563972,0.550839652673103,0.01955184163806578,0.0
0.74825,-0.8585862075625035,0.5500548989124538,0.019671843111376708,2.8436192204731575e-21
0.7485,-0.8592314720274323,0.5492700818726328,0.0197923050125437,0.0
0.74875,-0.8598761287046328,0.5484850963079118,0.019913161787789457,4.9700528937745985e-21
0.749,-0.8605201855718587,0.5476999883553563,0.020034444036613586,3.4591104585811784e-21
0.74925,-0.8611636413437158,0.5469147294625871,0.02015613436155106,0.0
0.7495,-0.8618064942096011,0.5461293224060848,0.020278231784630618,0.0
0.74975,-0.8624487438276137,0.5453437932266478,0.02040074899063926,1.4164609534221784e-21
0.75,-0.8630903920362805,0.5445581741387702,0.020523703716229802,0.0
0.75025,-0.8637314362377638,0.5437723830522281,0.02064704894280145,4.244103565951387e-21
0.7505,-0.8643718789061348,0.5429864651148808,0.020770809898909448,0.0
0.75075,-0.8650117192116624,0.5422004574415022,0.020895004602966116,0.0
0.751,-0.865650956716258,0.5414143092105856,0.021019604651031365,3.530207376250394e-21
0.75125,-0.8662895893754479,0.54062802678546,0.0211446107218225,0.0
0.7515,-0.8669276212632486,0.539841633731511,0.02127003775645031,0.0
0.75175,-0.8675650500635379,0.5390551398114005,0.021395887914591905,1.409490221434364e-21
0.752,-0.868201872715107,0.5382685151722066,0.021522141811772366,2.8172632961546637e-21
0.75225,-0.868838096348014,0.5374817513305836,0.02164880006733827,0.0
0.7525,-0.8694737136438511,0.5366949272481052,0.02177589698107396,1.4069228762104682e-21
0.75275,-0.8701087270751432,0.5359079674846068,0.021903393939861848,7.030363229041473e-22
0.753,-0.8707431392705032,0.5351209228952912,0.022031318848380055,0.0
0.75325,-0.8713769469906405,0.5343337390216705,0.02215963939279475,0.0
0.7535,-0.8720101518499029,0.5335464640549422,0.02228838115026166,0.0
0.75375,-0.8726427525412825,0.532759101237857,0.022417543626181757,0.0
0.754,-0.8732747499095954,0.5319716073862001,0.022547103998013407,4.205589473633746e-21
0.75425,-0.8739061421429044,0.5311840320007019,0.022677085461298763,4.2030885927516634e-21
0.7545,-0.8745369329795025,0.5303963738404613,0.0228074894760526,0.0
0.75475,-0.8751671174722879,0.5296085979381184,0.022938292623134293,2.4488982398226663e-21
0.755,-0.87579669949293,0.528820742133957,0.02306951677479807,0.0
0.75525,-0.8764256772177819,0.5280327763150148,0.023201143739387087,0.0
0.7555,-0.877054048518514,0.527244739598258,0.023333190831192896,1.3969021581759573e-21
0.75575,-0.877681816945828,0.5264566261442524,0.023465656975611093,0.0
0.756,-0.8783089819209746,0.5256684449878621,0.02359854522122884,0.0
0.75625,-0.8789355403938275,0.5248800994122408,0.023731802244315148,0.0
0.7565,-0.8795614974196129,0.5240917389104245,0.023865508031784444,1.8291641141375946e-21
0.75675,-0.880186846495699,0.5233032610127151,0.02399960338399776,0.0
0.757,-0.8808115927997024,0.5225147322427088,0.024134125698884512,0.0
0.75725,-0.8814357337529918,0.5217261311302057,0.02426906066754131,0.0
0.7575,-0.8820592685414272,0.520937433839785,0.024404394365534765,0.0
0.75775,-0.8826821990750684,0.5201486673516047,0.02454014109338276,3.474105238776679e-22
0.758,-0.8833045272598747,0.5193598229002243,0.0246762969449148,0.0
0.75825,-0.8839262475763092,0.5185709039580295,0.024812857836094215,6.940289268282226e-22
0.7585,-0.8845473641587819,0.517781944051365,0.024949843175684272,0.0
0.75875,-0.8851678764664072,0.5169929085544492,0.025087233860434655,3.46621006551515e-22
0.759,-0.8857877786809838,0.5162038320980177,0.02522504121449831,0.0
0.75925,-0.8864070805031143,0.5154146332103792,0.025363231490891813,0.0
0.7595,-0.8870257753788158,0.5146254323667608,0.025501858518581555,0.0
0.75975,-0.8876438624930663,0.5138361280820816,0.025640869478198436,0.0
0.76,-0.8882613461417834,0.513046818072776,0.02578031594694452,1.7282436094453282e-22
0.76025,-0.8888782234928932,0.5122574044986478,0.025920145363942604,6.909123833586868e-22
0.7605,-0.8894944955183237,0.5114679713544172,0.026060399430170023,0.0
0.76075,-0.8901101622385805,0.5106784750311387,0.026201055242354387,3.45073045475892e-22
0.761,-0.8907252205539427,0.5098889428642124,0.026342122581965333,0.0
0.76125,-0.8913396753313225,0.509099327036915,0.026483580779150584,3.446924453746181e-22
0.7615,-0.8919535232611854,0.5083096826506391,0.02662545318847198,0.0
0.76175,-0.8925667633174399,0.5075200447133641,0.026767755027798712,0.0
0.762,-0.8931793992676216,0.506730265006567,0.026910415152994194,0.0
0.76225,-0.8937914278789654,0.5059405377754889,0.027053525535291056,0.0
0.7625,-0.8944028512742821,0.5051507222833524,0.02719701741728131,0.0
0.76275,-0.8950136658706529,0.5043609071346145,0.027340930139978292,0.0
0.763,-0.8956238761103601,0.5035709880200862,0.027485215190209633,0.0
0.76325,-0.8962334770767523,0.5027811059717551,0.02762993628799415,0.0
0.7635,-0.896842475362825,0.5019911713226861,0.027775054037040725,0.0
0.76375,-0.897450860395451,0.501201180738631,0.02792055646257663,0.0
0.764,-0.8980586465261362,0.500411242230222,0.02806650755228346,0.0
0.76425,-0.898665819568971,0.49962121878539945,0.028212826958591508,0.0
0.7645,-0.8992723881519689,0.4988311300564391,0.028359530711866032,0.0
0.76475,-0.8998783476688473,0.49804105746870553,0.028506653127611692,0.0
0.765,-0.9004837019716146,0.4972510094623328,0.02865420036463795,0.0
0.76525,-0.9010884481748995,0.49646090157175216,0.028802127828128965,0.0
0.7655,-0.901692586746488,0.49567076844095553,0.028950451518643394,0.0
0.76575,-0.9022961204269003,0.49488064676815463,0.029099190303394584,0.0
0.766,-0.9028990430197604,0.49409049872762323,0.029248319317991767,0.0
0.76625,-0.9035013585181759,0.49330034690169405,0.02939785170628806,0.0
0.7665,-0.9041030679803723,0.49251017597897384,0.029547779840431332,0.0
0.76675,-0.9047041686700602,0.49172000011465605,0.02969810688460628,0.0
0.767,-0.9053046608169375,0.4909298566629847,0.029848849618238527,0.0
0.76725,-0.905904547755642,0.4901396579807839,0.02999996794654014,0.0
0.7675,-0.9065038246693382,0.48934946806151525,0.03015148693394898,0.0
0.76775,-0.9071024915068207,0.4885592967106055,0.030303409923621905,0.0
0.768,-0.9077005553789159,0.48776911749782953,0.030455729383753738,0.0
0.76825,-0.9082980057069132,0.486978919331957,0.030608429542896998,0.0
0.7685,-0.9088948506718315,0.4861887617132793,0.03076154448740609,0.0
0.76875,-0.9094910880457746,0.48539863307489434,0.03091506547613454,0.0
0.769,-0.9100867129103649,0.484608450001494,0.031068947660069623,0.0
0.76925,-0.910681731841428,0.48381831811657594,0.031223245303777514,0.0
0.7695,-0.9112761418855286,0.483028178092467,0.031377926659816646,0.0
0.76975,-0.911869943955069,0.4822380927520857,0.031533020697733116,0.0
0.77,-0.9124631362182924,0.48144795324711565,0.03168847364073968,0.0
0.77025,-0.9130557209139183,0.480657896790259,0.03184435029730648,0.0
0.7705,-0.9136476934000677,0.47986781585663585,0.03200059513077913,0.0
0.77075,-0.9142390607685685,0.47907781072659084,0.03215725980374584,0.0
0.771,-0.9148298158236801,0.47828777446615456,0.03231428699005012,0.0
0.77125,-0.9154199632485943,0.4774978207202628,0.032471732255492824,0.0
0.7715,-0.9160095016353305,0.4767078405048228,0.0326295426167984,0.0
0.77175,-0.9165984312533272,0.4759179061731127,0.03278775050455551,0.0
0.772,-0.9171867494741748,0.475127987187876,0.03294633820939863,0.0
0.77225,-0.9177744605161049,0.4743381489843825,0.03310533826786388,0.0
0.7725,-0.9183615593105634,0.47354830855547764,0.03326470672092707,0.0
0.77275,-0.9189480491509379,0.4727585721023674,0.03342449387199253,0.0
0.773,-0.9195339314692326,0.47196874009495476,0.03358460841388422,0.0
0.77325,-0.9201192029535867,0.47117907683797505,0.033745166902283685,0.0
0.7735,-0.9207038634499062,0.4703894131018234,0.03390609057586147,0.0
0.77375,-0.921287911979563,0.4695997543828332,0.034067379853015334,0.0
0.774,-0.9218713560442369,0.46881018194332824,0.0342290770368896,0.0
0.77425,-0.9224541843008978,0.4680206476658664,0.03439114882901606,0.0
0.7745,-0.923036406847556,0.46723116808215304,0.03455361040086258,0.0
0.77475,-0.9236180164556493,0.4664417571278635,0.034716460250824976,0.0
0.775,-0.9241990163865077,0.4656523390637678,0.034879665838181584,0.0
0.77525,-0.924779404942383,0.46486303123625455,0.03504327717045097,0.0
0.7755,-0.9253591846921765,0.46407375646088445,0.035207260470040413,0.0
0.77575,-0.9259383528523826,0.46328458418969504,0.03537164304939422,0.0
0.776,-0.9265169101235982,0.46249539522220784,0.03553637084687944,0.0
0.77625,-0.9270948568392985,0.4617063378520072,0.03570150911862191,0.0
0.7765,-0.9276721911813371,0.4609172975077747,0.03586700373795759,0.0
0.77675,-0.9282489180014024,0.46012838152439256,0.03603290548854243,0.0
0.777,-0.9288250321624694,0.45933945313756475,0.0361991476450505,0.0
0.77725,-0.9294005340310555,0.45855066161800645,0.036365795425303826,0.0
0.7775,-0.9299754264404627,0.4577619150580622,0.03653280925436464,0.0
0.77775,-0.930549706492888,0.45697329209221926,0.036700219899465925,0.0
0.778,-0.9311233755002274,0.4561846252224151,0.036867953353874716,0.0
0.77825,-0.9316964348268608,0.4553961383242202,0.037036108083848385,0.0
0.7785,-0.9322688800166902,0.4546076913001249,0.0372046170533582,0.0
0.77875,-0.9328407131613153,0.4538193427242255,0.0373735064873979,0.0
0.779,-0.9334119375724095,0.45303105026133444,0.037542759457925845,0.0
0.77925,-0.9339825480036232,0.4522428823929907,0.03771239977676899,0.0
0.7795,-0.9345525482340228,0.45145474388839035,0.03788238793710996,0.0
0.77975,-0.9351219346985757,0.4506667647407018,0.03805277592050116,0.0
0.78,-0.9356907113917416,0.44987883693645586,0.038223518953448554,0.0
0.78025,-0.9362588741760445,0.4490909812428475,0.03839462099293334,0.0
0.7805,-0.9368264274929445,0.4483032228310523,0.038566095561520575,0.0
0.78075,-0.9373933645505639,0.44751558223371035,0.038737943971145716,0.0
0.781,-0.9379596925148734,0.4467280481391893,0.03891016636514144,0.0
0.78125,-0.9385254068616766,0.44594056785226066,0.039082734618024695,0.0
0.7815,-0.9390905094266875,0.44515324606773854,0.03925569393673278,0.0
0.78175,-0.9396549993314945,0.4443660160219814,0.039429013431854676,0.0
0.782,-0.9402188756821166,0.4435788552295828,0.03960268131422717,0.0
0.78225,-0.9407821404218506,0.44279182185909494,0.03977672278331701,0.0
0.7825,-0.9413447920026055,0.4420048806425207,0.039951119977394756,0.0
0.78275,-0.9419068306036656,0.44121811577789705,0.04012590739219646,0.0
0.783,-0.9424682563627674,0.4404313565236758,0.04030101127546737,0.0
0.78325,-0.9430290683333675,0.4396447859979632,0.04047650697980387,0.0
0.7835,-0.9435892691682095,0.4388583043420809,0.04065235318015903,0.0
0.78375,-0.9441488555446924,0.4380719658811883,0.04082856836145754,0.0
0.784,-0.9447078300305956,0.4372856991845704,0.04100512334592055,0.0
0.78425,-0.9452661885090284,0.436499593359086,0.041182050431639805,0.0
0.7845,-0.9458239369392609,0.4357135818843969,0.04135932565364486,0.0
0.78475,-0.9463810696501918,0.43492771765374694,0.04153696457482425,0.0
0.785,-0.9469375918195488,0.43414199098217854,0.04171496635834915,0.0
0.78525,-0.9474934978961262,0.43335635765828273,0.041893306091506766,0.0
0.7855,-0.9480487887174467,0.43257088343696315,0.04207201046091469,0.0
0.78575,-0.9486034679432543,0.4317855229559511,0.04225106247406285,0.0
0.786,-0.9491575300754256,0.43100029937036466,0.04243046528592309,0.0
0.78625,-0.9497109825196728,0.43021519034936817,0.04261021495371198,0.0
0.7865,-0.9502638200372525,0.4294302804687852,0.04279034012369487,0.0
0.78675,-0.9508160430436585,0.42864545134442267,0.04297079089851019,0.0
0.787,-0.9513676503423311,0.4278607913176709,0.04315160109395011,0.0
0.78725,-0.9519186463967325,0.42707628427685496,0.043332766642317555,0.0
0.7875,-0.9524690263520839,0.42629190426960534,0.04351427101208971,0.0
0.78775,-0.9530187904280103,0.42550769633952423,0.043696131329917565,0.0
0.788,-0.9535679430021854,0.42472357988666376,0.04387831725405733,0.0
0.78825,-0.9541164788276995,0.4239396614449541,0.044060865906116575,0.0
0.7885,-0.9546644007834048,0.423155894617099,0.04424375950844661,0.0
0.78875,-0.955211707525392,0.422372246870769,0.04442698218699648,0.0
0.789,-0.9557584007189387,0.4215887970003116,0.04461056585743628,0.0
0.78925,-0.9563044795798596,0.42080546061554397,0.0447944742141233,0.0
0.7895,-0.9568499411533495,0.42002231384485134,0.04497873376100392,0.0
0.78975,-0.9573947886146609,0.4192393536211233,0.0451633445979478,0.0
0.79,-0.9579390202262319,0.41845650942066637,0.0453482753362735,0.0
0.79025,-0.9584826383156407,0.4176738483659702,0.04553355353204758,0.0
0.7905,-0.9590256402070327,0.4168913634224093,0.04571917237406731,0.0
0.79075,-0.9595680269756539,0.41610902573537345,0.04590511983276513,0.0
0.791,-0.9601097972702124,0.41532685073986786,0.0460913993336074,0.0
0.79125,-0.9606509524764184,0.41454489266450395,0.04627803213489812,0.0
0.7915,-0.9611914938067869,0.4137630714161653,0.046464986052692225,0.0
0.79175,-0.9617314168173048,0.4129813997927083,0.04665226062344363,0.0
0.792,-0.9622707270331431,0.412199990728596,0.046839903930657734,0.0
0.79225,-0.9628094191727019,0.41141870084652366,0.04702785304590473,0.0
0.7925,-0.9633474957871223,0.4106375913407792,0.04721613292647309,0.0
0.79275,-0.9638849551102737,0.4098567172475792,0.04740476195255883,0.0
0.793,-0.9644218037968995,0.40907593347994003,0.04759368793027274,0.0
0.79325,-0.9649580301577441,0.4082954287274705,0.047782972320920436,0.0
0.7935,-0.9654936435381272,0.40751504976153974,0.04797256237683922,0.0
0.79375,-0.9660286381057569,0.4067349105769458,0.048162495571416386,0.0
0.794,-0.9665630190104506,0.40595494323488235,0.04835274867547956,0.0
0.79425,-0.96709678221594,0.40517516583380314,0.04854332346397361,0.0
0.7945,-0.9676299300419677,0.4043956084509437,0.04873423213292338,0.0
0.79475,-0.9681624585362654,0.40361624243574135,0.04892545839870466,0.0
0.795,-0.9686943719274459,0.40283701569970587,0.0491169846217121,0.0
0.79525,-0.9692256697674915,0.40205806567608554,0.04930886163771531,0.0
0.7955,-0.9697563500608709,0.40127927732666524,0.049501041874277174,0.0
0.79575,-0.9702864130898932,0.4005006944135061,0.04969354082634592,0.0
0.796,-0.9708158558476525,0.3997223523097523,0.049886367613777294,0.0
0.79625,-0.9713446863808469,0.39894419944967,0.0500795084348824,0.0
0.7965,-0.9718728976244461,0.3981662364432034,0.05027295546456956,0.0
0.79675,-0.9724004928243777,0.39738853586691597,0.05046673763786713,0.0
0.797,-0.9729274717564864,0.39661100569154895,0.050660818311090594,0.0
0.79725,-0.9734538302271272,0.3958336795647074,0.050855204803021525,0.0
0.7975,-0.9739795718968778,0.39505660904526174,0.05104991833060235,0.0
0.79775,-0.9745046972548579,0.3942797712985616,0.05124494910892596,0.0
0.798,-0.9750292028846728,0.3935031190563038,0.05144027466373946,0.0
0.79825,-0.9755530938893398,0.392726710617325,0.051635919997680135,0.0
0.7985,-0.9760763648032897,0.39195049405262217,0.05183185905148324,0.0
0.79875,-0.9765990182689204,0.3911745469828556,0.05202812162558734,0.0
0.799,-0.9771210514706608,0.39039879553271506,0.05222467599867864,0.0
0.79925,-0.977642470101241,0.3896233281304635,0.05242155867746967,0.0
0.7995,-0.978163271597101,0.3888480048084908,0.052618713848983534,0.0
0.79975,-0.9786834503621538,0.3880730010301855,0.05281619960054984,0.0
0.8,-0.979203015277025,0.38729819595955556,0.05301397793246032,0.0
0.80025,-0.9797219582639609,0.3865236759009264,0.053212071492031,0.0
0.8005,-0.9802402867245901,0.3857493223909261,0.05341044206091161,0.0
0.80075,-0.9807579933693072,0.3849752555156625,0.053609125300810856,0.0
0.801,-0.981275081897186,0.38420140608465386,0.053808097705533076,0.0
0.80125,-0.9817915518524983,0.38342780263752113,0.05400736768030945,0.0
0.8015,-0.9823074045960218,0.3826544514518568,0.054206937152328605,0.0
0.80175,-0.9828226358923532,0.3818814067125108,0.054406820167206105,0.0
0.802,-0.9833372531008779,0.38110852316189103,0.05460696933152209,0.0
0.80225,-0.9838512464283787,0.38033595777620216,0.0548074307077171,0.0
0.8025,-0.984364623190723,0.3795635956056937,0.055008167977166345,0.0
0.80275,-0.9848773784069418,0.3787915619595271,0.055209219969892365,0.0
0.803,-0.9853895161173621,0.3780197068046969,0.055410534913650666,0.0
0.80325,-0.985901034174743,0.3772481438606219,0.055612150002600336,0.0
0.8035,-0.9864119339316504,0.37647685653047325,0.05581405886919555,0.0
0.80375,-0.9869222119080536,0.375705819067337,0.05601624743113853,0.0
0.804,-0.9874318739671217,0.37493503579515935,0.05621872109565418,0.0
0.80425,-0.9879409132760075,0.37416456377384055,0.05642149207061298,0.0
0.8045,-0.9884493344131638,0.37339429576896876,0.05662452499202897,0.0
0.80475,-0.9889571328721385,0.3726243778998542,0.056827865673466205,0.0
0.805,-0.9894643171546713,0.3718546326980857,0.057031457801227425,0.0
0.80525,-0.9899708758100386,0.3710852357761031,0.05723535088602705,0.0
0.8055,-0.9904768184021281,0.3703161218067565,0.057439529175072446,0.0
0.80575,-0.9909821372911973,0.3695472617298087,0.05764397368974272,0.0
0.806,-0.991486840520992,0.3687786751427352,0.05784869719933483,0.0
0.80625,-0.9919909190923417,0.3680104004139384,0.058053702972819865,0.0
0.8065,-0.992494379857807,0.367242371616588,0.05825897282277226,0.0
0.80675,-0.9929972198488513,0.3664746646782975,0.05846452868228824,0.0
0.807,-0.9934994388185663,0.36570717449230716,0.05867033226021445,0.0
0.80725,-0.9940010361198781,0.3649400254199766,0.05887642431065787,0.0
0.8075,-0.9945020170290482,0.3641732127575428,0.059082806377761754,0.0
0.80775,-0.9950023715799724,0.36340664299159614,0.059289435244301414,0.0
0.808,-0.9955021101819368,0.36264037209345057,0.059496338289456,0.0
0.80825,-0.9960012253225909,0.36187441547788823,0.059703512036062945,0.0
0.8085,-0.9964997189070715,0.3611087095411819,0.059910934884799705,0.0
0.80875,-0.9969975934053354,0.3603433492639223,0.06011863987705257,0.0
0.809,-0.9974948454692434,0.35957826543459365,0.060326598605665804,0.0
0.80925,-0.9979914770562405,0.35881352518490794,0.060534834002409,0.0
0.8095,-0.9984874863375014,0.3580490350718878,0.06074331102698549,0.0
0.80975,-0.9989828758866356,0.3572848953724004,0.06095206431582012,0.0
0.81,-0.9994776433317238,0.356521042608333,0.06116106851998171,0.0
0.81025,-0.999971788583393,0.3557575416074325,0.06137034364694505,0.0
0.8105,-1.0004653127713858,0.3549942858726649,0.06157985336054228,0.0
0.81075,-1.0009582160351609,0.35423143346224867,0.061789648989389656,0.0
0.811,-1.001450495584243,0.3534687731664237,0.06199965570131072,0.0
0.81125,-1.001942155531091,0.35270653843227556,0.06220995348526426,0.0
0.8115,-1.0024331926906136,0.35194456583565464,0.06242048324999083,0.0
0.81175,-1.002923605413553,0.3511829709757953,0.06263128007748131,0.0
0.812,-1.0034134012410538,0.3504216616410533,0.06284231884951641,0.0
0.81225,-1.0039025717945051,0.34966070746654887,0.06305361294792133,0.0
0.8125,-1.004391119332397,0.3489000525870369,0.06326514439674114,0.0
0.81275,-1.0048790453865575,0.34813974265837255,0.06347692794683457,0.0
0.813,-1.0053663505388948,0.34737976137185883,0.06368895707658151,0.0
0.81325,-1.005853031158654,0.34662008130362143,0.06390121771430524,0.0
0.8135,-1.0063390913522792,0.34586078228773204,0.06411373805078413,0.0
0.81375,-1.006824527535872,0.34510178896892213,0.06432648844110922,0.0
0.814,-1.007309340241866,0.3443431826451054,0.06453949404080994,0.0
0.81425,-1.0077935316699684,0.3435848827096496,0.06475272908898022,0.0
0.8145,-1.0082770998335164,0.34282688717621784,0.06496618942557153,0.0
0.81475,-1.0087600448732241,0.34206930448697925,0.06517990837455945,0.0
0.815,-1.0092423675107247,0.3413120345094496,0.06539385265714404,0.0
0.81525,-1.0097240663208582,0.3405551247017245,0.06560803444237218,0.0
0.8155,-1.0102051418883118,0.33979855042908436,0.06582244467420151,0.0
0.81575,-1.0106855945522097,0.3390423558848473,0.06603709603338914,0.0
0.816,-1.0111654234084861,0.33828644774523775,0.06625195625844205,0.0
0.81625,-1.0116446295379944,0.3375309761779366,0.06646707232464366,0.0
0.8165,-1.0121232115957588,0.3367758138020854,0.06668240081711763,0.0
0.81675,-1.0126011700255244,0.3360210237174259,0.06689796040538387,0.0
0.817,-1.0130785058997134,0.3352665938288599,0.06711374653951552,0.0
0.81725,-1.0135552163018122,0.3345125057515111,0.06732974895145127,0.0
0.8175,-1.0140313042971214,0.3337587992883204,0.06754598130333611,0.0
0.81775,-1.0145067683056164,0.33300549742070085,0.06776244748085891,0.0
0.818,-1.014981606461299,0.3322525085815652,0.06797911539201107,0.0
0.81825,-1.015455823549491,0.3314999022569165,0.06819600953051697,0.0
0.8185,-1.0159294151280134,0.33074769149135286,0.06841312793750642,0.0
0.81875,-1.01640238271129,0.32999585178735624,0.0686304626848564,0.0
0.819,-1.0168747266734397,0.3292443553158056,0.06884800381275125,0.0
0.81925,-1.0173464457250507,0.3284932413021554,0.06906576047060353,0.0
0.8195,-1.017817539633657,0.32774253152017946,0.06928373734625115,0.0
0.81975,-1.0182880102601544,0.3269921931801968,0.06950192437432268,0.0
0.82,-1.0187578527941148,0.3262422561391555,0.06972032434671527,0.0
0.82025,-1.0192270758590483,0.32549267510612445,0.06993892989830375,0.0
0.8205,-1.0196956703966076,0.32474345952966494,0.07015773357616872,0.0
0.82075,-1.0201636404790304,0.3239946765458397,0.07037675786868225,0.0
0.821,-1.0206309887949696,0.3232462709846492,0.07059598681952783,0.0
0.82125,-1.0210977098951155,0.32249826508463686,0.0708154201988549,0.0
0.8215,-1.0215638035908645,0.3217506316587661,0.07103504787651538,0.0
0.82175,-1.0220292774440243,0.3210034440758906,0.0712548973336542,0.0
0.822,-1.0224941223074824,0.32025656989879636,0.07147491837965636,0.0
0.82225,-1.0229583432264315,0.3195101711816887,0.07169516256495156,0.0
0.8225,-1.0234219380989846,0.3187641112902052,0.07191558530927056,0.0
0.82275,-1.0238849080374897,0.3180185388865665,0.07213623014171344,0.0
0.823,-1.0243472500898672,0.3172732878293968,0.07235704312358027,0.0
0.82325,-1.0248089686156692,0.31652847042949794,0.07257805997864275,0.0
0.8235,-1.0252700644744595,0.3157840746993389,0.07279927616548076,0.0
0.82375,-1.0257305310449008,0.31504008590552934,0.07302067922525035,0.0
0.824,-1.0261903696349264,0.31429648314774705,0.0732422625160214,0.0
0.82425,-1.026649586271861,0.31355333384927575,0.0734640497753889,0.0
0.8245,-1.0271081755233284,0.3128105638474614,0.07368601233387939,0.0
0.82475,-1.0275661378067822,0.31206826261831233,0.07390817489241552,0.0
0.825,-1.0280234747207246,0.31132632236267144,0.07413050583843783,0.0
0.82525,-1.0284801851643235,0.31058484271401926,0.0743530312701377,0.0
0.8255,-1.0289362701284253,0.30984374852324714,0.07457572859465467,0.0
0.82575,-1.0293917299277224,0.3091031259297353,0.07479862118590508,0.0
0.826,-1.0298465596032238,0.30836288898720904,0.07502167774939972,0.0
0.82625,-1.030300764143335,0.3076230931088469,0.07524491722034865,0.0
0.8265,-1.0307543445306964,0.3068837267354084,0.07546833542597531,0.0
0.82675,-1.031207295851094,0.3061447968340503,0.07569192785159817,0.0
0.827,-1.0316596179899713,0.3054063485656705,0.07591570540420567,0.0
0.82725,-1.0321113178807675,0.3046682690553322,0.07613964087693881,0.0
0.8275,-1.0325623883732218,0.3039306419490546,0.07636374938892132,0.0
0.82775,-1.033012833886305,0.3031934485170341,0.07658802807641618,0.0
0.828,-1.033462648560696,0.30245670604447505,0.07681247438974381,0.0
0.82825,-1.033911839534818,0.30172038350117214,0.07703708466810255,0.0
0.8285,-1.0343604021987434,0.30098457204239704,0.07726187820988573,0.0
0.82875,-1.0348083370731627,0.3002492003541333,0.07748683369655174,0.0
0.829,-1.0352556434898625,0.2995141783680119,0.07771192367027036,0.0
0.82925,-1.0357023260724074,0.29877974107547234,0.07793721612574522,0.0
0.8295,-1.0361483761048016,0.29804563407565277,0.07816263026325254,0.0
0.82975,-1.0365938005892672,0.29731210350806286,0.07838823913861859,0.0
0.83,-1.037038598909279,0.2965788781477925,0.07861396550903388,0.0
0.83025,-1.037482766814553,0.29584624873847565,0.07883988354612104,0.0
0.8305,-1.0379263093062114,0.2951139913632258,0.07906593470850853,0.0
0.83075,-1.0383692237256295,0.2943822432523996,0.07929215225669162,0.0
0.831,-1.038811507921218,0.2936509609291725,0.07951852038035034,0.0
0.83125,-1.0392531644400056,0.2929201153277497,0.07974503183028703,0.0
0.8315,-1.039694193291251,0.292189735566728,0.07997169274666605,0.0
0.83175,-1.040134594533145,0.2914598651260858,0.08019851310948689,0.0
0.832,-1.0405743687211033,0.2907303984998205,0.08042546316309451,0.0
0.83225,-1.0410135115252457,0.2900014700178601,0.08065257311989149,0.0
0.8325,-1.0414520271376908,0.2892729686657286,0.08087981534946298,0.0
0.83275,-1.0418899126870247,0.28854499386184373,0.0811072119090257,0.0
0.833,-1.0423271701181902,0.2878174661608608,0.08133474160125487,0.0
0.83325,-1.0427637990001295,0.2870904453164538,0.08156241812351372,0.0
0.8335,-1.043199801238897,0.28636381097692387,0.08179020957951999,0.0
0.83375,-1.0436351708825076,0.28563780771087777,0.08201817318233484,0.0
0.834,-1.0440699151385135,0.2849121408306089,0.08224623616348214,0.0
0.83425,-1.0445040274762194,0.28418705510496606,0.08247445498878903,0.0
0.8345,-1.0449375116612374,0.2834624255129794,0.08270279853451945,0.0
0.83475,-1.0453703673544337,0.28273831238861696,0.08293128047679299,0.0
0.835,-1.0458025919146343,0.2820146551961259,0.08315988062739699,0.0
0.83525,-1.0462341887186801,0.2812915327959161,0.08338862097887612,0.0
0.8355,-1.046665154260471,0.2805688713573762,0.08361747711904655,0.0
0.83575,-1.0470954902523306,0.27984675744118936,0.08384647130353118,0.0
0.836,-1.047525200835881,0.279125086834054,0.08407557877039684,0.0
0.83625,-1.0479542774182375,0.278403935631008,0.0843048090523324,0.0
0.8365,-1.048382725656006,0.2776833079934886,0.08453416681639081,0.0
0.83675,-1.048810542988981,0.2769631645077413,0.08476363765521899,0.0
0.837,-1.0492377321281952,0.27624354271711704,0.08499323196710384,0.0
0.83725,-1.0496642882940983,0.27552442891306494,0.08522293979063411,0.0
0.8375,-1.0500902186590433,0.27480580846444624,0.08545276253238909,0.0
0.83775,-1.050515514555808,0.2740877448341814,0.08568270603834405,0.0
0.838,-1.0509401854952367,0.273370138556353,0.08591275254648445,0.0
0.83825,-1.0513642208721043,0.2726530853334246,0.08614291411022101,0.0
0.8385,-1.0517876284361742,0.27193653227804815,0.08637318308157882,0.0
0.83875,-1.0522104019989187,0.2712205123191679,0.08660355989541912,0.0
0.839,-1.0526325509522765,0.27050498260887945,0.08683404112151694,0.0
0.83925,-1.0530540642288038,0.26979004561240993,0.08706463970655753,0.0
0.8395,-1.053474949583619,0.26907554693969427,0.0872953229739859,0.0
0.83975,-1.0538952017621985,0.2683616448829773,0.08752612324563613,0.0
0.84,-1.054314825594132,0.26764821904285396,0.08775701359467059,0.0
0.84025,-1.054733816981397,0.26693538427532376,0.0879880165067819,0.0
0.8405,-1.0551521770373284,0.26622303115363066,0.08821910432745139,0.0
0.84075,-1.0555699036488386,0.26551124526050496,0.08845029415633054,0.0
0.841,-1.0559870071620772,0.2647999649921282,0.08868157913824981,0.0
0.84125,-1.05640347207691,0.2640892392175536,0.08891295432034263,0.0
0.8415,-1.0568193073702574,0.26337903783112543,0.0891444192573363,0.0
0.84175,-1.0572345108869716,0.2626694423723448,0.08937598971457628,0.0
0.842,-1.0576490845873285,0.26196032275737546,0.08960763434713614,0.0
0.84225,-1.0580630250862928,0.261251754812814,0.08983936635062495,0.0
0.8425,-1.058476333013592,0.2605437677489796,0.09007119146537157,0.0
0.84275,-1.058889012514522,0.25983631577616445,0.09030310089447613,0.0
0.843,-1.0593010569907602,0.2591294100314381,0.0905350890663641,0.0
0.84325,-1.0597124704156509,0.25842306135420773,0.09076716057741785,0.0
0.8435,-1.0601232541349208,0.25771725092663483,0.09099931044102672,0.0
0.84375,-1.0605334026122821,0.2570120197588659,0.09123154112998244,0.0
0.844,-1.0609429186980386,0.2563073542048959,0.09146385031984772,0.0
0.84425,-1.0613518042471088,0.2556032125409249,0.09169622818796741,0.0
0.8445,-1.0617600572629209,0.2548996426894327,0.09192868221425576,0.0
0.84475,-1.062167677588938,0.25419667414354447,0.09216121724785542,0.0
0.845,-1.0625746668418978,0.25349425869334996,0.0923938217532454,0.0
0.84525,-1.0629810217170994,0.2527923868003699,0.09262648849227362,0.0
0.8455,-1.0633867449240149,0.25209108553542603,0.09285922455114104,0.0
0.84575,-1.0637918345189883,0.25139039079902536,0.09309203444877467,0.0
0.846,-1.0641962913910363,0.25069019435721507,0.09332489231577168,0.0
0.84625,-1.0646001157482794,0.24999063584245051,0.0935578285852845,0.0
0.8465,-1.0650033087033148,0.24929168673106328,0.09379083586498704,0.0
0.84675,-1.0654058662395358,0.2485932410702577,0.0940238842563863,0.0
0.847,-1.0658077906249446,0.2478954064426186,0.09425699864893566,0.0
0.84725,-1.0662090841768102,0.2471981736187342,0.09449017730703724,0.0
0.8475,-1.0666097419692027,0.24650150833540185,0.09472340583146277,0.0
0.84775,-1.067009768321323,0.24580545203295986,0.0949566959210082,0.0
0.848,-1.0674091588328125,0.24510989543672237,0.09519001693823581,0.0
0.84825,-1.0678079184806344,0.24441500185124596,0.09542340850462461,0.0
0.8485,-1.0682060435512613,0.24372073688836904,0.09565685735491503,0.0
0.84875,-1.068603535756578,0.2430270085632824,0.09589034283667175,0.0
0.849,-1.0690003909998174,0.24233385368244828,0.09612386736096057,0.0
0.84925,-1.0693966164455024,0.24164133047984485,0.09635744894681086,0.0
0.8495,-1.069792205942587,0.2409494087671495,0.09659107304443504,0.0
0.84975,-1.070187161752874,0.24025808155039846,0.09682473847509021,0.0
0.85,-1.0705814844064365,0.2395673969815223,0.09705845443640393,0.0
0.85025,-1.0709751702095063,0.2388772343771745,0.09729218912237259,0.0
0.8505,-1.071368225481347,0.238187722995572,0.09752597507159977,0.0
0.85075,-1.0717606446709276,0.23749885978002355,0.0977598042660579,0.0
0.851,-1.072152429644139,0.23681050424043903,0.09799364629784679,0.0
0.85125,-1.0725435810533912,0.23612283878475054,0.0982275393808889,0.0
0.8515,-1.0729340954805995,0.23543576861013643,0.09846145785176175,0.0
0.85175,-1.0733239744431042,0.2347493277111227,0.09869540864389048,0.0
0.852,-1.0737132233213036,0.23406346118738464,0.09892938344465163,0.0
0.85225,-1.07410183514705,0.23337825685187633,0.09916339232958471,0.0
0.8525,-1.0744898106294565,0.2326936439327078,0.09939741907701727,0.0
0.85275,-1.0748771535375705,0.23200969322712633,0.09963148051898507,0.0
0.853,-1.075263861421865,0.23132628763382668,0.09986554770585832,0.0
0.85325,-1.07564993098116,0.23064360305176812,0.1000996525990161,0.0
0.8535,-1.076035370604021,0.22996150440666335,0.10033377313427438,0.0
0.85375,-1.0764201710894774,0.22928004608156244,0.10056790988083208,0.0
0.854,-1.0768043369814788,0.22859920137432174,0.10080205986866675,0.0
0.85425,-1.0771878696547998,0.2279189774492959,0.10103622411480129,0.0
0.8545,-1.0775707639376146,0.2272394309113095,0.10127040741771953,0.0
0.85475,-1.0779530235537023,0.2265605173066056,0.10150460234662906,0.0
0.855,-1.0783346460416623,0.22588222490076418,0.10173880224848042,0.0
0.85525,-1.078715635775662,0.22520457428171892,0.10197301380038382,0.0
0.8555,-1.0790959898052677,0.22452756682538833,0.10220723254673825,0.0
0.85575,-1.0794757044373378,0.223851177258574,0.10244144789214826,0.0
0.856,-1.0798547869685808,0.22317547910878652,0.10267568006843941,0.0
0.85625,-1.0802332310520497,0.222500431507403,0.10290991268105465,0.0
0.8565,-1.0806110405088436,0.22182597751435962,0.10314413617160967,0.0
0.85675,-1.0809882106992235,0.2211522577759171,0.1033783724498567,0.0
0.857,-1.0813647502957302,0.22047909697486312,0.10361259298043435,0.0
0.85725,-1.0817406482045675,0.21980667824502167,0.10384682170088633,0.0
0.8575,-1.0821159128715043,0.21913485328807492,0.10408103543866543,0.0
0.85775,-1.0824905393182327,0.21846373993800142,0.10431525090491123,0.0
0.858,-1.0828645280307048,0.2177932434199974,0.10454944794090726,0.0
0.85825,-1.0832378825845905,0.21712342216858077,0.10478363977773641,0.0
0.8585,-1.0836106007863855,0.21645426268887863,0.10501781975351743,0.0
0.85875,-1.0839826788861116,0.21578580373405098,0.10525198991825446,0.0
0.859,-1.0843541240777903,0.21511800029212358,0.10548614665865164,0.0
0.85925,-1.084724928998999,0.214450856558866,0.10572028174883141,0.0
0.8595,-1.0850950982471024,0.21378436617080196,0.10595439664524164,0.0
0.85975,-1.0854646308483782,0.21311856408470106,0.10618849532090624,0.0
0.86,-1.0858335269899482,0.21245348979531986,0.10642258367300172,0.0
0.86025,-1.0862017841135492,0.2117890294406461,0.10665663545784065,0.0
0.8605,-1.0865694030478656,0.21112522680170526,0.10689065811934051,0.0
0.86075,-1.0869363868779631,0.21046215841785254,0.1071246674359767,0.0
0.861,-1.0873027328100255,0.20979974767730708,0.10735864420774344,0.0
0.86125,-1.0876684398766114,0.20913804818987974,0.1075925958150381,0.0
0.8615,-1.0880335085989778,0.2084770090930076,0.10782651130696808,0.0
0.86175,-1.0883979423231005,0.2078166717392582,0.10806039993582561,0.0
0.862,-1.0887617362423887,0.20715704045345168,0.10829425592437936,0.0
0.86225,-1.0891248924084411,0.20649805273607647,0.10852806777613422,0.0
0.8625,-1.089487409632047,0.20583980404537783,0.10876185029797436,0.0
0.86275,-1.0898492916702978,0.20518224086771777,0.1089955953572348,0.0
0.863,-1.0902105324925995,0.20452536625940435,0.10922929577312401,0.0
0.86325,-1.0905711371730629,0.20386921785012674,0.10946296162682678,0.0
0.8635,-1.0909311027705795,0.20321370880691225,0.10969657223913831,0.0
0.86375,-1.0912904291057663,0.20255896616935226,0.10993014889831887,0.0
0.864,-1.0916491195646305,0.20190488078264388,0.1101636731266642,0.0
0.86425,-1.0920071701381342,0.20125156167472524,0.1103971589974515,0.0
0.8645,-1.0923645811968927,0.200598880366544,0.11063058172273177,0.0
0.86475,-1.0927213527894657,0.19994695955977926,0.11086396173394708,0.0
0.865,-1.093077488490397,0.19929574129156272,0.11109729022324033,0.0
0.86525,-1.0934329842591934,0.19864522378086713,0.11133056108293737,0.0
0.8655,-1.0937878379103765,0.197995403287811,0.1115637696883427,0.0
0.86575,-1.0941420563383417,0.19734639148951716,0.11179694084946501,0.0
0.866,-1.094495635123002,0.1966980097017769,0.11203003661049715,0.0
0.86625,-1.094848574474396,0.19605038707743438,0.11226307827861892,0.0
0.8665,-1.0952008730294762,0.19540345546582588,0.11249605064130974,0.0
0.86675,-1.095552534601524,0.1947572635490459,0.11272896420329426,0.0
0.867,-1.0959035529169299,0.19411182954247916,0.11296181410876738,0.0
0.86725,-1.09625393532313,0.193467099803679,0.11319459638371221,0.0
0.8675,-1.096603678833902,0.19282309264162423,0.11342730947643265,0.0
0.86775,-1.0969527801364167,0.1921798265710704,0.11365995150669783,0.0
0.868,-1.0973012429776254,0.19153728818060703,0.11389252201629518,0.0
0.86825,-1.097649064946292,0.19089548466676795,0.11412501804942399,0.0
0.8685,-1.0979962477328264,0.19025444350129256,0.11435744413870763,0.0
0.86875,-1.098342790087551,0.1896141168982508,0.11458978905443495,0.0
0.869,-1.098688694083072,0.18897454404428363,0.11482205970401904,0.0
0.86925,-1.0990339566277192,0.1883357250117655,0.11505425120775481,0.0
0.8695,-1.0993785773839102,0.1876976319318651,0.11528635670104936,0.0
0.86975,-1.099722560019118,0.18706029656595374,0.11551838333859177,0.0
0.87,-1.1000659024882515,0.1864236865375744,0.11575032185500667,0.0
0.87025,-1.1004086027908722,0.18578787936935823,0.11598218140646077,0.0
0.8705,-1.1007506653229668,0.1851527570842092,0.11621394484428405,0.0
0.87075,-1.1010920831904518,0.18451840435213565,0.11644561766767092,0.0
0.871,-1.1014328644894193,0.1838848796107807,0.11667721563880717,0.0
0.87125,-1.10177300231053,0.1832520216720689,0.1169087035506795,0.0
0.8715,-1.1021125018833606,0.18261995883425208,0.11714010588297485,0.0
0.87175,-1.1024513564689904,0.1819887064389874,0.1173714166075901,0.0
0.872,-1.10278957373417,0.18135813391521732,0.11760262019825385,0.0
0.87225,-1.1031271484795484,0.1807283906202694,0.11783373400913799,0.0
0.8725,-1.1034640820681143,0.1800993648586805,0.11806473946588891,0.0
0.87275,-1.1038003750600591,0.17947113275378757,0.11829564761500122,0.0
0.873,-1.1041360244481808,0.1788436871555197,0.11852645248988858,0.0
0.87325,-1.10447103535706,0.17821702543650086,0.11875715689247346,0.0
0.8735,-1.1048054051631406,0.17759106498398075,0.11898774329294404,0.0
0.87375,-1.105139130432648,0.17696593918093095,0.11921822771237012,0.0
0.874,-1.105472216432489,0.17634158865116883,0.1194486040869307,0.0
0.87425,-1.1058046588510217,0.1757179988179135,0.11967886407004968,0.0
0.8745,-1.1061364604201942,0.17509520379147905,0.11990901392108433,0.0
0.87475,-1.106467622211402,0.17447321376610522,0.12013905445887696,0.0
0.875,-1.1067981355932481,0.17385194254941475,0.12036896194106284,0.0
0.87525,-1.1071280141444593,0.17323151894323888,0.12059876800701308,0.0
0.8755,-1.1074572483320915,0.17261188759679907,0.12082845280757293,0.0
0.87575,-1.107785839707899,0.17199300243433313,0.12105800900029773,0.0
0.876,-1.1081137886575945,0.17137496728071536,0.1212874511130293,0.0
0.87625,-1.1084410953893005,0.17075770111560815,0.1215167651168303,0.0
0.8765,-1.108767760015724,0.17014120251108183,0.12174594915346271,0.0
0.87675,-1.1090937820580917,0.1695255586591325,0.12197501417750511,0.0
0.877,-1.1094191603645895,0.16891062888947173,0.122203935983076,0.0
0.87725,-1.1097438974428675,0.1682966233435865,0.12243274691205386,0.0
0.8775,-1.1100679921883838,0.16768329034473872,0.12266140627616995,0.0
0.87775,-1.1103914439536666,0.1670708432451562,0.12288994361342298,0.0
0.878,-1.1107142505673746,0.16645917123707354,0.12311833842315023,0.0
0.87825,-1.111036417366062,0.16584832494687385,0.12334660172241518,0.0
0.8785,-1.1113579382365653,0.165238302543049,0.12357472537821779,0.0
0.87875,-1.1116788175419323,0.16462906253362075,0.12380270581722996,0.0
0.879,-1.111999054710902,0.16402068004529155,0.12403055170242583,0.0
0.87925,-1.1123186466780428,0.1634130801897431,0.12425824725672885,0.0
0.8795,-1.1126375964067996,0.1628062868842064,0.12448579714771091,0.0
0.87975,-1.1129559024644355,0.16220034925908725,0.12471320527954854,0.0
0.88,-1.113273563942284,0.16159519566674208,0.12494045861784486,0.0
0.88025,-1.1135905824472,0.16099093407777915,0.1251675724843524,0.0
0.8805,-1.113906958124758,0.1603874347114433,0.12539452663146933,0.0
0.88075,-1.1142226879810568,0.15978475454051033,0.125621324511624,0.0
0.881,-1.1145377768513192,0.1591829584181271,0.1258479783165345,0.0
0.88125,-1.1148522199327722,0.1585819516450241,0.1260744680866248,0.0
0.8815,-1.1151660197266449,0.15798177067520136,0.1263007997061174,0.0
0.88175,-1.1154791758636458,0.15738247566872568,0.12652697945191504,0.0
0.882,-1.1157916870897,0.15678396441686343,0.12675299000124562,0.0
0.88225,-1.116103552560644,0.1561863250838823,0.1269788410532373,0.0
0.8825,-1.1164147784436866,0.15558953097101802,0.12720453320382252,0.0
0.88275,-1.1167253552200846,0.15499354921663266,0.12743005073050662,0.0
0.883,-1.1170352884477839,0.15439845642866767,0.12765540790845264,0.0
0.88325,-1.11734457820705,0.15380415716358947,0.12788058996043206,0.0
0.8835,-1.1176532227335931,0.1532107396704907,0.128105605445326,0.0
0.88375,-1.1179612226849107,0.15261816120142851,0.12833044741141597,0.0
0.884,-1.1182685787351982,0.1520264246076492,0.12855511516515028,0.0
0.88425,-1.118575287641915,0.15143557752069853,0.12877961013752381,0.0
0.8845,-1.118881354905929,0.1508455133213611,0.1290039217138763,0.0
0.88475,-1.119186775211655,0.15025637232135564,0.12922806165620848,0.0
0.885,-1.119491548242821,0.14966805736043737,0.129452014908626,0.0
0.88525,-1.11979568047001,0.149080628043806,0.1296757940476676,0.0
0.8855,-1.1200991637345905,0.14849405365512602,0.12989938515332433,0.0
0.88575,-1.1204020045364755,0.14790835984309192,0.1301227962840259,0.0
0.886,-1.1207041976868832,0.1473234805784455,0.13034601191084327,0.0
0.88625,-1.121005745099115,0.14673951082346806,0.1305690445885792,0.0
0.8865,-1.1213066512734762,0.14615638981621748,0.13079188910879935,0.0
0.88675,-1.1216069085350084,0.14557416339078164,0.13101454204638086,0.0
0.887,-1.1219065177493457,0.14499277787742948,0.13123699559600532,0.0
0.88725,-1.1222054845474156,0.14441230055497864,0.1314592622361097,0.0
0.8875,-1.1225038038915056,0.14383270696076916,0.1316813320641823,0.0
0.88775,-1.1228014780502993,0.14325395120732415,0.13190319976950637,0.0
0.888,-1.1230985072593849,0.1426760750189689,0.13212486916906707,0.0
0.88825,-1.1233948881686389,0.14209914562693596,0.13234634363843534,0.0
0.8885,-1.1236906235819766,0.14152305418405056,0.13256761051675547,0.0
0.88875,-1.1239857123157808,0.1409478738284313,0.13278867606750389,0.0
0.889,-1.1242801561983362,0.14037350181386632,0.13300952760020635,0.0
0.88925,-1.1245739527433456,0.13980009770666935,0.13323018072569304,0.0
0.8895,-1.1248671026768775,0.13922756426101252,0.133450622362848,0.0
0.88975,-1.1251596066150613,0.1386559361875719,0.13367085567117387,0.0
0.89,-1.1254514622123677,0.1380851751966769,0.13389087191186677,0.0
0.89025,-1.1257426726365192,0.13751533611010963,0.13411067919330044,0.0
0.8905,-1.126033235506545,0.1369463980573702,0.13433027086745142,0.0
0.89075,-1.1263231503423161,0.13637835571309836,0.1345496440896925,0.0
0.891,-1.1266124226488106,0.1358112114450548,0.13476880289369753,0.0
0.89125,-1.1269010432488837,0.13524497186484563,0.1349877372421895,0.0
0.8915,-1.1271890182625957,0.13467963534964478,0.13520645129848852,0.0
0.89175,-1.1274763457202255,0.13411522026297185,0.1354249435629018,0.0
0.892,-1.127763026599955,0.1335516994855777,0.13564321008025093,0.0
0.89225,-1.1280490582400797,0.13298912490937975,0.13586125259227555,0.0
0.8925,-1.1283344455577704,0.1324274108257848,0.13607906422492544,0.0
0.89275,-1.1286191849534273,0.13186666819975099,0.1362966526515168,0.0
0.893,-1.1289032732680035,0.13130677585071598,0.13651399893689065,0.0
0.89325,-1.1291867169370704,0.1307478796540551,0.13673112464696358,0.0
0.8935,-1.129469511363653,0.13018984196132227,0.13694800762830095,0.0
0.89375,-1.1297516585082774,0.12963277688808286,0.13716466122805593,0.0
0.894,-1.1300331565809412,0.12907658561863006,0.1373810706738745,0.0
0.89425,-1.1303140089271198,0.12852134408144167,0.1375972462437649,0.0
0.8945,-1.130594211683374,0.1279670585030569,0.13781318306384316,0.0
0.89475,-1.130873767023329,0.12741369450673104,0.13802887770451133,0.0
0.895,-1.1311526719901073,0.1268612140220312,0.13824432130079312,0.0
0.89525,-1.1314309300949712,0.12630969613676632,0.13845952449515475,0.0
0.8955,-1.131708541372831,0.12575910933724432,0.13867448210518774,0.0
0.89575,-1.1319855034790045,0.1252095029204609,0.13888919553581003,0.0
0.896,-1.1322618148213497,0.1246607620025645,0.13910364887730764,0.0
0.89625,-1.132537479692946,0.12411299966200323,0.13931785713836264,0.0
0.8965,-1.1328124940729287,0.12356619385847264,0.1395318121897251,0.0
0.89675,-1.1330868623276413,0.12302031265109531,0.1397455132196277,0.0
0.897,-1.1333605773419366,0.12247540454372877,0.13995895671335368,0.0
0.89725,-1.1336336466668904,0.12193140575629519,0.14017214163694525,0.0
0.8975,-1.1339060677707131,0.12138838723924686,0.1403850714051751,0.0
0.89775,-1.134177838704172,0.12084630633145654,0.14059773783820173,0.0
0.898,-1.1344489581488872,0.12030518054957651,0.14081013981826174,0.0
0.89825,-1.1347194325712247,0.11976504018224986,0.1410222852795724,0.0
0.8985,-1.134989254177504,0.1192258235687394,0.1412341583146075,0.0
0.89875,-1.1352584277187843,0.11868757817232635,0.14144576696351985,0.0
0.899,-1.13552694922274,0.11815025521149294,0.14165710054185898,0.0
0.89925,-1.1357948258972363,0.11761396960405568,0.1418681764463694,0.0
0.8995,-1.1360620497586873,0.11707858907324561,0.1420789714031565,0.0
0.89975,-1.136328624087791,0.11654421660900721,0.14228949760831622,0.0
0.9,-1.1365945499885282,0.11601075690306568,0.14249974476183014,0.0
0.90025,-1.1368598228741904,0.11547833459402485,0.14270971931901633,0.0
0.9005,-1.1371244487831413,0.11494683165783029,0.14291941366333294,0.0
0.90075,-1.1373884257080213,0.11441631931022717,0.1431288313480117,0.0
0.901,-1.1376517482490907,0.11388681549238462,0.14333796711086655,0.0
0.90125,-1.1379144240787218,0.11335821289683873,0.14354681625090193,0.0
0.9015,-1.1381764474527118,0.11283066171367791,0.14375538632997142,0.0
0.90175,-1.1384378213522761,0.11230409587783977,0.14396367207890637,0.0
0.902,-1.138698543654699,0.11177844433822792,0.14417166279365912,0.0
0.90225,-1.1389586179363653,0.11125386270898663,0.14437937561771252,0.0
0.9025,-1.1392180383907902,0.11073021574880686,0.1445867899267128,0.0
0.90275,-1.1394768121198005,0.11020758179864779,0.144793918766434,0.0
0.903,-1.1397349314272773,0.1096858778031217,0.14500074484909486,0.0
0.90325,-1.1399924014773994,0.1091652455159715,0.14520728527842097,0.0
0.9035,-1.1402492204438568,0.10864553665455855,0.14541352242662997,0.0
0.90375,-1.140505387920109,0.10812689591113808,0.14561946801465298,0.0
0.904,-1.1407609058190094,0.107609214097339,0.14582511196240322,0.0
0.90425,-1.1410157708241284,0.10709255597834974,0.14603045544843885,0.0
0.9045,-1.1412699851845154,0.10657686488246956,0.14623549378443168,0.0
0.90475,-1.1415235488881892,0.1060621894982087,0.14644022988878058,0.0
0.905,-1.1417764595248483,0.10554852262762429,0.14664465906137258,0.0
0.90525,-1.142028720615982,0.10503588393351568,0.14684878498670062,0.0
0.9055,-1.1422803296245423,0.10452419418651498,0.1470525962733764,0.0
0.90575,-1.1425312856654488,0.10401359121806383,0.1472561030050883,0.0
0.906,-1.1427815914351003,0.10350396680522422,0.14745929638804944,0.0
0.90625,-1.1430312440061527,0.10299533644229811,0.14766217333460774,0.0
0.9065,-1.143280245548842,0.10248773598570664,0.14786473762795604,0.0
0.90675,-1.143528596742371,0.10198118693380478,0.14806699023010128,0.0
0.907,-1.1437762923259607,0.10147559787716216,0.14826891617401583,0.0
0.90725,-1.144023338773859,0.10097107166678705,0.14847052943156847,0.0
0.9075,-1.144269730839834,0.10046755298892084,0.1486718182839899,0.0
0.90775,-1.1445154721810278,0.09996508230941385,0.14887278832031225,0.0
0.908,-1.1447605594295678,0.09946359211176452,0.14907342871605578,0.0
0.90825,-1.1450049956880886,0.09896320513391849,0.14927375160187917,0.0
0.9085,-1.1452487811795966,0.09846375500551811,0.14947374125864155,0.0
0.90875,-1.1454919098947345,0.09796543737265487,0.1496734069090675,0.0
0.909,-1.1457343893454077,0.0974680409637583,0.14987273640955912,0.0
0.90925,-1.1459762149934387,0.09697177008151145,0.15007174103332765,0.0
0.9095,-1.1462173864028804,0.09647652819725092,0.15027041054929557,0.0
0.90975,-1.146457905652051,0.09598228826579143,0.15046874320549208,0.0
0.91,-1.146697773826616,0.0954891072841603,0.1506667432879265,0.0
0.91025,-1.1469369886883198,0.09499697679761242,0.15086440627126763,0.0
0.9105,-1.1471755476008758,0.09450587190400374,0.15106172590252753,0.0
0.91075,-1.1474134546070212,0.09401588129982545,0.15125871191049045,0.0
0.911,-1.1476507108904819,0.0935268666049345,0.15145535257966714,0.0
0.91125,-1.1478873091587822,0.09303893235707794,0.15165164761829564,0.0
0.9115,-1.148123257742144,0.09255202537350798,0.15184759945453385,0.0
0.91175,-1.1483585518057273,0.09206625223584308,0.15204321025997158,0.0
0.912,-1.14859319042453,0.09158142093922209,0.15223846219037807,0.0
0.91225,-1.1488271777309471,0.09109771287863977,0.1524333722974931,0.0
0.9125,-1.1490605105758078,0.0906150495656426,0.1526279296340689,0.0
0.91275,-1.1492931868851808,0.0901334649872407,0.15282213325877003,0.0
0.913,-1.149525214020906,0.08965291302198133,0.15301598535455563,0.0
0.91325,-1.1497565850856735,0.08917347732149533,0.15320948400777423,0.0
0.9135,-1.1499873012236743,0.08869505097285067,0.15340262052883613,0.0
0.91375,-1.1502173630380597,0.088217761796659,0.15359540382693937,0.0
0.914,-1.1504467705454573,0.08774147916529278,0.153787822359287,0.0
0.91425,-1.1506755247828366,0.08726631890670325,0.1539798844649689,0.0
0.9145,-1.1509036259806233,0.08679216370533913,0.15417157995507802,0.0
0.91475,-1.1511310691402672,0.0863191408725637,0.1543629119219796,0.0
0.915,-1.1513578611643145,0.08584719087853651,0.15455388122278668,0.0
0.91525,-1.1515839956250276,0.08537633768921596,0.15474448170014066,0.0
0.9155,-1.1518094782004586,0.08490652841277327,0.15493471358320599,0.0
0.91575,-1.1520343030775464,0.08443784212315104,0.15512457538128,0.0
0.916,-1.1522584752282603,0.08397018795808828,0.15531406388093094,0.0
0.91625,-1.1524819909498287,0.08350364921800367,0.1555031799594515,0.0
0.9165,-1.1527048525861234,0.08303822056546532,0.15569192402226095,0.0
0.91675,-1.1529270586749094,0.08257387201160075,0.15588029093144695,0.0
0.917,-1.1531486101920656,0.08211061370106287,0.15606828088580382,0.0
0.91725,-1.1533695047451664,0.08164843435016785,0.15625588919924827,0.0
0.9175,-1.1535897460603768,0.0811873609600046,0.15644311999998295,0.0
0.91775,-1.1538093309742163,0.08072741473880211,0.15662997010002266,0.0
0.918,-1.1540282610618924,0.08026852633703069,0.15681643472499718,0.0
0.91825,-1.1542465351056086,0.07981076039505897,0.1570025156749404,0.0
0.9185,-1.1544641529473787,0.07935409125663,0.15718820951462953,0.0
0.91875,-1.154681114343076,0.07889854419869582,0.15737351624151197,0.0
0.919,-1.1548974218232422,0.07844407231270059,0.15755843369350986,0.0
0.91925,-1.1551130708695823,0.07799075129453384,0.1577429610156318,0.0
0.9195,-1.1553280667533734,0.0775385158962473,0.1579270975650755,0.0
0.91975,-1.155542407397965,0.07708740817818618,0.15811084262030595,0.0
0.92,-1.1557560873542425,0.07663739131164385,0.15829418681241836,0.0
0.92025,-1.1559691137879913,0.07618853673836914,0.15847714054362227,0.0
0.9205,-1.156181484649304,0.07574074724133048,0.1586596938870981,0.0
0.92075,-1.1563931976913158,0.07529410858294572,0.1588418487671417,0.0
0.921,-1.1566042548388076,0.07484860641287688,0.15902360467472065,0.0
0.92125,-1.1568146549732359,0.07440422798918664,0.1592049581948456,0.0
0.9215,-1.1570243994663625,0.0739609101266419,0.15938590520467244,0.0
0.92175,-1.1572334854864623,0.07351877321929587,0.15956644912950835,0.0
0.922,-1.1574419166722598,0.07307777576602428,0.15974658946722653,0.0
0.92225,-1.157649690876739,0.07263789525981901,0.15992632120095718,0.0
0.9225,-1.157856806963591,0.07219913046064458,0.16010564168578867,0.0
0.92275,-1.1580632652333462,0.07176153336582855,0.16028455301013755,0.0
0.923,-1.1582690696410314,0.07132504274908869,0.16046305387558957,0.0
0.92325,-1.1584742133817316,0.07088972886690326,0.16064114037425226,0.0
0.9235,-1.1586787020467413,0.07045551850633991,0.1608188121600711,0.0
0.92375,-1.15888253360351,0.07002248923670003,0.16099607048869635,0.0
0.924,-1.159085705963129,0.06959054237912618,0.16117290588295496,0.0
0.92425,-1.1592882224381922,0.06915979389372662,0.1613493271945896,0.0
0.9245,-1.1594900817054585,0.0687301945782608,0.1615253287036389,0.0
0.92475,-1.1596912811330173,0.06830171387133109,0.1617009045592157,0.0
0.925,-1.1598918240900993,0.06787440893858993,0.16187606007690025,0.0
0.92525,-1.1600917092218803,0.06744826277697263,0.16205079147039658,0.0
0.9255,-1.1602909356764983,0.06702322896802582,0.162225093789643,0.0
0.92575,-1.1604895048723733,0.06659939774839976,0.16239897225495503,0.0
0.926,-1.160687416651825,0.0661766863491293,0.16257242053561471,0.0
0.92625,-1.160884669109251,0.06575518562391056,0.16274544050249018,0.0
0.9265,-1.161081264770985,0.06533478421207539,0.16291802696072621,0.0
0.92675,-1.1612772014465764,0.06491561180620854,0.16309018362969896,0.0
0.927,-1.1614724799425449,0.06449760356474617,0.16326190624875214,0.0
0.92725,-1.1616671007968902,0.0640807031917732,0.16343319086031083,0.0
0.9275,-1.1618610611188,0.06366501795015775,0.1636040391192779,0.0
0.92775,-1.162054362279153,0.06325051814703578,0.1637744493405402,0.0
0.928,-1.1622470093249544,0.06283713406773613,0.1639444213976231,0.0
0.92825,-1.1624389926047944,0.06242496265769945,0.1641139495302273,0.0
0.9285,-1.1626303202664174,0.062013962897518995,0.16428303826734814,0.0
0.92875,-1.16282098638764,0.061604148296370224,0.16445168103740793,0.0
0.929,-1.1630109968879512,0.0611955412862254,0.16461988354811297,0.0
0.92925,-1.1632003465530434,0.06078803158559566,0.16478763343588598,0.0
0.9295,-1.1633890357999543,0.060381788904820446,0.1649549386353506,0.0
0.92975,-1.1635770663726337,0.05997672873068559,0.1651217950830628,0.0
0.93,-1.1637644394178714,0.059572801264233435,0.1652882000192315,0.0
0.93025,-1.163951151120589,0.0591701146208615,0.1654541538212433,0.0
0.9305,-1.1641372050697043,0.05876858382446807,0.16561965437797777,0.0
0.93075,-1.164322598686182,0.05836830044602674,0.16578470238217724,0.0
0.931,-1.1645073312807632,0.057969126178040536,0.16594928886143712,0.0
0.93125,-1.1646914057668467,0.0575712328578489,0.16611342395151518,0.0
0.9315,-1.1648748205299553,0.05717448112131107,0.16627709777573307,0.0
0.93175,-1.165057575233794,0.05677897257020022,0.16644031366194434,0.0
0.932,-1.1652396687571005,0.05638463583361483,0.16660306565825844,0.0
0.93225,-1.1654211036658944,0.055991530406882636,0.16676535787926805,0.0
0.9325,-1.1656018781465662,0.0555995951916855,0.16692718424256525,0.0
0.93275,-1.1657819942029806,0.05520890492181975,0.1670885489929823,0.0
0.933,-1.1659614466788812,0.054819439025757824,0.16724944465037495,0.0
0.93325,-1.1661402404983077,0.05443117559705889,0.16740987377455774,0.0
0.9335,-1.1663183739941645,0.054044069959064134,0.16756983132236325,0.0
0.93375,-1.1664958468426885,0.05365822352911415,0.16772932037075328,0.0
0.934,-1.1666726592822196,0.05327359362812578,0.1678883378537097,0.0
0.93425,-1.1668488113450013,0.05289020651903899,0.1680468836835569,0.0
0.9345,-1.167024301710198,0.05250798992911923,0.16820495196201413,0.0
0.93475,-1.1671991323382862,0.052127017692088384,0.16836254668862072,0.0
0.935,-1.1673732984013192,0.051747289270553457,0.16851966169475552,0.0
0.93525,-1.1675468100238588,0.051368780961927624,0.16867630473728834,0.0
0.9355,-1.1677196572805348,0.050991467435096534,0.16883246350816017,0.0
0.93575,-1.1678918433147516,0.05061541111300826,0.16898814259310058,0.0
0.936,-1.1680633665273756,0.05024060612811098,0.16914333882864274,0.0
0.93625,-1.1682342310656995,0.04986700214586303,0.1692980529089585,0.0
0.9365,-1.1684044332272774,0.04949463965930305,0.16945228160030523,0.0
0.93675,-1.1685739747933355,0.04912350778723079,0.1696060249424236,0.0
0.937,-1.1687428537711586,0.048753669989136404,0.16975928232203463,0.0
0.93725,-1.1689110716687223,0.04838500576016697,0.1699120489387791,0.0
0.9375,-1.1690786270364009,0.04801760543577594,0.170064325849268,0.0
0.93775,-1.1692455222927152,0.04765149800174108,0.17021611536646253,0.0
0.938,-1.1694117537322997,0.04728656610108101,0.17036740774035763,0.0
0.93825,-1.1695773249399575,0.04692291866269864,0.17051820973000376,0.0
0.9385,-1.1697422326643259,0.0465604935412437,0.17066851432731633,0.0
0.93875,-1.1699064801469525,0.046199396249474944,0.17081832771085703,0.0
0.939,-1.1700700638266557,0.045839458746867845,0.17096763842623752,0.0
0.93925,-1.1702329857353844,0.0454808697361944,0.1711164546769519,0.0
0.9395,-1.1703952464359486,0.045123443884901415,0.1712647685591413,0.0
0.93975,-1.1705568431585411,0.04476733413255885,0.1714125820011605,0.0
0.94,-1.1707177779949585,0.04441245645869164,0.17155989262271532,0.0
0.94025,-1.1708780497533005,0.04405890949663782,0.1717067017390168,0.0
0.9405,-1.1710376613863689,0.043706530999676245,0.17185300496149325,0.0
0.94075,-1.1711966074680857,0.043355516108466774,0.17199880295236847,0.0
0.941,-1.171354892557763,0.04300564078099475,0.1721440907405507,0.0
0.94125,-1.1715125122860188,0.04265714953931592,0.1722888717587996,0.0
0.9415,-1.1716694719279235,0.042309909127891746,0.17243314515509556,0.0
0.94175,-1.1718257673533545,0.04196392374249833,0.17257690576317608,0.0
0.942,-1.1719814029354643,0.04161922308884769,0.17272015781988603,0.0
0.94225,-1.1721363693361226,0.04127579757692476,0.1728628904463123,0.0
0.9425,-1.1722906770086339,0.040933637318773614,0.17300511254875017,0.0
0.94275,-1.172444319343768,0.04059279688825958,0.17314681822893885,0.0
0.943,-1.172597296879296,0.04025322524091031,0.17328800504860142,0.0
0.94325,-1.172749614278206,0.03991493973266477,0.17342867708418597,0.0
0.9435,-1.1729012656494056,0.03957788822540753,0.1735688255055008,0.0
0.94375,-1.1730522552946927,0.039242144859419584,0.1737084559570714,0.0
0.944,-1.1732025796933554,0.0389078017905951,0.1738475667817012,0.0
0.94425,-1.1733522403675472,0.03857462035966108,0.173986150391662,0.0
0.9445,-1.1735012389205348,0.0382427979492594,0.17412421376233356,0.0
0.94475,-1.1736495710919415,0.03791227151710802,0.17426174937953465,0.0
0.945,-1.1737972402112384,0.037582979146396585,0.17439875742825883,0.0
0.94525,-1.173944245055238,0.037255087403099824,0.17453524086581806,0.0
0.9455,-1.1740905868678908,0.03692839497687299,0.17467119336747006,0.0
0.94575,-1.1742362635076686,0.036603099682088594,0.17480661789197804,0.0
0.946,-1.1743812763315704,0.03627903869463878,0.1749415095428264,0.0
0.94625,-1.1745256235484374,0.03595630730696839,0.17507586836212363,0.0
0.9465,-1.174669306956117,0.03563489984877313,0.17520969481705517,0.0
0.94675,-1.17481232558541,0.0353147782370945,0.17534298564688533,0.0
0.947,-1.17495467961655,0.034995989255853927,0.17547574131362897,0.0
0.94725,-1.1750963703720267,0.03467854870081587,0.17560796246091592,0.0
0.9475,-1.175237394127493,0.034362347672965574,0.17573964103162654,0.0
0.94775,-1.175377751694715,0.034047499001720105,0.17587078004651313,0.0
0.948,-1.1755174474328514,0.03373398947315635,0.17600138233967288,0.0
0.94825,-1.1756564777919953,0.03342178939072013,0.17613144239084022,0.0
0.9485,-1.1757948422228655,0.033110898954151397,0.17626095855785562,0.0
0.94875,-1.1759325400651033,0.03280133528621354,0.1763899295643958,0.0
0.949,-1.1760695739122065,0.03249311194655809,0.17651835727540188,0.0
0.94925,-1.1762059418761581,0.03218621428878629,0.17664623829553117,0.0
0.9495,-1.1763416464524266,0.031880645544062745,0.1767735741164107,0.0
0.94975,-1.1764766821595405,0.03157642654260534,0.17690035872979526,0.0
0.95,-1.1766110566434813,0.03127353740257774,0.17702659815203847,0.0
0.95025,-1.1767447610730541,0.03097197383281043,0.17715228236451197,0.0
0.9505,-1.1768778024537283,0.030671722758052328,0.17727741696053267,0.0
0.95075,-1.17701017555054,0.030372880021999484,0.17740199812568003,0.0
0.951,-1.1771418850283637,0.030075306617053488,0.1775260258509106,0.0
0.95125,-1.1772729270832412,0.029779118450130176,0.17764949825438703,0.0
0.9515,-1.1774033044375196,0.029484266003450936,0.17777241572476665,0.0
0.95175,-1.1775330149843797,0.029190773393459997,0.17789477570346302,0.0
0.952,-1.177662058306944,0.02889862923899198,0.1780165764316055,0.0
0.95225,-1.1777904358982192,0.028607819790135585,0.17813781801895412,0.0
0.9525,-1.177918147823683,0.028318393423240273,0.17825850066038118,0.0
0.95275,-1.1780451912162329,0.028030287463047532,0.17837861893491258,0.0
0.953,-1.178171572584131,0.027743538629417044,0.1784981792014133,0.0
0.95325,-1.1782972830590444,0.02745818434408228,0.1786171724320833,0.0
0.9535,-1.1784223268657725,0.027174139785679598,0.17873559983943532,0.0
0.95375,-1.1785467048627267,0.026891490121812252,0.17885346323610674,0.0
0.954,-1.1786704157912098,0.02661018916913539,0.17897075927651418,0.0
0.95425,-1.1787934591598668,0.0263302905509359,0.1790874876609374,0.0
0.9545,-1.1789158385043437,0.026051714850614513,0.179203649130657,0.0
0.95475,-1.179037548466018,0.025774538176054195,0.179319239015012,0.0
0.955,-1.1791585911505582,0.025498692276809686,0.17943425691811954,0.0
0.95525,-1.1792789657915206,0.025224255860495898,0.17954870278510926,0.0
0.9555,-1.1793986755633226,0.024951197586783998,0.17966257810508424,0.0
0.95575,-1.179517714131015,0.024679517706228962,0.1797758755556358,0.0
0.956,-1.1796360901244884,0.024409170031786574,0.17988860182045618,0.0
0.95625,-1.1797537935340658,0.024140267477847303,0.18000074825057677,0.0
0.9565,-1.179870832949244,0.023872698722082704,0.1801123201579662,0.0
0.95675,-1.1799872052075122,0.023606556226423776,0.1802233152883852,0.0
0.957,-1.18010290218558,0.02334175436193199,0.18033372282737115,0.0
0.95725,-1.1802179390357375,0.023078365963101616,0.18044355841238358,0.0
0.9575,-1.180332306222795,0.022816363510819983,0.18055281099876241,0.0
0.95775,-1.1804460047957712,0.02255575684123017,0.18066148086781353,0.0
0.958,-1.180559035905314,0.02229657355709235,0.1807695687347599,0.0
0.95825,-1.1806713966199758,0.022038749044828658,0.18087706949369853,0.0
0.9585,-1.1807830912620378,0.021782287698936958,0.18098398662629345,0.0
0.95875,-1.180894116508893,0.02152729148088829,0.18109031775043438,0.0
0.959,-1.1810044738020107,0.02127364160677548,0.18119606118864873,0.0
0.95925,-1.181114163073671,0.021021444897491023,0.1813012178774711,0.0
0.9595,-1.1812231817336367,0.020770601093682704,0.1814057825043558,0.0
0.95975,-1.1813315329567504,0.02052123068811619,0.18150975944631997,0.0
0.96,-1.1814392143467662,0.02027319701990228,0.1816131430014274,0.0
0.96025,-1.18154622893766,0.020026611677668435,0.1817159372252255,0.0
0.9605,-1.1816525733535261,0.019781418411294133,0.1818181368668248,0.0
0.96075,-1.1817582479300142,0.01953764855371821,0.1819197418867431,0.0
0.961,-1.1818632552693775,0.01929529022112602,0.18202075378592553,0.0
0.96125,-1.1819675920955952,0.01905436302368119,0.1821211687109312,0.0
0.9615,-1.182071260411719,0.01881482956868407,0.18222098716908608,0.0
0.96175,-1.1821742604319803,0.018576750511623864,0.18232020945574234,0.0
0.962,-1.1822765883731967,0.01834006257677994,0.18241882990363667,0.0
0.96225,-1.1823782478487368,0.018104818414637146,0.1825168520725935,0.0
0.9625,-1.1824792400653776,0.017870986794409904,0.18261427581210898,0.0
0.96275,-1.1825795593589614,0.01763863969378579,0.18271109567124744,0.0
0.963,-1.1826792098718424,0.017407601999107767,0.18280731231694913,0.0
0.96325,-1.182778191516394,0.0171781220115586,0.18290292847834122,0.0
0.9635,-1.1828765018231597,0.016950003056860313,0.18299793793946373,0.0
0.96375,-1.1829741426187539,0.016723365600707592,0.18309234342108338,0.0
0.964,-1.1830711155280214,0.016498085272006444,0.18318614394116328,0.0
0.96425,-1.1831674151129086,0.016274343767263937,0.18327933576565814,0.0
0.9645,-1.1832630468537302,0.016051990593901645,0.18337192143957837,0.0
0.96475,-1.183358007851016,0.01583107878746913,0.18346389797099438,0.0
0.965,-1.1834522968783925,0.015611632220340722,0.18355526362199326,0.0
0.96525,-1.1835459170160747,0.015393615697227808,0.18364602018071907,0.0
0.9655,-1.1836388672540028,0.01517704133378367,0.18373616598378306,0.0
0.96575,-1.1837311454111625,0.014961936445205125,0.1838256983857942,0.0
0.966,-1.1838227545675135,0.01474823699802364,0.1839146188498415,0.0
0.96625,-1.1839136902640788,0.014536047147172227,0.1840029234175793,0.0
0.9665,-1.1840039573633783,0.01432529607623079,0.1840906152654922,0.0
0.96675,-1.1840935538232564,0.014116042529052769,0.1841776922668621,0.0
0.967,-1.18418247777752,0.013908125143280442,0.18426414985015382,0.0
0.96725,-1.1842707319625816,0.013701777146022014,0.1843499927302521,0.0
0.9675,-1.1843583143119667,0.013496866906128144,0.18443521650454353,0.0
0.96775,-1.184445226185415,0.01329344395072785,0.18451982232695885,0.0
0.968,-1.1845314640447473,0.013091466918637676,0.18460380542106747,0.0
0.96825,-1.1846170325542384,0.012890946884351686,0.18468716981707245,0.0
0.9685,-1.1847019300526345,0.012691888500943611,0.1847699131494509,0.0
0.96875,-1.1847861573090808,0.012494320993397132,0.18485203574467635,0.0
0.969,-1.1848697096986798,0.01229822683895072,0.18493353203663543,0.0
0.96925,-1.184952591501548,0.012103604529642788,0.18501440554486281,0.0
0.9695,-1.1850348023939667,0.011910466969271682,0.18509465533700475,0.0
0.96975,-1.1851163417418176,0.011718800628963558,0.18517427990641533,0.0
0.97,-1.185197207316405,0.011528605012648827,0.18525327629335964,0.0
0.97025,-1.18527740138362,0.011339932589806085,0.18533164654532386,0.0
0.9705,-1.1853569247392692,0.011152691951332373,0.18540938985866773,0.0
0.97075,-1.1854357761002046,0.010966963258522788,0.18548650500181085,0.0
0.971,-1.1855139518110214,0.010782738065047374,0.1855629875205973,0.0
0.97125,-1.1855914584524403,0.010599996766276246,0.18563884310814882,0.0
0.9715,-1.185668291218578,0.01041873118130919,0.18571406618991038,0.0
0.97175,-1.1857444543762559,0.010238959628333369,0.1857886605033443,0.0
0.972,-1.1858199403265337,0.010060685234690536,0.18586261778648527,0.0
0.97225,-1.185894756640476,0.009883975741371833,0.18593594548939696,0.0
0.9725,-1.1859689001471794,0.009708636973521161,0.18600863814231716,0.0
0.97275,-1.1860423709002443,0.009534918307974557,0.18608069718624654,0.0
0.973,-1.1861151653628774,0.009362615332949683,0.1861521167496516,0.0
0.97325,-1.1861872904995083,0.00919190074944944,0.18622290450907775,0.0
0.9735,-1.1862587429763551,0.009022596922456244,0.18629305508506921,0.0
0.97375,-1.186329518973102,0.008854897891375254,0.18636256549320462,0.0
0.974,-1.186399624921945,0.00868863473914356,0.18643144023941072,0.0
0.97425,-1.186469056257803,0.008523967249574495,0.18649967529492129,0.0
0.9745,-1.1865378163325149,0.008360690356725634,0.18656727189417022,0.0
0.97475,-1.1866058989941106,0.008199011732572549,0.18663422473861435,0.0
0.975,-1.1866733124299271,0.008038856228781196,0.18670054084544963,0.0
0.97525,-1.1867400495041447,0.007880168002179583,0.18676621208426814,0.0
0.9755,-1.186806113584668,0.007723066602234435,0.18683124200523404,0.0
0.97575,-1.186871501086064,0.007567433901024248,0.1868956256327401,0.0
0.976,-1.1869362213387962,0.007413384209377468,0.18695937242664518,0.0
0.97625,-1.1870002622995008,0.007260797636660754,0.18702246898759434,0.0
0.9765,-1.1870636313664336,0.007109766625439952,0.18708492269691157,0.0
0.97675,-1.1871263253803233,0.006960285284039989,0.18714672976099478,0.0
0.977,-1.1871883460410548,0.006812288434038315,0.18720789091439416,0.0
0.97725,-1.1872496922439018,0.006665899822380252,0.18726840518632581,0.0
0.9775,-1.1873103635750302,0.006520997580092546,0.18732827089314696,0.0
0.97775,-1.1873703625620164,0.006377631655844245,0.18738749028116009,0.0
0.978,-1.187429684183539,0.006235786115491027,0.18744605768375733,0.0
0.97825,-1.187488332624072,0.006095549935734927,0.18750397719221046,0.0
0.9785,-1.187546307536485,0.0059568116588045025,0.18756124732523927,0.0
0.97875,-1.187603606178134,0.005819610648556654,0.18761786500347388,0.0
0.979,-1.1876602306491246,0.0056839744036969375,0.1876738319212703,0.0
0.97925,-1.1877161799997384,0.005549901293059278,0.18772914658079087,0.0
0.9795,-1.1877714557108665,0.005417328936038732,0.18778380964479902,0.0
0.97975,-1.1878260547364974,0.005286379940881236,0.1878378181063911,0.0
0.98,-1.1878799793714703,0.00515692072515005,0.18789117313958115,0.0
0.98025,-1.187933228897569,0.005029045211951555,0.18794387393291778,0.0
0.9805,-1.1879858040779707,0.004902701830598823,0.18799592052162462,0.0
0.98075,-1.1880376995822326,0.004777989596065001,0.1880473074811555,0.0
0.981,-1.1880889264350623,0.004654795417075127,0.1880980448759242,0.0
0.98125,-1.1881394728546877,0.004533161746828914,0.18814812061074182,0.0
0.9815,-1.1881893448287153,0.004413058195390929,0.18819754007788103,0.0
0.98175,-1.1882385417393493,0.004294564973054079,0.18824630248242857,0.0
0.982,-1.188287064266122,0.004177664437535884,0.18829440795719954,0.0
0.98225,-1.1883349071091365,0.00406227312380492,0.1883418504441441,0.0
0.9825,-1.1883820791349295,0.003948497056113343,0.18838863871969935,0.0
0.98275,-1.188428571131508,0.0038362777290568044,0.1884347629165397,0.0
0.983,-1.188474387503455,0.0037256518267268076,0.18848022711076107,0.0
0.98325,-1.1885195302315337,0.003616610691638637,0.18852503280943989,0.0
0.9835,-1.1885639939937487,0.00350909926654309,0.18856917408960006,0.0
0.98375,-1.1886077832511484,0.0034032148451370644,0.18861265527357185,0.0
0.984,-1.188650894202358,0.0032989226236234386,0.18865547202650013,0.0
0.98425,-1.1886933310979253,0.00319616749742198,0.18869762802966572,0.0
0.9845,-1.1887350914789443,0.0030950406237355895,0.18873912066101228,0.0
0.98475,-1.188776173633837,0.002995509770418769,0.18877994771037887,0.0
0.985,-1.1888165794015506,0.0028975231772343825,0.18882011048794345,0.0
0.98525,-1.1888563085983908,0.002801150863863509,0.1888596085915084,0.0
0.9855,-1.1888953618020845,0.0027064035955574636,0.18889844222916352,0.0
0.98575,-1.1889337378413969,0.0026132230604135674,0.18893660971150128,0.0
0.986,-1.1889714351145275,0.0025216636548239533,0.18897410918231827,0.0
0.98625,-1.1890084561927174,0.002431655780115617,0.1890109426946509,0.0
0.9865,-1.189044802098711,0.0023433014429098476,0.18904711111865335,0.0
0.98675,-1.1890804691949324,0.0022565609476072387,0.18908261037160523,0.0
0.987,-1.1891154597635942,0.002171341109048211,0.1891174422112376,0.0
0.98725,-1.1891497698811215,0.002087830205793631,0.1891516027165303,0.0
0.9875,-1.1891834075233314,0.0020058312121105613,0.1891850991698698,0.0
0.98775,-1.1892163637885336,0.00192552307941563,0.18921792264561477,0.0
0.988,-1.1892486454007822,0.0018468099028174528,0.18925007937540728,0.0
0.98825,-1.1892802447013557,0.00176970428488248,0.1892815614017449,0.0
0.9885,-1.1893111721810758,0.0016941872208531836,0.18931237887489605,0.0
0.98875,-1.1893414170639927,0.0016203464217425182,0.18934252083506742,0.0
0.989,-1.1893709874009488,0.0015480725785481837,0.18937199487789202,0.0
0.98925,-1.1893998764715605,0.0014774454804951053,0.18940079409579647,0.0
0.9895,-1.189428090551921,0.0014084339562511435,0.18942892443398973,0.0
0.98975,-1.189455623571921,0.0013410783322220323,0.18945637958605288,0.0
0.99,-1.189482479075889,0.001275284752439022,0.18948316271384136,0.0
0.99025,-1.1895086579698924,0.001211220673457163,0.18950927463423084,0.0
0.9905,-1.1895341584500563,0.0011486566044671565,0.18953471304181724,0.0
0.99075,-1.1895589781485278,0.0010878471522354346,0.1895594755644614,0.0
0.991,-1.1895831209210204,0.0010285941951274072,0.18958356561706635,0.0
0.99125,-1.1896065861571712,0.0009710116450868048,0.18960698244930208,0.0
0.9915,-1.1896293679316936,0.0009150651078313235,0.18962971986652732,0.0
0.99175,-1.1896514759512127,0.0008607777725853694,0.18965178736102128,0.0
0.992,-1.1896729027230477,0.0008081028445400979,0.18967317718089682,0.0
0.99225,-1.1896936514090815,0.0007570781775690277,0.18969389229769518,0.0
0.9925,-1.189713722118507,0.0007077206459562592,0.18971393261808323,0.0
0.99275,-1.1897331110407934,0.0006599702534870985,0.1897332940905454,0.0
0.993,-1.1897518215987906,0.0006139058600737538,0.18975197998492344,0.0
0.99325,-1.189769854782767,0.0005694909608963537,0.18976999107800707,0.0
0.9935,-1.1897872063051955,0.0005266923970918626,0.18978732288270872,0.0
0.99375,-1.1898038778727416,0.0004856024853112346,0.18980397696880624,0.0
0.994,-1.18981987368029,0.0004460832190968907,0.1898199573022885,0.0
0.99425,-1.1898351864617576,0.0004083185560162237,0.1898352565235779,0.0
0.9945,-1.1898498208993398,0.0003721704623936921,0.18984987910452134,0.0
0.99475,-1.189863776167537,0.00033770469041661464,0.18986382409086144,0.0
0.995,-1.1898770483777839,0.0003048870248210701,0.189877087439003,0.0
0.99525,-1.189889643882844,0.00027375154278883084,0.18988967537311985,0.0
0.9955,-1.1899015597364242,0.00024425566076058706,0.18990158480607255,0.0
0.99575,-1.1899127926075344,0.0002164552552711363,0.18991281229505996,0.0
0.996,-1.1899233486044576,0.00019031876172568793,0.18992336382444241,0.0
0.99625,-1.1899332218733658,0.0001658307715677068,0.18993323342857082,0.0
0.9965,-1.1899424169197736,0.0001430397596699236,0.18994242551698504,0.0
0.99675,-1.1899509292984844,0.00012194196350917533,0.18995093554657516,0.0
0.997,-1.1899587635242042,0.00010250606661705416,0.18995876793927047,0.0
0.99725,-1.1899659159472444,8.475177957122587e-05,0.1899659189653411,0.0
0.9975,-1.1899723884634923,6.867594803282755e-05,0.18997239044521308,0.0
0.99775,-1.1899781790699995,5.431610407317976e-05,0.18997818030961855,0.0
0.998,-1.1899832894222513,4.156055940508069e-05,0.1899832901480094,0.0
0.99825,-1.1899877175118037,3.059822840585519e-05,0.18998771790519076,0.0
0.9985,-1.189991467825732,2.1234948996023254e-05,0.18999146801519684,0.0
0.99875,-1.1899945370718732,1.360897327284375e-05,0.18999453714969028,0.0
0.999,-1.1899969242850448,7.65276891210284e-06,0.18999692430965198,0.0
0.99925,-1.1899986299091316,3.4333155703481345e-06,0.18999862991408456,0.0
0.9995,-1.1899996549485443,8.458747590081831e-07,0.18999965494884496,0.0
0.99975,-1.1899999976237465,-6.323037375864743e-10,0.18999999762374653,0.0
