N,seed,K,prio_scp_success,prio_scp_reason,prio_scp_time,prio_scp_iterations_total,prio_scp_iterations_per_rank,prio_scp_time_per_rank,prio_scp_rank_reasons,prio_scp_cost,prio_scp_min_dist,prio_sci_success,prio_sci_reason,prio_sci_time,prio_sci_contacts,prio_sci_contacts_per_rank,prio_sci_time_per_rank,prio_sci_cost,prio_sci_cost_continuous,prio_sci_min_dist,position_rmse,max_position_deviation,same_homotopy_class,n_crossings_prio_scp,n_crossings_prio_sci
2,0,200,True,converged,0.07174816692713648,1,"[0, 1]","[0.021044790977612138, 0.047761708963662386]","[""converged"", ""converged""]",0.5747767843134114,1.4374693663606894,True,converged,0.012258292059414089,0,"[0, 0]","[1.1625001206994057e-05, 0.0001663330476731062]",0.5802634731247834,0.5747635667211364,1.4370811041632126,0.01694404906151547,0.032695502423250804,True,0.0,0.0
2,1,200,True,converged,0.07097337499726564,1,"[0, 1]","[0.020438667037524283, 0.04901645798236132]","[""converged"", ""converged""]",0.38208995614197294,1.4076660118375983,True,converged,0.012492624926380813,0,"[0, 0]","[1.2375065125524998e-05, 0.00017087499145418406]",0.3857373001971197,0.3820811695844947,1.4076654622160445,0.01381498449896395,0.024892460526355083,True,0.0,0.0
2,2,200,True,converged,0.5120377920102328,3,"[0, 3]","[0.01909062499180436, 0.49126529099885374]","[""converged"", ""converged""]",0.5709990248684943,0.5000000674558286,True,converged,0.012815834023058414,1,"[0, 1]","[1.3542012311518192e-05, 0.0009739589877426624]",0.5768748071509308,0.5710664164710053,0.5003827172291604,0.02002106713153433,0.04204669879605864,True,1.0,1.0
2,3,200,True,converged,0.06570054194889963,1,"[0, 1]","[0.018305416917428374, 0.04579470807220787]","[""converged"", ""converged""]",0.8592939238442049,4.646565459458384,True,converged,0.01187795796431601,0,"[0, 0]","[1.254095695912838e-05, 0.00012974999845027924]",0.8674965487349574,0.8592741634832443,4.646565592713187,0.02071755314309215,0.04180045859669648,True,1.0,1.0
2,4,200,True,converged,0.06718858296517283,1,"[0, 1]","[0.018799709039740264, 0.04671324999071658]","[""converged"", ""converged""]",0.49927982824169853,2.472855242610014,True,converged,0.012206375016830862,0,"[0, 0]","[9.499955922365189e-06, 0.00011508399620652199]",0.5040458402347368,0.4992683467807545,2.4729477959350548,0.015792089665072496,0.02942814057853621,True,0.0,0.0
2,5,200,True,converged,0.06672616698779166,1,"[0, 1]","[0.018399375025182962, 0.04681033408269286]","[""converged"", ""converged""]",0.9715475142280143,2.9072624861675602,True,converged,0.012437707977369428,0,"[0, 0]","[1.2834090739488602e-05, 0.00014245894271880388]",0.980821686431053,0.9715251724785408,2.9071333825491723,0.022029245029388123,0.043502394849568776,True,0.0,0.0
2,6,200,True,converged,0.06642354209907353,1,"[0, 1]","[0.017715167021378875, 0.04715941601898521]","[""converged"", ""converged""]",0.3781625285834561,2.0113953683205783,True,converged,0.012283624964766204,0,"[0, 0]","[1.26248924061656e-05, 0.00011562497820705175]",0.381772382305954,0.37815383234127525,2.011227818118225,0.013743800349358863,0.022726795967614313,True,0.0,0.0
2,7,200,True,converged,0.07618199998978525,1,"[0, 1]","[0.02156420797109604, 0.052659958018921316]","[""converged"", ""converged""]",0.19072182012410677,5.00086028078546,True,converged,0.013111374923028052,0,"[0, 0]","[1.5666941180825233e-05, 0.00012183294165879488]",0.19254240735921832,0.19071743427672197,5.000860280785461,0.009760403735204268,0.016242283229864173,True,0.0,0.0
2,8,200,True,converged,0.07424400001764297,1,"[0, 1]","[0.020778499892912805, 0.051814166945405304]","[""converged"", ""converged""]",0.8709336860737862,1.2827963249709449,True,converged,0.013134915963746607,0,"[0, 0]","[1.2459000572562218e-05, 0.00014108396135270596]",0.8792474214946352,0.8709136580443403,1.282687617257311,0.02085739833525989,0.03553770899123234,True,0.0,0.0
2,9,200,True,converged,0.07513387501239777,1,"[0, 1]","[0.02144662500359118, 0.05185012496076524]","[""converged"", ""converged""]",0.09957217011301049,3.6862925980082775,True,converged,0.013086792081594467,0,"[0, 0]","[1.5542027540504932e-05, 0.00013545900583267212]",0.10052266346380873,0.09956988034699628,3.6862925980082775,0.007052394162931247,0.013861149095646891,True,0.0,0.0
2,10,200,True,converged,0.15316108404658735,2,"[0, 2]","[0.020112875034101307, 0.13142258301377296]","[""converged"", ""converged""]",0.9567514348137646,0.49999999999999767,True,converged,0.012447791988961399,1,"[0, 1]","[1.1792057193815708e-05, 0.0005592911038547754]",0.9660898802621449,0.9567306803801392,0.500267881956071,0.020984754340727753,0.04478376722322316,True,1.0,1.0
2,11,200,True,converged,0.1457062909612432,2,"[0, 2]","[0.0179176670499146, 0.1261396249756217]","[""converged"", ""converged""]",0.8551334346864425,0.50000010200288,True,converged,0.012738500023260713,1,"[0, 1]","[1.0832911357283592e-05, 0.0005848340224474669]",0.8633596653631729,0.8552105013539617,0.5002741267437016,0.020351134820730022,0.04010218436260584,True,1.0,1.0
2,12,200,True,converged,0.06663554208353162,1,"[0, 1]","[0.018355000065639615, 0.04660858307033777]","[""converged"", ""converged""]",0.4035328329622651,2.7433684015676487,True,converged,0.012294707936234772,0,"[0, 0]","[1.0500079952180386e-05, 0.00013570801820605993]",0.4073848658558346,0.4035235533034459,2.743275036433682,0.014197341512562958,0.022862357406670027,True,0.0,0.0
2,13,200,True,converged,0.06782641599420458,1,"[0, 1]","[0.018387084011919796, 0.04778074997011572]","[""converged"", ""converged""]",0.550351687750845,2.0338812799974835,True,converged,0.011862749932333827,0,"[0, 0]","[1.2208009138703346e-05, 0.0001330830855295062]",0.5556052201305657,0.5503390318391674,2.03390754692761,0.016580122785568387,0.031048298198916316,True,1.0,1.0
2,14,200,True,converged,0.06792883295565844,1,"[0, 1]","[0.018119625048711896, 0.04824016604106873]","[""converged"", ""converged""]",0.4895966871335735,2.988979105108758,True,converged,0.012355332961305976,0,"[0, 0]","[1.4292076230049133e-05, 0.00014120899140834808]",0.49427026605793717,0.4895854283465692,2.9890008578687626,0.015638202277198206,0.02960838021978271,True,1.0,1.0
2,15,200,True,converged,0.7502006249269471,3,"[0, 3]","[0.01784612494520843, 0.7307866250630468]","[""converged"", ""converged""]",0.6163915837114434,0.5000690324952934,True,converged,0.012469833018258214,1,"[0, 1]","[9.791925549507141e-06, 0.000694541959092021]",0.6227028304354479,0.6163856667246811,0.500022928914475,0.016409430587831553,0.02982141011972412,True,1.0,1.0
2,16,200,True,converged,0.06603270897176117,1,"[0, 1]","[0.018103291979059577, 0.04631141701247543]","[""converged"", ""converged""]",0.11995401950491869,3.740325833813719,True,converged,0.012107582995668054,0,"[0, 0]","[1.1749914847314358e-05, 0.0001340840244665742]",0.1210990733669722,0.11995126103699724,3.7403233885812104,0.007740606560557065,0.014605031517810228,True,1.0,1.0
2,17,200,True,converged,0.06599491706583649,1,"[0, 1]","[0.017968875006772578, 0.046462415950372815]","[""converged"", ""converged""]",1.0146676595237327,1.0485315849850567,True,converged,0.012310833903029561,0,"[0, 0]","[1.0875053703784943e-05, 0.0001176249934360385]",1.0243534468531914,1.014644326181496,1.0486466327283892,0.022512799331677737,0.040857077387640967,True,1.0,1.0
2,18,200,True,converged,0.1678574999095872,2,"[0, 2]","[0.018450167030096054, 0.14785950002260506]","[""converged"", ""converged""]",0.5584362461312717,0.5000000119318354,True,converged,0.012732792063616216,1,"[0, 1]","[1.2249918654561043e-05, 0.0005489999894052744]",0.5637562666818399,0.5584387946761321,0.5001563846374083,0.016401146830153288,0.025446287726233602,True,1.0,1.0
2,19,200,True,converged,0.08072287496179342,1,"[0, 1]","[0.03195904195308685, 0.04720787494443357]","[""converged"", ""converged""]",0.6999596273290338,3.4779712509364504,True,converged,0.011973042041063309,0,"[0, 0]","[1.2875068932771683e-05, 0.00011654198169708252]",0.7066412831656836,0.6999435310265818,3.47798748772605,0.01869838452919273,0.03295991812622225,True,0.0,0.0
2,20,200,True,converged,0.07199229206889868,1,"[0, 1]","[0.018659833003766835, 0.05172245798166841]","[""converged"", ""converged""]",1.7137356481281414,0.655428681647727,True,converged,0.011807458009570837,0,"[0, 0]","[9.917072020471096e-06, 0.00011779204942286015]",1.7300945799132275,1.713696238987616,0.6549011749863718,0.029257654460417632,0.04662870330784696,True,1.0,1.0
2,21,200,True,converged,0.0661243749782443,1,"[0, 1]","[0.01792608294636011, 0.04664874996524304]","[""converged"", ""converged""]",0.33030605850503536,2.2453038629900957,True,converged,0.011852291994728148,0,"[0, 0]","[1.1416967026889324e-05, 0.00012133398558944464]",0.33345908521903694,0.3302984627723504,2.245303129612354,0.012844756063122516,0.025123313694245586,True,0.0,0.0
2,22,200,True,converged,0.06637108302675188,1,"[0, 1]","[0.01816470897756517, 0.04656308307312429]","[""converged"", ""converged""]",0.20372118348679713,2.4732627742913165,True,converged,0.011904124985449016,0,"[0, 0]","[1.0166899301111698e-05, 0.0001169170718640089]",0.205665859696035,0.20371649870547937,2.473262774291317,0.010087549674413202,0.021324120661716947,True,0.0,0.0
2,23,200,True,converged,0.0656336669344455,1,"[0, 1]","[0.01782708300743252, 0.046171125024557114]","[""converged"", ""converged""]",0.9938468611908311,1.5791044260250178,True,converged,0.01217387500219047,0,"[0, 0]","[1.0749907232820988e-05, 0.0001075830077752471]",1.0033338979020074,0.9938240066445911,1.5791044260250167,0.022280622801282398,0.03844921706203382,True,0.0,0.0
2,24,200,True,converged,0.9478672499535605,3,"[0, 3]","[0.01801416603848338, 0.9281010830309242]","[""converged"", ""converged""]",0.858032575660102,0.5000271809887366,True,converged,0.013595167081803083,1,"[0, 1]","[1.2375065125524998e-05, 0.0006972079863771796]",0.8668291402793399,0.8580601713117133,0.5003413150215514,0.023225279300331213,0.042904643818356986,True,1.0,1.0
2,25,200,True,converged,0.06772391695994884,1,"[0, 1]","[0.019332207972183824, 0.046781000099144876]","[""converged"", ""converged""]",0.6908817899579738,1.1894979432807642,True,converged,0.01178974995855242,0,"[0, 0]","[1.5249941498041153e-05, 0.00012441701255738735]",0.697476790818127,0.6908659024098698,1.1894243857750675,0.01857673834328896,0.029162374357246872,True,1.0,1.0
2,26,200,True,converged,0.13645066693425179,2,"[0, 2]","[0.0196235419716686, 0.11515708302613348]","[""converged"", ""converged""]",1.1472222923304232,0.5000000000000006,True,converged,0.01234920893330127,1,"[0, 1]","[1.383305061608553e-05, 0.0005520409904420376]",1.1581676692006586,1.1471999334414786,0.5013095683447247,0.02446880242083272,0.04367130278858362,True,1.0,1.0
2,27,200,True,converged,0.06845141691155732,1,"[0, 1]","[0.01838250004220754, 0.04841529100667685]","[""converged"", ""converged""]",0.20430577769265673,7.224385357137073,True,converged,0.012798708979971707,0,"[0, 0]","[1.3458076864480972e-05, 0.0001442090142518282]",0.20625603430558515,0.20430107946798473,7.224384368312308,0.010102012820765944,0.020756084950983224,True,0.0,0.0
2,28,200,True,converged,0.0738233330193907,1,"[0, 1]","[0.020344667020253837, 0.051685416023246944]","[""converged"", ""converged""]",0.06609322558009843,6.5361208818924394,True,converged,0.013642125064507127,0,"[0, 0]","[1.650000922381878e-05, 0.00015337509103119373]",0.06672413652012704,0.0660917056973688,6.536047825560894,0.005745741256392387,0.010685813061270965,True,0.0,0.0
2,29,200,True,converged,0.07311749993823469,1,"[0, 1]","[0.0208167911041528, 0.050562917022034526]","[""converged"", ""converged""]",1.2073003639007465,2.439696903849998,True,converged,0.012357749976217747,0,"[0, 0]","[1.54589070007205e-05, 0.00013687496539205313]",1.218824979332965,1.2072726007683459,2.439883113563818,0.02455699698303773,0.042255702266363805,True,0.0,0.0
2,30,200,True,converged,0.16011408297345042,2,"[0, 2]","[0.01915450009983033, 0.13933250005356967]","[""converged"", ""converged""]",0.3439110099005835,0.5000000000000001,True,converged,0.01277366594877094,1,"[0, 1]","[1.4165998436510563e-05, 0.0006114169955253601]",0.34723536500336566,0.3439085372265478,0.5002085966765618,0.013268089014123357,0.026964248278804066,True,1.0,1.0
2,31,200,True,converged,0.06737795891240239,1,"[0, 1]","[0.018147833994589746, 0.04751420801039785]","[""converged"", ""converged""]",0.35236501588301444,2.5750130473026105,True,converged,0.012065042043104768,0,"[0, 0]","[1.008401159197092e-05, 0.00011450005695223808]",0.3557286124007022,0.352356912881573,2.5750130473026096,0.013266732817748417,0.022521563083011224,True,0.0,0.0
2,32,200,True,converged,0.06702587497420609,1,"[0, 1]","[0.018739291932433844, 0.04667262500151992]","[""converged"", ""converged""]",1.2256780611616152,4.02834648843143,True,converged,0.012013249914161861,0,"[0, 0]","[1.054094173014164e-05, 0.0001299170544371009]",1.2373781059234314,1.2256498754148786,4.028549330126971,0.02474319611623962,0.05102677530843767,True,1.0,1.0
2,33,200,True,converged,0.33175716700498015,2,"[0, 2]","[0.018630041973665357, 0.3115009170724079]","[""converged"", ""converged""]",0.9202842423067854,0.49999999999999956,True,converged,0.012479582917876542,1,"[0, 1]","[1.191697083413601e-05, 0.0006009169155731797]",0.9295042056373322,0.9202650544372499,0.5003591461174587,0.02245194636120543,0.04084387434453783,True,1.0,1.0
2,34,200,True,converged,0.06675541598815471,1,"[0, 1]","[0.018396083964034915, 0.046793999965302646]","[""converged"", ""converged""]",0.3948520589660498,1.4853876908817452,True,converged,0.012175707961432636,0,"[0, 0]","[1.1584023013710976e-05, 0.00011700007598847151]",0.39862122716003656,0.394842978930692,1.4851158445893893,0.014043805129374243,0.030152827012834452,True,0.0,0.0
2,35,200,True,converged,0.06622354092542082,1,"[0, 1]","[0.017926333006471395, 0.046754416078329086]","[""converged"", ""converged""]",0.49395104389783007,0.6253610667535985,True,converged,0.012165291933342814,0,"[0, 0]","[1.2999982573091984e-05, 0.00012058299034833908]",0.4986661885242038,0.4939396849778455,0.6252818936035079,0.015707589570397227,0.02645693848484131,True,1.0,1.0
2,36,200,True,converged,0.06603441701736301,1,"[0, 1]","[0.017922124941833317, 0.04650329193100333]","[""converged"", ""converged""]",0.1520733319265277,4.025354084290708,True,converged,0.011833832948468626,0,"[0, 0]","[1.0750023648142815e-05, 9.804090950638056e-05]",0.15352498945960996,0.15206983484148162,4.02534330736205,0.008715536415792178,0.016038657191500043,True,1.0,1.0
2,37,200,True,converged,0.06681808293797076,1,"[0, 1]","[0.017860415973700583, 0.0473125409334898]","[""converged"", ""converged""]",0.560596313061792,4.875588890958898,True,converged,0.012126917019486427,0,"[0, 0]","[1.0500079952180386e-05, 0.00011783407535403967]",0.5659476383110307,0.5605834215642592,4.875597734976159,0.016733728164115648,0.0341857493355431,True,1.0,1.0
2,38,200,True,converged,0.06710887502413243,1,"[0, 1]","[0.018636416061781347, 0.046867999946698546]","[""converged"", ""converged""]",0.7753414478863994,5.375517361839894,True,converged,0.012297207955271006,0,"[0, 0]","[9.458977729082108e-06, 0.00010554201435297728]",0.7827426814838785,0.7753236181002778,5.375385077159969,0.01967950142820088,0.032045086556760666,True,0.0,0.0
2,39,200,True,converged,0.06916779198218137,1,"[0, 1]","[0.01901354198344052, 0.048512250068597496]","[""converged"", ""converged""]",0.29889489892176946,2.308179014158452,True,converged,0.011992709012702107,0,"[0, 0]","[1.266703475266695e-05, 0.000128875020891428]",0.3017480818311126,0.2988880255214952,2.3082785767064244,0.01221875179064736,0.025074842653148185,True,1.0,1.0
2,40,200,True,converged,0.06627908395603299,1,"[0, 1]","[0.018162791966460645, 0.046500915894284844]","[""converged"", ""converged""]",0.3254256074967539,1.9395402406405813,True,converged,0.01180850004311651,0,"[0, 0]","[1.1208001524209976e-05, 0.00011324998922646046]",0.328532046532421,0.3254181239951353,1.9395438393620914,0.012749508805619234,0.02623726681037862,True,1.0,1.0
2,41,200,True,converged,0.06658062501810491,1,"[0, 1]","[0.018419584026560187, 0.046548709040507674]","[""converged"", ""converged""]",0.44403949909073903,1.006797828297004,True,converged,0.011840332997962832,0,"[0, 0]","[1.0249903425574303e-05, 0.000116499955765903]",0.4482781994313918,0.4440292879388398,1.006753389871689,0.014892869813999544,0.027239664765957263,True,0.0,0.0
2,42,200,True,converged,0.06617987505160272,1,"[0, 1]","[0.018004291923716664, 0.04657587502151728]","[""converged"", ""converged""]",0.9248647811760733,3.24490120446827,True,converged,0.011984416982159019,0,"[0, 0]","[1.225003506988287e-05, 0.00011241692118346691]",0.9336933305980412,0.9248435129447865,3.2449067173296613,0.02149347873352949,0.038744345431270484,True,0.0,0.0
2,43,200,True,converged,0.06620270805433393,1,"[0, 1]","[0.018076499924063683, 0.04648325010202825]","[""converged"", ""converged""]",0.7845281556713201,1.4929075091420947,True,converged,0.012094458099454641,0,"[0, 0]","[1.2208009138703346e-05, 0.00010950001887977123]",0.7920170834975722,0.7845101146272615,1.4927626891533594,0.01979574534393569,0.032405220054024284,True,1.0,1.0
2,44,200,True,converged,0.06713345798198134,1,"[0, 1]","[0.01792166696395725, 0.04756479198113084]","[""converged"", ""converged""]",0.7313578247587416,1.039120614675402,True,converged,0.011978583061136305,0,"[0, 0]","[1.195794902741909e-05, 0.00012445903848856688]",0.7383392006662716,0.7313410064219568,1.0391206146753977,0.019113162281793838,0.029392452251934167,True,0.0,0.0
2,45,200,True,converged,0.06678837502840906,1,"[0, 1]","[0.018524790997616947, 0.046652166987769306]","[""converged"", ""converged""]",0.6656294596604675,0.6497366657897832,True,converged,0.011917166993953288,0,"[0, 0]","[1.0707997716963291e-05, 0.00011587492190301418]",0.6719834075033706,0.6656141528160648,0.6490877046409207,0.01823408011129679,0.037586205394543847,True,1.0,1.0
2,46,200,True,converged,0.06714225001633167,1,"[0, 1]","[0.01851629198063165, 0.04689612495712936]","[""converged"", ""converged""]",1.1920511823631506,2.943761397523785,True,converged,0.012602417031303048,0,"[0, 0]","[1.2999982573091984e-05, 0.00014120806008577347]",1.2034302325672528,1.1920237699016014,2.9434688074673434,0.024401416763989898,0.04668476959481515,True,1.0,1.0
2,47,200,True,converged,0.06686100002843887,1,"[0, 1]","[0.018516374984756112, 0.046701167011633515]","[""converged"", ""converged""]",1.0032987418198682,1.4100566831545713,True,converged,0.01206674997229129,0,"[0, 0]","[1.2125005014240742e-05, 0.0001433748984709382]",1.0128760040396405,1.0032756699177647,1.409918993106669,0.02238632089945479,0.047811740627313054,True,0.0,0.0
2,48,200,True,converged,0.06677066604606807,1,"[0, 1]","[0.018540582968853414, 0.04661837499588728]","[""converged"", ""converged""]",0.7316299197498095,0.6267963137315813,True,converged,0.01224337494932115,0,"[0, 0]","[1.1208001524209976e-05, 0.00013529194984585047]",0.7386138930144075,0.7316130951559165,0.6270482234128226,0.01911671738978929,0.03129376449317886,True,1.0,1.0
2,49,200,True,converged,0.07116341695655137,1,"[0, 1]","[0.018429209012538195, 0.05101420800201595]","[""converged"", ""converged""]",0.929459688519854,1.1876254214637905,True,converged,0.013603250030428171,0,"[0, 0]","[1.1958996765315533e-05, 0.00014266697689890862]",0.9383320998851027,0.9294383146238757,1.1879989505833268,0.02154680446485571,0.03495017742799125,True,1.0,1.0
4,0,200,True,converged,0.34683008294086903,4,"[0, 2, 1, 1]","[0.020386666990816593, 0.16515779099427164, 0.0713116250699386, 0.08523337496444583]","[""converged"", ""converged"", ""converged"", ""converged""]",0.9894148511998161,0.49999999999999994,True,converged,0.027933624922297895,1,"[0, 1, 0, 0]","[1.6457983292639256e-05, 0.0006575000006705523, 0.00019883294589817524, 0.00032962497789412737]",0.9983175903110717,0.9893956453012241,0.50002554956801,0.025855239998067815,0.05312124102356178,True,4.0,4.0
4,1,200,True,converged,0.21437008294742554,3,"[0, 1, 1, 1]","[0.017999582923948765, 0.04705150006338954, 0.06240037502720952, 0.0831447500968352]","[""converged"", ""converged"", ""converged"", ""converged""]",0.580907929901136,0.5334411563381624,True,converged,0.0288939590100199,0,"[0, 0, 0, 0]","[1.5125027857720852e-05, 0.00013500009663403034, 0.00020329095423221588, 0.0002155420370399952]",0.5864531452376135,0.5808945713167671,0.5331868607580311,0.020257168590373034,0.050157394630223534,True,3.0,3.0
4,2,200,True,converged,0.2198915829649195,3,"[0, 1, 1, 1]","[0.0210346250096336, 0.052322166971862316, 0.06500816694460809, 0.07679370802361518]","[""converged"", ""converged"", ""converged"", ""converged""]",0.2826131803730226,1.0617578464497563,True,converged,0.02614974998869002,0,"[0, 0, 0, 0]","[1.1708005331456661e-05, 0.00011616700794547796, 0.00011854199692606926, 0.000152332941070199]",0.28531094169014165,0.28260668138786577,1.0615983090588035,0.014129321142035703,0.038080694088061015,True,2.0,2.0
4,3,200,True,converged,0.2107721669599414,3,"[0, 1, 1, 1]","[0.01873016601894051, 0.04794512502849102, 0.06294204201549292, 0.07647712493781]","[""converged"", ""converged"", ""converged"", ""converged""]",1.0467588251342588,1.0430680080584338,True,converged,0.027064125053584576,0,"[0, 0, 0, 0]","[1.4374963939189911e-05, 0.00011445803102105856, 0.00011941709090024233, 0.00015779107343405485]",1.0567509474516725,1.0467347538221632,1.0430680080584311,0.027192454189553503,0.056553560378063535,True,4.0,4.0
4,4,200,True,converged,0.21530154102947563,3,"[0, 1, 1, 1]","[0.018705333000980318, 0.0468837080989033, 0.0635205419966951, 0.08189429203048348]","[""converged"", ""converged"", ""converged"", ""converged""]",0.5457495409297561,0.49999999999999933,True,converged,0.02865091699641198,1,"[0, 1, 0, 0]","[1.6583013348281384e-05, 0.0006396670360118151, 0.00019066606182605028, 0.00023791706189513206]",0.5509634545336111,0.545738148542518,0.5000290303583703,0.019637100375789168,0.033450142138109505,True,6.0,6.0
4,5,200,True,converged,0.21933958295267075,3,"[0, 1, 1, 1]","[0.01903945906087756, 0.04922387492842972, 0.0645200420403853, 0.08220483409240842]","[""converged"", ""converged"", ""converged"", ""converged""]",0.239773797777789,1.1132139434683763,True,converged,0.027557833935134113,0,"[0, 0, 0, 0]","[1.4125020243227482e-05, 0.00013341696467250586, 0.00014020793605595827, 0.0003006249899044633]",0.24206262406554352,0.23976828392896327,1.113234680794613,0.013014453951017099,0.029017628099885163,True,1.0,1.0
4,6,200,True,converged,0.22244766692165285,3,"[0, 1, 1, 1]","[0.019750459003262222, 0.05126558290794492, 0.066932582994923, 0.08010737493168563]","[""converged"", ""converged"", ""converged"", ""converged""]",1.1571989602695028,0.7633307362102061,True,converged,0.027672208030708134,0,"[0, 0, 0, 0]","[1.8583028577268124e-05, 0.00015520805027335882, 0.00015900004655122757, 0.00021387508604675531]",1.1682453190667295,1.1571723492711896,0.7623383755896134,0.028590984323759748,0.05529320781417329,True,3.0,3.0
4,7,200,True,converged,0.2212656670017168,3,"[0, 1, 1, 1]","[0.01963270897977054, 0.049343082937411964, 0.0676451250910759, 0.08022229105699807]","[""converged"", ""converged"", ""converged"", ""converged""]",0.8595703120498643,1.8853738763019148,True,converged,0.027152499998919666,0,"[0, 0, 0, 0]","[1.1541997082531452e-05, 0.00013449997641146183, 0.00013337505515664816, 0.0001789160305634141]",0.8677755752797369,0.8595505453330682,1.8853752959195678,0.024641423551586796,0.045068089712053755,True,0.0,0.0
4,8,200,True,converged,0.7303977920673788,6,"[0, 3, 1, 2]","[0.020149084040895104, 0.424420417053625, 0.06582475011236966, 0.21525904105510563]","[""converged"", ""converged"", ""converged"", ""converged""]",1.1150471405174558,0.5000000000000004,True,converged,0.027975459001027048,2,"[0, 1, 0, 1]","[1.3791956007480621e-05, 0.0006751250475645065, 0.0003067909274250269, 0.000950500019825995]",1.125487324881317,1.1151263904639843,0.5001106242939232,0.026974271170713163,0.05637833174933795,True,4.0,4.0
4,9,200,True,converged,0.21358674997463822,3,"[0, 1, 1, 1]","[0.019225000054575503, 0.048090916010551155, 0.06386537500657141, 0.07818470906931907]","[""converged"", ""converged"", ""converged"", ""converged""]",0.5509023393176733,1.0186947012224443,True,converged,0.026900458964519203,0,"[0, 0, 0, 0]","[9.832903742790222e-06, 0.00011562497820705175, 0.00014150002971291542, 0.00019287504255771637]",0.5561611280923512,0.5508896707431881,1.0186627091806026,0.019727061489922874,0.04346913291927674,True,1.0,1.0
4,10,200,True,converged,0.42204087506979704,4,"[0, 2, 1, 1]","[0.0183176250429824, 0.2509865409228951, 0.061749457963742316, 0.0862774170236662]","[""converged"", ""converged"", ""converged"", ""converged""]",0.8736711070511479,0.5000585431855588,True,converged,0.027979041915386915,1,"[0, 1, 0, 0]","[1.708406489342451e-05, 0.0006107080262154341, 0.00021279207430779934, 0.00027716695331037045]",0.8819101343364271,0.8736625417176447,0.5007795271242995,0.026052471475445274,0.058190910745995916,True,2.0,2.0
4,11,200,True,converged,0.2755274579394609,3,"[0, 1, 1, 1]","[0.019247749936766922, 0.08167133305687457, 0.07430033397395164, 0.09545195789542049]","[""converged"", ""converged"", ""converged"", ""converged""]",1.0266492256410569,1.830468476210738,True,converged,0.029064416070468724,0,"[0, 0, 0, 0]","[4.175002686679363e-05, 0.00022120808716863394, 0.00014908297453075647, 0.00018170801922678947]",1.0364493862829953,1.0266256167701968,1.8303334942570733,0.026929986269361,0.06074895593229759,True,2.0,2.0
4,12,200,True,converged,0.22103920800145715,3,"[0, 1, 1, 1]","[0.018945208052173257, 0.04772595898248255, 0.06570683303289115, 0.08415141701698303]","[""converged"", ""converged"", ""converged"", ""converged""]",0.2535992520810334,1.5861178185904656,True,converged,0.027214250061661005,0,"[0, 0, 0, 0]","[1.283304300159216e-05, 0.00014004192780703306, 0.0001508339773863554, 0.0002110829809680581]",0.2560200530196576,0.25359342030145093,1.5858913438150644,0.013384405144882282,0.030743036791459278,True,1.0,1.0
4,13,200,True,converged,0.22594879195094109,3,"[0, 1, 1, 1]","[0.019224459072574973, 0.05467912508174777, 0.06854520796332508, 0.07906625000759959]","[""converged"", ""converged"", ""converged"", ""converged""]",0.6340132470893782,2.783719727411689,True,converged,0.026633875095285475,0,"[0, 0, 0, 0]","[1.283304300159216e-05, 0.0001284159952774644, 0.00012383295688778162, 0.00017204100731760263]",0.6400653937383112,0.6339986672927933,2.783719727411689,0.021162854988450313,0.043315154552121954,True,0.0,0.0
4,14,200,True,converged,0.22413400001823902,3,"[0, 1, 1, 1]","[0.01855016697663814, 0.04702150006778538, 0.06248575006611645, 0.09157491696532816]","[""converged"", ""converged"", ""converged"", ""converged""]",0.3450475903689344,2.1208963897222057,True,converged,0.02987620804924518,0,"[0, 0, 0, 0]","[1.691700890660286e-05, 0.00017104099970310926, 0.0001527089625597, 0.0003837080439552665]",0.3483413364024133,0.34503965563933253,2.1209065737599064,0.015612217373283232,0.03649675765453651,True,0.0,0.0
4,15,200,True,converged,0.28349783294834197,4,"[0, 2, 1, 1]","[0.019794541993178427, 0.11473716702312231, 0.0666009170236066, 0.07787637505680323]","[""converged"", ""converged"", ""converged"", ""converged""]",0.9306821416598181,0.500000023319549,True,converged,0.027098790975287557,1,"[0, 1, 0, 0]","[1.4416989870369434e-05, 0.0005877090152353048, 0.0002657499862834811, 0.00024512503296136856]",0.9399863233564014,0.9306734367423926,0.5000698904985705,0.02572404352861051,0.06129832231425811,True,1.0,1.0
4,16,200,True,converged,0.2671344999689609,4,"[0, 2, 1, 1]","[0.014365624985657632, 0.10385920794215053, 0.06543454201892018, 0.07901633402798325]","[""converged"", ""converged"", ""converged"", ""converged""]",0.45680744948502444,0.4999999999999988,True,converged,0.028832459007389843,1,"[0, 1, 0, 0]","[1.3040960766375065e-05, 0.0005390839651226997, 0.00019170797895640135, 0.000302916974760592]",0.46116770380108973,0.456797009783999,0.5001983738158345,0.01798732815764908,0.03490310377076586,True,1.0,1.0
4,17,200,True,converged,0.21561070892494172,3,"[0, 1, 1, 1]","[0.0209940419299528, 0.04900579201057553, 0.0622132089920342, 0.07830599998123944]","[""converged"", ""converged"", ""converged"", ""converged""]",0.744988745696296,0.9912267846767716,True,converged,0.028932125074788928,0,"[0, 0, 0, 0]","[1.5125027857720852e-05, 0.0001361659960821271, 0.00013070798013359308, 0.00021866708993911743]",0.752100239283311,0.7449716139022522,0.9913423637260653,0.022940345056787825,0.056695007722301904,True,4.0,4.0
4,18,200,True,converged,0.2522684159921482,3,"[0, 1, 1, 1]","[0.019201999995857477, 0.049230749951675534, 0.08695374999660999, 0.09180066699627787]","[""converged"", ""converged"", ""converged"", ""converged""]",0.9773775637850407,0.7770176501609901,True,converged,0.029303333023563027,0,"[0, 0, 0, 0]","[1.6124919056892395e-05, 0.00022570800501853228, 0.00018095795530825853, 0.00038691703230142593]",0.9867073883187701,0.9773550879674897,0.7788225748963403,0.026275819672234055,0.057061988289041236,True,5.0,5.0
4,19,200,True,converged,0.2312043330166489,3,"[0, 1, 1, 1]","[0.02156224998179823, 0.05105545907281339, 0.06766766600776464, 0.08603787492029369]","[""converged"", ""converged"", ""converged"", ""converged""]",0.6884933365381805,1.3507945007615463,True,converged,0.026856541982851923,0,"[0, 0, 0, 0]","[1.462490763515234e-05, 0.0001545419218018651, 0.00015700003132224083, 0.0002977499971166253]",0.6950655377637408,0.6884775039150567,1.3503543335506096,0.022053369837934923,0.0592999368433752,True,2.0,2.0
4,20,200,True,converged,0.21877691603731364,3,"[0, 1, 1, 1]","[0.01940320897847414, 0.04758916702121496, 0.06393837498035282, 0.08396324992645532]","[""converged"", ""converged"", ""converged"", ""converged""]",1.1321312411199842,1.1944573517780241,True,converged,0.02872787497472018,0,"[0, 0, 0, 0]","[1.8333084881305695e-05, 0.00017483404371887445, 0.00022341602016240358, 0.00023187499027699232]",1.142938309156105,1.132105206580046,1.1941686112758043,0.028279614010987154,0.06122119369654527,True,1.0,1.0
4,21,200,True,converged,0.21007479191757739,3,"[0, 1, 1, 1]","[0.019871124997735023, 0.04703191597945988, 0.06221854197792709, 0.07628016697708517]","[""converged"", ""converged"", ""converged"", ""converged""]",0.6427692154407865,0.9612982571674732,True,converged,0.026270499918609858,0,"[0, 0, 0, 0]","[1.5042023733258247e-05, 0.00012512505054473877, 0.0001279159914702177, 0.00016483303625136614]",0.6489049445775608,0.6427544342915674,0.9611389475380843,0.021308487511662512,0.03845777824051953,True,3.0,3.0
4,22,200,True,converged,0.21550129109527916,3,"[0, 1, 1, 1]","[0.01837608404457569, 0.048366375034675, 0.06582616700325161, 0.07822879194281995]","[""converged"", ""converged"", ""converged"", ""converged""]",1.0468937145489263,1.3162342897995585,True,converged,0.026376458001323044,0,"[0, 0, 0, 0]","[1.2165983207523823e-05, 0.0001295000547543168, 0.00013275002129375935, 0.000173417036421597]",1.0568871244900964,1.0468696401349076,1.3155304741862677,0.027194206195832474,0.06049194782911916,True,3.0,3.0
4,23,200,True,converged,0.302025374956429,4,"[0, 2, 1, 1]","[0.01866800000425428, 0.14041224995162338, 0.06226437503937632, 0.07656504097394645]","[""converged"", ""converged"", ""converged"", ""converged""]",1.1366748180427406,0.5000000000000022,True,converged,0.027394582983106375,1,"[0, 1, 0, 0]","[1.3582990504801273e-05, 0.0006140000186860561, 0.00021970795933157206, 0.0002941250568255782]",1.1475546220477355,1.1366523557950874,0.5003655667171184,0.0287080149370506,0.06044880911869674,True,4.0,4.0
4,24,200,True,converged,0.20885475003160536,3,"[0, 1, 1, 1]","[0.01878008304629475, 0.046790749998763204, 0.06268929096404463, 0.07612358301412314]","[""converged"", ""converged"", ""converged"", ""converged""]",1.1663110118423774,1.9965831353997168,True,converged,0.02636604104191065,0,"[0, 0, 0, 0]","[1.12500274553895e-05, 0.00012262503150850534, 0.00013904098886996508, 0.00019341695588082075]",1.1774443522171096,1.1662841913029243,1.996583135399721,0.02870332960243531,0.0511208954419293,True,1.0,1.0
4,25,200,True,converged,0.21564091695472598,3,"[0, 1, 1, 1]","[0.0184835409745574, 0.046376584097743034, 0.06208120903465897, 0.08487958298064768]","[""converged"", ""converged"", ""converged"", ""converged""]",0.7419891027509445,2.1801792725273774,True,converged,0.026048333034850657,0,"[0, 0, 0, 0]","[1.4999997802078724e-05, 0.0001157920341938734, 0.00012383307330310345, 0.00016841699834913015]",0.7490719624267861,0.7419720399368219,2.180468895703257,0.022894114659423245,0.05182348222696306,True,3.0,3.0
4,26,200,True,converged,3.456538833095692,5,"[0, 3, 1, 1]","[0.018707541981711984, 3.2853750409558415, 0.06595220800954849, 0.08198945899493992]","[""converged"", ""converged"", ""converged"", ""converged""]",1.1564360588681017,0.5000538281595571,True,converged,0.02856404206249863,1,"[0, 1, 0, 0]","[1.2167030945420265e-05, 0.0007421659538522363, 0.00022195803467184305, 0.0002714999718591571]",1.1674765019576876,1.1563920901669142,0.5005370557854794,0.0283988158731499,0.05862641688186825,True,4.0,4.0
4,27,200,True,converged,0.4621802910696715,4,"[0, 2, 1, 1]","[0.01971370808314532, 0.29900283296592534, 0.0625242090318352, 0.07673887501005083]","[""converged"", ""converged"", ""converged"", ""converged""]",1.3916445283327112,0.4998128804496306,True,converged,0.026789125055074692,1,"[0, 1, 0, 0]","[1.2791948392987251e-05, 0.0006099590100347996, 0.00019866705406457186, 0.0002499170368537307]",1.4048948024410337,1.3916181339393368,0.5000127341133707,0.03147139192353781,0.06711741456792818,True,1.0,1.0
4,28,200,True,converged,0.20836245897226036,3,"[0, 1, 1, 1]","[0.01846316596493125, 0.04654762498103082, 0.06223166699055582, 0.07649983302690089]","[""converged"", ""converged"", ""converged"", ""converged""]",0.586534774359658,0.8148576893065479,True,converged,0.02617012499831617,0,"[0, 0, 0, 0]","[1.225003506988287e-05, 0.00012554193381220102, 0.00014450005255639553, 0.0001852919813245535]",0.5921337022770471,0.5865212863801252,0.8149038796336889,0.020355040593224363,0.04324914793348313,True,4.0,4.0
4,29,200,True,converged,0.2101716250181198,3,"[0, 1, 1, 1]","[0.018552708090282977, 0.047078583971597254, 0.0628381670685485, 0.07806241593789309]","[""converged"", ""converged"", ""converged"", ""converged""]",0.6632269199717009,3.432054393925077,True,converged,0.0268984999274835,0,"[0, 0, 0, 0]","[9.750016033649445e-06, 0.00010554201435297728, 0.0001225409796461463, 0.000157834030687809]",0.6695579337156822,0.6632116683762066,3.4321080170658664,0.021644928863993662,0.048899774694006574,True,4.0,4.0
4,30,200,True,converged,0.2102732079802081,3,"[0, 1, 1, 1]","[0.018687124946154654, 0.04791120800655335, 0.06307291705161333, 0.07637929101474583]","[""converged"", ""converged"", ""converged"", ""converged""]",0.7392787388649428,0.7133005793505548,True,converged,0.026279416983015835,0,"[0, 0, 0, 0]","[1.0875053703784943e-05, 0.00010633410420268774, 0.0001431669807061553, 0.00019079202320426702]",0.746335726021897,0.7392617383784674,0.7120105504455914,0.02285226219087423,0.05421084072903661,True,4.0,4.0
4,31,200,True,converged,0.2603397920029238,4,"[0, 2, 1, 1]","[0.018258749973028898, 0.09941079199779779, 0.06188945902977139, 0.07620079105254263]","[""converged"", ""converged"", ""converged"", ""converged""]",0.8877938042664922,0.4995987566815732,True,converged,0.027161333011463284,1,"[0, 1, 0, 0]","[1.1875061318278313e-05, 0.0006448749918490648, 0.00022129190620034933, 0.00029445800464600325]",0.8962932270750767,0.8877838876329323,0.5001139365244986,0.025012029447478424,0.05158989163482621,True,4.0,4.0
4,32,200,True,converged,0.27511950000189245,4,"[0, 2, 1, 1]","[0.01840545900631696, 0.1150046659167856, 0.06189316604286432, 0.07602012495044619]","[""converged"", ""converged"", ""converged"", ""converged""]",1.4317177597464033,0.4999999999999995,True,converged,0.02653174998704344,1,"[0, 1, 0, 0]","[1.0624993592500687e-05, 0.0005242079496383667, 0.00016733293887227774, 0.00022199994418770075]",1.4454010663476686,1.4317045900322691,0.503895540687093,0.029864825850366563,0.06191256432251329,True,6.0,6.0
4,33,200,True,converged,0.20894370798487216,3,"[0, 1, 1, 1]","[0.018349207937717438, 0.046828958904370666, 0.06222604203503579, 0.07682766602374613]","[""converged"", ""converged"", ""converged"", ""converged""]",0.8893079856399367,0.6382604374313051,True,converged,0.026531499926932156,0,"[0, 0, 0, 0]","[1.237494871020317e-05, 0.00012891704682260752, 0.00016220798715949059, 0.00023104099091142416]",0.897797117956759,0.8892875350742877,0.6373095108848842,0.025064046412713637,0.05023369971310757,True,4.0,4.0
4,34,200,True,converged,0.36048774991650134,5,"[0, 3, 1, 1]","[0.01855937496293336, 0.2002217499539256, 0.06199449999257922, 0.07613891700748354]","[""converged"", ""converged"", ""converged"", ""converged""]",0.6590117071720365,0.5000077336575345,True,converged,0.027176916948519647,1,"[0, 1, 0, 0]","[9.624985978007317e-06, 0.0005819579819217324, 0.0001840839395299554, 0.00025066593661904335]",0.6652169263808412,0.6589941380781666,0.5001816667889386,0.021826225564253746,0.04972284299918979,True,3.0,3.0
4,35,200,True,converged,0.20876166701782495,3,"[0, 1, 1, 1]","[0.01847400004044175, 0.04717887507285923, 0.062388500082306564, 0.076541917049326]","[""converged"", ""converged"", ""converged"", ""converged""]",0.6719427707245609,0.9233371773832617,True,converged,0.026312958099879324,0,"[0, 0, 0, 0]","[1.0624993592500687e-05, 0.0001207499299198389, 0.00013270799536257982, 0.0001700419234111905]",0.6783569840028871,0.6719273186989785,0.9237298778323781,0.02178668894672904,0.04938163401939613,True,0.0,0.0
4,36,200,True,converged,0.21073591604363173,3,"[0, 1, 1, 1]","[0.01850041700527072, 0.04692266706842929, 0.06247662496753037, 0.07814887503627688]","[""converged"", ""converged"", ""converged"", ""converged""]",0.3252336411961146,0.6426174946507633,True,converged,0.027150833047926426,0,"[0, 0, 0, 0]","[1.3999990187585354e-05, 0.00013758300337940454, 0.00013379205483943224, 0.00019225000869482756]",0.32833824776501785,0.32522616210896155,0.6424610946347903,0.015157334002666188,0.02872051436139235,True,2.0,2.0
4,37,200,True,converged,0.21438287501223385,3,"[0, 1, 1, 1]","[0.019881624961271882, 0.04807545791845769, 0.06392704194877297, 0.07821708300616592]","[""converged"", ""converged"", ""converged"", ""converged""]",1.2054915942570297,0.6296325955271723,True,converged,0.02620787499472499,0,"[0, 0, 0, 0]","[1.537497155368328e-05, 0.00014070793986320496, 0.00016200006939470768, 0.0002311250427737832]",1.2169989435844968,1.2054638727191758,0.6326115520151563,0.029181471195749705,0.05555879466336002,True,1.0,1.0
4,38,200,True,converged,0.20806800003629178,3,"[0, 1, 1, 1]","[0.018329875078052282, 0.04669991706032306, 0.06253162503708154, 0.07601049996446818]","[""converged"", ""converged"", ""converged"", ""converged""]",0.9156061205666544,1.5813948923191672,True,converged,0.02647429204080254,0,"[0, 0, 0, 0]","[1.4457968063652515e-05, 0.0001260410062968731, 0.00014641601592302322, 0.00020641600713133812]",0.9243462889145069,0.9155850652479349,1.5811185791402034,0.025431936679165348,0.04922315473902094,True,3.0,3.0
4,39,200,True,converged,0.20887674996629357,3,"[0, 1, 1, 1]","[0.018438250059261918, 0.04695429094135761, 0.06250108405947685, 0.07667133398354053]","[""converged"", ""converged"", ""converged"", ""converged""]",0.4944721818480398,2.2938300927123456,True,converged,0.02638879104051739,0,"[0, 0, 0, 0]","[1.3208016753196716e-05, 0.00011329201515763998, 0.0001435840968042612, 0.00019637506920844316]",0.49919230113908053,0.49446081094394356,2.293575831147936,0.01868942852657551,0.043242734782073265,True,1.0,1.0
4,40,200,True,converged,0.8776589169865474,5,"[0, 2, 2, 1]","[0.018255500006489456, 0.13948212505783886, 0.6271148750092834, 0.0880638329545036]","[""converged"", ""converged"", ""converged"", ""converged""]",1.3346090859631001,0.49980424335698653,True,converged,0.03136520797852427,2,"[0, 1, 1, 0]","[1.3499986380338669e-05, 0.0007847500964999199, 0.0008804999524727464, 0.00027491606306284666]",1.3467617354420305,1.334639796336365,0.5000334924584084,0.031122489704185324,0.06839210628279963,True,4.0,4.0
4,41,200,True,converged,0.23422337498050183,3,"[0, 1, 1, 1]","[0.021078707999549806, 0.053628458990715444, 0.07042512495536357, 0.08386579097714275]","[""converged"", ""converged"", ""converged"", ""converged""]",0.4304998441189213,0.832842393376415,True,converged,0.029757541953586042,0,"[0, 0, 0, 0]","[1.72910513356328e-05, 0.00017445802222937346, 0.0001812500413507223, 0.00022012495901435614]",0.43460929798429637,0.4304899443255244,0.8331431028530725,0.01743859892309158,0.03455019884085132,True,2.0,2.0
4,42,200,True,converged,0.23215666599571705,3,"[0, 1, 1, 1]","[0.022094000014476478, 0.05355583305936307, 0.06834570795763284, 0.08357133390381932]","[""converged"", ""converged"", ""converged"", ""converged""]",0.9259310842836993,2.4052148896271874,True,converged,0.026814208016730845,0,"[0, 0, 0, 0]","[1.237494871020317e-05, 0.00012550002429634333, 0.00013145804405212402, 0.00017087499145418406]",0.9347698123932722,0.9259097915316592,2.4053863722445867,0.025574928133798653,0.052248900561199525,True,3.0,3.0
4,43,200,True,converged,0.3027545840013772,4,"[0, 2, 1, 1]","[0.018479207996279, 0.13160912494640797, 0.0647877500159666, 0.08343283308204263]","[""converged"", ""converged"", ""converged"", ""converged""]",0.5047751682277573,0.5000000000000002,True,converged,0.029027500073425472,1,"[0, 1, 0, 0]","[1.4542019926011562e-05, 0.0005521669518202543, 0.00015104201156646013, 0.00020124996080994606]",0.5095719185781042,0.5047683580795841,0.5008880966705069,0.01952087146090853,0.039513745371588915,True,2.0,2.0
4,44,200,True,converged,0.22467933304142207,3,"[0, 1, 1, 1]","[0.02093558304477483, 0.05319837492424995, 0.06595533306244761, 0.07911595806945115]","[""converged"", ""converged"", ""converged"", ""converged""]",0.5846618546217436,0.6065710514321447,True,converged,0.029184292070567608,0,"[0, 0, 0, 0]","[1.2584030628204346e-05, 0.00016541697550565004, 0.00019458297174423933, 0.0004906670656055212]",0.5902429040721331,0.584648409711956,0.6068708260060539,0.020322515804009438,0.03872135147455233,True,4.0,4.0
4,45,200,True,converged,1.1094910410465673,6,"[0, 4, 1, 1]","[0.020407042000442743, 0.8976154580013826, 0.08593733294401318, 0.10053945810068399]","[""converged"", ""converged"", ""converged"", ""converged""]",0.8981873799282486,0.5000000239038566,True,converged,0.03068379091564566,1,"[0, 1, 0, 0]","[2.745899837464094e-05, 0.0007164999842643738, 0.0002186669735237956, 0.00029399991035461426]",0.9073357810294653,0.898234249982617,0.5000076495202997,0.024340928983675462,0.0510505580588919,True,4.0,4.0
4,46,200,True,converged,0.2516987919807434,3,"[0, 1, 1, 1]","[0.023367749992758036, 0.05339854210615158, 0.0750168749364093, 0.09405041602440178]","[""converged"", ""converged"", ""converged"", ""converged""]",0.4373381037857824,0.8796526735036907,True,converged,0.027875249972566962,0,"[0, 0, 0, 0]","[2.195802517235279e-05, 0.00017025007400661707, 0.00013862503692507744, 0.00017574999947100878]",0.4415128341268736,0.4373280467394647,0.8797178357240666,0.017576554649608733,0.03506568048103556,True,1.0,1.0
4,47,200,True,converged,0.43540249997749925,5,"[0, 3, 1, 1]","[0.021120166988112032, 0.2705777919618413, 0.06399141706060618, 0.07492004102095962]","[""converged"", ""converged"", ""converged"", ""converged""]",0.9517870917515997,0.5000765671503212,True,converged,0.027835374930873513,1,"[0, 1, 0, 0]","[1.741608139127493e-05, 0.000612791976891458, 0.00019995798356831074, 0.0002484999131411314]",0.9609576570274828,0.9518510519544897,0.5011830505664305,0.03148144792329529,0.07746854383284875,True,3.0,3.0
4,48,200,True,converged,0.2284549999749288,3,"[0, 1, 1, 1]","[0.021158082992769778, 0.04857383295893669, 0.0643763750558719, 0.08898850006517023]","[""converged"", ""converged"", ""converged"", ""converged""]",1.296193201845897,0.8151473545891894,True,converged,0.027074499987065792,0,"[0, 0, 0, 0]","[1.4125020243227482e-05, 0.00014249992091208696, 0.00015824998263269663, 0.00021654099691659212]",1.3085663681463409,1.2961633945298758,0.8151472660282432,0.030259375430283376,0.05766562014330152,True,3.0,3.0
4,49,200,True,converged,1.4839085419662297,6,"[0, 3, 2, 1]","[0.019435749971307814, 0.9153703750343993, 0.4681053329259157, 0.07612733310088515]","[""converged"", ""converged"", ""converged"", ""converged""]",1.0682184916121458,0.4996347209944119,True,converged,0.028406791971065104,2,"[0, 1, 1, 0]","[1.2833974324166775e-05, 0.0006875830003991723, 0.0008425409905612469, 0.00034670799504965544]",1.0787622207513166,1.0682180340193117,0.5001412879762863,0.026288630750860457,0.05400058572067895,True,4.0,4.0
6,0,200,True,converged,0.4716036659665406,6,"[0, 2, 1, 1, 1, 1]","[0.018721916945651174, 0.1075622079661116, 0.06223433301784098, 0.0772947920486331, 0.09182591596618295, 0.10658095800317824]","[""converged"", ""converged"", ""converged"", ""converged"", ""converged"", ""converged""]",1.4715293995569387,0.5000056245226553,True,converged,0.04280879197176546,1,"[0, 1, 0, 0, 0, 0]","[1.2165983207523823e-05, 0.0005020831013098359, 0.00017200002912431955, 0.0002114999806508422, 0.00025162496604025364, 0.00029862497467547655]",1.4856878586667224,1.471618595492483,0.502061588250883,0.03651532273302515,0.07575445607539205,True,6.0,6.0
6,1,200,True,converged,0.6438743330072612,7,"[0, 2, 2, 1, 1, 1]","[0.019020665902644396, 0.12925945792812854, 0.1979966659564525, 0.07713187509216368, 0.09199195797555149, 0.11967733292840421]","[""converged"", ""converged"", ""converged"", ""converged"", ""converged"", ""converged""]",1.5641885668651936,0.5000014729409612,True,converged,0.043926167069002986,2,"[0, 1, 1, 0, 0, 0]","[1.2708012945950031e-05, 0.0005573329981416464, 0.0006995419971644878, 0.00026995805092155933, 0.0003125830553472042, 0.0003604170633479953]",1.5792865434760808,1.5642097183771655,0.5000230871652732,0.03818999633800046,0.07429711120267106,True,9.0,9.0
6,2,200,True,converged,1.6991436660755426,9,"[0, 3, 1, 2, 1, 2]","[0.01973870804067701, 0.1878737920196727, 0.062241291045211256, 0.23531904094852507, 0.09084775007795542, 1.09287554200273]","[""converged"", ""converged"", ""converged"", ""converged"", ""converged"", ""converged""]",1.0225473041195732,0.5000000000000004,True,converged,0.04654304205905646,3,"[0, 1, 0, 1, 0, 1]","[1.325004268437624e-05, 0.0006156250601634383, 0.00023504206910729408, 0.001030166051350534, 0.00043283298145979643, 0.0015483329771086574]",1.032418126027013,1.022639603060464,0.5000766952548521,0.0289470196770031,0.06498837499850653,True,6.0,6.0
6,3,200,True,converged,0.7475446669850498,8,"[0, 4, 1, 1, 1, 1]","[0.019569584052078426, 0.3196595419431105, 0.07047966693062335, 0.0912729169940576, 0.10846533300355077, 0.12857824994716793]","[""converged"", ""converged"", ""converged"", ""converged"", ""converged"", ""converged""]",0.9604294576100108,0.5000546534197349,True,converged,0.05057295900769532,1,"[0, 1, 0, 0, 0, 0]","[3.2084062695503235e-05, 0.0007408329984173179, 0.00018783297855407, 0.0002970839850604534, 0.0006245839176699519, 0.00034262496046721935]",0.9696932311189841,0.9604532736084327,0.5023643923481587,0.03274856529296773,0.06989857314565509,True,6.0,6.0
6,4,200,True,converged,0.47884416696615517,5,"[0, 1, 1, 1, 1, 1]","[0.021227374905720353, 0.05211045907344669, 0.07301033299881965, 0.09231837501283735, 0.10225333296693861, 0.1287139169871807]","[""converged"", ""converged"", ""converged"", ""converged"", ""converged"", ""converged""]",0.6832984150959024,0.9324300325017779,True,converged,0.043807542067952454,0,"[0, 0, 0, 0, 0, 0]","[1.8124934285879135e-05, 0.0001478750491514802, 0.0001581249525770545, 0.00017641705926507711, 0.0002198750153183937, 0.0002567500341683626]",0.6898210267796941,0.6832827019354212,0.9324334550970971,0.024313815200457306,0.042666526548847686,True,7.0,7.0
6,5,200,True,converged,0.4351094579324126,5,"[0, 1, 1, 1, 1, 1]","[0.02104045799933374, 0.05373445793520659, 0.06761858402751386, 0.0788851659744978, 0.0933774160221219, 0.10923995799385011]","[""converged"", ""converged"", ""converged"", ""converged"", ""converged"", ""converged""]",0.7658617079099421,0.8161049846002194,True,converged,0.04547804198227823,0,"[0, 0, 0, 0, 0, 0]","[1.8125050701200962e-05, 0.0001337910071015358, 0.00015824998263269663, 0.000177249894477427, 0.00021487509366124868, 0.0002626660279929638]",0.7731724500598135,0.7658440961203389,0.8156954239445494,0.025740861789092653,0.059247431250567625,True,3.0,3.0
6,6,200,True,converged,0.41972083400469273,5,"[0, 1, 1, 1, 1, 1]","[0.02012300002388656, 0.04947712493594736, 0.06338404095731676, 0.07712824991904199, 0.09179320896510035, 0.10730199993122369]","[""converged"", ""converged"", ""converged"", ""converged"", ""converged"", ""converged""]",1.6578689948245013,0.638806048345463,True,converged,0.04472945898305625,0,"[0, 0, 0, 0, 0, 0]","[1.833401620388031e-05, 0.0001596671063452959, 0.00014866702258586884, 0.00016970792785286903, 0.000203415984287858, 0.00026199989952147007]",1.6736946362089034,1.6578308703959979,0.6431571470662047,0.03787241587247426,0.07185577059011847,True,10.0,10.0
6,7,200,True,converged,0.45785562496166676,5,"[0, 1, 1, 1, 1, 1]","[0.019985915976576507, 0.050550707965157926, 0.06453608290757984, 0.0829884170088917, 0.11013950000051409, 0.12052791705355048]","[""converged"", ""converged"", ""converged"", ""converged"", ""converged"", ""converged""]",1.2984229852828904,0.7319233508163703,True,converged,0.04315970791503787,0,"[0, 0, 0, 0, 0, 0]","[1.3082986697554588e-05, 0.0001430839765816927, 0.00018270802684128284, 0.00023145799059420824, 0.00030449999030679464, 0.00035612506326287985]",1.3108174365902612,1.2983931266906712,0.7304233680655586,0.03351629484399296,0.07436296280359725,True,6.0,6.0
6,8,200,True,converged,0.44045033294241875,5,"[0, 1, 1, 1, 1, 1]","[0.019729917054064572, 0.05298170796595514, 0.06571279198396951, 0.07944241596851498, 0.1033597500063479, 0.11078945896588266]","[""converged"", ""converged"", ""converged"", ""converged"", ""converged"", ""converged""]",1.1592970829728215,1.283554469966744,True,converged,0.042972875060513616,0,"[0, 0, 0, 0, 0, 0]","[1.525005791336298e-05, 0.00013154104817658663, 0.00011820800136774778, 0.00018124992493540049, 0.00022541708312928677, 0.00027404201682657003]",1.1703634699734748,1.159270423725986,1.283552646542413,0.03166979676166489,0.0767480369747236,True,11.0,11.0
6,9,200,True,converged,0.7167219159891829,7,"[0, 2, 2, 1, 1, 1]","[0.01884308399166912, 0.11868850002065301, 0.28571654204279184, 0.07990633300505579, 0.09538250009063631, 0.10848187503870577]","[""converged"", ""converged"", ""converged"", ""converged"", ""converged"", ""converged""]",0.9513879734144615,0.5000001747399225,True,converged,0.0449281670153141,2,"[0, 1, 1, 0, 0, 0]","[1.3375072740018368e-05, 0.0005932089406996965, 0.0007180829998105764, 0.00025220809038728476, 0.0003012079978361726, 0.000360791920684278]",0.960604039837904,0.9514000059869298,0.5002210857869691,0.02961530617872627,0.0717735826784553,True,6.0,6.0
6,10,200,True,converged,0.5855474580312148,7,"[0, 3, 1, 1, 1, 1]","[0.018957083928398788, 0.2010087079834193, 0.06378104200121015, 0.07926441601011902, 0.0944668750744313, 0.12026187498122454]","[""converged"", ""converged"", ""converged"", ""converged"", ""converged"", ""converged""]",1.06649920890238,0.5000062393873067,True,converged,0.04600008297711611,1,"[0, 1, 0, 0, 0, 0]","[1.7832964658737183e-05, 0.0007810419192537665, 0.00019749999046325684, 0.00023691600654274225, 0.0002544999588280916, 0.0003415419487282634]",1.0773791678663114,1.0664966906342497,0.5011756919264111,0.03459073551871726,0.09289659491231567,True,6.0,6.0
6,11,200,True,converged,0.4257123339921236,5,"[0, 1, 1, 1, 1, 1]","[0.01865920890122652, 0.04688337503466755, 0.062287666951306164, 0.07602479204069823, 0.10078166704624891, 0.11337120889220387]","[""converged"", ""converged"", ""converged"", ""converged"", ""converged"", ""converged""]",1.074593781031991,1.0173912767660418,True,converged,0.045251208008266985,0,"[0, 0, 0, 0, 0, 0]","[1.325004268437624e-05, 0.00014795898459851742, 0.0001623330172151327, 0.0002179170260205865, 0.0002648750087246299, 0.0003600830677896738]",1.0848516095248395,1.0745690696260217,1.0178213870544097,0.03049088754430124,0.0610472550015914,True,9.0,9.0
6,12,200,True,converged,0.4299176250351593,5,"[0, 1, 1, 1, 1, 1]","[0.019631917006336153, 0.048690375057049096, 0.06566850002855062, 0.08270191692281514, 0.09410562505945563, 0.11020583298522979]","[""converged"", ""converged"", ""converged"", ""converged"", ""converged"", ""converged""]",0.9787031167105122,0.5193116756887638,True,converged,0.042596249957568944,0,"[0, 0, 0, 0, 0, 0]","[1.579197123646736e-05, 0.00016470905393362045, 0.00013883307110518217, 0.00017720810137689114, 0.00023137498646974564, 0.00025033403653651476]",0.9880455946718042,0.9786806104104875,0.5185603114941736,0.029098686825817253,0.07564018618835247,True,10.0,10.0
6,13,200,True,converged,0.4165410000132397,5,"[0, 1, 1, 1, 1, 1]","[0.01893887494225055, 0.04808804206550121, 0.06484816607553512, 0.07866008300334215, 0.09126516699325293, 0.10608120798133314]","[""converged"", ""converged"", ""converged"", ""converged"", ""converged"", ""converged""]",1.7452911544947718,0.8796800180686702,True,converged,0.0412616670364514,0,"[0, 0, 0, 0, 0, 0]","[1.1500087566673756e-05, 0.00011616700794547796, 0.00013470801059156656, 0.00017141702119261026, 0.00022637494839727879, 0.0002687909873202443]",1.7619513079861686,1.7452510197024305,0.8767013259032874,0.03885812567900929,0.08219057655180637,True,10.0,10.0
6,14,200,True,converged,0.4183485000394285,5,"[0, 1, 1, 1, 1, 1]","[0.018458041944541037, 0.04689250001683831, 0.06256275007035583, 0.07919724995736033, 0.0943097909912467, 0.10888291709125042]","[""converged"", ""converged"", ""converged"", ""converged"", ""converged"", ""converged""]",1.0651073538625355,0.5604053681069707,True,converged,0.044389666989445686,0,"[0, 0, 0, 0, 0, 0]","[1.3832934200763702e-05, 0.0001240420388057828, 0.0001336249988526106, 0.00017091596964746714, 0.00022083299700170755, 0.00027199997566640377]",1.07527462707335,1.0650828606068639,0.5598606935520754,0.03035600365119317,0.06808622879232303,True,9.0,9.0
6,15,200,True,converged,0.4110046250279993,5,"[0, 1, 1, 1, 1, 1]","[0.018386750016361475, 0.04697808308992535, 0.06215183297172189, 0.07721241703256965, 0.09173258405644447, 0.10575749992858618]","[""converged"", ""converged"", ""converged"", ""converged"", ""converged"", ""converged""]",0.42750571146485405,1.4731919420776134,True,converged,0.04285070800688118,0,"[0, 0, 0, 0, 0, 0]","[1.0209041647613049e-05, 0.0001194999786093831, 0.00013329205103218555, 0.00017541693523526192, 0.000202000024728477, 0.00024058402050286531]",0.431586584019047,0.4274958805246639,1.4732034692745888,0.019231752683484357,0.03451180931886172,True,8.0,8.0
6,16,200,True,converged,0.44567570905201137,5,"[0, 1, 1, 1, 1, 1]","[0.01849933306220919, 0.04723204195033759, 0.06308804196305573, 0.08150066598318517, 0.10119070892687887, 0.12510741699952632]","[""converged"", ""converged"", ""converged"", ""converged"", ""converged"", ""converged""]",1.1296679936049414,0.521824693769388,True,converged,0.04694224998820573,0,"[0, 0, 0, 0, 0, 0]","[2.266606315970421e-05, 0.0001509999856352806, 0.00030745798721909523, 0.00022441591136157513, 0.00022987497504800558, 0.00026604102458804846]",1.1404515480390003,1.1296420157099514,0.5188149348713333,0.0312624720824165,0.06440035586470713,True,11.0,11.0
6,17,200,True,converged,0.42603587498888373,5,"[0, 1, 1, 1, 1, 1]","[0.019337457953952253, 0.04891870799474418, 0.06417879194486886, 0.07964641600847244, 0.09586387500166893, 0.10825166699942201]","[""converged"", ""converged"", ""converged"", ""converged"", ""converged"", ""converged""]",1.1894318644187383,0.7005711650297743,True,converged,0.04349537496455014,0,"[0, 0, 0, 0, 0, 0]","[1.3584038242697716e-05, 0.00013554200995713472, 0.00013641698751598597, 0.0001784579362720251, 0.00022204197011888027, 0.00025983306113630533]",1.2007859112078598,1.1894045121911399,0.700415762548777,0.03207876863406139,0.07482318943035135,True,8.0,8.0
6,18,200,True,converged,2.879157584044151,13,"[0, 5, 1, 3, 3, 1]","[0.018809166038408875, 1.4882664170581847, 0.06241491693072021, 0.7339442919474095, 0.46154979104176164, 0.10492945904843509]","[""converged"", ""converged"", ""converged"", ""converged"", ""converged"", ""converged""]",1.080236231436036,0.49964372971035437,True,converged,0.04397304204758257,3,"[0, 1, 0, 1, 1, 0]","[1.2916047126054764e-05, 0.0006412080256268382, 0.0001782919280230999, 0.0008810420986264944, 0.0010782909812405705, 0.000394499977119267]",1.0909645137209059,1.0804204684376597,0.5000002977367365,0.02736100641665395,0.07448956950600778,True,10.0,10.0
6,19,200,True,converged,1.1518485830165446,7,"[0, 2, 1, 2, 1, 1]","[0.01852074998896569, 0.12161041691433638, 0.062198542058467865, 0.744168792036362, 0.09123575000558048, 0.10554795805364847]","[""converged"", ""converged"", ""converged"", ""converged"", ""converged"", ""converged""]",1.6231400233951885,0.5000172949501885,True,converged,0.04479754203930497,2,"[0, 1, 0, 1, 0, 0]","[1.4708028174936771e-05, 0.0005876249633729458, 0.0001620420953258872, 0.0008370000869035721, 0.00031266699079424143, 0.00035845907405018806]",1.6390469223133497,1.623141552477542,0.5009722909634732,0.0400894185968959,0.08274309185409047,True,10.0,10.0
6,20,200,True,converged,0.4092703750357032,5,"[0, 1, 1, 1, 1, 1]","[0.01859624998178333, 0.046928165946155787, 0.06209262507036328, 0.07671425002627075, 0.09100716700777411, 0.1057031670352444]","[""converged"", ""converged"", ""converged"", ""converged"", ""converged"", ""converged""]",0.7258398308946099,0.8074247000497615,True,converged,0.041584082995541394,0,"[0, 0, 0, 0, 0, 0]","[1.1124997399747372e-05, 0.00011187500786036253, 0.00011966598685830832, 0.0001556250499561429, 0.00021716696210205555, 0.00026525009889155626]",0.7327685332843119,0.7258231394498551,0.8066395230324614,0.025059263519675454,0.04944208213029052,True,7.0,7.0
6,21,200,True,converged,0.4095226250356063,5,"[0, 1, 1, 1, 1, 1]","[0.018668666016310453, 0.046526417019777, 0.062498874962329865, 0.07698616606649011, 0.0911182090640068, 0.10554229095578194]","[""converged"", ""converged"", ""converged"", ""converged"", ""converged"", ""converged""]",1.0057817711670167,0.6224184146773443,True,converged,0.04351279092952609,0,"[0, 0, 0, 0, 0, 0]","[1.1541065759956837e-05, 0.00012979097664356232, 0.00016779103316366673, 0.00021299999207258224, 0.0002839580411091447, 0.00032479199580848217]",1.0153827358217322,1.0057586421650608,0.6226441645333523,0.029498489963089392,0.0666369472156225,True,8.0,8.0
6,22,200,True,converged,0.40920429211109877,5,"[0, 1, 1, 1, 1, 1]","[0.018530166009441018, 0.04666425008326769, 0.06249204196501523, 0.0764044999377802, 0.09146016708109528, 0.1055929169524461]","[""converged"", ""converged"", ""converged"", ""converged"", ""converged"", ""converged""]",2.0772986662420245,0.579820066444894,True,converged,0.0428784170653671,0,"[0, 0, 0, 0, 0, 0]","[1.1417083442211151e-05, 0.00012770900502800941, 0.00013412500265985727, 0.0001650000922381878, 0.000228791031986475, 0.0002798340283334255]",2.097128088134148,2.077250896590306,0.5831037255676217,0.042393314785495094,0.07873933095778056,True,7.0,7.0
6,23,200,True,converged,1.1317676251055673,9,"[0, 3, 1, 2, 2, 1]","[0.0185094999615103, 0.35001724993344396, 0.061854584026150405, 0.2814102090196684, 0.2997687499737367, 0.11067166598513722]","[""converged"", ""converged"", ""converged"", ""converged"", ""converged"", ""converged""]",0.9834282176150306,0.5000000000000011,True,converged,0.04655499989166856,3,"[0, 1, 0, 1, 1, 0]","[1.1541997082531452e-05, 0.000626959023065865, 0.00022050004918128252, 0.0010885840747505426, 0.0013081670040264726, 0.0005429589655250311]",0.9927468104346048,0.9834930926512875,0.5001922834361352,0.03229346295296706,0.0683246166384629,True,11.0,11.0
6,24,200,True,converged,1.5135754159418866,9,"[0, 3, 2, 2, 1, 1]","[0.018409917014651, 0.7313057079445571, 0.24217716697603464, 0.31690470804460347, 0.09145445807371289, 0.10556783399078995]","[""converged"", ""converged"", ""converged"", ""converged"", ""converged"", ""converged""]",1.541170910813493,0.4995244683706497,True,converged,0.04438179195858538,3,"[0, 1, 1, 1, 0, 0]","[1.0958989150822163e-05, 0.0005736249731853604, 0.0007226670859381557, 0.0010350830852985382, 0.00032058299984782934, 0.0003870410146191716]",1.5560395299507408,1.5409942380992117,0.50012440330493,0.038197984717405244,0.08060119523682663,True,8.0,8.0
6,25,200,True,converged,0.4082523750839755,5,"[0, 1, 1, 1, 1, 1]","[0.018675209023058414, 0.0465681659989059, 0.06250808399636298, 0.07676245900802314, 0.09096420800779015, 0.10455712501425296]","[""converged"", ""converged"", ""converged"", ""converged"", ""converged"", ""converged""]",0.6099041961444377,0.7589635814777005,True,converged,0.04134241701103747,0,"[0, 0, 0, 0, 0, 0]","[1.1125113815069199e-05, 0.00011241703759878874, 0.0001235000090673566, 0.00015245901886373758, 0.00020783301442861557, 0.0002732910215854645]",0.6157262032614993,0.6098901707606514,0.7587838409882653,0.022970937249780925,0.054230312514805847,True,1.0,1.0
6,26,200,True,converged,0.42168983293231577,5,"[0, 1, 1, 1, 1, 1]","[0.01834049995522946, 0.046573582920245826, 0.06383195903617889, 0.07902758300770074, 0.09551604208536446, 0.10936804092489183]","[""converged"", ""converged"", ""converged"", ""converged"", ""converged"", ""converged""]",0.7623924997335894,1.1966277368775413,True,converged,0.044451125082559884,0,"[0, 0, 0, 0, 0, 0]","[1.2999982573091984e-05, 0.0001312500098720193, 0.0001633339561522007, 0.00023954198695719242, 0.00026770890690386295, 0.00035137496888637543]",0.7696701256091002,0.7623749677220504,1.1966147736673318,0.025682495007312175,0.0657990154520506,True,3.0,3.0
6,27,200,True,converged,0.4169671250274405,5,"[0, 1, 1, 1, 1, 1]","[0.01871987502090633, 0.046928291907534, 0.062434166902676225, 0.07738991698715836, 0.09137679205741733, 0.11088029097300023]","[""converged"", ""converged"", ""converged"", ""converged"", ""converged"", ""converged""]",1.1999653023362535,0.8273094506135624,True,converged,0.041696749976836145,0,"[0, 0, 0, 0, 0, 0]","[1.1458061635494232e-05, 0.00012541702017188072, 0.00012033293023705482, 0.0001705000177025795, 0.00022270798217505217, 0.0002644580090418458]",1.2114198989345268,1.1999377078812528,0.8273554395374748,0.032220498027905636,0.0717997789820476,True,5.0,5.0
6,28,200,True,converged,0.4518325839890167,5,"[0, 1, 1, 1, 1, 1]","[0.018441416090354323, 0.06891929195262492, 0.06359245895873755, 0.0889802910387516, 0.09489545796532184, 0.10910554102156311]","[""converged"", ""converged"", ""converged"", ""converged"", ""converged"", ""converged""]",0.9539684499862112,0.49999999999999917,True,converged,0.044008375029079616,1,"[0, 1, 0, 0, 0, 0]","[1.2666918337345123e-05, 0.0005674170097336173, 0.0002514169318601489, 0.00022849999368190765, 0.0002460409887135029, 0.00030745798721909523]",0.9630762627308668,0.9539479028888687,0.5003919855839009,0.028664289030217557,0.0615858884647957,True,9.0,9.0
6,29,200,True,converged,0.4322086659958586,5,"[0, 1, 1, 1, 1, 1]","[0.019076208001933992, 0.06815483304671943, 0.06294683390296996, 0.07741629204247147, 0.09116574993822724, 0.10534075007308275]","[""converged"", ""converged"", ""converged"", ""converged"", ""converged"", ""converged""]",1.3924896426822402,0.5000000000000042,True,converged,0.04451416595838964,1,"[0, 1, 0, 0, 0, 0]","[1.4582998119294643e-05, 0.0005512500647455454, 0.00022258399985730648, 0.00028020795434713364, 0.0003325419966131449, 0.000414749956689775]",1.405791952158346,1.3924596993847065,0.500270413791576,0.03434269948075424,0.08109919869690839,True,7.0,7.0
6,30,200,True,converged,0.6120041250251234,7,"[0, 2, 1, 2, 1, 1]","[0.018322291900403798, 0.10082524991594255, 0.06216412491630763, 0.22600254090502858, 0.09100037498865277, 0.10573466692585498]","[""converged"", ""converged"", ""converged"", ""converged"", ""converged"", ""converged""]",0.5639183011593828,0.49999999999999883,True,converged,0.04386466694995761,2,"[0, 1, 0, 1, 0, 0]","[1.029099803417921e-05, 0.0005657500587403774, 0.00016962504014372826, 0.0008273749845102429, 0.0003000840079039335, 0.00034895807038992643]",0.5693263942483766,0.5639061554373266,0.5002300294513473,0.022236885752164835,0.050753231983635495,True,3.0,3.0
6,31,200,True,converged,0.4107100840192288,5,"[0, 1, 1, 1, 1, 1]","[0.01887929195072502, 0.046834458014927804, 0.06227487500291318, 0.07668554107658565, 0.09135883406270295, 0.1054522090125829]","[""converged"", ""converged"", ""converged"", ""converged"", ""converged"", ""converged""]",1.3022550957018044,0.5099738016773429,True,converged,0.042250834056176245,0,"[0, 0, 0, 0, 0, 0]","[1.0416028089821339e-05, 0.00010654202196747065, 0.00012441701255738735, 0.00017366709653288126, 0.00022254197392612696, 0.00027050008065998554]",1.3146861274660289,1.3022251489862047,0.5087179429014003,0.03356571768885928,0.07031771127161528,True,7.0,7.0
6,32,200,True,converged,0.41624833294190466,5,"[0, 1, 1, 1, 1, 1]","[0.018391374964267015, 0.04655395797453821, 0.06461254192981869, 0.07790433301124722, 0.09035008307546377, 0.11060037498828024]","[""converged"", ""converged"", ""converged"", ""converged"", ""converged"", ""converged""]",0.9402610792550333,0.7305378445488532,True,converged,0.041310584056191146,0,"[0, 0, 0, 0, 0, 0]","[1.3499986380338669e-05, 0.00011841696687042713, 0.00013016699813306332, 0.00015604100190103054, 0.00022483395878225565, 0.0002669580280780792]",0.949236598246253,0.9402394569697973,0.7301583868424072,0.02852148505118915,0.06658931652460169,True,8.0,8.0
6,33,200,True,converged,0.40911770798265934,5,"[0, 1, 1, 1, 1, 1]","[0.01906700001563877, 0.04717483290005475, 0.06251416599843651, 0.07668966695200652, 0.09087420895230025, 0.10465104202739894]","[""converged"", ""converged"", ""converged"", ""converged"", ""converged"", ""converged""]",0.8558409215923695,1.6235568727427698,True,converged,0.043991749989800155,0,"[0, 0, 0, 0, 0, 0]","[1.1875061318278313e-05, 0.00012120790779590607, 0.0001301249722018838, 0.0001754160039126873, 0.00019829103257507086, 0.00025625003036111593]",0.8640105849068411,0.8558212406368014,1.6236819975426509,0.027210995398771413,0.07080087502999997,True,11.0,11.0
6,34,200,True,converged,0.7401523339794949,8,"[0, 3, 1, 2, 1, 1]","[0.018526625004597008, 0.19386166706681252, 0.06204062502365559, 0.2602445000084117, 0.09090162499342114, 0.10527458298020065]","[""converged"", ""converged"", ""converged"", ""converged"", ""converged"", ""converged""]",1.4399087007721,0.5000000000000008,True,converged,0.043156040948815644,2,"[0, 1, 0, 1, 0, 0]","[1.0458054021000862e-05, 0.0005562079604715109, 0.00024391699116677046, 0.0009137090528383851, 0.00030487508047372103, 0.00036387506406754255]",1.4531143744976598,1.4398959942949179,0.5002846925290477,0.035345353796478546,0.07014336986300933,True,7.0,7.0
6,35,200,True,converged,0.5243117089848965,7,"[0, 3, 1, 1, 1, 1]","[0.018520624958910048, 0.161139625008218, 0.0619670000160113, 0.07641608302947134, 0.0912034580251202, 0.10571504198014736]","[""converged"", ""converged"", ""converged"", ""converged"", ""converged"", ""converged""]",0.9724814934723234,0.5000000271889283,True,converged,0.04427049995865673,1,"[0, 1, 0, 0, 0, 0]","[1.1875061318278313e-05, 0.0005655420245602727, 0.0002281669294461608, 0.0003101249458268285, 0.0003481250023469329, 0.0004188750172033906]",0.9818339535799886,0.9725058635898205,0.500184094962446,0.028793496340781648,0.07054492147465648,True,9.0,9.0
6,36,200,True,converged,1.1170134580461308,7,"[0, 2, 1, 2, 1, 1]","[0.01845662505365908, 0.13423912494909018, 0.062372916960157454, 0.6955176669871435, 0.0914827500237152, 0.10606220900081098]","[""converged"", ""converged"", ""converged"", ""converged"", ""converged"", ""converged""]",0.8211077200534828,0.4995685036806077,True,converged,0.043799082981422544,2,"[0, 1, 0, 1, 0, 0]","[1.1708005331456661e-05, 0.0005669579841196537, 0.00016350008081644773, 0.0008802090305835009, 0.000313500058837235, 0.0003589580301195383]",0.8289826315954336,0.8210991976231787,0.5000004872811122,0.02612736616403722,0.06334325629088984,True,9.0,9.0
6,37,200,True,converged,0.5021958340657875,6,"[0, 2, 1, 1, 1, 1]","[0.018448832910507917, 0.12820287502836436, 0.062415875028818846, 0.07694737508427352, 0.10165591700933874, 0.1051000829320401]","[""converged"", ""converged"", ""converged"", ""converged"", ""converged"", ""converged""]",1.559479623609536,0.4999999999999993,True,converged,0.042356332996860147,1,"[0, 1, 0, 0, 0, 0]","[1.025001984089613e-05, 0.0005334169836714864, 0.00017304194625467062, 0.00020162505097687244, 0.0002649169182404876, 0.0003147500101476908]",1.5743851200773484,1.5594641326907037,0.5006758721572542,0.035826032926642826,0.07984986044228823,True,8.0,8.0
6,38,200,True,converged,2.621946124942042,8,"[0, 4, 1, 1, 1, 1]","[0.01866229099687189, 2.248750042053871, 0.0644791250815615, 0.0790528750512749, 0.09442716697230935, 0.10900641605257988]","[""converged"", ""converged"", ""converged"", ""converged"", ""converged"", ""converged""]",1.0532308115133953,0.500012827247293,True,converged,0.043173042009584606,1,"[0, 1, 0, 0, 0, 0]","[1.4625024050474167e-05, 0.0006673750467598438, 0.00017187499906867743, 0.00020233308896422386, 0.00026225007604807615, 0.00029445800464600325]",1.063774922524182,1.0532900392131073,0.5000425337928195,0.03152486078341952,0.07046288666077993,True,5.0,5.0
6,39,200,True,converged,0.4241775830741972,5,"[0, 1, 1, 1, 1, 1]","[0.01914112502709031, 0.04834154201671481, 0.06252583407331258, 0.07599133299663663, 0.1004966669715941, 0.10977875010576099]","[""converged"", ""converged"", ""converged"", ""converged"", ""converged"", ""converged""]",1.1425840988963545,1.253026423757318,True,converged,0.04248458403162658,0,"[0, 0, 0, 0, 0, 0]","[1.3125012628734112e-05, 0.0001356659922748804, 0.00013825006317347288, 0.00017529202159494162, 0.00023291702382266521, 0.00027887499891221523]",1.153490947541877,1.1425578239820384,1.2528773292849056,0.03144068450818993,0.08378082978830384,True,8.0,8.0
6,40,200,True,converged,0.586775750038214,7,"[0, 3, 1, 1, 1, 1]","[0.01947712490800768, 0.21146925003267825, 0.06397199991624802, 0.07903000002261251, 0.09398633404634893, 0.11019224999472499]","[""converged"", ""converged"", ""converged"", ""converged"", ""converged"", ""converged""]",1.301959369513812,0.5000001895720152,True,converged,0.044383915956132114,1,"[0, 1, 0, 0, 0, 0]","[1.1709053069353104e-05, 0.0005799999926239252, 0.0001722919987514615, 0.00021604204084724188, 0.00027062511071562767, 0.00031420798040926456]",1.3145131694552643,1.302082287019922,0.502781764325681,0.03636083375708567,0.08699508307985897,True,8.0,8.0
6,41,200,True,converged,1.019041832885705,7,"[0, 3, 1, 1, 1, 1]","[0.01839387498330325, 0.6479740419890732, 0.06412274995818734, 0.07948641700204462, 0.09434937499463558, 0.10699254192877561]","[""converged"", ""converged"", ""converged"", ""converged"", ""converged"", ""converged""]",0.9723811233216437,0.4996810378381813,True,converged,0.04204666696023196,1,"[0, 1, 0, 0, 0, 0]","[1.12500274553895e-05, 0.0006022090092301369, 0.00017404207028448582, 0.00020733301062136889, 0.0002673330018296838, 0.0002994589740410447]",0.9817392862638926,0.9723667828270501,0.5000083655379577,0.028102929206786257,0.06026949659806011,True,7.0,7.0
6,42,200,True,converged,0.42524887493345886,5,"[0, 1, 1, 1, 1, 1]","[0.018293707980774343, 0.047941750031895936, 0.06467837502714247, 0.07985354191623628, 0.09540108300279826, 0.1106840829597786]","[""converged"", ""converged"", ""converged"", ""converged"", ""converged"", ""converged""]",1.2751861469749353,1.119897150866706,True,converged,0.0428043749416247,0,"[0, 0, 0, 0, 0, 0]","[1.4958088286221027e-05, 0.0001323750475421548, 0.00013412500265985727, 0.00018808303866535425, 0.00022729102056473494, 0.00027087493799626827]",1.2873587846944314,1.2751568227380745,1.1198971508666948,0.03321503373247659,0.06555892834446542,True,10.0,10.0
6,43,200,True,converged,0.6279908330179751,7,"[0, 3, 1, 1, 1, 1]","[0.019493791973218322, 0.2609782919753343, 0.06400404102168977, 0.0770477500045672, 0.09093520895112306, 0.10578712495043874]","[""converged"", ""converged"", ""converged"", ""converged"", ""converged"", ""converged""]",0.8211530965195063,0.5000018352734951,True,converged,0.04583683388773352,1,"[0, 1, 0, 0, 0, 0]","[2.0333100110292435e-05, 0.000668457942083478, 0.00023266696371138096, 0.00027674995362758636, 0.0003464999608695507, 0.0004826668882742524]",0.8290505332119815,0.8212296336625087,0.5006742431642411,0.02319117374691299,0.06123804199982145,True,4.0,4.0
6,44,200,True,converged,9.854242958012037,14,"[0, 4, 4, 1, 4, 1]","[0.019179665949195623, 0.5357013749890029, 0.6433062499854714, 0.07669316697865725, 8.454634041991085, 0.11651816696394235]","[""converged"", ""converged"", ""converged"", ""converged"", ""converged"", ""converged""]",1.6385104037148766,0.5000000002475163,True,converged,0.04533824999816716,4,"[0, 1, 2, 0, 1, 0]","[1.0624993592500687e-05, 0.0005792080191895366, 0.001888041035272181, 0.0003039590083062649, 0.0012772920308634639, 0.0004428329411894083]",1.6542556448785097,1.638187056904716,0.5000268265542067,0.041336084260286114,0.10352991354408071,True,11.0,11.0
6,45,200,True,converged,0.7172571250703186,7,"[0, 2, 2, 1, 1, 1]","[0.018645041971467435, 0.2561397081008181, 0.15980591694824398, 0.07697508297860622, 0.09109433402772993, 0.10610983392689377]","[""converged"", ""converged"", ""converged"", ""converged"", ""converged"", ""converged""]",1.1462053554733025,0.4999999999999999,True,converged,0.04362404195126146,2,"[0, 1, 1, 0, 0, 0]","[1.1792057193815708e-05, 0.0005999160930514336, 0.000713790999725461, 0.00025174999609589577, 0.00030370906461030245, 0.00035725010093301535]",1.157188676013555,1.146184014326688,0.5000062347306082,0.03134209350272851,0.06904440935522288,True,7.0,7.0
6,46,200,True,converged,0.45028920797631145,6,"[0, 2, 1, 1, 1, 1]","[0.01843341696076095, 0.0873457919806242, 0.06194091704674065, 0.07714299997314811, 0.09169875003863126, 0.10612795792985708]","[""converged"", ""converged"", ""converged"", ""converged"", ""converged"", ""converged""]",1.4435993068664223,0.5000000000000004,True,converged,0.04400574997998774,1,"[0, 1, 0, 0, 0, 0]","[1.2499978765845299e-05, 0.000532084028236568, 0.00016841699834913015, 0.00021770899184048176, 0.0002549580531194806, 0.0003169160336256027]",1.4573998922068694,1.4435677098463635,0.5042310926931786,0.03548955057252664,0.06887219454425102,True,10.0,10.0
6,47,200,True,converged,1.7188277919776738,10,"[0, 3, 1, 1, 1, 4]","[0.018685667077079415, 0.5556681660236791, 0.06202862493228167, 0.07610929105430841, 0.09111945796757936, 0.9060074579901993]","[""converged"", ""converged"", ""converged"", ""converged"", ""converged"", ""converged""]",0.9400272928517776,0.5000314368033176,True,converged,0.046376458019949496,2,"[0, 1, 0, 0, 0, 1]","[1.2915930710732937e-05, 0.000717374961823225, 0.0002335419412702322, 0.00028200005181133747, 0.00032824999652802944, 0.0013609160669147968]",0.9495226582727334,0.9401846020893139,0.5008761011588336,0.03805484614227605,0.12089868549955118,True,6.0,6.0
6,48,200,True,converged,0.6179450420895591,7,"[0, 2, 1, 2, 1, 1]","[0.018733541946858168, 0.11523975001182407, 0.06216545798815787, 0.2171464170096442, 0.09106808295473456, 0.10521420801524073]","[""converged"", ""converged"", ""converged"", ""converged"", ""converged"", ""converged""]",1.2027835397464914,0.499999999999995,True,converged,0.04534249997232109,2,"[0, 1, 0, 1, 0, 0]","[1.4125020243227482e-05, 0.0006439579883590341, 0.0002238750457763672, 0.001067750039510429, 0.00039954204112291336, 0.0004922909429296851]",1.2142697360097188,1.2027608557806047,0.5003071633494323,0.03212981373187281,0.08067085732686419,True,8.0,8.0
6,49,200,True,converged,1.2019801250426099,7,"[0, 3, 1, 1, 1, 1]","[0.018536792020313442, 0.8398065840592608, 0.062414166983217, 0.07679433305747807, 0.09072304097935557, 0.1054509999230504]","[""converged"", ""converged"", ""converged"", ""converged"", ""converged"", ""converged""]",0.5497589962825015,0.5000654343040247,True,converged,0.04423187510110438,1,"[0, 1, 0, 0, 0, 0]","[9.833951480686665e-06, 0.0005612500244751573, 0.0001628330210223794, 0.00021129194647073746, 0.0002521659480407834, 0.00029204192105680704]",0.5550852756583567,0.5498158582018177,0.5002921007798348,0.020059274700837737,0.03826723026773645,True,6.0,6.0
8,0,200,True,converged,2.3695062920451164,10,"[0, 4, 1, 1, 1, 1, 1, 1]","[0.018602667027153075, 1.745866416953504, 0.062300499994307756, 0.07607900002039969, 0.0912822081008926, 0.1057934999698773, 0.12182008405216038, 0.13505095802247524]","[""converged"", ""converged"", ""converged"", ""converged"", ""converged"", ""converged"", ""converged"", ""converged""]",1.5489098287343057,0.5000000446819529,True,converged,0.06383125006686896,1,"[0, 1, 0, 0, 0, 0, 0, 0]","[1.0958057828247547e-05, 0.0006025000475347042, 0.00017374998424202204, 0.0002008749870583415, 0.000266459072008729, 0.0003147920360788703, 0.0003344169817864895, 0.0004099169746041298]",1.563577333021613,1.5488918986623619,0.5000485601678669,0.03965355221789967,0.09401294463651212,True,13.0,13.0
8,1,200,True,converged,0.671811499982141,7,"[0, 1, 1, 1, 1, 1, 1, 1]","[0.019203874981030822, 0.04770329094026238, 0.062213834025897086, 0.07621120801195502, 0.09091562498360872, 0.1050252909772098, 0.11963199998717755, 0.13421933306381106]","[""converged"", ""converged"", ""converged"", ""converged"", ""converged"", ""converged"", ""converged"", ""converged""]",1.0750412587693294,0.8985742335558661,True,converged,0.05831341596785933,0,"[0, 0, 0, 0, 0, 0, 0, 0]","[1.0958989150822163e-05, 0.00011012493632733822, 0.0001212080242112279, 0.00017320900224149227, 0.000222874921746552, 0.00024979200679808855, 0.0002857500221580267, 0.0003660420188680291]",1.0853033587831618,1.0750165370731428,0.8985664778894452,0.03277141208496449,0.07786425700431192,True,13.0,13.0
8,2,200,True,converged,2.856578917009756,12,"[0, 3, 2, 1, 2, 2, 1, 1]","[0.018608749960549176, 0.4241910419659689, 0.19978825002908707, 0.07679512491449714, 0.46410470793489367, 1.4044832499930635, 0.1199784999480471, 0.13553179090376943]","[""converged"", ""converged"", ""converged"", ""converged"", ""converged"", ""converged"", ""converged"", ""converged""]",0.7420940305511416,0.4995055600246228,True,converged,0.0625447080237791,4,"[0, 1, 1, 0, 1, 1, 0, 0]","[1.3166922144591808e-05, 0.0005833749892190099, 0.0007102499948814511, 0.00025212508626282215, 0.0010887500829994678, 0.0012997500598430634, 0.0005046670557931066, 0.0005326250102370977]",0.7492867188977907,0.7421095009748975,0.5000002181876254,0.027221565693069247,0.05724896345711111,True,18.0,18.0
8,3,200,True,converged,4.239769875071943,15,"[0, 4, 1, 4, 3, 1, 1, 1]","[0.01852362509816885, 1.5509009580127895, 0.06228020798880607, 0.9869882080238312, 1.2424367080675438, 0.10486283409409225, 0.12065649998839945, 0.1363902499433607]","[""converged"", ""converged"", ""converged"", ""converged"", ""converged"", ""converged"", ""converged"", ""converged""]",1.8157823851811523,0.500000000122253,True,converged,0.06671270809601992,3,"[0, 1, 0, 1, 1, 0, 0, 0]","[1.2417091056704521e-05, 0.0007766670314595103, 0.00023329094983637333, 0.0010463750222697854, 0.0013470000121742487, 0.0005517499521374702, 0.0006076249992474914, 0.0006750839529559016]",1.8338720237725235,1.815977057958413,0.5000907779729158,0.045091679652890154,0.09107645347488692,True,19.0,19.0
8,4,200,True,converged,0.7182864170754328,8,"[0, 2, 1, 1, 1, 1, 1, 1]","[0.018629416939802468, 0.09520800004247576, 0.06193970795720816, 0.07657158304937184, 0.09057704196311533, 0.10449579206760973, 0.12010004208423197, 0.13413562497589737]","[""converged"", ""converged"", ""converged"", ""converged"", ""converged"", ""converged"", ""converged"", ""converged""]",0.8580147802768114,0.5000004653886253,True,converged,0.059627791051752865,1,"[0, 1, 0, 0, 0, 0, 0, 0]","[1.229101326316595e-05, 0.0005818749777972698, 0.0001674999948590994, 0.0002020419342443347, 0.0002417500363662839, 0.0002850830787792802, 0.00032774999272078276, 0.00041987502481788397]",0.8662117904653361,0.8580089400444437,0.500026451848072,0.029110773850553297,0.08430362343620085,True,8.0,8.0
8,5,200,True,converged,0.6627547499956563,7,"[0, 1, 1, 1, 1, 1, 1, 1]","[0.0186842909315601, 0.04637341690249741, 0.06192108301911503, 0.07660387502983212, 0.08673716709017754, 0.10530737496446818, 0.12035687500610948, 0.13381137500982732]","[""converged"", ""converged"", ""converged"", ""converged"", ""converged"", ""converged"", ""converged"", ""converged""]",0.9721740396309393,0.8410537828794875,True,converged,0.05887850001454353,0,"[0, 0, 0, 0, 0, 0, 0, 0]","[1.066701952368021e-05, 0.00010320800356566906, 0.00011829205323010683, 0.00017154100351035595, 0.00022258399985730648, 0.00026524998247623444, 0.0003131249686703086, 0.00035920797381550074]",0.9814541925033645,0.9721516834738592,0.8409440863927177,0.031164100685884516,0.08868403461050603,True,11.0,11.0
8,6,200,True,converged,0.6690152920782566,7,"[0, 1, 1, 1, 1, 1, 1, 1]","[0.018332708976231515, 0.0468419169774279, 0.062086750054731965, 0.07644304202403873, 0.09088937507476658, 0.10511366697028279, 0.12072016589809209, 0.13522358401678503]","[""converged"", ""converged"", ""converged"", ""converged"", ""converged"", ""converged"", ""converged"", ""converged""]",1.015648632629167,0.5918002967654008,True,converged,0.059132082969881594,0,"[0, 0, 0, 0, 0, 0, 0, 0]","[9.541050530970097e-06, 0.00010070798452943563, 0.00011662498582154512, 0.00016650010365992785, 0.00021533307153731585, 0.000262125045992434, 0.00029883289244025946, 0.0003333750646561384]",1.0253437841053847,1.0156252767284297,0.5920899949859847,0.03185329274861255,0.08133686728445132,True,10.0,10.0
8,7,200,True,converged,0.8989054580451921,10,"[0, 4, 1, 1, 1, 1, 1, 1]","[0.018983500078320503, 0.27272175007965416, 0.0623942919773981, 0.07665762503165752, 0.09087449999060482, 0.10549504205118865, 0.1206584160681814, 0.13575250003486872]","[""converged"", ""converged"", ""converged"", ""converged"", ""converged"", ""converged"", ""converged"", ""converged""]",1.0834326564181505,0.5000147480702668,True,converged,0.060812124982476234,1,"[0, 1, 0, 0, 0, 0, 0, 0]","[1.2082979083061218e-05, 0.0006398330442607403, 0.00016441696789115667, 0.00021833402570337057, 0.00025829195510596037, 0.0003103329800069332, 0.0003564580110833049, 0.0003867910709232092]",1.093955527477693,1.0834480612178687,0.5002654850319681,0.031626154442989586,0.08426157235743903,True,12.0,12.0
8,8,200,True,converged,1.25717616698239,11,"[0, 3, 1, 2, 1, 2, 1, 1]","[0.018447292037308216, 0.2617750000208616, 0.06230308301746845, 0.2444205420324579, 0.09094137500505894, 0.31310162495356053, 0.11957479105331004, 0.1330529999686405]","[""converged"", ""converged"", ""converged"", ""converged"", ""converged"", ""converged"", ""converged"", ""converged""]",2.025417764503916,0.4999999999999986,True,converged,0.06142737506888807,3,"[0, 1, 0, 1, 0, 1, 0, 0]","[1.0124989785254002e-05, 0.0005651250248774886, 0.00017412507440894842, 0.0008515840163454413, 0.0003045840421691537, 0.0012285419506952167, 0.00044370791874825954, 0.000484999967738986]",2.0449317355842034,2.0254239073911666,0.5002611173227776,0.0459712424462988,0.10105576021327316,True,14.0,14.0
8,9,200,True,converged,0.7279156249715015,8,"[0, 2, 1, 1, 1, 1, 1, 1]","[0.018574833986349404, 0.10128587507642806, 0.061996459029614925, 0.07628345803823322, 0.09130374994128942, 0.10585570789407939, 0.12047500000335276, 0.13534549996256828]","[""converged"", ""converged"", ""converged"", ""converged"", ""converged"", ""converged"", ""converged"", ""converged""]",0.8050611132141602,0.49999999999999956,True,converged,0.06019137508701533,1,"[0, 1, 0, 0, 0, 0, 0, 0]","[1.0624993592500687e-05, 0.0005177499260753393, 0.00015604204963892698, 0.00020849995780736208, 0.00024824996944516897, 0.00028499995823949575, 0.0003510829992592335, 0.00040954200085252523]",0.8127755152323572,0.805044147925987,0.5035194219447824,0.028650866960364833,0.06348114517691571,True,8.0,8.0
8,10,200,True,converged,1.0564203339163214,9,"[0, 3, 1, 1, 1, 1, 1, 1]","[0.01849491591565311, 0.44019487500190735, 0.06208095804322511, 0.07611037499736995, 0.09083754196763039, 0.10532404202967882, 0.11956758296582848, 0.1300163340056315]","[""converged"", ""converged"", ""converged"", ""converged"", ""converged"", ""converged"", ""converged"", ""converged""]",0.8010259503678585,0.5000137799413042,True,converged,0.05977699998766184,1,"[0, 1, 0, 0, 0, 0, 0, 0]","[1.2416043318808079e-05, 0.0005924999713897705, 0.00017566699534654617, 0.000216791988350451, 0.000263832975178957, 0.00030554202385246754, 0.0003620409406721592, 0.00040241703391075134]",0.8087048807861912,0.8010394209488094,0.5000531242062753,0.027677913510945028,0.07077315790648422,True,17.0,17.0
8,11,200,True,converged,0.670200000051409,7,"[0, 1, 1, 1, 1, 1, 1, 1]","[0.01844541705213487, 0.046864708070643246, 0.06309429102111608, 0.07647787500172853, 0.0912583339959383, 0.10560595791321248, 0.12031745805870742, 0.13518199999816716]","[""converged"", ""converged"", ""converged"", ""converged"", ""converged"", ""converged"", ""converged"", ""converged""]",0.9930964989616174,0.5578816036421641,True,converged,0.06370975007303059,0,"[0, 0, 0, 0, 0, 0, 0, 0]","[1.2333039194345474e-05, 0.00013158307410776615, 0.00019225000869482756, 0.00023025006521493196, 0.0002894999925047159, 0.00036449998151510954, 0.0004297499544918537, 0.0005332919536158442]",1.0025763728851516,0.9930736616707401,0.5582477077843364,0.03149766171471659,0.07458343281334948,True,12.0,12.0
8,12,200,True,converged,0.6719486670335755,7,"[0, 1, 1, 1, 1, 1, 1, 1]","[0.018333707936108112, 0.046953083015978336, 0.06233474996406585, 0.07686241692863405, 0.09166308399289846, 0.10570237506181002, 0.1212022079853341, 0.1356364170787856]","[""converged"", ""converged"", ""converged"", ""converged"", ""converged"", ""converged"", ""converged"", ""converged""]",1.5271132095345976,0.6496994404943998,True,converged,0.058360917028039694,0,"[0, 0, 0, 0, 0, 0, 0, 0]","[1.0624993592500687e-05, 0.00011433300096541643, 0.00013162498362362385, 0.00017629202920943499, 0.0002252910053357482, 0.0002620000159367919, 0.00031708297319710255, 0.00035979098174721]",1.5416906858508357,1.5270780919718985,0.6489568663049325,0.03905873789723075,0.08362419570735515,True,12.0,12.0
8,13,200,True,converged,0.8188508750172332,8,"[0, 2, 1, 1, 1, 1, 1, 1]","[0.018451124895364046, 0.1954250840935856, 0.06219133408740163, 0.07698604196775705, 0.09072379197459668, 0.1055454999441281, 0.11979208292905241, 0.13594920805189759]","[""converged"", ""converged"", ""converged"", ""converged"", ""converged"", ""converged"", ""converged"", ""converged""]",1.2859381922843238,0.5000267211594376,True,converged,0.06412424996960908,1,"[0, 1, 0, 0, 0, 0, 0, 0]","[1.2915930710732937e-05, 0.0005910829640924931, 0.00022570800501853228, 0.0002686659572646022, 0.00035854207817465067, 0.0003895839909091592, 0.0004522079834714532, 0.0005495420191437006]",1.298264299291971,1.2859628737877669,0.5001982275844244,0.03746135139207194,0.09040912441244361,True,8.0,8.0
8,14,200,True,converged,0.6698164170375094,7,"[0, 1, 1, 1, 1, 1, 1, 1]","[0.018413082929328084, 0.0469990000128746, 0.06245175004005432, 0.07642874994780868, 0.09115362504962832, 0.1055784160271287, 0.11966779199428856, 0.13551795796956867]","[""converged"", ""converged"", ""converged"", ""converged"", ""converged"", ""converged"", ""converged"", ""converged""]",0.8830138866582125,0.9227896772244258,True,converged,0.05866075004450977,0,"[0, 0, 0, 0, 0, 0, 0, 0]","[1.0499963536858559e-05, 0.00011070794425904751, 0.0001243329606950283, 0.00017812498845160007, 0.00021883298177272081, 0.000261416076682508, 0.0003037910209968686, 0.00036304094828665257]",0.8914429369337917,0.8829935808319412,0.9234889202139464,0.02970067747360736,0.07672324641622305,True,17.0,17.0
8,15,200,True,converged,5.0262580829439685,12,"[0, 3, 3, 1, 2, 1, 1, 1]","[0.01856295799370855, 1.0269425839651376, 3.0814372500171885, 0.0848708749981597, 0.37383266701363027, 0.11505104205571115, 0.13429858291056007, 0.1771997920004651]","[""converged"", ""converged"", ""converged"", ""converged"", ""converged"", ""converged"", ""converged"", ""converged""]",1.4189573347586468,0.5000038489091032,True,converged,0.0724933750461787,3,"[0, 1, 1, 0, 1, 0, 0, 0]","[2.4707987904548645e-05, 0.001107166986912489, 0.0008350829593837261, 0.0005516669480130076, 0.002146582934074104, 0.00042491592466831207, 0.00046858296263962984, 0.0007621250115334988]",1.4325476713325787,1.418969112362383,0.50002075266102,0.03529933657863385,0.08375473120601519,True,14.0,14.0
8,16,200,True,converged,1.5413873329525813,14,"[0, 8, 1, 1, 1, 1, 1, 1]","[0.021967291017062962, 0.8402651670621708, 0.06994408299215138, 0.0909587920177728, 0.0989934999961406, 0.12449774995911866, 0.13012512505520135, 0.1476052919169888]","[""converged"", ""converged"", ""converged"", ""converged"", ""converged"", ""converged"", ""converged"", ""converged""]",1.051282921533517,0.5000033554137674,True,converged,0.07360904198139906,1,"[0, 1, 0, 0, 0, 0, 0, 0]","[2.2249994799494743e-05, 0.0008345419773831964, 0.0001871250569820404, 0.0002333340235054493, 0.00040629191789776087, 0.00035633298102766275, 0.0004991659661754966, 0.00043299992103129625]",1.0610410244215664,1.0512970198721014,0.5001370769429871,0.02912973331570439,0.07654341127085638,True,14.0,14.0
8,17,200,True,converged,0.7882122090086341,7,"[0, 1, 1, 1, 1, 1, 1, 1]","[0.02221991599071771, 0.0577818329911679, 0.07484770799055696, 0.09241020807530731, 0.10440924996510148, 0.12231825001072139, 0.13651291700080037, 0.16129758302122355]","[""converged"", ""converged"", ""converged"", ""converged"", ""converged"", ""converged"", ""converged"", ""converged""]",1.1087419232515734,0.6892573551965182,True,converged,0.06195079197641462,0,"[0, 0, 0, 0, 0, 0, 0, 0]","[2.920802216976881e-05, 0.00017087499145418406, 0.00015033292584121227, 0.00018116692081093788, 0.00023212505038827658, 0.0002977079711854458, 0.00034041597973555326, 0.0004911250434815884]",1.1193257221645205,1.10871642657342,0.6889400734500776,0.03328111160706075,0.08280246304108618,True,4.0,4.0
8,18,200,True,converged,0.7344427909702063,8,"[0, 2, 1, 1, 1, 1, 1, 1]","[0.019242958980612457, 0.08159679197706282, 0.06930695904884487, 0.07841441698838025, 0.09464295802172273, 0.11074049992021173, 0.12483883299864829, 0.14053745800629258]","[""converged"", ""converged"", ""converged"", ""converged"", ""converged"", ""converged"", ""converged"", ""converged""]",0.772241326467606,0.49999999999999845,True,converged,0.06237850000616163,1,"[0, 1, 0, 0, 0, 0, 0, 0]","[1.5041092410683632e-05, 0.0005826670676469803, 0.00016629195306450129, 0.00020041607785969973, 0.00025404104962944984, 0.0003189170965924859, 0.0003346669254824519, 0.00037633406464010477]",0.7796200046258969,0.7722247540711779,0.5004306907931847,0.02781426835701642,0.05656231016121661,True,11.0,11.0
8,19,200,True,converged,0.6951477499678731,7,"[0, 1, 1, 1, 1, 1, 1, 1]","[0.01911154098343104, 0.0484689170261845, 0.06409345800057054, 0.07795129099395126, 0.09283416601829231, 0.10841579199768603, 0.12799912504851818, 0.14248945808503777]","[""converged"", ""converged"", ""converged"", ""converged"", ""converged"", ""converged"", ""converged"", ""converged""]",0.6912809950242204,0.7501669420696937,True,converged,0.06026541709434241,0,"[0, 0, 0, 0, 0, 0, 0, 0]","[2.3125088773667812e-05, 0.00017224997282028198, 0.00013979210052639246, 0.00016479205805808306, 0.0002602919703349471, 0.0002714169677346945, 0.00031341693829745054, 0.0003533340059220791]",0.6978798066053877,0.691265098295979,0.7506369462014204,0.02627906430081346,0.07770324333491871,True,11.0,11.0
8,20,200,True,converged,1.5188130419701338,10,"[0, 3, 1, 1, 1, 1, 2, 1]","[0.0191450419370085, 0.23577762499917299, 0.06922062509693205, 0.08036295894999057, 0.10133095795754343, 0.12499820801895112, 0.7262602499686182, 0.14438645797781646]","[""converged"", ""converged"", ""converged"", ""converged"", ""converged"", ""converged"", ""converged"", ""converged""]",1.705074702893618,0.500000029052688,True,converged,0.07308249990455806,2,"[0, 1, 0, 0, 0, 0, 1, 0]","[2.520799171179533e-05, 0.0006608749972656369, 0.0004906660178676248, 0.0002372909802943468, 0.0002848749281838536, 0.0003180409548804164, 0.0015918329590931535, 0.0005206669447943568]",1.721416709091752,1.7051118844758342,0.500989143405859,0.04433153551996101,0.10033524900678051,True,15.0,15.0
8,21,200,True,converged,1.5038418339099735,11,"[0, 3, 3, 1, 1, 1, 1, 1]","[0.024120916961692274, 0.4929106669733301, 0.3647797500016168, 0.08935462508816272, 0.10462491598445922, 0.12723670795094222, 0.14120175002608448, 0.1437112499261275]","[""converged"", ""converged"", ""converged"", ""converged"", ""converged"", ""converged"", ""converged"", ""converged""]",1.2657969219472864,0.5000000032606557,True,converged,0.06273687502834946,2,"[0, 1, 1, 0, 0, 0, 0, 0]","[1.7666956409811974e-05, 0.0006025000475347042, 0.0008060410618782043, 0.0002604159526526928, 0.000334082986228168, 0.00037958298344165087, 0.00042333302553743124, 0.0004409169778227806]",1.277943872391454,1.2660279322369874,0.5000249415597379,0.0347100652510057,0.0842475720484544,True,13.0,13.0
8,22,200,True,converged,0.9289846249157563,8,"[0, 2, 1, 1, 1, 1, 1, 1]","[0.019284834037534893, 0.23280337499454618, 0.06976616592146456, 0.08147958398330957, 0.09517454204615206, 0.11497483297716826, 0.14045891701243818, 0.1611840829718858]","[""converged"", ""converged"", ""converged"", ""converged"", ""converged"", ""converged"", ""converged"", ""converged""]",1.4167507297737276,0.500004154272081,True,converged,0.06644808396231383,1,"[0, 1, 0, 0, 0, 0, 0, 0]","[2.179096918553114e-05, 0.0006555001018568873, 0.0005091249477118254, 0.0002757089678198099, 0.0002777079353109002, 0.0003137909807264805, 0.0005128750344738364, 0.00047275004908442497]",1.4302260090626724,1.4167193945132128,0.5000175234137575,0.03776482554829948,0.08715012462558176,True,9.0,9.0
8,23,200,False,rank_osqp_failed,5.355808250023983,12,"[0, 4, 0, 3, 2, 1, 1, 1]","[0.01941891689784825, 0.7541820830665529, 3.154882250004448, 0.6868095409590751, 0.354651749948971, 0.1091533750295639, 0.12410279200412333, 0.13470099994447082]","[""converged"", ""converged"", ""osqp_failed"", ""converged"", ""converged"", ""converged"", ""converged"", ""converged""]",1.6835961007100069,0.009948010351123025,True,converged,0.0666719579603523,4,"[0, 1, 1, 1, 1, 0, 0, 0]","[1.5042023733258247e-05, 0.000632417039014399, 0.0008998329285532236, 0.0011652089888229966, 0.001498500001616776, 0.000602582935243845, 0.0006622909568250179, 0.0007469579577445984]",1.7056960072084875,1.6896337963051984,0.5004234204285788,,,,,
8,24,200,True,converged,0.7515658340416849,8,"[0, 2, 1, 1, 1, 1, 1, 1]","[0.018716791062615812, 0.10406333301216364, 0.06376775004900992, 0.0792538340901956, 0.0950467080110684, 0.10944600007496774, 0.1258656670106575, 0.13997174997348338]","[""converged"", ""converged"", ""converged"", ""converged"", ""converged"", ""converged"", ""converged"", ""converged""]",1.5173301222574522,0.5000074778198174,True,converged,0.06020054197870195,1,"[0, 1, 0, 0, 0, 0, 0, 0]","[1.2416974641382694e-05, 0.0006007499760016799, 0.00016658403910696507, 0.00020350003615021706, 0.0002679170574992895, 0.00030616705771535635, 0.00035258301068097353, 0.0004070829600095749]",1.531813436643907,1.5173282085514357,0.5000017231949342,0.03903137591731248,0.07496676870432846,True,15.0,15.0
8,25,200,True,converged,0.8244921669829637,9,"[0, 3, 1, 1, 1, 1, 1, 1]","[0.01857824996113777, 0.17516812507528812, 0.06334666605107486, 0.07922020799014717, 0.09544325002934784, 0.1098314169794321, 0.1257660830160603, 0.1405102499993518]","[""converged"", ""converged"", ""converged"", ""converged"", ""converged"", ""converged"", ""converged"", ""converged""]",1.2973404579955057,0.5000000155534357,True,converged,0.06448816601186991,1,"[0, 1, 0, 0, 0, 0, 0, 0]","[1.6708974726498127e-05, 0.0005980840651318431, 0.00017437490168958902, 0.00021308299619704485, 0.0002530410420149565, 0.0003038329305127263, 0.0003381669521331787, 0.0004248330369591713]",1.3097451462453988,1.2974687701002199,0.5018761160912302,0.03661971081146644,0.08911890342079354,True,16.0,16.0
8,26,200,True,converged,1.4181700419867411,12,"[0, 4, 1, 3, 1, 1, 1, 1]","[0.018672875012271106, 0.41157820902299136, 0.06395308393985033, 0.44818770803976804, 0.0936187090119347, 0.10600762499962002, 0.12526429200079292, 0.13782183302100748]","[""converged"", ""converged"", ""converged"", ""converged"", ""converged"", ""converged"", ""converged"", ""converged""]",1.638157161161293,0.5000000007856289,True,converged,0.0610767089528963,2,"[0, 1, 0, 1, 0, 0, 0, 0]","[1.2625008821487427e-05, 0.0006334169302135706, 0.00017470901366323233, 0.0008983749430626631, 0.00030912505462765694, 0.00035279104486107826, 0.00040920800529420376, 0.0004367090296000242]",1.6538309453941114,1.6381971319879642,0.5020041596033576,0.042074705022458296,0.07898882952541306,True,15.0,15.0
8,27,200,True,converged,2.3077576250070706,12,"[0, 5, 1, 2, 1, 1, 1, 1]","[0.01961879199370742, 1.5266336250351742, 0.06224191701039672, 0.2170732090016827, 0.09287900000344962, 0.11034129199106246, 0.12565520906355232, 0.14000916702207178]","[""converged"", ""converged"", ""converged"", ""converged"", ""converged"", ""converged"", ""converged"", ""converged""]",1.4574040989124148,0.5000000000000004,True,converged,0.0630042910343036,2,"[0, 1, 0, 1, 0, 0, 0, 0]","[1.491699367761612e-05, 0.0007432079873979092, 0.00017566699534654617, 0.0008226250065490603, 0.0003018750576302409, 0.00037287501618266106, 0.00041291594970971346, 0.0004254169762134552]",1.4692015326153733,1.4573628885716294,0.5000019779807418,0.03794803311723131,0.08429924382671615,True,13.0,13.0
8,28,200,True,converged,2.264788917033002,12,"[0, 3, 3, 1, 2, 1, 1, 1]","[0.01955920795444399, 0.24243212502915412, 0.295483292080462, 0.07997216691728681, 1.244815165991895, 0.10924379201605916, 0.12475304096005857, 0.13501333293970674]","[""converged"", ""converged"", ""converged"", ""converged"", ""converged"", ""converged"", ""converged"", ""converged""]",1.536812811766102,0.5000000000727879,True,converged,0.06285520794335753,4,"[0, 1, 1, 0, 2, 0, 0, 0]","[1.2165983207523823e-05, 0.0005733330035582185, 0.0007449580589309335, 0.0002543330192565918, 0.0023259170120581985, 0.00044295797124505043, 0.0004859589971601963, 0.0005297500174492598]",1.5517400971247928,1.5368840055169986,0.5000763616044919,0.04100572234626175,0.09127353760740106,True,15.0,15.0
8,29,200,True,converged,0.7651807919610292,8,"[0, 2, 1, 1, 1, 1, 1, 1]","[0.018652500002644956, 0.11661279108375311, 0.06414450006559491, 0.0797053329879418, 0.0950597079936415, 0.10928741691168398, 0.12545279099140316, 0.14154687500558794]","[""converged"", ""converged"", ""converged"", ""converged"", ""converged"", ""converged"", ""converged"", ""converged""]",1.919829427540324,0.5000571038142335,True,converged,0.06123770808335394,1,"[0, 1, 0, 0, 0, 0, 0, 0]","[1.225003506988287e-05, 0.0005491250194609165, 0.00017962499987334013, 0.00021787500008940697, 0.000246083945967257, 0.00030999991577118635, 0.00036104198079556227, 0.00040904199704527855]",1.938046389833326,1.9197960398874918,0.5020209733624952,0.044073098565872514,0.08920131832279193,True,19.0,19.0
8,30,200,True,converged,1.2831618749769405,11,"[0, 3, 1, 2, 2, 1, 1, 1]","[0.018568667001090944, 0.24359433294739574, 0.06345820799469948, 0.26128624996636063, 0.31987404194660485, 0.10590987501200289, 0.12261341698467731, 0.134271000046283]","[""converged"", ""converged"", ""converged"", ""converged"", ""converged"", ""converged"", ""converged"", ""converged""]",1.5853708947783085,0.49999999999999944,True,converged,0.06592958397231996,3,"[0, 1, 0, 1, 1, 0, 0, 0]","[2.1541956812143326e-05, 0.000573375029489398, 0.00016987498383969069, 0.0008766670944169164, 0.0010817080037668347, 0.0004065829562023282, 0.00045733305159956217, 0.0005052919732406735]",1.6006678588009815,1.5855246109985095,0.5001448634165442,0.038259724445868705,0.08383916541453552,True,26.0,26.0
8,31,200,True,converged,1.0216966670705006,9,"[0, 3, 1, 1, 1, 1, 1, 1]","[0.019334124983288348, 0.3815931669669226, 0.06416866707149893, 0.07955141691491008, 0.09202820796053857, 0.1055431249551475, 0.12122791702859104, 0.14118820801377296]","[""converged"", ""converged"", ""converged"", ""converged"", ""converged"", ""converged"", ""converged"", ""converged""]",1.671708936525044,0.5000106332461219,True,converged,0.060865834006108344,1,"[0, 1, 0, 0, 0, 0, 0, 0]","[1.7625046893954277e-05, 0.0006178339244797826, 0.00017529097385704517, 0.00022262497805058956, 0.00027079193387180567, 0.0003547919914126396, 0.00037274998612701893, 0.0004157919902354479]",1.6875246513796758,1.6717103945755283,0.5000544332020084,0.041133298291127406,0.10400124735926264,True,21.0,21.0
8,32,200,True,converged,0.6846484589623287,7,"[0, 1, 1, 1, 1, 1, 1, 1]","[0.019218667061068118, 0.048178959055803716, 0.0649119169684127, 0.07888649997767061, 0.09415125008672476, 0.11071095790248364, 0.11969837499782443, 0.1357912910170853]","[""converged"", ""converged"", ""converged"", ""converged"", ""converged"", ""converged"", ""converged"", ""converged""]",0.9551914265921784,0.713248866599813,True,converged,0.05918166704941541,0,"[0, 0, 0, 0, 0, 0, 0, 0]","[2.2707972675561905e-05, 0.00015612493734806776, 0.00014045799616724253, 0.00017574999947100878, 0.0002292500576004386, 0.0002524580340832472, 0.00032054109033197165, 0.00036700000055134296]",0.9643094672925561,0.9551694609680166,0.7146343975409615,0.03089070334676682,0.06949152729591075,True,9.0,9.0
8,33,200,True,converged,1.0539042089367285,11,"[0, 4, 1, 2, 1, 1, 1, 1]","[0.01893904199823737, 0.2738055409863591, 0.06504679191857576, 0.22375841601751745, 0.0947276660008356, 0.10508937505073845, 0.12002808402758092, 0.13680683297570795]","[""converged"", ""converged"", ""converged"", ""converged"", ""converged"", ""converged"", ""converged"", ""converged""]",1.1807914885246362,0.5000000000000011,True,converged,0.0670752499718219,2,"[0, 1, 0, 1, 0, 0, 0, 0]","[1.3958080671727657e-05, 0.0006772089982405305, 0.0002389999572187662, 0.0010230829939246178, 0.0003927500220015645, 0.00047633296344429255, 0.0005709580145776272, 0.0006500829476863146]",1.192116051548804,1.1807996579617421,0.5009169271268211,0.03666432916455141,0.08488632593879071,True,14.0,14.0
8,34,200,True,converged,0.6912602500524372,7,"[0, 1, 1, 1, 1, 1, 1, 1]","[0.019545749993994832, 0.04898608394432813, 0.0645253750262782, 0.07947237498592585, 0.09416874998714775, 0.10968029196374118, 0.12587295903358608, 0.13496612501330674]","[""converged"", ""converged"", ""converged"", ""converged"", ""converged"", ""converged"", ""converged"", ""converged""]",1.2709366771539836,0.6992314430658553,True,converged,0.059204583056271076,0,"[0, 0, 0, 0, 0, 0, 0, 0]","[1.1583906598389149e-05, 0.00012437498662620783, 0.0001224169973284006, 0.00016395794227719307, 0.00021962495520710945, 0.0002448749728500843, 0.0003072499530389905, 0.00037295802030712366]",1.283068750398439,1.2709074506381177,0.7017402852339624,0.03563235654794471,0.07905743509076875,True,13.0,13.0
8,35,200,True,converged,1.7430205420823768,9,"[0, 3, 1, 1, 1, 1, 1, 1]","[0.018402375048026443, 1.0846603329991922, 0.06395366694778204, 0.07835520803928375, 0.09445358405355364, 0.10926649998873472, 0.12511091702617705, 0.15566558297723532]","[""converged"", ""converged"", ""converged"", ""converged"", ""converged"", ""converged"", ""converged"", ""converged""]",1.2555048613179427,0.4995283968490227,True,converged,0.06258699996396899,1,"[0, 1, 0, 0, 0, 0, 0, 0]","[1.6916892491281033e-05, 0.0006417080294340849, 0.00017920800019055605, 0.0002170829102396965, 0.00025100004859268665, 0.00030437507666647434, 0.0003625419922173023, 0.0004146250430494547]",1.267442741078471,1.255511540935283,0.5007026727559433,0.03514743475038487,0.09038663225871121,True,14.0,14.0
8,36,200,True,converged,10.99446558393538,13,"[0, 3, 1, 5, 1, 1, 1, 1]","[0.019202709081582725, 0.34687787503935397, 0.06449241610243917, 10.077670915983617, 0.09403374989051372, 0.10966866707894951, 0.12528904201462865, 0.14104579202830791]","[""converged"", ""converged"", ""converged"", ""converged"", ""converged"", ""converged"", ""converged"", ""converged""]",0.9028250608969591,0.5000000388545387,True,converged,0.06208554201293737,3,"[0, 1, 0, 2, 0, 0, 0, 0]","[1.2165983207523823e-05, 0.0006084580672904849, 0.00016866694204509258, 0.002185540972277522, 0.00035562494304031134, 0.0003797499230131507, 0.00045599997974932194, 0.0004697920521721244]",0.9115015282049931,0.9029196961766769,0.5000035531470767,0.032549083752437605,0.07375256628548828,True,14.0,14.0
8,37,200,True,converged,1.0834179170196876,10,"[0, 2, 2, 1, 2, 1, 1, 1]","[0.01898620801512152, 0.1418978750007227, 0.17822000000160187, 0.07978850009385496, 0.2803113750414923, 0.1101022920338437, 0.12236541707534343, 0.13833862508181483]","[""converged"", ""converged"", ""converged"", ""converged"", ""converged"", ""converged"", ""converged"", ""converged""]",2.073306843417042,0.5000000000000004,True,converged,0.06211141694802791,3,"[0, 1, 1, 0, 1, 0, 0, 0]","[1.0834075510501862e-05, 0.0005895830690860748, 0.0007230410119518638, 0.00026362494099885225, 0.0010779589647427201, 0.00038037507329136133, 0.00045175000559538603, 0.0005047499435022473]",2.0930996909613406,2.073299476963992,0.5000009294393412,0.04574992752719471,0.10028161758416555,True,18.0,18.0
8,38,200,True,converged,0.6962826669914648,7,"[0, 1, 1, 1, 1, 1, 1, 1]","[0.018430916941724718, 0.04803475004155189, 0.06455129093956202, 0.07903187500778586, 0.0954462920781225, 0.10961091599892825, 0.12590545893181115, 0.1411327919922769]","[""converged"", ""converged"", ""converged"", ""converged"", ""converged"", ""converged"", ""converged"", ""converged""]",1.9507306822193877,0.8596218178674556,True,converged,0.059152709087356925,0,"[0, 0, 0, 0, 0, 0, 0, 0]","[1.2333039194345474e-05, 0.00013316597323864698, 0.00015504099428653717, 0.00017779204063117504, 0.00021674996241927147, 0.0002687079831957817, 0.0003143749199807644, 0.0003680840600281954]",1.9693519148443595,1.9506858231306086,0.8579823212478538,0.044144972068377045,0.0910646644792208,True,19.0,19.0
8,39,200,True,converged,0.7168558749835938,7,"[0, 1, 1, 1, 1, 1, 1, 1]","[0.018707417068071663, 0.04805304203182459, 0.06376375001855195, 0.07910412503406405, 0.09353616693988442, 0.1099199999589473, 0.12636416708119214, 0.16305695904884487]","[""converged"", ""converged"", ""converged"", ""converged"", ""converged"", ""converged"", ""converged"", ""converged""]",0.9048433941813574,0.7154176460292863,True,converged,0.062201582943089306,0,"[0, 0, 0, 0, 0, 0, 0, 0]","[1.9000028260052204e-05, 0.00016125000547617674, 0.00012949993833899498, 0.00015279196668416262, 0.0002174580004066229, 0.000274666934274137, 0.00030479091219604015, 0.00034454104024916887]",0.9134808239843535,0.9048225863627692,0.7157876507030422,0.03006556011157701,0.07770647622685826,True,9.0,9.0
8,40,200,True,converged,0.7050844159675762,7,"[0, 1, 1, 1, 1, 1, 1, 1]","[0.02143291593529284, 0.050185541971586645, 0.06414549995679408, 0.07703874993603677, 0.0939354170113802, 0.10821558395400643, 0.1276967499870807, 0.14428633300121874]","[""converged"", ""converged"", ""converged"", ""converged"", ""converged"", ""converged"", ""converged"", ""converged""]",1.2764239499356256,0.8592690006733333,True,converged,0.060308167012408376,0,"[0, 0, 0, 0, 0, 0, 0, 0]","[1.7291982658207417e-05, 0.00014191691298037767, 0.00013641698751598597, 0.00017145799938589334, 0.00022954109590500593, 0.0002732500433921814, 0.0003255420597270131, 0.00036399997770786285]",1.2886084034414238,1.276394597234193,0.8582968337083055,0.03570919510086147,0.08322914844375452,True,16.0,16.0
8,41,200,True,converged,0.6917217499576509,7,"[0, 1, 1, 1, 1, 1, 1, 1]","[0.019462333992123604, 0.04854895907919854, 0.06486308295279741, 0.07992416596971452, 0.0949796250788495, 0.10627999994903803, 0.12377370800822973, 0.1368051249301061]","[""converged"", ""converged"", ""converged"", ""converged"", ""converged"", ""converged"", ""converged"", ""converged""]",0.9367973005123889,0.5796985200734169,True,converged,0.06050379201769829,0,"[0, 0, 0, 0, 0, 0, 0, 0]","[2.0042061805725098e-05, 0.00015666603576391935, 0.00013541604857891798, 0.00017091690097004175, 0.00022362498566508293, 0.00024937500711530447, 0.00030387495644390583, 0.0003547499654814601]",0.9457397550573904,0.9367757578803613,0.5843301349242663,0.030591826268396353,0.08659824511890436,True,17.0,17.0
8,42,200,True,converged,1.081826249952428,12,"[0, 5, 2, 1, 1, 1, 1, 1]","[0.01899474998936057, 0.33321604190859944, 0.17363733297679573, 0.07911183394026011, 0.09252320788800716, 0.10625541699118912, 0.12199258303735405, 0.14202766702510417]","[""converged"", ""converged"", ""converged"", ""converged"", ""converged"", ""converged"", ""converged"", ""converged""]",1.5729715734330127,0.5,True,converged,0.06269658298697323,2,"[0, 1, 1, 0, 0, 0, 0, 0]","[1.4999997802078724e-05, 0.0006042090244591236, 0.0006812920328229666, 0.00025391695089638233, 0.00029312504921108484, 0.0003612920409068465, 0.00039304199162870646, 0.00046958308666944504]",1.5880603943617353,1.5729557088227555,0.5005183190499736,0.039643717282450176,0.09455003106063115,True,14.0,14.0
8,43,200,True,converged,0.775440291967243,8,"[0, 2, 1, 1, 1, 1, 1, 1]","[0.02015070803463459, 0.12571975006721914, 0.06469770893454552, 0.07932174997404218, 0.10539504198823124, 0.10473383299540728, 0.12362687499262393, 0.13595641602296382]","[""converged"", ""converged"", ""converged"", ""converged"", ""converged"", ""converged"", ""converged"", ""converged""]",1.7647751214132705,0.49999999999999994,True,converged,0.06541475001722574,1,"[0, 1, 0, 0, 0, 0, 0, 0]","[1.808407250791788e-05, 0.000635207979939878, 0.00022445793729275465, 0.00028270797338336706, 0.0003584160003811121, 0.00046145799569785595, 0.00047508394345641136, 0.0005551669746637344]",1.7816411405920727,1.7647429924808724,0.5059937669694058,0.04255520619134088,0.10136743510063727,True,16.0,16.0
8,44,200,True,converged,0.7329023750498891,8,"[0, 2, 1, 1, 1, 1, 1, 1]","[0.01927641697693616, 0.08459599991329014, 0.06352320895530283, 0.07904995803255588, 0.09482629201374948, 0.111575165996328, 0.12366979196667671, 0.13964095793198794]","[""converged"", ""converged"", ""converged"", ""converged"", ""converged"", ""converged"", ""converged"", ""converged""]",0.5681665750940651,0.49961424389884945,True,converged,0.06500870792660862,1,"[0, 1, 0, 0, 0, 0, 0, 0]","[1.3582990504801273e-05, 0.000632000039331615, 0.000220458023250103, 0.00027291697915643454, 0.0003409580094739795, 0.00042287493124604225, 0.00044362503103911877, 0.0005119170527905226]",0.5735898989900583,0.568154193485031,0.5001051217286911,0.023806591292365474,0.06257946044755368,True,8.0,8.0
8,45,200,True,converged,0.8109133749967441,9,"[0, 3, 1, 1, 1, 1, 1, 1]","[0.018572666915133595, 0.16113337490241975, 0.06498270796146244, 0.0803285000147298, 0.09589162503834814, 0.11026374995708466, 0.12720049999188632, 0.13965791696682572]","[""converged"", ""converged"", ""converged"", ""converged"", ""converged"", ""converged"", ""converged"", ""converged""]",0.876249442488843,0.5000000425689961,True,converged,0.06462154199834913,1,"[0, 1, 0, 0, 0, 0, 0, 0]","[1.3125012628734112e-05, 0.0006012080702930689, 0.00017212505917996168, 0.00022504106163978577, 0.000264541944488883, 0.00031949998810887337, 0.0003624999662861228, 0.0004024580121040344]",0.8846812821766965,0.8762937542701995,0.500009860023013,0.029585246215320493,0.07191422135743224,True,18.0,18.0
8,46,200,True,converged,3.6619429999263957,12,"[0, 4, 3, 1, 1, 1, 1, 1]","[0.01845570805016905, 2.613255374948494, 0.46852495800703764, 0.07746391696855426, 0.09375950007233769, 0.10975241707637906, 0.12534716702066362, 0.14084670902229846]","[""converged"", ""converged"", ""converged"", ""converged"", ""converged"", ""converged"", ""converged"", ""converged""]",1.4666834392811388,0.5000177734771711,True,converged,0.06253899994771928,2,"[0, 1, 1, 0, 0, 0, 0, 0]","[1.4374963939189911e-05, 0.000673208967782557, 0.0006967080989852548, 0.00025275000371038914, 0.00032341701444238424, 0.00037566700484603643, 0.0003993749851360917, 0.000446291989646852]",1.4812966537952168,1.4667800897616758,0.5001386756390033,0.04081998962852377,0.07600152057577482,True,17.0,17.0
8,47,200,True,converged,0.9495301250135526,9,"[0, 2, 1, 2, 1, 1, 1, 1]","[0.019323332933709025, 0.15086116606835276, 0.06212437502108514, 0.22734137496445328, 0.09545587503816932, 0.11066616699099541, 0.12599766708444804, 0.14060537505429238]","[""converged"", ""converged"", ""converged"", ""converged"", ""converged"", ""converged"", ""converged"", ""converged""]",0.8392922058439121,0.4995269954774371,True,converged,0.06459658301901072,2,"[0, 1, 0, 1, 0, 0, 0, 0]","[1.579208765178919e-05, 0.0006258339853957295, 0.00016112509183585644, 0.0008937499951571226, 0.0003047500504180789, 0.000360167003236711, 0.00040258397348225117, 0.0004373750416561961]",0.8472782862657323,0.8392781114615719,0.5000757674750683,0.02866553837031391,0.0561966228916674,True,16.0,16.0
8,48,200,True,converged,0.8482927500735968,8,"[0, 2, 1, 1, 1, 1, 1, 1]","[0.019033791963011026, 0.20594891696237028, 0.0641075000166893, 0.0771676660515368, 0.09323979099281132, 0.10811825003474951, 0.1259604999795556, 0.1409397500101477]","[""converged"", ""converged"", ""converged"", ""converged"", ""converged"", ""converged"", ""converged"", ""converged""]",0.9508736240020479,0.49957789978327405,True,converged,0.06093941594008356,1,"[0, 1, 0, 0, 0, 0, 0, 0]","[1.6832957044243813e-05, 0.0006211670115590096, 0.0002514580264687538, 0.00023195892572402954, 0.00027004105504602194, 0.0003071250393986702, 0.00036820804234594107, 0.0003687500720843673]",0.9599636496525599,0.950867547795489,0.5001251140888119,0.03153657552573021,0.07923905709056744,True,13.0,13.0
8,49,200,True,converged,0.8390721670584753,9,"[0, 3, 1, 1, 1, 1, 1, 1]","[0.019285124959424138, 0.19335987500380725, 0.06334875000175089, 0.07861979200970381, 0.09152000001631677, 0.10953725001309067, 0.12551045801956207, 0.14232724998146296]","[""converged"", ""converged"", ""converged"", ""converged"", ""converged"", ""converged"", ""converged"", ""converged""]",1.3622769770737981,0.5000080538027543,True,converged,0.06324304197914898,1,"[0, 1, 0, 0, 0, 0, 0, 0]","[1.1541997082531452e-05, 0.0006457499694079161, 0.00017150002531707287, 0.00021254201419651508, 0.000250832992605865, 0.0003179999766871333, 0.00035558303352445364, 0.0004117919597774744]",1.3758064928174176,1.3623187735260713,0.500744210551122,0.0369159990440271,0.0818274259042107,True,17.0,17.0
10,0,200,True,converged,2.3072560420259833,12,"[0, 3, 1, 2, 1, 1, 1, 1, 1, 1]","[0.01924766693264246, 1.1035807080334052, 0.06406525010243058, 0.29707529197912663, 0.0982990829506889, 0.11459229094907641, 0.12526958296075463, 0.13976079097483307, 0.156384207890369, 0.166530332993716]","[""converged"", ""converged"", ""converged"", ""converged"", ""converged"", ""converged"", ""converged"", ""converged"", ""converged"", ""converged""]",2.100632103409454,0.49955820333189177,True,converged,0.08202520792838186,2,"[0, 1, 0, 1, 0, 0, 0, 0, 0, 0]","[1.1375057511031628e-05, 0.0006142080528661609, 0.0001663339789956808, 0.0008425000123679638, 0.00031433405820280313, 0.00035216694232076406, 0.0004018329782411456, 0.00046558293979614973, 0.0004973340546712279, 0.0005177079001441598]",2.1207346469521995,2.100642982751893,0.5000520012969966,0.046829896524316766,0.10082930588705652,True,24.0,24.0
10,1,200,True,converged,1.0818580420454964,10,"[0, 2, 1, 1, 1, 1, 1, 1, 1, 1]","[0.01855687506031245, 0.11640587507281452, 0.06490829191170633, 0.07900016603525728, 0.09485704102553427, 0.10869983304291964, 0.12419829203281552, 0.14154170802794397, 0.14814920898061246, 0.16487766697537154]","[""converged"", ""converged"", ""converged"", ""converged"", ""converged"", ""converged"", ""converged"", ""converged"", ""converged"", ""converged""]",1.0746290786960424,0.5000287205828824,True,converged,0.08179883391130716,1,"[0, 1, 0, 0, 0, 0, 0, 0, 0, 0]","[1.4290912076830864e-05, 0.0006059169536456466, 0.00017491693142801523, 0.00022625003475695848, 0.0002497918903827667, 0.0003235840704292059, 0.000366249936632812, 0.0004165420541539788, 0.00041862495709210634, 0.00046716700308024883]",1.0848968104679173,1.074605866929958,0.5032999326482309,0.03431580262722079,0.07413067634243004,True,13.0,13.0
10,2,200,True,converged,1.6849093749187887,13,"[0, 3, 1, 1, 3, 1, 1, 1, 1, 1]","[0.018943666946142912, 0.31622425001114607, 0.06467116600833833, 0.07894887495785952, 0.48457683296874166, 0.10990616690833122, 0.12502887495793402, 0.14174012502189726, 0.1566114170709625, 0.1669912920333445]","[""converged"", ""converged"", ""converged"", ""converged"", ""converged"", ""converged"", ""converged"", ""converged"", ""converged"", ""converged""]",0.9157257934932572,0.500000655395884,True,converged,0.08123649994377047,2,"[0, 1, 0, 0, 1, 0, 0, 0, 0, 0]","[1.1874944902956486e-05, 0.0006394169759005308, 0.00016766705084592104, 0.00021037505939602852, 0.0010181249817833304, 0.0003457920392975211, 0.00039566599298268557, 0.0004710840294137597, 0.0005139169516041875, 0.0005545419408008456]",0.9246821421662342,0.9157231642429309,0.5004789436847346,0.032929796282304066,0.08577409886879231,True,25.0,25.0
10,3,200,False,rank_osqp_failed,5.132814500015229,15,"[0, 0, 3, 3, 1, 3, 1, 2, 1, 1]","[0.01852766703814268, 2.542085957946256, 0.543155207997188, 0.4509575410047546, 0.09638604091014713, 0.5910711670294404, 0.12677829200401902, 0.4296835829736665, 0.1486252499744296, 0.16444854100700468]","[""converged"", ""osqp_failed"", ""converged"", ""converged"", ""converged"", ""converged"", ""converged"", ""converged"", ""converged"", ""converged""]",1.4732679191758542,0.02872508559168249,True,converged,0.08541237493045628,5,"[0, 1, 1, 1, 0, 1, 0, 1, 0, 0]","[2.225011121481657e-05, 0.0006209590937942266, 0.0007452080026268959, 0.0009583330247551203, 0.0003439580323174596, 0.0012879169080406427, 0.00046845804899930954, 0.0017758330795913935, 0.0006829589838162065, 0.0007192910416051745]",1.4930207639766517,1.4788368011520372,0.5002247551451714,,,,,
10,4,200,True,converged,1.3899596669944003,12,"[0, 3, 2, 1, 1, 1, 1, 1, 1, 1]","[0.019083624938502908, 0.330143874976784, 0.15282525005750358, 0.07802779192570597, 0.09072229103185236, 0.10805766703560948, 0.12373904208652675, 0.14453112508635968, 0.152050125063397, 0.17009549995418638]","[""converged"", ""converged"", ""converged"", ""converged"", ""converged"", ""converged"", ""converged"", ""converged"", ""converged"", ""converged""]",1.816879167787285,0.5000000000000047,True,converged,0.08171658404171467,2,"[0, 1, 1, 0, 0, 0, 0, 0, 0, 0]","[1.8625054508447647e-05, 0.0006497920257970691, 0.0007116249762475491, 0.00026841601356863976, 0.0002900419058278203, 0.0003617090405896306, 0.0004154579946771264, 0.00045587506610900164, 0.0005031669279560447, 0.0005264170467853546]",1.834313511128762,1.8169497367847955,0.5005758937773465,0.044278691758482494,0.10096593281363947,True,26.0,26.0
10,5,200,True,converged,3.8472909999545664,12,"[0, 4, 1, 1, 1, 1, 1, 1, 1, 1]","[0.019192834035493433, 2.874479625024833, 0.06466145906597376, 0.07884791598189622, 0.0908833749126643, 0.10853204200975597, 0.12237737502437085, 0.1385171669535339, 0.15689137496519834, 0.17183100001420826]","[""converged"", ""converged"", ""converged"", ""converged"", ""converged"", ""converged"", ""converged"", ""converged"", ""converged"", ""converged""]",1.1935772111623815,0.5000000616058508,True,converged,0.08064154093153775,1,"[0, 1, 0, 0, 0, 0, 0, 0, 0, 0]","[2.058397512882948e-05, 0.0006068340735509992, 0.0001854579895734787, 0.000213540974073112, 0.0002780830254778266, 0.000327165937051177, 0.00037479191087186337, 0.0004128339933231473, 0.000484999967738986, 0.000496292021125555]",1.2050508610924398,1.1935597082120726,0.5001609555602159,0.03739513118841954,0.09622693486607212,True,16.0,16.0
10,6,200,True,converged,1.0293482089182362,9,"[0, 1, 1, 1, 1, 1, 1, 1, 1, 1]","[0.019295041100122035, 0.048147084075026214, 0.06309241708368063, 0.07750295905862004, 0.09629962500184774, 0.10909495910163969, 0.12346066592726856, 0.14247020799666643, 0.15678454202134162, 0.1723332080291584]","[""converged"", ""converged"", ""converged"", ""converged"", ""converged"", ""converged"", ""converged"", ""converged"", ""converged"", ""converged""]",1.5218706535675426,0.5637906236750947,True,converged,0.07854970905464143,0,"[0, 0, 0, 0, 0, 0, 0, 0, 0, 0]","[2.095801755785942e-05, 0.00015604204963892698, 0.00013987510465085506, 0.00017366709653288126, 0.00021612504497170448, 0.00026037509087473154, 0.00031050003599375486, 0.00033929094206541777, 0.000407584011554718, 0.0004705000901594758]",1.536398085633642,1.521835656562891,0.5630132846906276,0.041228635671770555,0.09247648069621077,True,17.0,17.0
10,7,200,True,converged,1.4359480000566691,12,"[0, 3, 2, 1, 1, 1, 1, 1, 1, 1]","[0.01853333308827132, 0.17243387491907924, 0.3516498750541359, 0.07933695800602436, 0.09351741697173566, 0.11014862498268485, 0.12552024994511157, 0.13877041707746685, 0.15470504201948643, 0.16945083404425532]","[""converged"", ""converged"", ""converged"", ""converged"", ""converged"", ""converged"", ""converged"", ""converged"", ""converged"", ""converged""]",1.5451637961853761,0.500023111119239,True,converged,0.08337474998552352,2,"[0, 1, 1, 0, 0, 0, 0, 0, 0, 0]","[1.7541926354169846e-05, 0.0006114169955253601, 0.0007375000277534127, 0.0002603749744594097, 0.00030833296477794647, 0.0003572080750018358, 0.0003989168908447027, 0.0005008750595152378, 0.0004917499609291553, 0.000573459081351757]",1.5598835359178862,1.545154408083624,0.5000970134186726,0.03997848459387931,0.11003319231759805,True,21.0,21.0
10,8,200,True,converged,1.221549000008963,11,"[0, 3, 1, 1, 1, 1, 1, 1, 1, 1]","[0.019247040967456996, 0.2452509170398116, 0.0645231669768691, 0.07878954196348786, 0.0912332080770284, 0.10578466602601111, 0.12362337508238852, 0.14025904098525643, 0.1562708750134334, 0.1753956670872867]","[""converged"", ""converged"", ""converged"", ""converged"", ""converged"", ""converged"", ""converged"", ""converged"", ""converged"", ""converged""]",1.4631970966202612,0.5000006849638735,True,converged,0.08110049995593727,1,"[0, 1, 0, 0, 0, 0, 0, 0, 0, 0]","[2.0915991626679897e-05, 0.0006437080446630716, 0.00018945802003145218, 0.00020191597286611795, 0.0002702500205487013, 0.00028675002977252007, 0.00032504100818187, 0.00043112505227327347, 0.0004908749833703041, 0.0005193750839680433]",1.4774385136959407,1.4632525893752004,0.5005421363969758,0.039751167988764935,0.09488320130072501,True,19.0,19.0
10,9,200,False,rank_osqp_failed,6.443371374974959,13,"[0, 3, 3, 1, 0, 2, 1, 1, 1, 1]","[0.019210792030207813, 0.1959509999724105, 0.9211789999390021, 0.07895333401393145, 4.268307666992769, 0.3568073339993134, 0.12582283304072917, 0.14021216705441475, 0.1487795829307288, 0.16624854202382267]","[""converged"", ""converged"", ""converged"", ""converged"", ""osqp_failed"", ""converged"", ""converged"", ""converged"", ""converged"", ""converged""]",1.9583222687818203,0.08363616999428927,True,converged,0.08453837502747774,4,"[0, 1, 1, 0, 1, 1, 0, 0, 0, 0]","[1.9541941583156586e-05, 0.0006335839862003922, 0.000759249902330339, 0.00026179105043411255, 0.0010973330354318023, 0.001324875047430396, 0.0005009999731555581, 0.0005347909172996879, 0.0005835409974679351, 0.0006187499966472387]",1.9812481870225531,1.9629066704653846,0.5000260239144533,,,,,
10,10,200,True,converged,2.1142812080215663,13,"[0, 3, 1, 2, 2, 1, 1, 1, 1, 1]","[0.019097667071036994, 0.705180749995634, 0.06238808296620846, 0.3478166250279173, 0.26973587495740503, 0.11016087501775473, 0.11991308303549886, 0.13440575008280575, 0.15294558403547853, 0.17093775002285838]","[""converged"", ""converged"", ""converged"", ""converged"", ""converged"", ""converged"", ""converged"", ""converged"", ""converged"", ""converged""]",1.241706967537078,0.4999999999999979,True,converged,0.08288504194933921,3,"[0, 1, 0, 1, 1, 0, 0, 0, 0, 0]","[1.929106656461954e-05, 0.0006287080468609929, 0.00017858296632766724, 0.0008740830235183239, 0.0011685839854180813, 0.00039725005626678467, 0.00043162505608052015, 0.0004926669644191861, 0.0005347089609131217, 0.0006659580394625664]",1.2535585762200823,1.2417017204252763,0.5001967157277486,0.0373402585686116,0.09046860562833034,True,12.0,12.0
10,11,200,True,converged,1.0206691670464352,9,"[0, 1, 1, 1, 1, 1, 1, 1, 1, 1]","[0.019020124920643866, 0.048765999963507056, 0.06450195901561528, 0.0791390840895474, 0.09293737506959587, 0.10732287506107241, 0.11949783307500184, 0.13799966592341661, 0.15724337508436292, 0.17306766600813717]","[""converged"", ""converged"", ""converged"", ""converged"", ""converged"", ""converged"", ""converged"", ""converged"", ""converged"", ""converged""]",1.3182639872833048,0.9904593001117736,True,converged,0.08338154200464487,0,"[0, 0, 0, 0, 0, 0, 0, 0, 0, 0]","[1.8000020645558834e-05, 0.00014883396215736866, 0.00012570898979902267, 0.00017775001469999552, 0.0002090830821543932, 0.00028595805633813143, 0.0003269580192863941, 0.0003576249582692981, 0.00039683294016867876, 0.0004416659940034151]",1.3308478362954077,1.3182336724265287,0.9901644099462432,0.03837172172052905,0.0991653743300616,True,20.0,20.0
10,12,200,True,converged,1.3501397499348968,10,"[0, 2, 1, 1, 1, 1, 1, 1, 1, 1]","[0.01901720801834017, 0.3703276669839397, 0.06227670796215534, 0.07805354206357151, 0.09385937510523945, 0.1108514170628041, 0.1290302500128746, 0.1410810420056805, 0.155129500082694, 0.16889437509234995]","[""converged"", ""converged"", ""converged"", ""converged"", ""converged"", ""converged"", ""converged"", ""converged"", ""converged"", ""converged""]",2.0205949238681784,0.5000000000000024,True,converged,0.08109470910858363,1,"[0, 1, 0, 0, 0, 0, 0, 0, 0, 0]","[1.3582990504801273e-05, 0.0006319580134004354, 0.00020104192662984133, 0.0002482080599293113, 0.00029562506824731827, 0.00030637497548013926, 0.00039058399852365255, 0.00040562497451901436, 0.0004484170349314809, 0.0005017080111429095]",2.039764402622513,2.020548467186949,0.5002084653054537,0.047594802204445896,0.10693472562410969,True,29.0,29.0
10,13,200,False,rank_osqp_failed,6.211786041036248,13,"[0, 1, 3, 0, 2, 3, 1, 1, 1, 1]","[0.018486374989151955, 0.04785416601225734, 0.6964285420253873, 3.759010500041768, 0.2659245830727741, 0.8246629580389708, 0.12530824996065348, 0.13482791697606444, 0.14990099996794015, 0.16907983308192343]","[""converged"", ""converged"", ""converged"", ""osqp_failed"", ""converged"", ""converged"", ""converged"", ""converged"", ""converged"", ""converged""]",1.5242137683695685,0.1041726322048378,True,converged,0.09002558304928243,5,"[0, 0, 1, 2, 1, 1, 0, 0, 0, 0]","[1.0875053703784943e-05, 0.00012458302080631256, 0.0006918750004842877, 0.002535542007535696, 0.001131374971009791, 0.001404082984663546, 0.0005654999986290932, 0.0005666669458150864, 0.0006318340310826898, 0.000736124929971993]",1.5461722404856084,1.53144619198661,0.5002491936619844,,,,,
10,14,200,True,converged,1.1710059579927474,10,"[0, 2, 1, 1, 1, 1, 1, 1, 1, 1]","[0.01927924994379282, 0.20191833295393735, 0.06428074999712408, 0.07880745898000896, 0.09079924994148314, 0.10595237498637289, 0.12064879096578807, 0.1401954999892041, 0.15544158301781863, 0.17236108309589326]","[""converged"", ""converged"", ""converged"", ""converged"", ""converged"", ""converged"", ""converged"", ""converged"", ""converged"", ""converged""]",1.49100600991183,0.5000077844105005,True,converged,0.08789587498176843,1,"[0, 1, 0, 0, 0, 0, 0, 0, 0, 0]","[1.7166021279990673e-05, 0.0006607499672099948, 0.000230959034524858, 0.00029579096008092165, 0.0003317079972475767, 0.00042216700967401266, 0.0005718340398743749, 0.000607708003371954, 0.0006624161032959819, 0.0008323329966515303]",1.505247540474987,1.4909765642423989,0.510706237715646,0.042236408963690145,0.1116817064859441,True,26.0,26.0
10,15,200,True,converged,1.0304310839856043,9,"[0, 1, 1, 1, 1, 1, 1, 1, 1, 1]","[0.019201167044229805, 0.04871624999213964, 0.06412908295169473, 0.07841012498829514, 0.0931179589824751, 0.10773212497588247, 0.12415470904670656, 0.1416087499819696, 0.15543299994897097, 0.17152179195545614]","[""converged"", ""converged"", ""converged"", ""converged"", ""converged"", ""converged"", ""converged"", ""converged"", ""converged"", ""converged""]",0.9003544698598125,0.6655596513296167,True,converged,0.08012874994892627,0,"[0, 0, 0, 0, 0, 0, 0, 0, 0, 0]","[1.4042016118764877e-05, 0.0001527499407529831, 0.00013175001367926598, 0.00017025007400661707, 0.00021091604139655828, 0.00027550000231713057, 0.00029629096388816833, 0.0003434170503169298, 0.0003831250360235572, 0.00046437501441687346]",0.908949049409419,0.9003337652687253,0.6679260658684272,0.031711505068345726,0.06916082490060525,True,20.0,20.0
10,16,200,True,converged,1.7017212499631569,13,"[0, 3, 2, 1, 2, 1, 1, 1, 1, 1]","[0.01857341593131423, 0.16310004191473126, 0.3202221250394359, 0.0796462920261547, 0.40127329202368855, 0.10500724997837096, 0.12638770800549537, 0.13823495898395777, 0.15564750006888062, 0.17229300003964454]","[""converged"", ""converged"", ""converged"", ""converged"", ""converged"", ""converged"", ""converged"", ""converged"", ""converged"", ""converged""]",1.0312606251831675,0.5000005045581566,True,converged,0.08425616705790162,4,"[0, 1, 2, 0, 1, 0, 0, 0, 0, 0]","[2.0042061805725098e-05, 0.0005732499994337559, 0.0016372500685974956, 0.00031170889269560575, 0.001256040995940566, 0.0004687919281423092, 0.0004929159767925739, 0.0005285419756546617, 0.0005801670486107469, 0.0006330410251393914]",1.0406454208460638,1.0313241437783167,0.5000143808845865,0.03183669812735648,0.07847803425236602,True,17.0,17.0
10,17,200,True,converged,1.091632583993487,10,"[0, 2, 1, 1, 1, 1, 1, 1, 1, 1]","[0.019826667034067214, 0.12515870796050876, 0.058098374982364476, 0.07678524998482317, 0.09112320793792605, 0.10666687495540828, 0.1242461659712717, 0.13965429202653468, 0.15622274996712804, 0.17225245805457234]","[""converged"", ""converged"", ""converged"", ""converged"", ""converged"", ""converged"", ""converged"", ""converged"", ""converged"", ""converged""]",1.056219688328822,0.5000771156981246,True,converged,0.07997570896986872,1,"[0, 1, 0, 0, 0, 0, 0, 0, 0, 0]","[1.7124926671385765e-05, 0.0006563329370692372, 0.00017795793246477842, 0.00022725004237145185, 0.0002557080006226897, 0.00032074993941932917, 0.0003671660088002682, 0.00041787500958889723, 0.0004942910745739937, 0.0004886670503765345]",1.0663540037778951,1.0562554556109276,0.500065427676871,0.03532011692739763,0.08248951037931039,True,23.0,23.0
10,18,200,True,converged,1.0203422090271488,9,"[0, 1, 1, 1, 1, 1, 1, 1, 1, 1]","[0.01845158403739333, 0.046593750012107193, 0.062138125067576766, 0.07625904201995581, 0.09201591601595283, 0.1094035831047222, 0.12588016700465232, 0.14191795804072171, 0.15686454204842448, 0.16943187511060387]","[""converged"", ""converged"", ""converged"", ""converged"", ""converged"", ""converged"", ""converged"", ""converged"", ""converged"", ""converged""]",1.355306960340038,0.7324831108600731,True,converged,0.07872291700914502,0,"[0, 0, 0, 0, 0, 0, 0, 0, 0, 0]","[1.13749410957098e-05, 0.00011799996718764305, 0.0001314160181209445, 0.00016895798034965992, 0.0002079999540001154, 0.0002545409370213747, 0.0002891670446842909, 0.00037004193291068077, 0.00036520801950246096, 0.0004790410166606307]",1.3682444131708007,1.35527579364142,0.7356489149477561,0.038907105852921134,0.09669060757675839,True,15.0,15.0
10,19,200,True,converged,5.341744541074149,13,"[0, 5, 1, 1, 1, 1, 1, 1, 1, 1]","[0.018601124989800155, 4.359488624962978, 0.06512124999426305, 0.07975487504154444, 0.09442279196809977, 0.11022387503180653, 0.12681720894761384, 0.13898120808880776, 0.1542366249486804, 0.1686066670808941]","[""converged"", ""converged"", ""converged"", ""converged"", ""converged"", ""converged"", ""converged"", ""converged"", ""converged"", ""converged""]",1.8251229561830256,0.5000527620188582,True,converged,0.08318425004836172,1,"[0, 1, 0, 0, 0, 0, 0, 0, 0, 0]","[1.7459038645029068e-05, 0.0007210419280454516, 0.0001745839836075902, 0.0002144169993698597, 0.0002607919741421938, 0.000299417064525187, 0.00036041601561009884, 0.00041566696017980576, 0.00047149998135864735, 0.000563542009331286]",1.8417242293925913,1.825087413033975,0.500028101812454,0.04531283515131224,0.1000116806935587,True,25.0,25.0
10,20,200,True,converged,1.0276342089055106,9,"[0, 1, 1, 1, 1, 1, 1, 1, 1, 1]","[0.019739291979931295, 0.050341791938990355, 0.06568050000350922, 0.07924895908217877, 0.09473095799330622, 0.10826808295678347, 0.12453904200810939, 0.13840816705487669, 0.15284420899115503, 0.1731087079970166]","[""converged"", ""converged"", ""converged"", ""converged"", ""converged"", ""converged"", ""converged"", ""converged"", ""converged"", ""converged""]",1.7678667077838703,0.5247031828866157,True,converged,0.07935545896179974,0,"[0, 0, 0, 0, 0, 0, 0, 0, 0, 0]","[1.9959057681262493e-05, 0.00015887501649558544, 0.0001367080258205533, 0.0001727920025587082, 0.00022833305411040783, 0.000283458037301898, 0.0003244999097660184, 0.00035574997309595346, 0.00038350000977516174, 0.00046091608237475157]",1.7847423623863463,1.7678260538431105,0.5242962841965291,0.044435989026618564,0.09411414518590215,True,17.0,17.0
10,21,200,True,converged,1.3352192919701338,10,"[0, 2, 1, 1, 1, 1, 1, 1, 1, 1]","[0.019128000014461577, 0.3650614160578698, 0.061959292041137815, 0.07679791701957583, 0.09415066707879305, 0.10781104199122638, 0.124533333000727, 0.14046399993821979, 0.15642216696869582, 0.16816866607405245]","[""converged"", ""converged"", ""converged"", ""converged"", ""converged"", ""converged"", ""converged"", ""converged"", ""converged"", ""converged""]",0.9553332097753839,0.5000071487871381,True,converged,0.08016904105897993,1,"[0, 1, 0, 0, 0, 0, 0, 0, 0, 0]","[1.1665979400277138e-05, 0.0005856669740751386, 0.00017920800019055605, 0.00021629210095852613, 0.00026720890309661627, 0.000315292039886117, 0.00035758293233811855, 0.00040733302012085915, 0.0004292920930311084, 0.0004761249292641878]",0.964499284563978,0.9553304594655435,0.5001695722772214,0.03337677247900905,0.08642522477813797,True,24.0,24.0
10,22,200,True,converged,5.011059166048653,14,"[0, 3, 1, 2, 1, 3, 1, 1, 1, 1]","[0.019243957940489054, 0.18509766703937203, 0.06403775000944734, 0.3427245829952881, 0.09298991702962667, 3.7022143750218675, 0.12410891696345061, 0.13945812499150634, 0.15416920906864107, 0.16357654088642448]","[""converged"", ""converged"", ""converged"", ""converged"", ""converged"", ""converged"", ""converged"", ""converged"", ""converged"", ""converged""]",1.6627675121314118,0.5000030124747813,True,converged,0.08311354101169854,3,"[0, 1, 0, 1, 0, 1, 0, 0, 0, 0]","[1.0041985660791397e-05, 0.0006267079152166843, 0.00017437501810491085, 0.0008512079948559403, 0.00030149996746331453, 0.0012269580038264394, 0.00043524999637156725, 0.0004969170549884439, 0.0005296249873936176, 0.0005728340474888682]",1.6795348105345238,1.6628247984602251,0.5000964175255354,0.04252935110895538,0.09054603564603847,True,19.0,19.0
10,23,200,True,converged,3.0210449579171836,14,"[0, 3, 1, 4, 1, 1, 1, 1, 1, 1]","[0.01951095904223621, 1.6300179590471089, 0.06235612498130649, 0.501481750048697, 0.094130291021429, 0.1112769580213353, 0.12541812495328486, 0.13959599996451288, 0.14965662499889731, 0.16611804091371596]","[""converged"", ""converged"", ""converged"", ""converged"", ""converged"", ""converged"", ""converged"", ""converged"", ""converged"", ""converged""]",1.2348689724453894,0.5000372682944806,True,converged,0.08261062495876104,2,"[0, 1, 0, 1, 0, 0, 0, 0, 0, 0]","[1.4708028174936771e-05, 0.0006608749972656369, 0.00016783294267952442, 0.0008620419539511204, 0.00030308403074741364, 0.00036037503741681576, 0.00040199991781264544, 0.00044204096775501966, 0.0004970419686287642, 0.000554917030967772]",1.246553727728237,1.2348679819043507,0.5001485738891521,0.039837689155327594,0.0883861627889209,True,21.0,21.0
10,24,200,True,converged,1.1041725419927388,10,"[0, 2, 1, 1, 1, 1, 1, 1, 1, 1]","[0.01945841603446752, 0.13172950001899153, 0.06391054193954915, 0.0785475829616189, 0.09455337503459305, 0.11146191705483943, 0.12390762497670949, 0.138710500090383, 0.15232549991924316, 0.1681854169582948]","[""converged"", ""converged"", ""converged"", ""converged"", ""converged"", ""converged"", ""converged"", ""converged"", ""converged"", ""converged""]",1.1818762605979052,0.49999999999999734,True,converged,0.08215287502389401,1,"[0, 1, 0, 0, 0, 0, 0, 0, 0, 0]","[2.1708081476390362e-05, 0.0006119169993326068, 0.00018341594841331244, 0.00022641592659056187, 0.00026883301325142384, 0.0003054580884054303, 0.0003682500682771206, 0.00039708404801785946, 0.0004530840087682009, 0.0005017080111429095]",1.1931643200837345,1.18185770205046,0.5005230093552103,0.03696724211347562,0.10098310243969402,True,21.0,21.0
10,25,200,True,converged,1.0984608749859035,10,"[0, 2, 1, 1, 1, 1, 1, 1, 1, 1]","[0.019133958034217358, 0.12592754198703915, 0.06417662499006838, 0.07903154205996543, 0.09209337504580617, 0.10552095901221037, 0.12353750003967434, 0.13939100003335625, 0.15658762492239475, 0.17163145798258483]","[""converged"", ""converged"", ""converged"", ""converged"", ""converged"", ""converged"", ""converged"", ""converged"", ""converged"", ""converged""]",2.052885998483174,0.5000259281423381,True,converged,0.08156049996614456,1,"[0, 1, 0, 0, 0, 0, 0, 0, 0, 0]","[1.5707919374108315e-05, 0.0006100829923525453, 0.0001752499956637621, 0.0002315420424565673, 0.0002694160211831331, 0.0003178330371156335, 0.00036804203409701586, 0.0004080840153619647, 0.00045125000178813934, 0.0005178330466151237]",2.072705687324701,2.0528803826705104,0.500571287097795,0.04741874322833906,0.10745568807802333,True,28.0,28.0
10,26,200,True,converged,2.7546462500467896,13,"[0, 3, 1, 1, 1, 1, 1, 3, 1, 1]","[0.018977999920025468, 1.0171294580213726, 0.0636219170410186, 0.07670691702514887, 0.09268812497612089, 0.10748887492809445, 0.12575416697654873, 0.9073759999591857, 0.15562433400191367, 0.16808354202657938]","[""converged"", ""converged"", ""converged"", ""converged"", ""converged"", ""converged"", ""converged"", ""converged"", ""converged"", ""converged""]",1.5564961843558374,0.5000000071235573,True,converged,0.08381250000093132,2,"[0, 1, 0, 0, 0, 0, 0, 1, 0, 0]","[1.654098741710186e-05, 0.0007823329651728272, 0.000189624959602952, 0.00023737503215670586, 0.00028279097750782967, 0.0003088749945163727, 0.00039283407386392355, 0.0014440410304814577, 0.0005155419930815697, 0.0005800840444862843]",1.5710811489644543,1.5561309790329891,0.5000937152795641,0.044570145833406453,0.10742685311277919,True,19.0,19.0
10,27,200,True,converged,1.421825333032757,13,"[0, 3, 3, 1, 1, 1, 1, 1, 1, 1]","[0.019329666974954307, 0.21549883403349668, 0.2977147919591516, 0.0786141250282526, 0.09422512503806502, 0.10892429202795029, 0.12489174993243068, 0.14212829200550914, 0.15664662490598857, 0.16309091600123793]","[""converged"", ""converged"", ""converged"", ""converged"", ""converged"", ""converged"", ""converged"", ""converged"", ""converged"", ""converged""]",1.5745905141888337,0.5000007946403751,True,converged,0.08040054200682789,2,"[0, 1, 1, 0, 0, 0, 0, 0, 0, 0]","[1.12500274553895e-05, 0.0005858329823240638, 0.0007388750091195107, 0.00026279198937118053, 0.0003209169954061508, 0.000345667009241879, 0.00038879201747477055, 0.00041924999095499516, 0.0005103748990222812, 0.0005433750338852406]",1.589610401618577,1.574564554179972,0.5001836362114601,0.0417683115783219,0.09853265502275509,True,23.0,23.0
10,28,200,True,converged,1.1631235830718651,11,"[0, 3, 1, 1, 1, 1, 1, 1, 1, 1]","[0.018432083074003458, 0.1935079999966547, 0.06444633298087865, 0.07913995906710625, 0.09558691701386124, 0.11149712500628084, 0.12605970806907862, 0.13474920892622322, 0.14973266690503806, 0.1685531249968335]","[""converged"", ""converged"", ""converged"", ""converged"", ""converged"", ""converged"", ""converged"", ""converged"", ""converged"", ""converged""]",1.4240826001626772,0.5000237476435232,True,converged,0.08071245800238103,1,"[0, 1, 0, 0, 0, 0, 0, 0, 0, 0]","[2.2833002731204033e-05, 0.0006211659638211131, 0.00017616606783121824, 0.00023554195649921894, 0.00026587501633912325, 0.00032304099295288324, 0.0003740839892998338, 0.00041554193012416363, 0.0004498329944908619, 0.0005416249623522162]",1.4377637241464307,1.424130688417592,0.5063034170112294,0.04338245287174503,0.11672149317909464,True,24.0,24.0
10,29,200,True,converged,1.03835833305493,9,"[0, 1, 1, 1, 1, 1, 1, 1, 1, 1]","[0.019238625071011484, 0.049494166974909604, 0.06425537494942546, 0.07852125004865229, 0.09354837506543845, 0.10961429204326123, 0.12359245808329433, 0.13829879194963723, 0.1542350840754807, 0.18694795900955796]","[""converged"", ""converged"", ""converged"", ""converged"", ""converged"", ""converged"", ""converged"", ""converged"", ""converged"", ""converged""]",1.0583106791125039,0.5186052718106873,True,converged,0.07962374994531274,0,"[0, 0, 0, 0, 0, 0, 0, 0, 0, 0]","[1.6625039279460907e-05, 0.00014895806089043617, 0.00012787501327693462, 0.00016099994536489248, 0.00019933306612074375, 0.00023895804770290852, 0.000289540970697999, 0.0003442909801378846, 0.0004900000058114529, 0.0004952909657731652]",1.0684130728077854,1.0582863421534643,0.517528850851724,0.034380855688788396,0.11176084524332447,True,11.0,11.0
10,30,200,True,converged,1.4452805409673601,11,"[0, 3, 1, 1, 1, 1, 1, 1, 1, 1]","[0.019031750038266182, 0.47516904096119106, 0.06257579196244478, 0.07784458296373487, 0.09474541700910777, 0.10931354202330112, 0.1262608750257641, 0.13973112497478724, 0.1563630000455305, 0.163558040978387]","[""converged"", ""converged"", ""converged"", ""converged"", ""converged"", ""converged"", ""converged"", ""converged"", ""converged"", ""converged""]",0.847283987843999,0.5000002878984421,True,converged,0.07815095805563033,1,"[0, 1, 0, 0, 0, 0, 0, 0, 0, 0]","[1.12500274553895e-05, 0.0005270839901641011, 0.00016675004735589027, 0.0002114999806508422, 0.00024224992375820875, 0.00031108397524803877, 0.0003365409793332219, 0.0004101250087842345, 0.00041387497913092375, 0.0004905420355498791]",0.8554501557469236,0.8473532484890697,0.5003557583198175,0.02900822756442131,0.06843643974925576,True,18.0,18.0
10,31,200,True,converged,1.0935565000399947,10,"[0, 2, 1, 1, 1, 1, 1, 1, 1, 1]","[0.01843912503682077, 0.12231920892372727, 0.06482237495947629, 0.0794105000095442, 0.09460295899771154, 0.11013691709376872, 0.12504495901521295, 0.1390499999979511, 0.14897600002586842, 0.16642337490338832]","[""converged"", ""converged"", ""converged"", ""converged"", ""converged"", ""converged"", ""converged"", ""converged"", ""converged"", ""converged""]",1.1218961418396165,0.5000282527769181,True,converged,0.08168587496038526,1,"[0, 1, 0, 0, 0, 0, 0, 0, 0, 0]","[1.7249956727027893e-05, 0.0006217500194907188, 0.00016933295410126448, 0.00021362502593547106, 0.0002464170102030039, 0.0003172910073772073, 0.00034562498331069946, 0.00042233301792293787, 0.0004700839053839445, 0.0005061660194769502]",1.132681046911966,1.1218720210718467,0.5001382251152015,0.03521594828563804,0.07886065186574401,True,27.0,27.0
10,32,200,True,converged,1.019282374996692,9,"[0, 1, 1, 1, 1, 1, 1, 1, 1, 1]","[0.019401125027798116, 0.04721237497869879, 0.06436616601422429, 0.07913245796225965, 0.0939986250596121, 0.10998554201796651, 0.12625320791266859, 0.13478462502826005, 0.15318016707897186, 0.16903858305886388]","[""converged"", ""converged"", ""converged"", ""converged"", ""converged"", ""converged"", ""converged"", ""converged"", ""converged"", ""converged""]",0.9256566185271138,1.2678063587381907,True,converged,0.08171637495979667,0,"[0, 0, 0, 0, 0, 0, 0, 0, 0, 0]","[1.791701652109623e-05, 0.0001358340959995985, 0.0001377500593662262, 0.0001700000138953328, 0.0002145830076187849, 0.0002597499405965209, 0.0002941249404102564, 0.00034495803993195295, 0.000392792047932744, 0.000461166026070714]",0.9344927266488291,0.9256353320867005,1.268414595856555,0.03215400297071544,0.10088392192297489,True,9.0,9.0
10,33,200,True,converged,2.6706587499938905,12,"[0, 3, 1, 2, 1, 1, 1, 1, 1, 1]","[0.0195192500250414, 0.22474487498402596, 0.06413520907517523, 1.5541164999594912, 0.09477099997457117, 0.11000816698651761, 0.12455741700250655, 0.14041604194790125, 0.15117037494201213, 0.16361991700250655]","[""converged"", ""converged"", ""converged"", ""converged"", ""converged"", ""converged"", ""converged"", ""converged"", ""converged"", ""converged""]",0.8530676203156208,0.49999999999999467,True,converged,0.0797202920075506,2,"[0, 1, 0, 1, 0, 0, 0, 0, 0, 0]","[1.12500274553895e-05, 0.000544707989320159, 0.0001747080823406577, 0.0008949169423431158, 0.0003125000512227416, 0.00034270796459168196, 0.00038479105569422245, 0.00044170801993459463, 0.0004842919297516346, 0.0005360000068321824]",0.861230442417924,0.8530810249802057,0.5000386368920883,0.030238203453300062,0.06915362863524813,True,17.0,17.0
10,34,200,True,converged,4.802386292023584,16,"[0, 1, 3, 5, 2, 1, 1, 1, 1, 1]","[0.019099749973975122, 0.04845541692338884, 2.199901125044562, 1.4639347499469295, 0.3565394169418141, 0.1080125420121476, 0.1251928339479491, 0.14150116697419435, 0.1552378749474883, 0.16303358296863735]","[""converged"", ""converged"", ""converged"", ""converged"", ""converged"", ""converged"", ""converged"", ""converged"", ""converged"", ""converged""]",1.4952229029124813,0.5000176377022816,True,converged,0.08207737503107637,3,"[0, 0, 1, 1, 1, 0, 0, 0, 0, 0]","[1.1041993275284767e-05, 0.00012616696767508984, 0.0007629579631611705, 0.000921166967600584, 0.0011023749830201268, 0.00039004196878522635, 0.00045950000640004873, 0.0004979579243808985, 0.0005467080045491457, 0.0006149999098852277]",1.510457411293036,1.4952059118504046,0.5000002944132163,0.04328027537008537,0.11040387293309788,True,27.0,27.0
10,35,200,True,converged,2.9577368749305606,14,"[0, 1, 3, 3, 2, 1, 1, 1, 1, 1]","[0.018911083112470806, 0.04804658307693899, 1.1882876669988036, 0.5683894999092445, 0.41457670798990875, 0.10955474991351366, 0.1326227500103414, 0.13704562501516193, 0.15557754202745855, 0.16381974995601922]","[""converged"", ""converged"", ""converged"", ""converged"", ""converged"", ""converged"", ""converged"", ""converged"", ""converged"", ""converged""]",0.6064146020554991,0.5000058795079683,True,converged,0.08128875005058944,3,"[0, 0, 1, 1, 1, 0, 0, 0, 0, 0]","[1.0500079952180386e-05, 0.00012079207226634026, 0.0006594579899683595, 0.000927707995288074, 0.0010734589304775, 0.0003951250109821558, 0.00044312491081655025, 0.0005070000188425183, 0.0005293329013511539, 0.0006000000284984708]",0.6122976948363212,0.6064586529579993,0.5000211782882082,0.026817571197481266,0.0648572124191497,True,20.0,20.0
10,36,200,True,converged,4.02697383298073,16,"[0, 4, 1, 5, 1, 1, 1, 1, 1, 1]","[0.019528332981280982, 1.7218742909608409, 0.061877834028564394, 1.418010083027184, 0.09297583310399204, 0.1093037499813363, 0.1236937080975622, 0.13807812507729977, 0.1541758329840377, 0.16724529105704278]","[""converged"", ""converged"", ""converged"", ""converged"", ""converged"", ""converged"", ""converged"", ""converged"", ""converged"", ""converged""]",0.9181169473077659,0.5000363455478388,True,converged,0.08577020792290568,2,"[0, 1, 0, 1, 0, 0, 0, 0, 0, 0]","[1.4999997802078724e-05, 0.000640957965515554, 0.0001676249084994197, 0.0008997080149129033, 0.0003040420124307275, 0.00036349997390061617, 0.00040320795960724354, 0.0004756670678034425, 0.0005541250575333834, 0.0006018339190632105]",0.9267787023470576,0.9181197646981987,0.5000004109538422,0.03201517279863927,0.090455792762689,True,31.0,31.0
10,37,200,True,converged,1.1866240419913083,11,"[0, 3, 1, 1, 1, 1, 1, 1, 1, 1]","[0.019241833011619747, 0.21932070900220424, 0.06323604192584753, 0.07906033401377499, 0.09401166706811637, 0.10763741703704, 0.1219649170525372, 0.1374460420338437, 0.15386333293281496, 0.16982825007289648]","[""converged"", ""converged"", ""converged"", ""converged"", ""converged"", ""converged"", ""converged"", ""converged"", ""converged"", ""converged""]",0.5854047069384344,0.5000440312130822,True,converged,0.08319658297114074,1,"[0, 1, 0, 0, 0, 0, 0, 0, 0, 0]","[1.650000922381878e-05, 0.0006418749690055847, 0.00018274993635714054, 0.00021508405916392803, 0.0002864580601453781, 0.000292958109639585, 0.000333750038407743, 0.00036637496668845415, 0.00041737500578165054, 0.0004938750062137842]",0.5910757028973453,0.585395173805916,0.5000345426052576,0.02506680317402656,0.061463276905944185,True,15.0,15.0
10,38,200,True,converged,1.215711958007887,12,"[0, 3, 2, 1, 1, 1, 1, 1, 1, 1]","[0.019051958108320832, 0.13918825006112456, 0.16420233401004225, 0.07640999997965991, 0.0907822500448674, 0.1100420419825241, 0.1257500839419663, 0.1414330000989139, 0.15635129099246114, 0.17072462500073016]","[""converged"", ""converged"", ""converged"", ""converged"", ""converged"", ""converged"", ""converged"", ""converged"", ""converged"", ""converged""]",1.8786174880338231,0.4999999999999997,True,converged,0.08385462500154972,2,"[0, 1, 1, 0, 0, 0, 0, 0, 0, 0]","[1.3333046808838844e-05, 0.0006243339739739895, 0.000725999940186739, 0.0002549589844420552, 0.000315624987706542, 0.0003552499692887068, 0.00040262495167553425, 0.0004600000102072954, 0.0004946250701323152, 0.0005445419810712337]",1.8968687571672147,1.878574053475284,0.5000478236255503,0.04589498870506063,0.10700607873976438,True,24.0,24.0
10,39,200,True,converged,3.0134294170420617,17,"[0, 2, 7, 1, 2, 1, 1, 1, 1, 1]","[0.01847854198422283, 0.0986073330277577, 1.7004480420146137, 0.07758629193995148, 0.39866083301603794, 0.1093157920986414, 0.125579833984375, 0.14129804098047316, 0.15608708292711526, 0.16454162495210767]","[""converged"", ""converged"", ""converged"", ""converged"", ""converged"", ""converged"", ""converged"", ""converged"", ""converged"", ""converged""]",1.7069681376587718,0.5000000000000001,True,converged,0.08597079198807478,4,"[0, 1, 2, 0, 1, 0, 0, 0, 0, 0]","[1.0707997716963291e-05, 0.0005400830414146185, 0.001736417063511908, 0.00031508400570601225, 0.0011951250489801168, 0.0004532081075012684, 0.0005063749849796295, 0.0005282909842208028, 0.0006000000284984708, 0.0006360000697895885]",1.7235208169011331,1.707060782667174,0.5000091871560544,0.043295803541902836,0.10644100441577665,True,32.0,32.0
10,40,200,True,converged,1.4467442920431495,14,"[0, 5, 2, 1, 1, 1, 1, 1, 1, 1]","[0.018659874913282692, 0.3997340000933036, 0.13701158296316862, 0.07947891601361334, 0.09537200001068413, 0.1053022500127554, 0.12465779099147767, 0.1373761249706149, 0.1524417910259217, 0.1724011249607429]","[""converged"", ""converged"", ""converged"", ""converged"", ""converged"", ""converged"", ""converged"", ""converged"", ""converged"", ""converged""]",1.2502266040559702,0.5000000000000003,True,converged,0.08104441594332457,2,"[0, 1, 1, 0, 0, 0, 0, 0, 0, 0]","[1.750001683831215e-05, 0.0006030000513419509, 0.0007242501014843583, 0.0002625830238685012, 0.00029670901130884886, 0.00033000006806105375, 0.00041270896326750517, 0.0004491249565035105, 0.0004942079540342093, 0.0005597079871222377]",1.2621613403154126,1.2502181954323577,0.5000789173512707,0.04058847688685483,0.10950524005636836,True,18.0,18.0
10,41,200,True,converged,1.1693270000396296,10,"[0, 2, 1, 1, 1, 1, 1, 1, 1, 1]","[0.019117917050607502, 0.19455637503415346, 0.06246758298948407, 0.07659941597376019, 0.09118858305737376, 0.10767337493598461, 0.1271891250507906, 0.141600500093773, 0.15493262489326298, 0.17297145794145763]","[""converged"", ""converged"", ""converged"", ""converged"", ""converged"", ""converged"", ""converged"", ""converged"", ""converged"", ""converged""]",0.678557862955804,0.4995793626000545,True,converged,0.08068579202517867,1,"[0, 1, 0, 0, 0, 0, 0, 0, 0, 0]","[2.0000035874545574e-05, 0.0006247499259188771, 0.0001611249754205346, 0.00019304093439131975, 0.0002781249349936843, 0.0003202080260962248, 0.00035041605588048697, 0.0004443749785423279, 0.00043295894283801317, 0.0004813749110326171]",0.6851314845478818,0.6785600146709284,0.5015629474213072,0.028029722157266183,0.059496201135959124,True,21.0,21.0
10,42,200,True,converged,1.7577607500134036,13,"[0, 3, 3, 1, 1, 1, 1, 1, 1, 1]","[0.0184760409174487, 0.2524259580532089, 0.5654032909078524, 0.1102244999492541, 0.09252495795954019, 0.10658341692760587, 0.1222452080110088, 0.14013591699767858, 0.15834650001488626, 0.1713977080071345]","[""converged"", ""converged"", ""converged"", ""converged"", ""converged"", ""converged"", ""converged"", ""converged"", ""converged"", ""converged""]",1.1191500693865233,0.49999999999999956,True,converged,0.08334491599816829,3,"[0, 1, 1, 1, 0, 0, 0, 0, 0, 0]","[1.633400097489357e-05, 0.0005910829640924931, 0.0006939580198377371, 0.0009176669409498572, 0.00036720908246934414, 0.00041679199784994125, 0.000446750083938241, 0.0004895839374512434, 0.0005149169592186809, 0.0005944169824942946]",1.1299205684817313,1.1192311671379158,0.5002014149752452,0.03684986939840128,0.08365911591085373,True,12.0,12.0
10,43,200,True,converged,1.0775940000312403,10,"[0, 2, 1, 1, 1, 1, 1, 1, 1, 1]","[0.01942308305297047, 0.10198395804036409, 0.06247879203874618, 0.07676029205322266, 0.09152108302805573, 0.10930266592185944, 0.1273794590961188, 0.1411995419766754, 0.156491499976255, 0.1704363749595359]","[""converged"", ""converged"", ""converged"", ""converged"", ""converged"", ""converged"", ""converged"", ""converged"", ""converged"", ""converged""]",1.669654113576215,0.5000000000000004,True,converged,0.08055575005710125,1,"[0, 1, 0, 0, 0, 0, 0, 0, 0, 0]","[1.5874975360929966e-05, 0.000589958974160254, 0.00016091694124042988, 0.00020170805510133505, 0.00026950007304549217, 0.0003181659849360585, 0.00035566696897149086, 0.0003893329994753003, 0.00045570801012218, 0.0004987081047147512]",1.685525762967375,1.6696184375450767,0.5002370187464349,0.04296868523254013,0.0965810531927025,True,26.0,26.0
10,44,200,True,converged,1.137304333038628,11,"[0, 3, 1, 1, 1, 1, 1, 1, 1, 1]","[0.018872249987907708, 0.15891299990471452, 0.06326450000051409, 0.07676945789717138, 0.09367574995849282, 0.11001695797313005, 0.12588129192590714, 0.15447987499646842, 0.15003458294086158, 0.16420712508261204]","[""converged"", ""converged"", ""converged"", ""converged"", ""converged"", ""converged"", ""converged"", ""converged"", ""converged"", ""converged""]",1.1340554400925615,0.5000241629546665,True,converged,0.08026058308314532,1,"[0, 1, 0, 0, 0, 0, 0, 0, 0, 0]","[1.2959004379808903e-05, 0.0005720420740544796, 0.00017320900224149227, 0.00021433294750750065, 0.0002620829036459327, 0.00028933293651789427, 0.00035558303352445364, 0.0004154999041929841, 0.0004374999552965164, 0.00049045798368752]",1.1448787304480377,1.1340343332493372,0.5030161375596053,0.03527049276366118,0.11385916529549352,True,19.0,19.0
10,45,200,True,converged,1.395018709008582,10,"[0, 2, 1, 1, 1, 1, 1, 1, 1, 1]","[0.019296749960631132, 0.4262203329708427, 0.06455041689332575, 0.0792091250186786, 0.09071970905642956, 0.10598537500482053, 0.12058774998877198, 0.14051658404059708, 0.15486654196865857, 0.1710518340114504]","[""converged"", ""converged"", ""converged"", ""converged"", ""converged"", ""converged"", ""converged"", ""converged"", ""converged"", ""converged""]",1.0456495553520506,0.5000322953415902,True,converged,0.08580733404960483,1,"[0, 1, 0, 0, 0, 0, 0, 0, 0, 0]","[1.679093111306429e-05, 0.0006556659936904907, 0.0001932079903781414, 0.00021058402489870787, 0.000254416954703629, 0.0003125830553472042, 0.00034416699782013893, 0.00041550002060830593, 0.00045533303637057543, 0.0004879999905824661]",1.0554869458478071,1.0456326651296841,0.5012513987060085,0.03372289626409209,0.09292350612069318,True,30.0,30.0
10,46,200,True,converged,1.1175934580387548,10,"[0, 2, 1, 1, 1, 1, 1, 1, 1, 1]","[0.019106084015220404, 0.1427438750397414, 0.062279041041620076, 0.07624966697767377, 0.09158291597850621, 0.10870412504300475, 0.1259630830027163, 0.14268312498461455, 0.15581924992147833, 0.17175558302551508]","[""converged"", ""converged"", ""converged"", ""converged"", ""converged"", ""converged"", ""converged"", ""converged"", ""converged"", ""converged""]",1.26781863037698,0.4999999999999997,True,converged,0.08297654194757342,1,"[0, 1, 0, 0, 0, 0, 0, 0, 0, 0]","[1.0832911357283592e-05, 0.0005860419478267431, 0.00026054203044623137, 0.00022141600493341684, 0.0002674580318853259, 0.0003187920665368438, 0.0003505839267745614, 0.0004045420791953802, 0.0004533750470727682, 0.0005143749294802547]",1.2798592418092878,1.267796084996732,0.501872324305193,0.03699784762681904,0.079230855104107,True,21.0,21.0
10,47,200,True,converged,1.022277666023001,9,"[0, 1, 1, 1, 1, 1, 1, 1, 1, 1]","[0.01900149998255074, 0.04833283298648894, 0.06406787503510714, 0.07731866592075676, 0.0942499169614166, 0.10860545793548226, 0.12509391701314598, 0.14172516705002636, 0.15655808395240456, 0.1660471250070259]","[""converged"", ""converged"", ""converged"", ""converged"", ""converged"", ""converged"", ""converged"", ""converged"", ""converged"", ""converged""]",0.7091451590555621,0.7306333403701589,True,converged,0.08127070893533528,0,"[0, 0, 0, 0, 0, 0, 0, 0, 0, 0]","[1.4374963939189911e-05, 0.00012833299115300179, 0.00012666592374444008, 0.0001527499407529831, 0.00020412507001310587, 0.0002701670164242387, 0.0003054579719901085, 0.00037283299025148153, 0.00043120793998241425, 0.00045120902359485626]",0.7159144978945976,0.709128851522217,0.7306247318503216,0.028143471292277778,0.0862023009195508,True,13.0,13.0
10,48,200,True,converged,1.019162583979778,9,"[0, 1, 1, 1, 1, 1, 1, 1, 1, 1]","[0.018491042079403996, 0.04712837503757328, 0.06363541597966105, 0.07911445794161409, 0.09618308290373534, 0.10997962497640401, 0.12549558305181563, 0.1434482920449227, 0.15036391699686646, 0.16464916698168963]","[""converged"", ""converged"", ""converged"", ""converged"", ""converged"", ""converged"", ""converged"", ""converged"", ""converged"", ""converged""]",1.2553726289896758,0.5986073967162859,True,converged,0.07890658406540751,0,"[0, 0, 0, 0, 0, 0, 0, 0, 0, 0]","[1.2125005014240742e-05, 0.0001277499832212925, 0.0001331669045612216, 0.00016983295790851116, 0.00021766708232462406, 0.00025170797016471624, 0.0003219590289518237, 0.00036195898428559303, 0.00039850000757724047, 0.000454624998383224]",1.2673561313606148,1.2553437603853483,0.5952003483015281,0.037445222879565754,0.0895494089764772,True,30.0,30.0
10,49,200,True,converged,1.309143792022951,11,"[0, 3, 1, 1, 1, 1, 1, 1, 1, 1]","[0.018925750046037138, 0.337975291069597, 0.0647003329358995, 0.07962470804341137, 0.09449591697193682, 0.10472745902370661, 0.12122833298053592, 0.1365813750308007, 0.15576025005429983, 0.1723237499827519]","[""converged"", ""converged"", ""converged"", ""converged"", ""converged"", ""converged"", ""converged"", ""converged"", ""converged"", ""converged""]",1.7622443735816076,0.5000082496333854,True,converged,0.08077633392531425,1,"[0, 1, 0, 0, 0, 0, 0, 0, 0, 0]","[1.704192254692316e-05, 0.0005929159233346581, 0.00016850000247359276, 0.00021850003395229578, 0.0002634159754961729, 0.0003202080260962248, 0.00035216694232076406, 0.0004154579946771264, 0.0005029169842600822, 0.0005234580021351576]",1.779253074818505,1.7622504338324299,0.5009754979563017,0.04472316139184082,0.10140897340390453,True,14.0,14.0
12,0,200,True,converged,1.8600808329647407,13,"[0, 3, 1, 1, 1, 1, 1, 1, 1, 1, 1, 1]","[0.019051750074140728, 0.47653337509837, 0.06321966694667935, 0.07843720796518028, 0.09575945802498609, 0.11198662500828505, 0.12442629202269018, 0.14053104200866073, 0.15837550000287592, 0.17021879099775106, 0.18611958401743323, 0.2040349580347538]","[""converged"", ""converged"", ""converged"", ""converged"", ""converged"", ""converged"", ""converged"", ""converged"", ""converged"", ""converged"", ""converged"", ""converged""]",1.8790148290741808,0.5000202410546402,True,converged,0.10201512498315424,1,"[0, 1, 0, 0, 0, 0, 0, 0, 0, 0, 0, 0]","[1.9208062440156937e-05, 0.0006522909970954061, 0.00018191593699157238, 0.00022004102356731892, 0.0002655000425875187, 0.00032304192427545786, 0.00036558404099196196, 0.0003677499480545521, 0.0004993330221623182, 0.0005340420175343752, 0.0005724580259993672, 0.0006163329817354679]",1.896960421544787,1.8789876406758665,0.5002356120340072,0.04830864612934209,0.1103833251332634,True,32.0,32.0
12,1,200,True,converged,1.8402801669435576,15,"[0, 3, 2, 2, 1, 1, 1, 1, 1, 1, 1, 1]","[0.01882037497125566, 0.19819508399814367, 0.21581891702953726, 0.2053013329859823, 0.0941631670575589, 0.1106340839760378, 0.12597220798488706, 0.13953225000295788, 0.1473134170519188, 0.1642811669735238, 0.18662383407354355, 0.20314437500201166]","[""converged"", ""converged"", ""converged"", ""converged"", ""converged"", ""converged"", ""converged"", ""converged"", ""converged"", ""converged"", ""converged"", ""converged""]",1.5069827795347792,0.5000000275469428,True,converged,0.10484175011515617,3,"[0, 1, 1, 1, 0, 0, 0, 0, 0, 0, 0, 0]","[2.3083994165062904e-05, 0.0006143749924376607, 0.0006974160205572844, 0.0009708328871056437, 0.00034604198299348354, 0.00039525004103779793, 0.00044579210225492716, 0.00048570800572633743, 0.0005386249395087361, 0.0006287499563768506, 0.0006549999816343188, 0.0008162499871104956]",1.521515212743748,1.5071547808045997,0.5002419817026019,0.04228690607336212,0.11798964001144559,True,31.0,31.0
12,2,200,True,converged,1.5391645419877023,12,"[0, 2, 1, 1, 1, 1, 1, 1, 1, 1, 1, 1]","[0.019006374990567565, 0.1700789169408381, 0.061874874983914196, 0.07698625000193715, 0.09057766594924033, 0.10729608300607651, 0.12674066598992795, 0.14085320907179266, 0.1591065829852596, 0.17094333295244724, 0.18395720794796944, 0.20175004203338176]","[""converged"", ""converged"", ""converged"", ""converged"", ""converged"", ""converged"", ""converged"", ""converged"", ""converged"", ""converged"", ""converged"", ""converged""]",0.8230701082612237,0.5000028617473773,True,converged,0.0991779169999063,1,"[0, 1, 0, 0, 0, 0, 0, 0, 0, 0, 0, 0]","[2.5290995836257935e-05, 0.0005866660503670573, 0.00016741699073463678, 0.00020883406978100538, 0.00026650005020201206, 0.0002993339439854026, 0.00035816594026982784, 0.0003755419747903943, 0.00043983303476125, 0.0005447500152513385, 0.0005289169494062662, 0.0005771659780293703]",0.8309461517076743,0.8230633712079714,0.5005468122752651,0.03096942055630855,0.08443366390855808,True,19.0,19.0
12,3,200,False,rank_osqp_failed,5.170889082946815,14,"[0, 1, 0, 3, 3, 1, 1, 1, 1, 1, 1, 1]","[0.019234167062677443, 0.04844637506175786, 3.1323658340843394, 0.3770781250204891, 0.4753183340653777, 0.10519916692283005, 0.12398037500679493, 0.15446562506258488, 0.15135754190851003, 0.16491087502799928, 0.18539970903657377, 0.20376299996860325]","[""converged"", ""converged"", ""osqp_failed"", ""converged"", ""converged"", ""converged"", ""converged"", ""converged"", ""converged"", ""converged"", ""converged"", ""converged""]",1.1705934870231067,0.033096923837337644,True,converged,0.10606862499844283,3,"[0, 0, 1, 1, 1, 0, 0, 0, 0, 0, 0, 0]","[2.2792024537920952e-05, 0.00016854191198945045, 0.0008830419974401593, 0.000998582923784852, 0.0012278329813852906, 0.000384374987334013, 0.00042029202450066805, 0.0005044159479439259, 0.0005323749501258135, 0.0005675830179825425, 0.0005991669604554772, 0.0006669169524684548]",1.1871030595663277,1.176001716585842,0.5000296183104601,,,,,
12,4,200,True,converged,1.9662444159621373,13,"[0, 3, 1, 1, 1, 1, 1, 1, 1, 1, 1, 1]","[0.019165541976690292, 0.5864519999595359, 0.06462600000668317, 0.07975462498143315, 0.09526929201092571, 0.11034204193856567, 0.12502995796967298, 0.14033716602716595, 0.15451350004877895, 0.17018616700079292, 0.185544665902853, 0.20358745800331235]","[""converged"", ""converged"", ""converged"", ""converged"", ""converged"", ""converged"", ""converged"", ""converged"", ""converged"", ""converged"", ""converged"", ""converged""]",1.6721358473060384,0.5000051571672771,True,converged,0.10258175001945347,1,"[0, 1, 0, 0, 0, 0, 0, 0, 0, 0, 0, 0]","[2.4875043891370296e-05, 0.0006121249170973897, 0.00020525010768324137, 0.0002209170488640666, 0.0002622079337015748, 0.00030045793391764164, 0.0003595419693738222, 0.0004080419894307852, 0.00044904102105647326, 0.00048320810310542583, 0.0005527499597519636, 0.0005781250074505806]",1.6881473333212051,1.672181263241749,0.5000034249679557,0.04528995089155148,0.10200482089797058,True,35.0,35.0
12,5,200,True,converged,3.261994707980193,16,"[0, 4, 1, 2, 2, 1, 1, 1, 1, 1, 1, 1]","[0.019164874916896224, 1.5059941669460386, 0.06413533398881555, 0.30716825008857995, 0.2563650420634076, 0.10542391706258059, 0.12083679100032896, 0.14027045806869864, 0.15518641704693437, 0.1748209580546245, 0.1870258329436183, 0.19363899994641542]","[""converged"", ""converged"", ""converged"", ""converged"", ""converged"", ""converged"", ""converged"", ""converged"", ""converged"", ""converged"", ""converged"", ""converged""]",1.4110801052993749,0.49999999999999967,True,converged,0.10230125009547919,3,"[0, 1, 0, 1, 1, 0, 0, 0, 0, 0, 0, 0]","[1.183303538709879e-05, 0.000613874988630414, 0.00017504103016108274, 0.0008570830104872584, 0.0010634999489411712, 0.0003993749851360917, 0.0004249169724062085, 0.00048808299470692873, 0.0005094170337542892, 0.0005920829717069864, 0.000624750042334199, 0.0006766659207642078]",1.4245829291426788,1.4110827702453648,0.5001281137826754,0.042296252895714904,0.08521972917246123,True,35.0,35.0
12,6,200,True,converged,4.13079112500418,22,"[0, 1, 3, 3, 3, 5, 2, 1, 1, 1, 1, 1]","[0.01861124997958541, 0.049149208003655076, 0.32056629098951817, 0.524123333976604, 0.4703354580560699, 1.2891586670884863, 0.5815011250087991, 0.14127033308614045, 0.15537679195404053, 0.1701580419903621, 0.1798662079963833, 0.20087083301041275]","[""converged"", ""converged"", ""converged"", ""converged"", ""converged"", ""converged"", ""converged"", ""converged"", ""converged"", ""converged"", ""converged"", ""converged""]",1.7978747848225103,0.499636616351012,True,converged,0.10876029194332659,6,"[0, 0, 1, 1, 1, 1, 2, 0, 0, 0, 0, 0]","[1.9707949832081795e-05, 0.00017204193864017725, 0.0007078750059008598, 0.0009309580782428384, 0.0011838750215247273, 0.0013829160016030073, 0.0032353330170735717, 0.0006350409239530563, 0.0006810000631958246, 0.0007212079362943769, 0.0008109170012176037, 0.0008474159985780716]",1.8151704232815902,1.7980254454327238,0.5000552580824253,0.050891507734581475,0.15147208021253208,True,45.0,45.0
12,7,200,True,converged,1.7131474160123616,13,"[0, 2, 1, 2, 1, 1, 1, 1, 1, 1, 1, 1]","[0.01912387495394796, 0.15697045798879117, 0.06416841596364975, 0.268584290985018, 0.09372233401518315, 0.10893283307086676, 0.12398062506690621, 0.14067033305764198, 0.1560986249241978, 0.1719137920299545, 0.18305762496311218, 0.19567854097113013]","[""converged"", ""converged"", ""converged"", ""converged"", ""converged"", ""converged"", ""converged"", ""converged"", ""converged"", ""converged"", ""converged"", ""converged""]",1.2258176766651123,0.5000010929223959,True,converged,0.10234333307016641,2,"[0, 1, 0, 1, 0, 0, 0, 0, 0, 0, 0, 0]","[1.2625008821487427e-05, 0.000610999995842576, 0.00017891707830131054, 0.0008634170517325401, 0.00028916692826896906, 0.00035429198760539293, 0.0004160410026088357, 0.0004729171050712466, 0.000489374971948564, 0.0005654999986290932, 0.0005920419935137033, 0.0007452090503647923]",1.2375034052073355,1.225796586728082,0.5004074418998237,0.03957946906155533,0.09819916447618882,True,19.0,19.0
12,8,200,True,converged,2.771550792036578,16,"[0, 3, 2, 1, 2, 2, 1, 1, 1, 1, 1, 1]","[0.018988959025591612, 0.546921500004828, 0.3032274580327794, 0.07811933406628668, 0.3905476670479402, 0.4245514580979943, 0.12037650006823242, 0.14024262491147965, 0.15547954197973013, 0.17236379196401685, 0.19121950003318489, 0.19938062492292374]","[""converged"", ""converged"", ""converged"", ""converged"", ""converged"", ""converged"", ""converged"", ""converged"", ""converged"", ""converged"", ""converged"", ""converged""]",1.8506626078702544,0.49999999999999994,True,converged,0.10279554198496044,4,"[0, 1, 1, 0, 1, 1, 0, 0, 0, 0, 0, 0]","[1.77919864654541e-05, 0.0006376249948516488, 0.0007049159612506628, 0.00024987501092255116, 0.0011394999455660582, 0.0013514169258996844, 0.0005250840913504362, 0.0005866669816896319, 0.0005966249154880643, 0.0006791249616071582, 0.0007142089307308197, 0.0007481250213459134]",1.8687269008264569,1.850710049632452,0.5000014926585974,0.046483140965009245,0.11059540923820795,True,41.0,41.0
12,9,200,True,converged,1.4352748750243336,11,"[0, 1, 1, 1, 1, 1, 1, 1, 1, 1, 1, 1]","[0.018871916108764708, 0.048851000028662384, 0.06442170799709857, 0.07914974994491786, 0.09734479209873825, 0.11045445804484189, 0.12753704201895744, 0.13935866695828736, 0.15434662508778274, 0.16769975004717708, 0.18770091596525162, 0.2066712500527501]","[""converged"", ""converged"", ""converged"", ""converged"", ""converged"", ""converged"", ""converged"", ""converged"", ""converged"", ""converged"", ""converged"", ""converged""]",1.4956754590431558,0.62058704462357,True,converged,0.101975666009821,0,"[0, 0, 0, 0, 0, 0, 0, 0, 0, 0, 0, 0]","[2.5833025574684143e-05, 0.00014875002671033144, 0.00012904196046292782, 0.00016995903570204973, 0.0002202920150011778, 0.00026599992997944355, 0.0003067080397158861, 0.0003571249544620514, 0.0004244159208610654, 0.0004836670123040676, 0.0005343749653548002, 0.0005516249220818281]",1.5099528377239562,1.4956410644243523,0.6202111204225617,0.04277835573221027,0.0930955512725208,True,30.0,30.0
12,10,200,True,converged,1.4235025419620797,11,"[0, 1, 1, 1, 1, 1, 1, 1, 1, 1, 1, 1]","[0.01926783297676593, 0.052655834006145597, 0.06241129105910659, 0.07732916600070894, 0.09337929205503315, 0.1062975829700008, 0.12426299997605383, 0.14207649999298155, 0.15510404203087091, 0.17357129196170717, 0.1850663749501109, 0.19979945803061128]","[""converged"", ""converged"", ""converged"", ""converged"", ""converged"", ""converged"", ""converged"", ""converged"", ""converged"", ""converged"", ""converged"", ""converged""]",1.3051369090535672,0.8535061644259602,True,converged,0.10087008296977729,0,"[0, 0, 0, 0, 0, 0, 0, 0, 0, 0, 0, 0]","[1.9749975763261318e-05, 0.00014712498523294926, 0.0001354999840259552, 0.0001789169618859887, 0.0002187499776482582, 0.0002805829280987382, 0.00031033402774482965, 0.00035304203629493713, 0.0004132920876145363, 0.0004682909930124879, 0.0004884159425273538, 0.0005242079496383667]",1.3175954499543905,1.3051068960676604,0.854376204801819,0.039960732412670605,0.09796694850793426,True,21.0,21.0
12,11,200,True,converged,21.005854542017914,22,"[0, 1, 5, 4, 1, 3, 2, 2, 1, 1, 1, 1]","[0.018842583056539297, 0.04880245798267424, 3.34045729204081, 3.08562491601333, 0.09033262496814132, 4.087204042007215, 0.4859334999928251, 9.111089166020975, 0.15687916602473706, 0.16767287498805672, 0.1805100420024246, 0.20300862495787442]","[""converged"", ""converged"", ""converged"", ""converged"", ""converged"", ""converged"", ""converged"", ""converged"", ""converged"", ""converged"", ""converged"", ""converged""]",1.7818701930109841,0.49951409082245274,True,converged,0.11207362497225404,7,"[0, 0, 1, 1, 0, 3, 1, 1, 0, 0, 0, 0]","[2.2332998923957348e-05, 0.00015995895955711603, 0.0007743330206722021, 0.0008813330205157399, 0.000323957996442914, 0.0047091670567169785, 0.0016521669458597898, 0.0019078750628978014, 0.0007234590593725443, 0.0007752079982310534, 0.0008603340247645974, 0.0008676249999552965]",1.7995774992205051,1.7821498893832945,0.5000053143657369,0.05142234693671874,0.14766797618008,True,41.0,41.0
12,12,200,True,converged,2.2983741669449955,16,"[0, 1, 3, 3, 2, 1, 1, 1, 1, 1, 1, 1]","[0.01904824993107468, 0.04874758399091661, 0.3390197909902781, 0.48553820804227144, 0.29153641697485, 0.10980241699144244, 0.12261520803440362, 0.13540591695345938, 0.1531623749760911, 0.17186804197262973, 0.1871079159900546, 0.20364574994891882]","[""converged"", ""converged"", ""converged"", ""converged"", ""converged"", ""converged"", ""converged"", ""converged"", ""converged"", ""converged"", ""converged"", ""converged""]",1.68148666361568,0.5000002435192094,True,converged,0.10319879197049886,3,"[0, 0, 1, 1, 1, 0, 0, 0, 0, 0, 0, 0]","[1.5208963304758072e-05, 0.00013895903248339891, 0.0007049590349197388, 0.0008686670335009694, 0.0010852499399334192, 0.000404000049456954, 0.00046545802615582943, 0.00048824993427842855, 0.0005677079316228628, 0.0005567920161411166, 0.0006324579007923603, 0.0006864159367978573]",1.6976158570728013,1.6815260924071922,0.5006882180515776,0.04684891116745931,0.10028977693073039,True,21.0,21.0
12,13,200,True,converged,1.4117235000012442,11,"[0, 1, 1, 1, 1, 1, 1, 1, 1, 1, 1, 1]","[0.018504624953493476, 0.046896833926439285, 0.062197583029046655, 0.07677208294626325, 0.09448900003917515, 0.1107105000410229, 0.1268444579327479, 0.14150391693692654, 0.15785937500186265, 0.16602479200810194, 0.1811965829692781, 0.2002656669355929]","[""converged"", ""converged"", ""converged"", ""converged"", ""converged"", ""converged"", ""converged"", ""converged"", ""converged"", ""converged"", ""converged"", ""converged""]",0.9285110715104559,1.2967567194334153,True,converged,0.10418587503954768,0,"[0, 0, 0, 0, 0, 0, 0, 0, 0, 0, 0, 0]","[1.879094634205103e-05, 0.0001619159011170268, 0.0001312500098720193, 0.00016370799858123064, 0.0002292919671162963, 0.0002603329485282302, 0.000298874918371439, 0.00036641606129705906, 0.0004135830095037818, 0.0004437090829014778, 0.0005079580005258322, 0.0005224170163273811]",0.937374427592898,0.9284897194289148,1.2958084840192787,0.03370535820689008,0.09778549536383806,True,28.0,28.0
12,14,200,True,converged,1.600493457983248,13,"[0, 2, 1, 2, 1, 1, 1, 1, 1, 1, 1, 1]","[0.01939791697077453, 0.1315655829384923, 0.06433191697578877, 0.18004020804073662, 0.09148341708350927, 0.10615337500348687, 0.12363295897375792, 0.1418389999307692, 0.1568243750371039, 0.17223695805296302, 0.1871008339803666, 0.1960633749840781]","[""converged"", ""converged"", ""converged"", ""converged"", ""converged"", ""converged"", ""converged"", ""converged"", ""converged"", ""converged"", ""converged"", ""converged""]",1.074813567833016,0.5000000000000006,True,converged,0.10198641696479172,2,"[0, 1, 0, 1, 0, 0, 0, 0, 0, 0, 0, 0]","[1.837499439716339e-05, 0.0006039160070940852, 0.0002696249866858125, 0.0008855420164763927, 0.00032291701063513756, 0.0003427499905228615, 0.000396291958168149, 0.00044012500438839197, 0.0005073330830782652, 0.0005492920754477382, 0.000610124901868403, 0.0006266660057008266]",1.0850846869890927,1.0748301820537476,0.5002077075091959,0.03600676238241814,0.09184723936399874,True,45.0,45.0
12,15,200,True,converged,2.162618416012265,17,"[0, 5, 1, 3, 1, 1, 1, 1, 1, 1, 1, 1]","[0.01865212491247803, 0.46998604107648134, 0.06441624998115003, 0.40845600003376603, 0.09532058401964605, 0.1079651250038296, 0.12415470799896866, 0.14060791698284447, 0.15774191706441343, 0.16479579103179276, 0.18577524996362627, 0.19630508311092854]","[""converged"", ""converged"", ""converged"", ""converged"", ""converged"", ""converged"", ""converged"", ""converged"", ""converged"", ""converged"", ""converged"", ""converged""]",0.9823342795777578,0.5000009722520141,True,converged,0.10511812497861683,2,"[0, 1, 0, 1, 0, 0, 0, 0, 0, 0, 0, 0]","[2.0749983377754688e-05, 0.0007251249626278877, 0.00018524995539337397, 0.000852084020152688, 0.00028779206331819296, 0.00035408406984061003, 0.00038824998773634434, 0.0004606249276548624, 0.000489042024128139, 0.0005598339485004544, 0.0005687079392373562, 0.0006219999631866813]",0.9910210964924311,0.9823669974743217,0.5001084179141577,0.03400202183345288,0.08277708777966955,True,27.0,27.0
12,16,200,True,converged,3.017274499987252,18,"[0, 3, 1, 3, 1, 3, 2, 1, 1, 1, 1, 1]","[0.041338208015076816, 0.36700470896903425, 0.11998595797922462, 0.42591295891907066, 0.09410520805977285, 0.6338722499785945, 0.43700095801614225, 0.13934729201719165, 0.15007629210595042, 0.16549587505869567, 0.18745524995028973, 0.20490716607309878]","[""converged"", ""converged"", ""converged"", ""converged"", ""converged"", ""converged"", ""converged"", ""converged"", ""converged"", ""converged"", ""converged"", ""converged""]",1.026098714939887,0.4997185385066651,True,converged,0.10629058396443725,4,"[0, 1, 0, 1, 0, 1, 1, 0, 0, 0, 0, 0]","[2.220796886831522e-05, 0.0007047919789329171, 0.00016554188914597034, 0.0010100000072270632, 0.0003487080102786422, 0.0013187089934945107, 0.00148958305362612, 0.000548291951417923, 0.0005799590144306421, 0.0006322090048342943, 0.0007026250241324306, 0.0007678749971091747]",1.0359888599444713,1.026098476305883,0.5000036349600835,0.03663419372153246,0.0942565909889881,True,32.0,32.0
12,17,200,True,converged,2.755879707983695,17,"[0, 3, 2, 1, 2, 2, 2, 1, 1, 1, 1, 1]","[0.01910654199309647, 0.30487162503413856, 0.15429516602307558, 0.07917695806827396, 0.32528824999462813, 0.3920287920627743, 0.6034356659511104, 0.14081375009845942, 0.15301424998324364, 0.16557604202535003, 0.18469133297912776, 0.20392954105045646]","[""converged"", ""converged"", ""converged"", ""converged"", ""converged"", ""converged"", ""converged"", ""converged"", ""converged"", ""converged"", ""converged"", ""converged""]",1.9021570171463043,0.5000000000000001,True,converged,0.10732045897748321,5,"[0, 1, 1, 0, 1, 1, 1, 0, 0, 0, 0, 0]","[2.0000035874545574e-05, 0.0006208330160006881, 0.0007244580192491412, 0.0002625830238685012, 0.0011083749122917652, 0.0013679999392479658, 0.001614667009562254, 0.0005867499858140945, 0.0006416658870875835, 0.0006945000495761633, 0.0007069169078022242, 0.0007991669699549675]",1.9205863698606274,1.9022035731096572,0.5000001485720805,0.04593331833067052,0.10778015517916834,True,46.0,46.0
12,18,200,True,converged,1.7350891249952838,15,"[0, 3, 3, 1, 1, 1, 1, 1, 1, 1, 1, 1]","[0.019086165935732424, 0.17502479103859514, 0.2527738750213757, 0.07802316604647785, 0.09368370799347758, 0.10756604094058275, 0.12909495807252824, 0.14062933390960097, 0.15559220791328698, 0.16530620795674622, 0.1817722909618169, 0.20365050004329532]","[""converged"", ""converged"", ""converged"", ""converged"", ""converged"", ""converged"", ""converged"", ""converged"", ""converged"", ""converged"", ""converged"", ""converged""]",2.023064308983464,0.5000009471111423,True,converged,0.10999341693241149,2,"[0, 1, 1, 0, 0, 0, 0, 0, 0, 0, 0, 0]","[1.8417020328342915e-05, 0.0005895409267395735, 0.0007195000071078539, 0.00025454198475927114, 0.0003027090569958091, 0.00035954208578914404, 0.0004114171024411917, 0.00046200002543628216, 0.0004930420545861125, 0.0005675830179825425, 0.0006029159994795918, 0.0006578339962288737]",2.042411511889076,2.023018589901624,0.5051337670691205,0.04956714801064182,0.10849315128621055,True,39.0,39.0
12,19,200,True,converged,1.9193867499707267,16,"[0, 4, 2, 1, 2, 1, 1, 1, 1, 1, 1, 1]","[0.019016875070519745, 0.24546012503560632, 0.16786891699302942, 0.07695670903194696, 0.2894615411059931, 0.11077341600321233, 0.12628974998369813, 0.137554083019495, 0.15526470798067749, 0.16640170791652054, 0.19329487497452646, 0.1983757910784334]","[""converged"", ""converged"", ""converged"", ""converged"", ""converged"", ""converged"", ""converged"", ""converged"", ""converged"", ""converged"", ""converged"", ""converged""]",2.0887909634732367,0.5000000000000002,True,converged,0.10437800001818687,3,"[0, 1, 1, 0, 1, 0, 0, 0, 0, 0, 0, 0]","[1.6042031347751617e-05, 0.0006117080338299274, 0.0008495000656694174, 0.00031029200181365013, 0.0011519169202074409, 0.00041320803575217724, 0.00045674992725253105, 0.0005095420638099313, 0.0005239589372649789, 0.000589582952670753, 0.0006412500515580177, 0.0007221250561997294]",2.1088741016151418,2.088789895126474,0.5015027365847653,0.05209785014379395,0.11012828626781443,True,41.0,41.0
12,20,200,True,converged,3.030178500106558,16,"[0, 3, 1, 3, 2, 1, 1, 1, 1, 1, 1, 1]","[0.018879457958973944, 0.6877252500271425, 0.0648400840582326, 0.8651523339794949, 0.2793764170492068, 0.11154879198875278, 0.12413358397316188, 0.1397758750244975, 0.15018166706431657, 0.16708387492690235, 0.18881362490355968, 0.2032349589280784]","[""converged"", ""converged"", ""converged"", ""converged"", ""converged"", ""converged"", ""converged"", ""converged"", ""converged"", ""converged"", ""converged"", ""converged""]",1.5748592130055632,0.5000000000000004,True,converged,0.106616040924564,3,"[0, 1, 0, 1, 1, 0, 0, 0, 0, 0, 0, 0]","[1.691700890660286e-05, 0.0006450830260291696, 0.00017458305228501558, 0.000886416994035244, 0.0010815829737111926, 0.00040054204873740673, 0.0004712500376626849, 0.000530624995008111, 0.0005771249998360872, 0.0006609170231968164, 0.0006709579611197114, 0.000748499995097518]",1.5899284528904367,1.574940751173494,0.5002343967384087,0.043585698655690085,0.09729653417835442,True,45.0,45.0
12,21,200,True,converged,2.9914365839213133,14,"[0, 2, 2, 1, 2, 1, 1, 1, 1, 1, 1, 1]","[0.019547834061086178, 0.13697233400307596, 0.17420629202388227, 0.07746362499892712, 1.4506567500066012, 0.10881875001359731, 0.12357666704338044, 0.13428316707722843, 0.15038754092529416, 0.16961537499446422, 0.20621583296451718, 0.20333320810459554]","[""converged"", ""converged"", ""converged"", ""converged"", ""converged"", ""converged"", ""converged"", ""converged"", ""converged"", ""converged"", ""converged"", ""converged""]",1.6824259221845543,0.5000000000000003,True,converged,0.10328587505500764,3,"[0, 1, 1, 0, 1, 0, 0, 0, 0, 0, 0, 0]","[1.8332968465983868e-05, 0.0006784170400351286, 0.0007814170094206929, 0.000260333064943552, 0.0011425829725340009, 0.0004146670689806342, 0.00044466694816946983, 0.0004805419594049454, 0.0005147920455783606, 0.0006006660405546427, 0.0006726669380441308, 0.0006690419977530837]",1.6986875911496664,1.6823918476355264,0.5000003516034225,0.04579115582152384,0.11846380874056298,True,31.0,31.0
12,22,200,True,converged,2.608260417007841,17,"[0, 3, 3, 2, 2, 1, 1, 1, 1, 1, 1, 1]","[0.01850862498395145, 0.193471375037916, 0.43279458303004503, 0.2433180840453133, 0.5992944169556722, 0.11002512509003282, 0.1313854999607429, 0.14103154197800905, 0.15218191593885422, 0.16591379104647785, 0.1878631670260802, 0.2035127499839291]","[""converged"", ""converged"", ""converged"", ""converged"", ""converged"", ""converged"", ""converged"", ""converged"", ""converged"", ""converged"", ""converged"", ""converged""]",1.6636021107107866,0.5000001455553977,True,converged,0.10677829198539257,4,"[0, 1, 1, 1, 1, 0, 0, 0, 0, 0, 0, 0]","[1.791701652109623e-05, 0.0006698750657960773, 0.0007844159845262766, 0.0010217089438810945, 0.001159291947260499, 0.0004425829974934459, 0.00048033404164016247, 0.0005562088917940855, 0.0007176250219345093, 0.0007698331028223038, 0.0007145419949665666, 0.0007486660033464432]",1.6797271143106913,1.663640085453377,0.4993544609072535,0.044994299550028476,0.10735214541177533,True,28.0,28.0
12,23,200,True,converged,3.9146932089934126,20,"[0, 3, 3, 4, 2, 2, 1, 1, 1, 1, 1, 1]","[0.019044999964535236, 0.2167319169966504, 0.45230237499345094, 1.6240685409866273, 0.2615136250387877, 0.33825862500816584, 0.1256741249235347, 0.14035941602196544, 0.14918570802547038, 0.16521895898040384, 0.18698241701349616, 0.2041093329899013]","[""converged"", ""converged"", ""converged"", ""converged"", ""converged"", ""converged"", ""converged"", ""converged"", ""converged"", ""converged"", ""converged"", ""converged""]",1.9226024316463706,0.49999999999999667,True,converged,0.10754204203840345,5,"[0, 1, 1, 1, 1, 1, 0, 0, 0, 0, 0, 0]","[2.1625077351927757e-05, 0.000597667065449059, 0.0007210000185295939, 0.0011253328993916512, 0.00122637499589473, 0.0014267080696299672, 0.0005794580793008208, 0.0006075000856071711, 0.0006635410245507956, 0.0008057079976424575, 0.0007262090221047401, 0.0007986249402165413]",1.9408782431685019,1.9224741886360524,0.5009687835049119,0.0510507223793146,0.1148467446836437,True,37.0,37.0
12,24,200,True,converged,1.7891972080105916,14,"[0, 4, 1, 1, 1, 1, 1, 1, 1, 1, 1, 1]","[0.019165541976690292, 0.4064274999545887, 0.07125958299729973, 0.07854712498374283, 0.09465095808263868, 0.10932441696058959, 0.1261478749802336, 0.1401609160238877, 0.15367558295838535, 0.17176329100038856, 0.18508008390199393, 0.20319183391984552]","[""converged"", ""converged"", ""converged"", ""converged"", ""converged"", ""converged"", ""converged"", ""converged"", ""converged"", ""converged"", ""converged"", ""converged""]",1.1496736408330248,0.5000000000000003,True,converged,0.10477874998468906,2,"[0, 1, 1, 0, 0, 0, 0, 0, 0, 0, 0, 0]","[1.8290942534804344e-05, 0.0007039170013740659, 0.0007004999788478017, 0.00024941598530858755, 0.0003095419378951192, 0.00035508396103978157, 0.0004005410009995103, 0.00044583401177078485, 0.000504625029861927, 0.0005454159108921885, 0.0005844159750267863, 0.0006371249910444021]",1.1617269047211682,1.1497659677177172,0.501267464196628,0.03737236773620392,0.09500694350366296,True,15.0,15.0
12,25,200,True,converged,2.3054103329777718,16,"[0, 4, 1, 2, 1, 2, 1, 1, 1, 1, 1, 1]","[0.018933749990537763, 0.2645308329956606, 0.06230441702064127, 0.4170322499703616, 0.0949089580681175, 0.4502885420806706, 0.12028166698291898, 0.13346562499646097, 0.1569912499981001, 0.17233179206959903, 0.18716199998743832, 0.19785525009501725]","[""converged"", ""converged"", ""converged"", ""converged"", ""converged"", ""converged"", ""converged"", ""converged"", ""converged"", ""converged"", ""converged"", ""converged""]",1.5288997483410234,0.49999999999999856,True,converged,0.10354266699869186,3,"[0, 1, 0, 1, 0, 1, 0, 0, 0, 0, 0, 0]","[1.2167030945420265e-05, 0.0006533749401569366, 0.00017770903650671244, 0.0008618748979642987, 0.0003162079956382513, 0.001207791967317462, 0.0004289590287953615, 0.0004723749589174986, 0.0005347079131752253, 0.0006008329801261425, 0.0006321669789031148, 0.0007002910133451223]",1.5437324247412125,1.528884935096679,0.5001330889865202,0.04188748630665554,0.10762754420768196,True,34.0,34.0
12,26,200,True,converged,3.8893490839982405,15,"[0, 4, 2, 1, 1, 1, 1, 1, 1, 1, 1, 1]","[0.01838495908305049, 2.261278875055723, 0.3276093329768628, 0.0791977079352364, 0.09203570801764727, 0.1059273750288412, 0.12064891599584371, 0.1401591249741614, 0.1575911670224741, 0.1741782920435071, 0.1877769170096144, 0.1959813330322504]","[""converged"", ""converged"", ""converged"", ""converged"", ""converged"", ""converged"", ""converged"", ""converged"", ""converged"", ""converged"", ""converged"", ""converged""]",1.7364277986509442,0.5000000003511489,True,converged,0.10172716598026454,2,"[0, 1, 1, 0, 0, 0, 0, 0, 0, 0, 0, 0]","[1.195794902741909e-05, 0.0006081670289859176, 0.0007277500117197633, 0.0002651249524205923, 0.00031658296938985586, 0.0003537079319357872, 0.0003871659282594919, 0.00043400004506111145, 0.0005168750649318099, 0.0005636669229716063, 0.0006024590693414211, 0.0006425839383155107]",1.7527887908350352,1.73643602084657,0.50024994450688,0.04602287110012105,0.11656989167493939,True,48.0,48.0
12,27,200,True,converged,2.535165000008419,17,"[0, 3, 1, 3, 1, 3, 1, 1, 1, 1, 1, 1]","[0.018438790924847126, 0.2741986670298502, 0.06404516694601625, 0.4987404169514775, 0.09108425001613796, 0.5852164999814704, 0.12368837499525398, 0.13877058296930045, 0.15011945797596127, 0.16897975001484156, 0.1894312909571454, 0.20204754103906453]","[""converged"", ""converged"", ""converged"", ""converged"", ""converged"", ""converged"", ""converged"", ""converged"", ""converged"", ""converged"", ""converged"", ""converged""]",1.619550509813434,0.5000000024967837,True,converged,0.1054793749935925,3,"[0, 1, 0, 1, 0, 1, 0, 0, 0, 0, 0, 0]","[1.7290934920310974e-05, 0.0005902079865336418, 0.0001740830484777689, 0.000865332898683846, 0.0003178330371156335, 0.001216250006109476, 0.00046433298848569393, 0.0004865829832851887, 0.0005333749577403069, 0.0005905410507693887, 0.0006822498980909586, 0.0007250841008499265]",1.6351904383535096,1.6196484759494252,0.5000205895935418,0.04527345950717045,0.10937069876384427,True,40.0,40.0
12,28,200,True,converged,2.5602457500062883,15,"[0, 3, 1, 2, 1, 2, 1, 1, 1, 1, 1, 1]","[0.0196082079783082, 0.3721203750465065, 0.06345149991102517, 0.44663387502077967, 0.09547745808959007, 0.5603521250886843, 0.12664908298756927, 0.14209541701711714, 0.1558313750429079, 0.16603399999439716, 0.17981370899360627, 0.20266091695521027]","[""converged"", ""converged"", ""converged"", ""converged"", ""converged"", ""converged"", ""converged"", ""converged"", ""converged"", ""converged"", ""converged"", ""converged""]",1.3446144087949907,0.5000005594473226,True,converged,0.10713812499307096,3,"[0, 1, 0, 1, 0, 1, 0, 0, 0, 0, 0, 0]","[2.3416010662913322e-05, 0.0007053749868646264, 0.00017845898400992155, 0.0008526659803465009, 0.0003282079705968499, 0.0012244160752743483, 0.00045250006951391697, 0.00046970893163233995, 0.0005504169967025518, 0.0005789579590782523, 0.0006605839589610696, 0.0006766250589862466]",1.3574494083495228,1.3446592010018301,0.5001972254558114,0.04016260348562078,0.12259355992060843,True,37.0,37.0
12,29,200,True,converged,2.288738875067793,16,"[0, 3, 1, 3, 2, 1, 1, 1, 1, 1, 1, 1]","[0.01905091607477516, 0.3422753750346601, 0.06203987495973706, 0.42948033404536545, 0.3232893339591101, 0.11008166696410626, 0.12038933392614126, 0.1355707080801949, 0.15368400001898408, 0.1717902080854401, 0.1871549590723589, 0.20381508395075798]","[""converged"", ""converged"", ""converged"", ""converged"", ""converged"", ""converged"", ""converged"", ""converged"", ""converged"", ""converged"", ""converged"", ""converged""]",2.109468596198865,0.5000000003883416,True,converged,0.10342712502460927,3,"[0, 1, 0, 1, 1, 0, 0, 0, 0, 0, 0, 0]","[1.8291990272700787e-05, 0.000698207993991673, 0.00018099998123943806, 0.0009124589851126075, 0.0010827090591192245, 0.0004220410482957959, 0.00044883391819894314, 0.0005090830381959677, 0.0005396670894697309, 0.0005922500276938081, 0.000660583027638495, 0.0006914580008015037]",2.1297630483432606,2.1095726128644596,0.5010737826100402,0.04880551544886877,0.10688816115834315,True,41.0,41.0
12,30,200,True,converged,3.9917985840002075,15,"[0, 2, 1, 3, 1, 2, 1, 1, 1, 1, 1, 1]","[0.018809915985912085, 0.18649116693995893, 0.06322908296715468, 1.3487647079164162, 0.09489804203622043, 1.2711118339793757, 0.12306820799130946, 0.13767112500499934, 0.1556894580135122, 0.17463454196695238, 0.18829675007145852, 0.1956663749879226]","[""converged"", ""converged"", ""converged"", ""converged"", ""converged"", ""converged"", ""converged"", ""converged"", ""converged"", ""converged"", ""converged"", ""converged""]",0.7824284133220418,0.5000000001923074,True,converged,0.1120733330026269,3,"[0, 1, 0, 1, 0, 1, 0, 0, 0, 0, 0, 0]","[1.3499986380338669e-05, 0.0006539170863106847, 0.0002199159935116768, 0.0010564170079305768, 0.00040829204954206944, 0.0015104999765753746, 0.0005889160092920065, 0.0006401250138878822, 0.000709792017005384, 0.0007812920957803726, 0.0008079999824985862, 0.0008707910310477018]",0.7900322537594574,0.7824772614091193,0.5001914885139666,0.030614679526469648,0.0844961167478047,True,25.0,25.0
12,31,200,True,converged,4.211564291967079,20,"[0, 4, 3, 3, 2, 1, 1, 1, 1, 1, 1, 2]","[0.018525041989050806, 0.57140741602052, 0.38439641695003957, 1.283337999950163, 0.27766608307138085, 0.10939095797948539, 0.12444029189646244, 0.13444941595662385, 0.14934287499636412, 0.17093404196202755, 0.20470112503971905, 0.7538348749512807]","[""converged"", ""converged"", ""converged"", ""converged"", ""converged"", ""converged"", ""converged"", ""converged"", ""converged"", ""converged"", ""converged"", ""converged""]",1.602055436880065,0.49999999999999856,True,converged,0.10718662501312792,5,"[0, 1, 1, 1, 1, 0, 0, 0, 0, 0, 0, 1]","[1.1124997399747372e-05, 0.0006294170161709189, 0.000744833960197866, 0.0009749169694259763, 0.0011590829817578197, 0.0004571249010041356, 0.0004891250282526016, 0.0005246659275144339, 0.0005679159658029675, 0.0006389999762177467, 0.000699999975040555, 0.0021743749966844916]",1.6178522955418564,1.602178921196992,0.5001715342670089,0.04616416236095423,0.14235846496442658,True,35.0,35.0
12,32,200,True,converged,3.8981529170414433,20,"[0, 3, 1, 3, 1, 3, 3, 1, 1, 1, 1, 2]","[0.019465541001409292, 0.18943974992725998, 0.06449487491045147, 0.3195151250110939, 0.09097429097164422, 0.7448078750167042, 1.0993932499550283, 0.1340808749664575, 0.15393145894631743, 0.17108024994377047, 0.18546804192010313, 0.6959533339831978]","[""converged"", ""converged"", ""converged"", ""converged"", ""converged"", ""converged"", ""converged"", ""converged"", ""converged"", ""converged"", ""converged"", ""converged""]",1.9235893907866621,0.5000000000000004,True,converged,0.10904683300759643,5,"[0, 1, 0, 1, 0, 1, 1, 0, 0, 0, 0, 1]","[1.8666964024305344e-05, 0.0006803339347243309, 0.00017120898701250553, 0.0008378750644624233, 0.000323333078995347, 0.0012696250341832638, 0.0015297919744625688, 0.0005877499934285879, 0.0005938749527558684, 0.0006306669674813747, 0.0006977909943088889, 0.0022839580196887255]",1.94195072255492,1.9236695901016945,0.5001023886552308,0.04785353942543487,0.11178311529887618,True,38.0,38.0
12,33,200,False,rank_osqp_failed,6.196196167031303,19,"[0, 7, 0, 3, 1, 2, 1, 1, 1, 1, 1, 1]","[0.019145958009175956, 1.0324463340220973, 3.1590293750632554, 0.5307156669441611, 0.09297487500589341, 0.36028954200446606, 0.12473662488628179, 0.1347093340009451, 0.1500981249846518, 0.17000483302399516, 0.1884237079648301, 0.20298712502699345]","[""converged"", ""converged"", ""osqp_failed"", ""converged"", ""converged"", ""converged"", ""converged"", ""converged"", ""converged"", ""converged"", ""converged"", ""converged""]",0.9675397993343764,0.020390420640155872,True,converged,0.1068375000031665,4,"[0, 1, 1, 1, 0, 1, 0, 0, 0, 0, 0, 0]","[2.0166044123470783e-05, 0.0006262499373406172, 0.0008272499544546008, 0.0009562079794704914, 0.00038895895704627037, 0.0013255829690024257, 0.0004970419686287642, 0.0005050830077379942, 0.0005911659682169557, 0.0006294590421020985, 0.0006564580835402012, 0.0007345419144257903]",0.9812615486724406,0.9718428073663582,0.5000115399588354,,,,,
12,34,200,True,converged,5.1871356250485405,19,"[0, 4, 1, 4, 2, 1, 2, 1, 1, 1, 1, 1]","[0.01843229099176824, 2.9323533340357244, 0.06267800007481128, 0.4268750830087811, 0.3073385829338804, 0.11022854095790535, 0.440500249969773, 0.13864795898552984, 0.15686025004833937, 0.1734504159539938, 0.18884620792232454, 0.20156004198361188]","[""converged"", ""converged"", ""converged"", ""converged"", ""converged"", ""converged"", ""converged"", ""converged"", ""converged"", ""converged"", ""converged"", ""converged""]",1.1493420103204686,0.49953080494427743,True,converged,0.10610258299857378,4,"[0, 1, 0, 1, 1, 0, 1, 0, 0, 0, 0, 0]","[1.4915945939719677e-05, 0.0006332499906420708, 0.0001805830979719758, 0.000867250026203692, 0.0011135409586131573, 0.00039958301931619644, 0.001626624958589673, 0.0006365419831126928, 0.0006431670626625419, 0.0006420419085770845, 0.0006694999756291509, 0.0007008750690147281]",1.1602444607392095,1.1493453209573874,0.5000182747212537,0.03841267492587539,0.10484480883746922,True,30.0,30.0
12,35,200,False,rank_osqp_failed,23.413149834028445,22,"[0, 1, 0, 4, 1, 3, 4, 3, 3, 1, 1, 1]","[0.018937291926704347, 0.04760312498547137, 3.180484333075583, 1.2670200840802863, 0.09353200008627027, 1.1279564580181614, 1.7350478749722242, 0.8661499159643427, 14.489191374974325, 0.16457591694779694, 0.18709999998100102, 0.20408929197583348]","[""converged"", ""converged"", ""osqp_failed"", ""converged"", ""converged"", ""converged"", ""converged"", ""converged"", ""converged"", ""converged"", ""converged"", ""converged""]",1.475634466666916,0.01758468465063647,True,converged,0.11165016691666096,8,"[0, 0, 1, 1, 0, 1, 1, 3, 1, 0, 0, 0]","[1.9082915969192982e-05, 0.00015199999324977398, 0.000714499969035387, 0.0008614169200882316, 0.0002966249594464898, 0.0012493750546127558, 0.0014667910290881991, 0.00596483307890594, 0.002151958062313497, 0.0007997500943019986, 0.0008435830241069198, 0.0009101659525185823]",1.4998290119099682,1.4859521296749463,0.5003946987294648,,,,,
12,36,200,True,converged,1.4153142080176622,11,"[0, 1, 1, 1, 1, 1, 1, 1, 1, 1, 1, 1]","[0.019493125029839575, 0.04868274996988475, 0.06351024995092303, 0.07674674992449582, 0.09135195799171925, 0.10617487505078316, 0.1252195000415668, 0.13936950010247529, 0.1547911249799654, 0.1699785840464756, 0.18844825006090105, 0.20233620901126415]","[""converged"", ""converged"", ""converged"", ""converged"", ""converged"", ""converged"", ""converged"", ""converged"", ""converged"", ""converged"", ""converged"", ""converged""]",0.9105275078214965,0.6972738585491596,True,converged,0.10074462508782744,0,"[0, 0, 0, 0, 0, 0, 0, 0, 0, 0, 0, 0]","[1.1749914847314358e-05, 0.00012075004633516073, 0.00012745906133204699, 0.000163540942594409, 0.00022962503135204315, 0.00033845799043774605, 0.00032758398447185755, 0.0003537499578669667, 0.00042587495408952236, 0.00044245796743780375, 0.0005228749942034483, 0.0005742079811170697]",0.9192191968840219,0.9105065692907794,0.6956371576236027,0.03337735662778773,0.08067342616516734,True,31.0,31.0
12,37,200,True,converged,2.119626250001602,14,"[0, 3, 2, 1, 1, 1, 1, 1, 1, 1, 1, 1]","[0.018641458940692246, 0.6439905419247225, 0.18645045801531523, 0.07806666602846235, 0.09108716703485698, 0.1090254170121625, 0.12554849998559803, 0.13491116696968675, 0.15455762506462634, 0.16527354205027223, 0.18521516700275242, 0.19751412502955645]","[""converged"", ""converged"", ""converged"", ""converged"", ""converged"", ""converged"", ""converged"", ""converged"", ""converged"", ""converged"", ""converged"", ""converged""]",1.5835432408756258,0.500000354589143,True,converged,0.10233420797158033,2,"[0, 1, 1, 0, 0, 0, 0, 0, 0, 0, 0, 0]","[1.7124926671385765e-05, 0.0006111250258982182, 0.0007830420508980751, 0.00025529193226248026, 0.00029229093343019485, 0.00037337501998990774, 0.00041987502481788397, 0.000462499912828207, 0.0004813750274479389, 0.0005470420001074672, 0.0005880419630557299, 0.0006169589469209313]",1.5981789016677952,1.583653297945827,0.5004618456132841,0.04363289800202899,0.12290564286156484,True,34.0,34.0
12,38,200,True,converged,1.4025221250485629,11,"[0, 1, 1, 1, 1, 1, 1, 1, 1, 1, 1, 1]","[0.018593291053548455, 0.04824029095470905, 0.06380775000434369, 0.07796162506565452, 0.09143420902546495, 0.10532866697758436, 0.11999566701706499, 0.13734804198611528, 0.1558762500062585, 0.17158887500409037, 0.18632958305533975, 0.19695629097986966]","[""converged"", ""converged"", ""converged"", ""converged"", ""converged"", ""converged"", ""converged"", ""converged"", ""converged"", ""converged"", ""converged"", ""converged""]",1.2759859994725555,0.8759023911189324,True,converged,0.0985931659815833,0,"[0, 0, 0, 0, 0, 0, 0, 0, 0, 0, 0, 0]","[1.2582982890307903e-05, 0.0001282090088352561, 0.00013299996498972178, 0.0001605410361662507, 0.00020274997223168612, 0.0002478749956935644, 0.0002951669739559293, 0.00034087500534951687, 0.0003811659989878535, 0.00046304205898195505, 0.000503125018440187, 0.0005144160240888596]",1.2881662724025693,1.275956656842251,0.8758105379940276,0.03951194042142162,0.10907293642769492,True,22.0,22.0
12,39,200,True,converged,2.372029750025831,15,"[0, 3, 2, 1, 2, 1, 1, 1, 1, 1, 1, 1]","[0.018233417067676783, 0.6344137090491131, 0.3007381249917671, 0.07682670804206282, 0.24708370910957456, 0.10546354099642485, 0.12104212492704391, 0.1386673339875415, 0.153810124960728, 0.16570000001229346, 0.18078058399260044, 0.20073199993930757]","[""converged"", ""converged"", ""converged"", ""converged"", ""converged"", ""converged"", ""converged"", ""converged"", ""converged"", ""converged"", ""converged"", ""converged""]",0.7856972167586073,0.4999999999999997,True,converged,0.10399408300872892,3,"[0, 1, 1, 0, 1, 0, 0, 0, 0, 0, 0, 0]","[1.9959057681262493e-05, 0.0006267090793699026, 0.000732625019736588, 0.00026424997486174107, 0.0010350419906899333, 0.00039562489837408066, 0.00045262498315423727, 0.0004724169848486781, 0.0005070420447736979, 0.0005934580694884062, 0.0006064160261303186, 0.0006547499215230346]",0.7932111088364413,0.7857002787756133,0.5000145528905642,0.03221144441322276,0.08903705481735699,True,30.0,30.0
12,40,200,True,converged,2.9363216659985483,17,"[0, 4, 1, 4, 1, 1, 1, 1, 1, 1, 1, 1]","[0.018990500015206635, 0.23686070798430592, 0.062317625037394464, 1.4259157079504803, 0.09274858294520527, 0.11052837502211332, 0.12061504204757512, 0.137938917032443, 0.14956091705244035, 0.16448954201769084, 0.1852274580160156, 0.20051508396863937]","[""converged"", ""converged"", ""converged"", ""converged"", ""converged"", ""converged"", ""converged"", ""converged"", ""converged"", ""converged"", ""converged"", ""converged""]",1.264457392282901,0.5000000079313285,True,converged,0.10405383398756385,2,"[0, 1, 0, 1, 0, 0, 0, 0, 0, 0, 0, 0]","[1.9208062440156937e-05, 0.0006546670338138938, 0.00016704096924513578, 0.0008458750089630485, 0.0003079999005421996, 0.00035104097332805395, 0.00037812499795109034, 0.00045479193795472383, 0.0004921249346807599, 0.0005342920776456594, 0.0006082090549170971, 0.0006199160125106573]",1.2771376843149893,1.2645298277650208,0.5014526132532873,0.0439345932103934,0.12563146633673428,True,32.0,32.0
12,41,200,False,rank_osqp_failed,30.868483292055316,24,"[0, 3, 1, 3, 3, 7, 0, 3, 1, 1, 1, 1]","[0.01863120903726667, 2.6632735829334706, 0.06425679102540016, 0.4787205420434475, 1.9107946659205481, 18.311592207988724, 5.375179208000191, 1.3128122079651803, 0.14956504199653864, 0.1657546249916777, 0.18630675005260855, 0.20134720799978822]","[""converged"", ""converged"", ""converged"", ""converged"", ""converged"", ""converged"", ""osqp_failed"", ""converged"", ""converged"", ""converged"", ""converged"", ""converged""]",1.6703278394384329,0.12409928235892484,True,converged,0.11735116702038795,9,"[0, 1, 0, 1, 1, 3, 2, 1, 0, 0, 0, 0]","[1.8000020645558834e-05, 0.0005790409632027149, 0.00017633300740271807, 0.0008797909831628203, 0.0012227919651195407, 0.005532333976589143, 0.0048212079564109445, 0.0020576659590005875, 0.0008045410504564643, 0.0008684589993208647, 0.0009138750610873103, 0.0009560839971527457]",1.6940952244742826,1.6777803805283238,0.5000193210234074,,,,,
12,42,200,False,rank_osqp_failed,6.38636875001248,15,"[0, 3, 3, 0, 1, 2, 1, 1, 1, 1, 1, 1]","[0.019044041051529348, 0.19653529208153486, 1.0602265410125256, 3.6952466249931604, 0.09358924999833107, 0.3165941669140011, 0.12200062500778586, 0.13930262508802116, 0.15442329098004848, 0.17032987507991493, 0.18571524997241795, 0.2025309579912573]","[""converged"", ""converged"", ""converged"", ""osqp_failed"", ""converged"", ""converged"", ""converged"", ""converged"", ""converged"", ""converged"", ""converged"", ""converged""]",1.6610549793996594,0.05653757528251396,True,converged,0.10801212501246482,5,"[0, 1, 2, 1, 0, 1, 0, 0, 0, 0, 0, 0]","[2.0915991626679897e-05, 0.0006042920285835862, 0.0019577910425141454, 0.0010180000681430101, 0.0003885420737788081, 0.001374332932755351, 0.0005229589296504855, 0.0006026249611750245, 0.0006380421109497547, 0.0006842500297352672, 0.0007312499219551682, 0.0007592079928144813]",1.6794410718601656,1.6636225972463985,0.5007735540932693,,,,,
12,43,200,True,converged,1.9429907080484554,14,"[0, 2, 1, 2, 2, 1, 1, 1, 1, 1, 1, 1]","[0.018719541956670582, 0.13589116604998708, 0.06416083301883191, 0.3405325839994475, 0.28342149988748133, 0.10732674994505942, 0.12738804100081325, 0.14099866605829448, 0.14980541600380093, 0.16550875001121312, 0.18058829207438976, 0.19645104103256017]","[""converged"", ""converged"", ""converged"", ""converged"", ""converged"", ""converged"", ""converged"", ""converged"", ""converged"", ""converged"", ""converged"", ""converged""]",2.0432004297715074,0.4999813983061528,True,converged,0.10500529094133526,3,"[0, 1, 0, 1, 1, 0, 0, 0, 0, 0, 0, 0]","[2.13750172406435e-05, 0.0005764579400420189, 0.00016783399041742086, 0.0008583340095356107, 0.0010942500084638596, 0.0005284160142764449, 0.0005076250527054071, 0.0005417920183390379, 0.0005799579666927457, 0.0006197920301929116, 0.0006606249371543527, 0.0007082080701366067]",2.0627595515061286,2.0431806206815946,0.500230118995933,0.049258972814471946,0.11620771915946736,True,47.0,47.0
12,44,200,True,converged,3.107771207927726,16,"[0, 4, 1, 2, 2, 1, 1, 1, 1, 1, 1, 1]","[0.01855937496293336, 1.326257250038907, 0.061992542003281415, 0.3443675839807838, 0.2642782919574529, 0.1049827920505777, 0.12012587499339134, 0.13607954198960215, 0.1559726659907028, 0.16403970797546208, 0.18382904201280326, 0.1951530419755727]","[""converged"", ""converged"", ""converged"", ""converged"", ""converged"", ""converged"", ""converged"", ""converged"", ""converged"", ""converged"", ""converged"", ""converged""]",1.327007735025955,0.49981442851536817,True,converged,0.10411570791620761,4,"[0, 1, 0, 1, 2, 0, 0, 0, 0, 0, 0, 0]","[1.1499971151351929e-05, 0.0005843749968335032, 0.00016583397518843412, 0.000825291033834219, 0.0023579589324072003, 0.0004414169816300273, 0.0004850829718634486, 0.0005332499276846647, 0.0005890830652788281, 0.0006288749864324927, 0.0006889579817652702, 0.0007323749596253037]",1.3396178427788539,1.3270103570018899,0.5001407095928263,0.03908609220758025,0.08424361000695116,True,30.0,30.0
12,45,200,True,converged,1.7330119999824092,14,"[0, 2, 3, 1, 1, 1, 1, 1, 1, 1, 1, 1]","[0.01903941691853106, 0.09750895807519555, 0.3397722919471562, 0.07677758403588086, 0.09244904201477766, 0.11263770796358585, 0.1228204999351874, 0.13866895902901888, 0.153293416951783, 0.1695807499345392, 0.18019791704136878, 0.20039804198313504]","[""converged"", ""converged"", ""converged"", ""converged"", ""converged"", ""converged"", ""converged"", ""converged"", ""converged"", ""converged"", ""converged"", ""converged""]",1.3936480107610076,0.5000000000000024,True,converged,0.10432533302810043,2,"[0, 1, 1, 0, 0, 0, 0, 0, 0, 0, 0, 0]","[2.0542065612971783e-05, 0.0005463750567287207, 0.0007051669526845217, 0.00025341601576656103, 0.00030162499751895666, 0.0003589580301195383, 0.0005020840326324105, 0.0005123750306665897, 0.0005281249759718776, 0.0006264579715207219, 0.0006001669680699706, 0.000647209002636373]",1.407007007841406,1.393676895806089,0.5007894628577392,0.04266905607448064,0.09595008319587962,True,41.0,41.0
12,46,200,True,converged,2.4389825830003247,18,"[0, 4, 1, 3, 2, 2, 1, 1, 1, 1, 1, 1]","[0.019136250019073486, 0.3082258750218898, 0.06287687493022531, 0.47558695799671113, 0.30831791704986244, 0.26559108297806233, 0.12091912503819913, 0.13655900000594556, 0.1551707920152694, 0.16917025006841868, 0.18386983301024884, 0.20074541703797877]","[""converged"", ""converged"", ""converged"", ""converged"", ""converged"", ""converged"", ""converged"", ""converged"", ""converged"", ""converged"", ""converged"", ""converged""]",1.3585567131719254,0.5000000000000001,True,converged,0.11258362501394004,4,"[0, 1, 0, 1, 1, 1, 0, 0, 0, 0, 0, 0]","[1.5291967429220676e-05, 0.0006061659660190344, 0.00021654204465448856, 0.0010955000761896372, 0.0013176249340176582, 0.0016624999698251486, 0.0006325839785858989, 0.0007252499926835299, 0.0007636670488864183, 0.0008291670819744468, 0.000893042073585093, 0.0009480000007897615]",1.3719667736752006,1.3586922582610002,0.5000126179225198,0.04461619791376768,0.11958939172120181,True,30.0,30.0
12,47,200,True,converged,1.4579697080189362,12,"[0, 2, 1, 1, 1, 1, 1, 1, 1, 1, 1, 1]","[0.018648000084795058, 0.10151754098478705, 0.06323641689959913, 0.07912870903965086, 0.09339520800858736, 0.10548866703175008, 0.12229745800141245, 0.1423397499602288, 0.15353900007903576, 0.16425983398221433, 0.18831062503159046, 0.19633062498178333]","[""converged"", ""converged"", ""converged"", ""converged"", ""converged"", ""converged"", ""converged"", ""converged"", ""converged"", ""converged"", ""converged"", ""converged""]",1.3116223385058052,0.5000014827485999,True,converged,0.1003913339227438,1,"[0, 1, 0, 0, 0, 0, 0, 0, 0, 0, 0, 0]","[1.091696321964264e-05, 0.000537874992005527, 0.00017254194244742393, 0.00021950004156678915, 0.00027370802126824856, 0.000301457941532135, 0.0003577499883249402, 0.00039379100780934095, 0.0004325410118326545, 0.0005104999290779233, 0.0005640001036226749, 0.0005916249938309193]",1.3241581843294172,1.3116127197118135,0.5000111331489944,0.040437331252195674,0.08713946449687215,True,27.0,27.0
12,48,200,True,converged,3.8746170829981565,16,"[0, 4, 1, 3, 1, 1, 1, 1, 1, 1, 1, 1]","[0.018499209079891443, 1.4024010420544073, 0.06265491608064622, 1.1995515830349177, 0.09180999989621341, 0.10721445898525417, 0.12510187493171543, 0.13784116692841053, 0.15029641706496477, 0.1628437910694629, 0.18551079090684652, 0.20181337499525398]","[""converged"", ""converged"", ""converged"", ""converged"", ""converged"", ""converged"", ""converged"", ""converged"", ""converged"", ""converged"", ""converged"", ""converged""]",1.988612432306349,0.5000000525175592,True,converged,0.10686141694895923,2,"[0, 1, 0, 1, 0, 0, 0, 0, 0, 0, 0, 0]","[1.6874982975423336e-05, 0.0006137919845059514, 0.00017270795069634914, 0.0008768340339884162, 0.0003202080260962248, 0.0003967919619753957, 0.0003928329097107053, 0.000457499991171062, 0.0005086669698357582, 0.0005573329981416464, 0.000607083085924387, 0.0006519169546663761]",2.007819501979061,1.9886080339621268,0.5000002199299216,0.0491692400580898,0.1136691531515634,True,44.0,44.0
12,49,200,True,converged,5.820251666940749,22,"[0, 2, 1, 5, 3, 4, 1, 2, 1, 1, 1, 1]","[0.01904633396770805, 0.09762762498576194, 0.0626706660259515, 1.5634242499945685, 0.6189237079815939, 2.242630667053163, 0.12261199997738004, 0.3428995000431314, 0.15113200002815574, 0.1655140839284286, 0.1836463330546394, 0.21975295792799443]","[""converged"", ""converged"", ""converged"", ""converged"", ""converged"", ""converged"", ""converged"", ""converged"", ""converged"", ""converged"", ""converged"", ""converged""]",1.811966775197056,0.4999999999999988,True,converged,0.10937566601205617,5,"[0, 1, 0, 1, 1, 1, 0, 1, 0, 0, 0, 0]","[1.6832957044243813e-05, 0.0005997921107336879, 0.00018783402629196644, 0.0009732090402394533, 0.001049957936629653, 0.001292250002734363, 0.0004884999943897128, 0.001689000055193901, 0.0006264999974519014, 0.0006735409842804074, 0.0007278749253600836, 0.0008062500273808837]",1.8297480839431106,1.8121872108557604,0.5000091140092505,0.048953889728038304,0.12056545261141044,True,43.0,43.0
14,0,200,True,converged,6.645703207934275,24,"[0, 1, 3, 3, 6, 1, 2, 1, 1, 1, 1, 1, 2, 1]","[0.019271707977168262, 0.04864595795515925, 0.2634915419621393, 0.7465313749853522, 2.7815573749830946, 0.10913066694047302, 0.6533235000679269, 0.13970720791257918, 0.16095908300485462, 0.17083725007250905, 0.1835522080073133, 0.20092887501232326, 0.8965206249849871, 0.2291078339330852]","[""converged"", ""converged"", ""converged"", ""converged"", ""converged"", ""converged"", ""converged"", ""converged"", ""converged"", ""converged"", ""converged"", ""converged"", ""converged"", ""converged""]",1.928298211569149,0.49956323656882357,True,converged,0.13363279099576175,6,"[0, 0, 1, 1, 2, 0, 1, 0, 0, 0, 0, 0, 1, 0]","[1.5166937373578548e-05, 0.00014433299656957388, 0.0007154169725254178, 0.0008911669719964266, 0.0025027499068528414, 0.0004568330477923155, 0.0015985840000212193, 0.0005863329861313105, 0.0006211659638211131, 0.0006604579975828528, 0.0007258750265464187, 0.0007775409612804651, 0.0024372090119868517, 0.001066500088199973]",1.9463770720518883,1.928380114567362,0.5000168121625793,0.05035435173392754,0.12516178975749756,True,44.0,44.0
14,1,200,True,converged,4.68970329198055,17,"[0, 3, 2, 1, 1, 1, 2, 1, 1, 1, 1, 1, 1, 1]","[0.019203333067707717, 2.1057878750143573, 0.3184518340276554, 0.07664679200388491, 0.09128387505188584, 0.10672258294653147, 0.6425639579538256, 0.13744308310560882, 0.14944912493228912, 0.16979537496808916, 0.1858982500853017, 0.20068312506191432, 0.2140704171033576, 0.22860729100648314]","[""converged"", ""converged"", ""converged"", ""converged"", ""converged"", ""converged"", ""converged"", ""converged"", ""converged"", ""converged"", ""converged"", ""converged"", ""converged"", ""converged""]",2.150343907162318,0.5000157211072731,True,converged,0.12638908298686147,3,"[0, 1, 1, 0, 0, 0, 1, 0, 0, 0, 0, 0, 0, 0]","[2.0584091544151306e-05, 0.0006995419971644878, 0.0007257499964907765, 0.00026370794512331486, 0.00030558404978364706, 0.0003423749003559351, 0.0013815000420436263, 0.0005015829810872674, 0.000538666034117341, 0.0006121660117059946, 0.0006542080081999302, 0.0007075000321492553, 0.0007574999472126365, 0.000819458975456655]",2.170966312054945,2.150335691210543,0.500010974486145,0.053639392479814314,0.11076862001403269,True,50.0,50.0
14,2,200,True,converged,3.2798204160062596,20,"[0, 4, 1, 3, 1, 3, 1, 1, 1, 1, 1, 1, 1, 1]","[0.018821583013050258, 0.37496641697362065, 0.06323108298238367, 0.40743579098489136, 0.09366237500216812, 0.8151095830835402, 0.1746299589285627, 0.13916345802135766, 0.15058162505738437, 0.17041308304760605, 0.18397925002500415, 0.19526816706638783, 0.2169155420269817, 0.23517012491356581]","[""converged"", ""converged"", ""converged"", ""converged"", ""converged"", ""converged"", ""converged"", ""converged"", ""converged"", ""converged"", ""converged"", ""converged"", ""converged"", ""converged""]",1.459152413749409,0.5000000000000003,True,converged,0.1268000000854954,4,"[0, 1, 0, 1, 0, 1, 1, 0, 0, 0, 0, 0, 0, 0]","[1.2333039194345474e-05, 0.0005707499803975224, 0.00017441704403609037, 0.0008484579157084227, 0.0002997079864144325, 0.0012423750013113022, 0.0013826250797137618, 0.000537874992005527, 0.0005888330051675439, 0.000648292014375329, 0.000661291996948421, 0.000724540906958282, 0.0007865829393267632, 0.0008293749997392297]",1.4731945050321322,1.4592016329612714,0.5000048385259669,0.04380134267789916,0.10904076842791174,True,45.0,45.0
14,3,200,True,converged,3.3107242920668796,18,"[0, 3, 1, 2, 1, 3, 1, 1, 1, 1, 1, 1, 1, 1]","[0.018532250076532364, 0.3361850419314578, 0.06287937494926155, 0.3514042920432985, 0.09385825006756932, 1.0109602500451729, 0.1213972499826923, 0.1350939580006525, 0.1490081250667572, 0.16685733303893358, 0.18334874999709427, 0.20157120807562023, 0.2119297079043463, 0.22758754098322242]","[""converged"", ""converged"", ""converged"", ""converged"", ""converged"", ""converged"", ""converged"", ""converged"", ""converged"", ""converged"", ""converged"", ""converged"", ""converged"", ""converged""]",1.9547610320386313,0.49961326872865736,True,converged,0.12885133305098861,3,"[0, 1, 0, 1, 0, 1, 0, 0, 0, 0, 0, 0, 0, 0]","[1.0916031897068024e-05, 0.00059291603974998, 0.00017991696950048208, 0.0008779169293120503, 0.00031150004360824823, 0.0012167079839855433, 0.00045249995309859514, 0.0004883750807493925, 0.0005580830620601773, 0.0005899999523535371, 0.0006414171075448394, 0.0006917080609127879, 0.0007206669542938471, 0.0007844590581953526]",1.9733289089964332,1.9547733709999355,0.5000733315851814,0.051448488407611084,0.11356079514861765,True,57.0,57.0
14,4,200,True,converged,3.190588333993219,18,"[0, 3, 2, 1, 1, 1, 1, 2, 1, 1, 1, 1, 1, 2]","[0.019023291999474168, 0.18786912504583597, 0.1822362500242889, 0.07862283405847847, 0.0928007080219686, 0.10585029202047735, 0.12068229098804295, 0.4666201249929145, 0.15293725009541959, 0.17000825004652143, 0.1794241659808904, 0.198750916053541, 0.21730795805342495, 0.9776236669858918]","[""converged"", ""converged"", ""converged"", ""converged"", ""converged"", ""converged"", ""converged"", ""converged"", ""converged"", ""converged"", ""converged"", ""converged"", ""converged"", ""converged""]",1.914578916767686,0.4999999999999992,True,converged,0.13102441595401615,4,"[0, 1, 1, 0, 0, 0, 0, 1, 0, 0, 0, 0, 0, 1]","[1.837499439716339e-05, 0.0006288749864324927, 0.0007587500149384141, 0.0002720000920817256, 0.00033475004602223635, 0.00037037499714642763, 0.000411542016081512, 0.00153066695202142, 0.0005362089723348618, 0.0005848750006407499, 0.0006401250138878822, 0.000669625005684793, 0.0007489160634577274, 0.0024841249687597156]",1.9330721249050893,1.914754055455623,0.5001065962900086,0.0488944291980773,0.12556469271513457,True,57.0,57.0
14,5,200,True,converged,2.9301334579940885,18,"[0, 4, 1, 3, 1, 1, 1, 1, 1, 1, 1, 1, 1, 1]","[0.019008542061783373, 0.5652902920264751, 0.06423808308318257, 0.6243625830393285, 0.09115320898126811, 0.10579712502658367, 0.12336420803330839, 0.1393832500325516, 0.15441024990286678, 0.17148383299354464, 0.18484991695731878, 0.1951697920449078, 0.21727991697844118, 0.23435241705738008]","[""converged"", ""converged"", ""converged"", ""converged"", ""converged"", ""converged"", ""converged"", ""converged"", ""converged"", ""converged"", ""converged"", ""converged"", ""converged"", ""converged""]",1.5215533527225407,0.5000000000001252,True,converged,0.1282588749891147,2,"[0, 1, 0, 1, 0, 0, 0, 0, 0, 0, 0, 0, 0, 0]","[2.204196061939001e-05, 0.0006759170209988952, 0.00017616699915379286, 0.0008993749506771564, 0.00031270901672542095, 0.00035787501838058233, 0.0003600000636652112, 0.00045679102186113596, 0.0005017919465899467, 0.0005602500168606639, 0.0005623749457299709, 0.000616749981418252, 0.0006609580013900995, 0.0007208340102806687]",1.5355149828650714,1.5215442586826349,0.5002231115988018,0.04705579189160144,0.12794347230626896,True,30.0,30.0
14,6,200,True,converged,3.2991825829958543,17,"[0, 3, 1, 2, 1, 1, 1, 1, 2, 1, 1, 1, 1, 1]","[0.019127166946418583, 0.3702637079404667, 0.06344649998936802, 0.6490028750849888, 0.09057095798198134, 0.10602008400019258, 0.12280066695529968, 0.13954979192931205, 0.6999927079305053, 0.16647195909172297, 0.1876232500653714, 0.1997409580508247, 0.21417708310764283, 0.22903295804280788]","[""converged"", ""converged"", ""converged"", ""converged"", ""converged"", ""converged"", ""converged"", ""converged"", ""converged"", ""converged"", ""converged"", ""converged"", ""converged"", ""converged""]",1.766775675501333,0.49999999999999906,True,converged,0.1303914999589324,3,"[0, 1, 0, 1, 0, 0, 0, 0, 1, 0, 0, 0, 0, 0]","[1.3375072740018368e-05, 0.0005695420550182462, 0.00017612508963793516, 0.0008977910038083792, 0.0003107499796897173, 0.00034708296880126, 0.0004095829790458083, 0.0004350410308688879, 0.0015852910000830889, 0.0006025410257279873, 0.0006294170161709189, 0.0006937920115888119, 0.0007169169839471579, 0.0007674159714952111]",1.7838631619215122,1.7667851494307305,0.5007339784484017,0.04912562452997472,0.10699330882432465,True,56.0,56.0
14,7,200,True,converged,7.432101167039946,26,"[0, 3, 1, 4, 4, 4, 1, 3, 1, 1, 1, 1, 1, 1]","[0.01901483302935958, 1.6561234999680892, 0.06235958298202604, 1.8997076669475064, 0.6035407909657806, 0.9078506670193747, 0.12630979099776596, 0.9630535839824006, 0.152450209017843, 0.17144679196644574, 0.17968087492045015, 0.19766433397307992, 0.21649283391889185, 0.23625374992843717]","[""converged"", ""converged"", ""converged"", ""converged"", ""converged"", ""converged"", ""converged"", ""converged"", ""converged"", ""converged"", ""converged"", ""converged"", ""converged"", ""converged""]",1.9945615424199836,0.500000000901903,True,converged,0.13385812507476658,5,"[0, 1, 0, 1, 1, 1, 0, 1, 0, 0, 0, 0, 0, 0]","[1.662492286413908e-05, 0.0006356659578159451, 0.00017908297013491392, 0.0008554999949410558, 0.0010642919223755598, 0.001322958036325872, 0.0004943329840898514, 0.001695791957899928, 0.0006437080446630716, 0.0006879169959574938, 0.0007403750205412507, 0.0007945830002427101, 0.0008500830736011267, 0.0008769590640440583]",2.0135455654237977,1.9944364813661681,0.5002033146969374,0.04893268694186542,0.13689003334649133,True,60.0,60.0
14,8,200,True,converged,3.046379500068724,17,"[0, 2, 2, 2, 1, 1, 1, 1, 1, 1, 2, 1, 1, 1]","[0.018440291984006763, 0.13403275003656745, 0.17183920904062688, 0.19883695803582668, 0.0932304160669446, 0.1089776250300929, 0.12338216707576066, 0.1400878329295665, 0.1499704170273617, 0.16581320797558874, 1.0473743750480935, 0.2035625419812277, 0.21882404200732708, 0.23215137503575534]","[""converged"", ""converged"", ""converged"", ""converged"", ""converged"", ""converged"", ""converged"", ""converged"", ""converged"", ""converged"", ""converged"", ""converged"", ""converged"", ""converged""]",1.4656849798420997,0.500000000000001,True,converged,0.12653758306987584,4,"[0, 1, 1, 1, 0, 0, 0, 0, 0, 0, 1, 0, 0, 0]","[2.2249994799494743e-05, 0.0005964579759165645, 0.0007184159476310015, 0.000937500037252903, 0.0003487920621410012, 0.00039429194293916225, 0.0004485000390559435, 0.0004848330281674862, 0.0005483329296112061, 0.0006048340583220124, 0.0019298340193927288, 0.0007153330370783806, 0.0007716250838711858, 0.0008113749790936708]",1.4796521607163189,1.4656890458539091,0.5002827465226012,0.044542773901051914,0.1350687411735334,True,38.0,38.0
14,9,200,True,converged,3.2188212919281796,17,"[0, 1, 3, 2, 2, 1, 1, 1, 1, 1, 1, 1, 1, 1]","[0.01862625009380281, 0.047280667000450194, 0.6432027090340853, 0.5505926249315962, 0.393212083959952, 0.10825099993962795, 0.12414212501607835, 0.1396553749218583, 0.15358487505000085, 0.16883037507068366, 0.18650054093450308, 0.20072370895650238, 0.2115225000306964, 0.23332091700285673]","[""converged"", ""converged"", ""converged"", ""converged"", ""converged"", ""converged"", ""converged"", ""converged"", ""converged"", ""converged"", ""converged"", ""converged"", ""converged"", ""converged""]",1.2436069920260948,0.5000000031552386,True,converged,0.1356737919850275,3,"[0, 0, 1, 1, 1, 0, 0, 0, 0, 0, 0, 0, 0, 0]","[2.3709028027951717e-05, 0.0001651250058785081, 0.0007099589565768838, 0.0008912080666050315, 0.0010222919518128037, 0.0003980000037699938, 0.0004432080313563347, 0.0005075830267742276, 0.0005378329660743475, 0.0005962909199297428, 0.0006266660057008266, 0.0006780410185456276, 0.0007302499143406749, 0.000794209074229002]",1.2555165490934648,1.2436440007237053,0.500095059157067,0.041213984101807384,0.1282794603690123,True,42.0,42.0
14,10,200,True,converged,8.102252500015311,23,"[0, 3, 1, 3, 7, 1, 1, 1, 1, 1, 1, 1, 1, 1]","[0.018901457893662155, 0.24862170894630253, 0.06366566708311439, 0.3620364590315148, 5.843751792097464, 0.10537579201627523, 0.12410716700833291, 0.14194483298342675, 0.15521950006950647, 0.16699041600804776, 0.1815388329559937, 0.19634295802097768, 0.2161817499436438, 0.23709683399647474]","[""converged"", ""converged"", ""converged"", ""converged"", ""converged"", ""converged"", ""converged"", ""converged"", ""converged"", ""converged"", ""converged"", ""converged"", ""converged"", ""converged""]",2.03744948391274,0.5000000004856467,True,converged,0.1382900410098955,4,"[0, 1, 0, 1, 2, 0, 0, 0, 0, 0, 0, 0, 0, 0]","[1.1040945537388325e-05, 0.0006920000305399299, 0.0002527079777792096, 0.0009023750899359584, 0.00260216707829386, 0.0004454590380191803, 0.00047750002704560757, 0.0005203339969739318, 0.0005825000116601586, 0.0006450420478358865, 0.000691416091285646, 0.0007593750488013029, 0.0007791250245645642, 0.0008148750057443976]",2.05759527700331,2.037893601534594,0.5003796931093614,0.06180672523408508,0.26295045793166594,True,50.0,50.0
14,11,200,True,converged,3.1396513750078157,18,"[0, 3, 1, 3, 2, 1, 1, 1, 1, 1, 1, 1, 1, 1]","[0.018757332931272686, 0.22053437493741512, 0.062429583980701864, 0.9590827499050647, 0.311519332928583, 0.10772979201283306, 0.137943624984473, 0.138805958093144, 0.15044583391863853, 0.16385749995242804, 0.1844353749183938, 0.19819249992724508, 0.21538079192396253, 0.23078304203227162]","[""converged"", ""converged"", ""converged"", ""converged"", ""converged"", ""converged"", ""converged"", ""converged"", ""converged"", ""converged"", ""converged"", ""converged"", ""converged"", ""converged""]",1.4173414366728752,0.5000000000000019,True,converged,0.13194962497800589,4,"[0, 1, 0, 1, 1, 0, 1, 0, 0, 0, 0, 0, 0, 0]","[1.1874944902956486e-05, 0.0005622090538963675, 0.00017387501429766417, 0.0008343750378116965, 0.0010830420069396496, 0.00042016711086034775, 0.0014183750608935952, 0.0005172080127522349, 0.0005819170037284493, 0.0006376249948516488, 0.0006929999217391014, 0.0007144580595195293, 0.0007570830639451742, 0.0007917080074548721]",1.4310467447797421,1.4173189919830778,0.500065412397475,0.04412288238168783,0.11664746697389304,True,36.0,36.0
14,12,200,True,converged,2.6856564580230042,17,"[0, 2, 2, 1, 2, 2, 1, 1, 1, 1, 1, 1, 1, 1]","[0.018661333015188575, 0.10130954091437161, 0.19072295899968594, 0.07867325004190207, 0.4701177079696208, 0.37752158392686397, 0.12329316698014736, 0.14024204097222537, 0.1532393329543993, 0.16504416603129357, 0.17996379197575152, 0.19856208295095712, 0.2150299169588834, 0.23373783298302442]","[""converged"", ""converged"", ""converged"", ""converged"", ""converged"", ""converged"", ""converged"", ""converged"", ""converged"", ""converged"", ""converged"", ""converged"", ""converged"", ""converged""]",1.7553938776297804,0.49999999999999967,True,converged,0.1281399589497596,4,"[0, 1, 1, 0, 1, 1, 0, 0, 0, 0, 0, 0, 0, 0]","[2.0083971321582794e-05, 0.0006368750473484397, 0.0007355409907177091, 0.00025408307556062937, 0.0010457499884068966, 0.0012565420474857092, 0.000501041067764163, 0.0005309580592438579, 0.0006010839715600014, 0.00062579195946455, 0.0006518750451505184, 0.0007290829671546817, 0.0007742500165477395, 0.0008356659673154354]",1.7721241468343074,1.7553792288824521,0.5001320792501397,0.04798866078280515,0.13348457193563826,True,51.0,51.0
14,13,200,True,converged,5.152526583056897,22,"[0, 1, 6, 3, 2, 2, 1, 1, 1, 1, 1, 1, 1, 1]","[0.018595833098515868, 0.04659066698513925, 2.699754750006832, 0.32785404194146395, 0.27461008401587605, 0.33699362503830343, 0.12434133293572813, 0.1345792500069365, 0.15093395800795406, 0.17005262500606477, 0.18439879198558629, 0.19599495793227106, 0.21424333297181875, 0.23341812496073544]","[""converged"", ""converged"", ""converged"", ""converged"", ""converged"", ""converged"", ""converged"", ""converged"", ""converged"", ""converged"", ""converged"", ""converged"", ""converged"", ""converged""]",1.6960879301205645,0.5000000000000003,True,converged,0.13409137504640967,4,"[0, 0, 1, 1, 1, 1, 0, 0, 0, 0, 0, 0, 0, 0]","[1.8040998838841915e-05, 0.00014245789498090744, 0.0007866659434512258, 0.0008845409611240029, 0.0010587499709799886, 0.0013279169797897339, 0.0004910830175504088, 0.0005650409730151296, 0.0005825000116601586, 0.0006360830739140511, 0.0007181669352576137, 0.0007309999782592058, 0.0008266660152003169, 0.0010059999767690897]",1.7125192271212528,1.6960452794828649,0.5000695899179257,0.047219524251592954,0.11399926299240952,True,53.0,53.0
14,14,200,True,converged,1.9995104169938713,15,"[0, 3, 1, 1, 1, 1, 1, 1, 1, 1, 1, 1, 1, 1]","[0.018606584053486586, 0.19171004206873477, 0.0640505839837715, 0.0780007909052074, 0.09414741594810039, 0.10621466697193682, 0.12100287503562868, 0.13634233304765075, 0.154542125063017, 0.17079749994445592, 0.18067187501583248, 0.19833691709209234, 0.2108630419243127, 0.23463541606906801]","[""converged"", ""converged"", ""converged"", ""converged"", ""converged"", ""converged"", ""converged"", ""converged"", ""converged"", ""converged"", ""converged"", ""converged"", ""converged"", ""converged""]",1.3777423385469232,0.5000000103489596,True,converged,0.13242620800156146,1,"[0, 1, 0, 0, 0, 0, 0, 0, 0, 0, 0, 0, 0, 0]","[1.970806624740362e-05, 0.0005920410621911287, 0.00017562508583068848, 0.0002221670001745224, 0.00025654106866568327, 0.0003087500808760524, 0.00034204102121293545, 0.00041537510696798563, 0.000451417057774961, 0.0004535410553216934, 0.0005613749381154776, 0.0006160830380395055, 0.0006451670778915286, 0.0006785410223528743]",1.3909673865427756,1.3777609821274037,0.5000024306793435,0.04265109190828504,0.126899681807499,True,39.0,39.0
14,15,200,True,converged,2.244700000039302,17,"[0, 4, 1, 2, 1, 1, 1, 1, 1, 1, 1, 1, 1, 1]","[0.01910637505352497, 0.3211084579816088, 0.061951000010594726, 0.1779298329493031, 0.09260912495665252, 0.1101676250109449, 0.12236020795535296, 0.13821262505371124, 0.15620933391619474, 0.1698494169395417, 0.1824035410536453, 0.2009140410227701, 0.21629958297125995, 0.23579820897430182]","[""converged"", ""converged"", ""converged"", ""converged"", ""converged"", ""converged"", ""converged"", ""converged"", ""converged"", ""converged"", ""converged"", ""converged"", ""converged"", ""converged""]",1.6916442983468185,0.49999999999999795,True,converged,0.1279669590294361,2,"[0, 1, 0, 1, 0, 0, 0, 0, 0, 0, 0, 0, 0, 0]","[2.4499953724443913e-05, 0.0006947920192033052, 0.0001794169656932354, 0.0008578749839216471, 0.00031949998810887337, 0.0003765419824048877, 0.0004284169990569353, 0.00047495809849351645, 0.0005347500555217266, 0.0006028750212863088, 0.0006542500341311097, 0.0006924159824848175, 0.0007128750439733267, 0.0007584160193800926]",1.7079582850451374,1.6917160854101494,0.5002176032942944,0.04689544229635125,0.10098701283711702,True,53.0,53.0
14,16,200,True,converged,13.551568333990872,26,"[0, 3, 1, 3, 1, 2, 4, 3, 4, 1, 1, 1, 1, 1]","[0.018552792025730014, 0.5022052080603316, 0.0651931669563055, 1.3179688749369234, 0.09092674998100847, 0.4259615410119295, 4.230141083942726, 0.7821852499619126, 5.074768292019144, 0.17075150005985051, 0.18674112507142127, 0.19527829193975776, 0.21366762497927994, 0.23672258399892598]","[""converged"", ""converged"", ""converged"", ""converged"", ""converged"", ""converged"", ""converged"", ""converged"", ""converged"", ""converged"", ""converged"", ""converged"", ""converged"", ""converged""]",1.7853530657627523,0.5000000413550527,True,converged,0.1350563750602305,7,"[0, 1, 0, 1, 0, 1, 1, 1, 2, 0, 0, 0, 0, 0]","[2.1832995116710663e-05, 0.000608125003054738, 0.0001742079621180892, 0.0008842910174280405, 0.00032950006425380707, 0.001297375070862472, 0.0015528339426964521, 0.0017955000512301922, 0.004135666997171938, 0.0007744999602437019, 0.0008575000101700425, 0.0009198329644277692, 0.0009512079413980246, 0.0009828750044107437]",1.8026892031716577,1.7854549269078797,0.5000762148358892,0.05285794032841794,0.12421168962238394,True,55.0,55.0
14,17,200,True,converged,2.7777394579024985,17,"[0, 3, 1, 2, 2, 1, 1, 1, 1, 1, 1, 1, 1, 1]","[0.019540125038474798, 0.2878605000441894, 0.06189291598275304, 0.5902375000296161, 0.2652414169861004, 0.10717033396940678, 0.12446416693273932, 0.13794325001072139, 0.15106566599570215, 0.17071845894679427, 0.1869565830565989, 0.19474099995568395, 0.21037808409892023, 0.22943075001239777]","[""converged"", ""converged"", ""converged"", ""converged"", ""converged"", ""converged"", ""converged"", ""converged"", ""converged"", ""converged"", ""converged"", ""converged"", ""converged"", ""converged""]",1.4387333195882088,0.5000000000000002,True,converged,0.1274699999485165,3,"[0, 1, 0, 1, 1, 0, 0, 0, 0, 0, 0, 0, 0, 0]","[1.2541073374450207e-05, 0.0006214170716702938, 0.00015995802823454142, 0.0008720830082893372, 0.0010623340494930744, 0.00040737504605203867, 0.0004573339829221368, 0.0005084170261397958, 0.0005459589883685112, 0.0006074159173294902, 0.000609540962614119, 0.000710124964825809, 0.0007359579904004931, 0.0007970000151544809]",1.4525250678295627,1.4387649252998151,0.5000035082775262,0.04397983551568011,0.10559189441809165,True,54.0,54.0
14,18,200,True,converged,16.298855916014872,24,"[0, 2, 1, 3, 4, 3, 1, 2, 2, 1, 2, 1, 1, 1]","[0.018872500048018992, 0.11967929208185524, 0.06395720900036395, 0.3164540419820696, 0.9273060830309987, 0.8226736249634996, 0.12737658410333097, 11.324038292048499, 0.5023387500550598, 0.16397404193412513, 1.2232035000342876, 0.20015087502542883, 0.21503854205366224, 0.2336646659532562]","[""converged"", ""converged"", ""converged"", ""converged"", ""converged"", ""converged"", ""converged"", ""converged"", ""converged"", ""converged"", ""converged"", ""converged"", ""converged"", ""converged""]",1.8678749879730898,0.49921847377799405,True,converged,0.13137787498999387,7,"[0, 1, 0, 1, 1, 1, 0, 1, 1, 0, 1, 0, 0, 0]","[1.2209056876599789e-05, 0.0005402090027928352, 0.00017491693142801523, 0.0008737909374758601, 0.0010870830155909061, 0.0013115829788148403, 0.0004943329840898514, 0.0017331669805571437, 0.001967791933566332, 0.0007335840491577983, 0.002289583906531334, 0.0008437499636784196, 0.0008900420507416129, 0.000912457937374711]",1.8861051070328714,1.8679508593249077,0.5000876594029099,0.04881412601989858,0.1205233108525359,True,49.0,49.0
14,19,200,True,converged,2.883637791965157,19,"[0, 3, 4, 1, 2, 1, 1, 1, 1, 1, 1, 1, 1, 1]","[0.018562500015832484, 0.2362639169441536, 0.3905925831058994, 0.0785249579930678, 0.24936845793854445, 0.11062425002455711, 0.12356608302798122, 0.1398091659648344, 0.15373891696799546, 0.1720767499646172, 0.1819941659923643, 0.1986306250328198, 0.2149525829590857, 0.5765077080577612]","[""converged"", ""converged"", ""converged"", ""converged"", ""converged"", ""converged"", ""converged"", ""converged"", ""converged"", ""converged"", ""converged"", ""converged"", ""converged"", ""converged""]",1.7619397522885973,0.49999999999999667,True,converged,0.1323158749146387,5,"[0, 1, 1, 1, 1, 0, 0, 0, 0, 0, 0, 0, 0, 1]","[1.0458054021000862e-05, 0.000583500019274652, 0.0007529999129474163, 0.000890459050424397, 0.00115070806350559, 0.00045312498696148396, 0.00048200006131082773, 0.0005411249585449696, 0.0006032499950379133, 0.000627207919023931, 0.0006557500455528498, 0.0007047090912237763, 0.0007762920577079058, 0.0024905409663915634]",1.7788442953882968,1.761959830075329,0.5001601061933831,0.05016385869664635,0.13584253771770927,True,38.0,38.0
14,20,200,True,converged,2.612008500029333,21,"[0, 7, 1, 3, 1, 1, 1, 1, 1, 1, 1, 1, 1, 1]","[0.018875999958254397, 0.46298483305145055, 0.06385658297222108, 0.40851045900490135, 0.09593645902350545, 0.109187624999322, 0.12071529205422848, 0.1364991250447929, 0.15531433396972716, 0.1681110409554094, 0.18067158304620534, 0.19964612508192658, 0.21645104209892452, 0.2348555000498891]","[""converged"", ""converged"", ""converged"", ""converged"", ""converged"", ""converged"", ""converged"", ""converged"", ""converged"", ""converged"", ""converged"", ""converged"", ""converged"", ""converged""]",0.9672114451786357,0.5000007745871148,True,converged,0.1260919589549303,2,"[0, 1, 0, 1, 0, 0, 0, 0, 0, 0, 0, 0, 0, 0]","[1.825008075684309e-05, 0.0005942500429227948, 0.0001680420245975256, 0.0008395418990403414, 0.0003027920611202717, 0.0003629580605775118, 0.00038962496910244226, 0.0004285000031813979, 0.0004960839869454503, 0.0005400419468060136, 0.0006093750707805157, 0.0006007920019328594, 0.0006965420907363296, 0.0007116670021787286]",0.9764471154640251,0.9672343540502157,0.5014588374575378,0.03478553629684711,0.09376495915873731,True,43.0,43.0
14,21,200,True,converged,2.3102811670396477,16,"[0, 2, 1, 2, 1, 2, 1, 1, 1, 1, 1, 1, 1, 1]","[0.01851999992504716, 0.17869537509977818, 0.06409308302681893, 0.2323498330079019, 0.09300633298698813, 0.27725899999495596, 0.12000300001818687, 0.13543054193723947, 0.15545891597867012, 0.1717287499923259, 0.18459379102569073, 0.19980454200413078, 0.20977016701363027, 0.23047116596717387]","[""converged"", ""converged"", ""converged"", ""converged"", ""converged"", ""converged"", ""converged"", ""converged"", ""converged"", ""converged"", ""converged"", ""converged"", ""converged"", ""converged""]",2.1933512734220786,0.49999999999999994,True,converged,0.12912808393593878,3,"[0, 1, 0, 1, 0, 1, 0, 0, 0, 0, 0, 0, 0, 0]","[1.816696021705866e-05, 0.0006342079723253846, 0.00016887497622519732, 0.0008445420535281301, 0.00034133298322558403, 0.0012288750149309635, 0.00045541697181761265, 0.0005004589911550283, 0.0005405000410974026, 0.000606624991632998, 0.0006571250269189477, 0.0006969160167500377, 0.0007355420384556055, 0.000814415980130434]",2.2142615541722206,2.1933150898595533,0.500114351254078,0.0542616311639347,0.12100859977431748,True,63.0,63.0
14,22,200,False,rank_osqp_failed,6.560291832895018,16,"[0, 4, 0, 2, 1, 1, 1, 1, 1, 1, 1, 1, 1, 1]","[0.019028167007490993, 1.5246279169805348, 3.1796831670217216, 0.18173770897556096, 0.09196495800279081, 0.10936037509236485, 0.1233984170248732, 0.1388008330250159, 0.14955995802301913, 0.1651895419927314, 0.18685058306436986, 0.20130133407656103, 0.2180146249011159, 0.22818400000687689]","[""converged"", ""converged"", ""osqp_failed"", ""converged"", ""converged"", ""converged"", ""converged"", ""converged"", ""converged"", ""converged"", ""converged"", ""converged"", ""converged"", ""converged""]",1.9467677099826868,0.032066317736804496,True,converged,0.12384879204910249,2,"[0, 1, 1, 0, 0, 0, 0, 0, 0, 0, 0, 0, 0, 0]","[1.0582967661321163e-05, 0.0005909999599680305, 0.000715959002263844, 0.0002749999985098839, 0.0003060409799218178, 0.0003536249278113246, 0.0004140000091865659, 0.0004599998937919736, 0.0005150000797584653, 0.0005582090234383941, 0.0006039170548319817, 0.0006426249165087938, 0.0006994589930400252, 0.0007475420134142041]",1.9680971208058866,1.9493998601708031,0.5006766179694915,,,,,
14,23,200,True,converged,6.1891062499489635,20,"[0, 4, 1, 2, 2, 2, 2, 1, 1, 1, 1, 1, 1, 1]","[0.01931387500371784, 0.47225495893508196, 0.06380524998530746, 0.30128462496213615, 0.4587816670536995, 0.4198644169373438, 3.110199333052151, 0.1362609169445932, 0.1566928329411894, 0.16984145797323436, 0.1853274169843644, 0.1985464170575142, 0.21078687498811632, 0.23554491600953043]","[""converged"", ""converged"", ""converged"", ""converged"", ""converged"", ""converged"", ""converged"", ""converged"", ""converged"", ""converged"", ""converged"", ""converged"", ""converged"", ""converged""]",1.1663813129962526,0.5000000000000007,True,converged,0.1284789169440046,5,"[0, 1, 0, 1, 1, 1, 1, 0, 0, 0, 0, 0, 0, 0]","[1.1999974958598614e-05, 0.0006189160048961639, 0.0002554580569267273, 0.0008811660809442401, 0.001107207965105772, 0.0012706250417977571, 0.0015732499305158854, 0.0005818339996039867, 0.0006305839633569121, 0.0006855420069769025, 0.0007376659195870161, 0.0007841249462217093, 0.0007942920783534646, 0.0008520000847056508]",1.1775573379537072,1.1664369805348689,0.500019852795768,0.039617747875843864,0.10901528414053273,True,50.0,50.0
14,24,200,True,converged,4.7522544170496985,19,"[0, 2, 1, 1, 2, 3, 2, 2, 1, 1, 1, 1, 1, 1]","[0.01915850001387298, 0.27171045902650803, 0.0635445419466123, 0.0783832500455901, 0.4266154159558937, 0.8405718749854714, 1.4571639590431005, 0.40931708295829594, 0.15410237503238022, 0.16900479106698185, 0.18479237507563084, 0.2006250839913264, 0.2089456249959767, 0.22884066705591977]","[""converged"", ""converged"", ""converged"", ""converged"", ""converged"", ""converged"", ""converged"", ""converged"", ""converged"", ""converged"", ""converged"", ""converged"", ""converged"", ""converged""]",1.9166127291874933,0.49999999999999434,True,converged,0.13192191591951996,6,"[0, 1, 0, 0, 1, 2, 1, 1, 0, 0, 0, 0, 0, 0]","[1.945788972079754e-05, 0.0006582089699804783, 0.00017512496560811996, 0.00022633292246609926, 0.0009959579911082983, 0.0028166250558570027, 0.0015792089980095625, 0.001762624946422875, 0.0007142499089241028, 0.0007365420460700989, 0.0007813340052962303, 0.0008161249570548534, 0.0008862909162417054, 0.0008961249841377139]",1.9350197694380813,1.9166014329631602,0.5000035803159425,0.04988395967096026,0.11168448215975471,True,53.0,53.0
14,25,200,True,converged,6.742654375033453,22,"[0, 1, 3, 1, 4, 4, 2, 1, 1, 1, 1, 1, 1, 1]","[0.01893379190005362, 0.04737849999219179, 0.2940383750246838, 0.07649320899508893, 0.7182025420479476, 3.644355791970156, 0.6129593329969794, 0.13484016701113433, 0.15192562493029982, 0.17261975002475083, 0.18734816694632173, 0.2020919999340549, 0.21111241600010544, 0.2317857079906389]","[""converged"", ""converged"", ""converged"", ""converged"", ""converged"", ""converged"", ""converged"", ""converged"", ""converged"", ""converged"", ""converged"", ""converged"", ""converged"", ""converged""]",2.2300142536802405,0.4995753068443474,True,converged,0.13408079103101045,5,"[0, 0, 1, 0, 1, 2, 1, 0, 0, 0, 0, 0, 0, 0]","[2.9624905437231064e-05, 0.00019149994477629662, 0.0007043329533189535, 0.00021708302665501833, 0.001000584103167057, 0.002943667001090944, 0.0015743749681860209, 0.0005891670007258654, 0.0006299579981714487, 0.00066641706507653, 0.0007287909975275397, 0.0007777080172672868, 0.0008045419817790389, 0.000886125024408102]",2.25156228429762,2.230077803471773,0.5005154067221521,0.05554891734134112,0.15850133272980638,True,61.0,61.0
14,26,200,True,converged,1.8704497079597786,13,"[0, 1, 1, 1, 1, 1, 1, 1, 1, 1, 1, 1, 1, 1]","[0.019133292022161186, 0.048324208008125424, 0.06434729101601988, 0.07653962506446987, 0.0929701249115169, 0.10972479195334017, 0.11977179197128862, 0.13483879098203033, 0.15132970793638378, 0.17072608298622072, 0.1856994170229882, 0.20255258295219392, 0.21630274993367493, 0.23429649998433888]","[""converged"", ""converged"", ""converged"", ""converged"", ""converged"", ""converged"", ""converged"", ""converged"", ""converged"", ""converged"", ""converged"", ""converged"", ""converged"", ""converged""]",1.2502063591001735,0.8010053773032585,True,converged,0.12679916701745242,0,"[0, 0, 0, 0, 0, 0, 0, 0, 0, 0, 0, 0, 0, 0]","[1.954101026058197e-05, 0.00014883303083479404, 0.0001283750170841813, 0.0001602920237928629, 0.00020612496882677078, 0.0002673330018296838, 0.000303708016872406, 0.0003673749743029475, 0.00039645901415497065, 0.0004510000580921769, 0.0005025829887017608, 0.0005346669349819422, 0.0005894590867683291, 0.0007027500541880727]",1.2621405454305665,1.2501776092996146,0.7997361611816706,0.04064741699786822,0.09671858644190089,True,38.0,38.0
14,27,200,True,converged,5.673224708065391,21,"[0, 3, 2, 4, 1, 2, 1, 1, 2, 1, 1, 1, 1, 1]","[0.01872358296532184, 0.3943123329663649, 0.1561135828960687, 2.913388666929677, 0.09061291604302824, 0.33098712493665516, 0.12635875004343688, 0.13482549996115267, 0.4773430830100551, 0.16880337498150766, 0.18487283401191235, 0.19535312498919666, 0.21394787495955825, 0.2276106250938028]","[""converged"", ""converged"", ""converged"", ""converged"", ""converged"", ""converged"", ""converged"", ""converged"", ""converged"", ""converged"", ""converged"", ""converged"", ""converged"", ""converged""]",2.5912001781400593,0.4998905199766007,True,converged,0.12958283408079296,5,"[0, 1, 1, 1, 0, 1, 0, 0, 1, 0, 0, 0, 0, 0]","[1.9166036508977413e-05, 0.0006116250297054648, 0.0007045830134302378, 0.0010287920013070107, 0.00035970809403806925, 0.0013101670192554593, 0.000512458966113627, 0.0005499999970197678, 0.0018394580110907555, 0.0006843329174444079, 0.000734040979295969, 0.000810416997410357, 0.0008468339219689369, 0.000900292070582509]",2.616027653981653,2.591259238739383,0.5000013977248705,0.05975693295381786,0.13738914894438695,True,53.0,53.0
14,28,200,True,converged,2.0993686669971794,15,"[0, 2, 1, 2, 1, 1, 1, 1, 1, 1, 1, 1, 1, 1]","[0.019046457950025797, 0.16980425000656396, 0.062251375056803226, 0.17613737506326288, 0.09099933400284499, 0.10554537503048778, 0.12100316700525582, 0.16195616603363305, 0.15465858404058963, 0.16589266702067107, 0.184612917015329, 0.1966327920090407, 0.20962312503252178, 0.23740550002548844]","[""converged"", ""converged"", ""converged"", ""converged"", ""converged"", ""converged"", ""converged"", ""converged"", ""converged"", ""converged"", ""converged"", ""converged"", ""converged"", ""converged""]",1.7718251739718367,0.5000000000000008,True,converged,0.12825487495865673,2,"[0, 1, 0, 1, 0, 0, 0, 0, 0, 0, 0, 0, 0, 0]","[1.750001683831215e-05, 0.0006319580134004354, 0.00015870900824666023, 0.0009001670405268669, 0.0003111669793725014, 0.00035450002178549767, 0.00039354199543595314, 0.0004870420088991523, 0.0005194999976083636, 0.0005414170445874333, 0.0005765419919043779, 0.0006549999816343188, 0.0008084999863058329, 0.0007923330413177609]",1.7888154224851849,1.771785910822383,0.5008726678744075,0.04820489721421351,0.11240687754386683,True,43.0,43.0
14,29,200,True,converged,4.515138249960728,20,"[0, 1, 4, 3, 1, 2, 2, 1, 1, 1, 1, 1, 1, 1]","[0.018401082954369485, 0.04789391695521772, 0.4501836249837652, 0.4659697919851169, 0.09308783302549273, 0.4571432090597227, 1.6529165420215577, 0.13488758308812976, 0.1534165000775829, 0.17227720899973065, 0.18835608300287277, 0.1952331659849733, 0.21491562493611127, 0.22701400006189942]","[""converged"", ""converged"", ""converged"", ""converged"", ""converged"", ""converged"", ""converged"", ""converged"", ""converged"", ""converged"", ""converged"", ""converged"", ""converged"", ""converged""]",1.483485701284883,0.5000000000000004,True,converged,0.12941808300092816,4,"[0, 0, 1, 1, 0, 1, 1, 0, 0, 0, 0, 0, 0, 0]","[1.3457960449159145e-05, 0.0001330830855295062, 0.0007279999554157257, 0.0009023750899359584, 0.00029841705691069365, 0.0012214999878779054, 0.0015263749519363046, 0.0005505000008270144, 0.0005788749549537897, 0.0006521668983623385, 0.0006719169905409217, 0.0007327500497922301, 0.0007712499937042594, 0.000997333088889718]",1.4983085990562595,1.483475721030536,0.500000169819389,0.044526686907535425,0.11531847916826038,True,45.0,45.0
14,30,200,True,converged,3.339631790993735,19,"[0, 1, 5, 2, 2, 1, 1, 1, 1, 1, 1, 1, 1, 1]","[0.01897654205095023, 0.04823950002901256, 0.5195067920722067, 0.6409186250530183, 0.5100302090868354, 0.15041724999900907, 0.12375408294610679, 0.13715433306060731, 0.1561901659006253, 0.16803441604133695, 0.18157599994447082, 0.19531679200008512, 0.21503041696269065, 0.23418870801106095]","[""converged"", ""converged"", ""converged"", ""converged"", ""converged"", ""converged"", ""converged"", ""converged"", ""converged"", ""converged"", ""converged"", ""converged"", ""converged"", ""converged""]",1.709306476724266,0.4999999999999973,True,converged,0.13072362507227808,4,"[0, 0, 1, 1, 1, 1, 0, 0, 0, 0, 0, 0, 0, 0]","[1.7291982658207417e-05, 0.00013233290519565344, 0.0007437909953296185, 0.0009650409920141101, 0.001162625034339726, 0.0013336249394342303, 0.0005257499869912863, 0.000550583004951477, 0.0006650419672951102, 0.0006552919512614608, 0.0007756249979138374, 0.0007489999989047647, 0.0007678749971091747, 0.0008586249314248562]",1.726112412310758,1.7092930548186327,0.5000529416081285,0.047014189391756125,0.09918412141713563,True,62.0,62.0
14,31,200,True,converged,2.055670417030342,15,"[0, 2, 1, 2, 1, 1, 1, 1, 1, 1, 1, 1, 1, 1]","[0.01864379202015698, 0.08124874997884035, 0.06320587499067187, 0.22631104197353125, 0.09575641702394933, 0.10727795807179064, 0.12059691606555134, 0.13925183296669275, 0.15521504101343453, 0.17119316605385393, 0.18730745802167803, 0.20069220894947648, 0.2106186249293387, 0.23539883305784315]","[""converged"", ""converged"", ""converged"", ""converged"", ""converged"", ""converged"", ""converged"", ""converged"", ""converged"", ""converged"", ""converged"", ""converged"", ""converged"", ""converged""]",1.2603078068181182,0.5000000000000001,True,converged,0.12763304205145687,2,"[0, 1, 0, 1, 0, 0, 0, 0, 0, 0, 0, 0, 0, 0]","[1.708406489342451e-05, 0.0006082920590415597, 0.0001745839836075902, 0.0008077919483184814, 0.0002982909791171551, 0.0003301250981166959, 0.000396750052459538, 0.000447375001385808, 0.0005275000585243106, 0.000546916970051825, 0.0005689999088644981, 0.0006560409674420953, 0.0006759170209988952, 0.0007592090405523777]",1.2723358396072677,1.2602792231713855,0.5000729829786073,0.04091216571025509,0.10703768492386383,True,41.0,41.0
14,32,200,True,converged,8.083664375008084,25,"[0, 3, 3, 2, 1, 2, 3, 1, 1, 1, 1, 3, 3, 1]","[0.019404583028517663, 0.31023670895956457, 0.3341770829865709, 0.1956646660109982, 0.09159837500192225, 0.38717333297245204, 1.3466016249731183, 0.13819562504068017, 0.15010754205286503, 0.1664811670780182, 0.1842127920826897, 1.1793851250549778, 3.3098431249381974, 0.23075254203286022]","[""converged"", ""converged"", ""converged"", ""converged"", ""converged"", ""converged"", ""converged"", ""converged"", ""converged"", ""converged"", ""converged"", ""converged"", ""converged"", ""converged""]",1.7582251535420077,0.49999999999999983,True,converged,0.13500862498767674,7,"[0, 1, 1, 1, 0, 1, 1, 0, 0, 0, 0, 1, 1, 0]","[2.220796886831522e-05, 0.0006400829879567027, 0.0007237499812617898, 0.0009866670006886125, 0.0003487089416012168, 0.0012905419571325183, 0.0015515000559389591, 0.0006027088966220617, 0.0006714579649269581, 0.0008084579603746533, 0.0008035840000957251, 0.0024992499966174364, 0.0025781249860301614, 0.0009657080518081784]",1.775158666049358,1.7582257287684993,0.5001517914233994,0.04946688340680167,0.1451765339669701,True,45.0,45.0
14,33,200,True,converged,2.852550167008303,16,"[0, 3, 1, 1, 1, 1, 1, 1, 1, 2, 1, 1, 1, 1]","[0.02268575003836304, 0.20887641701847315, 0.06417324999347329, 0.07751091697718948, 0.0921789170242846, 0.10550866601988673, 0.12052433390635997, 0.13520404195878655, 0.1561535419896245, 1.0056099579669535, 0.18802225007675588, 0.1960447080200538, 0.21213799994438887, 0.22656162502244115]","[""converged"", ""converged"", ""converged"", ""converged"", ""converged"", ""converged"", ""converged"", ""converged"", ""converged"", ""converged"", ""converged"", ""converged"", ""converged"", ""converged""]",1.7396980849151276,0.5000000000000011,True,converged,0.12891008297447115,2,"[0, 1, 0, 0, 0, 0, 0, 0, 0, 1, 0, 0, 0, 0]","[1.8332968465983868e-05, 0.0006255840416997671, 0.00017429108265787363, 0.00021891703363507986, 0.00025949999690055847, 0.0003088749945163727, 0.00034791603684425354, 0.0003947080112993717, 0.000452833017334342, 0.0017048330046236515, 0.0006146669620648026, 0.0006647090194746852, 0.0007098339265212417, 0.0007579160155728459]",1.7562625664929037,1.7396635722193536,0.5001231982947977,0.047178687524266454,0.10039675544204664,True,53.0,53.0
14,34,200,True,converged,3.508053082972765,24,"[0, 6, 5, 1, 3, 1, 1, 1, 1, 1, 1, 1, 1, 1]","[0.019102166988886893, 0.9691745419986546, 0.4490104999858886, 0.07647166703827679, 0.4291606249753386, 0.10929649998433888, 0.12414454098325223, 0.1372995839919895, 0.15332525002304465, 0.16581479192245752, 0.18305570899974555, 0.1996462499955669, 0.213248832966201, 0.23672974994406104]","[""converged"", ""converged"", ""converged"", ""converged"", ""converged"", ""converged"", ""converged"", ""converged"", ""converged"", ""converged"", ""converged"", ""converged"", ""converged"", ""converged""]",1.2761936717215303,0.5000000032019756,True,converged,0.12456483405549079,3,"[0, 1, 1, 0, 1, 0, 0, 0, 0, 0, 0, 0, 0, 0]","[1.2750038877129555e-05, 0.0006070829695090652, 0.0007207909366115928, 0.0002626250497996807, 0.0010747920023277402, 0.0004010000266134739, 0.0004290420329198241, 0.0004748330684378743, 0.0005483330460265279, 0.0005579170538112521, 0.0006392089417204261, 0.0006937910802662373, 0.0007302910089492798, 0.0007724579190835357]",1.2884779626378502,1.276207158185768,0.5008922343974815,0.04092056030521313,0.10414348522816758,True,42.0,42.0
14,35,200,False,rank_osqp_failed,12.110216500004753,19,"[0, 1, 3, 0, 0, 3, 5, 1, 1, 1, 1, 1, 1, 1]","[0.018522042082622647, 0.04687991598621011, 0.7724805000470951, 3.7347049999516457, 4.212167291902006, 0.715077249915339, 1.297088542021811, 0.13429133407771587, 0.1501063749892637, 0.1673190000001341, 0.18197741697076708, 0.19991329102776945, 0.21413816593121737, 0.2269966669846326]","[""converged"", ""converged"", ""converged"", ""osqp_failed"", ""osqp_failed"", ""converged"", ""converged"", ""converged"", ""converged"", ""converged"", ""converged"", ""converged"", ""converged"", ""converged""]",0.9713416782125562,0.029775286066699783,True,converged,0.14496808301191777,7,"[0, 0, 1, 2, 2, 1, 1, 0, 0, 0, 0, 0, 0, 0]","[2.1832995116710663e-05, 0.0001681250287219882, 0.0007248750189319253, 0.004194334032945335, 0.00764554098714143, 0.0014982500579208136, 0.0017552500357851386, 0.0006783750141039491, 0.0007317080162465572, 0.0007810839451849461, 0.000829207943752408, 0.0008819579379633069, 0.0009138340828940272, 0.0009457919513806701]",1.04517417781743,1.0352692517668183,0.5000079339231386,,,,,
14,36,200,True,converged,2.0993576670298353,15,"[0, 3, 1, 1, 1, 1, 1, 1, 1, 1, 1, 1, 1, 1]","[0.018993833102285862, 0.29232820903416723, 0.06351729098241776, 0.07837270805612206, 0.09088541707023978, 0.10645212500821799, 0.12160416599363089, 0.13760904094669968, 0.15596899995580316, 0.16950800002086908, 0.18969420797657222, 0.19529237505048513, 0.21076575003098696, 0.22879441594704986]","[""converged"", ""converged"", ""converged"", ""converged"", ""converged"", ""converged"", ""converged"", ""converged"", ""converged"", ""converged"", ""converged"", ""converged"", ""converged"", ""converged""]",0.9583982231798085,0.5000118298275744,True,converged,0.1275308330077678,1,"[0, 1, 0, 0, 0, 0, 0, 0, 0, 0, 0, 0, 0, 0]","[2.116698306053877e-05, 0.0006334999343380332, 0.00016083393711596727, 0.00022441602777689695, 0.0003583329962566495, 0.0003394579980522394, 0.00040266697760671377, 0.0004325000336393714, 0.0004587089642882347, 0.0005100829293951392, 0.0005891249747946858, 0.0006166250677779317, 0.0006346250884234905, 0.0006976249860599637]",0.9675391987355844,0.9583771238632166,0.5005925013557256,0.03579737513061346,0.10797816378804805,True,50.0,50.0
14,37,200,True,converged,2.064377999980934,15,"[0, 2, 1, 2, 1, 1, 1, 1, 1, 1, 1, 1, 1, 1]","[0.019915999961085618, 0.09786816593259573, 0.06368587503675371, 0.2290716670686379, 0.09314162493683398, 0.10782479192130268, 0.12373137497343123, 0.14100025000516325, 0.154903499991633, 0.16861795797012746, 0.18384066596627235, 0.19941395905334502, 0.2088861670345068, 0.23259266698732972]","[""converged"", ""converged"", ""converged"", ""converged"", ""converged"", ""converged"", ""converged"", ""converged"", ""converged"", ""converged"", ""converged"", ""converged"", ""converged"", ""converged""]",1.7262642025949142,0.49999999999999817,True,converged,0.12947195791639388,2,"[0, 1, 0, 1, 0, 0, 0, 0, 0, 0, 0, 0, 0, 0]","[2.2332998923957348e-05, 0.0006329580210149288, 0.0001727500930428505, 0.0008586669573560357, 0.0003072499530389905, 0.0003661660011857748, 0.00039891700726002455, 0.0004360000602900982, 0.00045787496492266655, 0.0005536249373108149, 0.000600875006057322, 0.0006277079228311777, 0.0006726250285282731, 0.0007552501047030091]",1.742748818030234,1.726226715814747,0.5012863619467444,0.04819307169267011,0.11490900589664782,True,47.0,47.0
14,38,200,True,converged,2.58203666692134,19,"[0, 4, 1, 4, 1, 1, 1, 1, 1, 1, 1, 1, 1, 1]","[0.019167374935932457, 0.2766444591106847, 0.06452074996195734, 0.5677066249772906, 0.09165970899630338, 0.10610541701316833, 0.12152383395005018, 0.14000395801849663, 0.16083737497683614, 0.16549095907248557, 0.18752625002525747, 0.19682312500663102, 0.21113183302804828, 0.23341966699808836]","[""converged"", ""converged"", ""converged"", ""converged"", ""converged"", ""converged"", ""converged"", ""converged"", ""converged"", ""converged"", ""converged"", ""converged"", ""converged"", ""converged""]",2.1557355900858606,0.5000341944727551,True,converged,0.12738087493926287,2,"[0, 1, 0, 1, 0, 0, 0, 0, 0, 0, 0, 0, 0, 0]","[2.1041021682322025e-05, 0.0006451250519603491, 0.00019045895896852016, 0.0009600829798728228, 0.00030504108872264624, 0.0003667910350486636, 0.0004212920321151614, 0.00047400000039488077, 0.0005360409850254655, 0.0005442090332508087, 0.0006534169660881162, 0.000712999957613647, 0.0007049579871818423, 0.0007756249979138374]",2.176106053307205,2.1557661024970733,0.5030637403803792,0.056316625518494076,0.17864583916150784,True,49.0,49.0
14,39,200,True,converged,2.999908083002083,19,"[0, 3, 1, 3, 1, 2, 1, 2, 1, 1, 1, 1, 1, 1]","[0.01899466698523611, 0.18578295898623765, 0.06194683292414993, 0.3646579160122201, 0.0947780410060659, 0.5014266250655055, 0.12122795800678432, 0.4599227079888806, 0.15491270809434354, 0.16812433395534754, 0.18123333400581032, 0.19591908296570182, 0.2153725828975439, 0.23196787503547966]","[""converged"", ""converged"", ""converged"", ""converged"", ""converged"", ""converged"", ""converged"", ""converged"", ""converged"", ""converged"", ""converged"", ""converged"", ""converged"", ""converged""]",1.685127573823849,0.5000000000000004,True,converged,0.1328414159361273,4,"[0, 1, 0, 1, 0, 1, 0, 1, 0, 0, 0, 0, 0, 0]","[1.991703175008297e-05, 0.0007704159943386912, 0.00016808300279080868, 0.0008444170234724879, 0.00029562495183199644, 0.0012285420671105385, 0.00047325005289167166, 0.0016058339970186353, 0.0005716669838875532, 0.0006739998934790492, 0.0007083750097081065, 0.000702874967828393, 0.0007911249995231628, 0.0008140419377014041]",1.7009389719473724,1.6851402873635346,0.5000118331049597,0.047876465700067414,0.11711618554502659,True,44.0,44.0
14,40,200,False,rank_osqp_failed,17.20035183301661,21,"[0, 1, 4, 0, 1, 3, 3, 3, 1, 1, 1, 1, 1, 1]","[0.018618499976582825, 0.0465868340106681, 0.6079469999531284, 3.7077198749175295, 0.09436708397697657, 7.901472125086002, 1.9847998750628904, 1.6537148340139538, 0.149680458009243, 0.16442700009793043, 0.18667445797473192, 0.2023635000223294, 0.21422437496948987, 0.22882366692647338]","[""converged"", ""converged"", ""converged"", ""osqp_failed"", ""converged"", ""converged"", ""converged"", ""converged"", ""converged"", ""converged"", ""converged"", ""converged"", ""converged"", ""converged""]",1.502060173513094,0.05725881331728717,True,converged,0.13570495904423296,6,"[0, 0, 1, 2, 0, 1, 1, 1, 0, 0, 0, 0, 0, 0]","[1.1791009455919266e-05, 0.00012070802040398121, 0.0006569589022547007, 0.005927082966081798, 0.00036091706715524197, 0.0013027919922024012, 0.0015266250120475888, 0.0018131249817088246, 0.000684416969306767, 0.0007250419585034251, 0.0007745419861748815, 0.0008399590151384473, 0.0008708749664947391, 0.0009377499809488654]",1.6710722655474195,1.653653041795393,0.5000145539017654,,,,,
14,41,200,True,converged,2.734076042077504,17,"[0, 3, 1, 3, 1, 1, 1, 1, 1, 1, 1, 1, 1, 1]","[0.01872058305889368, 0.18752904201392084, 0.06345575000159442, 0.8111812089337036, 0.09429212496615946, 0.10874041693750769, 0.12476962502114475, 0.13812533405143768, 0.15243633300997317, 0.16487495799083263, 0.18555149994790554, 0.20056374999694526, 0.21081299998331815, 0.23355374997481704]","[""converged"", ""converged"", ""converged"", ""converged"", ""converged"", ""converged"", ""converged"", ""converged"", ""converged"", ""converged"", ""converged"", ""converged"", ""converged"", ""converged""]",1.3467003444664796,0.5000000383315981,True,converged,0.1290851670783013,2,"[0, 1, 0, 1, 0, 0, 0, 0, 0, 0, 0, 0, 0, 0]","[1.0791001841425896e-05, 0.0005940409610047936, 0.00017662509344518185, 0.0008345410460606217, 0.00030933297239243984, 0.00035929097793996334, 0.00041504192631691694, 0.00044487498234957457, 0.0004880409687757492, 0.0005130839999765158, 0.0006043330067768693, 0.0006606249371543527, 0.0007373749976977706, 0.0008034579223021865]",1.3595965786589785,1.3468032107871708,0.500412237264749,0.043687621122241165,0.09708435727212761,True,45.0,45.0
14,42,200,True,converged,2.203833332983777,16,"[0, 2, 1, 3, 1, 1, 1, 1, 1, 1, 1, 1, 1, 1]","[0.019461791962385178, 0.12564137496519834, 0.06366437498945743, 0.3455885829171166, 0.09094525000546128, 0.1068156249821186, 0.12103170901536942, 0.13585554203018546, 0.1565253750886768, 0.16663195798173547, 0.1855507920263335, 0.2012159579899162, 0.21123833395540714, 0.2327938749222085]","[""converged"", ""converged"", ""converged"", ""converged"", ""converged"", ""converged"", ""converged"", ""converged"", ""converged"", ""converged"", ""converged"", ""converged"", ""converged"", ""converged""]",1.0914097808868883,0.4996735662863022,True,converged,0.1276945830322802,2,"[0, 1, 0, 1, 0, 0, 0, 0, 0, 0, 0, 0, 0, 0]","[1.8791062757372856e-05, 0.0006370830815285444, 0.00017362507060170174, 0.0008672090480104089, 0.0003110829275101423, 0.00034887506626546383, 0.00040808296762406826, 0.0004552080063149333, 0.0005116669926792383, 0.0006777080707252026, 0.0006408340996131301, 0.0007069580024108291, 0.0007002910133451223, 0.0007709580240771174]",1.10178087017622,1.0914096770458488,0.5000000855638561,0.0403159008054086,0.12817697280026938,True,29.0,29.0
14,43,200,True,converged,4.89893387502525,22,"[0, 3, 1, 3, 1, 3, 4, 1, 1, 1, 1, 1, 1, 1]","[0.018622792093083262, 0.17859129200223833, 0.0644249590113759, 1.5970901669934392, 0.09213433403056115, 0.5989055000245571, 1.0154919170308858, 0.1391287500737235, 0.15428608399815857, 0.16767954104579985, 0.18753949995152652, 0.19748712494038045, 0.21062329201959074, 0.2362486250931397]","[""converged"", ""converged"", ""converged"", ""converged"", ""converged"", ""converged"", ""converged"", ""converged"", ""converged"", ""converged"", ""converged"", ""converged"", ""converged"", ""converged""]",1.891930333958146,0.500000000025583,True,converged,0.13158374989870936,4,"[0, 1, 0, 1, 0, 1, 1, 0, 0, 0, 0, 0, 0, 0]","[2.2708089090883732e-05, 0.0006759159732609987, 0.00016762502491474152, 0.0008769170381128788, 0.00030212500132620335, 0.00116808305028826, 0.0014915000647306442, 0.0005597079871222377, 0.0006022920133545995, 0.0006320830434560776, 0.0006911669624969363, 0.0007377499714493752, 0.000758665963076055, 0.0008292499696835876]",1.9103877246048386,1.89205006524071,0.5000000186093975,0.05781902932194309,0.18354776178964863,True,50.0,50.0
14,44,200,True,converged,2.1490720830624923,15,"[0, 2, 1, 2, 1, 1, 1, 1, 1, 1, 1, 1, 1, 1]","[0.019072082941420376, 0.192999791004695, 0.06272933294530958, 0.20830770791508257, 0.09239200002048165, 0.10946929210331291, 0.12481229205150157, 0.13721324992366135, 0.15340466692578048, 0.170707083074376, 0.18038970907218754, 0.20365479099564254, 0.2166160410270095, 0.2373947910964489]","[""converged"", ""converged"", ""converged"", ""converged"", ""converged"", ""converged"", ""converged"", ""converged"", ""converged"", ""converged"", ""converged"", ""converged"", ""converged"", ""converged""]",1.1919873492868998,0.5000000000000007,True,converged,0.126737792044878,2,"[0, 1, 0, 1, 0, 0, 0, 0, 0, 0, 0, 0, 0, 0]","[2.004194539040327e-05, 0.0006183329969644547, 0.0001841250341385603, 0.0008522080024704337, 0.0002993340604007244, 0.00035812496207654476, 0.0004136660136282444, 0.0004605839494615793, 0.0005032500484958291, 0.0005423330003395677, 0.0005889170570299029, 0.0005995839601382613, 0.0006832920480519533, 0.0007263340521603823]",1.2033653281571528,1.1919686837547234,0.5000053539734636,0.039788872584844905,0.11189611048442617,True,35.0,35.0
14,45,200,True,converged,7.63915854098741,19,"[0, 3, 4, 2, 1, 1, 1, 1, 1, 1, 1, 1, 1, 1]","[0.0185292090754956, 0.5880027910461649, 5.177192916045897, 0.20385437493678182, 0.09076970804017037, 0.10603929101489484, 0.12349820893723518, 0.1370305409654975, 0.15507145796436816, 0.1715085000032559, 0.18506416596937925, 0.19486912502907217, 0.21507554198615253, 0.23287120799068362]","[""converged"", ""converged"", ""converged"", ""converged"", ""converged"", ""converged"", ""converged"", ""converged"", ""converged"", ""converged"", ""converged"", ""converged"", ""converged"", ""converged""]",1.0030202726408255,0.49999999999999856,True,converged,0.12898020807188004,3,"[0, 1, 1, 1, 0, 0, 0, 0, 0, 0, 0, 0, 0, 0]","[1.737498678267002e-05, 0.0006496250862255692, 0.0008139580022543669, 0.000919374986551702, 0.00035420898348093033, 0.00040191703010350466, 0.0004205000586807728, 0.0004894590238109231, 0.0005548750050365925, 0.0006047079805284739, 0.000636375043541193, 0.0006910000229254365, 0.0007470420096069574, 0.0008018329972401261]",1.0130219137660899,1.0030444369432738,0.5000749942717302,0.0371027012044259,0.08578896792819012,True,48.0,48.0
14,46,200,True,converged,3.409489250043407,20,"[0, 4, 1, 3, 2, 2, 1, 1, 1, 1, 1, 1, 1, 1]","[0.019009083975106478, 0.6092195420060307, 0.06360966700594872, 0.4746443749172613, 0.3334418749436736, 0.4552996250567958, 0.125432415981777, 0.13412558299023658, 0.14991937496233732, 0.17327087500598282, 0.1837472920306027, 0.20191558299120516, 0.21426787495147437, 0.22929508402012289]","[""converged"", ""converged"", ""converged"", ""converged"", ""converged"", ""converged"", ""converged"", ""converged"", ""converged"", ""converged"", ""converged"", ""converged"", ""converged"", ""converged""]",1.544412213720237,0.5000000086151805,True,converged,0.1301947080064565,4,"[0, 1, 0, 1, 1, 1, 0, 0, 0, 0, 0, 0, 0, 0]","[2.3083994165062904e-05, 0.0006556669250130653, 0.00017554196529090405, 0.0008729170076549053, 0.0010712080402299762, 0.0013458749745041132, 0.00048066594172269106, 0.000540458015166223, 0.000616041012108326, 0.000669957953505218, 0.0007061249343678355, 0.0007845840882509947, 0.00083370809443295, 0.0008161249570548534]",1.5591466416065058,1.5444684067451846,0.5000305997522798,0.045418054105247775,0.11150691973670569,True,47.0,47.0
14,47,200,True,converged,1.9715037499554455,14,"[0, 2, 1, 1, 1, 1, 1, 1, 1, 1, 1, 1, 1, 1]","[0.01947779196780175, 0.14654987503308803, 0.0638691249769181, 0.0770731660304591, 0.09406920906621963, 0.11057866702321917, 0.12421383406035602, 0.14033366600051522, 0.156722417101264, 0.16908929194323719, 0.1861143329879269, 0.20094683300703764, 0.20918537501711398, 0.23405562504194677]","[""converged"", ""converged"", ""converged"", ""converged"", ""converged"", ""converged"", ""converged"", ""converged"", ""converged"", ""converged"", ""converged"", ""converged"", ""converged"", ""converged""]",1.3093712498054024,0.5000004328282784,True,converged,0.12923245900310576,1,"[0, 1, 0, 0, 0, 0, 0, 0, 0, 0, 0, 0, 0, 0]","[1.8874998204410076e-05, 0.000658417004160583, 0.00017395801842212677, 0.0002013749908655882, 0.0002592910313978791, 0.0002906249137595296, 0.0003402500879019499, 0.0003868750063702464, 0.00044416601303964853, 0.0004861250054091215, 0.000561458058655262, 0.0005885830614715815, 0.0006649579154327512, 0.0006408329354599118]",1.3218042300498616,1.3093496516420362,0.5002089133892526,0.041558798202617916,0.10689391076901585,True,44.0,44.0
14,48,200,False,rank_osqp_failed,9.418487332994118,19,"[0, 0, 3, 1, 3, 1, 2, 1, 2, 2, 1, 1, 1, 1]","[0.019190083956345916, 2.5423575829481706, 0.2845012500183657, 0.07749945798423141, 0.4214992920169607, 0.10558883298654109, 3.8535292499000207, 0.13525495794601738, 0.5371187920682132, 0.5754987500840798, 0.1822966249892488, 0.19555033405777067, 0.21601679094601423, 0.2323350840015337]","[""converged"", ""osqp_failed"", ""converged"", ""converged"", ""converged"", ""converged"", ""converged"", ""converged"", ""converged"", ""converged"", ""converged"", ""converged"", ""converged"", ""converged""]",2.081074848711354,0.07521240934750544,True,converged,0.1410979579668492,6,"[0, 1, 1, 0, 1, 0, 1, 0, 1, 1, 0, 0, 0, 0]","[1.5083001926541328e-05, 0.0006137089803814888, 0.0008194169495254755, 0.000262417015619576, 0.0011870410526171327, 0.00042216607835143805, 0.0015688750427216291, 0.000600166036747396, 0.001882915967144072, 0.0020995830418542027, 0.0007992920000106096, 0.0009047091007232666, 0.0008974591037258506, 0.0009130830876529217]",2.105379066229699,2.084693134921985,0.5000018155280705,,,,,
14,49,200,True,converged,2.16392816696316,16,"[0, 2, 2, 2, 1, 1, 1, 1, 1, 1, 1, 1, 1, 1]","[0.01859324995893985, 0.11793549999129027, 0.14274145802482963, 0.2285701249493286, 0.09405933297239244, 0.10892720799893141, 0.12183137494139373, 0.1381485410965979, 0.15731095802038908, 0.16960804199334234, 0.18179324991069734, 0.20131308306008577, 0.20992512500379235, 0.2320406670914963]","[""converged"", ""converged"", ""converged"", ""converged"", ""converged"", ""converged"", ""converged"", ""converged"", ""converged"", ""converged"", ""converged"", ""converged"", ""converged"", ""converged""]",1.3685949846613539,0.4999999999999972,True,converged,0.1278077500173822,3,"[0, 1, 1, 1, 0, 0, 0, 0, 0, 0, 0, 0, 0, 0]","[2.6249908842146397e-05, 0.0007465829839929938, 0.0009061670862138271, 0.0010427080560475588, 0.00036162498872727156, 0.0004057090263813734, 0.0004719169810414314, 0.0004992079921066761, 0.0005485420115292072, 0.0006330000469461083, 0.0006502079777419567, 0.0007340000011026859, 0.0007432909915223718, 0.0007779169827699661]",1.3815631755576903,1.3685679452440853,0.5007948296901954,0.0427317639586401,0.11380035986711656,True,52.0,52.0
16,0,200,True,converged,2.9050816249800846,19,"[0, 3, 1, 3, 1, 1, 1, 1, 1, 1, 1, 1, 1, 1, 1, 1]","[0.018960334011353552, 0.24809670797549188, 0.06378133303951472, 0.38728645793162286, 0.09542658389545977, 0.11005716701038182, 0.12746795802377164, 0.13946129195392132, 0.15468616702128202, 0.1661539999768138, 0.18292349996045232, 0.19864079100079834, 0.21477474994026124, 0.2348978330846876, 0.24427679099608213, 0.26438683399464935]","[""converged"", ""converged"", ""converged"", ""converged"", ""converged"", ""converged"", ""converged"", ""converged"", ""converged"", ""converged"", ""converged"", ""converged"", ""converged"", ""converged"", ""converged"", ""converged""]",1.5058735659343376,0.5000000000027496,True,converged,0.15480870893225074,2,"[0, 1, 0, 1, 0, 0, 0, 0, 0, 0, 0, 0, 0, 0, 0, 0]","[1.7125043086707592e-05, 0.0006036669947206974, 0.00016954191960394382, 0.0009309579618275166, 0.0002923749852925539, 0.0003464169567450881, 0.00039304199162870646, 0.0004272089572623372, 0.00048558402340859175, 0.0005356250330805779, 0.0006194589659571648, 0.0006433749804273248, 0.0006981251062825322, 0.000716750044375658, 0.0007966250414028764, 0.0008285000221803784]",1.5199257595665374,1.505951612720632,0.5013474957757044,0.04674673557392547,0.14616287751522644,True,52.0,52.0
16,1,200,True,converged,3.17628529202193,19,"[0, 2, 1, 3, 2, 1, 1, 1, 1, 1, 1, 1, 1, 1, 1, 1]","[0.018657500040717423, 0.2773750420892611, 0.06208533304743469, 0.4961862500058487, 0.22808962501585484, 0.1092348750680685, 0.12617441604379565, 0.14085491700097919, 0.15351795905735344, 0.16726220899727196, 0.18691554095130414, 0.19925724994391203, 0.2108835419639945, 0.23060687503311783, 0.2514539159601554, 0.2629074170254171]","[""converged"", ""converged"", ""converged"", ""converged"", ""converged"", ""converged"", ""converged"", ""converged"", ""converged"", ""converged"", ""converged"", ""converged"", ""converged"", ""converged"", ""converged"", ""converged""]",1.2945263539739758,0.49950257733129333,True,converged,0.15213420800864697,3,"[0, 1, 0, 1, 1, 0, 0, 0, 0, 0, 0, 0, 0, 0, 0, 0]","[2.2707972675561905e-05, 0.0006446249317377806, 0.00017604208551347256, 0.0008649580413475633, 0.0010783749166876078, 0.0004077500198036432, 0.0004531670128926635, 0.0004968749126419425, 0.0005500830011442304, 0.0005940840346738696, 0.0006189170526340604, 0.0006775419460609555, 0.0007862920174375176, 0.0007743750466033816, 0.0008387919515371323, 0.0008561250288039446]",1.3069006805975514,1.2945222846730242,0.5001894961894706,0.04446785397035403,0.12489484798103716,True,64.0,64.0
16,2,200,False,rank_osqp_failed,7.005988250020891,20,"[0, 3, 0, 1, 3, 1, 2, 1, 2, 1, 1, 1, 1, 1, 1, 1]","[0.018780458020046353, 0.16386974998749793, 3.1309560829540715, 0.07724008290097117, 0.545752750011161, 0.10490899998694658, 0.612230291008018, 0.1364662500564009, 0.5495370419230312, 0.2662182500353083, 0.18752862501423806, 0.19746754097286612, 0.21215408307034522, 0.2372713329968974, 0.24798187497071922, 0.2633803329663351]","[""converged"", ""converged"", ""osqp_failed"", ""converged"", ""converged"", ""converged"", ""converged"", ""converged"", ""converged"", ""converged"", ""converged"", ""converged"", ""converged"", ""converged"", ""converged"", ""converged""]",1.40803447562852,0.09888589745157059,True,converged,0.16157487500458956,7,"[0, 1, 2, 0, 1, 0, 1, 0, 1, 1, 0, 0, 0, 0, 0, 0]","[1.191697083413601e-05, 0.0005897920345887542, 0.005034000030718744, 0.0002989999484270811, 0.0012220420176163316, 0.0004469580017030239, 0.0016119159990921617, 0.0005950001068413258, 0.001889833016321063, 0.0021486670011654496, 0.0008317920146510005, 0.0008640000596642494, 0.0009285000851377845, 0.0009912080131471157, 0.0010053749429062009, 0.001040375092998147]",1.4305186564271237,1.416485252476634,0.5001862389995372,,,,,
16,3,200,True,converged,2.6769617500249296,18,"[0, 3, 2, 1, 1, 1, 1, 1, 1, 1, 1, 1, 1, 1, 1, 1]","[0.019275041995570064, 0.2172613339498639, 0.17191899998579174, 0.07900445908308029, 0.0937757920473814, 0.10722587502095848, 0.12128162500448525, 0.14043529203627259, 0.15972174995113164, 0.1645195409655571, 0.18893166701309383, 0.19941829203162342, 0.21090554201509804, 0.23446712491568178, 0.2515730420127511, 0.2656499579316005]","[""converged"", ""converged"", ""converged"", ""converged"", ""converged"", ""converged"", ""converged"", ""converged"", ""converged"", ""converged"", ""converged"", ""converged"", ""converged"", ""converged"", ""converged"", ""converged""]",1.990920176620953,0.5000000000000004,True,converged,0.1488624579505995,2,"[0, 1, 1, 0, 0, 0, 0, 0, 0, 0, 0, 0, 0, 0, 0, 0]","[1.1708005331456661e-05, 0.0005629169754683971, 0.000677207950502634, 0.00026412494480609894, 0.00030224991496652365, 0.00036112498492002487, 0.0004037079634144902, 0.00044491596054285765, 0.0005201658932492137, 0.0005628750659525394, 0.0005842080572620034, 0.0006534999702125788, 0.0007042919751256704, 0.0007075410103425384, 0.0008027500007301569, 0.0008659999584779143]",2.0099906531445266,1.9909376733660626,0.5020929522272228,0.051579761278113444,0.11746928800179224,True,61.0,61.0
16,4,200,True,converged,4.847431000089273,24,"[0, 4, 1, 1, 2, 4, 2, 1, 1, 1, 1, 1, 1, 2, 1, 1]","[0.018589249928481877, 0.4007768329465762, 0.06437195802573115, 0.07655191700905561, 0.4970987910637632, 0.7985947920242324, 0.3962594169424847, 0.1372059159912169, 0.15596483403351158, 0.16403216705657542, 0.1811550420243293, 0.19805779203306884, 0.21803537500090897, 0.9729962499113753, 0.2513124579563737, 0.26561016601044685]","[""converged"", ""converged"", ""converged"", ""converged"", ""converged"", ""converged"", ""converged"", ""converged"", ""converged"", ""converged"", ""converged"", ""converged"", ""converged"", ""converged"", ""converged"", ""converged""]",1.4626441712978535,0.4999999999999999,True,converged,0.15700416697654873,5,"[0, 1, 0, 0, 1, 1, 1, 0, 0, 0, 0, 0, 0, 1, 0, 0]","[1.3625016435980797e-05, 0.000575791927985847, 0.00017283402848988771, 0.0002158329589292407, 0.0010016669984906912, 0.001280499971471727, 0.0014742919011041522, 0.0005322920624166727, 0.0005632919492200017, 0.0006164999213069677, 0.0006951659452170134, 0.0007325420156121254, 0.0007660830160602927, 0.002557333908043802, 0.0009446250041946769, 0.001014249981380999]",1.4767950440459496,1.4627365179243075,0.5008594086738413,0.04955722176924644,0.14769913283498162,True,51.0,51.0
16,5,200,True,converged,3.852938500000164,22,"[0, 3, 2, 2, 3, 1, 1, 1, 1, 1, 1, 2, 1, 1, 1, 1]","[0.019016250036656857, 0.3405552499461919, 0.17162341705989093, 0.2126688330899924, 0.470161416917108, 0.11110154201742262, 0.12332804198376834, 0.13887279096525162, 0.15484758303500712, 0.1701608750736341, 0.18537770793773234, 0.7368962920736521, 0.22138150001410395, 0.23637808405328542, 0.24750654201488942, 0.26230854203458875]","[""converged"", ""converged"", ""converged"", ""converged"", ""converged"", ""converged"", ""converged"", ""converged"", ""converged"", ""converged"", ""converged"", ""converged"", ""converged"", ""converged"", ""converged"", ""converged""]",1.8584422725756433,0.49999999999999845,True,converged,0.15278887492604554,5,"[0, 1, 1, 1, 1, 0, 0, 0, 0, 0, 0, 1, 0, 0, 0, 0]","[1.0874937288463116e-05, 0.0005790840368717909, 0.0007139589870348573, 0.0009159159380942583, 0.0011428750585764647, 0.0004522498929873109, 0.0005840420490130782, 0.0005409580189734697, 0.0006078750593587756, 0.0006736250361427665, 0.0006725419079884887, 0.0022457080194726586, 0.0008477499941363931, 0.0008764580124989152, 0.0009227499831467867, 0.0009719999507069588]",1.8762324400534407,1.8584589370925628,0.5000000022754064,0.049960010636646984,0.12156847293029127,True,58.0,58.0
16,6,200,True,converged,3.851183666032739,20,"[0, 3, 1, 2, 1, 2, 1, 1, 1, 1, 1, 1, 1, 2, 1, 1]","[0.01914095797110349, 0.2944142499472946, 0.06400720798410475, 0.2586340829730034, 0.09175508399493992, 0.4919555000960827, 0.12344433297403157, 0.13894687499850988, 0.15429949993267655, 0.16463029105216265, 0.1824729999061674, 0.20145091693848372, 0.2159139170544222, 0.886759249959141, 0.25131687498651445, 0.25977758306544274]","[""converged"", ""converged"", ""converged"", ""converged"", ""converged"", ""converged"", ""converged"", ""converged"", ""converged"", ""converged"", ""converged"", ""converged"", ""converged"", ""converged"", ""converged"", ""converged""]",2.025772407228872,0.4999999999999987,True,converged,0.15731541707646102,4,"[0, 1, 0, 1, 0, 1, 0, 0, 0, 0, 0, 0, 0, 1, 0, 0]","[1.3042008504271507e-05, 0.0005486659938469529, 0.00017616606783121824, 0.0008830410661175847, 0.00031991605646908283, 0.0012447499902918935, 0.00047029205597937107, 0.0005024169804528356, 0.0005512919742614031, 0.0005862910766154528, 0.0006498750299215317, 0.0006908749928697944, 0.0007216250523924828, 0.0023819580674171448, 0.0009159579640254378, 0.0009377920068800449]",2.045082575740986,2.025789744977665,0.5000760421516283,0.05566476613278141,0.1536733970628427,True,41.0,41.0
16,7,200,False,rank_osqp_failed,15.178001624997705,33,"[0, 4, 1, 12, 1, 4, 0, 1, 2, 2, 1, 1, 1, 1, 1, 1]","[0.018852250068448484, 3.5163994999602437, 0.062041708966717124, 2.2971066660247743, 0.09470112505368888, 0.9982961670029908, 5.334746708045714, 0.1354015830438584, 0.8219296250026673, 0.4899622079683468, 0.18526162509806454, 0.19980929198209196, 0.21632654103450477, 0.23545075010042638, 0.24551575002260506, 0.2730007499922067]","[""converged"", ""converged"", ""converged"", ""converged"", ""converged"", ""converged"", ""osqp_failed"", ""converged"", ""converged"", ""converged"", ""converged"", ""converged"", ""converged"", ""converged"", ""converged"", ""converged""]",1.8581660445789447,0.07815488509420836,True,converged,0.16482883400749415,7,"[0, 1, 0, 1, 0, 1, 2, 0, 1, 1, 0, 0, 0, 0, 0, 0]","[2.01669754460454e-05, 0.0007137920474633574, 0.00016783294267952442, 0.0008617079583927989, 0.00031233392655849457, 0.0012580000329762697, 0.0037784999003633857, 0.0005983330775052309, 0.0019156670896336436, 0.0021936249686405063, 0.0008293749997392297, 0.0008827500278130174, 0.0009141660993918777, 0.000996250077150762, 0.001050541060976684, 0.001019375049509108]",1.878235057085192,1.8606490310242194,0.5001850598808857,,,,,
16,8,200,True,converged,6.87104370794259,22,"[0, 4, 1, 2, 2, 2, 2, 1, 1, 1, 1, 1, 1, 1, 1, 1]","[0.019235832965932786, 3.5732504170155153, 0.06480429205112159, 0.21292199997697026, 0.30439666705206037, 0.35731987503822893, 0.48464712500572205, 0.13846575003117323, 0.15006950008682907, 0.16678766696713865, 0.18695037497673184, 0.20166908402461559, 0.21453120792284608, 0.22881400003097951, 0.2488692079205066, 0.2656321249669418]","[""converged"", ""converged"", ""converged"", ""converged"", ""converged"", ""converged"", ""converged"", ""converged"", ""converged"", ""converged"", ""converged"", ""converged"", ""converged"", ""converged"", ""converged"", ""converged""]",1.9945419525853618,0.5000000000000008,True,converged,0.15606816695071757,5,"[0, 1, 0, 1, 1, 1, 1, 0, 0, 0, 0, 0, 0, 0, 0, 0]","[2.1666986867785454e-05, 0.0006860420107841492, 0.00017733406275510788, 0.0008896250510588288, 0.0010824579512700438, 0.0013452920829877257, 0.0016407080693170428, 0.0006398330442607403, 0.0006472079548984766, 0.0008592080557718873, 0.0007722500013187528, 0.0008035000646486878, 0.0008659589802846313, 0.000871917000040412, 0.0009674589382484555, 0.0010335829574614763]",2.013355958830109,1.9945362768126893,0.5000053808058622,0.05548739303584242,0.1395792565857335,True,63.0,63.0
16,9,200,True,converged,2.6220329999923706,16,"[0, 2, 1, 1, 1, 1, 1, 1, 1, 1, 1, 1, 1, 1, 1, 1]","[0.01914604101330042, 0.26001470803748816, 0.0625315000070259, 0.07810287503525615, 0.09535758302081376, 0.11037820798810571, 0.1243148329667747, 0.13920241699088365, 0.1591922079678625, 0.17212391702923924, 0.18826950003858656, 0.19858370802830905, 0.21644054201897234, 0.23010733409319073, 0.2476475000148639, 0.26569320901762694]","[""converged"", ""converged"", ""converged"", ""converged"", ""converged"", ""converged"", ""converged"", ""converged"", ""converged"", ""converged"", ""converged"", ""converged"", ""converged"", ""converged"", ""converged"", ""converged""]",0.913325234592805,0.5000634520052565,True,converged,0.14956699998583645,1,"[0, 1, 0, 0, 0, 0, 0, 0, 0, 0, 0, 0, 0, 0, 0, 0]","[1.89170241355896e-05, 0.0006154170259833336, 0.0001776249846443534, 0.00022074999287724495, 0.00025629193987697363, 0.00031649996526539326, 0.0003714170306921005, 0.0004099999787285924, 0.0004314580000936985, 0.0005162080051377416, 0.0005272499984130263, 0.0005815830081701279, 0.0006649999413639307, 0.0007038329495117068, 0.0007092909654602408, 0.0007826249347999692]",0.922041605408895,0.9133138486779574,0.5000003269848668,0.03557451159581614,0.10018774811929763,True,41.0,41.0
16,10,200,True,converged,5.7857755000004545,28,"[0, 3, 3, 1, 3, 5, 3, 1, 2, 1, 1, 1, 1, 1, 1, 1]","[0.019064208026975393, 0.43710779200773686, 0.3402962910477072, 0.07625666703097522, 0.5476415409939364, 1.1140364999882877, 0.8923631670186296, 0.13986254192423075, 0.6537672500126064, 0.16312575002666563, 0.1832561669871211, 0.20067562500480562, 0.21670995804015547, 0.23526787490118295, 0.2501840420300141, 0.2618255000561476]","[""converged"", ""converged"", ""converged"", ""converged"", ""converged"", ""converged"", ""converged"", ""converged"", ""converged"", ""converged"", ""converged"", ""converged"", ""converged"", ""converged"", ""converged"", ""converged""]",2.1843653072395877,0.5000000042581183,True,converged,0.15613100002519786,6,"[0, 1, 1, 0, 1, 1, 1, 0, 1, 0, 0, 0, 0, 0, 0, 0]","[1.7332960851490498e-05, 0.0006712910253554583, 0.0007047500694170594, 0.00026820891071110964, 0.0010636670049279928, 0.0013210829347372055, 0.0015473340172320604, 0.0006007079500705004, 0.002058875048533082, 0.0007659170078113675, 0.0008289170218631625, 0.0008202909957617521, 0.0009283330291509628, 0.0009532909607514739, 0.0009289589943364263, 0.0009980829199776053]",2.205357440210665,2.1847315841447665,0.5001012596775777,0.0598770654022127,0.14725100040148148,True,73.0,73.0
16,11,200,True,converged,6.31881808291655,24,"[0, 3, 3, 1, 3, 1, 3, 1, 1, 1, 1, 1, 1, 1, 2, 1]","[0.018707375042140484, 0.16620212502311915, 0.9211704169865698, 0.07880158303305507, 0.9617994999280199, 0.10859874996822327, 0.7431055830093101, 0.13751124998088926, 0.15314712503459305, 0.1667116660391912, 0.18388970894739032, 0.1986953339073807, 0.2181898340350017, 0.231091083958745, 1.7139360420405865, 0.26396562496665865]","[""converged"", ""converged"", ""converged"", ""converged"", ""converged"", ""converged"", ""converged"", ""converged"", ""converged"", ""converged"", ""converged"", ""converged"", ""converged"", ""converged"", ""converged"", ""converged""]",1.6087433303403844,0.5000000000000046,True,converged,0.15794137492775917,7,"[0, 1, 2, 0, 1, 0, 2, 0, 0, 0, 0, 0, 0, 0, 1, 0]","[1.2500095181167126e-05, 0.0005946670426055789, 0.0018635829910635948, 0.0002952920040115714, 0.0011878340737894177, 0.0004474170273169875, 0.003142624977044761, 0.0006220419891178608, 0.000676875002682209, 0.0007342080352827907, 0.0007806249195709825, 0.0008056670194491744, 0.0008637499995529652, 0.000870457966811955, 0.0027920829597860575, 0.0010177920339629054]",1.6239828078280194,1.6087246350004392,0.5000165425942016,0.05183872880187745,0.16350521875665439,True,65.0,65.0
16,12,200,True,converged,3.511429624981247,19,"[0, 3, 1, 1, 1, 1, 1, 1, 1, 3, 1, 1, 1, 1, 1, 1]","[0.019074833020567894, 0.254583542002365, 0.06392987503204495, 0.07882641698233783, 0.09372337500099093, 0.10839833389036357, 0.12094779103063047, 0.13523891603108495, 0.15572658297605813, 1.0766352089121938, 0.18661283305846155, 0.202174499980174, 0.21633462503086776, 0.23597470798995346, 0.24617233301978558, 0.2654021669877693]","[""converged"", ""converged"", ""converged"", ""converged"", ""converged"", ""converged"", ""converged"", ""converged"", ""converged"", ""converged"", ""converged"", ""converged"", ""converged"", ""converged"", ""converged"", ""converged""]",1.6676539746770283,0.5000004880833648,True,converged,0.1532086250372231,2,"[0, 1, 0, 0, 0, 0, 0, 0, 0, 1, 0, 0, 0, 0, 0, 0]","[2.337503246963024e-05, 0.0007325420156121254, 0.00017816689796745777, 0.00022554106544703245, 0.00027550000231713057, 0.0003229159628972411, 0.0003696669591590762, 0.00041266693733632565, 0.0004729999927803874, 0.0017085419967770576, 0.0006234160391613841, 0.000660124933347106, 0.000693625072017312, 0.000730541069060564, 0.0008402910316362977, 0.0008179160067811608]",1.683437737092714,1.6676340899779467,0.500004893016386,0.047551963775571075,0.11641084642785827,True,65.0,65.0
16,13,200,True,converged,10.588137125014327,27,"[0, 1, 4, 1, 3, 3, 3, 1, 3, 2, 1, 1, 1, 1, 1, 1]","[0.018391875084489584, 0.04662120796274394, 2.2020954160252586, 0.07841879094485193, 2.9519168339902535, 0.8950832079863176, 0.987917041988112, 0.1393584159668535, 0.9066594579489902, 0.97872433392331, 0.18734279205091298, 0.19643574999645352, 0.2163856669794768, 0.22233924991451204, 0.2446590419858694, 0.2650337080704048]","[""converged"", ""converged"", ""converged"", ""converged"", ""converged"", ""converged"", ""converged"", ""converged"", ""converged"", ""converged"", ""converged"", ""converged"", ""converged"", ""converged"", ""converged"", ""converged""]",1.5935221042104577,0.5000020096310848,True,converged,0.16035983397159725,6,"[0, 0, 1, 0, 1, 1, 1, 0, 1, 1, 0, 0, 0, 0, 0, 0]","[2.1166051737964153e-05, 0.00016558298375457525, 0.000705457990989089, 0.00021524995099753141, 0.0010281659197062254, 0.0012662080116569996, 0.0015592500567436218, 0.0005620000883936882, 0.0019327080808579922, 0.0023150830529630184, 0.0007706671021878719, 0.0008505419827997684, 0.0008974589873105288, 0.0008902079425752163, 0.0010066250106319785, 0.0010084999958053231]",1.6088481888377284,1.593602299660279,0.5000027611266579,0.04622930732371653,0.11915601204443665,True,56.0,56.0
16,14,200,True,converged,2.409282249980606,15,"[0, 1, 1, 1, 1, 1, 1, 1, 1, 1, 1, 1, 1, 1, 1, 1]","[0.018774500000290573, 0.04805508302524686, 0.06272375001572073, 0.0769593749428168, 0.09221000003162771, 0.10624312493018806, 0.12695604201871902, 0.14194583403877914, 0.1566647089784965, 0.1722295000217855, 0.18630737497005612, 0.20046891691163182, 0.2164542080136016, 0.23242350004147738, 0.2523203750606626, 0.2675143330125138]","[""converged"", ""converged"", ""converged"", ""converged"", ""converged"", ""converged"", ""converged"", ""converged"", ""converged"", ""converged"", ""converged"", ""converged"", ""converged"", ""converged"", ""converged"", ""converged""]",1.0417937590743918,0.5562235862653082,True,converged,0.15206691599451005,0,"[0, 0, 0, 0, 0, 0, 0, 0, 0, 0, 0, 0, 0, 0, 0, 0]","[2.0749983377754688e-05, 0.00014591705985367298, 0.00012033293023705482, 0.0001657500397413969, 0.00022908300161361694, 0.000258707907050848, 0.00033079099375754595, 0.0003696249332278967, 0.00041212502401322126, 0.0004646250745281577, 0.0004926669644191861, 0.0005622090538963675, 0.0005692500853911042, 0.000622207997366786, 0.000671416986733675, 0.0007359170122072101]",1.0517384859973806,1.0417698019391735,0.5553952345103417,0.038364625537316926,0.09484954549897043,True,32.0,32.0
16,15,200,True,converged,9.707206709077582,27,"[0, 1, 1, 4, 4, 2, 2, 2, 2, 2, 2, 1, 1, 1, 1, 1]","[0.01851916708983481, 0.04686562507413328, 0.0634461670415476, 2.5683891670778394, 1.0727268749615178, 1.0968270000303164, 0.5915114579256624, 0.5017071249894798, 0.5910745000001043, 0.4938540420262143, 1.4489140000659972, 0.1938918330706656, 0.21686433302238584, 0.2380887499311939, 0.24701220798306167, 0.2645885420497507]","[""converged"", ""converged"", ""converged"", ""converged"", ""converged"", ""converged"", ""converged"", ""converged"", ""converged"", ""converged"", ""converged"", ""converged"", ""converged"", ""converged"", ""converged"", ""converged""]",1.4664866626297266,0.49954361171450806,True,converged,0.15987170801963657,8,"[0, 0, 0, 1, 1, 1, 1, 1, 1, 1, 1, 0, 0, 0, 0, 0]","[2.2249994799494743e-05, 0.00016033300198614597, 0.00012229103595018387, 0.0008615420665591955, 0.0010222919518128037, 0.0012211669236421585, 0.0015176249435171485, 0.0017076249932870269, 0.0019374169642105699, 0.002199708018451929, 0.0025099170161411166, 0.0009004590101540089, 0.0009361660340800881, 0.0010087090777233243, 0.0010290829231962562, 0.0010944580426439643]",1.4806617452298556,1.4665522005435117,0.5001095735535602,0.04913104164770579,0.14531981951789297,True,52.0,52.0
16,16,200,True,converged,6.67778124997858,22,"[0, 1, 4, 3, 2, 1, 1, 1, 1, 1, 1, 1, 1, 1, 2, 1]","[0.019122041994705796, 0.04805254191160202, 1.8811513748951256, 0.6292512499494478, 0.45594366698060185, 0.11020516697317362, 0.12368645798414946, 0.13944249995984137, 0.15446825011167675, 0.16436404210980982, 0.18276683299336582, 0.2015830830205232, 0.21552245796192437, 0.23585083393845707, 1.8019801250193268, 0.26287166704423726]","[""converged"", ""converged"", ""converged"", ""converged"", ""converged"", ""converged"", ""converged"", ""converged"", ""converged"", ""converged"", ""converged"", ""converged"", ""converged"", ""converged"", ""converged"", ""converged""]",1.7581724420439309,0.5000000000000002,True,converged,0.15070883301086724,4,"[0, 0, 1, 1, 1, 0, 0, 0, 0, 0, 0, 0, 0, 0, 1, 0]","[1.095794141292572e-05, 0.00013245793525129557, 0.0007024999940767884, 0.0008622499881312251, 0.001168375019915402, 0.0003953329287469387, 0.00044479197822511196, 0.0005075420485809445, 0.0005481659900397062, 0.0005930830957368016, 0.0006522499024868011, 0.00066708296071738, 0.0007535000331699848, 0.0007797079160809517, 0.0026126670418307185, 0.0009495420381426811]",1.7749600541968547,1.7582683745844079,0.5000154810016877,0.05126951833309337,0.1330654894485784,True,61.0,61.0
16,17,200,True,converged,3.944577708025463,22,"[0, 3, 1, 3, 3, 1, 2, 1, 1, 1, 1, 1, 1, 1, 1, 1]","[0.01883533305954188, 0.1747825830243528, 0.06392337498255074, 0.3722036669496447, 0.9298970409436151, 0.10797054204158485, 0.41492766700685024, 0.14060370798688382, 0.15495999995619059, 0.16724408301524818, 0.18195508292410523, 0.1961869589285925, 0.2142798329005018, 0.24247795797418803, 0.2500387500040233, 0.2604470420628786]","[""converged"", ""converged"", ""converged"", ""converged"", ""converged"", ""converged"", ""converged"", ""converged"", ""converged"", ""converged"", ""converged"", ""converged"", ""converged"", ""converged"", ""converged"", ""converged""]",1.1413561297117447,0.5,True,converged,0.15536270895972848,4,"[0, 1, 0, 1, 1, 0, 1, 0, 0, 0, 0, 0, 0, 0, 0, 0]","[1.4125020243227482e-05, 0.0006316249491646886, 0.00017304194625467062, 0.000886749941855669, 0.0010980420047417283, 0.00038779096212238073, 0.0015053750248625875, 0.0005629999795928597, 0.0006139999022707343, 0.0006333329947665334, 0.0006817079847678542, 0.0008687090594321489, 0.0007848750101402402, 0.0008405420230701566, 0.0008674169657751918, 0.0009090829407796264]",1.1523058784482527,1.1413511858786125,0.5009032318555822,0.03905734990723658,0.11587108351974386,True,44.0,44.0
16,18,200,True,converged,5.55513270793017,19,"[0, 4, 1, 2, 1, 1, 1, 1, 1, 1, 1, 1, 1, 1, 1, 1]","[0.01946954196318984, 1.524863165919669, 0.06199804099742323, 1.7512635419843718, 0.0929278340190649, 0.10600254195742309, 0.12099187495186925, 0.13663099997211248, 0.15536958305165172, 0.1719603749224916, 0.18430650001391768, 0.20217070903163403, 0.21585454209707677, 0.23424716701265424, 0.2537840000586584, 0.26928037498146296]","[""converged"", ""converged"", ""converged"", ""converged"", ""converged"", ""converged"", ""converged"", ""converged"", ""converged"", ""converged"", ""converged"", ""converged"", ""converged"", ""converged"", ""converged"", ""converged""]",1.8222474746690251,0.5000042776993758,True,converged,0.1498678750358522,2,"[0, 1, 0, 1, 0, 0, 0, 0, 0, 0, 0, 0, 0, 0, 0, 0]","[1.329102087765932e-05, 0.0006826251046732068, 0.00017654197290539742, 0.0009055420523509383, 0.00030183291528373957, 0.00035149999894201756, 0.0003858329728245735, 0.00045962492004036903, 0.0005003330297768116, 0.0005255000432953238, 0.0005817919736728072, 0.0006337499944493175, 0.0007151250028982759, 0.0007255000527948141, 0.0008048339514061809, 0.000826000003144145]",1.8397417320028078,1.8222269355657077,0.5001832673715811,0.05031424090701839,0.1323213555031229,True,44.0,44.0
16,19,200,False,rank_max_iterations,84.49746379198041,46,"[0, 5, 4, 1, 3, 5, 20, 0, 1, 1, 1, 1, 1, 1, 1, 1]","[0.018784667016007006, 0.27813687501475215, 1.9923038749257103, 0.07872837502509356, 5.575055541004986, 1.1112707080319524, 67.50017620809376, 5.778719249996357, 0.15560437506064773, 0.16897241701371968, 0.18054062500596046, 0.1971794170094654, 0.21868395793717355, 0.49374662491027266, 0.4312603329308331, 0.26487616694066674]","[""converged"", ""converged"", ""converged"", ""converged"", ""converged"", ""converged"", ""max_iterations"", ""osqp_failed"", ""converged"", ""converged"", ""converged"", ""converged"", ""converged"", ""converged"", ""converged"", ""converged""]",2.1557289033966316,0.06347473274776569,True,converged,0.1581082500051707,6,"[0, 1, 1, 0, 1, 1, 1, 1, 0, 0, 0, 0, 0, 0, 0, 0]","[1.3582990504801273e-05, 0.0006576250307261944, 0.0007084169192239642, 0.0002619170118123293, 0.001118832966312766, 0.0013110839063301682, 0.001589040970429778, 0.0017844579415395856, 0.000689250067807734, 0.0007106669945642352, 0.0007617910159751773, 0.0008197079878300428, 0.0009040000149980187, 0.0009361249394714832, 0.0009820000268518925, 0.0010199169628322124]",2.1792613438748027,2.157742687761062,0.5000039890317126,,,,,
16,20,200,False,rank_osqp_failed,10.050964000052772,19,"[0, 0, 4, 1, 2, 2, 1, 1, 1, 1, 1, 1, 1, 1, 1, 1]","[0.018977582920342684, 2.5282069999957457, 1.7941132920095697, 0.07733958307653666, 3.3155088339699432, 0.3319662919966504, 0.12043662497308105, 0.1412101249443367, 0.15928437490947545, 0.16746641602367163, 0.18277883296832442, 0.19906670798081905, 0.21123891696333885, 0.24139991693664342, 0.2463510420639068, 0.26450433407444507]","[""converged"", ""osqp_failed"", ""converged"", ""converged"", ""converged"", ""converged"", ""converged"", ""converged"", ""converged"", ""converged"", ""converged"", ""converged"", ""converged"", ""converged"", ""converged"", ""converged""]",1.276319695518294,0.03759806603131662,True,converged,0.1512029169825837,4,"[0, 1, 1, 0, 1, 1, 0, 0, 0, 0, 0, 0, 0, 0, 0, 0]","[1.0750023648142815e-05, 0.0006753329653292894, 0.0007656670641154051, 0.0002534170635044575, 0.001091000041924417, 0.001283415942452848, 0.000494792009703815, 0.0005382499657571316, 0.0006010000361129642, 0.0006284579867497087, 0.0006789169274270535, 0.000702959019690752, 0.000765583012253046, 0.0008354589808732271, 0.0008686250075697899, 0.0009067500941455364]",1.299261893792057,1.2870246957568903,0.500120262335401,,,,,
16,21,200,True,converged,6.617967749945819,22,"[0, 5, 1, 2, 1, 2, 1, 2, 1, 1, 1, 1, 1, 1, 1, 1]","[0.018460292019881308, 1.3185785840032622, 0.06318708404432982, 1.1575392910744995, 0.09559983294457197, 1.615587875014171, 0.12626195908524096, 0.5057136670220643, 0.15065450000111014, 0.17074633296579123, 0.18298875004984438, 0.198585334001109, 0.2137495829956606, 0.23107791598886251, 0.25077124999370426, 0.26466691598761827]","[""converged"", ""converged"", ""converged"", ""converged"", ""converged"", ""converged"", ""converged"", ""converged"", ""converged"", ""converged"", ""converged"", ""converged"", ""converged"", ""converged"", ""converged"", ""converged""]",1.6097036315057178,0.5000014185337958,True,converged,0.15687149995937943,4,"[0, 1, 0, 1, 0, 1, 0, 1, 0, 0, 0, 0, 0, 0, 0, 0]","[2.1083978936076164e-05, 0.0007586251012980938, 0.00016691605560481548, 0.0009001250145956874, 0.0002969589550048113, 0.0012863329611718655, 0.0004587919684126973, 0.0016191250178962946, 0.000599374994635582, 0.0006217081099748611, 0.0006571250269189477, 0.0006930408999323845, 0.0007862909696996212, 0.0008188750362023711, 0.0008559999987483025, 0.0010558749781921506]",1.6259306976460337,1.6096942919974522,0.5000403501254617,0.04786506692708247,0.13125490744567006,True,60.0,60.0
16,22,200,True,converged,3.6689580410020426,22,"[0, 4, 1, 2, 3, 2, 1, 1, 1, 1, 1, 1, 1, 1, 1, 1]","[0.018484874977730215, 0.23727658309508115, 0.06406845897436142, 0.2893441669875756, 0.6623233749996871, 0.4143264580052346, 0.1237881249981001, 0.1379339579725638, 0.15119629201944917, 0.16813000000547618, 0.1832264589611441, 0.2003529160283506, 0.2175174580188468, 0.2289705410366878, 0.25331862503662705, 0.2647527090739459]","[""converged"", ""converged"", ""converged"", ""converged"", ""converged"", ""converged"", ""converged"", ""converged"", ""converged"", ""converged"", ""converged"", ""converged"", ""converged"", ""converged"", ""converged"", ""converged""]",1.9492316293580023,0.5000000913535841,True,converged,0.15495066705625504,4,"[0, 1, 0, 1, 1, 1, 0, 0, 0, 0, 0, 0, 0, 0, 0, 0]","[2.2583059035241604e-05, 0.0006118749734014273, 0.00018070905935019255, 0.0008442499674856663, 0.001077583059668541, 0.0013279580743983388, 0.0005099589470773935, 0.0005455419886857271, 0.0005686669610440731, 0.0006340000545606017, 0.0007310840301215649, 0.000772792031057179, 0.0008902919944375753, 0.0008931669872254133, 0.0009030411019921303, 0.0009739999659359455]",1.967905467753453,1.949284988398466,0.5000001688663266,0.053216029315878335,0.1331107656776353,True,62.0,62.0
16,23,200,True,converged,7.336766582913697,20,"[0, 4, 1, 2, 2, 1, 1, 1, 1, 1, 1, 1, 1, 1, 1, 1]","[0.01850112492684275, 4.52752770902589, 0.06384745810646564, 0.2323187089059502, 0.40952508291229606, 0.10833049996290356, 0.12462379201315343, 0.14061825000680983, 0.15303870802745223, 0.1707939999178052, 0.1778111249441281, 0.19547058397438377, 0.2176030830014497, 0.23678258305881172, 0.2502658750163391, 0.25825837498996407]","[""converged"", ""converged"", ""converged"", ""converged"", ""converged"", ""converged"", ""converged"", ""converged"", ""converged"", ""converged"", ""converged"", ""converged"", ""converged"", ""converged"", ""converged"", ""converged""]",1.5158560615643855,0.5000000000000041,True,converged,0.1542856669984758,3,"[0, 1, 0, 1, 1, 0, 0, 0, 0, 0, 0, 0, 0, 0, 0, 0]","[1.97909539565444e-05, 0.0007524579996243119, 0.00020479096565395594, 0.00086508400272578, 0.0010900830384343863, 0.00041099998634308577, 0.0004475830355659127, 0.0004955420736223459, 0.0005602911114692688, 0.0006032909732311964, 0.000659832963719964, 0.0006650839932262897, 0.0007257499964907765, 0.0008035419741645455, 0.000828250078484416, 0.0009958751033991575]",1.53081038893256,1.515961862872326,0.5001514033104568,0.04498535081711178,0.119519051864443,True,60.0,60.0
16,24,200,False,rank_osqp_failed,9.3979971249355,23,"[0, 4, 3, 1, 0, 1, 3, 2, 1, 1, 2, 1, 1, 1, 1, 1]","[0.018640083028003573, 0.21655862499028444, 0.641237708972767, 0.07627241709269583, 4.267661500023678, 0.10867824999149889, 1.398654832970351, 0.3421005409909412, 0.15551670792046934, 0.16718441701959819, 0.7831012079259381, 0.20252404105849564, 0.2100708750076592, 0.23163729102816433, 0.2559076660545543, 0.26899279095232487]","[""converged"", ""converged"", ""converged"", ""converged"", ""osqp_failed"", ""converged"", ""converged"", ""converged"", ""converged"", ""converged"", ""converged"", ""converged"", ""converged"", ""converged"", ""converged"", ""converged""]",1.744466614484069,0.07717921470510256,True,converged,0.15808154200203717,6,"[0, 1, 1, 0, 1, 0, 1, 1, 0, 0, 1, 0, 0, 0, 0, 0]","[2.037500962615013e-05, 0.0006253339815884829, 0.0007408329984173179, 0.0002524999435991049, 0.0012433750089257956, 0.0004474170273169875, 0.001533208996988833, 0.0016974579775705934, 0.0006203750381246209, 0.0006590000120922923, 0.0021925000473856926, 0.0008596250554546714, 0.0009256249759346247, 0.000890791998244822, 0.0009378748945891857, 0.0010922501096501946]",1.7844889688857668,1.7670307232065436,0.5000279999567537,,,,,
16,25,200,True,converged,5.126363500021398,19,"[0, 4, 1, 2, 1, 1, 1, 1, 1, 1, 1, 1, 1, 1, 1, 1]","[0.01858095801435411, 2.656417833059095, 0.06380170898046345, 0.1956518329679966, 0.09163150005042553, 0.10592208406887949, 0.12701645796187222, 0.14119645801838487, 0.15548504109028727, 0.17148816597182304, 0.1855218750424683, 0.19572158297523856, 0.21778129192534834, 0.23650987492874265, 0.2490203749621287, 0.25805729103740305]","[""converged"", ""converged"", ""converged"", ""converged"", ""converged"", ""converged"", ""converged"", ""converged"", ""converged"", ""converged"", ""converged"", ""converged"", ""converged"", ""converged"", ""converged"", ""converged""]",2.4930114781311725,0.4999999999999978,True,converged,0.1490958749782294,2,"[0, 1, 0, 1, 0, 0, 0, 0, 0, 0, 0, 0, 0, 0, 0, 0]","[1.1958996765315533e-05, 0.000585916917771101, 0.00016850000247359276, 0.0008323750225827098, 0.00031395803671330214, 0.00035862496588379145, 0.0004077919293195009, 0.00046804104931652546, 0.0004962499951943755, 0.0005441670073196292, 0.0006051250966265798, 0.0006258330540731549, 0.0006814169464632869, 0.0008425840642303228, 0.0008012920152395964, 0.0008757920004427433]",2.5168069529339814,2.4930050604961487,0.5041654197441783,0.057149108859833646,0.1280182516525722,True,65.0,65.0
16,26,200,True,converged,6.329065666999668,27,"[0, 2, 3, 8, 1, 2, 1, 1, 1, 2, 1, 1, 1, 1, 1, 1]","[0.01899266697000712, 0.39138562500011176, 0.27503941603936255, 1.3007296250434592, 0.09139875008258969, 1.555047250003554, 0.1217393750557676, 0.14110124995931983, 0.15704212500713766, 0.8762339160311967, 0.1841498330468312, 0.20176124991849065, 0.2159132920205593, 0.2261210000142455, 0.25086162495426834, 0.26775912498123944]","[""converged"", ""converged"", ""converged"", ""converged"", ""converged"", ""converged"", ""converged"", ""converged"", ""converged"", ""converged"", ""converged"", ""converged"", ""converged"", ""converged"", ""converged"", ""converged""]",2.2510576965602556,0.5000000000000002,True,converged,0.15752887504640967,5,"[0, 1, 1, 1, 0, 1, 0, 0, 0, 1, 0, 0, 0, 0, 0, 0]","[1.795799471437931e-05, 0.0006241250084713101, 0.0007372499676421285, 0.0009357910603284836, 0.0003481250023469329, 0.001359459012746811, 0.000502833048813045, 0.0005583750316873193, 0.0005927919410169125, 0.0019776669796556234, 0.0007741249864920974, 0.0007743749301880598, 0.0008496249793097377, 0.0008953330107033253, 0.0010039169574156404, 0.0010231250198557973]",2.272492465216161,2.2510132722781315,0.5003831082702747,0.05937724306793166,0.15848489047256356,True,57.0,57.0
16,27,200,True,converged,2.9980889160651714,20,"[0, 3, 1, 4, 1, 1, 1, 1, 1, 1, 1, 1, 1, 1, 1, 1]","[0.018622374976985157, 0.2683991660596803, 0.06325104192364961, 0.4676495420280844, 0.09321558300871402, 0.11035191605333239, 0.12182183295954019, 0.13682316697668284, 0.15714408294297755, 0.16765170800499618, 0.18257674993947148, 0.20105991698801517, 0.21530775004066527, 0.2338374579558149, 0.24632708297576755, 0.2639718749560416]","[""converged"", ""converged"", ""converged"", ""converged"", ""converged"", ""converged"", ""converged"", ""converged"", ""converged"", ""converged"", ""converged"", ""converged"", ""converged"", ""converged"", ""converged"", ""converged""]",1.7993729156065525,0.5000000794030564,True,converged,0.15651274996344,2,"[0, 1, 0, 1, 0, 0, 0, 0, 0, 0, 0, 0, 0, 0, 0, 0]","[1.2459000572562218e-05, 0.0006227090489119291, 0.00016991596203297377, 0.0009002079023048282, 0.0002888330491259694, 0.0003471659729257226, 0.00040316698141396046, 0.00046916701830923557, 0.000502042006701231, 0.000540749984793365, 0.0006104579661041498, 0.0006689169676974416, 0.0006994999712333083, 0.0007457910105586052, 0.0007809579838067293, 0.0008369170827791095]",1.816162460097845,1.7993899529659412,0.5002109631344365,0.05010275052117878,0.13621788150289726,True,66.0,66.0
16,28,200,True,converged,2.8603277079528198,19,"[0, 3, 2, 1, 2, 1, 1, 1, 1, 1, 1, 1, 1, 1, 1, 1]","[0.01847029197961092, 0.1517075829906389, 0.1853289579739794, 0.07737279194407165, 0.34755637496709824, 0.10521279205568135, 0.12431558291427791, 0.13834000006318092, 0.15132095804437995, 0.16873962490353733, 0.18234654201660305, 0.19555866601876915, 0.2101880001137033, 0.237687083077617, 0.24973066709935665, 0.26253249996807426]","[""converged"", ""converged"", ""converged"", ""converged"", ""converged"", ""converged"", ""converged"", ""converged"", ""converged"", ""converged"", ""converged"", ""converged"", ""converged"", ""converged"", ""converged"", ""converged""]",1.228590812462678,0.5000000000000001,True,converged,0.15105424995999783,3,"[0, 1, 1, 0, 1, 0, 0, 0, 0, 0, 0, 0, 0, 0, 0, 0]","[1.2792064808309078e-05, 0.0006580830086022615, 0.0007272079819813371, 0.0002560419961810112, 0.0010298339184373617, 0.00039599998854100704, 0.0004611249314621091, 0.0004753749817609787, 0.000536083010956645, 0.0005576249677687883, 0.0006573329446837306, 0.000666665961034596, 0.000736541929654777, 0.0007507919799536467, 0.0008381250081583858, 0.00088433304335922]",1.2400603492924556,1.2285642116125446,0.500000782104714,0.04132285411017062,0.09404346531525615,True,56.0,56.0
16,29,200,True,converged,6.15701912494842,24,"[0, 3, 3, 2, 3, 1, 2, 1, 2, 1, 1, 1, 1, 1, 1, 1]","[0.018963332986459136, 0.3085358329117298, 1.6394192080479115, 0.6254195830551907, 0.5338205829029903, 0.10750487504992634, 0.6801150420214981, 0.1392460409551859, 0.5299688340164721, 0.16924316599033773, 0.1794859580695629, 0.20068858400918543, 0.21406108303926885, 0.23873941600322723, 0.2500959159806371, 0.26869408297352493]","[""converged"", ""converged"", ""converged"", ""converged"", ""converged"", ""converged"", ""converged"", ""converged"", ""converged"", ""converged"", ""converged"", ""converged"", ""converged"", ""converged"", ""converged"", ""converged""]",1.4428857576959162,0.4995939531327999,True,converged,0.15569395804777741,6,"[0, 1, 1, 1, 1, 0, 1, 0, 1, 0, 0, 0, 0, 0, 0, 0]","[1.2416974641382694e-05, 0.0006389999762177467, 0.0007384170312434435, 0.0009462499292567372, 0.0011779159540310502, 0.0004397080047056079, 0.001512249931693077, 0.0005536249373108149, 0.0019222080009058118, 0.0007319580763578415, 0.0007501249201595783, 0.0007939579663798213, 0.0008821659721434116, 0.0008894999045878649, 0.0009329169988632202, 0.0010300000431016088]",1.4571701012657339,1.442941803794049,0.5000477134899319,0.04509164457695874,0.10890173878231461,True,49.0,49.0
16,30,200,True,converged,6.341465250006877,24,"[0, 1, 5, 3, 3, 2, 1, 1, 1, 1, 1, 1, 1, 1, 1, 1]","[0.018934332998469472, 0.04861749999690801, 1.1274958750000224, 0.5735887920018286, 1.9934643330052495, 0.5875012499745935, 0.12076087493915111, 0.13603658403735608, 0.1561344590736553, 0.17255675001069903, 0.18780912505462766, 0.19999083399306983, 0.2173304579919204, 0.23757274996023625, 0.24771170795429498, 0.26328245899640024]","[""converged"", ""converged"", ""converged"", ""converged"", ""converged"", ""converged"", ""converged"", ""converged"", ""converged"", ""converged"", ""converged"", ""converged"", ""converged"", ""converged"", ""converged"", ""converged""]",1.6631617891172255,0.5000000000571564,True,converged,0.1550440420396626,4,"[0, 0, 1, 1, 1, 1, 0, 0, 0, 0, 0, 0, 0, 0, 0, 0]","[2.104195300489664e-05, 0.0001460830681025982, 0.0007725410396233201, 0.0009155829902738333, 0.001144082983955741, 0.0013152919709682465, 0.0004917499609291553, 0.0005537910619750619, 0.0005802500527352095, 0.0006213750457391143, 0.0007051660213619471, 0.0007462910143658519, 0.0007901659701019526, 0.0008301669731736183, 0.0008743329672142863, 0.0010128750000149012]",1.6793905371842082,1.6631862900449295,0.5000097836300047,0.04807510250174311,0.12403014365135782,True,60.0,60.0
16,31,200,True,converged,3.2670425000833347,21,"[0, 5, 1, 3, 1, 1, 1, 1, 1, 1, 1, 1, 1, 1, 1, 1]","[0.01921874994877726, 0.6464027080219239, 0.06225291593000293, 0.35583333298563957, 0.0927646670024842, 0.10959979193285108, 0.12452795798890293, 0.13871858408674598, 0.15272429201286286, 0.16605745907872915, 0.1833075419999659, 0.20298612490296364, 0.21771558397449553, 0.23607412492856383, 0.24241549998987466, 0.26521508302539587]","[""converged"", ""converged"", ""converged"", ""converged"", ""converged"", ""converged"", ""converged"", ""converged"", ""converged"", ""converged"", ""converged"", ""converged"", ""converged"", ""converged"", ""converged"", ""converged""]",1.5622325159249477,0.5000003204448281,True,converged,0.15307345904875547,2,"[0, 1, 0, 1, 0, 0, 0, 0, 0, 0, 0, 0, 0, 0, 0, 0]","[1.8749968148767948e-05, 0.0006925419438630342, 0.0001776670105755329, 0.000893999938853085, 0.00031158397905528545, 0.0003989159595221281, 0.0004605419235303998, 0.0004577080253511667, 0.0005231670802459121, 0.0005892090266570449, 0.0006233330350369215, 0.0006770830368623137, 0.0007397079607471824, 0.0007951660081744194, 0.0008117919787764549, 0.0008927499875426292]",1.5770017542764838,1.5622075814351835,0.5000203591187142,0.04803122867503539,0.11558824332363467,True,56.0,56.0
16,32,200,True,converged,4.081785082933493,23,"[0, 4, 1, 3, 1, 2, 2, 2, 1, 1, 1, 1, 1, 1, 1, 1]","[0.01875941699836403, 0.2669512500287965, 0.06237566703930497, 0.5689703330863267, 0.09440408297814429, 0.3172638750402257, 0.5563166249776259, 0.47795620805118233, 0.15163037495221943, 0.16929950006306171, 0.18600674998015165, 0.1983291250653565, 0.21658200002275407, 0.22963141603395343, 0.24750212498474866, 0.26677970902528614]","[""converged"", ""converged"", ""converged"", ""converged"", ""converged"", ""converged"", ""converged"", ""converged"", ""converged"", ""converged"", ""converged"", ""converged"", ""converged"", ""converged"", ""converged"", ""converged""]",1.476716868664468,0.49976049338284084,True,converged,0.1582357920706272,6,"[0, 1, 0, 1, 0, 1, 1, 1, 0, 1, 0, 0, 0, 0, 0, 0]","[1.995800994336605e-05, 0.0005949999904260039, 0.00017008394934237003, 0.0010104170069098473, 0.0003231250448152423, 0.0013234999496489763, 0.001564083038829267, 0.0018154580611735582, 0.0006633329903706908, 0.0019840409513562918, 0.0007508749840781093, 0.0008176249684765935, 0.0008916659280657768, 0.0009477500570937991, 0.0009652080480009317, 0.0009704169351607561]",1.49068750442174,1.4767978449546746,0.5000379930850317,0.04565623750958126,0.11080537209108601,True,53.0,53.0
16,33,200,False,rank_osqp_failed,12.9901415000204,22,"[0, 1, 1, 3, 3, 2, 0, 2, 2, 1, 1, 1, 2, 1, 1, 1]","[0.018401707988232374, 0.04647845798172057, 0.06237229204270989, 1.6540782500524074, 1.3354534580139443, 0.48768670798745006, 5.333856416051276, 1.0507230830844492, 0.8742726249620318, 0.16407466598320752, 0.18218491703737527, 0.20079758402425796, 0.7749848751118407, 0.23317124997265637, 0.25152870803140104, 0.266848708037287]","[""converged"", ""converged"", ""converged"", ""converged"", ""converged"", ""converged"", ""osqp_failed"", ""converged"", ""converged"", ""converged"", ""converged"", ""converged"", ""converged"", ""converged"", ""converged"", ""converged""]",1.5778880672471836,0.28602824621097495,True,converged,0.16348666697740555,8,"[0, 0, 0, 1, 1, 1, 2, 1, 1, 0, 0, 0, 1, 0, 0, 0]","[1.1292053386569023e-05, 0.00011900009121745825, 0.00012812495697289705, 0.0008713750867173076, 0.001019042101688683, 0.00125045794993639, 0.004161667078733444, 0.0017639169236645103, 0.0020280840108171105, 0.0007886659586802125, 0.0008295419393107295, 0.0008660000748932362, 0.002663583029061556, 0.001003999961540103, 0.001095958985388279, 0.001112291938625276]",1.5958167138850659,1.5806013171036404,0.5000915285732217,,,,,
16,34,200,True,converged,3.823918042005971,22,"[0, 3, 1, 3, 2, 2, 2, 1, 1, 1, 1, 1, 1, 1, 1, 1]","[0.01894099998753518, 0.359576000017114, 0.0630013330373913, 0.3398628330323845, 0.26421266701072454, 0.5392895420081913, 0.37597591697704047, 0.13926183292642236, 0.15330854197964072, 0.1702825000975281, 0.18530691601336002, 0.1958447500364855, 0.2122021249961108, 0.23564370803069323, 0.2484253749717027, 0.26400620792992413]","[""converged"", ""converged"", ""converged"", ""converged"", ""converged"", ""converged"", ""converged"", ""converged"", ""converged"", ""converged"", ""converged"", ""converged"", ""converged"", ""converged"", ""converged"", ""converged""]",1.3820260800754867,0.49999999999999967,True,converged,0.1566273330245167,6,"[0, 1, 0, 1, 1, 1, 2, 0, 0, 0, 0, 0, 0, 0, 0, 0]","[1.1541997082531452e-05, 0.0005845419364050031, 0.0001739170402288437, 0.0008452920010313392, 0.0010663749417290092, 0.0013420420000329614, 0.0032031660666689277, 0.0006172501016408205, 0.0006800000555813313, 0.0007108340505510569, 0.0007800839375704527, 0.0008190000662580132, 0.0008873749757185578, 0.000903459032997489, 0.0010066250106319785, 0.0010352910030633211]",1.3952292869184004,1.3820336754877554,0.5000206673982469,0.04352635459401733,0.11653539436772839,True,36.0,36.0
16,35,200,True,converged,2.5596572919748724,17,"[0, 3, 1, 1, 1, 1, 1, 1, 1, 1, 1, 1, 1, 1, 1, 1]","[0.019056207966059446, 0.21123324998188764, 0.06297300010919571, 0.07907229207921773, 0.09424195799510926, 0.11036704201251268, 0.12013824994210154, 0.13453358400147408, 0.15072087501175702, 0.1712284169625491, 0.18668520799838006, 0.20215112494770437, 0.21203799999784678, 0.2337130419909954, 0.24983708409126848, 0.26821300003211945]","[""converged"", ""converged"", ""converged"", ""converged"", ""converged"", ""converged"", ""converged"", ""converged"", ""converged"", ""converged"", ""converged"", ""converged"", ""converged"", ""converged"", ""converged"", ""converged""]",1.4632766286607677,0.50002236862553,True,converged,0.15127525001298636,1,"[0, 1, 0, 0, 0, 0, 0, 0, 0, 0, 0, 0, 0, 0, 0, 0]","[2.0332983694970608e-05, 0.0006098749581724405, 0.0001757920254021883, 0.0002215839922428131, 0.0002648750087246299, 0.0003198749618604779, 0.00036995799746364355, 0.00039900001138448715, 0.0004514590837061405, 0.0005136249819770455, 0.0005246660439297557, 0.0006233749445527792, 0.0006595830200240016, 0.0006888330681249499, 0.0007755840197205544, 0.0007698750123381615]",1.477262013474875,1.4632561752200146,0.5013347889822949,0.04566578548278062,0.12761516228310393,True,58.0,58.0
16,36,200,True,converged,7.448614874971099,28,"[0, 3, 6, 1, 3, 3, 1, 2, 2, 1, 1, 1, 1, 1, 1, 1]","[0.01431395800318569, 0.376214416930452, 2.921095791971311, 0.07793129200581461, 0.45934345899149776, 0.5526495419908315, 0.12670058303046972, 0.501419625012204, 0.5727668330073357, 0.18815658299718052, 0.1799672080669552, 0.1957284170202911, 0.21427966700866818, 0.23338766698725522, 0.517022917047143, 0.26693895808421075]","[""converged"", ""converged"", ""converged"", ""converged"", ""converged"", ""converged"", ""converged"", ""converged"", ""converged"", ""converged"", ""converged"", ""converged"", ""converged"", ""converged"", ""converged"", ""converged""]",1.7800202317112512,0.49999999999999856,True,converged,0.16441733401734382,9,"[0, 1, 2, 0, 1, 1, 0, 1, 1, 1, 0, 0, 0, 0, 1, 0]","[2.062495332211256e-05, 0.0007138339569792151, 0.0018520420417189598, 0.00031212507747113705, 0.0011608750792220235, 0.001408000010997057, 0.000549167045392096, 0.0018153749406337738, 0.001966541982255876, 0.0022843749029561877, 0.0008805840043351054, 0.0009211249416694045, 0.001133458106778562, 0.0011277080047875643, 0.0031684169080108404, 0.0011454579653218389]",1.7978807828333894,1.7808904837161619,0.5000007534339868,0.05224145493864479,0.14738451253578325,True,54.0,54.0
16,37,200,True,converged,3.5466372499940917,18,"[0, 3, 1, 1, 1, 1, 1, 1, 1, 1, 1, 1, 2, 1, 1, 1]","[0.01888129103463143, 0.39533595799002796, 0.0627021249383688, 0.07833704096265137, 0.09479491598904133, 0.11179683404043317, 0.12481212499551475, 0.13911366707179695, 0.15473120799288154, 0.16502829093951732, 0.18455541704315692, 0.19995516608469188, 1.008883458096534, 0.23640299995895475, 0.24909904203377664, 0.26780512498226017]","[""converged"", ""converged"", ""converged"", ""converged"", ""converged"", ""converged"", ""converged"", ""converged"", ""converged"", ""converged"", ""converged"", ""converged"", ""converged"", ""converged"", ""converged"", ""converged""]",2.076745245726414,0.49971565662760964,True,converged,0.15253574994858354,2,"[0, 1, 0, 0, 0, 0, 0, 0, 0, 0, 0, 0, 1, 0, 0, 0]","[2.1957908757030964e-05, 0.0006508330116048455, 0.00017662497702986002, 0.0002057079691439867, 0.00026741705369204283, 0.00031754199881106615, 0.0003697499632835388, 0.000417332979850471, 0.00045775005128234625, 0.000504208030179143, 0.0005652500549331307, 0.0005943749565631151, 0.002139250049367547, 0.0007273750379681587, 0.000755125074647367, 0.0008858329383656383]",2.096585131694125,2.0766989361733335,0.5000337209356494,0.054258291144846926,0.14405669290108147,True,65.0,65.0
16,38,200,True,converged,5.363403583061881,26,"[0, 3, 1, 4, 3, 4, 2, 1, 1, 1, 1, 1, 1, 1, 1, 1]","[0.018908292055130005, 0.16722362500149757, 0.06413075001910329, 0.9983661250444129, 0.7522424589842558, 0.9042791670653969, 0.6082980000646785, 0.13525108294561505, 0.15409900003578514, 0.17090345895849168, 0.18491658405400813, 0.19906145799905062, 0.20949383301194757, 0.23176479199901223, 0.24930041702464223, 0.2645517500350252]","[""converged"", ""converged"", ""converged"", ""converged"", ""converged"", ""converged"", ""converged"", ""converged"", ""converged"", ""converged"", ""converged"", ""converged"", ""converged"", ""converged"", ""converged"", ""converged""]",2.1343466282097516,0.5000000011169499,True,converged,0.15543987497221678,5,"[0, 1, 0, 1, 1, 1, 1, 0, 0, 0, 0, 0, 0, 0, 0, 0]","[2.7208938263356686e-05, 0.0006582089699804783, 0.0001953339669853449, 0.0009374170331284404, 0.001177209080196917, 0.0013689170591533184, 0.0016009999671950936, 0.0006000830326229334, 0.000686999992467463, 0.0007512080483138561, 0.0007887498941272497, 0.0007668749894946814, 0.0008257910376414657, 0.0008867080323398113, 0.0009042499586939812, 0.0009973329724743962]",2.154852954574874,2.13454393313237,0.5000339401655828,0.05787571791101705,0.1327616443703675,True,67.0,67.0
16,39,200,True,converged,2.389266583020799,15,"[0, 1, 1, 1, 1, 1, 1, 1, 1, 1, 1, 1, 1, 1, 1, 1]","[0.01855612499639392, 0.0465384169947356, 0.06211670895572752, 0.07727116590831429, 0.095075250021182, 0.10857937496621162, 0.1264710419345647, 0.13603708299342543, 0.15558191598393023, 0.1653826249530539, 0.18382283300161362, 0.19705199997406453, 0.2135828339960426, 0.2366579589433968, 0.24987025000154972, 0.26569224998820573]","[""converged"", ""converged"", ""converged"", ""converged"", ""converged"", ""converged"", ""converged"", ""converged"", ""converged"", ""converged"", ""converged"", ""converged"", ""converged"", ""converged"", ""converged"", ""converged""]",1.9536520281345702,0.6989026226862346,True,converged,0.14532158395741135,0,"[0, 0, 0, 0, 0, 0, 0, 0, 0, 0, 0, 0, 0, 0, 0, 0]","[1.1458992958068848e-05, 0.00012304203119128942, 0.00013508310075849295, 0.00016962504014372826, 0.00022216595243662596, 0.0002583330497145653, 0.0002899999963119626, 0.0003595000598579645, 0.00039324990939348936, 0.00046883407048881054, 0.0004892919678241014, 0.000560999964363873, 0.000588166993111372, 0.0006341669941321015, 0.000679417047649622, 0.0007334999972954392]",1.9723011472650245,1.9536071018663916,0.6974684401861215,0.052536809388662425,0.13246140342283602,True,61.0,61.0
16,40,200,True,converged,12.671302874921821,31,"[0, 1, 6, 4, 3, 3, 3, 1, 2, 2, 1, 1, 1, 1, 1, 1]","[0.018729791045188904, 0.04833174997474998, 0.7340779589721933, 6.235470000072382, 0.48382050008513033, 0.6936972079565749, 1.5746452499879524, 0.13999550009611994, 0.6151434999192134, 0.7242955419933423, 0.17969587503466755, 0.20900570903904736, 0.2173857920570299, 0.23242691706400365, 0.24636670807376504, 0.26503837504424155]","[""converged"", ""converged"", ""converged"", ""converged"", ""converged"", ""converged"", ""converged"", ""converged"", ""converged"", ""converged"", ""converged"", ""converged"", ""converged"", ""converged"", ""converged"", ""converged""]",1.6368014049112583,0.49999999999999667,True,converged,0.16178079205565155,8,"[0, 0, 1, 1, 1, 1, 2, 0, 1, 1, 0, 0, 0, 0, 0, 0]","[1.9125058315694332e-05, 0.00014533300418406725, 0.0006778329843655229, 0.0009607089450582862, 0.0010662500280886889, 0.0013471250422298908, 0.003143958980217576, 0.0006383749423548579, 0.002001166925765574, 0.002385250059887767, 0.0008750000270083547, 0.0009075829293578863, 0.0009474999969825149, 0.0010140419472008944, 0.0010266660246998072, 0.001113290898501873]",1.6529780833780037,1.636911633495298,0.5000256006913617,0.047813380678282155,0.12456723915954045,True,59.0,59.0
16,41,200,True,converged,11.882739541004412,24,"[0, 3, 2, 3, 3, 2, 1, 1, 1, 1, 1, 2, 1, 1, 1, 1]","[0.019209999940358102, 0.36404287500772625, 0.1897930420236662, 0.4150678750593215, 8.013230625074357, 0.4807305830763653, 0.11957787501160055, 0.13989074993878603, 0.15580304199829698, 0.17018254206050187, 0.18555116595234722, 0.6217191249597818, 0.21498733398038894, 0.23143470799550414, 0.24184866598807275, 0.26621516700834036]","[""converged"", ""converged"", ""converged"", ""converged"", ""converged"", ""converged"", ""converged"", ""converged"", ""converged"", ""converged"", ""converged"", ""converged"", ""converged"", ""converged"", ""converged"", ""converged""]",1.7260745437890261,0.500000000000001,True,converged,0.1665579159744084,6,"[0, 1, 1, 1, 1, 1, 0, 0, 0, 0, 0, 1, 0, 0, 0, 0]","[1.816696021705866e-05, 0.000579125015065074, 0.0007366249337792397, 0.0009438339620828629, 0.0013697500107809901, 0.0016197500517591834, 0.0005706249503418803, 0.0006419999990612268, 0.0006572500569745898, 0.0006902500754222274, 0.0007620000978931785, 0.0024674159940332174, 0.0009207919938489795, 0.0009415419772267342, 0.0009458750719204545, 0.0010257500689476728]",1.74238819443047,1.7261869441136783,0.5002319044487561,0.05042948290372603,0.12783210690738964,True,59.0,59.0
16,42,200,True,converged,3.123890292015858,20,"[0, 3, 1, 3, 2, 1, 1, 1, 1, 1, 1, 1, 1, 1, 1, 1]","[0.019040832994505763, 0.32001675001811236, 0.06337833299767226, 0.4032113329740241, 0.21998066699597985, 0.10663487506099045, 0.12431183294393122, 0.13856266695074737, 0.1539785829372704, 0.16744845896027982, 0.18621204094961286, 0.19959179207216948, 0.21614191704429686, 0.236869000014849, 0.24857070797588676, 0.266661333036609]","[""converged"", ""converged"", ""converged"", ""converged"", ""converged"", ""converged"", ""converged"", ""converged"", ""converged"", ""converged"", ""converged"", ""converged"", ""converged"", ""converged"", ""converged"", ""converged""]",2.0372004421529186,0.4999999999999974,True,converged,0.15457170794252306,3,"[0, 1, 0, 1, 1, 0, 0, 0, 0, 0, 0, 0, 0, 0, 0, 0]","[2.141611184924841e-05, 0.0006234589964151382, 0.00017654197290539742, 0.0009454999817535281, 0.0010900830384343863, 0.000408999971114099, 0.0004622919950634241, 0.00048558402340859175, 0.0005598340649157763, 0.0005956249078735709, 0.0006650000577792525, 0.0006898340070620179, 0.0007395000429823995, 0.0008014580234885216, 0.0008564590243622661, 0.0010267909383401275]",2.056793937930295,2.037241508744502,0.5005076214564943,0.054286559506388374,0.13509190134639354,True,62.0,62.0
16,43,200,True,converged,2.389247459010221,15,"[0, 1, 1, 1, 1, 1, 1, 1, 1, 1, 1, 1, 1, 1, 1, 1]","[0.018509874935261905, 0.04660029197111726, 0.062101458897814155, 0.0772132909623906, 0.094082250026986, 0.10698612499982119, 0.12508074997458607, 0.13894987490493804, 0.1554865409852937, 0.1643443340435624, 0.17922916705720127, 0.20319479203317314, 0.21723500010557473, 0.2345267500495538, 0.24353920796420425, 0.26618212508037686]","[""converged"", ""converged"", ""converged"", ""converged"", ""converged"", ""converged"", ""converged"", ""converged"", ""converged"", ""converged"", ""converged"", ""converged"", ""converged"", ""converged"", ""converged"", ""converged""]",1.9105047521747287,0.6763392528529417,True,converged,0.14924620906822383,0,"[0, 0, 0, 0, 0, 0, 0, 0, 0, 0, 0, 0, 0, 0, 0, 0]","[2.1292013116180897e-05, 0.00014362495858222246, 0.00012149999383836985, 0.00017241702880710363, 0.0002175829140469432, 0.00024683400988578796, 0.0002986670006066561, 0.0003743330016732216, 0.00038604100700467825, 0.0004699999699369073, 0.0005052909255027771, 0.0005331250140443444, 0.0006358330138027668, 0.0006514160195365548, 0.0007017080206423998, 0.0007757080020383]",1.928741997195596,1.9104608181232101,0.6757343190524819,0.05195342087796751,0.11702977061054111,True,57.0,57.0
16,44,200,True,converged,3.7208694589789957,20,"[0, 3, 1, 2, 1, 2, 1, 2, 1, 1, 1, 1, 1, 1, 1, 1]","[0.019434249959886074, 0.27946049999445677, 0.061937958002090454, 0.5868921669898555, 0.09198779205325991, 0.3824412089306861, 0.12616512505337596, 0.45557520794682205, 0.15618162497412413, 0.16562758397776634, 0.18100874999072403, 0.20136466692201793, 0.21610516600776464, 0.23399841703940183, 0.24406304094009101, 0.2664735000580549]","[""converged"", ""converged"", ""converged"", ""converged"", ""converged"", ""converged"", ""converged"", ""converged"", ""converged"", ""converged"", ""converged"", ""converged"", ""converged"", ""converged"", ""converged"", ""converged""]",1.6410193231033323,0.49999999999999517,True,converged,0.15506637503858656,4,"[0, 1, 0, 1, 0, 1, 0, 1, 0, 0, 0, 0, 0, 0, 0, 0]","[2.0999927073717117e-05, 0.000627583940513432, 0.00017066695727407932, 0.0008945830632001162, 0.0003139160107821226, 0.0011845000553876162, 0.00044716696720570326, 0.001624832977540791, 0.0005553329829126596, 0.00062112498562783, 0.0007069159764796495, 0.0007435840088874102, 0.0008405409753322601, 0.0009047089843079448, 0.0009412079816684127, 0.0010777499992400408]",1.65683360125928,1.6410313415902582,0.5000940970551706,0.047860981155796595,0.14579615912561197,True,56.0,56.0
16,45,200,True,converged,22.707377500017174,31,"[0, 2, 3, 3, 2, 3, 2, 1, 3, 3, 4, 1, 1, 1, 1, 1]","[0.01886641699820757, 0.23064125003293157, 3.6687157499836758, 0.4588926250580698, 0.526042207959108, 0.5115327920066193, 0.45228650001809, 0.14079808397218585, 1.2382554590003565, 5.849181708996184, 8.402779416996054, 0.19606412504799664, 0.21560858294833452, 0.23359941691160202, 0.2472129160305485, 0.2645657079992816]","[""converged"", ""converged"", ""converged"", ""converged"", ""converged"", ""converged"", ""converged"", ""converged"", ""converged"", ""converged"", ""converged"", ""converged"", ""converged"", ""converged"", ""converged"", ""converged""]",1.1427396801896266,0.5000000034947617,True,converged,0.17072550009470433,12,"[0, 1, 2, 2, 1, 1, 1, 0, 1, 1, 2, 0, 0, 0, 0, 0]","[1.9541941583156586e-05, 0.0006097090663388371, 0.001847958075813949, 0.0030015410156920552, 0.0013606660068035126, 0.0015757499495521188, 0.0018591249827295542, 0.0007263339357450604, 0.002275708015076816, 0.002523083006963134, 0.00539379206020385, 0.001157207996584475, 0.0013386249775066972, 0.0011894999770447612, 0.0012640829663723707, 0.0012506659841164947]",1.153654237813374,1.1429159161017726,0.5000044794347904,0.041283434487100264,0.10428044652034123,True,55.0,55.0
16,46,200,False,rank_osqp_failed,16.734322999953292,23,"[0, 2, 0, 3, 2, 2, 0, 1, 3, 2, 2, 2, 1, 1, 1, 1]","[0.019258542102761567, 0.4657747079618275, 3.153298250050284, 0.8228860420640558, 0.2596956250490621, 0.4930915830191225, 5.333150084014051, 0.13567291700746864, 1.3858949169516563, 1.5571478339843452, 0.9795413749525324, 1.1104696670081466, 0.2168222920736298, 0.23601933394093066, 0.24936570809222758, 0.2614492919528857]","[""converged"", ""converged"", ""osqp_failed"", ""converged"", ""converged"", ""converged"", ""osqp_failed"", ""converged"", ""converged"", ""converged"", ""converged"", ""converged"", ""converged"", ""converged"", ""converged"", ""converged""]",2.171850349977744,0.018256227263581122,True,converged,0.17810408398509026,12,"[0, 1, 2, 1, 1, 1, 1, 0, 1, 2, 1, 1, 0, 0, 0, 0]","[2.7583097107708454e-05, 0.0006598749896511436, 0.00698983296751976, 0.0010744999162852764, 0.0012999169994145632, 0.001494040945544839, 0.001763917040079832, 0.0006992080016061664, 0.0023273329716175795, 0.0048435000935569406, 0.0027151249814778566, 0.002842915942892432, 0.001119915978051722, 0.0011717089219018817, 0.0013010409893468022, 0.0013879169709980488]",2.194767419867948,2.174159879370119,0.5002610616165449,,,,,
16,47,200,True,converged,10.510786000057124,21,"[0, 1, 3, 2, 2, 2, 1, 2, 1, 1, 1, 1, 1, 1, 1, 1]","[0.019201791961677372, 0.04852708301041275, 0.21712037501856685, 0.6099058749387041, 0.5028058340540156, 6.941773750004359, 0.12221483304165304, 0.32231887511443347, 0.15427312499377877, 0.17056495894212276, 0.18579670798499137, 0.19770024996250868, 0.21044183301273733, 0.2347726250300184, 0.24874879198614508, 0.2674298749770969]","[""converged"", ""converged"", ""converged"", ""converged"", ""converged"", ""converged"", ""converged"", ""converged"", ""converged"", ""converged"", ""converged"", ""converged"", ""converged"", ""converged"", ""converged"", ""converged""]",0.7577692205747066,0.5000000000000003,True,converged,0.15293883404228836,5,"[0, 0, 1, 1, 1, 1, 0, 1, 0, 0, 0, 0, 0, 0, 0, 0]","[1.0167015716433525e-05, 0.00012258300557732582, 0.0007180840475484729, 0.0008550829952582717, 0.0010837920708581805, 0.0013675841037184, 0.00048745889216661453, 0.0016685000155121088, 0.0006266250275075436, 0.0006558749591931701, 0.000709792017005384, 0.0007577500073239207, 0.0007908750558272004, 0.0008528749458491802, 0.0009087920188903809, 0.0009224159875884652]",0.7650015269483675,0.7577749653148,0.5001885004521699,0.03139962216669689,0.08012608089314047,True,35.0,35.0
16,48,200,True,converged,5.352309457957745,24,"[0, 3, 1, 3, 2, 5, 1, 1, 1, 1, 1, 1, 1, 1, 1, 1]","[0.01870262494776398, 0.16830683301668614, 0.06365625001490116, 0.6164065840421245, 0.7401881250552833, 1.7710017500212416, 0.12451012502424419, 0.1397910830564797, 0.1499105840921402, 0.1641709579853341, 0.1843633750686422, 0.20009412500075996, 0.21581662504468113, 0.23223600001074374, 0.2471542920684442, 0.264995958073996]","[""converged"", ""converged"", ""converged"", ""converged"", ""converged"", ""converged"", ""converged"", ""converged"", ""converged"", ""converged"", ""converged"", ""converged"", ""converged"", ""converged"", ""converged"", ""converged""]",1.809774889350675,0.5000000001534166,True,converged,0.15385895897634327,4,"[0, 1, 0, 1, 1, 1, 0, 0, 0, 0, 0, 0, 0, 0, 0, 0]","[2.3000058718025684e-05, 0.0006178750190883875, 0.0001740839798003435, 0.0008817079942673445, 0.0010839580791071057, 0.0013597500510513783, 0.0004986670101061463, 0.0006519170710816979, 0.000605708104558289, 0.0006257500499486923, 0.000686999992467463, 0.0007497920887544751, 0.0007754170801490545, 0.0009150000987574458, 0.0009293330367654562, 0.0009446669137105346]",1.8271171947506422,1.8098348194582068,0.5000030764556805,0.048948779099860576,0.11174892040772316,True,64.0,64.0
16,49,200,True,converged,7.70687362505123,24,"[0, 3, 1, 4, 1, 2, 1, 2, 2, 2, 1, 1, 1, 1, 1, 1]","[0.018615416949614882, 0.17611629201564938, 0.06209820799995214, 2.528285291045904, 0.09375720890238881, 0.6562011659843847, 0.12349095800891519, 0.5223739580251276, 0.4931472910102457, 1.635989167029038, 0.18127795902546495, 0.20334687503054738, 0.21666862501297146, 0.23465387499891222, 0.2445248750736937, 0.26337416598107666]","[""converged"", ""converged"", ""converged"", ""converged"", ""converged"", ""converged"", ""converged"", ""converged"", ""converged"", ""converged"", ""converged"", ""converged"", ""converged"", ""converged"", ""converged"", ""converged""]",1.7339624368100879,0.4995034907066615,True,converged,0.1645281669916585,7,"[0, 1, 0, 2, 0, 1, 0, 1, 1, 1, 0, 0, 0, 0, 0, 0]","[1.8249964341521263e-05, 0.0005883330013602972, 0.00016808300279080868, 0.0021095839329063892, 0.0003596249734982848, 0.0013937089825049043, 0.000492541934363544, 0.0017893749754875898, 0.002127917017787695, 0.002371500013396144, 0.000842583947815001, 0.0008922499837353826, 0.0009492499521002173, 0.0009757500374689698, 0.0010068330448120832, 0.0010841250186786056]",1.7503177443670546,1.734091637569288,0.5000019350939786,0.04791008870221537,0.1285194005358813,True,54.0,54.0
18,0,200,True,converged,6.390908417059109,24,"[0, 4, 1, 2, 1, 2, 1, 2, 2, 1, 1, 1, 1, 1, 1, 1, 1, 1]","[0.01869370904751122, 2.0308062499389052, 0.06389995897188783, 0.3436711250105873, 0.09745645907241851, 0.44648516608867794, 0.1258989169728011, 0.40376987506169826, 0.7025455839466304, 0.17583829106297344, 0.18613041704520583, 0.19833066605497152, 0.215197250014171, 0.23219820798840374, 0.24499733292032033, 0.26259633305016905, 0.2847080830251798, 0.289772457908839]","[""converged"", ""converged"", ""converged"", ""converged"", ""converged"", ""converged"", ""converged"", ""converged"", ""converged"", ""converged"", ""converged"", ""converged"", ""converged"", ""converged"", ""converged"", ""converged"", ""converged"", ""converged""]",1.8437851071799654,0.5000000000000014,True,converged,0.18190820806194097,5,"[0, 1, 0, 1, 0, 1, 0, 1, 1, 0, 0, 0, 0, 0, 0, 0, 0, 0]","[1.366704236716032e-05, 0.0006666250992566347, 0.00016766705084592104, 0.0008903749985620379, 0.00029683299362659454, 0.0012042500311508775, 0.0004468749975785613, 0.001593707944266498, 0.0017597080441191792, 0.0006975419819355011, 0.0007422920316457748, 0.0007442079950124025, 0.0007996250642463565, 0.000865790992975235, 0.0008867910364642739, 0.0009465001057833433, 0.001020458061248064, 0.0010741250589489937]",1.8611939019894772,1.8438883619860793,0.5000989288943042,0.05347189246172575,0.12448088033277305,True,78.0,78.0
18,1,200,False,rank_osqp_failed,7.96896474994719,23,"[0, 1, 0, 4, 3, 1, 3, 1, 1, 1, 1, 1, 1, 1, 1, 1, 1, 1]","[0.019234792096540332, 0.04783812502864748, 3.1475032090675086, 0.4922709590755403, 0.829249499947764, 0.10547058295924217, 0.8980994160519913, 0.13818429200910032, 0.15501274995040148, 0.1689989590086043, 0.18025908304844052, 0.1993935420177877, 0.21210449992213398, 0.23028554196935147, 0.24589858297258615, 0.263415833003819, 0.2766754999756813, 0.29265137494076043]","[""converged"", ""converged"", ""osqp_failed"", ""converged"", ""converged"", ""converged"", ""converged"", ""converged"", ""converged"", ""converged"", ""converged"", ""converged"", ""converged"", ""converged"", ""converged"", ""converged"", ""converged"", ""converged""]",1.5929913853443576,0.010708631153640923,True,converged,0.18066425004508346,4,"[0, 0, 1, 1, 1, 0, 1, 0, 0, 0, 0, 0, 0, 0, 0, 0, 0, 0]","[2.2499938495457172e-05, 0.00016183301340788603, 0.0007556249620392919, 0.0008580000139772892, 0.0010912909638136625, 0.00040116708260029554, 0.001414458965882659, 0.0005699170287698507, 0.0006923750042915344, 0.000632624956779182, 0.0006866250187158585, 0.0007099169306457043, 0.00077420799061656, 0.0008430839516222477, 0.0008912089979276061, 0.0009974170243367553, 0.0010393329430371523, 0.0010698329424485564]",1.6147928129230937,1.5996591652782837,0.5003730231103297,,,,,
18,2,200,False,rank_osqp_failed,26.89166570804082,27,"[0, 1, 3, 4, 0, 3, 0, 3, 2, 2, 1, 2, 1, 1, 1, 1, 1, 1]","[0.01890799996908754, 0.0478079590247944, 0.42281458294019103, 3.2205196670256555, 4.292696041986346, 1.8335960409604013, 5.413068542024121, 7.888821000000462, 0.5952697909669951, 0.8480237079784274, 0.18229970801621675, 0.5310562090016901, 0.2112067500129342, 0.2343577090650797, 0.2492217500694096, 0.26667754095979035, 0.2743613339262083, 0.2950517919380218]","[""converged"", ""converged"", ""converged"", ""converged"", ""osqp_failed"", ""converged"", ""osqp_failed"", ""converged"", ""converged"", ""converged"", ""converged"", ""converged"", ""converged"", ""converged"", ""converged"", ""converged"", ""converged"", ""converged""]",1.9678166429901955,0.06804344203711583,True,converged,0.1910357919987291,10,"[0, 0, 1, 1, 1, 1, 1, 2, 1, 1, 0, 1, 0, 0, 0, 0, 0, 0]","[1.4208024367690086e-05, 0.00013183406554162502, 0.0007284169550985098, 0.0009088329970836639, 0.0010941249784082174, 0.0013325000181794167, 0.0015710829757153988, 0.003887708066031337, 0.002113667083904147, 0.0023627079790458083, 0.0009060000302270055, 0.002677624928764999, 0.001055374974384904, 0.0010969999711960554, 0.001158250030130148, 0.0012209999840706587, 0.001261750003322959, 0.0012973330449312925]",1.9876721334107235,1.9688840239843435,0.5000084748262998,,,,,
18,3,200,True,converged,9.725235541001894,30,"[0, 1, 2, 1, 4, 4, 3, 3, 2, 2, 1, 1, 1, 1, 1, 1, 1, 1]","[0.019187292084097862, 0.0482624169671908, 0.2628883329452947, 0.0779350419761613, 1.247984749963507, 1.161486875033006, 1.4681097919819877, 1.6987254170235246, 0.5968027500202879, 0.7758032920537516, 0.2055152909597382, 0.21071620902512223, 0.2608527080155909, 0.2379197080153972, 0.2909160000272095, 0.4264996249694377, 0.35336241603363305, 0.3155344999395311]","[""converged"", ""converged"", ""converged"", ""converged"", ""converged"", ""converged"", ""converged"", ""converged"", ""converged"", ""converged"", ""converged"", ""converged"", ""converged"", ""converged"", ""converged"", ""converged"", ""converged"", ""converged""]",1.7410342807169756,0.499999999999999,True,converged,0.2130325409816578,8,"[0, 0, 1, 0, 1, 1, 1, 2, 1, 1, 0, 0, 0, 0, 0, 0, 0, 0]","[2.804200630635023e-05, 0.0001938749337568879, 0.0008276659063994884, 0.0002658329904079437, 0.0011653330875560641, 0.0013438339810818434, 0.0019147919956594706, 0.0041371670085936785, 0.002268041018396616, 0.002433457993902266, 0.0010108340065926313, 0.000930874957703054, 0.0010025410447269678, 0.001186167006380856, 0.0010885839583352208, 0.0011530830524861813, 0.001324583892710507, 0.0012943749316036701]",1.7578507918104689,1.7410215369756092,0.5000038416957501,0.05476655951179277,0.13561445938194905,True,68.0,68.0
18,4,200,True,converged,7.552144833956845,23,"[0, 1, 3, 2, 2, 1, 2, 2, 1, 1, 1, 1, 1, 1, 1, 1, 1, 1]","[0.021331958007067442, 0.054716499987989664, 2.571635583997704, 0.9447466670535505, 0.3907984580146149, 0.11090162501204759, 0.5341792500112206, 0.5044354589190334, 0.14951833395753056, 0.1652277079410851, 0.2038652909686789, 0.21773387503344566, 0.23047674994450063, 0.2266046250006184, 0.26482337503694, 0.29013320803642273, 0.2961230000946671, 0.3029535000678152]","[""converged"", ""converged"", ""converged"", ""converged"", ""converged"", ""converged"", ""converged"", ""converged"", ""converged"", ""converged"", ""converged"", ""converged"", ""converged"", ""converged"", ""converged"", ""converged"", ""converged"", ""converged""]",1.3521096499234162,0.4999999999999998,True,converged,0.2312800419749692,5,"[0, 0, 1, 1, 1, 0, 1, 1, 0, 0, 0, 0, 0, 0, 0, 0, 0, 0]","[2.4417066015303135e-05, 0.00016254198271781206, 0.001503292005509138, 0.0009422919247299433, 0.0010918750194832683, 0.00040729204192757607, 0.0014931249897927046, 0.0016929169651120901, 0.0006542080081999302, 0.0006760000251233578, 0.0007248329930007458, 0.0008152080699801445, 0.0008591249352321029, 0.0008549579652026296, 0.0008760419441387057, 0.000914999982342124, 0.0009945840574800968, 0.001089792000129819]",1.3652235532130406,1.3521028346180264,0.5000004968301411,0.04427426366780263,0.12059164218355405,True,67.0,67.0
18,5,200,True,converged,4.937519375002012,23,"[0, 4, 1, 3, 2, 1, 1, 1, 1, 1, 1, 1, 1, 1, 1, 1, 1, 1]","[0.02063679206185043, 1.38446008390747, 0.0628265420673415, 0.5667718749027699, 0.27079262502957135, 0.1055295419646427, 0.11666529206559062, 0.13492754090111703, 0.15063241694588214, 0.16484670795034617, 0.18042312504258007, 0.19399958394933492, 0.21190312504768372, 0.23126183403655887, 0.2457425829488784, 0.2614247080637142, 0.272132333018817, 0.2896047090180218]","[""converged"", ""converged"", ""converged"", ""converged"", ""converged"", ""converged"", ""converged"", ""converged"", ""converged"", ""converged"", ""converged"", ""converged"", ""converged"", ""converged"", ""converged"", ""converged"", ""converged"", ""converged""]",1.9534490333787058,0.49999999999999706,True,converged,0.17737912491429597,3,"[0, 1, 0, 1, 1, 0, 0, 0, 0, 0, 0, 0, 0, 0, 0, 0, 0, 0]","[1.3042008504271507e-05, 0.0006664579268544912, 0.0001789169618859887, 0.0008730420377105474, 0.0010727089829742908, 0.0004099999787285924, 0.00044299999717622995, 0.0005047089653089643, 0.0005562079604715109, 0.0006034160032868385, 0.0006387500325217843, 0.0006917919963598251, 0.0007381659233942628, 0.0007769999792799354, 0.0008104579756036401, 0.0008977500256150961, 0.0009494159603491426, 0.0009822919964790344]",1.9724919824925293,1.953502660790476,0.5006624514414708,0.0553258449281131,0.15206926840107712,True,80.0,80.0
18,6,200,True,converged,10.79384850000497,27,"[0, 7, 1, 3, 3, 1, 1, 1, 1, 1, 1, 1, 1, 1, 1, 1, 1, 1]","[0.01862316601909697, 1.7548202079487965, 0.06277283292729408, 3.505946166929789, 2.544669165974483, 0.11157783295493573, 0.12494070909451693, 0.1405905419960618, 0.1528320830548182, 0.187365916906856, 0.2984535410068929, 0.2298959579784423, 0.25151883403304964, 0.2671529588988051, 0.2521586249349639, 0.26047429093159735, 0.27420362504199147, 0.2907180419424549]","[""converged"", ""converged"", ""converged"", ""converged"", ""converged"", ""converged"", ""converged"", ""converged"", ""converged"", ""converged"", ""converged"", ""converged"", ""converged"", ""converged"", ""converged"", ""converged"", ""converged"", ""converged""]",1.5581287237962913,0.49950463788016847,True,converged,0.17878499999642372,3,"[0, 1, 0, 1, 1, 0, 0, 0, 0, 0, 0, 0, 0, 0, 0, 0, 0, 0]","[1.0624993592500687e-05, 0.000589250004850328, 0.00016729207709431648, 0.0008182920282706618, 0.0011237920261919498, 0.0003785830922424793, 0.00047041696961969137, 0.0004889159463346004, 0.000538499909453094, 0.0005727079696953297, 0.0006268329452723265, 0.0006477080751210451, 0.0007237080717459321, 0.0007814590353518724, 0.0008437909418717027, 0.0008514999644830823, 0.0008982920553535223, 0.0009818749967962503]",1.572998043814048,1.558121280471867,0.5000835342860955,0.05097168062336493,0.17832086209842077,True,60.0,60.0
18,7,200,True,converged,4.741229707957245,23,"[0, 3, 1, 2, 1, 2, 1, 1, 1, 1, 1, 3, 1, 1, 1, 1, 1, 1]","[0.0183916250243783, 0.19372583297081292, 0.06198679201770574, 0.27641420799773186, 0.09093904204200953, 0.45728208299260587, 0.11958958301693201, 0.13487179204821587, 0.1495725829154253, 0.1648228750564158, 0.17986633395776153, 1.3241926250047982, 0.20959524996578693, 0.22908337495755404, 0.24418537493329495, 0.2578841249924153, 0.2745554579887539, 0.2891705830115825]","[""converged"", ""converged"", ""converged"", ""converged"", ""converged"", ""converged"", ""converged"", ""converged"", ""converged"", ""converged"", ""converged"", ""converged"", ""converged"", ""converged"", ""converged"", ""converged"", ""converged"", ""converged""]",1.965734143428677,0.4999999999999988,True,converged,0.1778938330244273,4,"[0, 1, 0, 1, 0, 1, 0, 0, 0, 0, 0, 1, 0, 0, 0, 0, 0, 0]","[1.2375065125524998e-05, 0.0005403329851105809, 0.00017345801461488008, 0.0008321249624714255, 0.00030258402694016695, 0.0011844170512631536, 0.0004572090692818165, 0.0004949999274685979, 0.0005446659633889794, 0.0005749159026890993, 0.0006471250671893358, 0.0021564160706475377, 0.0007900410564616323, 0.0008252080297097564, 0.0008770829299464822, 0.0009307090658694506, 0.0010055830935016274, 0.0010314170503988862]",1.9848157991233533,1.9659605025408629,0.5022572053886798,0.057107955897975335,0.17526079255164598,True,66.0,66.0
18,8,200,True,converged,16.020643707946874,32,"[0, 4, 1, 4, 4, 1, 5, 2, 1, 2, 1, 1, 1, 1, 1, 1, 1, 1]","[0.018554332898929715, 0.9118653750047088, 0.06398091709706932, 0.45459029101766646, 1.5393223749706522, 0.10610912495758384, 1.3683532919967547, 0.4852101670112461, 0.14855883293785155, 8.963104749913327, 0.17789762502070516, 0.19592075003311038, 0.21112137497402728, 0.22767074999865144, 0.2426109170773998, 0.2605530000291765, 0.2768833329901099, 0.2913589159725234]","[""converged"", ""converged"", ""converged"", ""converged"", ""converged"", ""converged"", ""converged"", ""converged"", ""converged"", ""converged"", ""converged"", ""converged"", ""converged"", ""converged"", ""converged"", ""converged"", ""converged"", ""converged""]",2.000144448093838,0.4995167149295083,True,converged,0.18440933304373175,6,"[0, 1, 0, 1, 1, 0, 1, 1, 0, 1, 0, 0, 0, 0, 0, 0, 0, 0]","[1.3959011994302273e-05, 0.0005809579743072391, 0.00017358292825520039, 0.0008807079866528511, 0.0010624160058796406, 0.00039870908949524164, 0.001485917018726468, 0.0018065409967675805, 0.0006511659594252706, 0.002130707958713174, 0.0007998750079423189, 0.0007954579778015614, 0.0009006250184029341, 0.0009479589061811566, 0.0009506250498816371, 0.001065000076778233, 0.0010412499541416764, 0.0011131250066682696]",2.0197556843165865,2.000425338769968,0.5006659060602229,0.05491662004707301,0.1335349952134941,True,85.0,85.0
18,9,200,True,converged,4.945287541020662,22,"[0, 1, 3, 3, 2, 1, 1, 1, 1, 1, 1, 1, 1, 1, 1, 1, 1, 1]","[0.0190073330886662, 0.04807295894715935, 1.5467375830048695, 0.42377783299889416, 0.28079504088964313, 0.10575741704087704, 0.12074979196768254, 0.13494070793967694, 0.14945450006052852, 0.16433625004719943, 0.18017225002404302, 0.19628391705919057, 0.2101509589701891, 0.22767466690856963, 0.24360670894384384, 0.26173324999399483, 0.27541141700930893, 0.28854566696099937]","[""converged"", ""converged"", ""converged"", ""converged"", ""converged"", ""converged"", ""converged"", ""converged"", ""converged"", ""converged"", ""converged"", ""converged"", ""converged"", ""converged"", ""converged"", ""converged"", ""converged"", ""converged""]",1.7588690712767752,0.5000047709959303,True,converged,0.17671195801813155,3,"[0, 0, 1, 1, 1, 0, 0, 0, 0, 0, 0, 0, 0, 0, 0, 0, 0, 0]","[1.3584038242697716e-05, 0.00013099994976073503, 0.0007444169605150819, 0.0008514169603586197, 0.0011373750166967511, 0.0003896669950336218, 0.0004534580511972308, 0.0004887080285698175, 0.0005169169744476676, 0.0005904999561607838, 0.0006347090238705277, 0.000681250006891787, 0.0007310418877750635, 0.0007770420052111149, 0.0008403750834986567, 0.0009032910456880927, 0.0009417079854756594, 0.0009851250797510147]",1.7753985234268614,1.7589036850483426,0.500484587006722,0.05269666053202869,0.14915373651836136,True,85.0,85.0
18,10,200,True,converged,14.859534458024427,27,"[0, 1, 1, 3, 1, 2, 2, 2, 2, 2, 3, 2, 1, 1, 1, 1, 1, 1]","[0.018509124987758696, 0.04689254192635417, 0.06197041703853756, 0.35767162509728223, 0.09071354102343321, 0.64487429196015, 0.5756514159729704, 0.6598662920296192, 0.9889064169256017, 6.65519616601523, 1.8071637079119682, 1.3680582500528544, 0.212250291951932, 0.22526454098988324, 0.24422666698228568, 0.2556976249907166, 0.27509449992794544, 0.28843470802530646]","[""converged"", ""converged"", ""converged"", ""converged"", ""converged"", ""converged"", ""converged"", ""converged"", ""converged"", ""converged"", ""converged"", ""converged"", ""converged"", ""converged"", ""converged"", ""converged"", ""converged"", ""converged""]",2.1331731120900885,0.5000000000000002,True,converged,0.19209662510547787,9,"[0, 0, 0, 1, 0, 1, 1, 1, 1, 1, 2, 1, 0, 0, 0, 0, 0, 0]","[1.3375072740018368e-05, 0.00013066700194031, 0.0001312500098720193, 0.0008084159344434738, 0.00026941695250570774, 0.0011801249347627163, 0.0014057500520721078, 0.0016215420328080654, 0.001909957965835929, 0.0021516670240089297, 0.004548958037048578, 0.002631374984048307, 0.0009900409495458007, 0.0010624999413266778, 0.0010662500280886889, 0.001106291078031063, 0.0011873750481754541, 0.001299833063967526]",2.1537392505126225,2.1332053742110655,0.5000063757353429,0.0562267669569517,0.14399531063926976,True,78.0,78.0
18,11,200,True,converged,5.838686999981292,23,"[0, 3, 1, 3, 1, 2, 2, 1, 1, 1, 1, 1, 1, 1, 1, 1, 1, 1]","[0.018715749960392714, 1.003563875099644, 0.06262587499804795, 0.9112144999671727, 0.0906633340055123, 0.8413152080029249, 0.48408062499947846, 0.13375737506430596, 0.16549358400516212, 0.173696041922085, 0.1885360840242356, 0.19530712498817593, 0.2090703749563545, 0.229810000048019, 0.24384287500288337, 0.2603230000240728, 0.272382750059478, 0.29137337510474026]","[""converged"", ""converged"", ""converged"", ""converged"", ""converged"", ""converged"", ""converged"", ""converged"", ""converged"", ""converged"", ""converged"", ""converged"", ""converged"", ""converged"", ""converged"", ""converged"", ""converged"", ""converged""]",1.5584946741672145,0.49999999999999845,True,converged,0.1815065830014646,4,"[0, 1, 0, 1, 0, 1, 1, 0, 0, 0, 0, 0, 0, 0, 0, 0, 0, 0]","[1.0124989785254002e-05, 0.0006222910014912486, 0.00017337501049041748, 0.0008799999486654997, 0.00030949991196393967, 0.0012680420186370611, 0.0014511659974232316, 0.000538625055924058, 0.00059570895973593, 0.00062579195946455, 0.0006962079787626863, 0.0007395839784294367, 0.0007868329994380474, 0.0008422919781878591, 0.0008711660047993064, 0.0009075830457732081, 0.0009319580858573318, 0.0010197920491918921]",1.573298332418458,1.558566275883941,0.5000038545299798,0.04675270845409203,0.11777418041578318,True,75.0,75.0
18,12,200,True,converged,5.792208041995764,26,"[0, 4, 1, 3, 1, 1, 2, 2, 2, 2, 1, 1, 1, 1, 1, 1, 1, 1]","[0.018451916053891182, 0.8491809999104589, 0.06206449994351715, 0.405624125036411, 0.09052375005558133, 0.105258958064951, 0.5240949579747394, 0.4404984579887241, 0.577532249968499, 0.7652793750166893, 0.18060574994888157, 0.1973882500315085, 0.2087198339868337, 0.2311290840152651, 0.24616950005292892, 0.2611782919848338, 0.2732575419358909, 0.2912602500291541]","[""converged"", ""converged"", ""converged"", ""converged"", ""converged"", ""converged"", ""converged"", ""converged"", ""converged"", ""converged"", ""converged"", ""converged"", ""converged"", ""converged"", ""converged"", ""converged"", ""converged"", ""converged""]",2.130254100537117,0.49999999999999795,True,converged,0.18341316701844335,7,"[0, 1, 0, 1, 0, 0, 1, 1, 1, 1, 0, 0, 0, 1, 0, 0, 0, 0]","[1.4208024367690086e-05, 0.0005764169618487358, 0.0001745839836075902, 0.0008342920336872339, 0.00031054101418703794, 0.0003551250556483865, 0.0013598341029137373, 0.0016051660059019923, 0.0019551669247448444, 0.002074124990031123, 0.0007724579190835357, 0.0008289580000564456, 0.0008997078984975815, 0.002683500060811639, 0.0010244580917060375, 0.0010561250383034348, 0.0010849159443750978, 0.0011354999151080847]",2.150461374368526,2.130324960893863,0.5000096747770476,0.06039925605047518,0.14600209334176992,True,75.0,75.0
18,13,200,True,converged,3.7977511250646785,24,"[0, 4, 3, 1, 3, 1, 1, 1, 1, 1, 1, 1, 1, 1, 1, 1, 1, 1]","[0.01851991703733802, 0.25508179096505046, 0.3442138750106096, 0.07755375001579523, 0.46501270902808756, 0.10530395805835724, 0.12002041703090072, 0.13679754093755037, 0.15151537500787526, 0.1654312090249732, 0.18052516598254442, 0.1957552080275491, 0.20914670801721513, 0.23119766695890576, 0.24863324989564717, 0.2599053329322487, 0.273360125022009, 0.29589275002945215]","[""converged"", ""converged"", ""converged"", ""converged"", ""converged"", ""converged"", ""converged"", ""converged"", ""converged"", ""converged"", ""converged"", ""converged"", ""converged"", ""converged"", ""converged"", ""converged"", ""converged"", ""converged""]",1.4610822425941712,0.5000000190685394,True,converged,0.17674487503245473,3,"[0, 1, 1, 0, 1, 0, 0, 0, 0, 0, 0, 0, 0, 0, 0, 0, 0, 0]","[1.2625008821487427e-05, 0.0006251250160858035, 0.0007419590838253498, 0.00024500000290572643, 0.0010514589957892895, 0.0004252920625731349, 0.00046550005208700895, 0.0005443340633064508, 0.0005425000563263893, 0.0005982920993119478, 0.0006489999359473586, 0.0007000420009717345, 0.000731125008314848, 0.0007590840104967356, 0.0008253329433500767, 0.0008394999895244837, 0.0009324999991804361, 0.0009412909857928753]",1.4750346830439065,1.4611125064303736,0.5000101694791844,0.04703499393022083,0.12372062034486186,True,76.0,76.0
18,14,200,True,converged,11.495028999983333,30,"[0, 1, 5, 3, 3, 2, 4, 1, 1, 2, 1, 1, 1, 1, 1, 1, 1, 1]","[0.018562290933914483, 0.046356750070117414, 1.2097669170470908, 0.7690632079029456, 5.143510750029236, 0.27997245895676315, 1.2371869999915361, 0.15114708303008229, 0.1567652920493856, 0.4734114579623565, 0.17959666601382196, 0.2664859170326963, 0.209312874940224, 0.2246944160433486, 0.24260529200546443, 0.2600734999869019, 0.27601862500887364, 0.2861094999825582]","[""converged"", ""converged"", ""converged"", ""converged"", ""converged"", ""converged"", ""converged"", ""converged"", ""converged"", ""converged"", ""converged"", ""converged"", ""converged"", ""converged"", ""converged"", ""converged"", ""converged"", ""converged""]",1.4982412298573569,0.499524260617637,True,converged,0.1828964170999825,7,"[0, 0, 1, 1, 1, 1, 1, 0, 0, 1, 0, 1, 0, 0, 0, 0, 0, 0]","[1.2125005014240742e-05, 0.00013987498823553324, 0.0007435840088874102, 0.0008778339251875877, 0.0011737500317394733, 0.001275958027690649, 0.00151179195381701, 0.0005863329861313105, 0.0006438749842345715, 0.0020567079773172736, 0.0007387499790638685, 0.002441124990582466, 0.000918583944439888, 0.0009257500059902668, 0.0010175419738516212, 0.0010375829879194498, 0.001104624941945076, 0.0011474579805508256]",1.5125118346541635,1.4982916287583574,0.5001034314343663,0.04710070444863496,0.1497324442691012,True,62.0,62.0
18,15,200,True,converged,11.356879792059772,27,"[0, 4, 1, 2, 1, 2, 2, 1, 1, 1, 1, 1, 1, 1, 5, 1, 1, 1]","[0.01853454194497317, 2.931302041048184, 0.06248179206158966, 0.3311931249918416, 0.09107174992095679, 0.7816787919728085, 0.5211502910824493, 0.13503266591578722, 0.15094533294904977, 0.16418175003491342, 0.18013137497473508, 0.1923163749743253, 0.20964429096784443, 0.2307974169962108, 4.464991749962792, 0.258767707971856, 0.27605483401566744, 0.2925509999040514]","[""converged"", ""converged"", ""converged"", ""converged"", ""converged"", ""converged"", ""converged"", ""converged"", ""converged"", ""converged"", ""converged"", ""converged"", ""converged"", ""converged"", ""converged"", ""converged"", ""converged"", ""converged""]",1.3472832174512364,0.49999999999999717,True,converged,0.18087566702160984,5,"[0, 1, 0, 1, 0, 1, 1, 0, 0, 0, 0, 0, 0, 0, 1, 0, 0, 0]","[1.2125005014240742e-05, 0.0006100840400904417, 0.00017354206647723913, 0.0008394999895244837, 0.00030445901211351156, 0.0012554170098155737, 0.001440458931028843, 0.0005460840184241533, 0.000604082946665585, 0.0006362079875543714, 0.0006832089275121689, 0.000732292071916163, 0.0007717920234426856, 0.0008278330788016319, 0.0026782910572364926, 0.000940707977861166, 0.0010247919708490372, 0.001056915963999927]",1.3602651775734165,1.3473519809145857,0.5000163872209773,0.04840320989227732,0.1592045752162653,True,88.0,88.0
18,16,200,True,converged,10.490648624952883,32,"[0, 1, 1, 3, 3, 4, 3, 3, 1, 3, 2, 1, 2, 1, 1, 1, 1, 1]","[0.01848816592246294, 0.0467031670268625, 0.06205400009639561, 1.1400114999851212, 0.6116051250137389, 0.8483312499010935, 0.6515302910702303, 2.163865083013661, 0.1496336250565946, 1.1261900420067832, 0.6352682500146329, 0.1943530000280589, 1.4809273750288412, 0.2285550000378862, 0.24223391595296562, 0.25702349992934614, 0.27459295792505145, 0.2914637919748202]","[""converged"", ""converged"", ""converged"", ""converged"", ""converged"", ""converged"", ""converged"", ""converged"", ""converged"", ""converged"", ""converged"", ""converged"", ""converged"", ""converged"", ""converged"", ""converged"", ""converged"", ""converged""]",2.3333285062151203,0.5000000000000028,True,converged,0.2048464579274878,10,"[0, 0, 0, 1, 1, 1, 2, 1, 0, 1, 2, 0, 1, 0, 0, 0, 0, 0]","[1.3750046491622925e-05, 0.0001307500060647726, 0.00013112497981637716, 0.0008076670346781611, 0.0010202500270679593, 0.0012417089892551303, 0.003145167022012174, 0.0017978339456021786, 0.0006899579893797636, 0.002171624917536974, 0.004768291022628546, 0.0009658330818638206, 0.0027923749294131994, 0.0010949579300358891, 0.0011257920414209366, 0.0011873339535668492, 0.0012541250325739384, 0.0012530410895124078]",2.3558152037315208,2.333537250396348,0.5000325254735121,0.059545280288682244,0.13415867242363014,True,107.0,107.0
18,17,200,True,converged,4.5131087499903515,23,"[0, 3, 1, 3, 1, 2, 1, 2, 1, 1, 1, 1, 1, 1, 1, 1, 1, 1]","[0.018752792035229504, 0.16823320800904185, 0.062446750001981854, 0.6597800420131534, 0.09349637501873076, 0.3725759160006419, 0.12178754201158881, 0.5771500000264496, 0.3235778750386089, 0.16543341695796698, 0.181167250033468, 0.19597608305048198, 0.20917799999006093, 0.22838937502820045, 0.2456845419947058, 0.2601244580000639, 0.27201279206201434, 0.290666832937859]","[""converged"", ""converged"", ""converged"", ""converged"", ""converged"", ""converged"", ""converged"", ""converged"", ""converged"", ""converged"", ""converged"", ""converged"", ""converged"", ""converged"", ""converged"", ""converged"", ""converged"", ""converged""]",1.5634527768270732,0.5000000000000006,True,converged,0.1843170840293169,6,"[0, 1, 0, 2, 0, 1, 0, 1, 1, 0, 0, 0, 0, 0, 0, 0, 0, 0]","[1.1708005331456661e-05, 0.0006069159135222435, 0.00017699995078146458, 0.0019132919842377305, 0.00034550006967037916, 0.0013397079892456532, 0.0005018750671297312, 0.0016967910341918468, 0.0018920419970527291, 0.0007137500215321779, 0.0007506250403821468, 0.0008301250636577606, 0.000860708998516202, 0.0009050829103216529, 0.0009128749370574951, 0.0009970410028472543, 0.0010937090264633298, 0.001070333062671125]",1.5785858701845772,1.5634690951940133,0.5000320704687835,0.04866273972727269,0.13596610957420716,True,69.0,69.0
18,18,200,False,rank_osqp_failed,11.468238834058866,20,"[0, 4, 1, 0, 1, 2, 1, 1, 1, 1, 1, 1, 1, 1, 1, 1, 1, 1]","[0.018721209024079144, 1.3893578751012683, 0.06259754195343703, 3.678177583962679, 0.09101358300540596, 3.707108167000115, 0.11995533399749547, 0.13577124988660216, 0.14881458401214331, 0.1655300830025226, 0.18004758306778967, 0.19545466708950698, 0.2098917500115931, 0.2278940420364961, 0.24531833291985095, 0.2611310000065714, 0.2744854160118848, 0.28884300007484853]","[""converged"", ""converged"", ""converged"", ""osqp_failed"", ""converged"", ""converged"", ""converged"", ""converged"", ""converged"", ""converged"", ""converged"", ""converged"", ""converged"", ""converged"", ""converged"", ""converged"", ""converged"", ""converged""]",1.9114005632266777,0.1688900534872132,True,converged,0.18294879200402647,4,"[0, 1, 0, 1, 0, 1, 0, 0, 0, 0, 0, 0, 0, 0, 0, 0, 0, 1]","[1.1041993275284767e-05, 0.0006013750098645687, 0.00016558298375457525, 0.0008307090029120445, 0.0003071660175919533, 0.0013014579890295863, 0.00046083296183496714, 0.0004917499609291553, 0.0005387089913710952, 0.0005837079370394349, 0.000620416016317904, 0.0006807919126003981, 0.0007534159813076258, 0.0007836659206077456, 0.0008268330711871386, 0.000875667086802423, 0.0009774999925866723, 0.0030126250348985195]",1.9328813459635548,1.9146075849029032,0.5000000385678763,,,,,
18,19,200,False,rank_osqp_failed,16.702682625036687,32,"[0, 5, 4, 1, 3, 0, 3, 1, 4, 1, 1, 2, 1, 1, 1, 1, 2, 1]","[0.018438250059261918, 4.249872582964599, 0.5920265419408679, 0.07679924997501075, 0.6891696669626981, 4.804791709058918, 0.7730654999613762, 0.13520612497814, 1.4072302499553189, 0.16408925002906471, 0.1809944169363007, 1.0823356249602512, 0.21033362508751452, 0.228730957955122, 0.24473712500184774, 0.26018374995328486, 1.2330122499261051, 0.28817712503951043]","[""converged"", ""converged"", ""converged"", ""converged"", ""converged"", ""osqp_failed"", ""converged"", ""converged"", ""converged"", ""converged"", ""converged"", ""converged"", ""converged"", ""converged"", ""converged"", ""converged"", ""converged"", ""converged""]",2.731885627236819,0.14584926052469635,True,converged,0.19369233399629593,10,"[0, 1, 1, 0, 2, 1, 1, 1, 1, 0, 0, 1, 0, 0, 0, 0, 1, 0]","[1.3749930076301098e-05, 0.0006793329957872629, 0.0007355409907177091, 0.0002627080539241433, 0.0024972499813884497, 0.001501707942225039, 0.0016385840717703104, 0.0018669579876586795, 0.0021075409604236484, 0.0008351249853149056, 0.0008745830273255706, 0.0025684169959276915, 0.0009945000056177378, 0.0010737080592662096, 0.0010895419400185347, 0.0011613749666139483, 0.003451417083851993, 0.0012860000133514404]",2.760304299592241,2.732876215042149,0.5000237514852637,,,,,
18,20,200,True,converged,6.340527417021804,24,"[0, 3, 1, 3, 3, 1, 1, 2, 1, 1, 1, 1, 1, 1, 1, 1, 1, 1]","[0.018565291073173285, 0.9068725829711184, 0.06375920795835555, 1.7854277500882745, 0.45165041694417596, 0.10569008300080895, 0.1199281249428168, 0.5370275840396062, 0.1506526250159368, 0.24407833302393556, 0.18068354204297066, 0.19309679104480892, 0.21162133396137506, 0.22999729204457253, 0.24433212506119162, 0.257150916964747, 0.27675670804455876, 0.292286750045605]","[""converged"", ""converged"", ""converged"", ""converged"", ""converged"", ""converged"", ""converged"", ""converged"", ""converged"", ""converged"", ""converged"", ""converged"", ""converged"", ""converged"", ""converged"", ""converged"", ""converged"", ""converged""]",1.9983719928262782,0.4999999999999974,True,converged,0.18042862496804446,5,"[0, 1, 0, 1, 1, 0, 0, 1, 0, 1, 0, 0, 0, 0, 0, 0, 0, 0]","[1.1625001206994057e-05, 0.0006194590823724866, 0.00017454102635383606, 0.0008944999426603317, 0.0010445410152897239, 0.00040737504605203867, 0.00045429193414747715, 0.001583209028467536, 0.0006091250106692314, 0.0019060421036556363, 0.0006982090417295694, 0.000801415997557342, 0.0008492919150739908, 0.0008652920369058847, 0.0009052499663084745, 0.000933166011236608, 0.0010506249964237213, 0.001099292072467506]",2.0176551937954694,1.998392776459123,0.5002428241756159,0.05496309772993818,0.13177850822602966,True,90.0,90.0
18,21,200,True,converged,6.4000815419713035,30,"[0, 3, 4, 1, 3, 1, 3, 3, 1, 2, 2, 1, 1, 1, 1, 1, 1, 1]","[0.01837437495123595, 0.17567041690927, 0.35426108294632286, 0.07635679200757295, 0.6999693340621889, 0.1057240410009399, 0.8841947079636157, 1.0643497500568628, 0.14964433305431157, 0.42243625002447516, 0.685140167013742, 0.19435045891441405, 0.208022040897049, 0.22881783393677324, 0.24596804205793887, 0.25881208293139935, 0.27313116600271314, 0.290839875000529]","[""converged"", ""converged"", ""converged"", ""converged"", ""converged"", ""converged"", ""converged"", ""converged"", ""converged"", ""converged"", ""converged"", ""converged"", ""converged"", ""converged"", ""converged"", ""converged"", ""converged"", ""converged""]",2.3781909823511835,0.5000000000000044,True,converged,0.185969875077717,7,"[0, 1, 1, 0, 1, 0, 1, 1, 0, 1, 1, 0, 0, 0, 0, 0, 0, 0]","[1.2125005014240742e-05, 0.0005704580107703805, 0.0007532089948654175, 0.00026941706892102957, 0.0011287919478490949, 0.00041020801290869713, 0.0014390830183401704, 0.0017073750495910645, 0.0006225829711183906, 0.0020864999387413263, 0.002293374971486628, 0.0008640829473733902, 0.0009045000188052654, 0.0009413330117240548, 0.0010195840150117874, 0.0010801659664139152, 0.0010755410185083747, 0.0011547500034794211]",2.401024506630554,2.3782058404704918,0.5003121532298647,0.06203979811042838,0.1487775006597593,True,67.0,67.0
18,22,200,True,converged,6.440476999967359,30,"[0, 10, 1, 3, 3, 1, 1, 1, 1, 1, 1, 1, 1, 1, 1, 1, 1, 1]","[0.018577542039565742, 0.8390242920722812, 0.06198691704776138, 1.0967373750172555, 1.8051154160639271, 0.10545200004708022, 0.12084129091817886, 0.13600045896600932, 0.14957745792344213, 0.1633456670679152, 0.18051908409688622, 0.19498908298555762, 0.2095478749834001, 0.2270303328987211, 0.2400696249678731, 0.2602039590710774, 0.27587950008455664, 0.2889270419254899]","[""converged"", ""converged"", ""converged"", ""converged"", ""converged"", ""converged"", ""converged"", ""converged"", ""converged"", ""converged"", ""converged"", ""converged"", ""converged"", ""converged"", ""converged"", ""converged"", ""converged"", ""converged""]",1.5738353420624525,0.5000000001411555,True,converged,0.18940975004807115,3,"[0, 1, 0, 1, 1, 0, 0, 0, 0, 0, 0, 0, 0, 0, 0, 0, 0, 0]","[1.1500087566673756e-05, 0.0005817910423502326, 0.00017208396457135677, 0.0008499999530613422, 0.001067084027454257, 0.00040070805698633194, 0.0004380829632282257, 0.0005004999693483114, 0.0005325420061126351, 0.0005761249922215939, 0.0006461669690907001, 0.0006893340032547712, 0.0007205420406535268, 0.0007950830040499568, 0.0008192500099539757, 0.0008221659809350967, 0.0009122500196099281, 0.0009230830473825336]",1.5890537592021288,1.573952285408914,0.5000581013097773,0.05267737948944069,0.15664321411194268,True,70.0,70.0
18,23,200,True,converged,10.071131416945718,30,"[0, 1, 1, 3, 2, 6, 3, 2, 2, 1, 2, 1, 1, 1, 1, 1, 1, 1]","[0.018385875038802624, 0.04723341693170369, 0.06268437497783452, 0.3268024999415502, 0.3605024580610916, 4.640203582937829, 1.0193938330048695, 0.47975500009488314, 0.5923979579238221, 0.1631049170391634, 0.60011137498077, 0.19410108297597617, 0.20645166700705886, 0.2292523329379037, 0.2450360000366345, 0.25985408294945955, 0.27043420798145235, 0.2902089999988675]","[""converged"", ""converged"", ""converged"", ""converged"", ""converged"", ""converged"", ""converged"", ""converged"", ""converged"", ""converged"", ""converged"", ""converged"", ""converged"", ""converged"", ""converged"", ""converged"", ""converged"", ""converged""]",2.426354114739125,0.4996714439352704,True,converged,0.19007170805707574,7,"[0, 0, 0, 1, 1, 1, 1, 1, 1, 0, 1, 0, 0, 0, 0, 0, 0, 0]","[1.3040960766375065e-05, 0.00013029191177338362, 0.00014195800758898258, 0.0008504999568685889, 0.0010313329985365272, 0.001207082998007536, 0.002298334031365812, 0.001717875013127923, 0.00199087499640882, 0.0007252090144902468, 0.0022795420372858644, 0.0008761249482631683, 0.0009213750017806888, 0.0009540000464767218, 0.0009965000208467245, 0.0010797500144690275, 0.0010938328923657537, 0.0011744999792426825]",2.4496848189673037,2.4263421365500513,0.5000347863425059,0.05836470587242757,0.12448288441953619,True,104.0,104.0
18,24,200,True,converged,3.5121846669353545,20,"[0, 3, 1, 1, 1, 2, 1, 1, 1, 1, 1, 1, 1, 1, 1, 1, 1, 1]","[0.018799958983436227, 0.3869789579184726, 0.06263258401304483, 0.07664041698444635, 0.09070441604126245, 0.31508049997501075, 0.1209002920659259, 0.1352279999991879, 0.14962200005538762, 0.1647890420863405, 0.18744683300610632, 0.20116079202853143, 0.2109780419850722, 0.22704345791134983, 0.24805216607637703, 0.2701307089300826, 0.2897754170699045, 0.2893994170008227]","[""converged"", ""converged"", ""converged"", ""converged"", ""converged"", ""converged"", ""converged"", ""converged"", ""converged"", ""converged"", ""converged"", ""converged"", ""converged"", ""converged"", ""converged"", ""converged"", ""converged"", ""converged""]",1.6131708082021936,0.4999999999999952,True,converged,0.17826154094655067,2,"[0, 1, 0, 0, 0, 1, 0, 0, 0, 0, 0, 0, 0, 0, 0, 0, 0, 0]","[1.995800994336605e-05, 0.0006356249796226621, 0.00016858300659805536, 0.00020600005518645048, 0.0002620000159367919, 0.0011457500513643026, 0.0003897499991580844, 0.00044462503865361214, 0.00047608395107090473, 0.0005486250156536698, 0.0006027499912306666, 0.0006028749048709869, 0.0006963330088183284, 0.0007643749704584479, 0.0008120409911498427, 0.000806833035312593, 0.0009177500614896417, 0.000982290948741138]",1.6286061539580599,1.613167710582586,0.5007533957308746,0.04871171105818328,0.14965618414902354,True,80.0,80.0
18,25,200,True,converged,12.672930208966136,24,"[0, 3, 1, 3, 3, 1, 2, 1, 1, 1, 1, 1, 1, 1, 1, 1, 1, 1]","[0.018492332892492414, 1.91073108301498, 0.06236208393238485, 4.4548510840395465, 3.142940624966286, 0.10628508299123496, 0.575191207928583, 0.1356562920846045, 0.15141687507275492, 0.16401587496511638, 0.1798382910201326, 0.19531579199247062, 0.2095276250038296, 0.2262583749834448, 0.24658479099161923, 0.2646245000651106, 0.2761845000786707, 0.28627154091373086]","[""converged"", ""converged"", ""converged"", ""converged"", ""converged"", ""converged"", ""converged"", ""converged"", ""converged"", ""converged"", ""converged"", ""converged"", ""converged"", ""converged"", ""converged"", ""converged"", ""converged"", ""converged""]",1.563380387235318,0.4995367964130038,True,converged,0.17862354195676744,4,"[0, 1, 0, 1, 1, 0, 1, 0, 0, 0, 0, 0, 0, 0, 0, 0, 0, 0]","[1.0958057828247547e-05, 0.0005666670622304082, 0.0001764169428497553, 0.00090487499255687, 0.0011416670167818666, 0.00038891599979251623, 0.0014353330479934812, 0.0005288750398904085, 0.0005680419271811843, 0.0006237500347197056, 0.0006651660660281777, 0.0007201250409707427, 0.0007642089622095227, 0.000831125071272254, 0.0008758329786360264, 0.000919042038731277, 0.0009379170369356871, 0.0009598750621080399]",1.5782289283284432,1.5633573341567113,0.5000000169523532,0.04833645286707591,0.11479076775894856,True,56.0,56.0
18,26,200,True,converged,4.384915333939716,28,"[0, 3, 5, 4, 1, 3, 1, 1, 1, 1, 1, 1, 1, 1, 1, 1, 1, 1]","[0.0185291669331491, 0.149550584028475, 0.4860022079665214, 0.5347490829881281, 0.0909694170113653, 0.5759409579914063, 0.12100070796441287, 0.13565499999094754, 0.15020862489473075, 0.16608229198027402, 0.1791416659252718, 0.19672362506389618, 0.2110819579102099, 0.23126129095908254, 0.24852495803497732, 0.2577667919686064, 0.2762688749935478, 0.2904999169986695]","[""converged"", ""converged"", ""converged"", ""converged"", ""converged"", ""converged"", ""converged"", ""converged"", ""converged"", ""converged"", ""converged"", ""converged"", ""converged"", ""converged"", ""converged"", ""converged"", ""converged"", ""converged""]",1.9428467130184475,0.5000000006034032,True,converged,0.1812963749980554,4,"[0, 1, 1, 1, 0, 1, 0, 0, 0, 0, 0, 0, 0, 0, 0, 0, 0, 0]","[1.4999997802078724e-05, 0.0006056670099496841, 0.0007311670342460275, 0.0009485840564593673, 0.0003534590359777212, 0.0013231249758973718, 0.0004886669339612126, 0.0005203330656513572, 0.0005914589855819941, 0.000638958066701889, 0.0006779589457437396, 0.0007552079623565078, 0.0007967919809743762, 0.0008301250636577606, 0.0008757080649957061, 0.0009235000470653176, 0.0009494590340182185, 0.0009801250416785479]",1.9611690186564263,1.9429104432967883,0.5001057455038689,0.052343932562358995,0.14120912310719366,True,78.0,78.0
18,27,200,True,converged,18.425308875041083,32,"[0, 5, 1, 3, 3, 2, 3, 1, 3, 3, 1, 1, 1, 1, 1, 1, 1, 1]","[0.018597958027385175, 0.26617350010201335, 0.06248029100243002, 1.1198485000059009, 2.200388459023088, 0.4579787499969825, 6.294846792006865, 0.13531545805744827, 1.5016451659612358, 4.414858166011982, 0.18020200007595122, 0.19534987502265722, 0.20846962498035282, 0.22782758402172476, 0.24718145898077637, 0.2613788329763338, 0.2742153749568388, 0.2932324999710545]","[""converged"", ""converged"", ""converged"", ""converged"", ""converged"", ""converged"", ""converged"", ""converged"", ""converged"", ""converged"", ""converged"", ""converged"", ""converged"", ""converged"", ""converged"", ""converged"", ""converged"", ""converged""]",1.541677145135735,0.5000002219953047,True,converged,0.18819983291905373,7,"[0, 1, 0, 1, 1, 1, 1, 0, 1, 1, 0, 0, 0, 0, 0, 0, 0, 0]","[1.2333039194345474e-05, 0.0005865410203114152, 0.0001747919013723731, 0.0008841670351102948, 0.001129249925725162, 0.0013238750398159027, 0.0015966249629855156, 0.0005888330051675439, 0.0019925000378862023, 0.0021968750515952706, 0.0008061249973252416, 0.0008602919988334179, 0.000893042073585093, 0.0009665839606896043, 0.0009988329838961363, 0.001091292011551559, 0.0010766249615699053, 0.0010923329973593354]",1.5569420366542808,1.5418088486638009,0.5000056020001399,0.051839503856407246,0.18052041789471296,True,72.0,72.0
18,28,200,False,rank_osqp_failed,29.015972124994732,30,"[0, 1, 1, 0, 0, 3, 5, 3, 4, 2, 3, 2, 1, 1, 1, 1, 1, 1]","[0.018690625089220703, 0.04669145809020847, 0.06220004195347428, 3.6667497500311583, 4.2197457500733435, 0.683359167072922, 5.289335250039585, 0.8826940000290051, 8.574267750023864, 1.7758781249867752, 1.2863604170270264, 0.9338405000744388, 0.2107259170152247, 0.22871587495319545, 0.24440120800863951, 0.25880712491925806, 0.2774031669832766, 0.29105608293320984]","[""converged"", ""converged"", ""converged"", ""osqp_failed"", ""osqp_failed"", ""converged"", ""converged"", ""converged"", ""converged"", ""converged"", ""converged"", ""converged"", ""converged"", ""converged"", ""converged"", ""converged"", ""converged"", ""converged""]",1.7600621081767376,0.06930049659211136,True,converged,0.21664316696114838,16,"[0, 0, 0, 3, 3, 2, 1, 1, 2, 2, 1, 1, 0, 0, 0, 0, 0, 0]","[1.1208001524209976e-05, 0.00012449990026652813, 0.00013599998783320189, 0.0038756669964641333, 0.011635457980446517, 0.003174042096361518, 0.0019183749100193381, 0.0021816249936819077, 0.004872374935075641, 0.005508665926754475, 0.0030505829490721226, 0.003391292062588036, 0.0013928330736234784, 0.0014243749901652336, 0.0014434170443564653, 0.0014289160026237369, 0.0014749999390915036, 0.00151983299292624]",3.5623456430578457,3.5391746907820925,0.5000000445754423,,,,,
18,29,200,True,converged,3.3741071249824017,20,"[0, 2, 1, 2, 2, 1, 1, 1, 1, 1, 1, 1, 1, 1, 1, 1, 1, 1]","[0.01841666700784117, 0.13245187501888722, 0.06220045906957239, 0.2797629999695346, 0.24895220901817083, 0.10538641700986773, 0.12087754101958126, 0.13540091598406434, 0.15119749994482845, 0.1653904999839142, 0.1802532080328092, 0.19571920798625797, 0.2088255831040442, 0.23084270802792162, 0.24622770794667304, 0.2605594580527395, 0.27378445805516094, 0.29212229198310524]","[""converged"", ""converged"", ""converged"", ""converged"", ""converged"", ""converged"", ""converged"", ""converged"", ""converged"", ""converged"", ""converged"", ""converged"", ""converged"", ""converged"", ""converged"", ""converged"", ""converged"", ""converged""]",2.386906484836292,0.49999999999999883,True,converged,0.1795327920699492,3,"[0, 1, 0, 1, 1, 0, 0, 0, 0, 0, 0, 0, 0, 0, 0, 0, 0, 0]","[1.1875061318278313e-05, 0.000657708034850657, 0.00017395894974470139, 0.0008267080411314964, 0.0010864579817280173, 0.0003951250109821558, 0.0004420420154929161, 0.0004888750845566392, 0.0005314999725669622, 0.0005906249862164259, 0.0006688750581815839, 0.0007057919865474105, 0.0007196669466793537, 0.000763791031204164, 0.0008015830535441637, 0.0008926669834181666, 0.0009679170325398445, 0.0010025000665336847]",2.409673214379202,2.386915872766419,0.5009300662952758,0.05932100481916893,0.1424836616803326,True,82.0,82.0
18,30,200,True,converged,10.603497542091645,26,"[0, 5, 1, 3, 1, 2, 1, 2, 1, 1, 1, 2, 1, 1, 1, 1, 1, 1]","[0.01856066705659032, 3.1582957500359043, 0.0622100830078125, 0.6594984580297023, 0.0909729580162093, 3.243457749951631, 0.12039937498047948, 0.5909207500517368, 0.15022924996446818, 0.16669070906937122, 0.17923966702073812, 0.5925822090357542, 0.2095274169696495, 0.22621087497100234, 0.243249166989699, 0.2612447920255363, 0.27553558291401714, 0.28929087496362627]","[""converged"", ""converged"", ""converged"", ""converged"", ""converged"", ""converged"", ""converged"", ""converged"", ""converged"", ""converged"", ""converged"", ""converged"", ""converged"", ""converged"", ""converged"", ""converged"", ""converged"", ""converged""]",1.711160641852132,0.5000000000000009,True,converged,0.17967070895247161,5,"[0, 1, 0, 1, 0, 1, 0, 1, 0, 0, 0, 1, 0, 0, 0, 0, 0, 0]","[1.1082971468567848e-05, 0.0006452909437939525, 0.00016754097305238247, 0.0008781669894233346, 0.000300500076264143, 0.001271375105716288, 0.0004580420209094882, 0.0015746660064905882, 0.0005895420908927917, 0.0006401250138878822, 0.0006786249577999115, 0.0023313750280067325, 0.0008577090920880437, 0.000885249930433929, 0.0009252920281141996, 0.0009794160723686218, 0.001024958910420537, 0.0010360419983044267]",1.7276427118232285,1.7111935629064263,0.5000070582063558,0.05175151476784739,0.10873761138204707,True,72.0,72.0
18,31,200,True,converged,6.169956875033677,29,"[0, 4, 1, 3, 1, 3, 1, 5, 1, 2, 1, 1, 1, 1, 1, 1, 1, 1]","[0.018707624985836446, 0.3104730829363689, 0.06240399996750057, 0.6282451660372317, 0.0919171670684591, 0.9830752499401569, 0.12099070800468326, 1.2246136670000851, 0.1494996250839904, 0.5505009168991819, 0.2655822919914499, 0.19248337496537715, 0.20992199995089322, 0.23045995901338756, 0.24413295893464237, 0.2562709579942748, 0.2752046250971034, 0.2905254589859396]","[""converged"", ""converged"", ""converged"", ""converged"", ""converged"", ""converged"", ""converged"", ""converged"", ""converged"", ""converged"", ""converged"", ""converged"", ""converged"", ""converged"", ""converged"", ""converged"", ""converged"", ""converged""]",2.148437363199597,0.4999999999999993,True,converged,0.18375845800619572,6,"[0, 1, 0, 1, 0, 1, 0, 1, 0, 1, 1, 0, 0, 0, 0, 0, 0, 0]","[1.3333046808838844e-05, 0.0006286670686677098, 0.0001824160572141409, 0.0009232499869540334, 0.0003096660366281867, 0.0012220420176163316, 0.00045679102186113596, 0.001585374935530126, 0.0005935420049354434, 0.0019437079317867756, 0.002188208047300577, 0.000791291007772088, 0.0008752499707043171, 0.0009089169325307012, 0.0009885000763460994, 0.0009952910477295518, 0.0010780410375446081, 0.001138332998380065]",2.169310869323251,2.1485104809189655,0.5000096126403986,0.05554757323145995,0.14712313366079496,True,99.0,99.0
18,32,200,False,rank_osqp_failed,6.942241624929011,19,"[0, 3, 1, 0, 1, 2, 1, 1, 1, 1, 1, 1, 1, 1, 1, 1, 1, 1]","[0.018282874953001738, 0.1688787080347538, 0.06189537502359599, 3.7014363339403644, 0.09111408400349319, 0.3825409999117255, 0.12099808396305889, 0.13524366600904614, 0.15091566694900393, 0.16430208296515048, 0.17879137501586229, 0.19548012502491474, 0.21038387506268919, 0.22913279198110104, 0.24014283309224993, 0.2605287089245394, 0.27667387505061924, 0.2904001669958234]","[""converged"", ""converged"", ""converged"", ""osqp_failed"", ""converged"", ""converged"", ""converged"", ""converged"", ""converged"", ""converged"", ""converged"", ""converged"", ""converged"", ""converged"", ""converged"", ""converged"", ""converged"", ""converged""]",1.6297050900897578,0.018077776992578523,True,converged,0.17605183296836913,3,"[0, 1, 0, 1, 0, 1, 0, 0, 0, 0, 0, 0, 0, 0, 0, 0, 0, 0]","[1.4165998436510563e-05, 0.000533208018168807, 0.00017562496941536665, 0.0008769580163061619, 0.0002965410239994526, 0.001232124981470406, 0.0004520000657066703, 0.0005061669507995248, 0.0005409999284893274, 0.0005752909928560257, 0.0006264579715207219, 0.0006599579937756062, 0.0007213749922811985, 0.0007822500774636865, 0.0007963330717757344, 0.0008951250929385424, 0.0009180830093100667, 0.0009426249889656901]",1.647033483111728,1.631434575534989,0.500834121292271,,,,,
18,33,200,True,converged,7.523636667057872,27,"[0, 2, 3, 1, 2, 2, 1, 2, 2, 2, 2, 1, 1, 1, 1, 1, 1, 2]","[0.018507791915908456, 0.24459770799148828, 0.2616441670106724, 0.07650329195894301, 0.2587975839851424, 0.3388975840061903, 0.12096645799465477, 1.109498249948956, 0.5731519999681041, 0.6924215420149267, 0.7576804579002783, 0.19494566693902016, 0.20631758298259228, 0.23046624998096377, 0.2477052080212161, 0.2600273339776322, 0.27408775000367314, 1.5926634590141475]","[""converged"", ""converged"", ""converged"", ""converged"", ""converged"", ""converged"", ""converged"", ""converged"", ""converged"", ""converged"", ""converged"", ""converged"", ""converged"", ""converged"", ""converged"", ""converged"", ""converged"", ""converged""]",1.491235044027027,0.4999999999999968,True,converged,0.19102770905010402,9,"[0, 1, 1, 0, 1, 1, 0, 1, 1, 1, 1, 0, 0, 0, 0, 0, 0, 1]","[1.7708982340991497e-05, 0.0005758330225944519, 0.0007498749764636159, 0.0002527909819036722, 0.0010580410016700625, 0.001322958036325872, 0.0004922080552205443, 0.0016987910494208336, 0.0019144169054925442, 0.0021654999582096934, 0.0023776659509167075, 0.0009123749332502484, 0.0009682499803602695, 0.0009799159597605467, 0.0010656670201569796, 0.00114016595762223, 0.001135749975219369, 0.0034653330221772194]",1.505422765796844,1.4912416575135992,0.5002510104260668,0.04645887682902711,0.10966443208144211,True,81.0,81.0
18,34,200,True,converged,5.172618167009205,25,"[0, 4, 1, 3, 1, 2, 1, 2, 1, 2, 1, 1, 1, 1, 1, 1, 1, 1]","[0.018430666998028755, 0.4549240000778809, 0.062088040984235704, 0.7381430410314351, 0.09065183403436095, 0.38364304101560265, 0.11996520799584687, 0.5901537500321865, 0.14981170801911503, 0.5633104590233415, 0.17917141690850258, 0.19639966706745327, 0.2101037499960512, 0.22784691699780524, 0.2460923750186339, 0.25871666602324694, 0.3076110410038382, 0.3101124169770628]","[""converged"", ""converged"", ""converged"", ""converged"", ""converged"", ""converged"", ""converged"", ""converged"", ""converged"", ""converged"", ""converged"", ""converged"", ""converged"", ""converged"", ""converged"", ""converged"", ""converged"", ""converged""]",1.9172647786678358,0.4999999999999987,True,converged,0.1860159159405157,5,"[0, 1, 0, 1, 0, 1, 0, 1, 0, 1, 0, 0, 0, 0, 0, 0, 0, 0]","[1.3584038242697716e-05, 0.0006304170237854123, 0.00017137499526143074, 0.0008442500839009881, 0.00032600003760308027, 0.0012503749458119273, 0.0004497499903663993, 0.001651708036661148, 0.0006022920133545995, 0.0020025839330628514, 0.0007364590419456363, 0.0007884579245001078, 0.0008087500464171171, 0.0009133329149335623, 0.0009394580265507102, 0.0009755418868735433, 0.001014875015243888, 0.0010812910040840507]",1.9353359580432214,1.9172739027555676,0.5005594032615373,0.05405683846923491,0.13398270360525552,True,85.0,85.0
18,35,200,True,converged,9.173827583086677,28,"[0, 1, 4, 2, 3, 3, 3, 1, 2, 1, 1, 1, 1, 1, 1, 1, 1, 1]","[0.018824708997271955, 0.046753917005844414, 3.570868083043024, 0.24697666696738452, 0.8469236670061946, 0.6527251669904217, 1.109085041913204, 0.13379504205659032, 0.4291141250869259, 0.16502579196821898, 0.18020095804240555, 0.19273258303292096, 0.21047900000121444, 0.22732524992898107, 0.24738758301828057, 0.26093687501270324, 0.2753939579706639, 0.2916421249974519]","[""converged"", ""converged"", ""converged"", ""converged"", ""converged"", ""converged"", ""converged"", ""converged"", ""converged"", ""converged"", ""converged"", ""converged"", ""converged"", ""converged"", ""converged"", ""converged"", ""converged"", ""converged""]",2.059147789269643,0.4999999999999998,True,converged,0.1857435409910977,6,"[0, 0, 1, 1, 1, 1, 1, 0, 1, 0, 0, 0, 0, 0, 0, 0, 0, 0]","[1.1665979400277138e-05, 0.00012070790398865938, 0.000647915992885828, 0.0008512500207871199, 0.0011343329679220915, 0.0013290420174598694, 0.001507958979345858, 0.0005642909090965986, 0.0018753749318420887, 0.0007200420368462801, 0.0007352499524131417, 0.0008330830605700612, 0.0008598749991506338, 0.0009324169950559735, 0.0009615840390324593, 0.0010317499982193112, 0.0010309169301763177, 0.0011349170235916972]",2.078807900016091,2.0591743405014675,0.5004096266136763,0.05916169543042777,0.1411685764950302,True,95.0,95.0
18,36,200,True,converged,9.549060416058637,25,"[0, 1, 3, 3, 3, 2, 1, 2, 1, 1, 1, 1, 1, 1, 1, 1, 1, 1]","[0.01852137502282858, 0.04654600005596876, 1.4935831660404801, 3.9612001669593155, 0.8831238329876214, 0.2618514159694314, 0.12157562503125519, 0.49517820798791945, 0.1504234590101987, 0.1655645000282675, 0.18081966694444418, 0.19431029190309346, 0.211028250050731, 0.22743675007950515, 0.24632049992214888, 0.25959687505383044, 0.27352833398617804, 0.2928933339426294]","[""converged"", ""converged"", ""converged"", ""converged"", ""converged"", ""converged"", ""converged"", ""converged"", ""converged"", ""converged"", ""converged"", ""converged"", ""converged"", ""converged"", ""converged"", ""converged"", ""converged"", ""converged""]",1.451451105838414,0.4999999999999999,True,converged,0.17985320801381022,5,"[0, 0, 1, 1, 1, 1, 0, 1, 0, 0, 0, 0, 0, 0, 0, 0, 0, 0]","[1.1999974958598614e-05, 0.0001217500539496541, 0.0006352500058710575, 0.0009296670323237777, 0.0011272920528426766, 0.0013082498917356133, 0.0004941669758409262, 0.0016796250129118562, 0.000621040933765471, 0.0006899579893797636, 0.0007251669885590672, 0.0007725839968770742, 0.0008352500153705478, 0.0008635000558570027, 0.0009365419391542673, 0.0009377079550176859, 0.000992374960333109, 0.0010447920067235827]",1.465547315059582,1.4515338536481732,0.5001984698444697,0.04544691228963338,0.1273120899292223,True,97.0,97.0
18,37,200,True,converged,5.452456042054109,24,"[0, 3, 1, 3, 1, 2, 2, 1, 1, 1, 1, 1, 1, 2, 1, 1, 1, 1]","[0.018787833978421986, 0.5041597499512136, 0.06221058301161975, 0.4317959590116516, 0.09317574999295175, 0.5412503329571337, 0.4604123330209404, 0.13589704199694097, 0.14962462498806417, 0.1653460420202464, 0.18127504200674593, 0.1969955830136314, 0.21062783407978714, 1.1617194999707863, 0.2445319580147043, 0.2616172500420362, 0.27607745793648064, 0.2879594169789925]","[""converged"", ""converged"", ""converged"", ""converged"", ""converged"", ""converged"", ""converged"", ""converged"", ""converged"", ""converged"", ""converged"", ""converged"", ""converged"", ""converged"", ""converged"", ""converged"", ""converged"", ""converged""]",2.2614662923587208,0.5000000000000029,True,converged,0.18350275000557303,5,"[0, 1, 0, 1, 0, 1, 1, 0, 0, 0, 0, 0, 0, 1, 0, 0, 0, 0]","[1.3458076864480972e-05, 0.00067762506660074, 0.00017775001469999552, 0.000891875009983778, 0.0003136249724775553, 0.001205249922350049, 0.0014541670680046082, 0.0005372499581426382, 0.000590750016272068, 0.0006463750032708049, 0.0007719169370830059, 0.0007674170192331076, 0.0008204999612644315, 0.0025604170514270663, 0.0009387079626321793, 0.0009691249579191208, 0.0009995829313993454, 0.0010881249327212572]",2.2835948657952545,2.2615193704551615,0.5002297270044693,0.05961472402533451,0.17488657745105698,True,92.0,92.0
18,38,200,True,converged,3.9622235409915447,20,"[0, 3, 1, 2, 1, 1, 1, 1, 1, 1, 1, 1, 1, 1, 1, 1, 1, 1]","[0.01902429200708866, 0.9009254589909688, 0.06373841606546193, 0.25759591697715223, 0.09128183405846357, 0.10540629201568663, 0.11968208395410329, 0.13446316600311548, 0.15053833299316466, 0.16593249992001802, 0.181564416969195, 0.19556883303448558, 0.20792304200585932, 0.22804604202974588, 0.24552166694775224, 0.26122833299450576, 0.2747619580477476, 0.2913514169631526]","[""converged"", ""converged"", ""converged"", ""converged"", ""converged"", ""converged"", ""converged"", ""converged"", ""converged"", ""converged"", ""converged"", ""converged"", ""converged"", ""converged"", ""converged"", ""converged"", ""converged"", ""converged""]",1.306681510297803,0.49999999999999845,True,converged,0.17630416608881205,2,"[0, 1, 0, 1, 0, 0, 0, 0, 0, 0, 0, 0, 0, 0, 0, 0, 0, 0]","[1.3749930076301098e-05, 0.00059254199732095, 0.00017104099970310926, 0.0009096669964492321, 0.00029458396602422, 0.00034020806197077036, 0.000384833081625402, 0.00045604200568050146, 0.0004758749855682254, 0.0005327080143615603, 0.0005994169041514397, 0.0006589170079678297, 0.0007057089824229479, 0.0007262500002980232, 0.0007538329809904099, 0.0007756249979138374, 0.0008679579477757215, 0.0009372909553349018]",1.3191660613096963,1.3066616050366007,0.5000069099778587,0.044144700647569105,0.12653864728483136,True,76.0,76.0
18,39,200,False,rank_osqp_failed,19.554793416988105,30,"[0, 3, 10, 1, 2, 1, 2, 1, 2, 1, 1, 1, 1, 1, 0, 1, 1, 1]","[0.018545542028732598, 0.6825608330545947, 5.627831249963492, 0.07602620800025761, 0.3599344580434263, 0.10544812504667789, 0.5488236249657348, 0.13408616709057242, 0.4004251250298694, 0.16381391696631908, 0.17935574997682124, 0.19126741692889482, 0.2093760840361938, 0.22809091594535857, 9.737661208026111, 0.26138283300679177, 0.27601562498603016, 0.2883415831020102]","[""converged"", ""converged"", ""converged"", ""converged"", ""converged"", ""converged"", ""converged"", ""converged"", ""converged"", ""converged"", ""converged"", ""converged"", ""converged"", ""converged"", ""osqp_failed"", ""converged"", ""converged"", ""converged""]",1.9816719899457815,0.08351260552186204,True,converged,0.18862420797813684,8,"[0, 1, 2, 0, 1, 0, 1, 0, 1, 0, 0, 0, 0, 0, 2, 0, 0, 0]","[1.3499986380338669e-05, 0.0006507079815492034, 0.00342850002925843, 0.00028370798099786043, 0.0011562081053853035, 0.0004306250484660268, 0.00149441696703434, 0.0005860419478267431, 0.0018642910290509462, 0.0006951669929549098, 0.0007775420090183616, 0.000816207961179316, 0.0008774580201134086, 0.0009437919361516833, 0.007004625047557056, 0.0010854169959202409, 0.0011657089926302433, 0.001159665989689529]",2.0028759117244337,1.9842946378465476,0.50006188407723,,,,,
18,40,200,True,converged,6.429433583049104,22,"[0, 3, 1, 3, 1, 2, 1, 1, 1, 1, 1, 1, 1, 1, 1, 1, 1, 1]","[0.018389042001217604, 0.9307405829895288, 0.06313070899341255, 2.472092666081153, 0.09078854194376618, 0.3242300410056487, 0.12080274999607354, 0.13571566704194993, 0.1505560000659898, 0.16504474997054785, 0.17872412502765656, 0.19574191700667143, 0.21274229197297245, 0.2327846250263974, 0.24674837500788271, 0.2595222080126405, 0.2763472080696374, 0.29125504195690155]","[""converged"", ""converged"", ""converged"", ""converged"", ""converged"", ""converged"", ""converged"", ""converged"", ""converged"", ""converged"", ""converged"", ""converged"", ""converged"", ""converged"", ""converged"", ""converged"", ""converged"", ""converged""]",1.8658897008393993,0.49956016964048866,True,converged,0.18109012499917299,3,"[0, 1, 0, 1, 0, 1, 0, 0, 0, 0, 0, 0, 0, 0, 0, 0, 0, 0]","[1.1041993275284767e-05, 0.0005927499150857329, 0.00015470804646611214, 0.0009107920341193676, 0.0003148330142721534, 0.0012368750758469105, 0.0004240000853314996, 0.0004935420583933592, 0.0005556660471484065, 0.00060841697268188, 0.0006306659197434783, 0.0006991670234128833, 0.0007092499872669578, 0.0007613329216837883, 0.0008394999895244837, 0.0009126249933615327, 0.0009154579602181911, 0.0009514999110251665]",1.883891109641524,1.8659106136921708,0.5000090065344469,0.053467149756203536,0.13397247617162789,True,82.0,82.0
18,41,200,True,converged,5.134664583951235,25,"[0, 1, 3, 3, 4, 2, 1, 1, 1, 1, 1, 1, 1, 1, 1, 1, 1, 1]","[0.01865291700232774, 0.04693537496495992, 0.30333262507338077, 0.44191775005310774, 0.6617255420424044, 1.135975250042975, 0.12268104089889675, 0.1349292080849409, 0.14993979199789464, 0.16457291704136878, 0.18255387502722442, 0.1940723330480978, 0.21095037506893277, 0.22809783299453557, 0.24385104107204825, 0.2611371249658987, 0.27642324997577816, 0.2884393749991432]","[""converged"", ""converged"", ""converged"", ""converged"", ""converged"", ""converged"", ""converged"", ""converged"", ""converged"", ""converged"", ""converged"", ""converged"", ""converged"", ""converged"", ""converged"", ""converged"", ""converged"", ""converged""]",2.062128217728954,0.5000001917558033,True,converged,0.18445337493903935,5,"[0, 0, 1, 1, 1, 2, 0, 0, 0, 0, 0, 0, 0, 0, 0, 0, 0, 0]","[1.3291952200233936e-05, 0.00013149995356798172, 0.0006814589723944664, 0.0008702910272404552, 0.0010836250148713589, 0.002954374998807907, 0.000543333007954061, 0.0005923750577494502, 0.0006552500417456031, 0.0007116670021787286, 0.000743208103813231, 0.0008766660466790199, 0.000842333072796464, 0.0009084999328479171, 0.0009477919666096568, 0.0010107919806614518, 0.0010342920431867242, 0.0011100840056315064]",2.0818833130687797,2.0621139964426933,0.5000621041425056,0.06458692423502267,0.26521797465921476,True,87.0,87.0
18,42,200,True,converged,17.909831166965887,38,"[0, 1, 4, 4, 4, 1, 8, 3, 2, 3, 1, 1, 1, 1, 1, 1, 1, 1]","[0.018500125035643578, 0.046268792008049786, 0.5877388330409303, 6.471863916958682, 0.8427760830381885, 0.10582691594026983, 2.3295733749400824, 1.0101350829936564, 0.8766587919089943, 3.5372277500573546, 0.3177347909659147, 0.1939943339675665, 0.20937974995467812, 0.22733083297498524, 0.2445364169543609, 0.25496649998240173, 0.2743689169874415, 0.2947116669965908]","[""converged"", ""converged"", ""converged"", ""converged"", ""converged"", ""converged"", ""converged"", ""converged"", ""converged"", ""converged"", ""converged"", ""converged"", ""converged"", ""converged"", ""converged"", ""converged"", ""converged"", ""converged""]",1.908771044792569,0.4995887429653248,True,converged,0.20396145805716515,9,"[0, 0, 1, 1, 1, 0, 1, 2, 1, 1, 1, 0, 0, 0, 0, 0, 0, 0]","[1.2208009138703346e-05, 0.00011687492951750755, 0.0006592499557882547, 0.0009240000508725643, 0.0010944579262286425, 0.0004122500540688634, 0.0014596669934689999, 0.017073791939765215, 0.002001458080485463, 0.002234750078059733, 0.0024095410481095314, 0.0009453330421820283, 0.0010132499737665057, 0.0010347909992560744, 0.001106875017285347, 0.0010979590006172657, 0.001196166966110468, 0.0012565420474857092]",1.9273247127839512,1.9094284074819752,0.5000942904654426,0.06166399423824378,0.2171684181976461,True,65.0,65.0
18,43,200,True,converged,23.787914540967904,27,"[0, 1, 3, 1, 3, 6, 2, 1, 1, 1, 1, 1, 1, 1, 1, 1, 1, 1]","[0.018625750089995563, 0.046940958010964096, 0.4760307079413906, 0.07639304199256003, 1.2931844170670956, 16.354777417029254, 3.1278760839486495, 0.13648170803207904, 0.14951391704380512, 0.16483066591899842, 0.17998779192566872, 0.19446825003251433, 0.20794795907568187, 0.22824554098770022, 0.24533312499988824, 0.2604822909925133, 0.27130637504160404, 0.29011391708627343]","[""converged"", ""converged"", ""converged"", ""converged"", ""converged"", ""converged"", ""converged"", ""converged"", ""converged"", ""converged"", ""converged"", ""converged"", ""converged"", ""converged"", ""converged"", ""converged"", ""converged"", ""converged""]",1.7952662819726664,0.5000000035684403,True,converged,0.18509754200931638,6,"[0, 0, 1, 0, 1, 2, 2, 0, 0, 0, 0, 0, 0, 0, 0, 0, 0, 0]","[1.1249911040067673e-05, 0.00013220799155533314, 0.0007594589842483401, 0.00022024998906999826, 0.0010917920153588057, 0.002784040989354253, 0.003965915995649993, 0.0006149999098852277, 0.0006674170726910233, 0.000730041996575892, 0.0007856250740587711, 0.0008674170821905136, 0.0008489579195156693, 0.0008524589939042926, 0.000932374969124794, 0.0010154580231755972, 0.0011646249331533909, 0.0011682499898597598]",1.8080257005166829,1.7915552317848098,0.5000643308355965,0.17373060042039945,1.0499296978325385,False,65.0,65.0
18,44,200,True,converged,3.2636730410158634,20,"[0, 2, 2, 2, 1, 1, 1, 1, 1, 1, 1, 1, 1, 1, 1, 1, 1, 1]","[0.01839645905420184, 0.1350303340004757, 0.20438262505922467, 0.18514779210090637, 0.0905365840299055, 0.10496841697022319, 0.11960879201069474, 0.13893925002776086, 0.1507476249244064, 0.16370004205964506, 0.1808592500165105, 0.19546437507960945, 0.20947474997956306, 0.23015170788858086, 0.2442374579841271, 0.2611584169790149, 0.2755237079691142, 0.2892893749522045]","[""converged"", ""converged"", ""converged"", ""converged"", ""converged"", ""converged"", ""converged"", ""converged"", ""converged"", ""converged"", ""converged"", ""converged"", ""converged"", ""converged"", ""converged"", ""converged"", ""converged"", ""converged""]",1.653354586757347,0.49999999999999395,True,converged,0.17805724998470396,3,"[0, 1, 1, 1, 0, 0, 0, 0, 0, 0, 0, 0, 0, 0, 0, 0, 0, 0]","[1.1167023330926895e-05, 0.0005583330057561398, 0.0007378750015050173, 0.0009262500097975135, 0.0003491670358926058, 0.0003861670847982168, 0.0004390000831335783, 0.0005036670481786132, 0.0005467499140650034, 0.000587542075663805, 0.0006315830396488309, 0.0007988340221345425, 0.0007574590854346752, 0.0007989580044522882, 0.0008495410438627005, 0.000873791053891182, 0.000945042003877461, 0.0009378331014886498]",1.669125648060872,1.653340850185831,0.5000002976091885,0.0494326763100198,0.11418057178773301,True,103.0,103.0
18,45,200,True,converged,20.988673917017877,33,"[0, 1, 4, 3, 5, 3, 1, 2, 4, 2, 1, 1, 1, 1, 1, 1, 1, 1]","[0.018524790997616947, 0.046414208016358316, 0.9569975000340492, 0.5159269169671461, 2.055110791930929, 0.7482213749317452, 0.12038112489972264, 0.5240017500473186, 13.431162583059631, 0.6304716250160709, 0.1804348329314962, 0.19563304202165455, 0.21101125003769994, 0.22632420901209116, 0.24427324999123812, 0.2553529170108959, 0.2747504160506651, 0.2882506250170991]","[""converged"", ""converged"", ""converged"", ""converged"", ""converged"", ""converged"", ""converged"", ""converged"", ""converged"", ""converged"", ""converged"", ""converged"", ""converged"", ""converged"", ""converged"", ""converged"", ""converged"", ""converged""]",1.3008665509042467,0.5000000000000012,True,converged,0.1899765410926193,8,"[0, 0, 1, 1, 1, 1, 0, 1, 2, 1, 0, 0, 0, 0, 0, 0, 0, 0]","[1.1083087883889675e-05, 0.00012400001287460327, 0.0006310829194262624, 0.0008466249564662576, 0.00116620899643749, 0.0013239169493317604, 0.0004867500392720103, 0.0016223329585045576, 0.007411666912958026, 0.0021768329897895455, 0.0008725000079721212, 0.0008732079295441508, 0.0009520410094410181, 0.0009897080017253757, 0.0010441250633448362, 0.0010918749030679464, 0.0011205420596525073, 0.0011440831003710628]",1.3125242563500592,1.2991018048005096,0.50003233342116,0.07456733176447265,0.43092048707378755,True,79.0,79.0
18,46,200,True,converged,3.3681982090929523,19,"[0, 2, 1, 2, 1, 1, 1, 1, 1, 1, 1, 1, 1, 1, 1, 1, 1, 1]","[0.01865270803682506, 0.11521895800251514, 0.0622313329949975, 0.45169591694138944, 0.09174875007010996, 0.10637104196939617, 0.12209358299151063, 0.13605812494643033, 0.15029662498272955, 0.1658530830172822, 0.17882825003471226, 0.19533833302557468, 0.21028624998871237, 0.22853258391842246, 0.2416348340921104, 0.25867216708138585, 0.2745782909914851, 0.2946361250942573]","[""converged"", ""converged"", ""converged"", ""converged"", ""converged"", ""converged"", ""converged"", ""converged"", ""converged"", ""converged"", ""converged"", ""converged"", ""converged"", ""converged"", ""converged"", ""converged"", ""converged"", ""converged""]",1.3358566190642498,0.5000000000000008,True,converged,0.1869719170499593,2,"[0, 1, 0, 1, 0, 0, 0, 0, 0, 0, 0, 0, 0, 0, 0, 0, 0, 0]","[1.708301715552807e-05, 0.000666750012896955, 0.000202624942176044, 0.0009889579378068447, 0.00036929198540747166, 0.00043245800770819187, 0.0004947090055793524, 0.0005477908998727798, 0.0005915829678997397, 0.0006777499802410603, 0.0007267079781740904, 0.0006497910944744945, 0.0006738330703228712, 0.0006949580274522305, 0.0008035829523578286, 0.000855666003189981, 0.0008737079333513975, 0.0008893340127542615]",1.348619372970103,1.33582932319018,0.5011533077726757,0.04429354880096705,0.14399238850075996,True,68.0,68.0
18,47,200,True,converged,5.565638582920656,24,"[0, 4, 3, 1, 2, 1, 2, 1, 1, 1, 1, 1, 1, 1, 1, 1, 1, 1]","[0.018636749940924346, 0.9186222499702126, 0.26301204203628004, 0.07671350007876754, 1.2469397500390187, 0.10498879197984934, 0.47212908300571144, 0.1346022499492392, 0.1650037079816684, 0.18752041598781943, 0.19848662498407066, 0.1998867919901386, 0.20974700001534075, 0.22896387497894466, 0.2465143749723211, 0.25925254193134606, 0.2762110410258174, 0.29193745797965676]","[""converged"", ""converged"", ""converged"", ""converged"", ""converged"", ""converged"", ""converged"", ""converged"", ""converged"", ""converged"", ""converged"", ""converged"", ""converged"", ""converged"", ""converged"", ""converged"", ""converged"", ""converged""]",1.8194186365281049,0.5000000000000003,True,converged,0.1873864169465378,4,"[0, 1, 1, 0, 1, 0, 1, 0, 0, 0, 0, 0, 0, 0, 0, 0, 0, 0]","[1.879199407994747e-05, 0.0006786660524085164, 0.0007914579473435879, 0.00029891706071794033, 0.0013293749652802944, 0.0004547080025076866, 0.0015468329656869173, 0.0005592090310528874, 0.0005927499150857329, 0.0006985829677432775, 0.0007616669172421098, 0.001057750079780817, 0.0009575410513207316, 0.0010331249795854092, 0.0009997920133173466, 0.0009632910368964076, 0.0010729159694164991, 0.0009887500200420618]",1.8370041494231992,1.819421397843938,0.5001605678958991,0.051727845190248915,0.11249471106426659,True,92.0,92.0
18,48,200,False,rank_osqp_failed,12.049578874954022,26,"[0, 1, 0, 4, 3, 1, 2, 1, 2, 1, 1, 4, 1, 1, 1, 1, 1, 1]","[0.020410040975548327, 0.051634584087878466, 3.257218208978884, 1.7170074169989675, 0.4527447090949863, 0.10488895908929408, 0.5490260840160772, 0.13419899996370077, 0.6199239999987185, 0.16529845900367945, 0.1814825419569388, 3.214525791001506, 0.20964450004976243, 0.22680899989791214, 0.24104300001636147, 0.25960174994543195, 0.2743942920351401, 0.2875762920593843]","[""converged"", ""converged"", ""osqp_failed"", ""converged"", ""converged"", ""converged"", ""converged"", ""converged"", ""converged"", ""converged"", ""converged"", ""converged"", ""converged"", ""converged"", ""converged"", ""converged"", ""converged"", ""converged""]",1.963196760908246,0.03535912852730706,True,converged,0.18296558293513954,7,"[0, 0, 1, 1, 1, 0, 1, 1, 1, 0, 0, 1, 0, 0, 0, 0, 0, 0]","[1.3457960449159145e-05, 0.00012754194904118776, 0.0007618339732289314, 0.0008683329215273261, 0.0010984999826177955, 0.0003910829545930028, 0.0014769579283893108, 0.0016357500571757555, 0.0019127499544993043, 0.0007226250600069761, 0.0007766669150441885, 0.002419583033770323, 0.0009165420196950436, 0.0009219159837812185, 0.0009788749739527702, 0.0010130410082638264, 0.0010954580502584577, 0.001161166001111269]",2.0001307052243043,1.980463497937897,0.5001805596015205,,,,,
18,49,200,True,converged,5.269290791940875,24,"[0, 3, 1, 3, 1, 2, 2, 2, 1, 1, 1, 1, 1, 1, 1, 1, 1, 1]","[0.01859004097059369, 0.5195015000645071, 0.06237216596491635, 0.5153467500349507, 0.09098937502130866, 0.7924818339524791, 0.5899715420091525, 0.41795762500260025, 0.15062008297536522, 0.16486487502697855, 0.18002454098314047, 0.1922895829193294, 0.2101352910976857, 0.22873562504537404, 0.24333654204383492, 0.2590357910376042, 0.2758495829766616, 0.2922085829777643]","[""converged"", ""converged"", ""converged"", ""converged"", ""converged"", ""converged"", ""converged"", ""converged"", ""converged"", ""converged"", ""converged"", ""converged"", ""converged"", ""converged"", ""converged"", ""converged"", ""converged"", ""converged""]",1.580144011058764,0.49951864631678067,True,converged,0.18325920903589576,5,"[0, 1, 0, 1, 0, 1, 1, 1, 0, 0, 0, 0, 0, 0, 0, 0, 0, 0]","[1.2082979083061218e-05, 0.0005574999377131462, 0.00018687499687075615, 0.0008606669725850224, 0.00030337506905198097, 0.0012335419887676835, 0.001462999964132905, 0.0016695000231266022, 0.0006294159684330225, 0.0006977920420467854, 0.0007532910676673055, 0.0008060830878093839, 0.0008316660532727838, 0.0008132499642670155, 0.0009235000470653176, 0.0009710830636322498, 0.0010239160619676113, 0.0010208330349996686]",1.5952986502767512,1.5802085656806124,0.5000197313749442,0.0484693094885993,0.142978908902758,True,72.0,72.0
20,0,200,True,converged,10.15218641597312,34,"[0, 7, 1, 3, 1, 1, 4, 2, 2, 1, 3, 1, 1, 1, 1, 1, 1, 1, 1, 1]","[0.018604207900352776, 1.5838529580505565, 0.062265500077046454, 1.245005959062837, 0.09066908294335008, 0.10527658299542964, 0.9930554999737069, 0.6452505839988589, 0.45553170796483755, 0.16433358297217637, 2.391877833986655, 0.19448754203040153, 0.20680162508506328, 0.22937508299946785, 0.24564724997617304, 0.2577473339624703, 0.26985629205591977, 0.289327333914116, 0.3048004589509219, 0.3180836660321802]","[""converged"", ""converged"", ""converged"", ""converged"", ""converged"", ""converged"", ""converged"", ""converged"", ""converged"", ""converged"", ""converged"", ""converged"", ""converged"", ""converged"", ""converged"", ""converged"", ""converged"", ""converged"", ""converged"", ""converged""]",1.889883863823452,0.5000000000000194,True,converged,0.21378004096914083,6,"[0, 1, 0, 1, 0, 0, 1, 1, 1, 0, 1, 0, 0, 0, 0, 0, 0, 0, 0, 0]","[1.3959011994302273e-05, 0.0006676249904558063, 0.00017387501429766417, 0.0008493340574204922, 0.00030141696333885193, 0.0003451670054346323, 0.001350583042949438, 0.0015896250260993838, 0.0018182920757681131, 0.0006655420875176787, 0.00219075009226799, 0.0008165830513462424, 0.0008448329754173756, 0.0009330830071121454, 0.0009792499477043748, 0.0010277919936925173, 0.001050792052410543, 0.0010956249898299575, 0.00115070806350559, 0.0012087499490007758]",1.9081825102912078,1.8899306289674906,0.500080755598948,0.051422487077534045,0.11033324755275228,True,106.0,106.0
20,1,200,True,converged,4.094436082988977,24,"[0, 4, 2, 1, 2, 1, 1, 1, 1, 1, 1, 1, 1, 1, 1, 1, 1, 1, 1, 1]","[0.018583874916657805, 0.2230237090261653, 0.2123012909432873, 0.076473250053823, 0.3007839999627322, 0.10554216604214162, 0.12220154190436006, 0.13544079090934247, 0.15066237503197044, 0.16514066699892282, 0.17913629102986306, 0.19659491593483835, 0.21006874996237457, 0.23021820897702128, 0.24532879097387195, 0.25874554202891886, 0.2751859580166638, 0.28934845805633813, 0.30280629091430455, 0.31881633296143264]","[""converged"", ""converged"", ""converged"", ""converged"", ""converged"", ""converged"", ""converged"", ""converged"", ""converged"", ""converged"", ""converged"", ""converged"", ""converged"", ""converged"", ""converged"", ""converged"", ""converged"", ""converged"", ""converged"", ""converged""]",1.3719772399703372,0.5000000000000001,True,converged,0.21083662507589906,3,"[0, 1, 1, 0, 1, 0, 0, 0, 0, 0, 0, 0, 0, 0, 0, 0, 0, 0, 0, 0]","[1.3333046808838844e-05, 0.0005997499683871865, 0.0007483330555260181, 0.00026320805773139, 0.0010762088932096958, 0.00039312499575316906, 0.0004354999400675297, 0.0004864580696448684, 0.0012895000400021672, 0.0006191249703988433, 0.000633415998890996, 0.0006820410490036011, 0.0007424160139635205, 0.0007603329140692949, 0.0008062500273808837, 0.0009006250184029341, 0.0009336250368505716, 0.0009891670197248459, 0.0010121660307049751, 0.0010896249441429973]",1.385182997825046,1.3719713887051121,0.5004512115936954,0.048344114438562034,0.13057069166254445,True,106.0,106.0
20,2,200,False,rank_osqp_failed,7.5799835830694064,22,"[0, 3, 0, 3, 1, 1, 1, 1, 1, 1, 1, 1, 1, 1, 1, 1, 1, 1, 1, 1]","[0.018363374983891845, 0.34522508294321597, 3.1301974579691887, 0.7226163339801133, 0.0909422499826178, 0.10623341694008559, 0.12064587499480695, 0.13583037501666695, 0.1505091249709949, 0.16589741606730968, 0.17982716602273285, 0.19427766697481275, 0.2103899579960853, 0.22869145800359547, 0.24518408405128866, 0.25834116607438773, 0.27546375000383705, 0.29102104192133993, 0.30546087492257357, 0.3193358749849722]","[""converged"", ""converged"", ""osqp_failed"", ""converged"", ""converged"", ""converged"", ""converged"", ""converged"", ""converged"", ""converged"", ""converged"", ""converged"", ""converged"", ""converged"", ""converged"", ""converged"", ""converged"", ""converged"", ""converged"", ""converged""]",1.5530890819703487,0.06556467823017943,True,converged,0.2095598749583587,4,"[0, 1, 2, 1, 0, 0, 0, 0, 0, 0, 0, 0, 0, 0, 0, 0, 0, 0, 0, 0]","[1.333397813141346e-05, 0.0005889169406145811, 0.003100333036854863, 0.0010364999761804938, 0.00037762499414384365, 0.00043408398050814867, 0.00046604196541011333, 0.000593709060922265, 0.0006097079021856189, 0.0006242080125957727, 0.0006975410506129265, 0.0007553750183433294, 0.000804958981461823, 0.0008529999759048223, 0.0008666670182719827, 0.000943334074690938, 0.000991750042885542, 0.0010034169536083937, 0.0010687080211937428, 0.0011143339797854424]",1.5789871109325073,1.5629689022778297,0.5002375728457367,,,,,
20,3,200,True,converged,6.139367333962582,28,"[0, 3, 1, 3, 1, 3, 2, 2, 1, 2, 1, 1, 1, 1, 1, 1, 1, 1, 1, 1]","[0.018467375077307224, 0.2256476660259068, 0.06244029197841883, 0.44409775000531226, 0.09091933397576213, 0.6609839170705527, 0.5213860840303823, 0.7464753749081865, 0.14974595897365361, 0.6333790409844369, 0.18350625003222376, 0.19636524992529303, 0.21019400004297495, 0.2258907079230994, 0.24403874995186925, 0.26059849990997463, 0.27307345799636096, 0.28652154200244695, 0.30483875004574656, 0.3211851669475436]","[""converged"", ""converged"", ""converged"", ""converged"", ""converged"", ""converged"", ""converged"", ""converged"", ""converged"", ""converged"", ""converged"", ""converged"", ""converged"", ""converged"", ""converged"", ""converged"", ""converged"", ""converged"", ""converged"", ""converged""]",1.8053936117420377,0.4999999999999988,True,converged,0.21404137497302145,6,"[0, 1, 0, 1, 0, 1, 1, 1, 0, 1, 0, 0, 0, 0, 0, 0, 0, 0, 0, 0]","[1.3332930393517017e-05, 0.0005507499445229769, 0.00017504196148365736, 0.0008300410117954016, 0.00030433398205786943, 0.0011946669546887279, 0.0014130829367786646, 0.0017157909460365772, 0.0006556659936904907, 0.002044083084911108, 0.0007712920196354389, 0.0008069160394370556, 0.0008286670781672001, 0.0009013749659061432, 0.0009934159461408854, 0.001037374953739345, 0.0010595830390229821, 0.001075084088370204, 0.0011727079981938004, 0.0011738340836018324]",1.8228550192576152,1.8054928334163898,0.5000162912663549,0.055109668490366505,0.15420285762230843,True,97.0,97.0
20,4,200,True,converged,5.986761083942838,29,"[0, 1, 3, 1, 3, 4, 3, 1, 1, 1, 1, 2, 1, 1, 1, 1, 1, 1, 1, 1]","[0.018393749953247607, 0.04679329204373062, 0.4039254579693079, 0.0764702920569107, 0.6072207909310237, 0.7461074159946293, 0.682552249985747, 0.1347752909641713, 0.14928812510333955, 0.16370029107201844, 0.18052729102782905, 0.5739804999902844, 0.20718412497080863, 0.22842070809565485, 0.24585608299821615, 0.26048608298879117, 0.2700406659860164, 0.28936708299443126, 0.3035089169861749, 0.3171439169673249]","[""converged"", ""converged"", ""converged"", ""converged"", ""converged"", ""converged"", ""converged"", ""converged"", ""converged"", ""converged"", ""converged"", ""converged"", ""converged"", ""converged"", ""converged"", ""converged"", ""converged"", ""converged"", ""converged"", ""converged""]",1.4849856765979783,0.4999946970856005,True,converged,0.21525604196358472,6,"[0, 0, 1, 0, 1, 1, 2, 0, 0, 0, 0, 1, 0, 0, 0, 0, 0, 0, 0, 0]","[1.3292068615555763e-05, 0.0001386249205097556, 0.0006780410185456276, 0.00020420795772224665, 0.0010001660557463765, 0.0011492919875308871, 0.0030939170392230153, 0.0005762910004705191, 0.0006347079761326313, 0.0006659999489784241, 0.0007410830585286021, 0.002282625064253807, 0.0008512500207871199, 0.0009001250145956874, 0.0009631669381633401, 0.001010208041407168, 0.001046083983965218, 0.001114833983592689, 0.0011316660093143582, 0.0011689160019159317]",1.4993037735895702,1.4850173490281366,0.5000001830739508,0.051143712448664475,0.16333076024719034,True,85.0,85.0
20,5,200,True,converged,11.253848583088256,29,"[0, 1, 4, 3, 3, 1, 2, 2, 1, 1, 1, 1, 1, 1, 1, 1, 1, 1, 1, 2]","[0.01861570798791945, 0.046771832974627614, 0.6112462080782279, 3.83244070794899, 1.7152257079724222, 0.11085275001823902, 0.500586208072491, 0.5141790839843452, 0.15622487501241267, 0.17143975000362843, 0.18902533303480595, 0.2031612501014024, 0.21179791702888906, 0.2284997079987079, 0.24264520802535117, 0.2598781669512391, 0.2734565830323845, 0.28749895899090916, 0.3037710420321673, 1.2977409589802846]","[""converged"", ""converged"", ""converged"", ""converged"", ""converged"", ""converged"", ""converged"", ""converged"", ""converged"", ""converged"", ""converged"", ""converged"", ""converged"", ""converged"", ""converged"", ""converged"", ""converged"", ""converged"", ""converged"", ""converged""]",2.2507323247619984,0.4999999999999988,True,converged,0.2119586250046268,6,"[0, 0, 1, 1, 1, 0, 1, 1, 0, 0, 0, 0, 0, 0, 0, 0, 0, 0, 0, 1]","[1.2333039194345474e-05, 0.00012770795729011297, 0.0007345420308411121, 0.0008936660597100854, 0.001130416989326477, 0.0003992910496890545, 0.001523583079688251, 0.0017069580499082804, 0.0006154589354991913, 0.0006925830384716392, 0.0007209160830825567, 0.0007600840181112289, 0.0008329580305144191, 0.0008911250624805689, 0.0009220839710906148, 0.0009623749647289515, 0.0010281660361215472, 0.001109750010073185, 0.0011114170774817467, 0.003420416032895446]",2.273149311708908,2.2508578648802104,0.5004256921741399,0.05970067657771337,0.1479199121962796,True,129.0,129.0
20,6,200,True,converged,4.7727685840800405,23,"[0, 2, 1, 2, 1, 2, 1, 2, 1, 1, 1, 1, 1, 1, 1, 1, 1, 1, 1, 1]","[0.018484250060282648, 0.1449816250242293, 0.06216749991290271, 0.5240670839557424, 0.0910847500199452, 0.4153050419408828, 0.12164066603872925, 0.498782042064704, 0.14837508299387991, 0.16483258293010294, 0.17969391692895442, 0.19778804201632738, 0.20994829095434397, 0.2269197499845177, 0.2442504579667002, 0.260244291042909, 0.27405820798594505, 0.2868679170496762, 0.3043499590130523, 0.3195687080733478]","[""converged"", ""converged"", ""converged"", ""converged"", ""converged"", ""converged"", ""converged"", ""converged"", ""converged"", ""converged"", ""converged"", ""converged"", ""converged"", ""converged"", ""converged"", ""converged"", ""converged"", ""converged"", ""converged"", ""converged""]",2.060212071987,0.4996108759693268,True,converged,0.20901654101908207,4,"[0, 1, 0, 1, 0, 1, 0, 1, 0, 0, 0, 0, 0, 0, 0, 0, 0, 0, 0, 0]","[1.2416974641382694e-05, 0.0005350830033421516, 0.00017262506298720837, 0.0008470839820802212, 0.00029737502336502075, 0.0012265839613974094, 0.00043891603127121925, 0.001545458915643394, 0.0006025000475347042, 0.0006160830380395055, 0.0006583749782294035, 0.0007263330044224858, 0.000759333954192698, 0.0008372499141842127, 0.0008774580201134086, 0.0009282079990953207, 0.0009771250188350677, 0.001050333958119154, 0.001082250033505261, 0.0010824579512700438]",2.079906708420719,2.0601898300685098,0.5000162030279701,0.0567692169794734,0.13593872845350774,True,88.0,88.0
20,7,200,True,converged,5.676259582978673,29,"[0, 4, 1, 3, 1, 4, 1, 2, 1, 2, 1, 1, 1, 1, 1, 1, 1, 1, 1, 1]","[0.018395790946669877, 0.4052640839945525, 0.06232287501916289, 0.45748029206879437, 0.09118399990256876, 0.7348194579826668, 0.11984133289661258, 0.45173841691575944, 0.15079358301591128, 0.5984268340980634, 0.1822669159155339, 0.19761666702106595, 0.21175879100337625, 0.22841279197018594, 0.24497841706033796, 0.2588660840410739, 0.2740244589513168, 0.2866780830081552, 0.30388587503694, 0.3190734589006752]","[""converged"", ""converged"", ""converged"", ""converged"", ""converged"", ""converged"", ""converged"", ""converged"", ""converged"", ""converged"", ""converged"", ""converged"", ""converged"", ""converged"", ""converged"", ""converged"", ""converged"", ""converged"", ""converged"", ""converged""]",1.9464406237495095,0.4999999999999963,True,converged,0.20907141698990017,5,"[0, 1, 0, 1, 0, 1, 0, 1, 0, 1, 0, 0, 0, 0, 0, 0, 0, 0, 0, 0]","[1.0500079952180386e-05, 0.0005147909978404641, 0.00016912503633648157, 0.0009026660118252039, 0.00031941698398441076, 0.0012029580539092422, 0.00046429201029241085, 0.0016292909858748317, 0.0005901670083403587, 0.0019310410134494305, 0.0007327089551836252, 0.000781834009103477, 0.0008383749518543482, 0.0008527500322088599, 0.0009200409986078739, 0.0009687499841675162, 0.0010126669658347964, 0.001017458038404584, 0.0010855409782379866, 0.001128625008277595]",1.965080441892714,1.9465276977484418,0.5001869733704399,0.05478804053849039,0.13872211266184672,True,101.0,101.0
20,8,200,True,converged,10.867800417006947,31,"[0, 5, 1, 4, 3, 1, 2, 2, 1, 1, 1, 1, 2, 1, 1, 1, 1, 1, 1, 1]","[0.018326207995414734, 4.2252554999431595, 0.062062916927970946, 1.4454941659932956, 0.5087500419467688, 0.10584866593126208, 0.5372469170251861, 0.4814168340526521, 0.15043233300093561, 0.16491166700143367, 0.17868195904884487, 0.19279991602525115, 0.8013497500214726, 0.22435124998446554, 0.24502562498673797, 0.2598987090168521, 0.2735355419572443, 0.2870671250857413, 0.30577941704541445, 0.3188728749519214]","[""converged"", ""converged"", ""converged"", ""converged"", ""converged"", ""converged"", ""converged"", ""converged"", ""converged"", ""converged"", ""converged"", ""converged"", ""converged"", ""converged"", ""converged"", ""converged"", ""converged"", ""converged"", ""converged"", ""converged""]",2.4651473276359845,0.49999999999999956,True,converged,0.212647125008516,6,"[0, 1, 0, 1, 1, 0, 1, 1, 0, 0, 0, 0, 1, 0, 0, 0, 0, 0, 0, 0]","[1.0958057828247547e-05, 0.0006634590681642294, 0.00017508305609226227, 0.0008471669862046838, 0.0011055420618504286, 0.0003980419132858515, 0.001451374962925911, 0.0016509159468114376, 0.0006375419907271862, 0.0006722919642925262, 0.0007100829388946295, 0.0007814159616827965, 0.002484833006747067, 0.0009172909194603562, 0.0009998329915106297, 0.0010204169666394591, 0.0010839999886229634, 0.0011182909365743399, 0.0011895829811692238, 0.001202082959935069]",2.489383439600297,2.465192984125101,0.5000734172785144,0.06433104285051386,0.1854266203954561,True,115.0,115.0
20,9,200,False,rank_osqp_failed,72.6186051670229,41,"[0, 2, 0, 1, 5, 3, 2, 5, 4, 2, 3, 1, 7, 0, 1, 1, 1, 1, 1, 1]","[0.018385999952442944, 0.11458633304573596, 3.0707356659695506, 0.07673070800956339, 11.159127583028749, 2.1455665410030633, 0.4980658330023289, 4.701503333984874, 14.525127374916337, 0.8574827919946983, 16.49451874999795, 0.19385995797347277, 8.074099333025515, 8.92009087500628, 0.2441103330347687, 0.25880066701211035, 0.27448825002647936, 0.2860043329419568, 0.30649900005664676, 0.32062945794314146]","[""converged"", ""converged"", ""osqp_failed"", ""converged"", ""converged"", ""converged"", ""converged"", ""converged"", ""converged"", ""converged"", ""converged"", ""converged"", ""converged"", ""osqp_failed"", ""converged"", ""converged"", ""converged"", ""converged"", ""converged"", ""converged""]",2.175386112459432,0.18541233313111868,True,converged,0.2442399999126792,14,"[0, 1, 2, 0, 2, 1, 1, 1, 2, 1, 1, 0, 1, 1, 0, 0, 0, 0, 0, 0]","[1.6583013348281384e-05, 0.000571583048440516, 0.003376459004357457, 0.0003048330545425415, 0.0031594999600201845, 0.0014981250278651714, 0.0017605000175535679, 0.002021708060055971, 0.004502791911363602, 0.0025250830221921206, 0.0027361249085515738, 0.001093166065402329, 0.0030828750459477305, 0.0032903339015319943, 0.0013139169896021485, 0.0013203340349718928, 0.0014198749559000134, 0.001438374980352819, 0.0015118749579414725, 0.0014927500160411]",2.1491983996571102,2.128781309049669,0.5000060640837323,,,,,
20,10,200,True,converged,7.576214125030674,33,"[0, 3, 1, 7, 5, 2, 1, 2, 1, 1, 1, 1, 1, 1, 1, 1, 1, 1, 1, 1]","[0.01847595802973956, 0.37566612497903407, 0.0619701249524951, 2.247417874983512, 0.8185103749856353, 0.313105458044447, 0.12025375000666827, 0.7131653750548139, 0.14915620803367347, 0.16348625009413809, 0.17958545906003565, 0.1958037919830531, 0.21042775001842529, 0.2286414580885321, 0.2457770409528166, 0.26163504098076373, 0.2759960409021005, 0.2879500830313191, 0.3043634589994326, 0.3196740000275895]","[""converged"", ""converged"", ""converged"", ""converged"", ""converged"", ""converged"", ""converged"", ""converged"", ""converged"", ""converged"", ""converged"", ""converged"", ""converged"", ""converged"", ""converged"", ""converged"", ""converged"", ""converged"", ""converged"", ""converged""]",2.024428705535807,0.4999999999999983,True,converged,0.21678695897571743,6,"[0, 1, 0, 1, 1, 1, 0, 1, 0, 0, 0, 0, 0, 0, 0, 1, 0, 0, 0, 0]","[1.0875053703784943e-05, 0.0005869159940630198, 0.00017799995839595795, 0.0009143330389633775, 0.0010826250072568655, 0.001384834060445428, 0.0005117499968037009, 0.0016928330296650529, 0.0006488339276984334, 0.0006929159862920642, 0.0007422500057145953, 0.0007762500317767262, 0.0008379159262403846, 0.0008966659661382437, 0.0009347919840365648, 0.002845166949555278, 0.0010202500270679593, 0.001095667015761137, 0.0011605829931795597, 0.0012040419969707727]",2.0436196461891076,2.024510835667527,0.5000343996534478,0.05696250161263976,0.1472928493596955,True,83.0,83.0
20,11,200,False,rank_osqp_failed,13.33904650004115,27,"[0, 3, 0, 4, 2, 1, 2, 1, 1, 1, 1, 1, 1, 1, 1, 1, 2, 1, 1, 2]","[0.01912883296608925, 0.1554878749884665, 3.1232061670161784, 0.45196920807939023, 0.3492602499900386, 0.10565129097085446, 0.47362304106354713, 0.1343755410052836, 0.14927291602361947, 0.16412500001024455, 0.1796008750097826, 0.19557600002735853, 0.2089788329321891, 0.23235783400014043, 0.24725270795170218, 0.2606089588953182, 4.002448209095746, 0.2900160829303786, 0.30414670798927546, 2.209269875078462]","[""converged"", ""converged"", ""osqp_failed"", ""converged"", ""converged"", ""converged"", ""converged"", ""converged"", ""converged"", ""converged"", ""converged"", ""converged"", ""converged"", ""converged"", ""converged"", ""converged"", ""converged"", ""converged"", ""converged"", ""converged""]",1.7870509291085075,0.008079533996214819,True,converged,0.21593449998181313,7,"[0, 1, 1, 1, 1, 0, 1, 0, 0, 0, 0, 0, 0, 0, 0, 0, 1, 0, 0, 1]","[1.3208948075771332e-05, 0.0005735000595450401, 0.0007582079851999879, 0.0009694580221548676, 0.00113950006198138, 0.0004406670341268182, 0.0014710830291733146, 0.0005841250531375408, 0.0006218330236151814, 0.0006842908915132284, 0.000739875016734004, 0.0007932080188766122, 0.0008004580158740282, 0.0008759580086916685, 0.0008791659492999315, 0.0009558330057188869, 0.0030551659874618053, 0.0011628749780356884, 0.001132208970375359, 0.0035048749996349216]",1.8076724564546744,1.7904044708284386,0.5002227909213349,,,,,
20,12,200,True,converged,10.192686917027459,34,"[0, 4, 5, 1, 3, 3, 4, 1, 1, 1, 2, 1, 1, 1, 1, 1, 1, 1, 1, 1]","[0.018619208014570177, 0.21675470797345042, 2.6676477920264006, 0.07632362493313849, 0.5299141251016408, 2.219464375055395, 1.153822583029978, 0.1343058330239728, 0.14955529104918242, 0.16273224994074553, 0.46153299999423325, 0.19417654105927795, 0.20946883293800056, 0.22543479199521244, 0.2453345840331167, 0.25928683299571276, 0.2735237079905346, 0.2863368750549853, 0.30480312497820705, 0.31872774998191744]","[""converged"", ""converged"", ""converged"", ""converged"", ""converged"", ""converged"", ""converged"", ""converged"", ""converged"", ""converged"", ""converged"", ""converged"", ""converged"", ""converged"", ""converged"", ""converged"", ""converged"", ""converged"", ""converged"", ""converged""]",2.251747937042406,0.49999999999999717,True,converged,0.21805316605605185,7,"[0, 1, 2, 0, 1, 1, 1, 0, 0, 0, 1, 0, 0, 0, 0, 0, 0, 0, 0, 0]","[1.3499986380338669e-05, 0.0005850420566275716, 0.002047582995146513, 0.00029925000853836536, 0.0011862079845741391, 0.0014480409445241094, 0.0016408329829573631, 0.0006381249986588955, 0.0006649169372394681, 0.0007440829649567604, 0.0022970830323174596, 0.0008770410204306245, 0.0009323329431936145, 0.0009729999583214521, 0.0009949590312317014, 0.0010578749934211373, 0.0010720830177888274, 0.0011958340182900429, 0.001201834063977003, 0.0012808749452233315]",2.2746413244555836,2.252507031648763,0.5011731710930362,0.0641143882105972,0.2027177207193995,True,105.0,105.0
20,13,200,True,converged,8.69901804102119,35,"[0, 1, 5, 5, 1, 3, 3, 2, 2, 3, 1, 1, 1, 1, 1, 1, 1, 1, 1, 1]","[0.01856587501242757, 0.04652950004674494, 0.8086023330688477, 0.7061501250136644, 0.09069158299826086, 0.646819708053954, 1.199622125015594, 0.5119586250511929, 0.5490937079302967, 1.5394088750472292, 0.18030904198531061, 0.19542237499263138, 0.21024041599594057, 0.22594666597433388, 0.24243737501092255, 0.2585222090128809, 0.2738890419714153, 0.28890179097652435, 0.3056320409523323, 0.31992379191797227]","[""converged"", ""converged"", ""converged"", ""converged"", ""converged"", ""converged"", ""converged"", ""converged"", ""converged"", ""converged"", ""converged"", ""converged"", ""converged"", ""converged"", ""converged"", ""converged"", ""converged"", ""converged"", ""converged"", ""converged""]",1.6013223868304294,0.49953009783258645,True,converged,0.2137473749462515,7,"[0, 0, 1, 1, 0, 1, 1, 1, 1, 1, 0, 0, 0, 0, 0, 0, 0, 0, 0, 0]","[1.2959004379808903e-05, 0.00011983304284512997, 0.0006997910095378757, 0.0008071250049397349, 0.00029508303850889206, 0.0012442910810932517, 0.0014582079602405429, 0.0016682080458849669, 0.0019453330896794796, 0.002135624992661178, 0.0008189579239115119, 0.0008380420040339231, 0.0008854999905452132, 0.0009523340268060565, 0.0009859169367700815, 0.0010849999962374568, 0.0010966249974444509, 0.001126458984799683, 0.001188750029541552, 0.0012273750035092235]",1.6167439082149715,1.6013916993316752,0.5000007982084158,0.05988233559778666,0.24066893259114955,True,81.0,81.0
20,14,200,True,converged,8.89411662495695,32,"[0, 1, 3, 3, 1, 2, 3, 2, 3, 2, 2, 1, 1, 1, 1, 1, 1, 2, 1, 1]","[0.01854104094672948, 0.04659562499728054, 1.0679800420766696, 0.435931709012948, 0.09148791700135916, 0.9342591660097241, 0.7029656249796972, 0.4965325000230223, 0.8388852919451892, 0.5353141250088811, 0.793992624967359, 0.1953176250681281, 0.210321250022389, 0.22706487495452166, 0.2414470419753343, 0.2606532499194145, 0.2760084170149639, 0.8184658329701051, 0.30425816599745303, 0.3167158330325037]","[""converged"", ""converged"", ""converged"", ""converged"", ""converged"", ""converged"", ""converged"", ""converged"", ""converged"", ""converged"", ""converged"", ""converged"", ""converged"", ""converged"", ""converged"", ""converged"", ""converged"", ""converged"", ""converged"", ""converged""]",1.4058857252354013,0.4999999999999995,True,converged,0.2182596669299528,9,"[0, 0, 1, 1, 0, 1, 1, 1, 1, 1, 1, 0, 0, 0, 0, 0, 0, 1, 0, 0]","[1.1666910722851753e-05, 0.00012674997560679913, 0.0006617089966312051, 0.0008378749480471015, 0.0003102499758824706, 0.0012561249313876033, 0.0014463330153375864, 0.001663832925260067, 0.001927125034853816, 0.002135624992661178, 0.002378124976530671, 0.0008872910402715206, 0.0009305418934673071, 0.0009798749815672636, 0.001025125035084784, 0.0011087500024586916, 0.0011108339531347156, 0.0033580419840291142, 0.001287874998524785, 0.0013383750338107347]",1.419330539799527,1.4059171073036332,0.5000230624275165,0.045039839188709394,0.12304904852211554,True,97.0,97.0
20,15,200,False,rank_osqp_failed,10.209667750052176,27,"[0, 3, 1, 3, 0, 2, 1, 2, 3, 2, 1, 1, 1, 1, 1, 1, 1, 1, 1, 1]","[0.018721416010521352, 0.17567799997050315, 0.06202304200269282, 0.5430752920219675, 4.214438499999233, 0.35016787506174296, 0.11985637503676116, 0.4960288340225816, 1.1110935839824378, 0.5180153750116006, 0.18060229090042412, 0.1974370829993859, 0.21035149996168911, 0.22881887503899634, 0.24155974993482232, 0.2573897499823943, 0.27740112505853176, 0.29097716603428125, 0.3060196250444278, 0.3223512920085341]","[""converged"", ""converged"", ""converged"", ""converged"", ""osqp_failed"", ""converged"", ""converged"", ""converged"", ""converged"", ""converged"", ""converged"", ""converged"", ""converged"", ""converged"", ""converged"", ""converged"", ""converged"", ""converged"", ""converged"", ""converged""]",1.7977745673749812,0.222457051661966,True,converged,0.2203797500114888,9,"[0, 1, 0, 1, 2, 1, 0, 1, 2, 1, 0, 0, 0, 0, 0, 0, 0, 0, 0, 0]","[1.320790033787489e-05, 0.0005561669822782278, 0.00017291703261435032, 0.0008805419784039259, 0.002949749934487045, 0.0014175840187817812, 0.0005332910222932696, 0.0017550840275362134, 0.004139291006140411, 0.0023320839973166585, 0.0009018329437822104, 0.0009428330231457949, 0.0009825830347836018, 0.0010140830418094993, 0.0010948330163955688, 0.001166959060356021, 0.0012107499642297626, 0.0012122920015826821, 0.0012848330661654472, 0.0013429999817162752]",1.8179647771077796,1.800678284776531,0.5005116074446563,,,,,
20,16,200,True,converged,11.685917625087313,34,"[0, 1, 1, 3, 3, 3, 2, 3, 5, 2, 1, 2, 1, 1, 1, 1, 1, 1, 1, 1]","[0.018588499980978668, 0.0466470840619877, 0.06206137500703335, 0.33526524994522333, 3.202767499955371, 0.618593042017892, 0.5102877919562161, 0.9509429580066353, 1.570473250001669, 1.0262596249813214, 0.18051383399870247, 0.9600142909912392, 0.2090263330610469, 0.22421450004912913, 0.2405494999838993, 0.2591619169106707, 0.2753632499370724, 0.2908704999135807, 0.30365270795300603, 0.32139924995135516]","[""converged"", ""converged"", ""converged"", ""converged"", ""converged"", ""converged"", ""converged"", ""converged"", ""converged"", ""converged"", ""converged"", ""converged"", ""converged"", ""converged"", ""converged"", ""converged"", ""converged"", ""converged"", ""converged"", ""converged""]",1.9742468640816746,0.5000000000000019,True,converged,0.21251404203940183,8,"[0, 0, 0, 1, 1, 1, 1, 1, 1, 1, 0, 1, 0, 0, 0, 0, 0, 0, 0, 0]","[1.3583921827375889e-05, 0.0001331249950453639, 0.00013891689013689756, 0.0008568339981138706, 0.0010067090624943376, 0.001228500041179359, 0.0014736249577254057, 0.0016908339457586408, 0.0019367920467630029, 0.002166624995879829, 0.0008137091062963009, 0.00247933401260525, 0.0009677079506218433, 0.001002207980491221, 0.0010469580302014947, 0.0010932500008493662, 0.0011360000353306532, 0.0011942079290747643, 0.001260083052329719, 0.0013163750991225243]",1.993177625174361,1.97435867394448,0.5000023541447691,0.05871166701969814,0.19247364357453461,True,104.0,104.0
20,17,200,True,converged,4.2578937920043245,23,"[0, 2, 1, 2, 2, 1, 2, 1, 1, 1, 1, 1, 1, 1, 1, 1, 1, 1, 1, 1]","[0.01824075006879866, 0.09480287495534867, 0.06197112496010959, 0.23038558289408684, 0.32022858294658363, 0.14837870805058628, 0.329051083070226, 0.13784945802763104, 0.15428779099602252, 0.16548641596455127, 0.18452941707801074, 0.19501974992454052, 0.21072520804591477, 0.22887241700664163, 0.2479246249422431, 0.26011512510012835, 0.2748515419661999, 0.2905560830840841, 0.3059708330547437, 0.3186896659899503]","[""converged"", ""converged"", ""converged"", ""converged"", ""converged"", ""converged"", ""converged"", ""converged"", ""converged"", ""converged"", ""converged"", ""converged"", ""converged"", ""converged"", ""converged"", ""converged"", ""converged"", ""converged"", ""converged"", ""converged""]",1.7329333434775276,0.49999999999999384,True,converged,0.20677091600373387,5,"[0, 1, 0, 1, 1, 1, 1, 0, 0, 0, 0, 0, 0, 0, 0, 0, 0, 0, 0, 0]","[1.154094934463501e-05, 0.000561750028282404, 0.00016666692681610584, 0.0008539169793948531, 0.0010575840715318918, 0.0012637909967452288, 0.001519041950814426, 0.0005934170912951231, 0.0006462500896304846, 0.0006662500090897083, 0.000746708014048636, 0.0007527089910581708, 0.0008123749867081642, 0.000893290969543159, 0.0008948330068960786, 0.0009732920443639159, 0.0009776249062269926, 0.0010731670772656798, 0.0011079999385401607, 0.0011864579282701015]",1.7495504125731391,1.7329325436415768,0.5001970479622297,0.05191430308792799,0.12874045860930855,True,110.0,110.0
20,18,200,True,converged,6.11132024996914,27,"[0, 1, 3, 3, 3, 2, 1, 1, 1, 2, 1, 1, 1, 1, 1, 1, 1, 1, 1, 1]","[0.018580291070975363, 0.046593334060162306, 0.3151320000179112, 0.641457625082694, 0.921672249911353, 0.6223247500602156, 0.11993645899929106, 0.13505087501835078, 0.15070979192387313, 0.5510620840359479, 0.18697733408771455, 0.19502954091876745, 0.20947133307345212, 0.22739562497008592, 0.24069887504447252, 0.25845608301460743, 0.2759394160239026, 0.28912758303340524, 0.30553062504623085, 0.3211098329629749]","[""converged"", ""converged"", ""converged"", ""converged"", ""converged"", ""converged"", ""converged"", ""converged"", ""converged"", ""converged"", ""converged"", ""converged"", ""converged"", ""converged"", ""converged"", ""converged"", ""converged"", ""converged"", ""converged"", ""converged""]",2.16513001206327,0.4999999999999948,True,converged,0.21652495907619596,5,"[0, 0, 1, 1, 1, 1, 0, 0, 0, 1, 0, 0, 0, 0, 0, 0, 0, 0, 0, 0]","[1.108401920646429e-05, 0.00012324994895607233, 0.0006642920197919011, 0.0008784999372437596, 0.0010899580083787441, 0.0014024580596014857, 0.0005054580979049206, 0.0005494580836966634, 0.0005870419554412365, 0.001997457933612168, 0.0007432500133290887, 0.000802040915004909, 0.0008466249564662576, 0.0008896670769900084, 0.000945042003877461, 0.0009503749897703528, 0.0010394579730927944, 0.0010688750771805644, 0.0010914999293163419, 0.0011855419725179672]",2.186008483896453,2.16524978155654,0.5005410964525558,0.05674935357047401,0.13299609210499352,True,104.0,104.0
20,19,200,True,converged,6.053736499976367,31,"[0, 3, 5, 7, 1, 1, 1, 1, 1, 1, 1, 1, 1, 1, 1, 1, 1, 1, 1, 1]","[0.018504624953493476, 0.3555705420440063, 1.4134075420442969, 0.9090248750289902, 0.09054033400025219, 0.10563379200175405, 0.1198923330521211, 0.1351114580174908, 0.14955750002991408, 0.16710058297030628, 0.181556791998446, 0.19491500000003725, 0.2065095000434667, 0.22817420796491206, 0.24481683399062604, 0.2577092080609873, 0.27049820800311863, 0.2901741659734398, 0.3057910419302061, 0.3198828750755638]","[""converged"", ""converged"", ""converged"", ""converged"", ""converged"", ""converged"", ""converged"", ""converged"", ""converged"", ""converged"", ""converged"", ""converged"", ""converged"", ""converged"", ""converged"", ""converged"", ""converged"", ""converged"", ""converged"", ""converged""]",1.9946461420771389,0.5000001573055052,True,converged,0.20419741596560925,3,"[0, 1, 1, 1, 0, 0, 0, 0, 0, 0, 0, 0, 0, 0, 0, 0, 0, 0, 0, 0]","[1.2750038877129555e-05, 0.0005652080290019512, 0.000708041014149785, 0.0009050000226125121, 0.00034549995325505733, 0.0004016669699922204, 0.000450958963483572, 0.0004777919966727495, 0.0005793329328298569, 0.0005854159826412797, 0.0006229589926078916, 0.0006702080136165023, 0.0007052920991554856, 0.0007558339275419712, 0.0008331669960170984, 0.0008374169701710343, 0.0009450839133933187, 0.0009557079756632447, 0.0009952919790521264, 0.0010649999603629112]",2.0137345480072835,1.994674225788128,0.5001024994408148,0.06499208441278093,0.2666910786174718,True,97.0,97.0
20,20,200,True,converged,4.713154874974862,25,"[0, 3, 1, 3, 2, 1, 2, 1, 1, 1, 1, 1, 1, 1, 1, 1, 1, 1, 1, 1]","[0.018598833004944026, 0.1636511670658365, 0.06229529203847051, 0.5109858330106363, 0.3352236249484122, 0.1062915000366047, 0.47233666596002877, 0.13535129104275256, 0.15142479096539319, 0.16479679197072983, 0.18183104204945266, 0.19648158398922533, 0.20891087502241135, 0.2296385420486331, 0.2464373749680817, 0.25945574999786913, 0.27120633295271546, 0.290230332990177, 0.30603824998252094, 0.3197438330389559]","[""converged"", ""converged"", ""converged"", ""converged"", ""converged"", ""converged"", ""converged"", ""converged"", ""converged"", ""converged"", ""converged"", ""converged"", ""converged"", ""converged"", ""converged"", ""converged"", ""converged"", ""converged"", ""converged"", ""converged""]",1.8537244987699593,0.5000000007948946,True,converged,0.21251499990466982,4,"[0, 1, 0, 1, 1, 0, 1, 0, 0, 0, 0, 0, 0, 0, 0, 0, 0, 0, 0, 0]","[1.0833959095180035e-05, 0.0005722499918192625, 0.00017637491691857576, 0.0008746249368414283, 0.0010797090362757444, 0.0003897920250892639, 0.0014162500156089664, 0.0005353749729692936, 0.0005718340398743749, 0.0006081670289859176, 0.0006702910177409649, 0.0007130838930606842, 0.0007776659913361073, 0.0008234999841079116, 0.0008579579880461097, 0.0009477919666096568, 0.0009596670279279351, 0.001020750030875206, 0.0010710000060498714, 0.0011326660169288516]",1.8714734139641533,1.8537667062059617,0.5003039751652748,0.055373800006837795,0.14649616166219562,True,96.0,96.0
20,21,200,True,converged,43.657395332935266,51,"[0, 5, 1, 1, 2, 2, 2, 6, 4, 4, 4, 5, 3, 2, 2, 2, 3, 1, 1, 1]","[0.01862645905930549, 0.3890638330485672, 0.062318500014953315, 0.07640791696030647, 0.5409761660266668, 0.3370915420819074, 0.5305786670651287, 1.957568208919838, 4.247837082948536, 3.2814195420360193, 5.243964707944542, 3.3701780000701547, 1.8218241250142455, 1.0785732499789447, 2.5144655409967527, 1.5526671250117943, 15.631308041047305, 0.29046637495048344, 0.3073584589874372, 0.3227583330590278]","[""converged"", ""converged"", ""converged"", ""converged"", ""converged"", ""converged"", ""converged"", ""converged"", ""converged"", ""converged"", ""converged"", ""converged"", ""converged"", ""converged"", ""converged"", ""converged"", ""converged"", ""converged"", ""converged"", ""converged""]",2.6003877789898886,0.4995919861204319,True,converged,0.22750012506730855,14,"[0, 1, 0, 0, 1, 1, 1, 1, 1, 1, 1, 1, 1, 1, 1, 1, 1, 0, 0, 0]","[1.0791001841425896e-05, 0.0005724999355152249, 0.00017187499906867743, 0.00021941610611975193, 0.0010242090793326497, 0.0012171670095995069, 0.0014107079477980733, 0.001696125022135675, 0.0019068749388679862, 0.002192292013205588, 0.0023889170261099935, 0.0025847499491646886, 0.0027644590009003878, 0.0030430000042542815, 0.0033012089552357793, 0.003499833052046597, 0.0037871251115575433, 0.0014627500204369426, 0.0015294170007109642, 0.0015460409922525287]",2.6261913934450902,2.601053916227842,0.5000003483755285,0.061023863175309605,0.1470556868397251,True,125.0,125.0
20,22,200,False,rank_osqp_failed,19.44210229103919,30,"[0, 3, 1, 4, 1, 3, 2, 3, 0, 1, 2, 1, 2, 1, 1, 1, 1, 1, 1, 1]","[0.018632209044881165, 0.15580462501384318, 0.06228729197755456, 1.3551698330556974, 0.0913784169824794, 4.741034000064246, 1.5510368749964982, 1.3460786249488592, 6.251730833086185, 0.16421445808373392, 0.815082999994047, 0.19257804204244167, 0.6960307500557974, 0.22533158294390887, 0.24433029198553413, 0.2606232500402257, 0.2753093329956755, 0.28651054203510284, 0.30592370801605284, 0.3203238749410957]","[""converged"", ""converged"", ""converged"", ""converged"", ""converged"", ""converged"", ""converged"", ""converged"", ""osqp_failed"", ""converged"", ""converged"", ""converged"", ""converged"", ""converged"", ""converged"", ""converged"", ""converged"", ""converged"", ""converged"", ""converged""]",1.4697823229839408,0.007759268029271964,True,converged,0.21704295801464468,9,"[0, 1, 0, 1, 0, 1, 1, 1, 2, 0, 1, 0, 1, 0, 0, 0, 0, 0, 0, 0]","[1.2874952517449856e-05, 0.0005697080632671714, 0.00017729192040860653, 0.0009102079784497619, 0.00030408299062401056, 0.0011672080727294087, 0.0014860000228509307, 0.001678750035353005, 0.003857791074551642, 0.0007806660141795874, 0.002373207942582667, 0.0008970419876277447, 0.0026782499626278877, 0.001047499943524599, 0.0010591670870780945, 0.0011050839675590396, 0.00118245801422745, 0.0012060420121997595, 0.0012546660145744681, 0.0013769170036539435]",1.485846190183152,1.471838851272074,0.5000375800063683,,,,,
20,23,200,True,converged,3.759420874994248,21,"[0, 2, 1, 2, 1, 1, 1, 1, 1, 1, 1, 1, 1, 1, 1, 1, 1, 1, 1, 1]","[0.018425167072564363, 0.1212525829905644, 0.062084666918963194, 0.198710749973543, 0.09107624995522201, 0.10517658304888755, 0.11996775004081428, 0.13462095893919468, 0.15269341703969985, 0.1660644169896841, 0.18076791695784777, 0.19558916694950312, 0.21008258406072855, 0.2260969589697197, 0.2458474589511752, 0.2619362500263378, 0.2785178750054911, 0.28520295897033066, 0.30621341709047556, 0.31993904197588563]","[""converged"", ""converged"", ""converged"", ""converged"", ""converged"", ""converged"", ""converged"", ""converged"", ""converged"", ""converged"", ""converged"", ""converged"", ""converged"", ""converged"", ""converged"", ""converged"", ""converged"", ""converged"", ""converged"", ""converged""]",1.2783995229971266,0.4999999999999994,True,converged,0.20872620795853436,2,"[0, 1, 0, 1, 0, 0, 0, 0, 0, 0, 0, 0, 0, 0, 0, 0, 0, 0, 0, 0]","[1.095794141292572e-05, 0.0005654169945046306, 0.00015899993013590574, 0.0008477920200675726, 0.00030579196754842997, 0.0003517080331221223, 0.00039950001519173384, 0.00042162497993558645, 0.000500250025652349, 0.0005453750491142273, 0.0005564159946516156, 0.0006619999185204506, 0.0006770839681848884, 0.0007339579751715064, 0.0007933750748634338, 0.0008328749099746346, 0.0008638340514153242, 0.0009055419359356165, 0.0009522499749436975, 0.001036957954056561]",1.2905663792406623,1.2783730102178281,0.5008483893792413,0.044566192528802055,0.12924719730571466,True,60.0,60.0
20,24,200,True,converged,4.986883374978788,26,"[0, 6, 1, 2, 1, 2, 1, 1, 1, 1, 1, 1, 1, 1, 1, 1, 1, 1, 1, 1]","[0.018538667005486786, 0.6854302079882473, 0.06208887498360127, 0.27117404201999307, 0.09121079102624208, 0.6899084999458864, 0.12384620797820389, 0.13610691600479186, 0.15041000000201166, 0.1663488750346005, 0.18100499990396202, 0.19599841709714383, 0.20996699994429946, 0.2292741669807583, 0.24640829197596759, 0.259671707986854, 0.2724866670323536, 0.2912701249588281, 0.3061460410244763, 0.3163524999981746]","[""converged"", ""converged"", ""converged"", ""converged"", ""converged"", ""converged"", ""converged"", ""converged"", ""converged"", ""converged"", ""converged"", ""converged"", ""converged"", ""converged"", ""converged"", ""converged"", ""converged"", ""converged"", ""converged"", ""converged""]",1.4098314553039026,0.4999999999999993,True,converged,0.21274387510493398,3,"[0, 1, 0, 1, 0, 1, 0, 0, 0, 0, 0, 0, 0, 0, 0, 0, 0, 0, 0, 0]","[1.3999990187585354e-05, 0.000593292061239481, 0.00017445802222937346, 0.0008202920434996486, 0.00029408291447907686, 0.001216749893501401, 0.0004569999873638153, 0.0004724169848486781, 0.0005416250787675381, 0.0005830839509144425, 0.0006195420864969492, 0.0006587500683963299, 0.0007155000930652022, 0.0007884999504312873, 0.000848041963763535, 0.000873749959282577, 0.000930250040255487, 0.0009517091093584895, 0.0009989169193431735, 0.0010557500645518303]",1.423353425115218,1.4098613933059645,0.5002909994707555,0.050245791978751474,0.14094585764253093,True,71.0,71.0
20,25,200,True,converged,12.228014166932553,36,"[0, 1, 3, 1, 4, 4, 4, 2, 2, 2, 1, 2, 3, 1, 1, 1, 1, 1, 1, 1]","[0.018665292067453265, 0.04657987505197525, 0.3102937090443447, 0.07633237505797297, 0.6969662919873372, 1.051823291927576, 1.9399598749587312, 2.5419823330594227, 0.47492029203567654, 0.5655486660543829, 0.18028541700914502, 0.6097332088975236, 1.7189480409724638, 0.22761037503369153, 0.24177858303301036, 0.259809875045903, 0.27379875001497567, 0.2882160000735894, 0.30413945904001594, 0.32077741692774]","[""converged"", ""converged"", ""converged"", ""converged"", ""converged"", ""converged"", ""converged"", ""converged"", ""converged"", ""converged"", ""converged"", ""converged"", ""converged"", ""converged"", ""converged"", ""converged"", ""converged"", ""converged"", ""converged"", ""converged""]",2.917804164999323,0.49999999999999784,True,converged,0.21649841708131135,9,"[0, 0, 1, 0, 1, 1, 1, 1, 1, 1, 0, 1, 1, 0, 0, 0, 0, 0, 0, 0]","[1.1082971468567848e-05, 0.00011854094918817282, 0.0006867089541628957, 0.0002162089804187417, 0.001078292028978467, 0.0012336249928921461, 0.0014422079548239708, 0.0017003330867737532, 0.0019714171066880226, 0.002134875045157969, 0.0008341660723090172, 0.002472582971677184, 0.002765958895906806, 0.00111158296931535, 0.0011248750379309058, 0.0011245839996263385, 0.001214749994687736, 0.0012524999910965562, 0.0012955419952049851, 0.0013424580683931708]",2.945700662057031,2.9179602891562384,0.5000425381313548,0.06785503298789597,0.164546886577585,True,101.0,101.0
20,26,200,True,converged,5.109201875049621,24,"[0, 2, 1, 2, 1, 2, 1, 2, 1, 2, 1, 1, 1, 1, 1, 1, 1, 1, 1, 1]","[0.018389167031273246, 0.09919450001325458, 0.061997916898690164, 0.40602395904716104, 0.09134929208084941, 0.5340454999823123, 0.1216580830514431, 0.5082873749779537, 0.150724875042215, 0.5367538750870153, 0.18054741597734392, 0.19596012495458126, 0.20640208397526294, 0.22847612504847348, 0.24449708394240588, 0.2594767090631649, 0.27047074993606657, 0.29073116707149893, 0.30615808302536607, 0.3181391670368612]","[""converged"", ""converged"", ""converged"", ""converged"", ""converged"", ""converged"", ""converged"", ""converged"", ""converged"", ""converged"", ""converged"", ""converged"", ""converged"", ""converged"", ""converged"", ""converged"", ""converged"", ""converged"", ""converged"", ""converged""]",1.8551988649525004,0.4999999999999976,True,converged,0.2115492500597611,5,"[0, 1, 0, 1, 0, 1, 0, 1, 0, 1, 0, 0, 0, 0, 0, 0, 0, 0, 0, 0]","[1.1082971468567848e-05, 0.0005877090152353048, 0.00017366604879498482, 0.0008689170936122537, 0.0002989160129800439, 0.0012658329214900732, 0.00046083296183496714, 0.00170262495521456, 0.000592209049500525, 0.001970042008906603, 0.000685499981045723, 0.0007678340189158916, 0.0008464590646326542, 0.0008423329563811421, 0.0009297089418396354, 0.0010123330866917968, 0.0010220420081168413, 0.0010719590354710817, 0.0011302080238237977, 0.001192583004012704]",1.873258995648428,1.8551981632108439,0.5000006900280811,0.05458910590825893,0.13143345702282191,True,81.0,81.0
20,27,200,False,rank_osqp_failed,16.945103500038385,31,"[0, 1, 3, 1, 3, 0, 3, 2, 3, 2, 2, 2, 2, 1, 1, 1, 1, 1, 1, 1]","[0.018564083031378686, 0.048347042058594525, 0.29704637499526143, 0.07676516694482416, 0.5340023749740794, 4.783028709003702, 1.0354043329134583, 1.8842618750641122, 1.1596905419137329, 1.2225399579619989, 1.3749718749895692, 1.4947225840296596, 0.9208666660124436, 0.2287410000571981, 0.24537758307997137, 0.25663083395920694, 0.3718527079327032, 0.2892698749201372, 0.30396483303047717, 0.31911037501413375]","[""converged"", ""converged"", ""converged"", ""converged"", ""converged"", ""osqp_failed"", ""converged"", ""converged"", ""converged"", ""converged"", ""converged"", ""converged"", ""converged"", ""converged"", ""converged"", ""converged"", ""converged"", ""converged"", ""converged"", ""converged""]",2.7978626811502383,0.09701103677774883,True,converged,0.23114066699054092,13,"[0, 0, 1, 0, 1, 2, 1, 1, 1, 1, 1, 1, 1, 1, 0, 0, 1, 0, 0, 0]","[1.3249926269054413e-05, 0.0001308330101892352, 0.0007034579757601023, 0.00021379196550697088, 0.0010187500156462193, 0.002698624972254038, 0.0016484170919284225, 0.0017986249877139926, 0.001986792078241706, 0.002235917025245726, 0.002571541932411492, 0.0027991250390186906, 0.0029421249637380242, 0.0032440409995615482, 0.001280208001844585, 0.001297667040489614, 0.0036620410392060876, 0.0014553749933838844, 0.0014987089671194553, 0.001548083033412695]",2.8261091604326363,2.8000392277566646,0.5000002983364648,,,,,
20,28,200,False,rank_osqp_failed,8.627075708005577,24,"[0, 3, 1, 0, 1, 3, 1, 2, 1, 2, 1, 1, 1, 1, 1, 1, 1, 1, 1, 1]","[0.018647459102794528, 0.32449700008146465, 0.06195116601884365, 3.6898009170545265, 0.09063200000673532, 0.6109933339757845, 0.12080808298196644, 0.4123265410307795, 0.1504701250232756, 0.5560024580918252, 0.179900832939893, 0.19397708296310157, 0.2105816659750417, 0.23153183399699628, 0.24430070910602808, 0.2582782501121983, 0.27466420794371516, 0.29144070798065513, 0.30621916602831334, 0.3202254590578377]","[""converged"", ""converged"", ""converged"", ""osqp_failed"", ""converged"", ""converged"", ""converged"", ""converged"", ""converged"", ""converged"", ""converged"", ""converged"", ""converged"", ""converged"", ""converged"", ""converged"", ""converged"", ""converged"", ""converged"", ""converged""]",1.9696871425548985,0.07044618217484289,True,converged,0.2128341249190271,6,"[0, 1, 0, 1, 0, 2, 0, 1, 0, 1, 0, 0, 0, 0, 0, 0, 0, 0, 0, 0]","[1.2082979083061218e-05, 0.0005804579704999924, 0.00017458293586969376, 0.000883457949385047, 0.00030554202385246754, 0.0026284579653292894, 0.000496540917083621, 0.0017364169470965862, 0.0006296670762822032, 0.0020519590470939875, 0.0007939579663798213, 0.0008348750416189432, 0.0008641249733045697, 0.0009298750665038824, 0.0009561670012772083, 0.0009975419379770756, 0.0010769169311970472, 0.0011020830133929849, 0.0011272080009803176, 0.001230666064657271]",1.9913196385947343,1.9725405940433784,0.5021119003105928,,,,,
20,29,200,True,converged,3.7638455419801176,21,"[0, 3, 1, 1, 1, 1, 1, 1, 1, 1, 1, 1, 1, 1, 1, 1, 1, 1, 1, 1]","[0.01849183300510049, 0.2478967501083389, 0.06236799992620945, 0.07610620802734047, 0.09105083392933011, 0.10551391600165516, 0.12058587500359863, 0.1344375410117209, 0.15470329206436872, 0.16429695906117558, 0.18080445902887732, 0.19574816699605435, 0.20954058307688683, 0.22944829100742936, 0.245375124970451, 0.2569255830021575, 0.27547745895572007, 0.2904868330806494, 0.30417150002904236, 0.3204242499778047]","[""converged"", ""converged"", ""converged"", ""converged"", ""converged"", ""converged"", ""converged"", ""converged"", ""converged"", ""converged"", ""converged"", ""converged"", ""converged"", ""converged"", ""converged"", ""converged"", ""converged"", ""converged"", ""converged"", ""converged""]",2.4899221471017308,0.5000017284895953,True,converged,0.2060917499475181,1,"[0, 1, 0, 0, 0, 0, 0, 0, 0, 0, 0, 0, 0, 0, 0, 0, 0, 0, 0, 0]","[1.1791009455919266e-05, 0.0005572920199483633, 0.00016662490088492632, 0.00019649998284876347, 0.00025816704146564007, 0.0003107090014964342, 0.0003458749270066619, 0.0004110840382054448, 0.000459291972219944, 0.0005257920129224658, 0.0005523329600691795, 0.0006232499144971371, 0.0006668750429525971, 0.0006875419057905674, 0.0007039580959826708, 0.0008573329541832209, 0.0008747910615056753, 0.0008694999851286411, 0.0009267500136047602, 0.001006542006507516]",2.5136678348950494,2.489908423602552,0.5018499931962741,0.06288527927021899,0.1551055050615122,True,95.0,95.0
20,30,200,True,converged,4.198982042027637,23,"[0, 3, 2, 1, 2, 1, 1, 1, 1, 1, 1, 1, 1, 1, 1, 1, 1, 1, 1, 1]","[0.01858024997636676, 0.32698037498630583, 0.18961279198992997, 0.07637012493796647, 0.31812054105103016, 0.1052193749928847, 0.1213079170556739, 0.1341009169118479, 0.14860549999866635, 0.16467237495817244, 0.1808360000140965, 0.199674415984191, 0.21029795799404383, 0.22508795897010714, 0.245889832964167, 0.26145824999548495, 0.2755585419945419, 0.2862568339332938, 0.30541037500370294, 0.32165629195515066]","[""converged"", ""converged"", ""converged"", ""converged"", ""converged"", ""converged"", ""converged"", ""converged"", ""converged"", ""converged"", ""converged"", ""converged"", ""converged"", ""converged"", ""converged"", ""converged"", ""converged"", ""converged"", ""converged"", ""converged""]",1.8020783002367877,0.5,True,converged,0.205382207990624,3,"[0, 1, 1, 0, 1, 0, 0, 0, 0, 0, 0, 0, 0, 0, 0, 0, 0, 0, 0, 0]","[1.054094173014164e-05, 0.0005803749663755298, 0.0007072079461067915, 0.00026050000451505184, 0.001061042072251439, 0.00042929197661578655, 0.00045179110020399094, 0.00048762501683086157, 0.0005489159375429153, 0.0005909579340368509, 0.0006397920660674572, 0.0006766250589862466, 0.0007149579469114542, 0.0008012920152395964, 0.0008596249390393496, 0.0008735409937798977, 0.0009492909302935004, 0.001018082955852151, 0.0010448748944327235, 0.0011008750880137086]",1.819312075022475,1.8020602409042794,0.5003994244837725,0.05334954164868742,0.13902584849623065,True,73.0,73.0
20,31,200,True,converged,5.271855750004761,28,"[0, 4, 4, 1, 3, 1, 2, 1, 1, 1, 1, 1, 1, 1, 1, 1, 1, 1, 1, 1]","[0.01844233402516693, 0.6782147500198334, 0.32493375008925796, 0.07730795803945512, 0.5941089999396354, 0.10525316698476672, 0.43219162500463426, 0.13569833408109844, 0.15036683296784759, 0.16372995800338686, 0.17916725005488843, 0.19751058309338987, 0.21114008291624486, 0.2288359160302207, 0.2434329999377951, 0.25852137489710003, 0.27690433303359896, 0.29023683292325586, 0.30448470800183713, 0.32100320898462087]","[""converged"", ""converged"", ""converged"", ""converged"", ""converged"", ""converged"", ""converged"", ""converged"", ""converged"", ""converged"", ""converged"", ""converged"", ""converged"", ""converged"", ""converged"", ""converged"", ""converged"", ""converged"", ""converged"", ""converged""]",1.5808388922245578,0.5000000024198723,True,converged,0.21537845802959055,4,"[0, 1, 1, 0, 1, 0, 1, 0, 0, 0, 0, 0, 0, 0, 0, 0, 0, 0, 0, 0]","[1.083302777260542e-05, 0.0006317499792203307, 0.0007114169420674443, 0.0002441250253468752, 0.001081584021449089, 0.00039295805618166924, 0.0014185830950737, 0.0005236660363152623, 0.0005979170091450214, 0.0006500419694930315, 0.0006857910193502903, 0.0006950410315766931, 0.0007665409939363599, 0.0008240410825237632, 0.0008748749969527125, 0.0008946659509092569, 0.0009245830588042736, 0.0009918330470100045, 0.0010512500302866101, 0.0011380830546841025]",1.5958890802867924,1.5809284697817598,0.5010401119982388,0.05159722739861577,0.14113118902937746,True,86.0,86.0
20,32,200,True,converged,10.215973416925408,29,"[0, 1, 3, 2, 2, 2, 1, 2, 2, 2, 1, 2, 1, 1, 1, 1, 1, 1, 1, 2]","[0.018466582987457514, 0.0468995840055868, 0.38490566704422235, 0.2619336670031771, 2.24264883401338, 0.4872638749657199, 0.12021208310034126, 0.6206020410172641, 0.6034307499649003, 1.0443508749594912, 0.1798048330238089, 0.7609267079969868, 0.20911062508821487, 0.22658108395989984, 0.24226454098243266, 0.25963149999734014, 0.27351141604594886, 0.28638791700359434, 0.3047558329999447, 1.5634302500402555]","[""converged"", ""converged"", ""converged"", ""converged"", ""converged"", ""converged"", ""converged"", ""converged"", ""converged"", ""converged"", ""converged"", ""converged"", ""converged"", ""converged"", ""converged"", ""converged"", ""converged"", ""converged"", ""converged"", ""converged""]",2.396608049118896,0.49999999999999906,True,converged,0.2155011669965461,9,"[0, 0, 1, 1, 1, 1, 0, 1, 1, 1, 0, 1, 0, 0, 0, 0, 0, 0, 0, 1]","[1.1874944902956486e-05, 0.00012395798694342375, 0.0006692089373245835, 0.0008353340672329068, 0.0011527079623192549, 0.0013669580221176147, 0.00048645795322954655, 0.0016613329062238336, 0.001845958991907537, 0.0021065829787403345, 0.0007965409895405173, 0.0025217090733349323, 0.0009745419956743717, 0.001010207924991846, 0.0010348749347031116, 0.0010979999788105488, 0.0011319159530103207, 0.0012285830453038216, 0.0012362920679152012, 0.003651499981060624]",2.4202704082856683,2.3966929411338334,0.5000288456394886,0.06444232386205927,0.16018323338429993,True,117.0,117.0
20,33,200,True,converged,19.855765084037557,32,"[0, 1, 6, 1, 5, 3, 1, 2, 2, 1, 1, 1, 1, 1, 1, 1, 1, 1, 1, 1]","[0.0187447500647977, 0.046755708986893296, 0.8319814590504393, 0.07836933294311166, 13.449168500024825, 1.313267624936998, 0.12089787505101413, 0.6748179999412969, 0.5538498749956489, 0.16509845899417996, 0.18857016693800688, 0.19497900002170354, 0.20997274992987514, 0.22932962502818555, 0.2470022919587791, 0.25898841698653996, 0.27547458396293223, 0.29077108309138566, 0.3074969579465687, 0.3198090420337394]","[""converged"", ""converged"", ""converged"", ""converged"", ""converged"", ""converged"", ""converged"", ""converged"", ""converged"", ""converged"", ""converged"", ""converged"", ""converged"", ""converged"", ""converged"", ""converged"", ""converged"", ""converged"", ""converged"", ""converged""]",1.375369001919096,0.49999999999999756,True,converged,0.21197312499862164,5,"[0, 0, 1, 0, 1, 1, 0, 1, 1, 0, 0, 0, 0, 0, 0, 0, 0, 0, 0, 0]","[1.3542012311518192e-05, 0.0001276250695809722, 0.0006967909866943955, 0.0002232920378446579, 0.001099957968108356, 0.0012343329144641757, 0.0004603749839589, 0.0015981249744072556, 0.0017813340527936816, 0.0006844170857220888, 0.000741290976293385, 0.0007665840676054358, 0.0008177499985322356, 0.0008302080677822232, 0.0009452080121263862, 0.0009644579840824008, 0.0010264579905197024, 0.0010834579588845372, 0.001153457909822464, 0.001148959039710462]",1.3885052518535796,1.375403984854751,0.5000965882503011,0.04517275423101709,0.12171648498082246,True,97.0,97.0
20,34,200,True,converged,8.641048499965109,32,"[0, 5, 1, 2, 3, 3, 2, 2, 1, 2, 2, 1, 1, 1, 1, 1, 1, 1, 1, 1]","[0.01843325002118945, 1.8755960420239717, 0.06244608305860311, 0.25807850004639477, 0.5091127909254283, 1.074141624965705, 0.33390237495768815, 0.4841159170027822, 0.15036320802755654, 0.6994219169719145, 0.7605473329313099, 0.19714158296119422, 0.209664584021084, 0.22911766695324332, 0.24709449999500066, 0.2614975000033155, 0.27166558301541954, 0.28990191710181534, 0.30525224993471056, 0.3214505830546841]","[""converged"", ""converged"", ""converged"", ""converged"", ""converged"", ""converged"", ""converged"", ""converged"", ""converged"", ""converged"", ""converged"", ""converged"", ""converged"", ""converged"", ""converged"", ""converged"", ""converged"", ""converged"", ""converged"", ""converged""]",1.894171267522676,0.4999999999999977,True,converged,0.21770891593769193,8,"[0, 1, 0, 1, 1, 1, 1, 1, 0, 1, 1, 0, 0, 0, 0, 0, 0, 0, 0, 0]","[1.1999974958598614e-05, 0.0006104588974267244, 0.00017741706687957048, 0.0008822500240057707, 0.0010759589495137334, 0.001291541033424437, 0.001474624965339899, 0.0017406659899279475, 0.00069883291143924, 0.002133375033736229, 0.002398541080765426, 0.0009185830131173134, 0.0009527079528197646, 0.001002207980491221, 0.0010947079863399267, 0.0011092079803347588, 0.0011698749149218202, 0.0011866249842569232, 0.0012668330455198884, 0.0012811659835278988]",1.9122421948237363,1.8941726331887938,0.5000006847976883,0.05555706056997338,0.14436899022868865,True,94.0,94.0
20,35,200,True,converged,7.47612608410418,30,"[0, 1, 5, 2, 2, 1, 3, 1, 2, 1, 2, 2, 1, 1, 1, 1, 1, 1, 1, 1]","[0.018700749962590635, 0.0469322499120608, 0.723296832991764, 0.23016479203943163, 0.28029408399015665, 0.10447491693776101, 0.9099549169186503, 0.13413187500555068, 1.1121940829325467, 0.16305408300831914, 0.6693462909897789, 0.8651218330487609, 0.20938004192430526, 0.22621704207267612, 0.24650187499355525, 0.2604860420105979, 0.274399415939115, 0.28692866605706513, 0.305379958008416, 0.3214310839539394]","[""converged"", ""converged"", ""converged"", ""converged"", ""converged"", ""converged"", ""converged"", ""converged"", ""converged"", ""converged"", ""converged"", ""converged"", ""converged"", ""converged"", ""converged"", ""converged"", ""converged"", ""converged"", ""converged"", ""converged""]",2.078080325615146,0.49999999999999833,True,converged,0.21838954195845872,8,"[0, 0, 1, 1, 1, 0, 1, 0, 1, 0, 1, 2, 0, 0, 0, 0, 0, 0, 0, 0]","[1.1874944902956486e-05, 0.00012358406092971563, 0.0007326670456677675, 0.0008847080171108246, 0.0011002500541508198, 0.0004052090225741267, 0.0014421249506995082, 0.0005504579748958349, 0.0018168750684708357, 0.000696083065122366, 0.002192125073634088, 0.004875166923739016, 0.0009651660220697522, 0.001019999966956675, 0.0010897499741986394, 0.0011306250235065818, 0.0011618750868365169, 0.001218792051076889, 0.0012143340427428484, 0.0013054580194875598]",2.098255054714457,2.078110048143474,0.5000543173366946,0.05965317214901493,0.14402200970998272,True,109.0,109.0
20,36,200,True,converged,6.604463167022914,29,"[0, 4, 4, 1, 2, 2, 2, 1, 1, 1, 1, 1, 1, 1, 1, 1, 1, 2, 1, 1]","[0.018425417016260326, 0.3029352909652516, 0.8712279580067843, 0.07725266693159938, 0.3085439170245081, 0.33741812501102686, 0.41291866602841765, 0.13475570897571743, 0.15076645801309496, 0.16417812497820705, 0.18002204201184213, 0.19630574993789196, 0.21213220804929733, 0.23086745792534202, 0.2437142499256879, 0.2597571249352768, 0.27646616694983095, 1.523256374988705, 0.3042472079396248, 0.31887712504249066]","[""converged"", ""converged"", ""converged"", ""converged"", ""converged"", ""converged"", ""converged"", ""converged"", ""converged"", ""converged"", ""converged"", ""converged"", ""converged"", ""converged"", ""converged"", ""converged"", ""converged"", ""converged"", ""converged"", ""converged""]",1.4698910604165043,0.4999999999999975,True,converged,0.21278225001879036,6,"[0, 1, 1, 0, 1, 1, 1, 0, 0, 0, 0, 0, 0, 0, 0, 0, 0, 1, 0, 0]","[1.391698606312275e-05, 0.0006811249768361449, 0.0007170409662649035, 0.0002499170368537307, 0.001072457991540432, 0.0012957500293850899, 0.0015523750334978104, 0.0005847909487783909, 0.0006354580400511622, 0.000685208011418581, 0.0006978330202400684, 0.0007916250033304095, 0.0008194160182029009, 0.0008950839983299375, 0.0009332499466836452, 0.0009901250014081597, 0.0010442499769851565, 0.003182583022862673, 0.0011597080156207085, 0.001211083959788084]",1.4840441727113343,1.4699623599106955,0.5000595467701142,0.0435604459495676,0.11995792486785435,True,93.0,93.0
20,37,200,True,converged,19.43666870892048,39,"[0, 1, 7, 3, 2, 3, 4, 2, 3, 1, 3, 2, 1, 1, 1, 1, 1, 1, 1, 1]","[0.018542459001764655, 0.04667512502055615, 8.018435333040543, 2.738078707945533, 0.32878191699273884, 0.67635700001847, 1.4348332089139149, 0.40153787506278604, 1.330101165920496, 0.16541474999394268, 1.4291942920535803, 0.6421321670059115, 0.2096350829815492, 0.22807054105214775, 0.242085958016105, 0.2593630419578403, 0.2749153330223635, 0.2891019170638174, 0.3037062908988446, 0.3202307920437306]","[""converged"", ""converged"", ""converged"", ""converged"", ""converged"", ""converged"", ""converged"", ""converged"", ""converged"", ""converged"", ""converged"", ""converged"", ""converged"", ""converged"", ""converged"", ""converged"", ""converged"", ""converged"", ""converged"", ""converged""]",2.1988426565644947,0.49999999999999806,True,converged,0.21815824997611344,9,"[0, 0, 1, 1, 1, 1, 1, 1, 1, 0, 1, 1, 0, 0, 0, 0, 0, 0, 0, 0]","[1.291697844862938e-05, 0.00013104197569191456, 0.0007711249636486173, 0.0009047499625012279, 0.0010920410277321935, 0.0013712500222027302, 0.0015171250561252236, 0.00172904203645885, 0.002014291938394308, 0.0007766659837216139, 0.0023867080453783274, 0.0025983339874073863, 0.0010097079211845994, 0.000993874971754849, 0.0010618329979479313, 0.001115208026021719, 0.001228208071552217, 0.0012737499782815576, 0.0013010840630158782, 0.0013257910031825304]",2.2204719919029854,2.1989799248529107,0.5000063344156317,0.06497411011547458,0.18074249304588522,True,102.0,102.0
20,38,200,True,converged,7.190676041995175,29,"[0, 5, 1, 3, 2, 2, 2, 1, 2, 1, 1, 1, 1, 1, 1, 1, 1, 1, 1, 1]","[0.018597125075757504, 1.383846209035255, 0.06190683296881616, 1.016637875000015, 0.30050458398181945, 0.5868058330379426, 0.5179974590428174, 0.13411066599655896, 0.42792287503834814, 0.16507770807947963, 0.1792914579855278, 0.1952739169355482, 0.2065098329912871, 0.2289370420621708, 0.24592395802028477, 0.2588402919936925, 0.2704266250366345, 0.2886411249637604, 0.30534266703762114, 0.3171194999013096]","[""converged"", ""converged"", ""converged"", ""converged"", ""converged"", ""converged"", ""converged"", ""converged"", ""converged"", ""converged"", ""converged"", ""converged"", ""converged"", ""converged"", ""converged"", ""converged"", ""converged"", ""converged"", ""converged"", ""converged""]",1.8596616782470086,0.49975998103629776,True,converged,0.21318770805373788,6,"[0, 1, 0, 1, 1, 1, 1, 0, 1, 0, 0, 0, 0, 0, 0, 0, 0, 0, 0, 0]","[1.095794141292572e-05, 0.0005782910156995058, 0.00017337501049041748, 0.0009031250374391675, 0.001104583963751793, 0.0013345829211175442, 0.0015499170403927565, 0.0006130830151960254, 0.0019055419834330678, 0.0006928750080987811, 0.0007632499327883124, 0.0008650829549878836, 0.0008814590983092785, 0.0008959160186350346, 0.0009888329077512026, 0.0010089169954881072, 0.0010707920882850885, 0.0010911660501733422, 0.0011153749655932188, 0.0012330419849604368]",1.8773471575232985,1.8597186828271923,0.5000000008162081,0.05503044696336244,0.13834004083250237,True,99.0,99.0
20,39,200,True,converged,8.128159874933772,30,"[0, 3, 1, 1, 2, 2, 6, 1, 2, 1, 1, 1, 1, 1, 1, 1, 1, 1, 2, 1]","[0.018522707978263497, 0.16854812495876104, 0.061819916940294206, 0.07642704201862216, 0.3323724999791011, 0.45450841600541025, 1.6452927499776706, 0.1343989169690758, 0.6877054159995168, 0.1634853750001639, 0.1791497910162434, 0.19549499999266118, 0.21057970891706645, 0.227511000004597, 0.24659158394206315, 0.2594545000465587, 0.27453608298674226, 0.2859036249574274, 2.1007357080234215, 0.3248112079454586]","[""converged"", ""converged"", ""converged"", ""converged"", ""converged"", ""converged"", ""converged"", ""converged"", ""converged"", ""converged"", ""converged"", ""converged"", ""converged"", ""converged"", ""converged"", ""converged"", ""converged"", ""converged"", ""converged"", ""converged""]",2.7472796340095806,0.5000000000000019,True,converged,0.21821433398872614,6,"[0, 1, 0, 0, 1, 1, 1, 0, 1, 0, 0, 0, 0, 0, 0, 0, 0, 0, 1, 0]","[1.0750023648142815e-05, 0.0005844590486958623, 0.0001706660259515047, 0.00021270790603011847, 0.0009930420201271772, 0.0012064159382134676, 0.0014198749559000134, 0.0005221660248935223, 0.0018330420134589076, 0.0006886250339448452, 0.0007434999570250511, 0.0007854589493945241, 0.0008924159919843078, 0.0008789170533418655, 0.0009165829978883266, 0.0009882920421659946, 0.0010333339450880885, 0.001104041002690792, 0.003358874935656786, 0.0012565000215545297]",2.773710694242172,2.747342051815326,0.5000002203782297,0.07380085884946963,0.28580438421596394,True,88.0,88.0
20,40,200,True,converged,4.466838832944632,23,"[0, 3, 1, 2, 2, 1, 1, 1, 1, 1, 1, 1, 1, 1, 1, 1, 1, 1, 1, 1]","[0.01862412504851818, 0.6252642920007929, 0.062132082995958626, 0.24044120800681412, 0.2495144159765914, 0.1064438340254128, 0.12019245803821832, 0.13531387492548674, 0.1493335000704974, 0.16923999995924532, 0.17955587501637638, 0.1927122080232948, 0.20991566707380116, 0.22966279194224626, 0.2453997910488397, 0.26042475004214793, 0.2745480000739917, 0.29003904201090336, 0.30649329198058695, 0.3225034580100328]","[""converged"", ""converged"", ""converged"", ""converged"", ""converged"", ""converged"", ""converged"", ""converged"", ""converged"", ""converged"", ""converged"", ""converged"", ""converged"", ""converged"", ""converged"", ""converged"", ""converged"", ""converged"", ""converged"", ""converged""]",1.2642286095613045,0.5000000000000016,True,converged,0.21243499999400228,3,"[0, 1, 0, 1, 1, 0, 0, 0, 0, 0, 0, 0, 0, 0, 0, 0, 0, 0, 0, 0]","[1.2416974641382694e-05, 0.0006177910836413503, 0.0001740000443533063, 0.0008215419948101044, 0.0010796249844133854, 0.0003945829812437296, 0.00045408401638269424, 0.0005294589791446924, 0.0005258750170469284, 0.0005965420277789235, 0.0006267500575631857, 0.0007010840345174074, 0.0007527919951826334, 0.0007552920142188668, 0.000793666928075254, 0.0008538340916857123, 0.000928166089579463, 0.0009705000557005405, 0.0010014589643105865, 0.00102116703055799]",1.2763255881706028,1.2642039933227718,0.5001357576899585,0.04481488677425286,0.1167423629843019,True,70.0,70.0
20,41,200,True,converged,17.10283645801246,31,"[0, 4, 1, 5, 1, 2, 1, 3, 1, 1, 1, 1, 1, 3, 1, 1, 1, 1, 1, 1]","[0.018465165980160236, 0.5568211670033634, 0.06195770902559161, 0.7374193749856204, 0.0905442499788478, 0.4030244169989601, 0.12048341694753617, 3.1066376250237226, 0.15284620795864612, 0.16315616597421467, 0.1860001249006018, 0.19707100000232458, 0.2103206660831347, 9.32184041698929, 0.24078658293001354, 0.26132995798252523, 0.27535549993626773, 0.2887231659842655, 0.30765591701492667, 0.3231838330393657]","[""converged"", ""converged"", ""converged"", ""converged"", ""converged"", ""converged"", ""converged"", ""converged"", ""converged"", ""converged"", ""converged"", ""converged"", ""converged"", ""converged"", ""converged"", ""converged"", ""converged"", ""converged"", ""converged"", ""converged""]",1.8795306817499964,0.5000000019863058,True,converged,0.21168599999509752,5,"[0, 1, 0, 1, 0, 1, 0, 1, 0, 0, 0, 0, 0, 1, 0, 0, 0, 0, 0, 0]","[1.266703475266695e-05, 0.000595416990108788, 0.00016654201317578554, 0.0008839169749990106, 0.0002887500450015068, 0.0011930420296266675, 0.00043937494046986103, 0.0016009160317480564, 0.0005745000671595335, 0.0006585000082850456, 0.000685499981045723, 0.0007233329815790057, 0.000796708045527339, 0.0025329170748591423, 0.0009741249959915876, 0.000998291070573032, 0.0010416250443086028, 0.0010334169492125511, 0.0011273330310359597, 0.0011716249864548445]",1.8975261934620264,1.8795214755269574,0.5001031063637268,0.05712442240036647,0.13417843293919318,True,103.0,103.0
20,42,200,True,converged,6.780759124900214,29,"[0, 1, 3, 4, 1, 2, 1, 2, 2, 2, 1, 2, 1, 1, 1, 1, 1, 1, 1, 1]","[0.01861425000242889, 0.04795362497679889, 0.522411375073716, 0.4783231660258025, 0.09109883301425725, 0.3020334590692073, 0.11985770799219608, 0.4802573749329895, 0.5177662080386654, 0.6764860420953482, 0.1872986248927191, 1.0988619999261573, 0.20859041705261916, 0.22892258304636925, 0.24440587498247623, 0.2598847079789266, 0.27620891702827066, 0.31525079207494855, 0.3056683329632506, 0.3216527079930529]","[""converged"", ""converged"", ""converged"", ""converged"", ""converged"", ""converged"", ""converged"", ""converged"", ""converged"", ""converged"", ""converged"", ""converged"", ""converged"", ""converged"", ""converged"", ""converged"", ""converged"", ""converged"", ""converged"", ""converged""]",1.867926150068195,0.4999999999999982,True,converged,0.22494545800145715,9,"[0, 0, 1, 1, 0, 1, 0, 1, 2, 1, 0, 1, 0, 0, 0, 0, 0, 1, 0, 0]","[1.154094934463501e-05, 0.0001252919901162386, 0.0006593330763280392, 0.0008336249738931656, 0.00029504101257771254, 0.0012279580114409328, 0.0004476249450817704, 0.0016543329693377018, 0.003848041989840567, 0.002111208043061197, 0.0008276660228148103, 0.0024752499302849174, 0.0009387090103700757, 0.0010294170351698995, 0.0010344579350203276, 0.0010555409826338291, 0.0011435000924393535, 0.003354458953253925, 0.0013235419755801558, 0.001347291050478816]",1.8857954049730188,1.867970160870744,0.5000082691531142,0.05902203943430185,0.2157241067722329,True,105.0,105.0
20,43,200,True,converged,9.437294791918248,33,"[0, 3, 1, 10, 1, 2, 1, 2, 2, 1, 1, 1, 1, 1, 1, 1, 1, 1, 1, 1]","[0.018507542088627815, 0.16707170906011015, 0.06237558403518051, 3.8763880839105695, 0.09089308290276676, 0.7564065830083564, 0.12079491699114442, 1.031435750075616, 0.5597677920013666, 0.16384724993258715, 0.17986629193183035, 0.1977780000306666, 0.21114150003995746, 0.2293068750295788, 0.242233750061132, 0.2587925000116229, 0.2732085830066353, 0.2874222919344902, 0.3033132500713691, 0.3205191660672426]","[""converged"", ""converged"", ""converged"", ""converged"", ""converged"", ""converged"", ""converged"", ""converged"", ""converged"", ""converged"", ""converged"", ""converged"", ""converged"", ""converged"", ""converged"", ""converged"", ""converged"", ""converged"", ""converged"", ""converged""]",1.927281464512927,0.5000000000000022,True,converged,0.21077383402734995,5,"[0, 1, 0, 1, 0, 1, 0, 1, 1, 0, 0, 0, 0, 0, 0, 0, 0, 0, 0, 0]","[1.13749410957098e-05, 0.000595332938246429, 0.00017550005577504635, 0.0008347498951479793, 0.00029320805333554745, 0.0012443340383470058, 0.00042870803736150265, 0.0015802501002326608, 0.0018313330365344882, 0.0006922910688444972, 0.0007203330751508474, 0.0007894999580457807, 0.000830582925118506, 0.0008859579684212804, 0.0008908750023692846, 0.0009659170173108578, 0.0010304159950464964, 0.0010240830015391111, 0.0011347909457981586, 0.0011787909315899014]",1.9458268668614664,1.9272948788096624,0.5000054479655567,0.05959070211865766,0.1704649914782985,True,82.0,82.0
20,44,200,True,converged,7.421128708054312,27,"[0, 3, 1, 3, 1, 3, 1, 2, 2, 1, 1, 1, 1, 1, 1, 1, 1, 1, 1, 1]","[0.01853741705417633, 0.6196807080414146, 0.06284020806197077, 1.0884414999745786, 0.09057937504258007, 0.5819134169723839, 0.1201442499877885, 1.2861757080536336, 0.8038531249621883, 0.16467004199512303, 0.17797137494198978, 0.1925035419408232, 0.20873837498947978, 0.22946145792957395, 0.24485345894936472, 0.2588134999386966, 0.2735117078991607, 0.29147058399394155, 0.3060382920084521, 0.32023325003683567]","[""converged"", ""converged"", ""converged"", ""converged"", ""converged"", ""converged"", ""converged"", ""converged"", ""converged"", ""converged"", ""converged"", ""converged"", ""converged"", ""converged"", ""converged"", ""converged"", ""converged"", ""converged"", ""converged"", ""converged""]",1.7976678861716266,0.4999999999999958,True,converged,0.20929229201283306,5,"[0, 1, 0, 1, 0, 1, 0, 1, 1, 0, 0, 0, 0, 0, 0, 0, 0, 0, 0, 0]","[1.3167038559913635e-05, 0.0005517920944839716, 0.00017620809376239777, 0.0008621669840067625, 0.0003030420048162341, 0.0012687919661402702, 0.00044466706458479166, 0.0016050830017775297, 0.0018134169513359666, 0.0006782499840483069, 0.0007221659179776907, 0.0007717079715803266, 0.0008540829876437783, 0.000883874949067831, 0.0009272500174120069, 0.0009519580053165555, 0.001041750074364245, 0.001093458035029471, 0.0011379580246284604, 0.0011711668921634555]",1.8150306310287783,1.7976504130941442,0.5003369656157203,0.055010722866475424,0.13590432004167177,True,99.0,99.0
20,45,200,True,converged,8.412177834077738,31,"[0, 6, 1, 4, 1, 2, 3, 1, 1, 1, 1, 1, 1, 1, 1, 1, 1, 1, 1, 2]","[0.018413999932818115, 2.226320708054118, 0.06204945803619921, 0.4918932499131188, 0.09078479197341949, 0.34786325006280094, 1.09225524996873, 0.1344252919079736, 0.15059049997944385, 0.16539350000675768, 0.17979529092554003, 0.19635237497277558, 0.20788308302871883, 0.22819195804186165, 0.24130179197527468, 0.260476958937943, 0.27245091600343585, 0.2911702499259263, 0.30483662500046194, 1.368065416929312]","[""converged"", ""converged"", ""converged"", ""converged"", ""converged"", ""converged"", ""converged"", ""converged"", ""converged"", ""converged"", ""converged"", ""converged"", ""converged"", ""converged"", ""converged"", ""converged"", ""converged"", ""converged"", ""converged"", ""converged""]",1.5283944595394527,0.5000000650467156,True,converged,0.21221366710960865,5,"[0, 1, 0, 1, 0, 1, 1, 0, 0, 0, 0, 0, 0, 0, 0, 0, 0, 0, 0, 1]","[1.0833959095180035e-05, 0.0005988749908283353, 0.00017349992413073778, 0.000837916973978281, 0.00031970907002687454, 0.0013153330655768514, 0.0014799580676481128, 0.0005419169319793582, 0.0005697499727830291, 0.0006344590801745653, 0.0007119580404832959, 0.0007301250007003546, 0.0007796249119564891, 0.000845917034894228, 0.0008566660108044744, 0.0009292910108342767, 0.0009767080191522837, 0.0010379999876022339, 0.001015332993119955, 0.00332137499935925]",1.5429735695126574,1.5284297624613776,0.500110981541092,0.046178819345440575,0.13443752686429605,True,94.0,94.0
20,46,200,True,converged,6.5326901249354705,30,"[0, 3, 1, 7, 2, 3, 1, 1, 1, 1, 1, 1, 1, 1, 1, 1, 1, 1, 1, 1]","[0.01873854105360806, 1.0482704159803689, 0.062202207976952195, 1.287399333086796, 0.31866491597611457, 0.6462858330924064, 0.12051341694314033, 0.13400641607586294, 0.14904454199131578, 0.1640865410445258, 0.18096083297859877, 0.19511712493840605, 0.20935941603966057, 0.2253120830282569, 0.24703075003344566, 0.2593657079851255, 0.2745377919636667, 0.2865591669688001, 0.30519737501163036, 0.3198356250068173]","[""converged"", ""converged"", ""converged"", ""converged"", ""converged"", ""converged"", ""converged"", ""converged"", ""converged"", ""converged"", ""converged"", ""converged"", ""converged"", ""converged"", ""converged"", ""converged"", ""converged"", ""converged"", ""converged"", ""converged""]",1.7318897124495147,0.4999999999999991,True,converged,0.2164784170454368,5,"[0, 1, 0, 2, 1, 1, 0, 0, 0, 0, 0, 0, 0, 0, 0, 0, 0, 0, 0, 0]","[1.4042016118764877e-05, 0.0006104579661041498, 0.00016870792023837566, 0.0023403329541906714, 0.0012271669693291187, 0.0014232499524950981, 0.0005401660455390811, 0.0005750419804826379, 0.0006280840607360005, 0.0006833749357610941, 0.000719957984983921, 0.000792665989138186, 0.0008415419142693281, 0.0008729170076549053, 0.0009401250863447785, 0.0009691250743344426, 0.0010222919518128037, 0.0010595419444143772, 0.001105707953684032, 0.001142416032962501]",1.7485079737812146,1.7322782048622238,0.5000979995409726,0.0541915578610617,0.12157699488398357,True,98.0,98.0
20,47,200,True,converged,9.91660250001587,34,"[0, 3, 1, 5, 2, 6, 2, 2, 1, 1, 1, 1, 1, 1, 1, 1, 1, 1, 1, 2]","[0.018375375075265765, 0.5392788749886677, 0.062213500030338764, 0.9944895419757813, 0.2818221249617636, 1.2592705409042537, 0.43453212501481175, 0.5615117499837652, 0.1494612080277875, 0.16474187502171844, 0.1800793750444427, 0.1978899579262361, 0.2109623340656981, 0.229170500067994, 0.2452894999878481, 0.2574423340847716, 0.274006332969293, 0.2891214999835938, 0.30473370803520083, 3.1822475839871913]","[""converged"", ""converged"", ""converged"", ""converged"", ""converged"", ""converged"", ""converged"", ""converged"", ""converged"", ""converged"", ""converged"", ""converged"", ""converged"", ""converged"", ""converged"", ""converged"", ""converged"", ""converged"", ""converged"", ""converged""]",2.0142117624827662,0.4999999999999968,True,converged,0.2110876659862697,7,"[0, 1, 0, 1, 1, 1, 1, 1, 0, 0, 0, 0, 0, 0, 0, 0, 0, 0, 0, 1]","[1.0875053703784943e-05, 0.0005717499880120158, 0.00017595908138900995, 0.0008492079796269536, 0.0010472090216353536, 0.0013252079952508211, 0.0014832920860499144, 0.0017297921003773808, 0.0006772920023649931, 0.0007475420134142041, 0.000773457926698029, 0.0008109590271487832, 0.0008702909108251333, 0.0009108750382438302, 0.0009790410986170173, 0.0009672089945524931, 0.0010557080386206508, 0.0010874579893425107, 0.0011764169903472066, 0.0035279999719932675]",2.0334329212273996,2.0141854648231194,0.5000141841163424,0.057866435124178515,0.14465435032216697,True,88.0,88.0
20,48,200,False,rank_osqp_failed,11.486366541939788,28,"[0, 4, 3, 2, 2, 2, 0, 2, 1, 1, 1, 2, 1, 1, 1, 1, 1, 1, 1, 1]","[0.018397207953967154, 0.39788629207760096, 0.8483231249265373, 0.32005500001832843, 0.4395947919692844, 0.3139942910056561, 5.317876624991186, 0.4535188340814784, 0.15029783302452415, 0.16523704095743597, 0.17916066595353186, 0.6672211249824613, 0.2096140410285443, 0.22849187499377877, 0.24696670903358608, 0.26001808303408325, 0.27393008302897215, 0.29053820902481675, 0.3050059590023011, 0.3193255419610068]","[""converged"", ""converged"", ""converged"", ""converged"", ""converged"", ""converged"", ""osqp_failed"", ""converged"", ""converged"", ""converged"", ""converged"", ""converged"", ""converged"", ""converged"", ""converged"", ""converged"", ""converged"", ""converged"", ""converged"", ""converged""]",2.063946917618531,0.08908445586586751,True,converged,0.21805629110895097,8,"[0, 1, 1, 1, 1, 1, 1, 1, 0, 0, 0, 1, 0, 0, 0, 0, 0, 0, 0, 0]","[1.1416035704314709e-05, 0.0006208749255165458, 0.0007572080940008163, 0.0009404580341652036, 0.0012147080851718783, 0.001417917083017528, 0.0016383749898523092, 0.0018844580044969916, 0.0007273330120369792, 0.0007853331044316292, 0.0008130409987643361, 0.002502082963474095, 0.0009707920253276825, 0.0010024160146713257, 0.0010562920942902565, 0.0011217499850317836, 0.0011690000537782907, 0.00124662509188056, 0.001260666991584003, 0.0012494580587372184]",2.0870097193642922,2.0669177923277338,0.5000973167844951,,,,,
20,49,200,True,converged,11.46112966700457,32,"[0, 3, 1, 5, 3, 1, 3, 3, 2, 1, 1, 1, 1, 1, 1, 1, 1, 1, 1, 1]","[0.01837362500373274, 1.0529174170223996, 0.062108209007419646, 4.740342375007458, 0.47475437505636364, 0.10559020796790719, 0.9319917079992592, 0.7887455830350518, 0.5321274170419201, 0.16377500002272427, 0.18071679200511426, 0.19676924997474998, 0.21057745907455683, 0.23000812507234514, 0.2431452500168234, 0.2603177089476958, 0.27450870897155255, 0.28898841701447964, 0.30404104199260473, 0.32193270802963525]","[""converged"", ""converged"", ""converged"", ""converged"", ""converged"", ""converged"", ""converged"", ""converged"", ""converged"", ""converged"", ""converged"", ""converged"", ""converged"", ""converged"", ""converged"", ""converged"", ""converged"", ""converged"", ""converged"", ""converged""]",2.14691328420068,0.49961338165343705,True,converged,0.20872312504798174,6,"[0, 1, 0, 1, 1, 0, 1, 1, 1, 0, 0, 0, 0, 0, 0, 0, 0, 0, 0, 0]","[1.1082971468567848e-05, 0.0006423749728128314, 0.0001707079354673624, 0.0008802920347079635, 0.0010750830406323075, 0.0004141249228268862, 0.0015233330195769668, 0.001693541998974979, 0.0019046670058742166, 0.0007237910758703947, 0.000762667041271925, 0.0008041249820962548, 0.0008573749801144004, 0.0009267089189961553, 0.0009592080023139715, 0.0010360419983044267, 0.001047499943524599, 0.0010505419922992587, 0.0011464579729363322, 0.0012009999481961131]",2.1676658131502298,2.1470034638296944,0.5002084210964496,0.059315404384529896,0.16336365038135528,True,102.0,102.0
