N,seed,K,scp_success,scp_reason,scp_time,scp_iterations,scp_cost,scp_min_dist,scp_worst_violation,contact_success,contact_reason,contact_time,contact_contacts,contact_max_contacts_single_pair,contact_cost,contact_cost_continuous,contact_min_dist,position_rmse,max_position_deviation,same_homotopy_class,n_crossings_scp,n_crossings_contact
2,0,100,True,converged,0.0051119327545166016,0.0,0.5748198968834889,1.4386265965582528,0.0,True,converged,0.0001336659988737665,0.0,0.0,0.5748773673767826,0.5747635667211365,1.4386316457438952,3.377320671581522e-05,5.922381194872739e-05,True,0.0,0.0
2,1,100,True,converged,0.0031380653381347656,0.0,0.38211861575464295,1.407666143841083,0.0,True,converged,0.00012070800585206598,0.0,0.0,0.3821568199738484,0.3820811695844947,1.407665968237239,2.7536294634531127e-05,4.508957782856655e-05,True,0.0,0.0
2,2,100,True,converged,0.0248110294342041,3.0,0.5569882431274376,0.5000000102681921,0.0,True,converged,0.001083499999367632,1.0,1.0,0.5572073340832242,0.5570960771892023,0.5011523491936622,0.005099786825494778,0.00833768371111337,True,1.0,1.0
2,3,100,True,converged,0.002972841262817383,0.0,0.8593583773338375,4.646565492551279,0.0,True,converged,0.00016016700101317838,0.0,0.0,0.8594442959844084,0.8592741634832444,4.646565448442263,4.129462812586788e-05,7.571630089213616e-05,True,1.0,1.0
2,4,100,True,converged,0.003074169158935547,0.0,0.49931727797378755,2.4732318329261007,0.0,True,converged,0.0002827499993145466,0.0,0.0,0.49936719971524235,0.4992683467807545,2.473231362187205,3.1477098938789016e-05,5.330539476201356e-05,True,0.0,0.0
2,5,100,True,converged,0.003047943115234375,0.0,0.9716203875789119,2.907552100812033,0.0,True,converged,0.00020929200400132686,0.0,0.0,0.9717175301852674,0.9715251724785403,2.907552284945836,4.390911779573641e-05,7.87991454791885e-05,True,0.0,0.0
2,6,100,True,converged,0.003019094467163086,0.0,0.3781908936096008,2.011895181575334,0.0,True,converged,8.933299977798015e-05,0.0,0.0,0.37822870513514606,0.3781538323412753,2.011897363731822,2.7394409009299193e-05,4.116674743729234e-05,True,0.0,0.0
2,7,100,True,converged,0.0031812191009521484,0.0,0.19073612569117174,5.000860280785462,0.0,True,converged,0.00010258399561280385,0.0,0.0,0.19075519548901948,0.19071743427672197,5.000860280785462,1.9454625737788614e-05,2.9420863920528434e-05,True,0.0,0.0
2,8,100,True,converged,0.00310516357421875,0.0,0.8709990126328929,1.2831203404744853,0.0,True,converged,0.00012270799925317988,0.0,0.0,0.8710860951141814,0.8709136580443405,1.283121754233871,4.157337027115504e-05,6.437211354468244e-05,True,0.0,0.0
2,9,100,True,converged,0.0029342174530029297,0.0,0.09957963877263443,3.6862925980082775,0.0,True,converged,8.408400026382878e-05,0.0,0.0,0.09958959474491952,0.09956988034699629,3.686292598008278,1.4056968617298454e-05,2.51077373521908e-05,True,0.0,0.0
2,10,100,True,converged,0.013090133666992188,2.0,0.9527223506038944,0.5000000000000001,0.0,True,converged,0.0006993750066612847,1.0,1.0,0.9528195469621652,0.9526286562838806,0.5000133462442936,0.0007807018232235217,0.0012872188029413657,True,1.0,1.0
2,11,100,True,converged,0.013010978698730469,2.0,0.8531059331142509,0.5000000000000001,0.0,True,converged,0.0008463750054943375,1.0,1.0,0.853256404684195,0.8530871580532687,0.5015877773783106,0.005045075403200977,0.008257630681495444,True,1.0,1.0
2,12,100,True,converged,0.003136873245239258,0.0,0.40356310095153425,2.7436466630333776,0.0,True,converged,9.570900147082284e-05,0.0,0.0,0.4036034491903696,0.4035235533034459,2.7436478770787196,2.8298416038678974e-05,4.141230002373699e-05,True,0.0,0.0
2,13,100,True,converged,0.002985239028930664,0.0,0.5503929682554738,2.0338813593114278,0.0,True,converged,8.408300345763564e-05,0.0,0.0,0.5504479965444431,0.5503390318391674,2.0338812538957005,3.304782181517187e-05,5.624010758598875e-05,True,1.0,1.0
2,14,100,True,converged,0.003031015396118164,0.0,0.48963341055744836,2.9889790881589993,0.0,True,converged,8.537499525118619e-05,0.0,0.0,0.4896823641058389,0.4895854283465692,2.9889791107586987,3.117036761712056e-05,5.3631876322639625e-05,True,1.0,1.0
2,15,100,True,converged,0.029699087142944336,3.0,0.5981746387363425,0.5002734878680554,0.0,True,converged,0.0007884590013418347,1.0,1.0,0.598243905621942,0.5981233734502356,0.5002627010433655,0.0013599243756369176,0.0021620016530615135,True,1.0,1.0
2,16,100,True,converged,0.0029449462890625,0.0,0.1199630169561261,3.7403258120864695,0.0,True,converged,9.541700273985043e-05,0.0,0.0,0.11997501085856212,0.11995126103699727,3.740325841070989,1.542872689570708e-05,2.6455187289324034e-05,True,1.0,1.0
2,17,100,True,converged,0.0029997825622558594,0.0,1.01474376720896,1.0485315526437657,0.0,True,converged,8.98750004125759e-05,0.0,0.0,1.0148452212908117,1.014644326181496,1.0485315957899013,4.487294759522508e-05,7.400748386348934e-05,True,1.0,1.0
2,18,100,True,converged,0.012084007263183594,2.0,0.5583543828180522,0.49999999999999994,0.0,True,converged,0.0006375409939209931,1.0,1.0,0.5584179934289566,0.5583074295126318,0.5010157756139609,0.0008360260251753577,0.00137208624480962,True,1.0,1.0
2,19,100,True,converged,0.002979755401611328,0.0,0.7000121295513024,3.4779712152668347,0.0,True,converged,8.270800026366487e-05,0.0,0.0,0.7000821167640191,0.6999435310265819,3.4779712629000765,3.726998214340432e-05,5.97027679143154e-05,True,0.0,0.0
2,20,100,True,converged,0.0030727386474609375,0.0,1.7138641911560448,0.658733362876574,0.0,True,converged,7.75419975980185e-05,0.0,0.0,1.7140355432978875,1.7136962389876165,0.658731759031465,5.8316923453008636e-05,8.446206210258727e-05,True,1.0,1.0
2,21,100,True,converged,0.0029959678649902344,0.0,0.33033083393696494,2.2453038542783283,0.0,True,converged,9.025000326801091e-05,0.0,0.0,0.3303638604137438,0.3302984627723504,2.245303865894002,2.5602416527523142e-05,4.550773945909264e-05,True,0.0,0.0
2,22,100,True,converged,0.0031981468200683594,0.0,0.20373646410361948,2.4732627742913174,0.0,True,converged,0.0001202080020448193,0.0,0.0,0.20375683367530165,0.20371649870547937,2.4732627742913182,2.010669935921897e-05,3.862597661613296e-05,True,0.0,0.0
2,23,100,True,converged,0.002955913543701172,0.0,0.9939214071600123,1.5791044260250153,0.0,True,converged,9.008300548885018e-05,0.0,0.0,0.9940207794223062,0.9938240066445913,1.5791044260250153,4.441016883816719e-05,6.964594614268093e-05,True,0.0,0.0
2,24,100,True,converged,0.11006975173950195,4.0,0.8213706448383354,0.500000492893377,0.0,True,converged,0.000792874998296611,1.0,1.0,0.8218478264747506,0.8216836722412266,0.502303512709338,0.0017047067406665629,0.0027492567919629902,True,1.0,1.0
2,25,100,True,converged,0.00305938720703125,0.0,0.6909336112743485,1.1903313877596873,0.0,True,converged,0.0001632919957046397,0.0,0.0,0.6910026908168078,0.6908659024098697,1.1903300649737258,3.7027514609850504e-05,5.282399250410277e-05,True,1.0,1.0
2,26,100,True,converged,0.013032913208007812,2.0,1.146813739175711,0.50000000262781,0.0,True,converged,0.0008065000001806766,1.0,1.0,1.147028920930505,1.146801855345236,0.5074788996942936,0.0044016809715380426,0.007189702040207792,True,1.0,1.0
2,27,100,True,converged,0.0031528472900390625,0.0,0.2043211021584292,7.224385367180159,0.0,True,converged,0.00021387499873526394,0.0,0.0,0.20434153018222412,0.20430107946798468,7.224385353800978,2.0135527582823423e-05,3.759705099610768e-05,True,0.0,0.0
2,28,100,True,converged,0.0029151439666748047,0.0,0.0660981830677652,6.536338627066469,0.0,True,converged,7.750000077066943e-05,0.0,0.0,0.06610479156410884,0.0660917056973688,6.536339577118019,1.145252274004275e-05,1.9356013407628068e-05,True,0.0,0.0
2,29,100,True,converged,0.0030107498168945312,0.0,1.2073909204836903,2.4396967792182256,0.0,True,converged,8.499999967170879e-05,0.0,0.0,1.2075116354279276,1.2072726007683459,2.439696945445539,4.894748193946205e-05,7.654091784227787e-05,True,0.0,0.0
2,30,100,True,converged,0.013974905014038086,2.0,0.34366164886209283,0.5000000000000002,0.0,True,converged,0.0007008329994278029,1.0,1.0,0.3437058664822943,0.3436377694283318,0.5005663543849702,0.0007732683895549207,0.0012446563793223626,True,1.0,1.0
2,31,100,True,converged,0.003113985061645508,0.0,0.3523914459022057,2.5750130473026087,0.0,True,converged,8.704200445208699e-05,0.0,0.0,0.3524266779989691,0.3523569128815729,2.5750130473026083,2.6443508766393185e-05,4.079499374579807e-05,True,0.0,0.0
2,32,100,True,converged,0.0030221939086914062,0.0,1.2257699962097008,4.028346371810734,0.0,True,converged,9.4832998001948e-05,0.0,0.0,1.225892548693929,1.2256498754148786,4.028346527344668,4.9318617657753005e-05,9.24286192676076e-05,True,1.0,1.0
2,33,100,True,converged,0.012852191925048828,2.0,0.9158120796961242,0.5,0.0,True,converged,0.0006552499980898574,1.0,1.0,0.9159058995388261,0.9157222487837684,0.5000173014991796,0.0009680062258044444,0.0015828080481292176,True,1.0,1.0
2,34,100,True,converged,0.0029871463775634766,0.0,0.3948816758321569,1.4861983845865732,0.0,True,converged,6.69169967295602e-05,0.0,0.0,0.3949211561021088,0.3948429789306922,1.4862019232371182,2.7992384345667684e-05,5.461807356988208e-05,True,0.0,0.0
2,35,100,True,converged,0.002961874008178711,0.0,0.4939880939311231,0.6259647467443157,0.0,True,converged,8.854200132191181e-05,0.0,0.0,0.49403748286075727,0.4939396849778455,0.6259638860904004,3.130867171380104e-05,4.7923433911473757e-05,True,1.0,1.0
2,36,100,True,converged,0.003245115280151367,0.0,0.15208473856708554,4.025386278002293,0.0,True,converged,8.704200445208699e-05,0.0,0.0,0.15209994399924837,0.15206983484148165,4.02538641870715,1.737197596291613e-05,2.9052020829358104e-05,True,1.0,1.0
2,37,100,True,converged,0.0031681060791015625,0.0,0.560638361990161,4.875807622908113,0.0,True,converged,8.129100024234504e-05,0.0,0.0,0.5606944146135967,0.5605834215642593,4.875808341057741,3.335399102992275e-05,6.19232077777745e-05,True,1.0,1.0
2,38,100,True,converged,0.0030400753021240234,0.0,0.7753996043106293,5.37551758896432,0.0,True,converged,0.00010541600204305723,0.0,0.0,0.7754771287630728,0.7753236181002778,5.375517286182542,3.922556334559238e-05,5.804566498367533e-05,True,0.0,0.0
2,39,100,True,converged,0.003036022186279297,0.0,0.2989173182811232,2.3081789928890193,0.0,True,converged,9.054200199898332e-05,0.0,0.0,0.29894720403460656,0.2988880255214952,2.308179021338174,2.43546526892653e-05,4.5419940233472467e-05,True,1.0,1.0
2,40,100,True,converged,0.0030248165130615234,0.0,0.32545001685825076,1.9395401743471432,0.0,True,converged,0.00010112499876413494,0.0,0.0,0.325482555350938,0.3254181239951353,1.939540262803421,2.541256784921282e-05,4.752552615708697e-05,True,1.0,1.0
2,41,100,True,converged,0.002980947494506836,0.0,0.44407280538379823,1.006866559735547,0.0,True,converged,9.695799963083118e-05,0.0,0.0,0.4441172037828829,0.4440292879388397,1.006866610800453,2.96847565181124e-05,4.934124463913257e-05,True,0.0,0.0
2,42,100,True,converged,0.0031533241271972656,0.0,0.9249341529718361,3.2449011700742836,0.0,True,converged,0.0001265419996343553,0.0,0.0,0.9250266278884556,0.9248435129447865,3.2449012160108124,4.2841218039026225e-05,7.01805342584022e-05,True,0.0,0.0
2,43,100,True,converged,0.007779121398925781,0.0,0.7845870011675412,1.4933400148828353,0.0,True,converged,0.00011008299770765007,0.0,0.0,0.7846654441759225,0.7845101146272614,1.493341904810804,3.945726296999041e-05,5.8698001755646395e-05,True,1.0,1.0
2,44,100,True,converged,0.0033431053161621094,0.0,0.7314126820813265,1.0391206146754006,0.0,True,converged,0.00017424999532522634,0.0,0.0,0.7314858087212857,0.7313410064219565,1.0391206146754006,3.809672519212205e-05,5.324074982398586e-05,True,0.0,0.0
2,45,100,True,converged,0.0035529136657714844,0.0,0.6656793868626588,0.6497361268042257,0.0,True,converged,0.00012729199806926772,0.0,0.0,0.6657459414877617,0.6656141528160651,0.6497368454714465,3.634452158629589e-05,6.80827084821298e-05,True,1.0,1.0
2,46,100,True,converged,0.003200054168701172,0.0,1.1921405951430994,2.943761814847703,0.0,True,converged,0.00012074999540345743,0.0,0.0,1.1922597853598091,1.1920237699016016,2.9437612584945168,4.8637376434204536e-05,8.456361916590137e-05,True,1.0,1.0
2,47,100,True,converged,0.0030829906463623047,0.0,1.0033739967509927,1.4101172326687328,0.0,True,converged,0.00010908299736911431,0.0,0.0,1.003474314083194,1.0032756699177647,1.4101187101210124,4.462084833412087e-05,8.660498618959284e-05,True,0.0,0.0
2,48,100,True,converged,0.003240823745727539,0.0,0.7316847974815606,0.6267964340007344,0.0,True,converged,0.00011100000119768083,0.0,0.0,0.7317579513276169,0.7316130951559165,0.626796274418561,3.810381130210178e-05,5.6684739066733934e-05,True,1.0,1.0
2,49,100,True,converged,0.0030829906463623047,0.0,0.9295294049681326,1.1876254142211737,0.0,True,converged,9.59169992711395e-05,0.0,0.0,0.9296223393180472,0.9294383146238754,1.1876254242922406,4.294750791956321e-05,6.330787362751646e-05,True,1.0,1.0
4,0,100,True,converged,0.057392120361328125,2.0,0.9871858959012001,0.5000000000000006,0.0,True,converged,0.001843124999140855,1.0,1.0,0.9872879156740174,0.9870896523130694,0.5000479010121816,0.0008775544761887257,0.001972370250983127,True,4.0,4.0
4,1,100,True,converged,0.005438089370727539,0.0,0.5809515023531238,0.533438202221222,0.0,True,converged,0.0003889580038958229,0.0,0.0,0.5810095858843295,0.580894571316767,0.5334421432146731,4.0376980721188065e-05,9.085384494400983e-05,True,3.0,3.0
4,2,100,True,converged,0.005472898483276367,0.0,0.2826343784813612,1.0618969745848068,0.0,True,converged,0.0003319999959785491,0.0,0.0,0.2826626362665219,0.28260668138786577,1.061896223261144,2.8162836519341107e-05,6.897841288408363e-05,True,2.0,2.0
4,3,100,True,converged,0.005360126495361328,0.0,1.0468373398976205,1.0430680080584294,0.0,True,converged,0.00032749999809311703,0.0,0.0,1.046942002694864,1.0467347538221632,1.0430680080584283,5.420052628150415e-05,0.00010243969893875979,True,4.0,4.0
4,4,100,True,converged,0.017910003662109375,1.0,0.5457873663552482,0.49999999999999967,0.0,True,converged,0.001883665994682815,1.0,1.0,0.545842962049127,0.5457349085925179,0.5016638641443568,0.00040069002690956446,0.000926417410930709,True,6.0,6.0
4,5,100,True,converged,0.005881071090698242,0.0,0.23979178261110562,1.1132138818481327,0.0,True,converged,0.0003906250058207661,0.0,0.0,0.23981575699353108,0.2397682839289632,1.1132139642935857,2.5940661644477412e-05,5.2561802769637386e-05,True,1.0,1.0
4,6,100,True,converged,0.005591869354248047,0.0,1.1572857588713832,0.7639577885851861,0.0,True,converged,0.0003845000028377399,0.0,0.0,1.1574014643015553,1.1571723492711894,0.763957788585185,5.698810362742879e-05,0.0001001567279584988,True,3.0,3.0
4,7,100,True,converged,0.0055730342864990234,0.0,0.8596347862706897,1.8854119122755912,0.0,True,converged,0.00043166599789401516,0.0,0.0,0.8597207325566214,0.8595505453330682,1.8854117000227932,4.911576261238253e-05,8.1635205829982e-05,True,0.0,0.0
4,8,100,True,converged,0.26416802406311035,5.0,1.1074805483095638,0.4999024260039787,0.0,True,converged,0.00667358300415799,3.0,1.0,1.1077530515283112,1.107528492114329,0.5000529145720051,0.011700906729121809,0.03001679784736582,True,4.0,4.0
4,9,100,True,converged,0.005548000335693359,0.0,0.5509436611253025,1.018696010238679,0.0,True,converged,0.00035679199936566874,0.0,0.0,0.550998744472542,0.5508896707431878,1.0186942669180954,3.932036098291472e-05,7.873889565350361e-05,True,1.0,1.0
4,10,100,True,converged,0.04829001426696777,2.0,0.8710574084629348,0.5000584706908706,0.0,True,converged,0.0015437080000992864,1.0,1.0,0.871150602054499,0.870977199208521,0.5001920962805816,0.0017491579317568202,0.004051127569789154,True,2.0,2.0
4,11,100,True,converged,0.005372762680053711,0.0,1.0267262320336183,1.83087109802476,0.0,True,converged,0.00034345799940638244,0.0,0.0,1.0268288841222977,1.026625616770197,1.8308728557237184,5.367737014004034e-05,0.00011003913308180169,True,2.0,2.0
4,12,100,True,converged,0.00565791130065918,0.0,0.25361827392712405,1.58611706796561,0.0,True,converged,0.00040433299727737904,0.0,0.0,0.25364363068215134,0.25359342030145093,1.5861180690481778,2.6678055528238967e-05,5.568716474105883e-05,True,1.0,1.0
4,13,100,True,converged,0.005640745162963867,0.0,0.6340608028384849,2.7837197274116887,0.0,True,converged,0.0003452079981798306,0.0,0.0,0.6341241962375526,0.6339986672927933,2.7837197274116887,4.218221238881842e-05,7.845998310912124e-05,True,0.0,0.0
4,14,100,True,converged,0.005465984344482422,0.0,0.3450734715263276,2.120896368488457,0.0,True,converged,0.0003362079951330088,0.0,0.0,0.345107971972011,0.34503965563933253,2.120896396812714,3.111857400391198e-05,6.610931020904968e-05,True,0.0,0.0
4,15,100,True,converged,0.07010221481323242,2.0,0.92883597886973,0.5000157449973609,0.0,True,converged,0.0016350839941878803,1.0,1.0,0.9289389672811765,0.9287546605972262,0.5003277260746845,0.0023422075855317305,0.005368245157443257,True,1.0,1.0
4,16,100,True,converged,0.019727706909179688,1.0,0.45683406285381595,0.5000000000000002,0.0,True,converged,0.001469832997827325,1.0,1.0,0.4568808623257902,0.4567904197495657,0.501200026680716,0.0003360894830431232,0.0007742521782046093,True,1.0,1.0
4,17,100,True,converged,0.0052721500396728516,0.0,0.7450446254401976,0.991225542187737,0.0,True,converged,0.00031754199881106615,0.0,0.0,0.7451191150018492,0.7449716139022521,0.9912272000538911,4.572514001447458e-05,0.0001026959131078766,True,4.0,4.0
4,18,100,True,converged,0.005326747894287109,0.0,0.9774508744333892,0.7840661130745777,0.0,True,converged,0.00038904199755052105,0.0,0.0,0.9775485999718154,0.9773550879674897,0.784058056468906,5.237347261066598e-05,0.00010336065249128889,True,5.0,5.0
4,19,100,True,converged,0.005315065383911133,0.0,0.6885449787026372,1.3521063793316088,0.0,True,converged,0.00034770899947034195,0.0,0.0,0.6886138194296083,0.6884775039150567,1.3521121030883514,4.395720383151496e-05,0.00010741441629431403,True,2.0,2.0
4,20,100,True,converged,0.005338191986083984,0.0,1.132216159454902,1.1944592937024199,0.0,True,converged,0.00035066700365860015,0.0,0.0,1.1323293584265244,1.1321052065800457,1.1944567059002382,5.63674742904212e-05,0.00011089453270588534,True,1.0,1.0
4,21,100,True,converged,0.005440950393676758,0.0,0.642817427953196,0.9612977506940387,0.0,True,converged,0.0003602499928092584,0.0,0.0,0.6428816968396425,0.6427544342915672,0.9612984260683982,4.247248995426466e-05,6.966145364882869e-05,True,3.0,3.0
4,22,100,True,converged,0.0053558349609375,0.0,1.0469722394300056,1.3183324799834315,0.0,True,converged,0.0003259579971199855,0.0,0.0,1.0470769157145043,1.0468696401349078,1.318341636175254,5.4204018413981316e-05,0.00010957359505630621,True,3.0,3.0
4,23,100,True,converged,0.02542591094970703,2.0,1.1366247007128647,0.49999999999999983,0.0,True,converged,0.001585625002917368,1.0,1.0,1.1367402222539593,1.13651511667302,0.5002887939271822,0.00048474911980521884,0.0011316315857038753,True,4.0,4.0
4,24,100,True,converged,0.005455970764160156,0.0,1.1663984939164722,1.996583135399724,0.0,True,converged,0.0003332089981995523,0.0,0.0,1.1665151104378948,1.1662841913029243,1.9965831353997177,5.7212032412745875e-05,9.259910611366533e-05,True,1.0,1.0
4,25,100,True,converged,0.005460977554321289,0.0,0.7420447574991254,2.1820941664087146,0.0,True,converged,0.0003378750043339096,0.0,0.0,0.7421189471339802,0.7419720399368218,2.1820916535500285,4.563299269090842e-05,9.387175417161591e-05,True,3.0,3.0
4,26,100,True,converged,0.11571502685546875,3.0,1.1452757119565287,0.5000039500552316,0.0,True,converged,0.0017459579976275563,1.0,1.0,1.1455778294136338,1.1453506034419276,0.5032789474346715,0.0019093390374791974,0.0043739187032081905,True,4.0,4.0
4,27,100,True,converged,0.09166097640991211,2.0,1.3906323069104547,0.4999999999999996,0.0,True,converged,0.001628041994990781,1.0,1.0,1.3907718333862165,1.3904960756209,0.5000189965188572,0.0005378357171674952,0.0012526095074166803,True,1.0,1.0
4,28,100,True,converged,0.005434274673461914,0.0,0.5865787688671852,0.815322201916136,0.0,True,converged,0.00033333399915136397,0.0,0.0,0.5866374150124968,0.5865212863801251,0.8153189342799911,4.0572061092816926e-05,7.8340420374898e-05,True,4.0,4.0
4,29,100,True,converged,0.0054891109466552734,0.0,0.6632766669653982,3.432261667902983,0.0,True,converged,0.0003684999974211678,0.0,0.0,0.6633429813665617,0.6632116683762067,3.432261624850147,4.3143091373083514e-05,8.857582377581641e-05,True,4.0,4.0
4,30,100,True,converged,0.0055048465728759766,0.0,0.7393341903155022,0.713296213058725,0.0,True,converged,0.00037320800038287416,0.0,0.0,0.7394081089478504,0.7392617383784675,0.7133020357023588,4.554957154016006e-05,9.819615540540846e-05,True,4.0,4.0
4,31,100,True,converged,0.05110597610473633,2.0,0.8875190910627682,0.4999999999999993,0.0,True,converged,0.0015768330049468204,1.0,1.0,0.8876186961406419,0.8874429426111654,0.5010211212150685,0.0015205773607674864,0.003478704432395922,True,4.0,4.0
4,32,100,True,converged,0.027443885803222656,2.0,1.4311234422739862,0.49999999999999994,0.0,True,converged,0.0015597090023220517,1.0,1.0,1.4312765236296743,1.4309928802608964,0.5007142517252109,0.0023133543440689705,0.005348757347012283,True,6.0,6.0
4,33,100,True,converged,0.005305051803588867,0.0,0.8893746904093365,0.6382581016677712,0.0,True,converged,0.0006152500063763,0.0,0.0,0.8894636100908836,0.8892875350742875,0.638261216424594,4.9958142683749674e-05,9.099206205435578e-05,True,4.0,4.0
4,34,100,True,converged,0.09463691711425781,3.0,0.6538490695434209,0.5000001904491391,0.0,True,converged,0.0017106250015785918,1.0,1.0,0.6539895815053242,0.6538600041902881,0.502479593017096,0.000587673994928975,0.001339205503098574,True,3.0,3.0
4,35,100,True,converged,0.005505084991455078,0.0,0.6719931714724401,0.9233339246812349,0.0,True,converged,0.00034191600570920855,0.0,0.0,0.6720603573497241,0.6719273186989785,0.9233382635433249,4.342565031474177e-05,8.944865165690899e-05,True,0.0,0.0
4,36,100,True,converged,0.005544900894165039,0.0,0.32525803615870047,0.6426173402473726,0.0,True,converged,0.00036412500048754737,0.0,0.0,0.3252905554571558,0.32522616210896155,0.6426175461296548,3.0211891660741813e-05,5.202361840528823e-05,True,2.0,2.0
4,37,100,True,converged,0.0054950714111328125,0.0,1.2055820151686896,0.6296301209556446,0.0,True,converged,0.00034108300314983353,0.0,0.0,1.2057025492585665,1.2054638727191755,0.6296334213749634,5.816507349616294e-05,0.00010063780530553167,True,1.0,1.0
4,38,100,True,converged,0.005463123321533203,0.0,0.9156747978934291,1.581396841021821,0.0,True,converged,0.00036433299828786403,0.0,0.0,0.9157663470597227,0.9155850652479348,1.5813942442676965,5.0691428686788046e-05,8.916158626505677e-05,True,3.0,3.0
4,39,100,True,converged,0.005547046661376953,0.0,0.4945092709705901,2.294588544396286,0.0,True,converged,0.00033904099836945534,0.0,0.0,0.494558712007502,0.4944608109439435,2.2945918556640064,3.725213086598468e-05,7.832880375343393e-05,True,1.0,1.0
4,40,100,True,converged,0.18851113319396973,3.0,1.331593799450429,0.5001239797368615,0.0,True,converged,0.0037999160049366765,2.0,1.0,1.3317233610136574,1.3314575333762206,0.5000599759700682,0.010547761622538105,0.023072703850597953,True,4.0,4.0
4,41,100,True,converged,0.005423069000244141,0.0,0.4305321348363017,0.8350246004961849,0.0,True,converged,0.0003661250011646189,0.0,0.0,0.430575179439143,0.4304899443255244,0.8350293790064052,3.475895307785822e-05,6.258336246155297e-05,True,2.0,2.0
4,42,100,True,converged,0.005541801452636719,0.0,0.9260005360601983,2.405214737008937,0.0,True,converged,0.0003557500021997839,0.0,0.0,0.9260931175937939,0.9259097915316594,2.405214940533364,5.097644202299608e-05,9.464234625873553e-05,True,3.0,3.0
4,43,100,True,converged,0.0340731143951416,2.0,0.504045422633171,0.5000198160537024,0.0,True,converged,0.0015445420067408122,1.0,1.0,0.5041624299901677,0.5040626182445385,0.5054089051607468,0.0032948598552344868,0.007639402477036641,True,2.0,2.0
4,44,100,True,converged,0.005506992340087891,0.0,0.5847057086462424,0.6065701712352796,0.0,True,converged,0.00039591699896845967,0.0,0.0,0.5847641675229929,0.5846484097119558,0.6065713459382447,4.050723205258214e-05,7.013888358334051e-05,True,4.0,4.0
4,45,100,True,converged,0.1226348876953125,3.0,0.8909079805405445,0.5000020747805524,0.0,True,converged,0.0016357919957954437,1.0,1.0,0.8911391940803767,0.8909622301265545,0.5022326163506947,0.00507283434266815,0.011684212776666978,True,4.0,4.0
4,46,100,True,converged,0.0056650638580322266,0.0,0.43737090742393003,0.8796527200105551,0.0,True,converged,0.0003748330054804683,0.0,0.0,0.4374146357672543,0.43732804673946457,0.8796526589747211,3.503392910343869e-05,6.351709295871979e-05,True,1.0,1.0
4,47,100,True,converged,0.03694796562194824,2.0,0.9493364332684894,0.5000037915549986,0.0,True,converged,0.0016391660028602928,1.0,1.0,0.949477763435845,0.9492888262407829,0.5011300339975183,0.007576081685519306,0.01747395119100858,True,3.0,3.0
4,48,100,True,converged,0.005584716796875,0.0,1.2962904260584565,0.8151517963940286,0.0,True,converged,0.00040283400448970497,0.0,0.0,1.2964200291752546,1.296163394529876,0.8151518288156974,6.03135730903256e-05,0.00010445405607002094,True,3.0,3.0
4,49,100,True,converged,0.3066558837890625,4.0,1.059296240068884,0.500000002448375,0.0,True,converged,0.003921333001926541,2.0,1.0,1.0596448896466042,1.0594342636063439,0.5005979816681774,0.0051018294408809,0.010805726816205832,True,4.0,4.0
6,0,100,True,converged,0.10977625846862793,2.0,1.4710950423777958,0.5,0.0,True,converged,0.002745083002082538,1.0,1.0,1.471324084198112,1.4710327287976983,0.5084142393835117,0.008689996172202988,0.02469485649526952,True,6.0,6.0
6,1,100,True,converged,0.10145092010498047,2.0,1.5630522754124059,0.5000009893065239,0.0,True,converged,0.006015250000928063,2.0,1.0,1.5632370020126296,1.5629271348002038,0.5001893359251328,0.003468910163841284,0.010950462367303631,True,9.0,9.0
6,2,100,True,converged,0.15269994735717773,3.0,1.0200289691376188,0.49999999999999967,0.0,True,converged,0.006331082993710879,2.0,1.0,1.0202667978678404,1.0200644909253371,0.5001469250034473,0.008212330341377493,0.023185792752008903,True,6.0,6.0
6,3,100,True,converged,0.16685795783996582,3.0,0.9568438903695957,0.5001494968065845,0.0,True,converged,0.0028360840005916543,1.0,1.0,0.9569585103405298,0.9567673621096395,0.5003179498656296,0.005375809167300868,0.015162304692558146,True,6.0,6.0
6,4,100,True,converged,0.007523059844970703,0.0,0.6833496676022857,0.9324295448506686,0.0,True,converged,0.0008457500007352792,0.0,0.0,0.6834179889020523,0.6832827019354212,0.9324301956997314,4.846276730204512e-05,7.728507463248149e-05,True,7.0,7.0
6,5,100,True,converged,0.0075070858001708984,0.0,0.7659191532825728,0.8173264311631478,0.0,True,converged,0.0009044580001500435,0.0,0.0,0.7659957298795179,0.765844096120339,0.81733176294295,5.130718419798274e-05,0.00010731930898276358,True,3.0,3.0
6,6,100,True,converged,0.007784128189086914,0.0,1.6579933474343744,0.6388063420112118,0.0,True,converged,0.0008278340028482489,0.0,0.0,1.6581591136092504,1.657830870395998,0.6388059505715803,7.548803272752397e-05,0.0001301577382057946,True,10.0,10.0
6,7,100,True,converged,0.007835865020751953,0.0,1.2985203767459332,0.7326609373059867,0.0,True,converged,0.0008370830037165433,0.0,0.0,1.2986502028131999,1.298393126690671,0.7326609373059849,6.68053279364668e-05,0.00013469920321316237,True,6.0,6.0
6,8,100,True,converged,0.0075531005859375,0.0,1.159384038949643,1.283638596150922,0.0,True,converged,0.000748874997952953,0.0,0.0,1.1594999541658568,1.1592704237259863,1.2836391049962061,6.312485220064093e-05,0.0001390194666648277,True,11.0,11.0
6,9,100,True,converged,0.1946108341217041,3.0,0.9478357821754518,0.5000182286820299,0.0,True,converged,0.006909042000188492,2.0,1.0,0.9479722615388589,0.9477840506742968,0.5000691348027769,0.0038245911554339682,0.011441407581241512,True,6.0,6.0
6,10,100,True,converged,0.17693495750427246,3.0,1.061294839411433,0.5000059468334267,0.0,True,converged,0.009913916001096368,1.0,1.0,1.061414103650863,1.0611993803501378,0.5001150503727271,0.004860053858693902,0.0134063662470779,True,6.0,6.0
6,11,100,True,converged,0.007914304733276367,0.0,1.0746743836258281,1.01739146518414,0.0,True,converged,0.0008880419991328381,0.0,0.0,1.0747818295707028,1.0745690696260217,1.0173912139908903,6.077502751856665e-05,0.0001105794645228452,True,9.0,9.0
6,12,100,True,converged,0.007709980010986328,0.0,0.9787765267852732,0.5215851288965282,0.0,True,converged,0.0007822499974281527,0.0,0.0,0.9788743848624208,0.9786806104104873,0.5215857341589751,5.800006608590525e-05,0.00013701273357678042,True,10.0,10.0
6,13,100,True,converged,0.00789499282836914,0.0,1.745422064422352,0.8796814497836353,0.0,True,converged,0.0008630000011180528,0.0,0.0,1.745596571720352,1.7452510197024296,0.8796795409417495,7.745276860338573e-05,0.00014887794616712594,True,10.0,10.0
6,14,100,True,converged,0.007849931716918945,0.0,1.0651872449031798,0.5611221005959383,0.0,True,converged,0.0008314590013469569,0.0,0.0,1.065293742323925,1.065082860606864,0.5611215230206089,6.0506174330571734e-05,0.00012332968486420963,True,9.0,9.0
6,15,100,True,converged,0.008116006851196289,0.0,0.42753777759982775,1.4731919539260934,0.0,True,converged,0.0008421669990639202,0.0,0.0,0.42758052282683195,0.42749588052466386,1.4731919381695666,3.8333101877642695e-05,6.251382464392867e-05,True,8.0,8.0
6,16,100,True,converged,0.0077667236328125,0.0,1.1297527271778196,0.5228789912888169,0.0,True,converged,0.0008356670005014166,0.0,0.0,1.1298656798554823,1.1296420157099516,0.5228686301218561,6.23129647616762e-05,0.0001166531872115544,True,11.0,11.0
6,17,100,True,converged,0.0077283382415771484,0.0,1.1895210807302006,0.7005726972579831,0.0,True,converged,0.0008747499960009009,0.0,0.0,1.189640009047852,1.1894045121911399,0.700570655559137,6.394002285684611e-05,0.00013553284616578615,True,8.0,8.0
6,18,100,True,converged,1.5657548904418945,6.0,1.064884638280708,0.5000000000009531,0.0,True,converged,0.010559582995483652,3.0,1.0,1.0653345627835256,1.0651225544404381,0.5024611407089928,0.01228068089793539,0.028930349442219807,True,10.0,10.0
6,19,100,True,converged,0.10885095596313477,2.0,1.6206939902572683,0.49999999999999983,0.0,True,converged,0.00623916600306984,2.0,1.0,1.6208768316619449,1.6205546694114856,0.5003998901169768,0.0036990323921371354,0.007863682383891336,True,10.0,10.0
6,20,100,True,converged,0.007875919342041016,0.0,0.7258942743262704,0.8074260866657994,0.0,True,converged,0.000851625001814682,0.0,0.0,0.7259668492358173,0.7258231394498551,0.8074242381220967,4.994860932784638e-05,8.95581458447552e-05,True,7.0,7.0
6,21,100,True,converged,0.007955789566040039,0.0,1.0058572123439726,0.6224123023798707,0.0,True,converged,0.0007909580017440021,0.0,0.0,1.0059577779480624,1.0057586421650608,0.6224204574342137,5.8796961441586966e-05,0.00012070449261393252,True,8.0,8.0
6,22,100,True,converged,0.007803916931152344,0.0,2.0774544792232934,0.5931953243590854,0.0,True,converged,0.0007660420014872216,0.0,0.0,2.077662183122126,2.0772508965903063,0.5931715421705513,8.44991759900058e-05,0.00014262644657842338,True,7.0,7.0
6,23,100,True,converged,0.16568779945373535,3.0,0.9786230925334519,0.5000077397463358,0.0,True,converged,0.007711333004408516,2.0,1.0,0.9787791296769908,0.9785835611376705,0.5006166806187085,0.008793601924554797,0.021977782144158433,True,11.0,11.0
6,24,100,True,converged,0.46367812156677246,3.0,1.5383547642729534,0.5000009986934885,0.0,True,converged,0.0111765830006334,3.0,1.0,1.5385578316654978,1.5382484251994617,0.5000014913523864,0.021625454790973123,0.061951125783518954,True,8.0,8.0
6,25,100,True,converged,0.007750272750854492,0.0,0.6099499435338877,0.7589651742225295,0.0,True,converged,0.0007510419964091852,0.0,0.0,0.6100109263292423,0.6098901707606517,0.7589630519879783,4.57861169656101e-05,9.823142611017362e-05,True,1.0,1.0
6,26,100,True,converged,0.008070230484008789,0.0,0.7624496848895851,1.1966284142424533,0.0,True,converged,0.0008084170040092431,0.0,0.0,0.7625259146090805,0.7623749677220505,1.1966275123065877,5.119084639800065e-05,0.00011918668406164417,True,3.0,3.0
6,27,100,True,converged,0.0077211856842041016,0.0,1.2000553087345687,0.8273093295742222,0.0,True,converged,0.000832874997286126,0.0,0.0,1.2001752902643361,1.1999377078812525,0.8273094911283256,6.422252062872249e-05,0.0001300563164122285,True,5.0,5.0
6,28,100,True,converged,0.051573991775512695,1.0,0.9540363130534482,0.5000000000000001,0.0,True,converged,0.002822374997776933,1.0,1.0,0.954133807334712,0.9539449302022552,0.5053597218536514,0.0010397758594703893,0.0029361360328745215,True,9.0,9.0
6,29,100,True,converged,0.02897477149963379,1.0,1.3925920320392793,0.4999999999999999,0.0,True,converged,0.0028337920011836104,1.0,1.0,1.3927328342407996,1.3924571335660363,0.5043394601617199,0.0008147878233188912,0.0023118072378443605,True,7.0,7.0
6,30,100,True,converged,0.09417605400085449,2.0,0.5638732708769486,0.4999999999999998,0.0,True,converged,0.0061924170004203916,2.0,1.0,0.5639350068695039,0.5638233593752048,0.5002490106006185,0.0006620020662728102,0.001726014343431054,True,3.0,3.0
6,31,100,True,converged,0.007720947265625,0.0,1.3023527746018722,0.5107074377301655,0.0,True,converged,0.0008936250014812686,0.0,0.0,1.3024829838322767,1.3022251489862047,0.5107116761794402,6.690383850812403e-05,0.00012737173618348243,True,7.0,7.0
6,32,100,True,converged,0.007905960083007812,0.0,0.9403316058886415,0.7305375463912895,0.0,True,converged,0.0008109580012387596,0.0,0.0,0.9404256202425978,0.9402394569697972,0.7305379439362589,5.68495763316284e-05,0.00012061821557772168,True,8.0,8.0
6,33,100,True,converged,0.007864952087402344,0.0,0.8559051160809384,1.6235567924135947,0.0,True,converged,0.0008844170006341301,0.0,0.0,0.8559906894744438,0.8558212406368013,1.6235568998434455,5.42374829784429e-05,0.0001282469268832324,True,11.0,11.0
6,34,100,True,converged,0.3436453342437744,3.0,1.4361479928057634,0.5000000024077388,0.0,True,converged,0.006125957996118814,2.0,1.0,1.43648088489729,1.4361960309735577,0.5028586156387505,0.00476554206990455,0.011124778536316245,True,7.0,7.0
6,35,100,True,converged,0.14037108421325684,3.0,0.9707920755208506,0.5002886895147763,0.0,True,converged,0.002860249995137565,1.0,1.0,0.9709301967648282,0.970737672280221,0.501668108766453,0.0067908713958661675,0.01929200022562607,True,9.0,9.0
6,36,100,True,converged,0.08486294746398926,2.0,0.8207794325403945,0.5000000000000001,0.0,True,converged,0.005894082998565864,2.0,1.0,0.8208685459803888,0.8207059435408963,0.5003592497447666,0.0016144851776965605,0.0034535427734204804,True,9.0,9.0
6,37,100,True,converged,0.09842991828918457,2.0,1.5593484968963816,0.5000000000000003,0.0,True,converged,0.002915666002081707,1.0,1.0,1.5595458892097096,1.5592371488981647,0.5076791373296791,0.00428851103370074,0.012079116531475443,True,8.0,8.0
6,38,100,True,converged,0.23775315284729004,4.0,1.0449241115637447,0.50028763242325,0.0,True,converged,0.0031565409954055212,1.0,1.0,1.045080042736425,1.0448675047715819,0.5005317142371292,0.005728233842259178,0.01573413764932787,True,5.0,5.0
6,39,100,True,converged,0.007715940475463867,0.0,1.1426698012740104,1.253027363932472,0.0,True,converged,0.0009188330004690215,0.0,0.0,1.1427840454007414,1.1425578239820382,1.2530261110492713,6.266818122043776e-05,0.00015175849094190455,True,8.0,8.0
6,40,100,True,converged,0.17931532859802246,4.0,1.299700276375377,0.5002262041998696,0.0,True,converged,0.0029612910002470016,1.0,1.0,1.2999526444697498,1.2996946326192147,0.5032556167870764,0.013999333883087297,0.039335897808870326,True,8.0,8.0
6,41,100,True,converged,0.34119701385498047,3.0,0.9691612848712602,0.5000033079870918,0.0,True,converged,0.0027304579998599365,1.0,1.0,0.9692703413427949,0.9690780861471551,0.5003532976026146,0.0019865656786155826,0.005589996432366071,True,7.0,7.0
6,42,100,True,converged,0.007573843002319336,0.0,1.2752817955008118,1.119897150866696,0.0,True,converged,0.0008569160054321401,0.0,0.0,1.2754092981747258,1.275156822738075,1.1198971508666933,6.620484845511162e-05,0.00011875179630340475,True,10.0,10.0
6,43,100,True,converged,0.1521778106689453,3.0,0.8190220753603578,0.5000120979353285,0.0,True,converged,0.0027277920016786084,1.0,1.0,0.8193022878086837,0.8191399774592788,0.5086419952518924,0.008478402075749856,0.024060434168082595,True,4.0,4.0
6,44,100,True,converged,0.8949780464172363,5.0,1.6280035439810674,0.5000000004707923,0.0,True,converged,0.011717417000909336,3.0,1.0,1.6207772883011489,1.6204538443439223,0.5001901168122634,0.20971449289357244,0.6666264735432949,False,11.0,11.0
6,45,100,True,converged,0.2164440155029297,2.0,1.1459943052122799,0.5000009825065562,0.0,True,converged,0.0057149589993059635,2.0,1.0,1.1461560859110937,1.1459290965360052,0.5017936993815536,0.0024341871282042168,0.005948782566666566,True,7.0,7.0
6,46,100,True,converged,0.07572197914123535,2.0,1.4436817432670044,0.5000000000000002,0.0,True,converged,0.0029420830032904632,1.0,1.0,1.4438268844385496,1.4435410578861196,0.5005214656571603,0.0003437083091231655,0.0009505979151888976,True,10.0,10.0
6,47,100,True,converged,0.7830548286437988,4.0,0.9263648151171223,0.5000000119144588,0.0,True,converged,0.006523832998936996,2.0,1.0,0.92678274152514,0.9265986494547187,0.5013825155403122,0.0030004385337360794,0.007741083534725007,True,6.0,6.0
6,48,100,True,converged,0.09074783325195312,2.0,1.2025717601721444,0.5000000000000002,0.0,True,converged,0.018414750004012603,2.0,1.0,1.202724935380418,1.2024868227003904,0.5002731882522753,0.0037071577747203282,0.010433201773323334,True,8.0,8.0
6,49,100,True,converged,0.2941570281982422,4.0,0.5450254462850306,0.5000081021803823,0.0,True,converged,0.0028985419994569384,1.0,1.0,0.54516646484793,0.5450570744609959,0.5009003822046505,0.01124442804920642,0.03165818685757665,True,6.0,6.0
8,0,100,True,converged,0.3647928237915039,3.0,1.5465868166984595,0.5002784245513469,0.0,True,converged,0.005014499998651445,1.0,1.0,1.5467486206685552,1.5464416013041342,0.5003932974489221,0.00205047413940617,0.006642814173971712,True,13.0,13.0
8,1,100,True,converged,0.010300159454345703,0.0,1.0751218949273533,0.8985747372202112,0.0,True,converged,0.0014072909980313852,0.0,0.0,1.0752293856144088,1.0750165370731426,0.8985740661093106,6.532061319549787e-05,0.0001410413595930745,True,13.0,13.0
8,2,100,True,converged,0.9605379104614258,4.0,0.7401798052996684,0.5000000000004936,0.0,True,converged,0.026998332999937702,4.0,1.0,0.7403618448245888,0.7402152658178681,0.5001969853218188,0.0037783341872967315,0.010701347503868435,True,18.0,18.0
8,3,100,True,converged,0.6655659675598145,3.0,1.8084377377042626,0.5000034968981818,0.0,True,converged,0.016899292000744026,3.0,1.0,1.8071400415304877,1.8067770748414174,0.5000898665141681,0.16797629124711902,0.6059778483542964,False,19.0,19.0
8,4,100,True,converged,0.20721197128295898,2.0,0.8578906221845894,0.4999999999999999,0.0,True,converged,0.0047631249981350265,1.0,1.0,0.8579844219714563,0.8578145362724274,0.5018298267946154,0.002050252149987925,0.006626888079917862,True,8.0,8.0
8,5,100,True,converged,0.009946107864379883,0.0,0.9722469599759468,0.8410553113461904,0.0,True,converged,0.0014493330018012784,0.0,0.0,0.9723441652270052,0.9721516834738593,0.8410532757441288,6.211688898899249e-05,0.00016064003301127064,True,11.0,11.0
8,6,100,True,converged,0.009748220443725586,0.0,1.0157248138947408,0.5918002547108755,0.0,True,converged,0.0012993330019526184,0.0,0.0,1.015826366061635,1.0156252767284297,0.5918003107853081,6.349059995468573e-05,0.00014733155864463048,True,10.0,10.0
8,7,100,True,converged,0.47436094284057617,3.0,1.079986451507511,0.5000000215865744,0.0,True,converged,0.004412916001456324,1.0,1.0,1.0802232305093347,1.0800086667243536,0.5035839340251933,0.004667978217342403,0.014747517939471214,True,12.0,12.0
8,8,100,True,converged,0.26013994216918945,2.0,2.0239283872837976,0.500000327003353,0.0,True,converged,0.016130167001392692,3.0,1.0,2.0243770206523237,2.0239760798966913,0.502617855101097,0.008858621625504375,0.020625973907055114,True,14.0,14.0
8,9,100,True,converged,0.23290777206420898,2.0,0.8050555779637891,0.5000000000000001,0.0,True,converged,0.0038220829956117086,1.0,1.0,0.8051368510083735,0.804977435011509,0.5003495323680439,0.0004797658556807741,0.0015403349338627172,True,8.0,8.0
8,10,100,True,converged,0.3896369934082031,3.0,0.798734860079693,0.5002741680819907,0.0,True,converged,0.005341375006537419,1.0,1.0,0.7988628263492548,0.7987043846832227,0.5019294820480839,0.005191777237679806,0.0169235522342422,True,17.0,17.0
8,11,100,True,converged,0.010161161422729492,0.0,0.9931709886480086,0.5601048307828274,0.0,True,converged,0.0012211670036776923,0.0,0.0,0.993270285883454,0.9930736616707401,0.5600954523217617,6.278174929125886e-05,0.0001350985570512244,True,12.0,12.0
8,12,100,True,converged,0.009969949722290039,0.0,1.5272277544798072,0.6506402268021007,0.0,True,converged,0.0013392089967965148,0.0,0.0,1.5273804467107013,1.5270780919718983,0.6506376389598366,7.785263276033974e-05,0.0001514747678987754,True,12.0,12.0
8,13,100,True,converged,0.2134857177734375,2.0,1.2857708315082377,0.5000000000000001,0.0,True,converged,0.004390167006931733,1.0,1.0,1.2859534901527776,1.285698899403212,0.5114161423483251,0.006751443625557842,0.02214000253298033,True,8.0,8.0
8,14,100,True,converged,0.010235071182250977,0.0,0.8830801193229785,0.922788570930297,0.0,True,converged,0.0013334999966900796,0.0,0.0,0.8831684096733086,0.8829935808319412,0.922790046508069,5.919996550257038e-05,0.00013897456166894206,True,17.0,17.0
8,15,100,True,converged,0.8006970882415771,5.0,1.4117438825551316,0.5000002451062535,0.0,True,converged,0.01971366700308863,3.0,1.0,1.4119479584260892,1.4116671177952576,0.5003872860329419,0.008832436568291089,0.021398916717366157,True,14.0,14.0
8,16,100,True,converged,0.39011406898498535,3.0,1.0464881313592946,0.5001955968907285,0.0,True,converged,0.00467279099393636,1.0,1.0,1.0465879064486916,1.0463768421734785,0.5001591189107123,0.0017878585810980343,0.005704262799645409,True,14.0,14.0
8,17,100,True,converged,0.010055065155029297,0.0,1.1088250872122134,0.6932496460608935,0.0,True,converged,0.001622042000235524,0.0,0.0,1.1089359475444331,1.1087164265734197,0.6932582669364294,6.633655615385857e-05,0.00014998630198766798,True,4.0,4.0
8,18,100,True,converged,0.22024106979370117,2.0,0.7722841488489688,0.49999999999999956,0.0,True,converged,0.004671292001148686,1.0,1.0,0.7723619570935755,0.7722090581572579,0.500639321129499,0.000320801756678374,0.0010438297061660315,True,11.0,11.0
8,19,100,True,converged,0.010620832443237305,0.0,0.6913328462839728,0.7501673535663689,0.0,True,converged,0.0012147920060670003,0.0,0.0,0.6914019657419448,0.6912650982959788,0.7501668050651035,5.23799398663097e-05,0.00014074970347629012,True,11.0,11.0
8,20,100,True,converged,0.3779881000518799,3.0,1.7037389203684083,0.5000277382193752,0.0,True,converged,0.009924375000991859,2.0,1.0,1.7040114146192307,1.7036740114505096,0.504658472430052,0.008232948683129012,0.029636379469480445,True,15.0,15.0
8,21,100,True,converged,0.668597936630249,5.0,1.2636524745008522,0.500000001962596,0.0,True,converged,0.010263625001243781,2.0,1.0,1.2645363190146417,1.2642853968858292,0.507908457284112,0.018475875798421037,0.06145972383850561,True,13.0,13.0
8,22,100,True,converged,0.29007720947265625,2.0,1.4159476708195633,0.5000556760062639,0.0,True,converged,0.0047270830036723055,1.0,1.0,1.4160915655443653,1.4158111850846462,0.5002431266492159,0.0009682112176410787,0.003161239848391555,True,9.0,9.0
8,23,100,True,converged,5.075200080871582,10.0,1.7081327197136054,0.5000000000420155,0.0,True,converged,0.15559154200309422,6.0,1.0,1.687958223022205,1.687620690807993,0.5002848105312709,0.21820950059722294,0.7982403337374542,False,18.0,18.0
8,24,100,True,converged,0.28302693367004395,2.0,1.516818057737791,0.5000142680617397,0.0,True,converged,0.0047217090032063425,1.0,1.0,1.5170015337291334,1.5167011066298397,0.5030044844445307,0.005066059061423797,0.016271492364635567,True,15.0,15.0
8,25,100,True,converged,0.41313815116882324,4.0,1.2960645573189635,0.5000001572495713,0.0,True,converged,0.004826624994166195,1.0,1.0,1.296389055567363,1.2961322338033612,0.5100599686543476,0.016149190734972667,0.05290350893887039,True,16.0,16.0
8,26,100,True,converged,0.6481919288635254,4.0,1.6324585205503435,0.5000000000000008,0.0,True,converged,0.010526292004215065,2.0,1.0,1.6327092142950108,1.632382731858662,0.5000003847205233,0.013086034710811984,0.041986235952441844,True,15.0,15.0
8,27,100,True,converged,1.5084679126739502,4.0,1.4438340931965514,0.5000000000000001,0.0,True,converged,0.0087093750044005,2.0,1.0,1.4439890162509996,1.4436773763295574,0.5000000494878166,0.007375139482519187,0.023125492810056672,True,13.0,13.0
8,28,100,True,converged,0.5223100185394287,3.0,1.53301608515941,0.5000005229387564,0.0,True,converged,0.027814125001896173,4.0,1.0,1.5334792472696601,1.533175436764755,0.5010592372183613,0.011484223059557236,0.03592054779102734,True,15.0,15.0
8,29,100,True,converged,0.2065730094909668,2.0,1.9194077999995152,0.5000448843037739,0.0,True,converged,0.045863583000027575,2.0,1.0,1.9196629273275763,1.919271515582761,0.5013054869646024,0.007555341055613415,0.025187334315257937,True,19.0,19.0
8,30,100,True,converged,0.39776611328125,3.0,1.58440457698216,0.5000000000562876,0.0,True,converged,0.020684916999016423,3.0,1.0,1.5851317496028003,1.584817763663358,0.5037667991777994,0.01941064050922723,0.07021357039551995,True,26.0,26.0
8,31,100,True,converged,0.3022940158843994,3.0,1.6699441071861065,0.5005324979295268,0.0,True,converged,0.0040690410023671575,1.0,1.0,1.670145509006046,1.6698144453486146,0.5012795415572598,0.007421648885882024,0.024352162878966112,True,21.0,21.0
8,32,100,True,converged,0.009892940521240234,0.0,0.9552630731138252,0.7132477077491923,0.0,True,converged,0.0013069160049781203,0.0,0.0,0.9553585803158757,0.9551694609680167,0.713249253038966,6.157194811798448e-05,0.00012587520727961883,True,9.0,9.0
8,33,100,True,converged,0.45939207077026367,3.0,1.1783863217394226,0.5,0.0,True,converged,0.0099687920010183,2.0,1.0,1.1786260544855431,1.1783925493823253,0.5005639682306626,0.004106303635493269,0.012532238717877718,True,14.0,14.0
8,34,100,True,converged,0.01041102409362793,0.0,1.2710320069377485,0.6992331679026322,0.0,True,converged,0.001366042000881862,0.0,0.0,1.2711590847178025,1.2709074506381175,0.6992308705257647,7.102310310254987e-05,0.00014320265241320418,True,13.0,13.0
8,35,100,True,converged,0.43490004539489746,3.0,1.2517863321993716,0.5002383609579173,0.0,True,converged,0.004563374997815117,1.0,1.0,1.2519943324542682,1.2517462696251138,0.5036566239907959,0.002408275516948375,0.007760441913338782,True,14.0,14.0
8,36,100,True,converged,0.5127580165863037,3.0,0.8949129353149029,0.5000001019138816,0.0,True,converged,0.010566749995632563,2.0,1.0,0.8951476339737421,0.8949698632771786,0.5019687228877472,0.00811217583134786,0.02624266563931285,True,14.0,14.0
8,37,100,True,converged,0.3737342357635498,3.0,2.072287965946358,0.49999999999999983,0.0,True,converged,0.015494874998694286,3.0,1.0,2.0725097119421694,2.072099186839421,0.5000692750159892,0.0036241121042440466,0.012303803273723322,True,18.0,18.0
8,38,100,True,converged,0.010249137878417969,0.0,1.9508770016524979,0.8612295174825847,0.0,True,converged,0.0014309580001281574,0.0,0.0,1.951072050335124,1.9506858231306083,0.8612310292390875,8.799061320755098e-05,0.0001649522461693009,True,19.0,19.0
8,39,100,True,converged,0.010005950927734375,0.0,0.9049112642229254,0.715415332489482,0.0,True,converged,0.0013793340040137991,0.0,0.0,0.9050017372511232,0.9048225863627692,0.7154184198969736,5.992725664280401e-05,0.00014075555945601575,True,9.0,9.0
8,40,100,True,converged,0.010145187377929688,0.0,1.2765196913060075,0.8594514258963573,0.0,True,converged,0.0013388329971348867,0.0,0.0,1.276647317744745,1.276394597234193,0.8594592084087885,7.117625919425223e-05,0.00015075918921103452,True,16.0,16.0
8,41,100,True,converged,0.010333776473999023,0.0,0.9368675673366099,0.5930482741873992,0.0,True,converged,0.0014969580006436445,0.0,0.0,0.9369612353559926,0.9367757578803615,0.5930388511549476,6.097622053838809e-05,0.00015686188631326535,True,17.0,17.0
8,42,100,True,converged,0.4970870018005371,3.0,1.5699106972571497,0.5001617828691971,0.0,True,converged,0.004712959002063144,1.0,1.0,1.5700703467150066,1.5697578112488446,0.500171415263502,0.0008690535060054747,0.0028410312689280876,True,14.0,14.0
8,43,100,True,converged,0.26174187660217285,2.0,1.764582082037165,0.500031198469696,0.0,True,converged,0.00488795799901709,1.0,1.0,1.7648454213224594,1.7644960527645395,0.519868894976315,0.006637668873381292,0.021664054319364245,True,16.0,16.0
8,44,100,True,converged,0.11316680908203125,1.0,0.5682035168538272,0.5000000000000002,0.0,True,converged,0.00476691600488266,1.0,1.0,0.5682609331356625,0.5681484417148789,0.5009495099410247,0.00026987288959150196,0.0008856346755313503,True,8.0,8.0
8,45,100,True,converged,0.49155402183532715,4.0,0.8745922218764925,0.5000442537058855,0.0,True,converged,0.004680500001995824,1.0,1.0,0.8747554152537853,0.8745818805658764,0.5029164208264731,0.009508126156607184,0.03071727142547893,True,18.0,18.0
8,46,100,True,converged,0.4433250427246094,3.0,1.4572989781743801,0.5000893747580247,0.0,True,converged,0.008730041998205706,2.0,1.0,1.4574422772365248,1.4571447389840828,0.5001044987562538,0.003505381539658153,0.01076350805288704,True,17.0,17.0
8,47,100,True,converged,0.1965639591217041,2.0,0.8390302629284173,0.5,0.0,True,converged,0.009406791999936104,2.0,1.0,0.8391149279560659,0.8389486390393442,0.5000782061787772,0.0005567971612590751,0.0016296681830679023,True,16.0,16.0
8,48,100,True,converged,0.27405428886413574,2.0,0.950157796288595,0.5002500173503301,0.0,True,converged,0.004009458003565669,1.0,1.0,0.9502774816126243,0.9500893025175557,0.5023635563440161,0.0037286939589417077,0.012106647860481734,True,13.0,13.0
8,49,100,True,converged,0.7031481266021729,4.0,1.3585740603748984,0.5000000010018726,0.0,True,converged,0.0050393749988870695,1.0,1.0,1.3588247766167472,1.358555040937717,0.5026896621470367,0.007413967448491019,0.02385658662594156,True,17.0,17.0
10,0,100,True,converged,0.9545438289642334,3.0,2.0991079018461405,0.4999999999999998,0.0,True,converged,0.013487874995917082,2.0,1.0,2.09934311750636,2.0989268569598494,0.5000541785149397,0.004414136694541097,0.01577631911309714,True,24.0,24.0
10,1,100,True,converged,0.3873410224914551,2.0,1.073963456591874,0.5000000000000011,0.0,True,converged,0.00698312500026077,1.0,1.0,1.0740721484910916,1.073859128191685,0.50009498228844,0.0018043335315264598,0.0065869192828022045,True,13.0,13.0
10,2,100,True,converged,1.0138921737670898,4.0,0.9103474650036257,0.500000941232283,0.0,True,converged,0.014338291999592911,2.0,1.0,0.9104843503420275,0.9103036266860749,0.5001703967857838,0.002446801120929698,0.00963107080852903,True,25.0,25.0
10,3,100,True,converged,2.124958038330078,4.0,1.4688668192614622,0.49999999999999967,0.0,True,converged,0.05668175000027986,5.0,1.0,1.469250837584849,1.4689581114921735,0.5000024602982186,0.007519247339638553,0.032092286801307844,True,30.0,30.0
10,4,100,True,converged,1.0938889980316162,5.0,1.8149883410167758,0.5000000000000001,0.0,True,converged,0.01289412500045728,2.0,1.0,1.8152906852258164,1.8149308775526845,0.5019271015475995,0.016070840681092557,0.05822110916029932,True,26.0,26.0
10,5,100,True,converged,1.313748836517334,3.0,1.1916425038593572,0.5000321222515377,0.0,True,converged,0.006985874999372754,1.0,1.0,1.1917851656331195,1.1915491617825718,0.5016792986278112,0.0020579256113921534,0.007551562756153187,True,16.0,16.0
10,6,100,True,converged,0.012655258178710938,0.0,1.5219848052817317,0.563788921148065,0.0,True,converged,0.002315790996362921,0.0,0.0,1.5221369733225643,1.5218356565628908,0.5637911913705982,8.217771502546578e-05,0.00016750957460653606,True,17.0,17.0
10,7,100,True,converged,0.7579879760742188,3.0,1.5425825721228656,0.50000512194585,0.0,True,converged,0.014350249999552034,2.0,1.0,1.5428627795799459,1.5425570398091801,0.5003444827613811,0.010595307716869218,0.0446036347225294,True,21.0,21.0
10,8,100,True,converged,0.7676510810852051,3.0,1.4620868770737343,0.500102061183364,0.0,True,converged,0.006430375004129019,1.0,1.0,1.4623676250087745,1.4620779853133246,0.5090302841145298,0.010744795045333195,0.039046042967018926,True,19.0,19.0
10,9,100,True,converged,1.481942892074585,6.0,1.9574777429346168,0.500000002151612,0.0,True,converged,0.03798799999640323,4.0,1.0,1.9588097149750132,1.9584186951626728,0.500004906600374,0.177187411861819,0.7384849101116225,False,30.0,30.0
10,10,100,True,converged,0.6869149208068848,3.0,1.2401974352453762,0.5000014549733599,0.0,True,converged,0.024443457994493656,3.0,1.0,1.2403456642821078,1.240099523198377,0.5000000774283188,0.006549212555996288,0.022976969627030108,True,12.0,12.0
10,11,100,True,converged,0.012430667877197266,0.0,1.3183628669703198,0.9911004370945663,0.0,True,converged,0.0021174169960431755,0.0,0.0,1.3184946768897605,1.318233672426529,0.9911032834708139,7.64832588127485e-05,0.00017962566854627456,True,20.0,20.0
10,12,100,True,converged,0.3712892532348633,2.0,2.0203197509448017,0.4999999999999996,0.0,True,converged,0.006612083998334128,1.0,1.0,2.0205220360100853,2.0201216094506265,0.5000124165212844,0.0002659379948946092,0.0009139983956962654,True,29.0,29.0
10,13,100,True,converged,1.7153732776641846,6.0,1.5233986051933956,0.500000001374785,0.0,True,converged,0.044019125001796056,4.0,1.0,1.5238324855331167,1.5235289504701897,0.5004720487299641,0.02359863096482587,0.08469934720332128,True,23.0,23.0
10,14,100,True,converged,0.6173281669616699,3.0,1.4900937789484354,0.5000000427179865,0.0,True,converged,0.006627000002481509,1.0,1.0,1.4905351179029953,1.4902400544060919,0.550339653490715,0.009123749461270605,0.033340121518739316,True,26.0,26.0
10,15,100,True,converged,0.012413263320922852,0.0,0.900422003198386,0.6725303065551861,0.0,True,converged,0.0021344169945223257,0.0,0.0,0.9005120273902663,0.9003337652687253,0.6725228827023633,6.32079860048877e-05,0.00012527618126596416,True,20.0,20.0
10,16,100,True,converged,0.918687105178833,3.0,1.0248554046859852,0.5000024368832438,0.0,True,converged,0.03699425000377232,4.0,1.0,1.0250205997548303,1.0248064840778472,0.5000285210338217,0.004336928400105199,0.01772120253281808,True,17.0,17.0
10,17,100,True,converged,0.3746919631958008,2.0,1.0557589653092474,0.5000152112975241,0.0,True,converged,0.0070490840007551014,1.0,1.0,1.055904803253915,1.055695634627808,0.5045554060544017,0.007430574829530628,0.026915830280805235,True,23.0,23.0
10,18,100,True,converged,0.012455224990844727,0.0,1.3554086185278829,0.7428681350706198,0.0,True,converged,0.002358457997615915,0.0,0.0,1.3555441322815636,1.3552757936414204,0.7428620821060277,7.755039683366168e-05,0.00017514293820025803,True,15.0,15.0
10,19,100,True,converged,1.5371370315551758,3.0,1.8167763696342814,0.5000260393618411,0.0,True,converged,0.006246666998777073,1.0,1.0,1.8171146950465864,1.8167517343233568,0.5028287120734073,0.0024680600166319105,0.008618199073072456,True,25.0,25.0
10,20,100,True,converged,0.012480020523071289,0.0,1.7679993110472814,0.5247038041363477,0.0,True,converged,0.0021512910025194287,0.0,0.0,1.7681760756184006,1.76782605384311,0.5247029759252071,8.857067384356263e-05,0.00017047599893434283,True,17.0,17.0
10,21,100,True,converged,0.35310983657836914,2.0,0.9548977399750992,0.4999999999999997,0.0,True,converged,0.006892999997944571,1.0,1.0,0.9550141085243286,0.9548248933638573,0.5021612488180163,0.0035724721675487402,0.012646668335695003,True,24.0,24.0
10,22,100,True,converged,1.3624060153961182,4.0,1.6539212844863354,0.5000000001320223,0.0,True,converged,0.02322016700054519,3.0,1.0,1.6543448621444965,1.6540150257049915,0.5024259089969715,0.010201851393099644,0.03160179791703954,True,19.0,19.0
10,23,100,True,converged,0.6875820159912109,3.0,1.2326247267793957,0.5000388004978936,0.0,True,converged,0.015684750003856607,2.0,1.0,1.2327623657742974,1.2325169037744208,0.5000201885082122,0.005286848459414399,0.01929962842389386,True,21.0,21.0
10,24,100,True,converged,0.5169661045074463,2.0,1.1817213875536579,0.5000516000647972,0.0,True,converged,0.006631833006395027,1.0,1.0,1.181868176270636,1.181634203868511,0.5069373819948665,0.004528268281563506,0.01640642155066981,True,21.0,21.0
10,25,100,True,converged,0.42910003662109375,2.0,2.052598969183826,0.5001784059620393,0.0,True,converged,0.006355708996125031,1.0,1.0,2.052847339555225,2.052440903772364,0.5063950834915099,0.006740836933811868,0.024524012328430867,True,28.0,28.0
10,26,100,True,converged,2.687784194946289,4.0,1.5465250152788763,0.5000000002833086,0.0,True,converged,0.013895000003685709,2.0,1.0,1.5468640238298237,1.5465567567622547,0.5054336315951133,0.002090719025619209,0.007316593203701766,True,19.0,19.0
10,27,100,True,converged,0.9855852127075195,3.0,1.5742838062427464,0.5000001695229317,0.0,True,converged,0.017624667001655325,2.0,1.0,1.574822754059392,1.574510967427484,0.5018299651566829,0.004702386802546859,0.01853137062847021,True,23.0,23.0
10,28,100,True,converged,0.6231598854064941,3.0,1.423018699774912,0.5000394706272641,0.0,True,converged,0.007042750003165565,1.0,1.0,1.4233525246828485,1.4230707155302864,0.5183660751681474,0.009070336947450333,0.03328285234485684,True,24.0,24.0
10,29,100,True,converged,0.012360811233520508,0.0,1.0583900603515615,0.5338096540090778,0.0,True,converged,0.0021474999957717955,0.0,0.0,1.0584958781897957,1.058286342153464,0.5338179092886324,6.852858735440814e-05,0.00020244078822446995,True,11.0,11.0
10,30,100,True,converged,0.5821812152862549,3.0,0.8465906204237332,0.5000005927222066,0.0,True,converged,0.0055946669963304885,1.0,1.0,0.8468134466202575,0.8466457492505299,0.514617697785021,0.011998723855663895,0.043973026462581694,True,18.0,18.0
10,31,100,True,converged,0.40323877334594727,2.0,1.121217455011363,0.5000731943222527,0.0,True,converged,0.007179209002060816,1.0,1.0,1.121361501392538,1.1211395051564013,0.5047327321603563,0.00171805812686531,0.006239281245355443,True,27.0,27.0
10,32,100,True,converged,0.012476205825805664,0.0,0.9257260497166228,1.2740524526318477,0.0,True,converged,0.0020524999999906868,0.0,0.0,0.9258186038070736,0.9256353320867005,1.2740422410108367,6.408998139289962e-05,0.0001827386024913789,True,9.0,9.0
10,33,100,True,converged,0.6881101131439209,3.0,0.8504400908982246,0.5000000002389648,0.0,True,converged,0.014180874997691717,2.0,1.0,0.8506469694183537,0.8504782334590677,0.5034187901100289,0.006609069249308505,0.02376009927900753,True,17.0,17.0
10,34,100,True,converged,1.9213087558746338,4.0,1.4827920539687967,0.5000000000753438,0.0,True,converged,0.02507412499835482,3.0,1.0,1.4833747912324238,1.483079154220461,0.5002053329596696,0.005683624246531749,0.021941702818360984,True,27.0,27.0
10,35,100,True,converged,1.5131027698516846,4.0,0.6029066553002744,0.5000014269006764,0.0,True,converged,0.053905458000372164,3.0,1.0,0.6034174179670674,0.6033332562728341,0.5000051916632501,0.01819352856849302,0.052372157315277904,True,20.0,20.0
10,36,100,True,converged,1.3737857341766357,3.0,0.9130670970653845,0.50011516463504,0.0,True,converged,0.014357207997818477,2.0,1.0,0.9131840777742792,0.9130017131278044,0.5001783256836689,0.0031320071457787723,0.010888539323693474,True,31.0,31.0
10,37,100,True,converged,0.8192138671875,3.0,0.5844091859015388,0.5000000364558781,0.0,True,converged,0.005640417002723552,1.0,1.0,0.5844931209246624,0.5843773828983507,0.5028397938316027,0.0018767372231578482,0.006839185287767121,True,15.0,15.0
10,38,100,True,converged,0.6366441249847412,2.0,1.8780706315136886,0.500000602214221,0.0,True,converged,0.016461958999570925,2.0,1.0,1.878270675886344,1.8778976429396792,0.5000856544691984,0.001231631299412499,0.004992391262672596,True,24.0,24.0
10,39,100,True,converged,0.6354308128356934,2.0,1.7031639948490387,0.5000022060524159,0.0,True,converged,0.04310129199438961,4.0,1.0,1.7035180773769445,1.7031770012194698,0.5001336009591192,0.014153170852856124,0.052327581005757594,True,32.0,32.0
10,40,100,True,converged,0.9251987934112549,3.0,1.2485473521019887,0.500196544959538,0.0,True,converged,0.007171792000008281,1.0,1.0,1.2486762328048333,1.2484281132821289,0.5002525382046201,0.0018252792873143459,0.006668954033857019,True,18.0,18.0
10,41,100,True,converged,0.7389481067657471,3.0,0.6781187987087972,0.500000002378252,0.0,True,converged,0.007155833001888823,1.0,1.0,0.6782185890423168,0.6780842958047306,0.5044409500115715,0.004736305481029443,0.017229719697512295,True,21.0,21.0
10,42,100,True,converged,0.7056679725646973,3.0,1.1173702601772897,0.500000006432343,0.0,True,converged,0.02396795799722895,3.0,1.0,1.1175893223130322,1.1173676473034322,0.500471329669075,0.011906424914366276,0.04719889240070744,True,12.0,12.0
10,43,100,True,converged,0.5485110282897949,2.0,1.6696582142389644,0.5000000000000003,0.0,True,converged,0.006400624995876569,1.0,1.0,1.6698265704247852,1.6694959407575805,0.5004311430136565,0.0007872238534845576,0.0028521951409081693,True,26.0,26.0
10,44,100,True,converged,0.7628731727600098,3.0,1.133246768869431,0.5000004850937803,0.0,True,converged,0.006568250006239396,1.0,1.0,1.1334559359993897,1.1332315570916403,0.5144100566521839,0.003276349608280439,0.01198363845253134,True,19.0,19.0
10,45,100,True,converged,0.48621320724487305,2.0,1.0440259321915533,0.5000214275367736,0.0,True,converged,0.007226959001854993,1.0,1.0,1.0441349146717414,1.043926649882499,0.5001698957644687,0.0019275312487237119,0.006820070273984252,True,30.0,30.0
10,46,100,True,converged,0.36243605613708496,2.0,1.2674354391179938,0.5000000000000003,0.0,True,converged,0.0071843749974505045,1.0,1.0,1.2675655880946075,1.2673143480708442,0.5004016713426804,0.0017879471656513724,0.006387439156816954,True,21.0,21.0
10,47,100,True,converged,0.01234889030456543,0.0,0.7091983502616122,0.7309246931620788,0.0,True,converged,0.002122917001543101,0.0,0.0,0.7092692559126714,0.709128851522217,0.7309267113616237,5.609611198644842e-05,0.00015614468293283524,True,13.0,13.0
10,48,100,True,converged,0.012460947036743164,0.0,1.2554667913530873,0.6041870975952904,0.0,True,converged,0.002206624994869344,0.0,0.0,1.255592312922887,1.2553437603853486,0.6041542698593914,7.463654338160539e-05,0.00016220755040837192,True,30.0,30.0
10,49,100,True,converged,0.7250800132751465,4.0,1.7609513414546225,0.5000103391036277,0.0,True,converged,0.006468040999607183,1.0,1.0,1.7611850613699382,1.7608361529618712,0.5025889506121369,0.009203871736594316,0.03376995737914774,True,14.0,14.0
12,0,100,True,converged,1.3400309085845947,2.0,1.8786605635031661,0.5001146467018351,0.0,True,converged,0.009973708998586517,1.0,1.0,1.8788566491765517,1.878484554169745,0.501135834107138,0.0030813274216481457,0.012271923155407238,True,32.0,32.0
12,1,100,True,converged,2.800055980682373,4.0,1.5057413703710973,0.5000000022869054,0.0,True,converged,0.03242362500168383,3.0,1.0,1.5061635593628697,1.5058647510438457,0.5000083934760681,0.01853664735539059,0.07504417188264001,True,31.0,31.0
12,2,100,True,converged,0.8462932109832764,2.0,0.8230980270737874,0.5000000000000002,0.0,True,converged,0.01082341700384859,1.0,1.0,0.823186431675553,0.8230234689605039,0.5052409995282949,0.0017663930702415589,0.007096214082141451,True,19.0,19.0
12,3,100,True,converged,6.362043142318726,4.0,1.172627030199786,0.5000000005170414,0.0,True,converged,0.039659665999352,3.0,1.0,1.1729979282901635,1.1727597343479856,0.5001560668684965,0.01350906873734623,0.04955172922643115,True,28.0,28.0
12,4,100,True,converged,2.7987570762634277,4.0,1.6709436005632825,0.5000008136309092,0.0,True,converged,0.008696667006006464,1.0,1.0,1.671229956746497,1.6708989330955257,0.5070808304333354,0.011320377775704066,0.04544707610251677,True,35.0,35.0
12,5,100,True,converged,2.2974629402160645,3.0,1.4093458989394134,0.5000308815596735,0.0,True,converged,0.033366332994773984,3.0,1.0,1.4095475065588963,1.4092681350369458,0.5004996228525745,0.0048024306917036925,0.016591947351794905,True,35.0,35.0
12,6,100,True,converged,5.69334602355957,6.0,1.7950963859140578,0.5000000000001373,0.0,True,converged,0.11568766700656852,6.0,1.0,1.7942002785497526,1.7938439229605851,0.5004200462280987,0.18989309704104004,0.6399202461694317,False,45.0,45.0
12,7,100,True,converged,1.8108680248260498,2.0,1.2251796720105155,0.500051426764084,0.0,True,converged,0.019644667001557536,2.0,1.0,1.2253330137282108,1.2250904202890593,0.501257602640645,0.004037100261092367,0.015469838876333379,True,19.0,19.0
12,8,100,True,converged,2.90734601020813,4.0,1.8475090203829454,0.5000000000014317,0.0,True,converged,0.05372191600326914,4.0,1.0,1.8478260303018212,1.8474590312699435,0.5004548578235701,0.009845794508178345,0.03726193468919499,True,41.0,41.0
12,9,100,True,converged,0.01475834846496582,0.0,1.4957876459212722,0.6205913856685649,0.0,True,converged,0.0028305000014370307,0.0,0.0,1.495937194770111,1.4956410644243523,0.6205856009913439,8.526664706175753e-05,0.00016863094350702285,True,30.0,30.0
12,10,100,True,converged,0.014929771423339844,0.0,1.305234804111252,0.8535058895979315,0.0,True,converged,0.003223333005735185,0.0,0.0,1.305365301486967,1.3051068960676602,0.8535062560962876,7.965050569666687e-05,0.00017745487011283024,True,21.0,21.0
12,11,100,True,converged,6.555743217468262,7.0,1.7745009283647113,0.4999999999999997,0.0,True,converged,0.2368736250064103,6.0,1.0,1.7900787607910789,1.788537135189796,0.5007688840892861,0.047517522397742866,0.19831151714876677,True,41.0,41.0
12,12,100,True,converged,3.378917932510376,4.0,1.6783565369000828,0.5000000004322056,0.0,True,converged,0.01872183300292818,2.0,1.0,1.6786433008835862,1.6783101719286126,0.5016890815205025,0.00845006265995464,0.03239147051581553,True,21.0,21.0
12,13,100,True,converged,0.014586925506591797,0.0,0.9285807168053484,1.2995856560251802,0.0,True,converged,0.0031755419986438937,0.0,0.0,0.9286735563054144,0.9284897194289148,1.2995980079213203,6.718217269254198e-05,0.00017712619046044564,True,28.0,28.0
12,14,100,True,converged,1.25156831741333,2.0,1.0743695033096965,0.5000100921563528,0.0,True,converged,0.018724624998867512,2.0,1.0,1.074522796518685,1.0743100247059052,0.505533617436768,0.00686599106620374,0.026881798382660884,True,45.0,45.0
12,15,100,True,converged,3.885429859161377,4.0,0.9780092865977201,0.5000000000341461,0.0,True,converged,0.019259207998402417,2.0,1.0,0.9782098021409067,0.9780151622695087,0.5009502892443128,0.0076169456104030675,0.027564510322269888,True,27.0,27.0
12,16,100,True,converged,2.34991717338562,3.0,1.0230741766737153,0.5000002268970614,0.0,True,converged,0.04336000000330387,3.0,1.0,1.023241668479387,1.0230374306508339,0.5000273341689633,0.00561652357080218,0.02170390666864148,True,32.0,32.0
12,17,100,True,converged,3.830782890319824,5.0,1.9008788621274353,0.4999999999999998,0.0,True,converged,0.09771683399594622,5.0,1.0,1.901343608213614,1.9009663139259279,0.5000164681297034,0.021690780633115248,0.08455199502640598,True,46.0,46.0
12,18,100,True,converged,1.3924129009246826,3.0,2.021000184969067,0.5000013874331513,0.0,True,converged,0.02101891599886585,2.0,1.0,2.0212159251752113,2.020815333587039,0.5009583762318299,0.003708529587603302,0.016969094871834123,True,39.0,39.0
12,19,100,True,converged,1.8274619579315186,3.0,2.087456193029593,0.4999999999999998,0.0,True,converged,0.03335929100285284,3.0,1.0,2.087820873822074,2.087407515200614,0.5039148468330723,0.006540759869723046,0.025183205664150513,True,41.0,41.0
12,20,100,True,converged,2.8712878227233887,5.0,1.5723131653040123,0.5000000001855784,0.0,True,converged,0.03417054099554662,3.0,1.0,1.5726185927851584,1.5723057143510457,0.5000002957182528,0.01792787995460863,0.07297352748920544,True,45.0,45.0
12,21,100,True,converged,2.562466859817505,4.0,1.6818431126856868,0.49999999999999883,0.0,True,converged,0.03225854199990863,3.0,1.0,1.6820322341981906,1.6816984583435135,0.5002375480086082,0.006337955474217651,0.02580225617844196,True,31.0,31.0
12,22,100,True,converged,4.858055114746094,5.0,1.6613191622567764,0.5000000113577476,0.0,True,converged,0.05293054200592451,4.0,1.0,1.6617298874775592,1.6613992289119066,0.5003306818121026,0.014390658645245866,0.04557605040732439,True,28.0,28.0
12,23,100,True,converged,4.738770008087158,5.0,1.9188576005042937,0.5000000001765282,0.0,False,max_contacts,50.931585167003504,30.0,6.0,145412.2607006039,232443.73580674003,0.25582916946423356,64.53634895092965,184.3468037256593,False,37.0,149.0
12,24,100,True,converged,3.884340286254883,3.0,1.1398630487847108,0.5000907083693905,0.0,True,converged,0.01036779100104468,1.0,1.0,1.1401386258271644,1.1399008576440075,0.5011612405739976,0.009582335706157814,0.03655397016934391,True,15.0,15.0
12,25,100,True,converged,2.468275785446167,3.0,1.5261035496419593,0.5000000000000001,0.0,True,converged,0.03384620799624827,3.0,1.0,1.5263028401814038,1.5259996515259286,0.5000019163260438,0.0034476260727419107,0.012029178360855146,True,34.0,34.0
12,26,100,True,converged,3.6393861770629883,3.0,1.7343904359060325,0.5000029031693258,0.0,True,converged,0.034362999998847954,3.0,1.0,1.7347051927941317,1.734361082318603,0.5012704096172395,0.006527915058444012,0.02579299834208665,True,48.0,48.0
12,27,100,True,converged,2.923475980758667,4.0,1.617225733640828,0.5000000000005966,0.0,True,converged,0.03425825000158511,3.0,1.0,1.6175793698035146,1.6172588078094163,0.5033692472907727,0.01470957678600892,0.03638305951235,True,40.0,40.0
12,28,100,True,converged,2.2202491760253906,3.0,1.3425011273575287,0.5,0.0,True,converged,0.019688624997797888,2.0,1.0,1.3427047032609367,1.3424380295330407,0.5020952777403764,0.00922696436474377,0.03413914726938282,True,37.0,37.0
12,29,100,True,converged,2.3215491771698,3.0,2.1072153056482246,0.49999999999999917,0.0,True,converged,0.03316104199620895,3.0,1.0,2.107485162304355,2.107067013239223,0.5014228092915246,0.007176852778149022,0.025357727536815682,True,41.0,41.0
12,30,100,True,converged,1.2727859020233154,2.0,0.7807998411988647,0.5000081327597222,0.0,True,converged,0.032221000001300126,3.0,1.0,0.7809319462270444,0.7807766934724851,0.5002808866433206,0.007289756189694055,0.02321524613789047,True,25.0,25.0
12,31,100,True,converged,7.569430112838745,6.0,1.591972608613697,0.5000000000114642,0.0,True,converged,0.08523454199894331,5.0,1.0,1.5923920597621404,1.5920717909852697,0.5006244975113384,0.014710742008423705,0.057216600395848416,True,35.0,35.0
12,32,100,True,converged,10.62118673324585,3.0,1.9159918732235612,0.5000007638683435,0.0,True,converged,0.03326008399744751,3.0,1.0,1.916357906868407,1.9159736000574918,0.5006406014116414,0.01180201515440537,0.04268006065261815,True,38.0,38.0
12,33,100,True,converged,6.29732608795166,5.0,0.9675023561479962,0.500000000000001,0.0,True,converged,0.06426670899963938,4.0,1.0,0.9679433851093154,0.967750379290907,0.5009984193606651,0.019074732702088065,0.062112181592657474,True,32.0,32.0
12,34,100,True,converged,3.7320520877838135,4.0,1.1459858693126297,0.5000000000000002,0.0,True,converged,0.052795916999457404,4.0,1.0,1.1461927447606812,1.1459653122712963,0.5003749601887818,0.007331101378282573,0.02117235516760377,True,30.0,30.0
12,35,100,True,converged,11.747631072998047,4.0,1.4723211276730674,0.5000000022667155,0.0,True,converged,0.4440494160007802,9.0,1.0,1.473330738277411,1.4730332710143808,0.5002814456509671,0.036225135740390546,0.12705065532581317,True,32.0,32.0
12,36,100,True,converged,0.014976024627685547,0.0,0.9105958042142226,0.6982433128331829,0.0,True,converged,0.0030982500029494986,0.0,0.0,0.9106868455827279,0.9105065692907794,0.6982395251734806,6.652839359361503e-05,0.00014612981807190958,True,31.0,31.0
12,37,100,True,converged,3.5655691623687744,4.0,1.580457686491643,0.5000008015215375,0.0,True,converged,0.019372333998035174,2.0,1.0,1.5809096962505644,1.5805962099714623,0.5011832870354707,0.008912420012740686,0.0355220511642788,True,34.0,34.0
12,38,100,True,converged,0.014955997467041016,0.0,1.2760817079933686,0.8759033315889634,0.0,True,converged,0.0031537499962723814,0.0,0.0,1.276209290642534,1.2759566568422513,0.8759020787190709,7.875596480883273e-05,0.00019757197770187737,True,22.0,22.0
12,39,100,True,converged,2.7252862453460693,4.0,0.7846030384883182,0.5000000000000004,0.0,True,converged,0.03313595899817301,3.0,1.0,0.784768500967542,0.7846127037751224,0.5003150984986156,0.008383186779853875,0.034309310042129185,True,30.0,30.0
12,40,100,True,converged,3.1419241428375244,4.0,1.260426949678957,0.5000000010540954,0.0,True,converged,0.0193720419993042,2.0,1.0,1.2607912989252108,1.260540166680439,0.5011444667174818,0.01137654448582261,0.0368778843350662,True,32.0,32.0
12,41,100,True,converged,8.104978799819946,7.0,1.6589748389658854,0.5000000001403249,0.0,True,converged,0.29665099999692757,8.0,1.0,1.660896555391474,1.6605612344286051,0.5000409608114952,0.034517627610811695,0.09328997309952493,True,34.0,34.0
12,42,100,True,converged,10.851208925247192,5.0,1.6659285430457202,0.5000000379910607,0.0,True,converged,0.5149108330006129,7.0,1.0,2.291826892170022,2.302952185592151,0.5000002066423435,0.5887389966133114,1.9888418642779624,False,37.0,41.0
12,43,100,True,converged,1.474377155303955,3.0,2.0428668525746123,0.5000000000000002,0.0,True,converged,0.03346691600017948,3.0,1.0,2.0431041188779218,2.0426994439596697,0.500155539985188,0.005889964774963563,0.021657785050021583,True,47.0,47.0
12,44,100,True,converged,1.699437141418457,3.0,1.3248076466206218,0.49999224450843593,0.0,True,converged,0.03596220799954608,3.0,1.0,1.3250515115325712,1.3247891196733967,0.500700887039299,0.004760291124052095,0.01699422346243057,True,30.0,30.0
12,45,100,True,converged,2.435020923614502,4.0,1.3934825701454054,0.5000000010392639,0.0,True,converged,0.020066749995748978,2.0,1.0,1.3938723039679435,1.3935958557498829,0.5000003099040042,0.013511843480902383,0.05594015195886434,True,41.0,41.0
12,46,100,True,converged,3.0698869228363037,4.0,1.3557579794399424,0.5000000015454703,0.0,True,converged,0.06348725000134436,4.0,1.0,1.3563674863651791,1.3560965123132769,0.5000043308418947,0.025975025392271915,0.10351454173136948,True,30.0,30.0
12,47,100,True,converged,0.9527218341827393,2.0,1.3116399149778206,0.5000000000000007,0.0,True,converged,0.010314415994798765,1.0,1.0,1.3117828358102148,1.3115231448632216,0.5060572415091494,0.0029739735743288228,0.011938079214401607,True,27.0,27.0
12,48,100,True,converged,3.2981510162353516,3.0,1.985907157548405,0.5000097446026274,0.0,True,converged,0.01876487499976065,2.0,1.0,1.9862053048224257,1.9858119191598467,0.5017811269957673,0.005209542772264294,0.018768833174514932,True,44.0,44.0
12,49,100,True,converged,3.786055088043213,4.0,1.8071385334801264,0.5,0.0,True,converged,0.09339516700129025,5.0,1.0,1.80803693640849,1.8076753592478796,0.5000028876394432,0.024827653574598263,0.1007401424039766,True,43.0,43.0
14,0,100,True,converged,3.515408992767334,3.0,1.9207390960717325,0.5000000007091767,0.0,True,converged,0.1610688750006375,6.0,1.0,1.9209947590846737,1.9206081643170925,0.5000000033382084,0.010789148340974476,0.04536460884986354,True,44.0,44.0
14,1,100,True,converged,2.7264199256896973,3.0,2.147596388813704,0.5000001250304648,0.0,True,converged,0.04578941599902464,3.0,1.0,2.1478300124050245,2.1474043323947747,0.5000999791439025,0.002221246553273234,0.009026657537598617,True,50.0,50.0
14,2,100,True,converged,4.392667770385742,4.0,1.457420784944929,0.500000009951519,0.0,True,converged,0.07179116600309499,4.0,1.0,1.4576460704816017,1.4573567988514546,0.5000028146083609,0.011126360522879719,0.041185152427127655,True,45.0,45.0
14,3,100,True,converged,4.355933904647827,4.0,1.951802350271618,0.500000002118181,0.0,True,converged,0.13754279199929442,3.0,1.0,1.9523555508517345,1.9519685814812615,0.500237991031747,0.011405334937609403,0.035830292137430955,True,57.0,57.0
14,4,100,True,converged,2.9785871505737305,3.0,1.9137529273112628,0.5002316276175746,0.0,True,converged,0.02750220899906708,2.0,1.0,1.9141386926504111,1.913759733640402,0.5073389318230914,0.019108039488293253,0.09482492586773623,True,57.0,57.0
14,5,100,True,converged,11.205029010772705,3.0,1.5169003285715668,0.5000094114672022,0.0,True,converged,0.027420958002039697,2.0,1.0,1.5170710009606392,1.5167663103033067,0.5001211170326313,0.004689794076730756,0.019526268833529432,True,30.0,30.0
14,6,100,True,converged,3.6808419227600098,5.0,1.765539213116808,0.49999800983158427,0.0,True,converged,0.025791166997805703,2.0,1.0,1.7657763507291038,1.7654264837185092,0.5013757515217421,0.010550433667271335,0.04327003497432087,True,56.0,56.0
14,7,100,True,converged,8.138740062713623,6.0,1.9900377200703812,0.4999999999999999,0.0,True,converged,0.12810349999926984,5.0,1.0,1.9906901194754218,1.990294380361187,0.500003394696413,0.020110755978738504,0.07055253047302588,True,60.0,60.0
14,8,100,True,converged,2.9424850940704346,3.0,1.465610601763878,0.50000179136743,0.0,True,converged,0.07291224999789847,4.0,1.0,1.4657789103703456,1.4654883805356584,0.5000000943951457,0.0025335922389688797,0.009305676459738045,True,38.0,38.0
14,9,100,True,converged,3.392307996749878,3.0,1.2423490838397562,0.5000071382758762,0.0,True,converged,0.07218695899791783,4.0,1.0,1.2424813515075832,1.242234929638136,0.5000889077123327,0.003040450721926476,0.012754713759635574,True,42.0,42.0
14,10,100,True,converged,4.702963829040527,4.0,2.0218083753517964,0.5000000061560943,0.0,True,converged,0.06973912499961443,4.0,1.0,2.0220743220199706,2.0216729393544965,0.5000179440425776,0.005484580705249894,0.02420514208553983,True,50.0,50.0
14,11,100,True,converged,4.069749116897583,4.0,1.415492132787465,0.4999999999999997,0.0,True,converged,0.04597058299987111,3.0,1.0,1.4158496093856505,1.4155691049931856,0.5001265404768914,0.006907186636707809,0.022823388077946243,True,36.0,36.0
14,12,100,True,converged,3.5772910118103027,3.0,1.7543583474386502,0.5000000000000001,0.0,True,converged,0.10559720800665673,5.0,1.0,1.7546658839869589,1.754318270815522,0.5005359932172506,0.008497574477846099,0.024921115591749067,True,51.0,51.0
14,13,100,True,converged,3.6237080097198486,3.0,1.6908112807609295,0.4999999999999999,0.0,True,converged,0.04760004200215917,3.0,1.0,1.6909881699524814,1.6906456263313547,0.5000317919100664,0.004627835902116181,0.014401765913133085,True,53.0,53.0
14,14,100,True,converged,2.303852081298828,3.0,1.3774023478161157,0.5003958868864048,0.0,True,converged,0.012243291996128391,1.0,1.0,1.3775881512215893,1.3773153740455697,0.5073713428471629,0.009750449412222641,0.04219886207644505,True,39.0,39.0
14,15,100,True,converged,4.343019962310791,4.0,1.6901171771038486,0.49999999999999994,0.0,True,converged,0.027066208996984642,2.0,1.0,1.6904576588428246,1.69012271541738,0.5000142363757124,0.011257058571678536,0.04799727748909144,True,53.0,53.0
14,16,100,True,converged,6.08659815788269,5.0,1.7799005431804675,0.49999999999999983,0.0,True,converged,0.2324254999984987,7.0,1.0,1.7802892001220987,1.7799359714045009,0.5000271127573941,0.01589066400238903,0.06326801951182771,True,55.0,55.0
14,17,100,True,converged,3.551100015640259,4.0,1.4369677077624972,0.5000002728315965,0.0,True,converged,0.04443029200047022,3.0,1.0,1.4372138726174906,1.4369287421328572,0.5005743337268945,0.010416163122704715,0.037689429401002096,True,54.0,54.0
14,18,100,True,converged,6.085201978683472,4.0,1.86334140881502,0.5000000000057119,0.0,True,converged,0.1568132920001517,6.0,1.0,1.8639237007511527,1.863552917012221,0.5007132961066697,0.018594135205256834,0.055585663162712406,True,49.0,49.0
14,19,100,True,converged,10.008839845657349,7.0,1.7611322128628506,0.5000000000131057,0.0,True,converged,0.12523766700178385,5.0,1.0,1.761437415351379,1.761087625330003,0.5002322509794808,0.006303787742250625,0.023766255025769987,True,38.0,38.0
14,20,100,True,converged,4.066312074661255,4.0,0.9653807191666225,0.5000000000016184,0.0,True,converged,0.02561858400440542,2.0,1.0,0.9655800789059934,0.9653883775143134,0.5006560987900606,0.0061780274180629376,0.02320626865990017,True,43.0,43.0
14,21,100,True,converged,1.457204818725586,2.0,2.1931685534678027,0.49999999999999983,0.0,True,converged,0.043809749993670266,3.0,1.0,2.1934197198463874,2.1929854431155746,0.5004947776953503,0.006101985655663397,0.02264151811271112,True,63.0,63.0
14,22,100,True,converged,12.920198917388916,4.0,1.948171448283003,0.5000009125700902,0.0,True,converged,0.04722054199373815,3.0,1.0,1.9464694927051664,1.946082340293566,0.5000730751292176,0.1397867004876129,0.6631692643317144,False,42.0,42.0
14,23,100,True,converged,13.147351026535034,7.0,1.1640451322251768,0.5000000000814275,0.0,True,converged,0.11317041700385744,5.0,1.0,1.1642655251825236,1.1640314474702969,0.5001783555586611,0.022006237828587752,0.10317855550936017,True,50.0,50.0
14,24,100,True,converged,5.038951873779297,4.0,1.9160511206325117,0.500000017669906,0.0,True,converged,0.31395449999399716,6.0,1.0,1.916319658792173,1.9159401110962508,0.500594017308413,0.01045574817852772,0.046253210182843174,True,53.0,53.0
14,25,100,True,converged,4.361330986022949,3.0,2.2276018654061946,0.4999999999999996,0.0,True,converged,0.07306049999897368,4.0,1.0,2.2281125963296233,2.2276708050422576,0.5018943331072909,0.02082085240366215,0.07663711643540742,True,61.0,61.0
14,26,100,True,converged,0.01735687255859375,0.0,1.2503001339545912,0.8010126285601203,0.0,True,converged,0.003900875002727844,0.0,0.0,1.2504251389619834,1.2501776092996149,0.8010029648717717,8.101921871066952e-05,0.00017519361842735344,True,38.0,38.0
14,27,100,True,converged,4.436546087265015,4.0,2.5883777755884365,0.5000000000000001,0.0,True,converged,0.3176337090044399,5.0,1.0,2.5890261553651137,2.5885135951691,0.5000284664512292,0.013087246316521377,0.05690537254214977,True,53.0,53.0
14,28,100,True,converged,1.5259180068969727,2.0,1.7716790585785287,0.4999999999999997,0.0,True,converged,0.027905957998882513,2.0,1.0,1.7718570639994198,1.7715060365302477,0.5000084246158549,0.0005120447250388362,0.0020022587293477383,True,43.0,43.0
14,29,100,True,converged,3.673758029937744,3.0,1.4790134346349388,0.49999999999999845,0.0,True,converged,0.10041495899349684,4.0,1.0,1.4794479108807517,1.4791538193352902,0.5011826962706645,0.006412783475080155,0.019898993583620177,True,45.0,45.0
14,30,100,True,converged,3.6823818683624268,3.0,1.706659657067187,0.5000000037505765,0.0,True,converged,0.07274474999576341,4.0,1.0,1.7070295173173597,1.706690773225481,0.5013339892493628,0.0055834880120469565,0.019770870185190963,True,62.0,62.0
14,31,100,True,converged,1.4262940883636475,2.0,1.2603629081666157,0.49999999999999933,0.0,True,converged,0.02804008300154237,2.0,1.0,1.2604891363070472,1.260239583614476,0.5000260307990294,0.00021556830559512098,0.0007617338307832278,True,41.0,41.0
14,32,100,True,converged,6.041156053543091,5.0,1.7514964920132332,0.49999999999999994,0.0,True,converged,0.2297972500018659,7.0,1.0,1.752179303650392,1.7518310014104943,0.5002805519699265,0.019692990806350962,0.0706860305529706,True,45.0,45.0
14,33,100,True,converged,3.867372989654541,3.0,1.7389850104775408,0.5000094870692897,0.0,True,converged,0.011619292003160808,1.0,1.0,1.7391594065023956,1.7388148496250395,0.5000495635584663,0.0009244642084542259,0.004007794829742757,True,53.0,53.0
14,34,100,True,converged,3.244508743286133,3.0,1.2732082269709266,0.5000005208120064,0.0,True,converged,0.04513187500560889,3.0,1.0,1.2735042447489322,1.2732519027727514,0.5031926567109755,0.009254892207189003,0.03698863821864302,True,42.0,42.0
14,35,100,True,converged,13.039731979370117,5.0,0.970987652313178,0.5000000000259399,0.0,True,converged,0.27143004199751886,7.0,1.0,0.9712155547606142,0.9710193337296862,0.5001400623859893,0.010985421869507695,0.036310032150644406,True,40.0,40.0
14,36,100,True,converged,4.3623270988464355,3.0,0.9572768435441628,0.5000093409576147,0.0,True,converged,0.012374208003166132,1.0,1.0,0.9573735541650986,0.9571833692477902,0.5000197386146427,0.002002830200230919,0.008645344472143976,True,50.0,50.0
14,37,100,True,converged,1.678954839706421,2.0,1.7262595766184687,0.49999999999999983,0.0,True,converged,0.025680749997263774,2.0,1.0,1.7264714774377312,1.7261297096833332,0.503446662526751,0.005675330815175014,0.023872241387058894,True,47.0,47.0
14,38,100,True,converged,3.7303028106689453,3.0,2.153827190661416,0.5000061899781453,0.0,True,converged,0.024416000000201166,2.0,1.0,2.154361668082856,2.1539350857347555,0.5047148371327177,0.00915851137386866,0.03262110463768683,True,49.0,49.0
14,39,100,True,converged,4.9925377368927,3.0,1.6788614162792888,0.499999999999999,0.0,True,converged,0.07001820800360292,4.0,1.0,1.6793064660765344,1.6789701374463217,0.5002630137445523,0.008767336084540039,0.030619942123909644,True,44.0,44.0
14,40,100,True,converged,9.033686876296997,5.0,1.5007523019397981,0.5000000000002672,0.0,True,converged,0.9986966249998659,7.0,1.0,1.500507391781737,1.5002095215711555,0.500344811576323,0.14596205728865078,0.697102287780255,False,47.0,47.0
14,41,100,True,converged,4.342026710510254,4.0,1.344477381700384,0.5000000529431174,0.0,True,converged,0.025790166000660975,2.0,1.0,1.3448404129096858,1.3445739091319626,0.5061050225126068,0.012379520637846786,0.04417493372541439,True,45.0,45.0
14,42,100,True,converged,3.1750903129577637,3.0,1.0908386859189516,0.5000001087155372,0.0,True,converged,0.024290542001836002,2.0,1.0,1.0910170650582387,1.0908009292407954,0.5000282172824367,0.00769083038138135,0.03329736122169425,True,29.0,29.0
14,43,100,True,converged,3.3512330055236816,3.0,1.8880436873627535,0.4999999999999998,0.0,True,converged,0.07727429200167535,4.0,1.0,1.888489025907821,1.8881148007668052,0.5036469209578656,0.008372533272511714,0.0222171744192554,True,50.0,50.0
14,44,100,True,converged,1.7762632369995117,2.0,1.191842734718303,0.49999999999999994,0.0,True,converged,0.026053584006149322,2.0,1.0,1.191976156591772,1.1917401668273766,0.5011852689065095,0.0036354337491650533,0.014996777966476001,True,35.0,35.0
14,45,100,True,converged,9.731321096420288,5.0,0.9985560991291436,0.5000000025668851,0.0,True,converged,0.05233379099809099,3.0,1.0,0.9987768420333838,0.9985761483205976,0.5009779363424436,0.004680162789991829,0.016348125901196765,True,48.0,48.0
14,46,100,True,converged,5.266772031784058,4.0,1.541684090313645,0.5000000013315695,0.0,True,converged,0.045279332996869925,3.0,1.0,1.5419833045007751,1.5416772077637486,0.5000799808172733,0.00914203483339745,0.03832682114766857,True,47.0,47.0
14,47,100,True,converged,1.5291578769683838,2.0,1.3088452022897412,0.5000064712281715,0.0,True,converged,0.014723042004334275,1.0,1.0,1.3089837220378555,1.308724271854074,0.5006816967919377,0.0022970707729766076,0.009575148205536382,True,44.0,44.0
14,48,100,True,converged,12.230094194412231,4.0,2.0789305678331154,0.5000000026473415,0.0,True,converged,0.15553883299435256,6.0,1.0,2.079464016539718,2.079049365113555,0.5000075983478146,0.01368924761986913,0.04913349676235595,True,58.0,58.0
14,49,100,True,converged,3.83109712600708,3.0,1.367953544024432,0.5000000015906743,0.0,True,converged,0.047084499994525686,3.0,1.0,1.3681415926041869,1.3678692985892624,0.5000015558869486,0.007852591098414076,0.033835556559245035,True,52.0,52.0
16,0,100,True,converged,5.968394041061401,4.0,1.5037260701516888,0.5000854116755795,0.0,True,converged,0.03543774999707239,2.0,1.0,1.5039669955352655,1.5036679291634187,0.5017933945718006,0.014202814161435979,0.052250111220739685,True,52.0,52.0
16,1,100,True,converged,3.7719578742980957,2.0,1.294163490891818,0.5000016438367509,0.0,True,converged,0.062262915998871904,3.0,1.0,1.2943299231900156,1.2940736492773544,0.5012665364657788,0.005790659605711837,0.028345592324971393,True,64.0,64.0
16,2,100,True,converged,9.140647172927856,5.0,1.4048556500623937,0.49999999999999933,0.0,True,converged,0.27423799999814946,6.0,1.0,1.405436868458516,1.405157224467357,0.5001486333668707,0.015905646405273286,0.04972953234130504,True,69.0,69.0
16,3,100,True,converged,4.892129182815552,3.0,1.9907432742386497,0.5000245430869749,0.0,True,converged,0.06072520800080383,3.0,1.0,1.9911490017477604,1.9907545756778442,0.5015412235342475,0.012166052220636004,0.06581891810829815,True,61.0,61.0
16,4,100,True,converged,5.433783054351807,3.0,1.461147858468746,0.5000000000050105,0.0,True,converged,0.09897524999541929,4.0,1.0,1.4613595739756435,1.4610698240719104,0.5001971062040399,0.011138612422437726,0.03716338827138773,True,51.0,51.0
16,5,100,True,converged,5.684102773666382,3.0,1.8575289771502483,0.5000069700663949,0.0,True,converged,0.2870717089972459,5.0,1.0,1.8579248545667666,1.8575570933520946,0.5009307973761713,0.016098012855117628,0.08279436013295813,True,58.0,58.0
16,6,100,True,converged,3.3224189281463623,2.0,2.025418678488035,0.49999999999999967,0.0,True,converged,0.09741812499851221,4.0,1.0,2.0256556018572445,2.0252544436457813,0.5000717665245861,0.007625899618262594,0.034682188914387145,True,41.0,41.0
16,7,100,True,converged,23.091087818145752,5.0,1.8474977756816409,0.500000001352932,0.0,True,converged,0.14361537499644328,5.0,1.0,1.8480904767713096,1.8477116731112124,0.5006400908548324,0.02172046988351505,0.07412900146818498,True,82.0,82.0
16,8,100,True,converged,4.599509954452515,3.0,1.9927745382093676,0.5000000673300068,0.0,True,converged,0.20923008399404353,6.0,1.0,1.9931481615306983,1.9927533055187134,0.5000570423961032,0.00893234056427231,0.02942788337639396,True,63.0,63.0
16,9,100,True,converged,2.594683885574341,2.0,0.9131774886360071,0.5000000000000008,0.0,True,converged,0.015718583003035747,1.0,1.0,0.9132738797018821,0.9130930057179862,0.501383174177873,0.00293770576115191,0.013494264031031093,True,41.0,41.0
16,10,100,True,converged,11.16235899925232,5.0,2.179740619438925,0.5000000000823704,0.0,True,converged,0.5819163329942967,6.0,1.0,2.1802264349190494,2.179794357811799,0.501128078271672,0.021857052974679075,0.0902575852387651,True,73.0,73.0
16,11,100,True,converged,4.479899883270264,3.0,1.605351205089361,0.5000000000327081,0.0,True,converged,0.36384308400010923,7.0,1.0,1.6058907220212941,1.60557275705807,0.5013344388748326,0.015461587129876558,0.056118187427673376,True,65.0,65.0
16,12,100,True,converged,5.028115272521973,3.0,1.6666536820514126,0.5000071167923946,0.0,True,converged,0.015007458001491614,1.0,1.0,1.6668318591341742,1.6665018727170025,0.5025182523691774,0.0003118059847195481,0.0013836439717650345,True,65.0,65.0
16,13,100,True,converged,20.614326000213623,5.0,1.5876434425109116,0.500000090605094,0.0,True,converged,0.26598129099875223,6.0,1.0,1.5879372798070739,1.5876210790157281,0.5002605178372529,0.016861587424001165,0.0648584572400077,True,56.0,56.0
16,14,100,True,converged,0.02035808563232422,0.0,1.0418719014205575,0.5562201403490316,0.0,True,converged,0.005992792001052294,0.0,0.0,1.041976067773261,1.0417698019391735,0.556224736117458,7.646911456459654e-05,0.00017180808464613626,True,32.0,32.0
16,15,100,True,converged,11.971426010131836,6.0,1.4629828608806497,0.5000000000000004,0.0,True,converged,1.7786207499957527,8.0,1.0,1.4633302260691985,1.4630392718055907,0.5000411568683407,0.016387631618051752,0.06847952036351677,True,52.0,52.0
16,16,100,True,converged,7.9635231494903564,4.0,1.7540989743659894,0.5000003818043894,0.0,True,converged,0.09405716600304004,4.0,1.0,1.7545062877972617,1.7541549993403946,0.5000040617817162,0.015089499627144615,0.05293058652821767,True,61.0,61.0
16,17,100,True,converged,11.238404989242554,6.0,1.1406026516829941,0.5,0.0,True,converged,0.10425812500034226,4.0,1.0,1.1408099624284447,1.1405834199989073,0.5001235706757644,0.010942723128433302,0.05450391405332059,True,44.0,44.0
16,18,100,True,converged,13.88762378692627,4.0,1.817906266069366,0.5000000003814323,0.0,True,converged,0.03582520799682243,2.0,1.0,1.8181497701791882,1.8177889429044416,0.5015240700216853,0.004652574316052697,0.020763066420073792,True,44.0,44.0
16,19,100,True,converged,10.03226089477539,4.0,2.1509793723322863,0.5000000002734035,0.0,True,converged,0.734832499998447,6.0,1.0,2.15223688640997,2.1518030514954845,0.5000141607548907,0.02617570763271742,0.12840613540170548,True,78.0,78.0
16,20,100,True,converged,10.237778186798096,5.0,1.278468161045877,0.49999999999999906,0.0,True,converged,0.22196108299976913,4.0,1.0,1.2789952662096218,1.2786987201400715,0.5000228729635334,0.017293048000242797,0.09232076305754132,True,52.0,52.0
16,21,100,True,converged,16.648693084716797,5.0,1.6013882336588778,0.49999999999999917,0.0,True,converged,0.10148716699768556,4.0,1.0,1.6016145515582756,1.601293857422038,0.5004826896041059,0.004204530888676801,0.012456350640494775,True,60.0,60.0
16,22,100,True,converged,8.946783781051636,6.0,1.9475193604806393,0.5,0.0,True,converged,0.09445979099837132,4.0,1.0,1.9477698820163902,1.9473840092728012,0.501363457347813,0.011114205431507493,0.05250090979375434,True,62.0,62.0
16,23,100,True,converged,11.063634157180786,4.0,1.5109710013603552,0.5000000142015674,0.0,True,converged,0.05687079099880066,3.0,1.0,1.5111455784108945,1.5108393204638837,0.5001041440039381,0.006857644232432608,0.0315903909378046,True,60.0,60.0
16,24,100,True,converged,12.395851850509644,4.0,1.7521725434334412,0.5000000369314891,0.0,True,converged,0.26819699999759905,6.0,1.0,1.7527291929230742,1.7523734168275567,0.5000301061197292,0.007629990633587137,0.030310009633729422,True,64.0,64.0
16,25,100,True,converged,5.661695957183838,4.0,2.491724356419925,0.4999999999999998,0.0,True,converged,0.032590082999377046,2.0,1.0,2.4921512379527337,2.4916578171843984,0.5015527652381032,0.00549505354019481,0.024666944944285632,True,65.0,65.0
16,26,100,True,converged,8.452240943908691,3.0,2.2477632381326953,0.5000000348454638,0.0,True,converged,0.11663937499542953,4.0,1.0,2.2483650563822954,2.2479184545379196,0.5010824195509735,0.016109555346586486,0.07334145012092802,True,57.0,57.0
16,27,100,True,converged,5.53962516784668,3.0,1.7968039891649636,0.500000257389973,0.0,True,converged,0.05072574999940116,2.0,1.0,1.7971600951002098,1.79680373812691,0.5048216561577966,0.007250511249895082,0.027773719209912034,True,66.0,66.0
16,28,100,True,converged,5.363213062286377,3.0,1.2268322058187477,0.5000000000000011,0.0,True,converged,0.06293554199510254,3.0,1.0,1.2270181762235266,1.2267751327741303,0.5037645892073987,0.005570494241949083,0.026794518558199146,True,56.0,56.0
16,29,100,True,converged,11.367154836654663,5.0,1.439541496427678,0.49999999999999933,0.0,True,converged,0.33568004200060386,6.0,1.0,1.4397997364420987,1.4395105578805503,0.5004224022229519,0.01224587096836664,0.05756028632002573,True,49.0,49.0
16,30,100,True,converged,10.384237051010132,5.0,1.659537347473191,0.5000000000923318,0.0,True,converged,0.14554375000443542,4.0,1.0,1.6597488645681318,1.6594189464632387,0.5000759268607152,0.006767448126157427,0.026498984526873257,True,60.0,60.0
16,31,100,True,converged,9.12685513496399,4.0,1.5587144338285084,0.5000037161083225,0.0,True,converged,0.033357250002154615,2.0,1.0,1.5589034165600462,1.558593873296374,0.500621542389233,0.004040515161379985,0.0184300754466339,True,56.0,56.0
16,32,100,True,converged,11.715619087219238,7.0,1.4748992489872232,0.49999999999999994,0.0,True,converged,0.20701425000152085,5.0,1.0,1.4752081091540354,1.4749156678900415,0.5014098018470904,0.015144213250507313,0.05949582396781753,True,53.0,53.0
16,33,100,True,converged,12.329346656799316,6.0,1.5761248621929602,0.49999999999999994,0.0,True,converged,1.4508065420013736,8.0,1.0,1.5767412814840744,1.5764262474725343,0.500328320081489,0.017143156562350367,0.07803215718046075,True,66.0,66.0
16,34,100,True,converged,4.391175031661987,3.0,1.3806626191181919,0.4999999999999997,0.0,True,converged,0.058976666994567495,3.0,1.0,1.3810577000717636,1.3807841758632593,0.5000180280465817,0.010221138478872595,0.034001421464638276,True,36.0,36.0
16,35,100,True,converged,2.9096100330352783,2.0,1.4631848747805927,0.5000000000000003,0.0,True,converged,0.015631041998858564,1.0,1.0,1.4633378810392998,1.4630481332083927,0.5019839493912034,0.0036293169434692763,0.016799584621332405,True,58.0,58.0
16,36,100,True,converged,6.2069761753082275,3.0,1.7742507054384224,0.5000004059400058,0.0,True,converged,0.6838569169995026,8.0,1.0,1.7747782529390412,1.7744228660457904,0.5000975195108696,0.02246457788124633,0.0956172569256548,True,54.0,54.0
16,37,100,True,converged,3.4673101902008057,3.0,2.0763458725850525,0.5000235631491773,0.0,True,converged,0.019450291998509783,1.0,1.0,2.0765534971262656,2.076142225005345,0.5000185063889896,0.00011469225701293583,0.00026094069297328474,True,65.0,65.0
16,38,100,True,converged,9.90337586402893,5.0,2.1320260107168636,0.500000000000284,0.0,True,converged,0.15854358299839078,5.0,1.0,2.1329254966613993,2.1325025358649228,0.5003240285052356,0.028876401008979646,0.11648199935420799,True,67.0,67.0
16,39,100,True,converged,0.02031993865966797,0.0,1.9537985666905369,0.6989053596377537,0.0,True,converged,0.005578916003287304,0.0,0.0,1.953993907471234,1.9536071018663916,0.6989017109928641,0.00010471738586639314,0.0002399372594774777,True,61.0,61.0
16,40,100,True,converged,13.738775730133057,6.0,1.6303327565119072,0.49999999999999994,0.0,True,converged,0.2525864589988487,6.0,1.0,1.6307455961669202,1.630420063423273,0.5000140569293154,0.01290734506516004,0.049700453868043566,True,59.0,59.0
16,41,100,True,converged,10.077366828918457,4.0,1.7216555150336228,0.5000000017775278,0.0,True,converged,0.14336229200125672,5.0,1.0,1.7221463643489379,1.721802070594752,0.5000193777268912,0.10894043985679326,0.5613596502835414,False,59.0,59.0
16,42,100,True,converged,5.790605068206787,4.0,2.0356411141020625,0.5000000000031939,0.0,True,converged,0.06488262499624398,3.0,1.0,2.0360715174149986,2.035668327065151,0.5003691739268507,0.008207849563751311,0.04314963311722454,True,62.0,62.0
16,43,100,True,converged,0.020348787307739258,0.0,1.9106480543613595,0.6785554790957088,0.0,True,converged,0.005094332998851314,0.0,0.0,1.9108390809538354,1.9104608181232101,0.6785660526285122,0.0001035545645889703,0.00021198478748016072,True,57.0,57.0
16,44,100,True,converged,5.559941291809082,4.0,1.6397490324702535,0.4999999999999998,0.0,True,converged,0.10463008399528917,4.0,1.0,1.640033717814152,1.639708759405529,0.5001774040530056,0.010610607810399155,0.04045510770721921,True,56.0,56.0
16,45,100,True,converged,12.446657180786133,5.0,1.139684074414181,0.5000000000000009,0.0,True,converged,3.8138556249978137,10.0,1.0,1.1402625054110438,1.1400350674819424,0.5005960049715863,0.029441638598262883,0.1364369596593644,True,55.0,55.0
16,46,100,True,converged,24.526400089263916,6.0,2.1942277676000166,0.49989898806818245,0.0,True,converged,2.0352267919952283,11.0,1.0,2.17019259650589,2.1697597520545076,0.5000003432431088,0.2847175655537415,1.1070421434633402,False,72.0,72.0
16,47,100,True,converged,4.825098037719727,3.0,0.7553326084604806,0.4999999999999999,0.0,True,converged,0.14941920900309924,5.0,1.0,0.7554194815684021,0.7552686274837633,0.500075008220335,0.003346268651039046,0.014047389523270934,True,35.0,35.0
16,48,100,True,converged,7.214978933334351,3.0,1.8064578827810185,0.5000000002542291,0.0,True,converged,0.3086332500024582,4.0,1.0,1.8075205780926504,1.80723958832492,0.5000090728670091,0.017594908316043666,0.09928360661643755,True,64.0,64.0
16,49,100,True,converged,8.010128021240234,4.0,1.7311152300774342,0.5000000000000888,0.0,True,converged,0.1411619159989641,5.0,1.0,1.7314465245909012,1.7311022779419565,0.500000847510151,0.013483372173569742,0.0614183166119183,True,54.0,54.0
18,0,100,True,converged,8.841593742370605,3.0,1.840195793505528,0.4999999999999998,0.0,True,converged,0.1939414169974043,5.0,1.0,1.8405583205370923,1.8401904839509193,0.5002074875369672,0.02160292693020442,0.09986959265123642,True,78.0,78.0
18,1,100,True,converged,21.249441862106323,5.0,1.5957957712796604,0.5,0.0,True,converged,0.12134475000493694,4.0,1.0,1.596182215130911,1.5958607314221225,0.5000849657214039,0.014453456743788522,0.06671662235752951,True,67.0,67.0
18,2,100,True,converged,36.57007098197937,10.0,1.957047094010479,0.49999999999999883,0.0,True,converged,1.531346540999948,9.0,1.0,1.958425507453427,1.958037175572385,0.5000152962499257,0.03989383518220463,0.19237168468613275,True,94.0,94.0
18,3,100,True,converged,10.836188077926636,4.0,1.7363514261957478,0.5000000000035443,0.0,True,converged,0.27219024999794783,6.0,1.0,1.7366965231500078,1.7363509791333134,0.5000264117391326,0.013631972512202469,0.0642020448123824,True,68.0,68.0
18,4,100,True,converged,7.979851007461548,4.0,1.3497465564910058,0.4999999999999996,0.0,True,converged,0.17014095799822826,4.0,1.0,1.3929804571425648,1.3922694589394837,0.5000025637090615,0.043280711913979884,0.2339904349103247,True,67.0,67.0
18,5,100,True,converged,10.534910917282104,4.0,1.9488429468416613,0.5000000000000002,0.0,True,converged,0.07389325000258395,3.0,1.0,1.9491918204755478,1.948802651964848,0.501986869521097,0.009981374841414948,0.032338603151350606,True,80.0,80.0
18,6,100,True,converged,17.50098705291748,4.0,1.5554245348513651,0.5000000008057568,0.0,True,converged,0.07352462500421098,3.0,1.0,1.5556548675175068,1.5553463151919364,0.5000024818779171,0.0036305029086987502,0.0170496915031025,True,60.0,60.0
18,7,100,True,converged,6.944217920303345,3.0,1.9647416487277602,0.5000000000000007,0.0,True,converged,0.26427512500231387,5.0,1.0,1.9653006784806513,1.9649113052643346,0.500578977874618,0.029155981876541105,0.15214835958545353,True,66.0,66.0
18,8,100,True,converged,27.889291048049927,4.0,1.9958309449173806,0.5000000000789143,0.0,True,converged,0.7028605829982553,8.0,1.0,1.9965970075734274,1.9962010871501485,0.5003019284034503,0.02505560990117356,0.10249063417261411,True,85.0,85.0
18,9,100,True,converged,10.010703086853027,3.0,1.755483596777597,0.5000013893714501,0.0,True,converged,0.07475245800014818,3.0,1.0,1.7558025483962338,1.755451827886909,0.5000046396683032,0.010635102072752173,0.05557399344728075,True,85.0,85.0
18,10,100,True,converged,9.98324704170227,3.0,2.1309992762619143,0.5000000000000004,0.0,True,converged,2.0874082500013174,8.0,1.0,2.131349017914617,2.1309256455398695,0.5000034348586596,0.013646238791405035,0.040824733145550914,True,78.0,78.0
18,11,100,True,converged,7.546968936920166,4.0,1.5558882816875093,0.4999999999999998,0.0,True,converged,0.07953795799403451,3.0,1.0,1.5562382851064722,1.5559294052884032,0.5002232606182162,0.011057721593155104,0.04520976076920527,True,75.0,75.0
18,12,100,True,converged,16.61557698249817,6.0,2.129064394297453,0.5000000000006914,0.0,True,converged,0.8168866249980056,7.0,1.0,2.1295017676630956,2.129079691361613,0.5002549639966615,0.024521411032137425,0.09413703102785301,True,75.0,75.0
18,13,100,True,converged,6.341364860534668,3.0,1.4594746463245205,0.5000195592497548,0.0,True,converged,0.07243654199555749,3.0,1.0,1.4596553290058714,1.4593659126363212,0.5000021592302729,0.009646257918109242,0.04474552896416004,True,76.0,76.0
18,14,100,True,converged,18.07408618927002,5.0,1.494145261874976,0.4999999999999999,0.0,True,converged,0.40462458299589343,7.0,1.0,1.495406338883718,1.4951058139431046,0.5000450400875881,0.1262392553090109,0.5755034212272792,False,62.0,62.0
18,15,100,True,converged,41.26731300354004,6.0,1.3444517599604924,0.5000000000000004,0.0,True,converged,0.3073294170026202,5.0,1.0,1.3447539136155418,1.344486546873865,0.5000608567979551,0.015051726227724922,0.0725978268249874,True,88.0,88.0
18,16,100,True,converged,18.52993607521057,5.0,2.3299142692277783,0.5000000000000003,0.0,True,converged,0.6850167079974199,8.0,1.0,2.330613638092128,2.3301513035618613,0.5006750635959222,0.020969501553597503,0.08893401243472236,True,107.0,107.0
18,17,100,True,converged,6.5010340213775635,3.0,1.560891604286391,0.5000000000476131,0.0,True,converged,0.3183780420004041,5.0,1.0,1.5851615582765346,1.5853595337779647,0.5031766950719542,0.10574708055345929,0.6938877052638582,True,69.0,69.0
18,18,100,True,converged,31.602375984191895,5.0,1.9106444995423901,0.5,0.0,True,converged,0.12455770799715538,4.0,1.0,1.911574094604544,1.9111951763871189,0.500198910699707,0.030423296532718958,0.16892440178462567,True,77.0,77.0
18,19,100,True,converged,24.097261905670166,5.0,2.725472652463232,0.5000000002708598,0.0,True,converged,1.5370214159993338,8.0,1.0,2.723792951348798,2.7232356656915555,0.5000171790378629,0.11222104500531979,0.5915137699793035,False,100.0,100.0
18,20,100,True,converged,6.461343288421631,3.0,1.9961478827838521,0.4999999999999999,0.0,True,converged,0.1807332500029588,5.0,1.0,1.9964654724823554,1.9960696886753082,0.5009260092050024,0.007505095585352061,0.02760993143281847,True,90.0,90.0
18,21,100,True,converged,17.430002212524414,6.0,2.375584378333221,0.5000000001241649,0.0,True,converged,0.7746807090006769,9.0,1.0,2.3762483835843735,2.375774891796642,0.5002399663439537,0.028978636374401515,0.1352504933457237,True,67.0,67.0
18,22,100,True,converged,16.271549940109253,6.0,1.5725733608102406,0.4999999999999995,0.0,True,converged,0.2821138340004836,4.0,1.0,1.5793873648397747,1.5788293735413137,0.5014840876794298,0.12875137839550357,0.608776090753817,False,70.0,70.0
18,23,100,True,converged,8.916748046875,4.0,2.4229673210990157,0.5000000000000915,0.0,True,converged,0.7299161659975653,9.0,1.0,2.423580145937473,2.4230979633613967,0.5000001250814122,0.021016778785584056,0.10585013883275095,True,104.0,104.0
18,24,100,True,converged,3.764979839324951,2.0,1.6130335584557036,0.5000000000000001,0.0,True,converged,0.04113862500526011,2.0,1.0,1.6132415836685208,1.6129221718149584,0.5058017617746305,0.010944301767122511,0.043555265225763536,True,80.0,80.0
18,25,100,True,converged,18.523606061935425,6.0,1.5611401813565309,0.5000000000000007,0.0,True,converged,0.1393265419974341,4.0,1.0,1.5613232375714308,1.5610129313434067,0.5000051152685033,0.006322867422192418,0.03485765921855938,True,56.0,56.0
18,26,100,True,converged,6.874085903167725,3.0,1.9403006907606015,0.5000016832610926,0.0,True,converged,0.12035816699790303,4.0,1.0,1.940963575527231,1.940579012663919,0.503129645250414,0.016613260985646156,0.06808909694319915,True,78.0,78.0
18,27,100,True,converged,10.279804944992065,4.0,1.5366263730185117,0.499996713020833,0.0,True,converged,1.3266666659983457,9.0,1.0,1.5370676989806376,1.5367616308322114,0.5000710877653463,0.012489328977938367,0.03893204196391161,True,72.0,72.0
18,28,100,True,converged,13.591979742050171,4.0,1.7582201239098123,0.5000000238879837,0.0,False,max_contacts,254.3106617500016,30.0,3.0,747255421.7296216,651448924.0196753,0.06419166592152031,1565.175874117158,13797.958452478197,False,103.0,673.0
18,29,100,True,converged,15.58741569519043,5.0,2.3846234270132833,0.49999999999999933,0.0,True,converged,0.07379441700322786,3.0,1.0,2.3849751547133673,2.384500198218577,0.5003169561018819,0.0059570475123231605,0.023084117411435602,True,82.0,82.0
18,30,100,True,converged,15.52492904663086,7.0,1.707521096486992,0.49999999999999917,0.0,True,converged,0.12479954199807253,4.0,1.0,1.707809757165869,1.7074686933589724,0.5000534741906367,0.014922798423819765,0.05514993476222055,True,72.0,72.0
18,31,100,True,converged,9.775494813919067,3.0,2.1448775097055455,0.4999999999999994,0.0,True,converged,0.3868513749985141,7.0,1.0,2.145511997305236,2.1450859582242496,0.5000352508996772,0.015324920313440245,0.06651156094874135,True,99.0,99.0
18,32,100,True,converged,31.126466035842896,4.0,1.6300620377633994,0.4999999999999996,0.0,True,converged,0.07230491600057576,3.0,1.0,1.6305320450937715,1.6302090984080253,0.5001711884532877,0.01012697779869012,0.04857963080483661,True,75.0,75.0
18,33,100,True,converged,7.492902755737305,4.0,1.4900347521758406,0.49999999999999994,0.0,True,converged,0.3848638339986792,7.0,1.0,1.4904199159162976,1.4901244060860845,0.5006599200470678,0.01105929927093002,0.042089177931788437,True,81.0,81.0
18,34,100,True,converged,13.78498911857605,4.0,1.9149366050969217,0.4999999999999994,0.0,True,converged,0.2331331669993233,5.0,1.0,1.9152000057612757,1.9148200214217652,0.5001110163396894,0.008506544514400532,0.027549834116135874,True,85.0,85.0
18,35,100,True,converged,40.633787870407104,4.0,2.0570762758875967,0.4999999999999999,0.0,True,converged,0.2960547080001561,6.0,1.0,2.057459020578287,2.057049590331193,0.5001577014475501,0.015508491011253659,0.07401716594976732,True,95.0,95.0
18,36,100,True,converged,9.566635847091675,4.0,1.4491260342092072,0.5000000000322179,0.0,True,converged,0.270208250003634,6.0,1.0,1.44953483900237,1.4492477100039127,0.5019953761466013,0.01041992128606281,0.052161824521159916,True,97.0,97.0
18,37,100,True,converged,13.77692198753357,6.0,2.2594257973774887,0.5000000000000004,0.0,True,converged,0.1990049999949406,5.0,1.0,2.2598306551398113,2.259382873948373,0.5024403761150567,0.021165746446654452,0.09197468641432156,True,92.0,92.0
18,38,100,True,converged,7.041198968887329,3.0,1.3058465003676272,0.4999999999999988,0.0,True,converged,0.04021287499926984,2.0,1.0,1.3059910543367779,1.305732284922226,0.5001158456191046,0.003985421467592342,0.01933397055321048,True,76.0,76.0
18,39,100,True,converged,13.372792959213257,5.0,1.9745582997072944,0.49999999999999967,0.0,True,converged,1.020918417001667,8.0,1.0,1.9750881702857164,1.974696722751586,0.5000004171380532,0.008709974319774183,0.03371159214002552,True,55.0,55.0
18,40,100,True,converged,19.86971426010132,4.0,1.8633167868412739,0.5,0.0,True,converged,0.07228104100067867,3.0,1.0,1.8636513882990906,1.8632819153503106,0.5007713307221084,0.00617224459457871,0.024635641254594744,True,82.0,82.0
18,41,100,True,converged,7.893378019332886,3.0,2.057759330011722,0.5000017467479112,0.0,True,converged,0.23537537499942118,5.0,1.0,2.058347511546749,2.0579395484979175,0.5002335300924814,0.12385273937911279,0.6705754841666562,False,87.0,87.0
18,42,100,True,converged,25.422855854034424,7.0,1.9037385981286,0.4999999999999996,0.0,True,converged,1.3525361249994603,7.0,1.0,1.9056000581347479,1.9051745585058262,0.5017030455139171,0.022880618194032455,0.10472070271955264,True,65.0,65.0
18,43,100,True,converged,11.866893768310547,4.0,1.769827069194123,0.500000020326348,0.0,True,converged,0.4071572920001927,5.0,1.0,1.770739484124491,1.7703877775248806,0.5003739465888686,0.020858674875513863,0.07985128356524433,True,65.0,65.0
18,44,100,True,converged,4.097952842712402,2.0,1.6531803389467872,0.5000265234550719,0.0,True,converged,0.07394887499685865,3.0,1.0,1.6533555235136574,1.6530282069270696,0.5008120491197743,0.002942531947019681,0.014327125040050822,True,103.0,103.0
18,45,100,True,converged,14.404472827911377,4.0,1.2913680466296298,0.49999999999999983,0.0,True,converged,0.40190337500098394,7.0,1.0,1.2917656804268525,1.2914999183046423,0.5000364290905505,0.023331915511468248,0.11008315402990966,True,79.0,79.0
18,46,100,True,converged,3.417518138885498,2.0,1.3357553511816658,0.49994766718457245,0.0,True,converged,0.04201133400056278,2.0,1.0,1.3359031617111492,1.3356386645078493,0.500395959138098,0.0028437637511374812,0.01314043944546013,True,68.0,68.0
18,47,100,True,converged,15.269170999526978,5.0,1.8183969501278663,0.499999999999999,0.0,True,converged,0.35713404200214427,6.0,1.0,1.8187412668049523,1.8183801427501862,0.5000669620393896,0.10641381517761314,0.5941982492248056,False,92.0,92.0
18,48,100,True,converged,16.872123956680298,4.0,1.9672929004414708,0.5000000000000409,0.0,True,converged,0.48818949999986216,7.0,1.0,1.9678388777385758,1.9674333930877905,0.5004219728253105,0.021823811692368016,0.07378641075788478,True,74.0,74.0
18,49,100,True,converged,11.576976776123047,4.0,1.579302000932984,0.5000000000081369,0.0,True,converged,0.20342837500356836,5.0,1.0,1.5796442713195749,1.57933053235436,0.5007394452056608,0.017918399204954333,0.09606203916511291,True,72.0,72.0
20,0,100,True,converged,50.304358959198,4.0,1.88448424288597,0.5000000000001655,0.0,True,converged,0.35566308399575064,6.0,1.0,1.8850212803575002,1.8846473369915502,0.5082851780521481,0.014108961164822154,0.04787882553171485,True,106.0,106.0
20,1,100,True,converged,27.480091333389282,4.0,1.3710617551150397,0.5000000000000016,0.0,True,converged,0.08938170799956424,3.0,1.0,1.3712965886804296,1.3710248490138959,0.5002627516024933,0.006765327583469558,0.025683498774067788,True,106.0,106.0
20,2,100,True,converged,43.7045521736145,4.0,1.5530585602169016,0.5000000029871404,0.0,True,converged,0.3131492079992313,4.0,1.0,1.5537403575576354,1.553431189327192,0.500268749452479,0.025757172971785845,0.14240295395739702,True,104.0,104.0
20,3,100,True,converged,23.86485505104065,4.0,1.8040884822328298,0.49999999999999994,0.0,True,converged,0.33790504100034013,6.0,1.0,1.8045373839174017,1.804180046229273,0.5029849947123548,0.013691118720184005,0.061340195541546544,True,97.0,97.0
20,4,100,True,converged,41.51646018028259,6.0,1.4841943504185673,0.5000031002226394,0.0,True,converged,0.38216054199438076,6.0,1.0,1.4843895907176778,1.4840952064115411,0.5003591958412729,0.009819158956998565,0.05492427631492239,True,85.0,85.0
20,5,100,True,converged,39.04309916496277,5.0,2.247028456400333,0.4999999999999999,0.0,True,converged,0.33970483300072374,6.0,1.0,2.24747752018247,2.2470315030275803,0.5008581268497988,0.012103952381329901,0.05244329978473845,True,129.0,129.0
20,6,100,True,converged,14.279930114746094,2.0,2.059900427132001,0.4999999999999997,0.0,True,converged,0.14743804200406885,4.0,1.0,2.0601261065917975,2.0597181784262717,0.5004411221823293,0.005489622302755928,0.02179158930602254,True,88.0,88.0
20,7,100,True,converged,30.159525871276855,5.0,1.9447701518895095,0.4999087837584282,0.0,True,converged,0.23011937500268687,5.0,1.0,1.9451972496169556,1.9448118707494682,0.5051064095187098,0.022190663541051234,0.10375199807165272,True,101.0,101.0
20,8,100,True,converged,49.654000997543335,6.0,2.4600771532302192,0.5000000000000061,0.0,True,converged,0.6247438329955912,7.0,1.0,2.4606151917624857,2.4601196491213653,0.5002517192370117,0.02429976984875618,0.10702069771302399,True,115.0,115.0
20,9,100,True,converged,83.60866713523865,10.0,2.115177072873855,0.4999527997364558,0.0,True,converged,16.2034775409993,14.0,1.0,3.784084254571356,3.831034673449021,0.5001164059979771,0.14045391736006949,1.2608492916920264,False,109.0,109.0
20,10,100,True,converged,42.26928400993347,4.0,2.0218216337071078,0.5000000041441294,0.0,True,converged,0.7613188340037595,7.0,1.0,2.022362480194841,2.0219588535560575,0.5000071456547147,0.013708036719466729,0.05652039847794284,True,83.0,83.0
20,11,100,True,converged,108.90091371536255,5.0,1.789733646690982,0.5000000000000003,0.0,True,converged,0.45168391700281063,6.0,1.0,1.7873591787424843,1.7870048330379713,0.5000044032628628,0.11338771437911965,0.5627662869266545,False,71.0,71.0
20,12,100,True,converged,51.52811408042908,7.0,2.2457083033644443,0.4999999999999998,0.0,True,converged,0.8686237500005518,7.0,1.0,2.2466323491621907,2.2461854131923547,0.5001292311272448,0.03184485809145356,0.13390892990651762,True,105.0,105.0
20,13,100,True,converged,21.360558032989502,4.0,1.5984389015966072,0.50000000000888,0.0,True,converged,0.5732289589941502,7.0,1.0,1.5987049425425415,1.5983877673364468,0.5000054073020958,0.01549745805332989,0.07588653838627647,True,81.0,81.0
20,14,100,True,converged,38.09694480895996,4.0,1.4047059711989784,0.5000000000420822,0.0,True,converged,1.575549791996309,9.0,1.0,1.4052289647802407,1.4049504834631021,0.5006167435198637,0.017592528270600188,0.077540584049985,True,97.0,97.0
20,15,100,True,converged,40.10872507095337,5.0,1.7965781117945478,0.5000000000000221,0.0,False,max_contacts,201.94712462499592,30.0,3.0,17932512901.81234,22497650256.986755,0.16597010561818207,138.48377579319762,1510.2265560243038,False,103.0,764.0
20,16,100,True,converged,87.75313901901245,10.0,1.9703281349836403,0.49999999999999994,0.0,True,converged,9.90668849999929,11.0,1.0,1.9708684620052044,1.9704780730439764,0.5002219614499324,0.024208628593036872,0.12082769757636413,True,104.0,104.0
20,17,100,True,converged,15.624553203582764,2.0,1.73292423627837,0.4999999999999997,0.0,True,converged,0.1653096660011215,4.0,1.0,1.7331438840441407,1.7328007607399503,0.5041483373459381,0.0067697096821638285,0.032319069768096786,True,110.0,110.0
20,18,100,True,converged,30.072267055511475,4.0,2.1632725458979616,0.5000000000000004,0.0,True,converged,1.8946845419995952,7.0,1.0,2.163703770338011,2.1632750664234277,0.5036376943542434,0.017365735973391545,0.07352480003517552,True,104.0,104.0
20,19,100,True,converged,58.28763508796692,6.0,1.9941080463593979,0.5000000000122681,0.0,True,converged,0.13278733299375745,3.0,1.0,1.9935744069142234,1.9931795318003878,0.500456891406325,0.13752120442944066,0.6674641019968789,False,97.0,97.0
20,20,100,True,converged,14.811407804489136,2.0,1.8530767396356345,0.5,0.0,True,converged,0.14735866700357292,4.0,1.0,1.8533187348770115,1.8529516666674906,0.5015406459290641,0.008275007716494438,0.0393331777422482,True,96.0,96.0
20,21,100,True,converged,61.16959095001221,7.0,2.5952307040962737,0.50000000001638,0.0,True,converged,30.38061741599813,14.0,1.0,2.7569729088110297,2.746183501591322,0.5000372817652211,0.27933066023100234,1.1846133914679462,False,125.0,125.0
20,22,100,True,converged,65.26771187782288,5.0,1.4670373346649481,0.49999999999999967,0.0,True,converged,2.863656417001039,10.0,1.0,1.4675954740017483,1.4673037372965712,0.5000351241034667,0.0187416188320968,0.06743479506399128,True,79.0,79.0
20,23,100,True,converged,11.025936841964722,2.0,1.2782669457316325,0.5000000067871135,0.0,True,converged,0.052562332995876204,2.0,1.0,1.2783962451690862,1.2781430587960512,0.4997577819067602,0.0016291978856674012,0.008134095225468891,True,60.0,60.0
20,24,100,True,converged,22.90066885948181,4.0,1.4090138293077243,0.49999999999999906,0.0,True,converged,0.0917494169989368,3.0,1.0,1.4093512337170133,1.409072220729727,0.5019426562462894,0.008777268328957566,0.03861979348548331,True,71.0,71.0
20,25,100,True,converged,49.22266602516174,6.0,2.9141629994999034,0.49999999999999983,0.0,True,converged,1.0883621660032077,9.0,1.0,2.9147016061370152,2.91412257691045,0.5000034064336898,0.01685711118426502,0.07784930227010654,True,101.0,101.0
20,26,100,True,converged,22.95603585243225,3.0,1.853126587274415,0.5000000000000085,0.0,True,converged,0.3400638750026701,6.0,1.0,1.8534368695712564,1.8530673643075024,0.5008703385300628,0.005986654539248843,0.018371719325776463,True,81.0,81.0
20,27,100,True,converged,44.845560789108276,5.0,2.7932965094874453,0.5000000000049044,0.0,True,converged,4.92484641700139,12.0,1.0,2.793909943394046,2.7933543805501087,0.5000034726586884,0.027919873041568205,0.16452222275990988,True,125.0,125.0
20,28,100,True,converged,39.605172872543335,5.0,1.9692375111428506,0.5,0.0,True,converged,0.39976095800375333,6.0,1.0,1.969629407274076,1.9692382992971447,0.5000755093666875,0.019496506770859283,0.09340108523954024,True,85.0,85.0
20,29,100,True,converged,25.36756992340088,4.0,2.4895091472852924,0.5000099114732705,0.0,True,converged,0.024388707999605685,1.0,1.0,2.4898164072261193,2.4893234272526863,0.5070610327057024,0.009834502173515027,0.05078783008180038,True,95.0,95.0
20,30,100,True,converged,19.560778379440308,3.0,1.8017601493255766,0.4999999999999997,0.0,True,converged,0.08982312500302214,3.0,1.0,1.8019755288406503,1.801618696048428,0.5000434779732184,0.0050378985723787215,0.025711696590156125,True,73.0,73.0
20,31,100,True,converged,72.00390982627869,4.0,1.5786104881684966,0.5000000000000001,0.0,True,converged,0.14844645799894352,4.0,1.0,1.5776315541120678,1.5773165346652025,0.5001505590113944,0.1056409340668282,0.5871725850540906,False,86.0,86.0
20,32,100,True,converged,22.792370080947876,3.0,2.393858350563355,0.5000000000000006,0.0,True,converged,1.11941195899999,9.0,1.0,2.3942596662148223,2.3937846337306867,0.5001748663295744,0.013591419710115123,0.05929220273286329,True,117.0,117.0
20,33,100,True,converged,60.922144174575806,7.0,1.3709940661033602,0.5000000000000004,0.0,True,converged,0.14918074999877717,4.0,1.0,1.3711974733515695,1.3709225381304326,0.5003653585924894,0.012011517251159802,0.04243444593722304,True,97.0,97.0
20,34,100,True,converged,27.449257850646973,4.0,1.8928417189834856,0.5000000000000001,0.0,True,converged,0.7139809159998549,8.0,1.0,1.8933336169089048,1.8929573997004128,0.5000137708600181,0.014001613745145618,0.060337834721485205,True,94.0,94.0
20,35,100,True,converged,37.25718808174133,4.0,2.0764505990875444,0.49999999999999944,0.0,True,converged,10.692432249998092,11.0,1.0,3.8842123638731394,3.5486548329673173,0.5000680783081706,0.40123544064760075,1.8875531666413712,False,109.0,111.0
20,36,100,True,converged,45.131454944610596,5.0,1.4690672006163004,0.5000000000002125,0.0,True,converged,0.5400716250005644,5.0,1.0,1.4687624832198507,1.4684711657001634,0.5009201446025758,0.11349161329991869,0.6594903290070622,False,93.0,93.0
20,37,100,True,converged,46.9037549495697,6.0,2.193862845178004,0.4999999999999994,0.0,True,converged,0.5771155420006835,7.0,1.0,2.194389586202559,2.1939517308839465,0.5000000007604369,0.02388048456090845,0.10968321990519468,True,102.0,102.0
20,38,100,True,converged,49.24929714202881,5.0,1.8576773583742165,0.500000000038813,0.0,True,converged,0.5097261249975418,6.0,1.0,1.8579602222435831,1.8575918544157495,0.5001218926610429,0.008882496645626146,0.04082491342761514,True,99.0,99.0
20,39,100,True,converged,39.5914089679718,5.0,2.7459857326831933,0.4999999999999988,0.0,True,converged,0.5392776669978048,6.0,1.0,2.7469292579848057,2.7463850898133177,0.5000861606461197,0.02665578246526089,0.14860258966993353,True,88.0,88.0
20,40,100,True,converged,25.47466015815735,3.0,1.26335314106939,0.5000000000000001,0.0,True,converged,0.09026787499897182,3.0,1.0,1.2634839866110499,1.2632336748597013,0.5003035504407556,0.0028823709430767707,0.013178457061037032,True,70.0,70.0
20,41,100,True,converged,41.70234489440918,5.0,1.8763476892308468,0.5000000000000011,0.0,True,converged,0.23321825000311946,5.0,1.0,1.8766495182217449,1.8762768159036143,0.5001428750832119,0.008045848434841123,0.03046059852970657,True,103.0,103.0
20,42,100,True,converged,30.670224905014038,4.0,1.8662713129767714,0.500000000000003,0.0,True,converged,0.9624951250007143,9.0,1.0,1.8667110847619313,1.8663409182928066,0.5000679899129896,0.019397195513975816,0.08421195910597756,True,105.0,105.0
20,43,100,True,converged,83.1802921295166,5.0,1.9256839290438528,0.4999999999999998,0.0,True,converged,0.22709379099978833,5.0,1.0,1.926092242456747,1.9257107722899733,0.5001227395067162,0.009033602177278145,0.032304651314899964,True,82.0,82.0
20,44,100,True,converged,39.12834310531616,4.0,1.7953953479230567,0.5000000795493728,0.0,True,converged,0.23524791600357275,5.0,1.0,1.7956932554790646,1.795336834816025,0.5000218168285009,0.009156398435647082,0.04262352785711268,True,99.0,99.0
20,45,100,True,converged,48.95359492301941,4.0,1.525255525542138,0.5000000000226154,0.0,True,converged,0.15076441600103863,4.0,1.0,1.5255828203962247,1.5252796648313496,0.5000202144015434,0.011364036528546529,0.04697290899575951,True,94.0,94.0
20,46,100,True,converged,26.581880807876587,4.0,1.725998908079005,0.500000020846239,0.0,True,converged,0.22887791600078344,5.0,1.0,1.726286903025602,1.7259388517243324,0.5000012596408754,0.009581194878804596,0.045895122932313674,True,98.0,98.0
20,47,100,True,converged,83.52552795410156,9.0,2.0161272044194054,0.500000000000328,0.0,True,converged,2.020009583000501,6.0,1.0,2.0291592789651083,2.0275753079827625,0.5005566390207435,0.14810574890896527,0.7398293561665632,False,90.0,88.0
20,48,100,True,converged,50.54392719268799,6.0,2.063240218577423,0.5000000002872216,0.0,True,converged,0.6939261249935953,7.0,1.0,2.0637771098296063,2.0633675115694823,0.5001371186230924,0.10882958346289055,0.6734370855649446,False,96.0,96.0
20,49,100,True,converged,29.58880376815796,4.0,2.1424940066149976,0.5000000000000004,0.0,True,converged,1.0699439579984755,6.0,1.0,2.1431775421802106,2.142459611273392,0.5001203954010587,0.09414451484632137,0.5243060359391769,False,102.0,102.0
22,0,99,True,converged,34.20021986961365,6.0,1.7083208471900715,0.5000000000082111,0.0,True,converged,1.0185496670019347,8.0,1.0,1.6028681449469186,1.6521031405308189,0.5017737622854385,0.14897865850172617,0.7509111934939647,False,92.0,92.0
22,1,99,True,converged,72.51981806755066,4.0,1.9372997771908227,0.49999999999999994,0.0,True,converged,0.18170495799859054,4.0,1.0,1.8238161405798836,1.8798337431904997,0.5002080512340921,0.09918386797481697,0.29945914669941165,True,114.0,114.0
22,2,99,True,converged,17.985195875167847,3.0,1.3773027617840674,0.5000000005900669,0.0,True,converged,4.22241404200031,8.0,1.0,1.2983453909351894,1.3380870392402657,0.500009318406544,0.08448976885426884,0.23961038649700608,True,103.0,103.0
22,3,99,True,converged,59.86378598213196,7.0,2.0217020448450302,0.49999999999999956,0.0,True,converged,0.6194962910012691,7.0,1.0,1.9032125033760696,1.9616570754275255,0.5000445592751092,0.0975989702575689,0.26298525259855104,True,118.0,118.0
22,4,99,True,converged,45.01599717140198,7.0,2.180927551907163,0.4999999999999988,0.0,True,converged,2.0652515000037965,9.0,1.0,2.0530649602433666,2.1161270341643923,0.5003463979447611,0.1369460957824906,0.6517927262212309,False,101.0,101.0
22,5,99,True,converged,24.136486768722534,4.0,1.8978639514797857,0.5,0.0,True,converged,0.6833898330005468,7.0,1.0,1.7858526143868203,1.8407090226955078,0.5000018220509467,0.13909564825052811,0.5826444158559156,False,125.0,125.0
22,6,99,True,converged,7.386620998382568,2.0,1.8817110505645809,0.5,0.0,True,converged,0.027962542000750545,1.0,1.0,1.7712404693973685,1.8256483377164363,0.573135690634629,0.09216984054701503,0.2640239323629031,True,117.0,117.0
22,7,99,True,converged,34.14147710800171,6.0,2.4781075419513057,0.5,0.0,True,converged,0.28235616700112587,5.0,1.0,2.333070133261953,2.4047341876579504,0.5000083258135171,0.10998981475476251,0.2848918703410539,True,133.0,133.0
22,8,99,True,converged,76.40390086174011,5.0,2.0785983326592468,0.4999999999999999,0.0,True,converged,1.554081957998278,8.0,1.0,1.9570039479057413,2.017117008513512,0.5029260159474185,0.11189119292102358,0.31736251035392277,True,112.0,112.0
22,9,99,True,converged,63.52491283416748,6.0,2.172441937484241,0.49999999999999906,0.0,True,converged,20.452519792001112,11.0,1.0,2.0453661938142336,2.1082164492283755,0.5000287913285986,0.11382534040588968,0.3814048885249063,True,115.0,115.0
22,10,99,True,converged,58.14110732078552,10.0,2.1729945295030233,0.4999999999999996,0.0,True,converged,0.8453688750014408,7.0,1.0,2.045724301667524,2.1085533666690086,0.5000130724471122,0.10377365167036737,0.24688433820345843,True,112.0,112.0
22,11,99,True,converged,17.92413902282715,3.0,2.040234931936567,0.4999999999999999,0.0,True,converged,0.11011024999606889,3.0,1.0,1.9204601011711104,1.9794501194992045,0.5017203656265158,0.0962793274582244,0.2454382503255238,True,97.0,97.0
22,12,99,True,converged,36.715487241744995,4.0,2.33213701776407,0.5000000000006468,0.0,False,max_contacts,163.0742221670007,30.0,4.0,10090.369409184103,6540748.938833086,0.12716855190814497,13.007875100494694,82.27344141535941,False,118.0,242.0
22,13,99,True,converged,26.317781925201416,3.0,1.5841067088569194,0.5,0.0,True,converged,2.0338132079996285,7.0,1.0,1.4913315961546645,1.5371306469785386,0.5000020661408091,0.12409113610400015,0.5929885970970965,False,77.0,77.0
22,14,99,True,converged,27.759644985198975,4.0,2.1454066773544884,0.5000000000135274,0.0,True,converged,1.0876228330016602,8.0,1.0,2.0199990971232484,2.082046874200313,0.5000026432819421,0.1064818483714413,0.29315449275182215,True,123.0,123.0
22,15,99,True,converged,26.946725130081177,4.0,2.1611662675223196,0.4999999999999997,0.0,True,converged,11.133862374997989,12.0,1.0,2.034543075786351,2.0970594291360833,0.5000140256465481,0.10059299351605457,0.22687349490895,True,151.0,151.0
22,16,99,True,converged,15.416491031646729,3.0,2.177422706580703,0.49999999999999883,0.0,True,converged,0.637527915998362,7.0,1.0,2.0498353228386113,2.1128003941129694,0.5020614000033714,0.10059970036452409,0.2476285135278683,True,123.0,123.0
22,17,99,True,converged,19.126947164535522,4.0,2.2936234558939166,0.5000000000011877,0.0,True,converged,0.6180989580025198,7.0,1.0,2.159101832271743,2.225423196525989,0.5000003078923486,0.10588338197864106,0.2634539017482746,True,122.0,122.0
22,18,99,True,converged,21.03969717025757,4.0,1.9440397118361379,0.5000000003819072,0.0,True,converged,1.3069412089971593,9.0,1.0,1.8299855661003117,1.8861966618324852,0.5000771291165916,0.09585885440125796,0.25475537299680057,True,109.0,109.0
22,19,99,True,converged,43.86101698875427,7.0,2.7076194907129123,0.49999999999999956,0.0,True,converged,29.765413708999404,13.0,1.0,2.549141218693323,2.627541983933883,0.5000542585607609,0.11512587616462823,0.322507325803245,True,126.0,126.0
22,20,99,True,converged,36.88094115257263,7.0,2.3943628239312194,0.49999999999999983,0.0,False,max_contacts,274.2069290419968,30.0,3.0,5138713.977286287,2289577.429386043,0.14708091767288373,72.4492362190048,393.92079429280676,False,131.0,418.0
22,21,99,True,converged,31.12292504310608,4.0,1.6197672822308424,0.5000000000000001,0.0,True,converged,1.6302778340032091,8.0,1.0,1.5248749664162395,1.5717066890633427,0.5000299422614767,0.08425269851514025,0.2306756172408788,True,82.0,82.0
22,22,99,True,converged,26.57970690727234,5.0,1.535636380130887,0.50000000053908,0.0,True,converged,0.7131032499964931,7.0,1.0,1.4456771726602013,1.4900844235351864,0.5005924993802974,0.09040630069408066,0.24909809620270087,True,87.0,87.0
22,23,99,True,converged,40.918554067611694,8.0,1.6754822311994326,0.4999999999999998,0.0,True,converged,0.6076511669962201,7.0,1.0,1.577283593539425,1.6257314700785428,0.5000173150453173,0.10224672168583275,0.3360873475887358,True,111.0,111.0
22,24,99,True,converged,30.007796049118042,4.0,1.9775490440401982,0.5,0.0,True,converged,4.437251083996671,9.0,1.0,1.8618204710643165,1.9190096217251116,0.5004185542274456,0.09606118790129395,0.25263577020287253,True,117.0,117.0
22,25,99,True,converged,26.366267919540405,5.0,2.0283568125239637,0.4999999999999998,0.0,True,converged,1.092489916998602,7.0,1.0,1.9096625546659463,1.968319199441338,0.5000019933311396,0.08957130527730185,0.25450304149903763,True,74.0,74.0
22,26,99,True,converged,63.46536087989807,6.0,2.230385450504912,0.5000000000000006,0.0,True,converged,4.293374000000767,8.0,1.0,2.1024346561946974,2.166893796236387,0.5000626022292466,0.13291183944286195,0.5807071087725701,False,115.0,115.0
22,27,99,True,converged,38.56756615638733,6.0,2.3358241127590773,0.4999999999999992,0.0,True,converged,0.5486852500034729,6.0,1.0,2.1989450778786748,2.2664898716578445,0.5000601335322908,0.15656376214247797,0.7078855838344988,False,93.0,93.0
22,28,99,True,converged,35.38637900352478,5.0,2.6411647856646483,0.500000000000001,0.0,False,timeout,300.0,,,,,,,,,,
22,29,99,True,converged,18.77055311203003,4.0,2.541047986270484,0.5000043129301487,0.0,True,converged,0.27765945799910696,5.0,1.0,2.3919036229411894,2.4653764522624604,0.5000268889859332,0.11445729405102575,0.2623002763866607,True,115.0,115.0
22,30,99,True,converged,17.601300954818726,4.0,1.9209741185866025,0.5000000000000018,0.0,True,converged,2.1008125000007567,8.0,1.0,1.808579431366705,1.8641325674378701,0.5004042965119323,0.09209044578693354,0.2299492288412742,True,124.0,124.0
22,31,99,True,converged,36.057403326034546,6.0,1.8746491615291148,0.49999999999999956,0.0,True,converged,10.851423666994378,11.0,1.0,2.1115245259202413,2.195399823281153,0.5007816982757733,0.3940012715292504,1.4086707228562858,False,113.0,113.0
22,32,99,True,converged,22.116811990737915,4.0,1.6853101662807053,0.5000000000000004,0.0,True,converged,0.1823496669967426,4.0,1.0,1.5864824159392585,1.6352069923427193,0.5000005015966306,0.08924324707043649,0.20625560613120567,True,124.0,124.0
22,33,99,True,converged,63.08410692214966,7.0,1.7409416519077079,0.5000000000013167,0.0,True,converged,4.970855665997078,12.0,1.0,1.6391267041080138,1.6894745499790125,0.5000000213936192,0.08881688865035864,0.26057736934555803,True,128.0,128.0
22,34,99,True,converged,7.882458209991455,2.0,2.1385794890989303,0.49999999999999994,0.0,True,converged,0.10953745800361503,3.0,1.0,2.01305745589189,2.0748932610667565,0.5000141158320247,0.10213975595490149,0.2749722624583884,True,137.0,137.0
22,35,99,True,converged,19.956139087677002,4.0,1.4460490198409246,0.500000002489326,0.0,True,converged,0.177621957998781,4.0,1.0,1.3612324107308487,1.4030446148659297,0.5010064147463399,0.0803162514258459,0.21361357034300507,True,106.0,106.0
22,36,99,True,converged,28.604449033737183,5.0,1.315900857189132,0.49999999999999994,0.0,True,converged,0.20429620800132398,4.0,1.0,1.2387495904980916,1.2767999724974317,0.5007305218298255,0.0792159140712443,0.21143606473041407,True,100.0,100.0
22,37,99,True,converged,11.936975955963135,3.0,1.7615762413855025,0.4999745512855012,0.0,True,converged,1.1432948329966166,7.0,1.0,1.6581683917329366,1.7091023702645665,0.500197079293527,0.09623931927824393,0.25290443161998166,True,73.0,73.0
22,38,99,True,converged,23.076807737350464,4.0,2.300736498267735,0.5000000442450153,0.0,True,converged,1.242021209000086,8.0,1.0,2.1658103280088605,2.232337475141859,0.5001927986232432,0.10304768742760313,0.24629694038100164,True,101.0,101.0
22,39,99,True,converged,27.77481698989868,5.0,2.4329067691228143,0.5000000000000009,0.0,True,converged,0.429859416995896,6.0,1.0,2.290393411569563,2.360747542630351,0.5001067418746004,0.1066184180052903,0.267030560762975,True,112.0,112.0
22,40,99,True,converged,21.870421886444092,4.0,1.9177791803025943,0.4999999999999998,0.0,True,converged,0.6601532909990055,7.0,1.0,1.805385473422325,1.8608419161197698,0.5000538191651472,0.09597246085353611,0.24822511349138793,True,112.0,112.0
22,41,99,True,converged,38.96326303482056,6.0,1.833424146589487,0.5000000000008475,0.0,True,converged,5.135275291999278,8.0,1.0,1.7260355296062062,1.779049653414852,0.5000280832053792,0.09571109368422157,0.2297854893144116,True,146.0,146.0
22,42,99,True,converged,7.759905815124512,2.0,1.80991590058401,0.5000000000000003,0.0,True,converged,0.10893250000663102,3.0,1.0,1.7036699899759946,1.7560022313704633,0.5029815646205975,0.09105591077863574,0.2128293469500334,True,95.0,95.0
22,43,99,True,converged,39.98785591125488,8.0,2.4238646334407896,0.4999999999999992,0.0,True,converged,3.879500041002757,8.0,1.0,2.281949910107862,2.3520365095505578,0.5000046492051136,0.1081386446314634,0.27812161920827877,True,116.0,116.0
22,44,99,True,converged,8.80461597442627,2.0,1.679086875504862,0.5000000000000006,0.0,True,converged,0.05998441600240767,2.0,1.0,1.5805253367116272,1.6290748606097007,0.5002053269998561,0.0881362208409444,0.22377990646364784,True,94.0,94.0
22,45,99,True,converged,31.998687028884888,4.0,1.6838187627025958,0.5000000000000002,0.0,True,converged,0.35271374999865657,5.0,1.0,1.5851751402822973,1.6338638819432465,0.5000951209777335,0.08847613059370983,0.23858302339074494,True,103.0,103.0
22,46,99,True,converged,9.282749891281128,2.0,1.5122045815579588,0.5000000701057902,0.0,True,converged,0.10966712499794085,3.0,1.0,1.423437471774557,1.4671611607824866,0.5000066773028644,0.08478228369178051,0.23956154852183695,True,96.0,96.0
22,47,99,True,converged,26.16490602493286,5.0,2.214387449419063,0.5,0.0,True,converged,0.4667957080018823,5.0,1.0,2.084572700097442,2.14860218719453,0.5003752649923124,0.10812660393719481,0.26383695344518715,True,129.0,129.0
22,48,99,True,converged,25.271321773529053,4.0,1.6194274153020103,0.5000000000000006,0.0,True,converged,0.3285587089994806,5.0,1.0,1.5246565575201372,1.5714888408899246,0.5000883650806713,0.08821667095582039,0.21135342141961874,True,86.0,86.0
22,49,99,True,converged,23.328747987747192,5.0,2.421620317038414,0.4999999999999999,0.0,True,converged,0.29216633299802197,5.0,1.0,2.2798172288292142,2.3498467766059328,0.5004841933493249,0.09954942811809363,0.24337848145117863,True,108.0,108.0
24,0,100,True,converged,131.51162433624268,7.0,2.030017205007526,0.4999999999999989,0.0,False,timeout,300.0,,,,,,,,,,
24,1,100,True,converged,69.86280703544617,5.0,2.0839134638778525,0.499999999999999,0.0,True,converged,6.635647249997419,8.0,1.0,2.084551073207783,2.0839934573894023,0.5000011716913114,0.0217266321449814,0.11307482757100988,True,131.0,131.0
24,2,100,True,converged,155.10707139968872,5.0,1.585267549471845,0.5000000000151409,0.0,True,converged,1.544066834001569,8.0,1.0,1.5855974766636314,1.5852821275929547,0.5005013341118787,0.015957176011276105,0.07000531848047165,True,130.0,130.0
24,3,100,True,converged,40.14393091201782,3.0,2.27385722266692,0.49999999999999917,0.0,True,converged,0.9915830829995684,5.0,1.0,2.274267173062194,2.273774042454698,0.5000797448997841,0.005394091706055016,0.02438669976948257,True,128.0,128.0
24,4,100,True,converged,51.25480031967163,4.0,1.7124948334597347,0.4999999999999999,0.0,True,converged,0.37047745900053997,5.0,1.0,1.7128633639406428,1.712523419185926,0.5000091206942239,0.021052774783527586,0.11949487969901024,True,122.0,122.0
24,5,100,True,converged,128.85526871681213,7.0,2.5947306764688354,0.5000000000003336,0.0,True,converged,1.6233836249957676,8.0,1.0,2.583950875713019,2.583438178281661,0.5002057253343084,0.20212992540041536,0.8277229344622271,False,176.0,176.0
24,6,100,True,converged,62.00134301185608,5.0,2.040628067107198,0.5000000000009365,0.0,True,converged,1.6444445419983822,9.0,1.0,2.041205651330526,2.0408005728215164,0.5007145157975154,0.024766525661506604,0.12746576525888934,True,137.0,137.0
24,7,100,True,converged,81.88326692581177,6.0,1.8269739792030564,0.5000000000390572,0.0,True,converged,1.074551874997269,8.0,1.0,1.827485460985637,1.8271173372879157,0.50021647307638,0.022900115908628487,0.09815286202325287,True,138.0,138.0
24,8,100,True,converged,156.6297369003296,5.0,2.227857774035039,0.5000000000003515,0.0,True,converged,5.750835124999867,9.0,1.0,2.228374200271933,2.2279284326667503,0.5000053730111333,0.012683781734835404,0.04547942791715257,True,138.0,138.0
24,9,100,True,converged,115.84430289268494,8.0,2.3337470573516894,0.4999999999999996,0.0,True,converged,37.48009729199839,13.0,1.0,2.7162420662248996,2.713103748830241,0.5000931262976941,0.2569075628330222,1.301720593796897,True,151.0,151.0
24,10,100,True,converged,78.66958093643188,5.0,1.831698773717466,0.4999999999999981,0.0,True,converged,1.5956333329959307,9.0,1.0,1.8322170863632463,1.8318538278185739,0.5012069621567425,0.01754519338344743,0.07950533411264946,True,159.0,159.0
24,11,100,True,converged,51.93359613418579,5.0,2.0707845095514843,0.5,0.0,True,converged,0.3427602500014473,5.0,1.0,2.0712348488371903,2.070823940171478,0.5003538539700814,0.02410904027159618,0.14745491604896047,True,153.0,153.0
24,12,100,True,converged,29.21933913230896,3.0,2.075415837653676,0.4999999999999999,0.0,True,converged,0.8112821250033448,6.0,1.0,2.075694735078913,2.075283639791908,0.501313681877045,0.011211402737860244,0.04836110601253901,True,149.0,149.0
24,13,100,True,converged,121.19831109046936,7.0,2.0816391031327037,0.49999999999999933,0.0,True,converged,2.4800706660025753,7.0,1.0,2.082318437197164,2.0818568544264,0.5000486365432891,0.022732835669822662,0.10933518236129587,True,161.0,161.0
24,14,100,True,converged,50.53648591041565,4.0,1.6443827371375455,0.4999193796658237,0.0,True,converged,1.1260626660005073,7.0,1.0,1.6445871825593286,1.6442611795487505,0.5001008701580203,0.00773078631846044,0.035147172933881914,True,141.0,141.0
24,15,100,True,converged,47.04963684082031,4.0,1.6802372832282317,0.5000000000000002,0.0,True,converged,0.33765541699540336,5.0,1.0,1.6804300921252042,1.6800969124253964,0.5000106132108825,0.005185893466328907,0.028100936392981286,True,125.0,125.0
24,16,100,True,converged,40.04236197471619,3.0,1.7667204883862355,0.500000268016676,0.0,True,converged,1.9677631670056144,6.0,1.0,1.844226702851427,1.8237267713282213,0.5000172407215205,0.4155538263179684,1.0842373149726612,True,114.0,114.0
24,17,100,True,converged,68.97897219657898,5.0,1.6804653248174901,0.5,0.0,True,converged,1.3512967499991646,8.0,1.0,1.6808249227429677,1.6804914533339426,0.5012571587059081,0.02653369920493735,0.1352955422899381,True,128.0,128.0
24,18,100,True,converged,93.3894190788269,4.0,1.9662824596515507,0.5000000000006377,0.0,True,converged,2.6801663340011146,8.0,1.0,1.9666890578219596,1.9662965584753136,0.5000134608346567,0.018115250988727686,0.07467104027895391,True,114.0,114.0
24,19,100,True,converged,59.87746000289917,4.0,2.2824106391257466,0.5000000000050967,0.0,True,converged,0.7838146249996498,7.0,1.0,2.2829756568507444,2.2825228361807426,0.5002874841494428,0.013965871170841549,0.055347790451921536,True,139.0,139.0
24,20,100,True,converged,77.88990712165833,4.0,1.9299373935190798,0.5000000000013929,0.0,True,converged,1.1444550419982988,8.0,1.0,1.9305843651505092,1.9302017465028878,0.5000246849283659,0.020384220480108906,0.09944533976912222,True,139.0,139.0
24,21,100,True,converged,26.630479097366333,3.0,1.9086203724640243,0.49997137145815734,0.0,True,converged,51.994654083995556,14.0,1.0,1.9125517262136387,1.911834797045492,0.5000687843790951,0.051161223863611924,0.17381086319577427,True,138.0,138.0
24,22,100,True,converged,39.97976994514465,3.0,2.04751618429018,0.50000000003154,0.0,True,converged,6.4934260829977575,9.0,1.0,2.0488819906396207,2.048572191215612,0.5000627558475184,0.01591806449311744,0.0807218466063963,True,190.0,190.0
24,23,100,True,converged,118.23542022705078,7.0,1.6261142922348275,0.4999999999999988,0.0,True,converged,78.0187121659983,15.0,1.0,1.6322684092238895,1.6316486696514696,0.5002473127339799,0.11916146021614496,0.7298249517420106,False,129.0,129.0
24,24,100,True,converged,38.168314933776855,3.0,2.405572544473374,0.49999999999999944,0.0,True,converged,0.5150773339992156,6.0,1.0,2.4060002611619566,2.4055237501451128,0.5000010795286614,0.014430444679329444,0.054640785607205256,True,149.0,149.0
24,25,100,True,converged,92.12838506698608,5.0,1.762417825847064,0.4999999999999989,0.0,True,converged,0.34718337500089547,5.0,1.0,1.7628161314229018,1.7624668592703074,0.5000220222857656,0.01409830234119901,0.08028927284471994,True,104.0,104.0
24,26,100,True,converged,57.78920102119446,4.0,2.057868680396292,0.4999999999999999,0.0,True,converged,1.742078582996328,9.0,1.0,2.0581299017802186,2.0577221919801394,0.5000003600261784,0.09377279651253932,0.5520574412420096,False,132.0,132.0
24,27,100,True,converged,61.12194776535034,4.0,2.0416005189171638,0.4999999999999999,0.0,True,converged,3.565015250002034,8.0,1.0,2.0418852668320295,2.041479650540895,0.5000047470770858,0.011476350037626022,0.06494237423053037,True,116.0,116.0
24,28,100,True,converged,126.69355797767639,4.0,2.1501451425033986,0.5000000000004055,0.0,True,converged,0.9152335000035237,7.0,1.0,2.1506954585307487,2.1502688934865857,0.5000754057420422,0.02190478651327372,0.09992615230684561,True,119.0,119.0
24,29,100,True,converged,55.72320294380188,4.0,2.1522280415063273,0.5000000003109472,0.0,True,converged,1.160130708005454,7.0,1.0,2.152927089617219,2.152491895840225,0.5001404174006387,0.02404291032272431,0.09624809919627635,True,114.0,114.0
24,30,100,True,converged,64.77507472038269,4.0,1.8853377094265746,0.49999999999999956,0.0,True,converged,1.1815231250002398,8.0,1.0,1.883840841735112,1.8834673573644019,0.5024677207968444,0.10394470602917785,0.6124601149724348,False,141.0,141.0
24,31,100,True,converged,50.976233959198,4.0,1.830267725418099,0.5000000000001267,0.0,True,converged,0.5225465000039549,6.0,1.0,1.8306472331505308,1.8302846928508745,0.5000409512409966,0.020931668653695164,0.1133925338766563,True,106.0,106.0
24,32,100,True,converged,83.72242403030396,5.0,2.1721831431556327,0.5000000000012342,0.0,True,converged,5.332306291995337,8.0,1.0,2.17310683292527,2.1726497841359746,0.5000273350463385,0.029391955862709068,0.15618696939513146,True,134.0,134.0
24,33,100,True,converged,79.89867305755615,6.0,1.5293882370597192,0.49999999999999906,0.0,True,converged,2.256194667003001,6.0,1.0,1.5517444661338344,1.5501598112956596,0.5000260434548031,0.10268924584560592,0.8063353473790102,True,136.0,136.0
24,34,100,True,converged,44.7157781124115,3.0,1.6620676389297766,0.5000001522780924,0.0,True,converged,0.8619570830051089,7.0,1.0,1.6622820647305836,1.6619471554115106,0.5000000292452755,0.00982029038095976,0.04625995735250695,True,130.0,130.0
24,35,100,True,converged,187.60090279579163,11.0,2.2692283592044946,0.4999999999999989,0.0,True,converged,30.7366411250041,14.0,1.0,2.272011981450743,2.2715194506340364,0.5002505572384981,0.16375922677381968,0.6122308320842881,False,151.0,151.0
24,36,100,True,converged,77.61624693870544,5.0,1.8786282769096387,0.5000000000001528,0.0,True,converged,3.526757916006318,7.0,1.0,1.894252404175419,1.8953915776998418,0.500088525127108,0.12923692139175894,0.6396987016715501,True,156.0,156.0
24,37,100,True,converged,31.325316905975342,3.0,2.199322837002548,0.4999999999999994,0.0,True,converged,0.12785545799852116,3.0,1.0,2.1995573124390626,2.1991217591364562,0.5003438266381561,0.004632551717034677,0.023537629193028656,True,132.0,132.0
24,38,100,True,converged,78.43536281585693,5.0,2.630974749763616,0.5000000000000344,0.0,True,converged,0.21832299999368843,4.0,1.0,2.631567469656267,2.631046335865562,0.5003804468266335,0.012712902528576072,0.06304042358354302,True,150.0,150.0
24,39,100,True,converged,38.6050500869751,3.0,2.632944806950028,0.4999999999999996,0.0,True,converged,14.975346750004974,10.0,1.0,2.764467376603066,2.7594711796052946,0.5008371382484731,0.16754589214137056,0.9016083467889272,True,117.0,117.0
24,40,100,True,converged,106.64808487892151,9.0,2.5596665290889073,0.5000000000000193,0.0,True,converged,5.975397624999459,10.0,1.0,2.5597536703474035,2.5592462849476734,0.5004695021634761,0.09697914147449067,0.540204387081733,False,164.0,164.0
24,41,100,True,converged,158.0168900489807,6.0,1.9134860140696865,0.4999999999999982,0.0,True,converged,1.8747972080018371,9.0,1.0,1.9123773848160268,1.9119971883441451,0.5001678048374024,0.09872907048089208,0.5936236087977813,False,139.0,139.0
24,42,100,True,converged,47.05199837684631,4.0,2.2988875591963795,0.500000000012008,0.0,True,converged,0.8175255419992027,7.0,1.0,2.299297503991118,2.298842144346565,0.501250416839499,0.013968851684861335,0.06865250739938923,True,135.0,135.0
24,43,100,True,converged,102.46940684318542,7.0,2.1339943071331615,0.49999999999999933,0.0,True,converged,1.788144749996718,9.0,1.0,2.1343719527277147,2.133947910568557,0.5002958020398981,0.018989777036021373,0.07493854842361404,True,140.0,140.0
24,44,100,True,converged,111.45995092391968,6.0,2.4439323850186314,0.4999999999999997,0.0,True,converged,27.059305499999027,13.0,1.0,2.4438107456345257,2.443323362537672,0.5000014585771879,0.1183917282641111,0.5937458447967772,False,160.0,160.0
24,45,100,True,converged,79.94094896316528,4.0,1.728122487790752,0.5000000000008447,0.0,True,converged,4.041128040997137,8.0,1.0,1.7291723631765057,1.7288225567682896,0.5023370132326812,0.019211861604571376,0.09840661077174259,True,172.0,172.0
24,46,100,True,converged,31.073326110839844,3.0,1.7536950318333562,0.49997306589485396,0.0,True,converged,0.12911441599862883,3.0,1.0,1.7539101749109884,1.7535627187919471,0.5000238741642392,0.00287948177027951,0.014894824967008767,True,98.0,98.0
24,47,100,True,converged,82.81862020492554,8.0,1.8418299767205097,0.49999999999999967,0.0,True,converged,0.3893336250039283,5.0,1.0,1.8423194777573102,1.8419483133792858,0.5000725196356226,0.03539804563086995,0.2235332243800837,True,120.0,120.0
24,48,100,True,converged,61.536628007888794,5.0,2.202915682322212,0.5000000000000003,0.0,True,converged,1.7830135420008446,8.0,1.0,2.203280845357237,2.202843132838185,0.5000522497774537,0.01893454881655002,0.08919012081592695,True,148.0,148.0
24,49,100,True,converged,110.31781506538391,6.0,2.3215655652127323,0.499999999999998,0.0,True,converged,10.36154754099698,11.0,1.0,2.321013173793228,2.320757708847638,0.5000001948383959,0.1041607623875776,0.6249479337497416,False,116.0,116.0
26,0,100,True,converged,80.6018180847168,4.0,1.617099943123078,0.49999999999999994,0.0,True,converged,0.824537541004247,6.0,1.0,1.6174744451893202,1.6171540036509162,0.5001158334317024,0.013254820070256194,0.07474501259639293,True,132.0,132.0
26,1,100,True,converged,160.98900198936462,6.0,2.201909972772757,0.49991434298077814,0.0,True,converged,2.8529555830027675,10.0,1.0,2.202469631321012,2.202030133136282,0.5005365574129984,0.017563698137131174,0.08274570782961445,True,161.0,161.0
26,2,100,True,converged,92.53638291358948,4.0,1.5218292908659574,0.49999999999999956,0.0,True,converged,2.4232552499961457,9.0,1.0,1.5221908757311475,1.5218887710823141,0.5017954858574092,0.0122012664786445,0.05361579225764661,True,155.0,155.0
26,3,100,True,converged,83.4984929561615,5.0,2.2885395257664363,0.5000000000265749,0.0,True,converged,0.6962487080018036,6.0,1.0,2.2889319343176417,2.288477901263322,0.5001149256618407,0.014259090702929111,0.07093245566708019,True,178.0,178.0
26,4,100,True,converged,84.13710403442383,5.0,1.5703975432906552,0.5000000000092057,0.0,True,converged,0.7134010829977342,6.0,1.0,1.5709979469918616,1.5706863136698757,0.5000798620759279,0.015138192024398284,0.0619124012841777,True,120.0,120.0
26,5,100,True,converged,106.34500002861023,7.0,2.114424249540265,0.4999999999999993,0.0,True,converged,1.7067014999993262,7.0,1.0,2.1147739227080113,2.1143546696695386,0.5000021559849442,0.019054936703590635,0.09361669838153545,True,145.0,145.0
26,6,100,True,converged,125.91236996650696,5.0,2.387783388563827,0.4999999999999987,0.0,True,converged,14.248871083000267,11.0,1.0,2.4693098573700225,2.5110096767200067,0.5000016835547922,0.1754466923240157,1.238924157808127,False,148.0,148.0
26,7,100,True,converged,86.96583914756775,4.0,2.7179124645260435,0.4999999999999995,0.0,True,converged,0.6568087080013356,6.0,1.0,2.718331917484898,2.717793640789096,0.5002314408697822,0.013388509409758125,0.04884369263916591,True,144.0,144.0
26,8,100,True,converged,122.65587711334229,6.0,1.7527758735245267,0.5000000000000443,0.0,True,converged,9.303739167000458,10.0,1.0,34.21169685394159,31.38727236378255,0.5001148775074102,0.7870740815080653,6.650282797145818,False,124.0,130.0
26,9,100,True,converged,69.3126630783081,4.0,1.9684294741562478,0.5,0.0,True,converged,0.7466065840053489,6.0,1.0,1.968805573946737,1.9684187102784974,0.5003678183381264,0.01092824181446994,0.04000941863788807,True,151.0,151.0
26,10,100,False,timeout,300.0,,,,,True,converged,34.3595678749989,15.0,1.0,2.3557198337550753,2.3552513237535044,0.500000238587531,,,,,
26,11,100,True,converged,200.50324892997742,11.0,2.0471453562489983,0.49999999999999944,0.0,True,converged,1.151986457996827,7.0,1.0,2.0474919998294623,2.0470852788493397,0.5000009802537643,0.01684770740813678,0.09870671291963991,True,168.0,168.0
26,12,100,True,converged,153.55386209487915,6.0,3.0682439920014715,0.5000000000015418,0.0,True,converged,54.70817620900198,15.0,1.0,3.073047573421074,3.072430584620877,0.5002124025429768,0.1199703240671407,0.5705050898004429,False,217.0,217.0
26,13,100,True,converged,108.19041609764099,5.0,1.3908776608450417,0.500000000001027,0.0,True,converged,1.63884641599725,8.0,1.0,1.3905652844324794,1.3902857237431552,0.5000204997848592,0.09091577952884612,0.5397994913551427,False,95.0,95.0
26,14,100,True,converged,180.66389989852905,8.0,1.9951743565852966,0.4999021434060536,0.0,True,converged,25.138533834004193,11.0,1.0,1.995565070016051,1.9951675924186476,0.5000003169261176,0.09975066204214654,0.6414389773573775,False,152.0,152.0
26,15,100,True,converged,92.71462774276733,4.0,1.9469962986539973,0.5000000001214941,0.0,True,converged,1.324359625003126,8.0,1.0,1.9476714711120395,1.9472849646317705,0.5000478968965563,0.02969907230382876,0.18043903979817721,True,179.0,179.0
26,16,100,True,converged,127.33731484413147,6.0,2.305188928621792,0.4999999999999993,0.0,False,timeout,300.0,,,,,,,,,,
26,17,100,True,converged,76.62953805923462,4.0,1.6832927558614619,0.500000000226245,0.0,True,converged,1.184965500011458,7.0,1.0,1.6835225270831267,1.683188494759769,0.5001313789901688,0.014416482636243576,0.07692043483987726,True,145.0,145.0
26,18,100,True,converged,129.74498319625854,5.0,2.061333904193255,0.4999999999999997,0.0,True,converged,0.42647874999966007,5.0,1.0,2.061743542043552,2.0613350068026044,0.5000026081554105,0.022320189612182996,0.12034989384395892,True,142.0,142.0
26,19,100,True,converged,115.93715500831604,6.0,2.6434039226566495,0.49999999999999956,0.0,True,converged,7.333294625001145,12.0,1.0,2.644064848685202,2.6435410014889085,0.50006876045826,0.02406637968997008,0.09072208100666146,True,192.0,192.0
26,20,100,True,converged,201.29991793632507,11.0,2.4671804194780864,0.4999999999999996,0.0,True,converged,148.3664467500057,18.0,1.0,2.4890591338356898,2.491002741566305,0.5000403529227546,0.15592400002614282,0.7673871295232948,False,192.0,192.0
26,21,100,True,converged,128.61700201034546,5.0,2.1633419449729203,0.5000000000000019,0.0,True,converged,11.144781666007475,13.0,1.0,2.1641686884869538,2.163740308974805,0.5001922908338435,0.045389781584773324,0.2849832013575133,True,187.0,187.0
26,22,100,True,converged,117.76421523094177,6.0,1.9613526377146435,0.5,0.0,True,converged,15.073021084011998,12.0,1.0,1.9895599333713878,1.987409729680885,0.5001922605132761,0.0882800923591425,0.6148601256632532,False,143.0,143.0
26,23,100,True,converged,104.52494382858276,6.0,1.8750705276403445,0.49999999999999745,0.0,True,converged,9.721227166999597,10.0,1.0,1.8757157609702593,1.8753428582495213,0.5000524567629535,0.02833397425695656,0.15844276534533597,True,179.0,179.0
26,24,100,True,converged,96.45323705673218,4.0,1.715707830122355,0.500000000377333,0.0,True,converged,0.2856439579918515,4.0,1.0,1.714816035349175,1.7144757010096807,0.5000350793120194,0.1437106006696056,0.7210281685675776,False,125.0,125.0
26,25,100,True,converged,72.30984306335449,4.0,2.3006264004380133,0.5000000000000032,0.0,True,converged,1.099043708993122,7.0,1.0,2.300970225080203,2.300514072241749,0.5002658290900864,0.08810217705186711,0.6180475698755791,False,170.0,170.0
26,26,100,True,converged,58.88204884529114,3.0,1.6773346720217033,0.4999783133481654,0.0,True,converged,4.471957083005691,8.0,1.0,1.6781724506490083,1.6778396661463069,0.5009139758418183,0.09075322054928155,0.6186360798397338,False,132.0,132.0
26,27,100,True,converged,70.42985796928406,4.0,2.1081427774516817,0.4999999999999988,0.0,True,converged,6.679607250000117,9.0,1.0,2.1085271116534536,2.1081091900707913,0.5014009671413494,0.01157578442191131,0.045078604722642066,True,173.0,173.0
26,28,100,True,converged,100.0568118095398,5.0,2.4918668293181145,0.5,0.0,True,converged,18.36164162500063,11.0,1.0,2.4925549312923763,2.4920605757313616,0.5000525473790981,0.12568983576420173,0.620586274688611,False,177.0,177.0
26,29,100,True,converged,52.571598052978516,3.0,2.4677821509649673,0.5000000000000002,0.0,True,converged,0.2614236249937676,4.0,1.0,2.4680881692795955,2.4675994327757187,0.5017475999375451,0.00860585762943546,0.03882337531897337,True,171.0,171.0
26,30,100,True,converged,30.54666495323181,2.0,1.9238543374477848,0.5000189242172468,0.0,True,converged,0.29429499999969266,4.0,1.0,1.9240993695225357,1.9237183117564822,0.5004362545769313,0.007289687243404851,0.03344320804262956,True,156.0,156.0
26,31,100,True,converged,77.01144814491272,4.0,2.063083466590794,0.499999999999999,0.0,True,converged,1.303053750001709,7.0,1.0,2.0634592737402166,2.063050387927621,0.5005011828537573,0.012628612987057157,0.05042771727424431,True,193.0,193.0
26,32,100,True,converged,154.40557527542114,6.0,2.455836526114691,0.49999999999999956,0.0,True,converged,3.7593090000009397,7.0,1.0,2.457108988365334,2.45659966996901,0.5007208189298489,0.029218844838332623,0.13403483696440618,True,174.0,174.0
26,33,100,True,converged,69.8481719493866,5.0,2.095113211446186,0.49999999999999944,0.0,True,converged,0.40856945799896494,5.0,1.0,2.095374920755973,2.0949591765769977,0.5000014969945811,0.00718330204877729,0.02972562475822586,True,180.0,180.0
26,34,100,True,converged,238.1010501384735,10.0,2.466293999104067,0.4999999999999989,0.0,False,timeout,300.0,,,,,,,,,,
26,35,100,True,converged,125.95546984672546,8.0,2.110521480590287,0.4999999999999999,0.0,True,converged,5.215325291996123,11.0,1.0,2.1108805854506203,2.110459785612872,0.5000137592281217,0.019186537448644514,0.07607604394283866,True,167.0,167.0
26,36,100,True,converged,241.82304191589355,11.0,2.1058012661383225,0.4999999999999991,0.0,False,timeout,300.0,,,,,,,,,,
26,37,100,True,converged,67.59827518463135,5.0,2.1911638097624753,0.49999999999999933,0.0,True,converged,0.15247320898924954,3.0,1.0,2.191417901982519,2.1909839602289365,0.5000009280319822,0.011591146494226861,0.06935238481851444,True,179.0,179.0
26,38,100,True,converged,63.542330741882324,4.0,1.9113656453112577,0.5000000000000007,0.0,True,converged,0.2544823750067735,4.0,1.0,1.9116777438751755,1.9112991867098623,0.5014862735918733,0.016100747088745985,0.06781126550836658,True,124.0,124.0
26,39,100,True,converged,136.2187898159027,4.0,2.8351914256346507,0.500000000132602,0.0,True,converged,1.0869390840089181,7.0,1.0,2.836057220576522,2.8354942178737286,0.5000226412575169,0.020775225915927054,0.10529028683440517,True,182.0,182.0
26,40,100,True,converged,53.29636812210083,3.0,2.3906733827415683,0.5000000000000003,0.0,True,converged,0.8254791670042323,6.0,1.0,2.3911542081070123,2.390680116260101,0.5000088250829721,0.019078097441473926,0.10915656970803982,True,158.0,158.0
26,41,100,True,converged,91.01042580604553,4.0,1.7096662721137201,0.500000000049065,0.0,True,converged,0.518252041991218,5.0,1.0,1.7099998019112805,1.7096611489295215,0.5021066122469705,0.01379669694538154,0.07443065107896066,True,113.0,113.0
26,42,100,True,converged,80.58266282081604,6.0,1.8998779399747605,0.5000000001015018,0.0,True,converged,2.998503625000012,9.0,1.0,1.9001822775312436,1.8998059334713417,0.5000095919394759,0.012408281117043627,0.05758657979365036,True,125.0,125.0
26,43,100,True,converged,96.7343499660492,5.0,2.1799576325079837,0.49999999999999906,0.0,True,converged,1.366611292003654,7.0,1.0,2.1812403450666307,2.180806756054684,0.5000195280893844,0.10462816199781014,0.7372816560366641,False,143.0,143.0
26,44,100,True,converged,87.15207600593567,5.0,1.9698794338641017,0.5000000000000003,0.0,True,converged,1.4983853340090718,7.0,1.0,1.9702594034334304,1.9698682151991105,0.5004459897887773,0.010636734395178342,0.05671178162640231,True,129.0,129.0
26,45,100,True,converged,115.5200891494751,5.0,2.041233397332986,0.4999352360124887,0.0,False,timeout,300.0,,,,,,,,,,
26,46,100,True,converged,60.64738178253174,3.0,2.276918194465405,0.5000000022932013,0.0,True,converged,1.9108677089971025,9.0,1.0,2.2773140129157308,2.276862634131343,0.5000140160582817,0.011763796060090403,0.041020594144086035,True,180.0,180.0
26,47,100,True,converged,97.88740611076355,6.0,1.9772179615116658,0.4999999999999996,0.0,True,converged,3.1986817500001052,8.0,1.0,1.9768932259167287,1.9765014810321517,0.5002601345490125,0.09614568291070058,0.5267575454490898,False,145.0,145.0
26,48,100,True,converged,137.76665925979614,6.0,1.985830976508838,0.5000000000000001,0.0,True,converged,2.000462374999188,8.0,1.0,1.9864366451737139,1.9860337333836653,0.5000433535770547,0.0353783762393697,0.18559738781887253,True,130.0,130.0
26,49,100,True,converged,109.77566385269165,5.0,2.156041519811816,0.49999999999999956,0.0,True,converged,5.9474212500063,8.0,1.0,2.1592638858064035,2.159173003987993,0.5000454664170975,0.020109125179559477,0.0780432519785196,True,123.0,123.0
28,0,100,True,converged,85.09080600738525,4.0,2.0496924643001946,0.4999999999999992,0.0,True,converged,6.418429375000414,11.0,1.0,2.050235077289026,2.049828391285533,0.5001767479332467,0.026260584960728035,0.09921999296695275,True,179.0,179.0
28,1,100,True,converged,73.8896689414978,3.0,2.35456654952864,0.49999999999999906,0.0,True,converged,11.075219082995318,13.0,1.0,2.354996042588192,2.3545282889155015,0.5000957366370261,0.012511941099227413,0.05341237388779802,True,238.0,238.0
28,2,100,True,converged,84.85848808288574,4.0,1.8855809983190508,0.5000000000022206,0.0,True,converged,2.561566625008709,9.0,1.0,1.8859595802356086,1.885585585188593,0.5013451021093677,0.012136933057397457,0.06392014611840041,True,210.0,210.0
28,3,100,True,converged,155.59515595436096,7.0,2.2591716008856015,0.5000000000000002,0.0,True,converged,6.121869165988755,11.0,1.0,2.256788454571686,2.256340960691822,0.5000042525829277,0.11792157863497749,0.7332237025813235,False,201.0,201.0
28,4,100,True,converged,61.49742794036865,3.0,1.8353825108061614,0.4999999999999989,0.0,True,converged,0.4914895839901874,5.0,1.0,1.835616650968395,1.835252313309803,0.500118860523043,0.00897896053148672,0.03628580557363282,True,178.0,178.0
28,5,100,True,converged,75.25939583778381,4.0,2.4494320994286816,0.5000000000000006,0.0,True,converged,2.8199379590078024,9.0,1.0,2.449896485914848,2.4494112312852403,0.5002831405975817,0.021601537028964127,0.08913430563823849,True,207.0,207.0
28,6,100,True,converged,129.54583430290222,5.0,2.293125509318638,0.4999999999999997,0.0,True,converged,5.565841707997606,11.0,1.0,2.2928597378421323,2.2924049801783815,0.5001788796663988,0.0887362485285137,0.636026923195036,False,138.0,140.0
28,7,100,True,converged,141.78143405914307,5.0,2.7709299212847167,0.5000000000000705,0.0,True,converged,28.290925041001174,11.0,1.0,2.7715278519677864,2.770976080702139,0.5001453940837032,0.017652741003754736,0.07690333275692057,True,198.0,198.0
28,8,100,True,converged,54.78504514694214,3.0,2.2618167066947383,0.5000019822505677,0.0,True,converged,0.4889002919953782,5.0,1.0,2.262152314109185,2.2617042756102874,0.500086609631374,0.008242904994994022,0.037167697578297784,True,144.0,144.0
28,9,100,True,converged,215.25991296768188,8.0,2.6068939638216535,0.4999999999999995,0.0,True,converged,13.522385415999452,13.0,1.0,2.6067581916125695,2.6062414545860695,0.5003703259984621,0.08707738399902445,0.5466890448354773,False,239.0,239.0
28,10,100,True,converged,179.2173399925232,6.0,2.402724286251211,0.49999999999999967,0.0,True,converged,2.7465935410000384,8.0,1.0,2.403397799262517,2.402919450846796,0.5000044614844589,0.03383081045409562,0.1802313166189465,True,198.0,198.0
28,11,100,True,converged,99.4330530166626,4.0,2.8730020150775744,0.5,0.0,True,converged,0.5331440000009025,5.0,1.0,2.8735113070679303,2.872941659608206,0.5000069216457287,0.016263813249044322,0.09166610833663165,True,215.0,215.0
28,12,100,True,converged,116.80021905899048,4.0,2.389719803012215,0.4999999999999998,0.0,True,converged,2.3243388749979204,8.0,1.0,2.3902211626661694,2.3897467942465322,0.5000066236819138,0.07857197876304771,0.5135430540781695,False,160.0,160.0
28,13,100,True,converged,192.84984612464905,9.0,2.097867364821741,0.4999999999999996,0.0,True,converged,32.233228458004305,12.0,1.0,2.09837996554313,2.0979634846840596,0.5001258803344044,0.0301002413176057,0.1817860372659727,True,197.0,197.0
28,14,100,True,converged,62.78377914428711,3.0,2.2891317317938857,0.4999999999999999,0.0,True,converged,0.5414137500047218,5.0,1.0,2.289493227606204,2.289038896682773,0.5001234404925815,0.007244841323997023,0.03823928593213793,True,212.0,212.0
28,15,100,True,converged,59.482187032699585,3.0,1.6820051069848505,0.4999999999999998,0.0,True,converged,0.4845907919952879,5.0,1.0,1.6823952573022185,1.682062032098183,0.502352168231203,0.0144489154214155,0.0852738246039633,True,173.0,173.0
28,16,100,True,converged,187.22998595237732,8.0,2.4445127784871086,0.49999999999999933,0.0,True,converged,45.687508499991964,13.0,1.0,2.469237838457179,2.4643682260729585,0.5000029891664118,0.10072065204943255,0.5421714466034019,True,191.0,191.0
28,17,100,True,converged,81.60054206848145,4.0,2.0936422887553454,0.4998973369830818,0.0,True,converged,6.582478333002655,10.0,1.0,2.0945604430883096,2.0941454241237327,0.5073479285249584,0.03268913890656222,0.13167327466375678,True,205.0,205.0
28,18,100,True,converged,103.81470108032227,5.0,2.5230131430922405,0.4999999999999982,0.0,True,converged,1.1882312499947147,7.0,1.0,2.5234852306347886,2.522985397322069,0.5010507516464744,0.021223988657414247,0.11003235151751789,True,214.0,214.0
28,19,100,True,converged,133.52135682106018,7.0,2.264767915656416,0.49999999999999883,0.0,True,converged,2.4933507079986157,9.0,1.0,2.2651952801838067,2.2647461561439126,0.5000454905078631,0.03454474377237742,0.1922356486511528,True,191.0,191.0
28,20,100,True,converged,175.6915316581726,9.0,1.9056548423030542,0.49999999999999867,0.0,True,converged,1.1089680000004591,7.0,1.0,1.9061782239477771,1.9058004036077112,0.502755169748237,0.02867131790435789,0.19251281423078614,True,211.0,211.0
28,21,100,True,converged,78.61081719398499,4.0,2.4115746587061886,0.4999999999999985,0.0,True,converged,22.280839750004816,11.0,1.0,2.414811276254189,2.4143260300006593,0.5004520419269998,0.10075539516421286,0.7237851941827169,False,184.0,184.0
28,22,100,True,converged,65.76373982429504,3.0,1.8508831496037577,0.4999999999999994,0.0,True,converged,0.48591495800064877,5.0,1.0,1.8511884049944303,1.8508217161836145,0.5003018800843781,0.012447879899237822,0.0660365842924466,True,170.0,170.0
28,23,100,True,converged,92.74866199493408,4.0,2.3968197300526635,0.4999999999999999,0.0,True,converged,4.040257750006276,10.0,1.0,2.3973659559546188,2.3968907080615094,0.5000014527580507,0.013292111758173875,0.04713291697899172,True,206.0,206.0
28,24,100,True,converged,102.80961489677429,4.0,2.295839097319637,0.5000000000000001,0.0,True,converged,12.84743854199769,11.0,1.0,2.2964356550388905,2.2959776058383414,0.5001019996355858,0.021635459014333752,0.08788344410300751,True,214.0,214.0
28,25,100,True,converged,107.09007096290588,5.0,2.65353337841965,0.5000000000000001,0.0,True,converged,5.20811187500658,11.0,1.0,2.6542101005910403,2.6536752953046703,0.5001338973028896,0.020123180492632082,0.07174889792285613,True,211.0,211.0
28,26,100,True,converged,140.99936890602112,6.0,1.940494446880058,0.4999999999999997,0.0,True,converged,1.9936694170028204,8.0,1.0,1.939199904267158,1.9388153806605275,0.5000207418889937,0.10337838252763823,0.752388766428451,False,202.0,202.0
28,27,100,True,converged,84.09274196624756,6.0,1.6184415926332985,0.5000000000000483,0.0,True,converged,1.0009801249980228,4.0,1.0,1.6563328682032568,1.6534080390997572,0.5004302967371979,0.06266417977698772,0.6900604015753601,True,145.0,145.0
28,28,100,True,converged,129.11476302146912,6.0,2.657601439307158,0.49999999999999967,0.0,False,timeout,300.0,,,,,,,,,,
28,29,100,True,converged,149.87359404563904,5.0,2.6317447830058844,0.5000000000000009,0.0,True,converged,16.219876540999394,12.0,1.0,2.6322212581610027,2.631699279138404,0.5001874574852802,0.016366996071444304,0.08327914577100749,True,218.0,218.0
28,30,100,True,converged,55.260266065597534,3.0,2.0557928211949763,0.4999999999999997,0.0,True,converged,1.597864916009712,8.0,1.0,2.0561403285018898,2.055732820231391,0.5000260924690931,0.012739731058059681,0.07795974916337284,True,178.0,178.0
28,31,100,True,converged,136.49890995025635,6.0,2.087010859483179,0.5000000002312881,0.0,False,timeout,300.0,,,,,,,,,,
28,32,100,True,converged,213.3126518726349,6.0,2.1749009313950465,0.5000000000141103,0.0,False,timeout,300.0,,,,,,,,,,
28,33,100,True,converged,106.87751698493958,5.0,2.321176248427018,0.4999999999999998,0.0,True,converged,1.982537375006359,8.0,1.0,2.3216682174958363,2.321208273600801,0.5033762072140704,0.018800182597128876,0.06857289749910578,True,175.0,175.0
28,34,100,True,converged,103.8895537853241,6.0,1.990712146563181,0.4999999999999987,0.0,False,converged,0.3006614170008106,4.0,1.0,1.9908245409588476,1.990430187120564,0.33385330149476383,0.021918799670732375,0.1295428182807029,True,188.0,188.0
28,35,100,True,converged,167.85703802108765,5.0,2.6762466169586543,0.5000000000002037,0.0,False,timeout,300.0,,,,,,,,,,
28,36,100,True,converged,196.15747165679932,7.0,2.1473710093269807,0.49999999999999933,0.0,True,converged,97.12038449999818,14.0,1.0,2.1607794997653786,2.1595106616054536,0.5000871502622318,0.11331631685636999,0.6916001613915129,False,205.0,205.0
28,37,100,True,converged,54.741584062576294,3.0,2.235759187428111,0.5000000003722147,0.0,True,converged,0.3007475830090698,4.0,1.0,2.236015677373044,2.2355729761832897,0.5043342454076521,0.00736579600931625,0.03995906933484228,True,205.0,205.0
28,38,100,True,converged,106.78636193275452,5.0,2.1604881168479597,0.49999999999999983,0.0,True,converged,1.0857735419995151,6.0,1.0,2.160936603356,2.1605080326586625,0.5000003657405859,0.01236265105129936,0.06204759105227864,True,163.0,163.0
28,39,100,True,converged,190.4457552433014,9.0,2.958611371613691,0.49999999999999767,0.0,False,timeout,300.0,,,,,,,,,,
28,40,100,True,converged,88.90635991096497,4.0,2.7243884726029504,0.5000000000021835,0.0,True,converged,1.7101171249960316,8.0,1.0,2.7250509481993697,2.7245110911652337,0.5004910072520143,0.0827080980405243,0.5835757805110584,False,208.0,208.0
28,41,100,True,converged,113.2104549407959,4.0,2.155800639524954,0.49999999999999994,0.0,True,converged,25.63395191699965,11.0,1.0,2.1562459183487346,2.155815994748786,0.5001492959492791,0.023860972426729517,0.12413025810720016,True,186.0,186.0
28,42,100,True,converged,111.64807796478271,5.0,2.116769638570275,0.4999999999999996,0.0,True,converged,3.3143479169957573,9.0,1.0,2.1173704268742783,2.1169463000769575,0.5000041767809993,0.02467287201025965,0.10987681179466094,True,160.0,160.0
28,43,100,True,converged,77.34914088249207,4.0,2.377779541928764,0.5000000000000001,0.0,True,converged,0.3196860000025481,4.0,1.0,2.37820237014102,2.3777286712578483,0.5000871193784386,0.009385314795657868,0.04203641754116268,True,184.0,184.0
28,44,100,True,converged,161.0230257511139,6.0,2.2706449020256176,0.5000000000000203,0.0,True,converged,21.409321291997912,15.0,1.0,2.2715413222256573,2.2710895219263305,0.5010430762205654,0.030169933998033062,0.1246259480992358,True,205.0,205.0
28,45,100,True,converged,87.64564990997314,4.0,1.512524659431174,0.5000000000000006,0.0,True,converged,1.9094725000031758,8.0,1.0,1.512786366908576,1.5124858171844624,0.5000101577749012,0.01014712153240164,0.053119217923743425,True,166.0,166.0
28,46,100,True,converged,102.4348669052124,5.0,1.7683307693552155,0.5000000000000002,0.0,True,converged,1.4643789169931551,7.0,1.0,1.7688196460259784,1.7684688695874482,0.5001383710521206,0.016057424567894777,0.06752927573369957,True,149.0,149.0
28,47,100,True,converged,59.24652886390686,3.0,2.1451331159490192,0.500000001479352,0.0,True,converged,0.5313311249919934,5.0,1.0,2.1454800563750283,2.145055194864509,0.5036084474706929,0.010653806403788591,0.04393470031338982,True,177.0,177.0
28,48,100,True,converged,58.26664614677429,3.0,2.1424486839865704,0.5000000000000008,0.0,True,converged,0.7451552499987883,6.0,1.0,2.1427338877154303,2.1423088269738884,0.5000321245008369,0.008640866963077629,0.04438537873466046,True,197.0,197.0
28,49,100,True,converged,136.85663890838623,4.0,2.6507949093054863,0.5000000000000095,0.0,True,converged,2.4005395419953857,9.0,1.0,2.6519228161375348,2.65139737804934,0.5000088253061565,0.04809909478706894,0.3076854399866946,True,197.0,197.0
30,0,100,True,converged,61.01780605316162,3.0,2.282274713211889,0.500000000000001,0.0,True,converged,1.0282445829943754,6.0,1.0,2.2826403889483937,2.2821884513971646,0.5001017736304925,0.013016567507202531,0.07929818167186387,True,235.0,235.0
30,1,100,True,converged,111.57688999176025,4.0,2.5669266314895416,0.4999999999999987,0.0,True,converged,14.83922895800788,12.0,1.0,2.5673482268086554,2.566838686870269,0.5000517240943585,0.008002153180309475,0.03195709999182823,True,196.0,196.0
30,2,100,True,converged,176.99861192703247,5.0,1.922826954946703,0.49999999999999906,0.0,False,timeout,300.0,,,,,,,,,,
30,3,100,True,converged,189.493754863739,4.0,2.0199265546897727,0.5000000003024027,0.0,True,converged,5.800761625010637,10.0,1.0,2.0204176225759696,2.0200144654667724,0.5000386990557588,0.011666678245082673,0.05239942901908314,True,190.0,190.0
30,4,100,True,converged,247.53925609588623,7.0,2.7642290440927324,0.49999999999999956,0.0,False,timeout,300.0,,,,,,,,,,
30,5,100,True,converged,135.40666007995605,5.0,2.905142079642747,0.500000000000002,0.0,True,converged,99.12451558299654,13.0,1.0,2.9178592635880687,2.9175031648288803,0.5002505328700597,0.2294609458217526,1.284026517335471,False,247.0,247.0
30,6,100,True,converged,191.53513503074646,5.0,2.7913787915087083,0.5000000000000048,0.0,True,converged,90.92126991599798,14.0,1.0,2.7992201074284258,2.8035021187008398,0.5000006345495377,0.03135012459732963,0.17884372406356572,True,212.0,212.0
30,7,100,True,converged,175.32259702682495,7.0,2.4729910224366245,0.49999999999999906,0.0,True,converged,24.586272540997015,13.0,1.0,2.473966474975235,2.4734762364072775,0.5001901824335026,0.026700101237967767,0.1119848033663835,True,212.0,212.0
30,8,100,True,converged,158.90710616111755,6.0,2.658732543043315,0.4999999999999997,0.0,True,converged,6.425551583000924,11.0,1.0,2.6590849545711692,2.65855825538419,0.5000368336073141,0.012548090954201051,0.059267243258221775,True,225.0,225.0
30,9,100,True,converged,290.98037672042847,7.0,2.337416429465338,0.49999999999999784,0.0,True,converged,64.64728220899997,15.0,1.0,2.338245375310271,2.3377817441741033,0.5016379832989247,0.12823979839329366,0.5957321250548008,False,206.0,206.0
30,10,100,True,converged,72.36558294296265,4.0,1.7306864352623075,0.49999999999999994,0.0,True,converged,4.168241334002232,7.0,1.0,1.7308890861391464,1.7305460665098835,0.5003445019006798,0.005541940160867306,0.02626371069850614,True,174.0,174.0
30,11,100,True,converged,187.2221713066101,6.0,2.4853159413979298,0.4999999999999997,0.0,False,timeout,300.0,,,,,,,,,,
30,12,100,True,converged,99.84814786911011,4.0,2.834532614230725,0.5000000000000627,0.0,True,converged,6.508005833005882,8.0,1.0,2.888528370819886,2.8876684714518825,0.5022114599776901,0.04428738062339034,0.22739536976840574,True,253.0,253.0
30,13,100,True,converged,157.664204120636,4.0,1.7507320177169854,0.5000000000000002,0.0,True,converged,2.6873894999880577,9.0,1.0,1.7512078194766532,1.7508588232050646,0.5000326690200156,0.00973896157861786,0.0521835122356016,True,195.0,195.0
30,14,100,True,converged,34.27075219154358,2.0,1.8776094640292522,0.49999999999999983,0.0,True,converged,0.5919742499972926,5.0,1.0,1.8778386027994116,1.8774668101423742,0.5018063855662619,0.010414230672539116,0.055718867870269743,True,205.0,205.0
30,15,100,True,converged,128.47453904151917,5.0,1.9849765746501051,0.4999999999999998,0.0,True,converged,12.937194250000175,9.0,1.0,1.9854400133927115,1.9850526242348336,0.5000139289005847,0.01565607611597704,0.06515564200085473,True,180.0,180.0
30,16,100,True,converged,158.55574488639832,6.0,2.5136186280926474,0.49999999999999895,0.0,True,converged,6.294179917007568,10.0,1.0,2.5141667164118866,2.513665622382271,0.5000427058453565,0.021165102305123102,0.08834362848315325,True,225.0,225.0
30,17,100,True,converged,265.6891338825226,7.0,2.119772872281158,0.49999999999999734,0.0,True,converged,21.141139082988957,13.0,1.0,2.11991944781575,2.1194953044737144,0.5000000453873469,0.08385771734788955,0.5653509863436595,False,234.0,234.0
30,18,100,True,converged,130.10257005691528,5.0,2.0932761513204476,0.4999999999999987,0.0,True,converged,44.33668341700104,12.0,1.0,2.2270064625451624,2.2281702472942104,0.5000090000144656,0.05572505280051843,0.21431489656375424,True,221.0,221.0
30,19,100,True,converged,289.1751461029053,8.0,2.6122857907713675,0.49999999999999956,0.0,True,converged,4.026395458000479,9.0,1.0,2.613214189377064,2.6126934150365027,0.5000241737092155,0.03737144067110068,0.1365793089109267,True,183.0,183.0
30,20,100,True,converged,92.94512224197388,4.0,2.010116057614382,0.5,0.0,False,timeout,300.0,,,,,,,,,,
30,21,100,True,converged,289.50064516067505,9.0,2.3924751974160325,0.5000000000000613,0.0,True,converged,100.42316566700174,19.0,1.0,2.392283414650203,2.391807337022793,0.5000704071445372,0.08584279267413719,0.5412807125922435,False,200.0,200.0
30,22,100,True,converged,163.0549521446228,5.0,2.44498568309986,0.500000000007904,0.0,True,converged,6.673936000006506,10.0,1.0,2.4454903635720333,2.445005387582827,0.5000838747250481,0.08501632071555958,0.6089341978691044,False,236.0,236.0
30,23,100,True,converged,166.74525785446167,5.0,1.959112246643797,0.5,0.0,True,converged,2.1717354169959435,8.0,1.0,1.959596442302177,1.9592063001523952,0.5000479604378673,0.025391903473792103,0.12273854105722537,True,224.0,224.0
30,24,100,True,converged,252.26504707336426,6.0,2.0698775166255468,0.5000000000000264,0.0,True,converged,8.813475333998213,9.0,1.0,2.0908122772615334,2.0891944986509587,0.500074319034808,0.11945497413984349,0.6826795909314728,False,207.0,207.0
30,25,100,True,converged,247.8929889202118,7.0,2.612026277296118,0.4999999999999987,0.0,False,timeout,300.0,,,,,,,,,,
30,26,100,True,converged,179.8436300754547,5.0,2.8282725376842683,0.49999999999999967,0.0,True,converged,12.872137999991537,13.0,1.0,2.828918133371818,2.8283572454099613,0.500018385960945,0.02433015008195523,0.10432714014645962,True,260.0,260.0
30,27,100,True,converged,120.99465298652649,4.0,1.9003402770109619,0.49999999999999994,0.0,True,converged,22.619662832992617,10.0,1.0,1.919314591946769,1.9205799214763213,0.5001080134388265,0.08222440495708243,0.5445806013419888,False,184.0,184.0
30,28,100,True,converged,168.12747025489807,6.0,2.3893165756168395,0.49999999999999956,0.0,True,converged,11.905578916994273,9.0,1.0,2.390396349678299,2.389951992951425,0.5002590768919163,0.03133133927854033,0.16385576405671118,True,209.0,209.0
30,29,100,True,converged,206.62971591949463,5.0,2.78321053746731,0.499999999999999,0.0,True,converged,6.95619962499768,10.0,1.0,3.7316665192230194,3.723434616089142,0.500002963446346,0.6699151151094536,6.611558024862541,False,243.0,243.0
30,30,100,True,converged,185.56041169166565,6.0,2.4164598490572318,0.5000000000000109,0.0,False,timeout,300.0,,,,,,,,,,
30,31,100,True,converged,98.5014078617096,4.0,1.4044508429054356,0.49999999999999944,0.0,True,converged,1.9872624590061605,8.0,1.0,1.4046600604500874,1.4043813958699316,0.5001343829431213,0.010501509572205468,0.059868402323269634,True,178.0,178.0
30,32,100,True,converged,251.95931601524353,8.0,2.10039848122672,0.49999999999999845,0.0,True,converged,7.136874584000907,11.0,1.0,2.0998948817307834,2.0994785629304475,0.5000760353369277,0.11975691684003592,0.5484286419241167,False,195.0,195.0
30,33,100,True,converged,127.66448402404785,5.0,2.0779482234511146,0.49999999999999967,0.0,True,converged,27.170892375012045,10.0,1.0,2.078502078860429,2.0780889334457653,0.5000018856140304,0.08516637873196167,0.6048391414060883,False,206.0,206.0
30,34,100,True,converged,97.63671970367432,4.0,1.8141803813511095,0.5000000000000093,0.0,True,converged,5.4955610829929356,10.0,1.0,1.8145095456914704,1.8141490226453287,0.5000006735525635,0.018064398186990075,0.07008137142822554,True,184.0,184.0
30,35,100,True,converged,119.90462374687195,4.0,2.456252670301656,0.5000000000000013,0.0,True,converged,13.806583999990835,13.0,1.0,2.4569139032020586,2.456426198694837,0.5000144714045791,0.02327132442431312,0.0956129330619729,True,223.0,223.0
30,36,100,True,converged,119.35400867462158,4.0,2.568829408837861,0.4999164773325994,0.0,True,converged,10.861544541010517,11.0,1.0,2.5692636531500908,2.5687442334965342,0.5003805049392074,0.1034205733629646,0.7159296502574762,False,248.0,248.0
30,37,100,False,timeout,300.0,,,,,False,timeout,300.0,,,,,,,,,,
30,38,100,True,converged,163.2236189842224,6.0,2.086766923190689,0.49999999999999956,0.0,True,converged,6.882823332998669,9.0,1.0,2.087063521617681,2.0866496440619255,0.5000618996962107,0.013199057336937754,0.06717092222345446,True,185.0,185.0
30,39,100,True,converged,217.78799319267273,6.0,2.2343586656252237,0.5000000000004268,0.0,True,converged,3.838489625006332,7.0,1.0,2.234822836585616,2.2343793995368397,0.5001230682112512,0.022370934070615217,0.11281496712919135,True,203.0,203.0
30,40,100,True,converged,284.504319190979,11.0,2.1947628650023456,0.5000000007823648,0.0,True,converged,6.00302516699594,10.0,1.0,2.195199225072404,2.194762682227914,0.5000698651481091,0.08879225123660706,0.5311641561198357,False,213.0,213.0
30,41,100,True,converged,123.29438805580139,5.0,1.9901166890858182,0.49999999999999933,0.0,True,converged,85.50907179201022,13.0,1.0,2.5387186618012967,2.482416696232038,0.5000310273108994,0.30590673021664455,1.1421145417608005,True,215.0,215.0
30,42,100,True,converged,196.13039708137512,5.0,2.1819925131477054,0.5000000000000001,0.0,True,converged,23.392382874997566,12.0,1.0,2.182760141465332,2.1823256872836163,0.5002588175566444,0.029286771235364155,0.1548727500073851,True,200.0,200.0
30,43,100,True,converged,189.38102507591248,6.0,2.165991056444558,0.4999999999999972,0.0,True,converged,37.08623570899363,13.0,1.0,2.1688547108143803,2.1692640469634714,0.5001334555250339,0.017108461378894064,0.06915741193350695,True,179.0,179.0
30,44,100,True,converged,214.995258808136,5.0,2.1036264015255197,0.49999999999999856,0.0,True,converged,56.10947979199409,14.0,1.0,2.1043066963842247,2.103889079687356,0.5001025181953732,0.024612168932394693,0.1392279424011262,True,217.0,217.0
30,45,100,True,converged,235.15847277641296,6.0,1.752439970763625,0.5000000000000032,0.0,True,converged,198.49346008298744,18.0,1.0,2.6484003281396333,3.408060962743393,0.5000616780862689,0.7538659458213,4.756192093610576,False,183.0,185.0
30,46,100,True,converged,129.74041199684143,5.0,2.15879527625716,0.5,0.0,True,converged,2.8905626670020865,6.0,1.0,2.213531813572136,2.2044183312287267,0.5013882881343197,0.05686370680038431,0.40468828109862864,True,257.0,257.0
30,47,100,True,converged,249.8451247215271,10.0,2.0035227955117043,0.4999999999999988,0.0,True,converged,1.3770297920127632,7.0,1.0,2.003996861740894,2.003599758623947,0.5019990061992041,0.020917891683341624,0.10681063691175374,True,171.0,171.0
30,48,100,True,converged,187.6403181552887,8.0,2.0993812796907108,0.4999999999999996,0.0,True,converged,43.586803209007485,11.0,1.0,2.1602104923010774,2.1569643545722825,0.5003128713548242,0.10841912434471057,0.6654294260071534,True,218.0,218.0
30,49,100,False,timeout,300.0,,,,,True,converged,3.203651916992385,9.0,1.0,2.4918859150704944,2.4913920676005903,0.5005698025442649,,,,,
