N,seed,K,contact_success,contact_reason,contact_time,contact_contacts,contact_max_contacts_single_pair,contact_cost,contact_cost_continuous,contact_min_dist,scp_success,scp_reason,scp_time,scp_iterations,scp_cost,scp_min_dist,scp_worst_violation,scp_min_dist_continuous,position_rmse,max_position_deviation,same_homotopy_class,n_crossings_scp,n_crossings_contact
16,0,10,True,converged,0.0581684159988071,2,1,1.533998181012379,1.5036679291634183,0.5017933945718013,True,converged,0.0335171222686767,2,1.51817817561976,0.5000000000000004,0.0,0.1504775296397571,0.044471920855403,0.1970398892958369,False,51,51
16,0,15,True,converged,0.0377188750135246,2,1,1.5171407080329171,1.5036679291634183,0.5017933945718013,True,converged,0.0722179412841796,2,1.5096102923257286,0.4999999999999999,0.0,0.1504775296397709,0.0441219465479257,0.1962204278379145,True,52,52
16,0,25,True,converged,0.0581684159988071,2,1,1.5085188128180014,1.5036679291634183,0.5017933945718013,True,converged,0.2002551555633545,2,1.5060126540914025,0.5000000000000007,0.0,0.4664998859708371,0.0185005446123524,0.0710178898046799,True,52,52
16,0,35,True,converged,0.0377188750135246,2,1,1.506138354012514,1.5036679291634183,0.5017933945718013,True,converged,0.4579551219940185,2,1.5046114815308909,0.4999999999999996,0.0,0.3558009746535098,0.0320676975791616,0.1385586746357247,True,52,52
16,0,50,True,converged,0.0581684159988071,2,1,1.504876456218603,1.5036679291634183,0.5017933945718013,True,converged,1.0926940441131592,2,1.5041771150074543,0.4999999999999998,0.0,0.463709503993546,0.0193848822455706,0.0742356064053913,True,52,52
16,0,75,True,converged,0.0581684159988071,2,1,1.5042026144581289,1.5036679291634183,0.5017933945718013,True,converged,2.967858076095581,3,1.503843206729166,0.5001384586888235,0.0,0.4725987960874454,0.0152546259328246,0.0599643281413111,True,52,52
16,0,100,True,converged,0.0581684159988071,2,1,1.503966995535265,1.5036679291634183,0.5017933945718013,True,converged,6.900673151016235,4,1.5037260701516888,0.5000854116755795,0.0,0.4770569780792122,0.0142028141614353,0.0522501112207361,True,52,52
16,0,150,True,converged,0.0581684159988071,2,1,1.5037989112506502,1.5036679291634183,0.5017933945718013,True,converged,18.07714891433716,4,1.5036538343747616,0.5000000000070003,0.0,0.4849244335642538,0.0089666608070832,0.0352896751186386,True,52,52
16,0,200,True,converged,0.040913166012614965,2,1,1.5037401945976865,1.5036679291634185,0.5017933945718013,True,converged,15.69125509262085,3,1.5036461060459938,0.5000000000027495,0.0,0.4915949798379512,0.004212566775360525,0.01769189870341719,True,52,52
16,1,10,True,converged,0.0760409169888589,3,1,1.3199747192354971,1.2940736492773552,0.5031274753340267,True,converged,0.0302960872650146,2,1.306931123432022,0.5000000000000011,0.0,0.3173358446979624,0.0248614061229621,0.1089800313031601,True,64,64
16,1,15,True,converged,0.0672497499908786,3,1,1.3055815012108385,1.2940736492773552,0.5031274753340267,True,converged,0.0584328174591064,2,1.2996311609129372,0.500000000000001,0.0,0.3173358446979614,0.02369435833419,0.1106961125243497,True,64,64
16,1,25,True,converged,0.0760409169888589,3,1,1.2982138614471563,1.2940736492773552,0.5031274753340267,True,converged,0.1702029705047607,2,1.295926631317876,0.4999999999999992,0.0,0.3119104120287764,0.0233764710596209,0.1113023815829214,True,64,64
16,1,35,True,converged,0.0672497499908786,3,1,1.2961844834533396,1.2940736492773552,0.5031274753340267,True,converged,0.456650972366333,2,1.2949092915237788,0.5003063664813342,0.0,0.3173358446979186,0.0229744272205102,0.1115558488384988,True,64,64
16,1,50,True,converged,0.0760409169888589,3,1,1.295106800487803,1.2940736492773552,0.5031274753340267,True,converged,1.6515507698059082,3,1.2945415670709677,0.500001487753604,0.0,0.4830345732170006,0.0075932546223532,0.0305327503062241,True,64,64
16,1,75,True,converged,0.0760409169888589,3,1,1.2945312034720506,1.2940736492773552,0.5031274753340267,True,converged,2.7602930068969727,2,1.2941961060964589,0.5000018133856772,0.0,0.4310334349651686,0.011933382950949,0.0573168134118958,True,64,64
16,1,100,True,converged,0.0760409169888589,3,1,1.2943299231900087,1.2940736492773552,0.5012665364657763,True,converged,4.431274890899658,2,1.294163490891818,0.5000016438367509,0.0,0.4841160782041306,0.0057906596056967,0.0283455923249149,True,64,64
16,1,150,True,converged,0.0760409169888589,3,1,1.2941861547070062,1.2940736492773552,0.5000266580378725,True,converged,7.26564884185791,2,1.2941039398766685,0.5000088512852148,0.0,0.4858450659498847,0.0044033416111985,0.0232415958008677,True,64,64
16,1,200,True,converged,0.07422866701381281,3,1,1.2941357775620341,1.2940736492773552,0.5001018846754078,True,converged,12.78865098953247,2,1.2940840052602594,0.5000249105015617,0.0,0.4905281554645045,0.0019247381834143215,0.009471853074701058,True,64,64
16,2,10,True,converged,0.3312172500009183,6,1,1.4336918110032215,1.4051572244673567,0.5088468244082482,True,converged,0.0338101387023925,2,1.4162698117154795,0.4999999999999991,0.0,0.04048196030753,0.0837278161098698,0.3201398284122488,False,68,68
16,2,15,True,converged,0.3258764999918639,6,1,1.4178033457563075,1.4051572244673567,0.5088468244082495,True,converged,0.0805108547210693,2,1.4083580363165848,0.499999999999999,0.0,0.0356834936995581,0.0831158332015907,0.3185747736060603,False,68,68
16,2,25,True,converged,0.3312172500009183,6,1,1.4096885853278958,1.4051572244673567,0.5088468244082495,True,converged,0.217052936553955,2,1.4047279644092283,0.4999999999999989,0.0,0.2307601585011393,0.0653225231769011,0.2132143184991248,True,69,69
16,2,35,True,converged,0.3258764999918639,6,1,1.407461892039583,1.4051572244673567,0.5034739970940509,True,converged,0.9035420417785645,3,1.403845008281105,0.5000000606968376,0.0,0.1702354691757091,0.0588688560445446,0.2248024706339587,True,69,69
16,2,50,True,converged,0.3312172500009183,6,1,1.4062841829692876,1.4051572244673567,0.5088468244082495,True,converged,2.5087008476257324,3,1.404112904491475,0.5000000000000001,0.0,0.3476213762467114,0.0380017069390951,0.1503220356341534,True,69,69
16,2,75,True,converged,0.3312172500009183,6,1,1.405659754178043,1.4051572244673567,0.5002827802519139,True,converged,8.338669061660767,6,1.4050117042490915,0.5,0.0,0.4281861212898887,0.0316048655747975,0.1480321943769716,True,69,69
16,2,100,True,converged,0.3312172500009183,6,1,1.4054368684585163,1.4051572244673567,0.5001486333668705,True,converged,10.762531757354736,5,1.4048556500623937,0.4999999999999993,0.0,0.4437751434550123,0.0159056464052734,0.0497295323413036,True,69,69
16,2,150,True,converged,0.3312172500009183,6,1,1.4052805452631565,1.4051572244673567,0.5002827802519139,True,converged,23.18293809890747,6,1.4051136326521585,0.5,0.0,0.4831450498798818,0.016655315125465,0.0691685289073046,True,69,69
16,2,200,True,converged,0.3327585000079125,6,1,1.4052254391712757,1.4051572244673567,0.5000000101372565,True,converged,46.76647591590881,7,1.4051024144645552,0.4999736272147576,0.0,0.49066224621218796,0.006211918509689588,0.028261840888359285,True,69,69
16,3,10,True,converged,0.0704346659767907,3,1,2.030615416692108,1.990754575677844,0.5741531114055406,True,converged,0.0320680141448974,2,2.00970628825576,0.4999999999999997,0.0,0.2471323609930386,0.0547271968449089,0.2405958811225603,False,60,60
16,3,15,True,converged,0.0660274589899927,3,1,2.0084754303861687,1.990754575677844,0.5741531114055433,True,converged,0.1007590293884277,3,1.9985933238423528,0.5000977616924486,0.0,0.211678329758906,0.0497125560964329,0.2536953049306563,True,60,60
16,3,25,True,converged,0.0704346659767907,3,1,1.9971251012715523,1.990754575677844,0.5105951322874528,True,converged,0.1932160854339599,2,1.992778828691605,0.500002229950266,0.0,0.2480600183878032,0.0534118722097167,0.2460513371652726,True,60,60
16,3,35,True,converged,0.0660274589899927,3,1,1.99400362076375,1.990754575677844,0.5337141534343327,True,converged,0.577225923538208,3,1.9912768139425752,0.5000050880618514,0.0,0.1864532955279441,0.0542200855804543,0.2633922709369343,True,61,61
16,3,50,True,converged,0.0704346659767907,3,1,1.99234448633313,1.990754575677844,0.5024981403342927,True,converged,2.372697114944458,4,1.99068351457161,0.5000000048495018,0.0,0.2671745084372745,0.0367229538876318,0.1769286098403255,True,61,61
16,3,75,True,converged,0.0704346659767907,3,1,1.9914582919612855,1.990754575677844,0.5105951322874528,True,converged,2.504204034805298,3,1.9902705731805828,0.5000000000105106,0.0,0.3424430255417414,0.025706388444649,0.1291048483068234,True,61,61
16,3,100,True,converged,0.0704346659767907,3,1,1.9911490017477604,1.990754575677844,0.5015412235342462,True,converged,5.77846097946167,3,1.9907432742386495,0.5000245430869749,0.0,0.4536758368148096,0.0121660522206362,0.0658189181082992,True,61,61
16,3,150,True,converged,0.0704346659767907,3,1,1.9909279196302585,1.990754575677844,0.50000130239791,True,converged,23.614618062973022,7,1.9907566937828232,0.5000000003654916,0.0,0.4657087502333288,0.0197130758972109,0.081387331919688,True,61,61
16,3,200,True,converged,0.06784879200858995,3,1,1.9908501594444012,1.990754575677844,0.5015412235342462,True,converged,19.171623945236206,3,1.9907038903171275,0.5000004115811906,0.0,0.4811220414068698,0.010111643758725579,0.05089574675664674,True,61,61
16,4,10,True,converged,0.1154392909957096,4,1,1.490302351542637,1.4610698240719104,0.730709276881289,True,converged,0.0025501251220703,0,1.4745115893776206,0.6373570315767636,0.0,0.1640046497159629,0.0591410080482208,0.1728823942560023,True,51,51
16,4,15,True,converged,0.1198502919869497,4,1,1.474060263393989,1.4610698240719104,0.5801939699672893,True,converged,0.0609307289123535,2,1.4663617182202369,0.5000000000000008,0.0,0.1640046497159482,0.0558643812105161,0.1721345401561264,False,51,51
16,4,25,True,converged,0.1154392909957096,4,1,1.4657476417339,1.4610698240719104,0.5028651782359628,True,converged,0.1932768821716308,2,1.462825126798796,0.4999999999999995,0.0,0.2252506100159323,0.0390851989221866,0.1662708744710327,True,51,51
16,4,35,True,converged,0.1198502919869497,4,1,1.463452879250729,1.4610698240719104,0.5180719545971503,True,converged,0.7087159156799316,3,1.461289424522225,0.4999999999999999,0.0,0.1640046497159268,0.0481573409103155,0.1695943910240439,True,51,51
16,4,50,True,converged,0.1154392909957096,4,1,1.46223760659324,1.4610698240719104,0.5027984216778323,True,converged,2.1414990425109863,3,1.461511482883696,0.5000000000000007,0.0,0.4624801416485918,0.0161912690077364,0.0531923324494501,True,51,51
16,4,75,True,converged,0.1154392909957096,4,1,1.461586821590201,1.4610698240719104,0.5028651782359628,True,converged,2.9022669792175293,3,1.4611332887607436,0.5000000000000002,0.0,0.45066772605912,0.0154537367749352,0.0530296090191853,True,51,51
16,4,100,True,converged,0.1154392909957096,4,1,1.461359573975643,1.4610698240719104,0.5001971062040401,True,converged,6.526388168334961,3,1.461147858468746,0.5000000000050105,0.0,0.472683159529407,0.0111386124224376,0.0371633882713867,True,51,51
16,4,150,True,converged,0.1154392909957096,4,1,1.4611968588498363,1.4610698240719104,0.5018102098442315,True,converged,14.45164394378662,4,1.4610785551180503,0.5000000000001888,0.0,0.4854439945715661,0.0097796046547508,0.034854135654209,True,51,51
16,4,200,True,converged,0.1286599169834517,4,1,1.4611399978926456,1.4610698240719104,0.5001971062040401,True,converged,18.124592304229736,3,1.4610657837891363,0.5000195839554393,0.0,0.4899012939036517,0.006473998352768012,0.024845277477072734,True,51,51
16,5,10,True,converged,0.3463492499722633,5,1,1.8947373286209293,1.8575570940529256,0.5041880690850452,True,converged,0.042147159576416,3,1.8752364409410425,0.5000024490245443,0.0,0.2022237665585741,0.0466784024700011,0.1786774869177622,False,58,58
16,5,15,True,converged,0.3411922920204233,5,1,1.8740704984897325,1.8575570940529256,0.504188069085045,True,converged,0.070228099822998,2,1.8648691728467632,0.5000444751835685,0.0,0.1426675221367613,0.0580950913405435,0.2042951793713756,True,58,58
16,5,25,True,converged,0.3463492499722633,5,1,1.8635052993183625,1.8575570940529256,0.5009307700309009,True,converged,0.524677038192749,4,1.86001417305924,0.5000225664024276,0.0,0.266454880414642,0.0351622351032917,0.1780879503034919,False,58,58
16,5,35,True,converged,0.3411922920204233,5,1,1.8605878411246983,1.8575570940529256,0.5041880690850452,True,converged,0.9090161323547364,4,1.8584326694684377,0.5000053973275755,0.0,0.1979353930297097,0.040072336400155,0.1703327627946749,False,58,58
16,5,50,True,converged,0.3463492499722633,5,1,1.8590405217824648,1.8575570940529256,0.5009307700309009,True,converged,2.140972852706909,3,1.8577872251565688,0.5000030422206538,0.0,0.2885859654720928,0.0324608457830321,0.1652095603055968,True,58,58
16,5,75,True,converged,0.3463492499722633,5,1,1.8582142294580113,1.8575570940529256,0.5009307700309009,True,converged,4.410172939300537,4,1.857650666274936,0.5000000001502095,0.0,0.4110879742764071,0.0131745576528961,0.0527677511554131,True,58,58
16,5,100,True,converged,0.3463492499722633,5,1,1.8579248613165704,1.8575570940529256,0.5009307700309009,True,converged,6.745970964431763,3,1.8575289771502483,0.5000069700663949,0.0,0.4504573705934862,0.0160980595846142,0.0827946585626278,True,58,58
16,5,150,True,converged,0.3463492499722633,5,1,1.8577183055611168,1.8575570940529256,0.5002533304072241,True,converged,17.893110990524292,5,1.8576068344049297,0.5000002220964124,0.0,0.4906972144988654,0.0077373031853411,0.0273434203542837,True,58,58
16,5,200,True,converged,0.354186334006954,5,1,1.8576462630667872,1.8575570940529254,0.5002553100182086,True,converged,26.323596954345703,4,1.8575284605402764,0.5000000007989586,0.0,0.48087483764050787,0.0050374389269926744,0.022764172764586338,True,58,58
16,6,10,True,converged,0.1144235419924371,4,1,2.065768679135792,2.0252544436457818,0.5150270596568619,True,converged,0.0281600952148437,2,2.045413380192678,0.4999999999999992,0.0,0.3090965180243361,0.0292680845946596,0.0954542104875109,False,41,41
16,6,15,True,converged,0.1063628340198192,4,1,2.0432558413910953,2.0252544436457818,0.515027059656863,True,converged,0.0558745861053466,2,2.033995946135584,0.4999999999999997,0.0,0.3090965180243524,0.0276642446813948,0.0950393576457124,True,41,41
16,6,25,True,converged,0.1144235419924371,4,1,2.031733167773153,2.0252544436457818,0.5000717665245867,True,converged,0.2268660068511963,2,2.0283024126967577,0.5,0.0,0.3090965180243455,0.0218285106227173,0.0953489723763302,True,41,41
16,6,35,True,converged,0.1063628340198192,4,1,2.02855758372052,2.0252544436457818,0.5150270596568619,True,converged,0.399522066116333,2,2.0267260792604853,0.5000005076611774,0.0,0.3997526030159715,0.0168677792513286,0.0535223750573803,True,41,41
16,6,50,True,converged,0.1144235419924371,4,1,2.0268708236653725,2.0252544436457818,0.5000717665245867,True,converged,1.5081746578216553,2,2.0258735553725993,0.5000000000000002,0.0,0.3090965180243209,0.0207602365623403,0.0954542104871628,True,41,41
16,6,75,True,converged,0.1144235419924371,4,1,2.025970605404712,2.0252544436457818,0.5000717665245867,True,converged,1.640294075012207,2,2.0254558167048886,0.4999999999999998,0.0,0.3424615384715973,0.0178237126206753,0.0807808404509493,True,41,41
16,6,100,True,converged,0.1144235419924371,4,1,2.0256556018572445,2.0252544436457818,0.5000717665245867,True,converged,3.935183048248291,2,2.025418678488035,0.4999999999999996,0.0,0.4664845191180242,0.0076258996182619,0.0346821889143824,True,41,41
16,6,150,True,converged,0.1144235419924371,4,1,2.025430443866466,2.0252544436457818,0.5000717665245867,True,converged,6.489727973937988,2,2.0253171006734565,0.4999999999999996,0.0,0.4799205709369729,0.0059418163962662,0.0269165131090111,True,41,41
16,6,200,True,converged,0.11622112500481308,4,1,2.0253516727771577,2.0252544436457818,0.5000717665245867,True,converged,11.376605033874512,2,2.025268773189381,0.5,0.0,0.47492129763117663,0.005140721350038842,0.022826910249332304,True,41,41
16,7,10,True,converged,0.1734064169868361,5,1,1.8851037995717612,1.8477116731112109,0.5249120074445744,True,converged,0.0026800632476806,0,1.855267671836636,0.5144326494871783,0.0,0.0199625191366833,0.1315750474780747,0.4764144878139982,False,81,81
16,7,15,True,converged,0.1776354160101618,5,1,1.8650400075826008,1.8477116731112109,0.501510967867982,True,converged,0.1193058490753173,3,1.8535400985725956,0.4998827949520671,0.0,0.059149897684475,0.1046366733968497,0.4066070681980773,False,82,82
16,7,25,True,converged,0.1734064169868361,5,1,1.8536989957277417,1.8477116731112109,0.5018854390010522,True,converged,0.7024219036102295,4,1.8470601821345536,0.5000000000000001,0.0,0.0323234654935735,0.0648929009272011,0.3058606578632416,True,82,82
16,7,35,True,converged,0.1776354160101618,5,1,1.8508435301328887,1.8477116731112109,0.5039584728501897,True,converged,1.3851041793823242,4,1.8464743123857352,0.5000000026980539,0.0,0.0703903113469837,0.0777045504948502,0.265085746694796,False,82,82
16,7,50,True,converged,0.1734064169868361,5,1,1.8492642913546344,1.8477116731112109,0.500640090854836,True,converged,4.241851806640625,4,1.8474527790256237,0.5000000039838225,0.0,0.2247661674146749,0.05001267559478,0.160472168008854,True,82,82
16,7,75,True,converged,0.1734064169868361,5,1,1.8483763759616472,1.8477116731112109,0.5001745525924892,True,converged,17.604004859924316,6,1.8473988985552336,0.5000000005420128,0.0,0.3140476813931978,0.0248844440954208,0.1167254299655875,True,82,82
16,7,100,True,converged,0.1734064169868361,5,1,1.8480904767713084,1.8477116731112109,0.500640090854836,True,converged,28.400557041168213,5,1.8474977756816409,0.500000001352932,0.0,0.4061011910712318,0.0217204698835148,0.0741290014681763,True,82,82
16,7,150,True,converged,0.1734064169868361,5,1,1.847875949580268,1.8477116731112109,0.5001745525924892,True,converged,79.01194787025452,7,1.8476619000683077,0.5000000000000019,0.0,0.4743447766903919,0.0198086019137132,0.0817823066840324,True,82,82
16,7,200,True,converged,0.17387987501570024,5,1,1.8478015414523847,1.8477116731112109,0.500640090854836,True,converged,125.23251295089722,5,1.8476332620420095,0.5000000000000006,0.0,0.48482262183987207,0.010387935671969495,0.04020600222833659,True,82,82
16,8,10,True,converged,0.2571387500211131,6,1,2.032685345815223,1.9927533055187137,0.6891564713640022,True,converged,0.0027999877929687,0,2.0105874265995154,0.5393000365997443,0.0,0.1289319171479341,0.0609996005536479,0.2818613308315832,False,61,61
16,8,15,True,converged,0.2437412079889327,6,1,2.010482473428863,1.9927533055187137,0.5817675528130625,True,converged,0.0037331581115722,0,1.9993676306921544,0.5246765779689662,0.0,0.1289319171479331,0.0602733488766784,0.2862214343309657,False,63,62
16,8,25,True,converged,0.2571387500211131,6,1,1.999137065346089,1.9927533055187137,0.5078179462377288,True,converged,0.3355658054351806,3,1.994474789573889,0.4999999999999996,0.0,0.3052065782685749,0.0376125552060746,0.1745379030468683,True,63,63
16,8,35,True,converged,0.2437412079889327,6,1,1.9960187236693911,1.9927533055187137,0.5032975149744331,True,converged,0.7946839332580566,3,1.993835694763891,0.5000000000000003,0.0,0.3607638477678562,0.0332693795162335,0.1123488128218394,True,63,63
16,8,50,True,converged,0.2571387500211131,6,1,1.9943468030190292,1.9927533055187137,0.5078179462377288,True,converged,2.771775007247925,4,1.9930897271033765,0.5000000000000001,0.0,0.4175139789864836,0.0185405537839176,0.0626663738445529,True,63,63
16,8,75,True,converged,0.2571387500211131,6,1,1.9934616810878725,1.9927533055187137,0.5004194255624711,True,converged,3.7778470516204834,3,1.9929569540622265,0.5000000000049084,0.0,0.4591947222954089,0.0101494914096415,0.0320328592433942,True,63,63
16,8,100,True,converged,0.2571387500211131,6,1,1.9931481615306983,1.9927533055187137,0.5000570423961033,True,converged,5.572367906570435,3,1.9927745382093676,0.5000000673300068,0.0,0.4822314784477002,0.0089323405642714,0.0294278833763912,True,63,63
16,8,150,True,converged,0.2571387500211131,6,1,1.992927165508927,1.9927533055187137,0.5001298819738698,True,converged,9.802232027053831,3,1.9927858124255649,0.5000000000781193,0.0,0.4687313396135863,0.0055293858074143,0.0197856677353129,True,63,63
16,8,200,True,converged,0.25375387497479096,6,1,1.9928493961262554,1.9927533055187137,0.5000570423961033,True,converged,34.38601517677307,3,1.9927707904116962,0.5000000002364478,0.0,0.48775101114781755,0.0036249949269330003,0.011578419431074145,True,63,63
16,9,10,True,converged,0.0219987079908605,1,1,0.9313543305360996,0.9130930057179862,0.911442072725512,True,converged,0.002760887145996,0,0.9220912447125812,0.9944245231605154,0.0,0.2976296288654197,0.024624260146403,0.1073607605825834,True,41,41
16,9,15,True,converged,0.0210844999819528,1,1,0.9212078652707744,0.9130930057179862,0.8446228267708549,True,converged,0.0036261081695556,0,0.9169456462487844,0.8312082911269453,0.0,0.2976296288654144,0.0237599524449656,0.1073525538062755,True,41,41
16,9,25,True,converged,0.0219987079908605,1,1,0.9160152907737464,0.9130930057179862,0.501383174177873,True,converged,0.1871891021728515,2,0.9145500931272192,0.500000000000001,0.0,0.4956813985078128,0.0033317446939226,0.0149570550841247,True,41,41
16,9,35,True,converged,0.0210844999819528,1,1,0.9145820815631466,0.9130930057179862,0.5739966257932383,True,converged,0.4247870445251465,2,0.9136614022345444,0.4999999999999995,0.0,0.3641778087318651,0.0174591708980909,0.0798476223100138,True,41,41
16,9,50,True,converged,0.0219987079908605,1,1,0.9138221286106196,0.9130930057179862,0.501383174177873,True,converged,1.0837221145629885,2,0.9134516813090316,0.5000000000000003,0.0,0.4960083578590924,0.0029888848618902,0.0137519698095058,True,41,41
16,9,75,True,converged,0.0219987079908605,1,1,0.9134160121401412,0.9130930057179862,0.501383174177873,True,converged,1.7051291465759275,2,0.9132485598889571,0.4999999999999995,0.0,0.4960674023751777,0.0029495115442827,0.0135606138883056,True,41,41
16,9,100,True,converged,0.0219987079908605,1,1,0.913273879701882,0.9130930057179862,0.501383174177873,True,converged,3.0863261222839355,2,0.9131774886360072,0.5000000000000008,0.0,0.4960879402849538,0.0029377057611519,0.013494264031031,True,41,41
16,9,150,True,converged,0.0219987079908605,1,1,0.9131723644616108,0.9130930057179862,0.501383174177873,True,converged,4.974712133407593,2,0.9131267378019328,0.5000021124557795,0.0,0.4962246938603471,0.0028175090208623,0.0129315099961416,True,41,41
16,9,200,True,converged,0.02624170799390413,1,1,0.91313683829072,0.9130930057179862,0.501383174177873,True,converged,10.368022203445435,2,0.913109194593562,0.500063452005261,0.0,0.4968055771158714,0.002310854451767092,0.010603927891401022,True,41,41
16,10,10,True,converged,0.7464496659813449,6,1,2.223477496729062,2.179794357811799,0.5011280782716759,True,converged,0.0394239425659179,2,2.1991699590507388,0.4999999999999999,0.0,0.0028428656166509,0.0883313031241305,0.3682673165504218,False,70,69
16,10,15,True,converged,0.7430162920209114,6,1,2.1992730910868854,2.179794357811799,0.5000553637297892,True,converged,0.2012360095977783,6,2.188060741237142,0.5000087332966547,0.0,0.0660569884313813,0.1215945716112687,0.5555672035198989,False,72,72
16,10,25,True,converged,0.7464496659813449,6,1,2.186775080791529,2.179794357811799,0.5011280782716752,True,converged,0.5956988334655762,5,2.1816940236134545,0.4999999999999994,0.0,0.1537791039160936,0.0561710858535177,0.1773307341960934,True,72,72
16,10,35,True,converged,0.7430162920209114,6,1,2.1833547341208823,2.179794357811799,0.5011280782716759,True,converged,1.8951990604400637,5,2.180192017505554,0.5000000009343237,0.0,0.1537791039160808,0.0505455359930034,0.1728063201349282,True,73,73
16,10,50,True,converged,0.7464496659813449,6,1,2.1815376240436644,2.179794357811799,0.5011280782716752,True,converged,3.8323819637298584,5,2.1800304725505644,0.4999999999999999,0.0,0.3177628218488673,0.0361671137923514,0.1299647318574353,True,73,73
16,10,75,True,converged,0.7464496659813449,6,1,2.1805685287710523,2.179794357811799,0.5000553637297892,True,converged,9.079893827438354,5,2.1797665741718184,0.4999999999999999,0.0,0.3285305885095145,0.023651242304159,0.1003173354782372,True,73,73
16,10,100,True,converged,0.7464496659813449,6,1,2.1802264349190477,2.179794357811799,0.5011280782716752,True,converged,13.599299669265749,5,2.179740619438925,0.5000000000823704,0.0,0.4225734226199311,0.0218570529746731,0.0902575852387467,True,73,73
16,10,150,True,converged,0.7464496659813449,6,1,2.1799844464753284,2.179794357811799,0.5000553637297892,True,converged,22.935694694519043,4,2.1797980907639247,0.5000000983720955,0.0,0.4631609108071863,0.0112204836563287,0.0458924263549217,True,73,73
16,10,200,True,converged,0.7544759580050595,6,1,2.1798993226717127,2.179794357811799,0.5001028542322018,True,converged,86.90484237670898,4,2.1797630112005986,0.5000000000106861,0.0,0.47963062086989466,0.007184099032752588,0.026227530983762532,True,73,73
16,11,10,True,converged,0.4522610830026679,7,1,1.6376901323767985,1.6055727570580702,0.5373846852282672,True,converged,0.0319111347198486,2,1.620450754735779,0.499999999999999,0.0,0.1142687329490109,0.0556838193420177,0.220053501367268,False,65,65
16,11,15,True,converged,0.4415797920082696,7,1,1.6198464495902476,1.6055727570580702,0.596491593140907,True,converged,0.0563609600067138,2,1.6109653439711602,0.5000000000000001,0.0,0.1142687329490025,0.0659979930228718,0.2310148648620587,False,65,65
16,11,25,True,converged,0.4522610830026679,7,1,1.6107168707274997,1.6055727570580702,0.5062041252739528,True,converged,0.220750093460083,2,1.607003428845322,0.4999999999999995,0.0,0.1768485657094982,0.0565920941030018,0.2088591137421972,False,65,65
16,11,35,True,converged,0.4415797920082696,7,1,1.6081930122580708,1.6055727570580702,0.5009745848723778,True,converged,0.7111239433288574,3,1.6056870383592738,0.5000000000000001,0.0,0.119962053112828,0.0515932855162101,0.2182876139934645,True,65,65
16,11,50,True,converged,0.4522610830026679,7,1,1.6068551934068254,1.6055727570580702,0.5062041252739528,True,converged,2.2995848655700684,3,1.6051693457319445,0.5000000147758819,0.0,0.2222599070895126,0.0453343544317689,0.1815807751968044,True,65,65
16,11,75,True,converged,0.4522610830026679,7,1,1.6061407386123876,1.6055727570580702,0.5057100699011025,True,converged,3.0090560913085938,3,1.6052496202898865,0.5000000000888284,0.0,0.3919287974754535,0.0211657784544154,0.0825081323122089,True,65,65
16,11,100,True,converged,0.4522610830026679,7,1,1.605890722021294,1.6055727570580702,0.5013344388748435,True,converged,5.3810060024261475,3,1.605351205089361,0.5000000000327081,0.0,0.4476275082758065,0.0154615871298773,0.0561181874276701,True,65,65
16,11,150,True,converged,0.4522610830026679,7,1,1.6057125367271414,1.6055727570580702,0.5000708858442595,True,converged,11.215471029281616,3,1.605573698344217,0.5000001700451747,0.0,0.4836593577049633,0.007883079053506,0.0318224098075137,True,65,65
16,11,200,True,converged,0.46454662500764243,7,1,1.6056499192957583,1.6055727570580702,0.5001512790398219,True,converged,22.81755781173706,4,1.60553813055906,0.5000000000000515,0.0,0.4873974185480367,0.008365936622546501,0.0309860250273361,True,65,65
16,12,10,True,converged,0.0191718330024741,1,1,1.6998466868629392,1.6665018727170025,0.5578847205168974,True,converged,0.0323789119720459,2,1.682760484936045,0.5,0.0,0.2234890541627765,0.0404682743492128,0.183309673263686,True,65,65
16,12,15,True,converged,0.0211014170199632,1,1,1.6813301722083858,1.6665018727170025,0.5071660178706497,True,converged,0.0626780986785888,2,1.6738357052385908,0.4999999999999999,0.0,0.4148749570287535,0.026563788126031,0.1185548451117658,True,65,65
16,12,25,True,converged,0.0191718330024741,1,1,1.6718377359375929,1.6665018727170025,0.5025182523691774,True,converged,0.5732607841491699,5,1.6691322704703373,0.5002213076069182,0.0,0.4764514401941744,0.0122082793074938,0.0556034152733815,True,65,65
16,12,35,True,converged,0.0211014170199632,1,1,1.669219894231333,1.6665018727170025,0.511381077844172,True,converged,0.777601957321167,3,1.6677744348671968,0.5000420401802566,0.0,0.4785875830240939,0.0048444130621794,0.0221082695096004,True,65,65
16,12,50,True,converged,0.0191718330024741,1,1,1.6678325032478556,1.6665018727170025,0.5025182523691774,True,converged,2.5658881664276123,4,1.6671353411927805,0.500000014436905,0.0,0.4896648188083429,0.0060044976866852,0.0274275150202992,True,65,65
16,12,75,True,converged,0.0191718330024741,1,1,1.6670911870067948,1.6665018727170025,0.5025182523691774,True,converged,3.4064440727233887,3,1.6667761484881636,0.5000000751330157,0.0,0.4954294941986194,0.002027421678269,0.0092574191217011,True,65,65
16,12,100,True,converged,0.0191718330024741,1,1,1.6668318591341742,1.6665018727170025,0.5025182523691774,True,converged,6.061022043228149,3,1.6666536820514126,0.5000071167923946,0.0,0.4974396569116571,0.0003118059847195,0.001383643971765,True,65,65
16,12,150,True,converged,0.0191718330024741,1,1,1.666646751426827,1.6665018727170025,0.5002881648589962,True,converged,16.318845987319946,3,1.6665692039814906,0.5000016350350196,0.0,0.4988604855330104,0.0019933545403315,0.009093601456674,True,65,65
16,12,200,True,converged,0.022030583990272135,1,1,1.6665820301351304,1.6665018727170025,0.50000001075713,True,converged,21.673002243041992,3,1.6665405857427864,0.5000169053189947,0.0,0.4998630019291896,0.0014658738659478325,0.006685503201521437,True,65,65
16,13,10,True,converged,0.3430938329838682,6,1,1.619492813274397,1.5876210790157264,0.5268008939248091,True,converged,0.0317628383636474,2,1.5990846600163022,0.4999999999999999,0.0,0.0069927384202236,0.1067754869442315,0.3323120521636772,True,55,55
16,13,15,True,converged,0.3221224589797202,6,1,1.601816326290798,1.5876210790157264,0.5003424880960978,True,converged,0.1313979625701904,4,1.5919337750252782,0.5000000000000006,0.0,0.0924384907054618,0.0797413008258364,0.2453063565154151,False,55,55
16,13,25,True,converged,0.3430938329838682,6,1,1.5927287828240169,1.5876210790157264,0.5016036683810795,True,converged,0.7489080429077148,6,1.5886789170039783,0.4999999999999994,0.0,0.2753335890150443,0.0599827932361916,0.1432752605781245,True,56,56
16,13,35,True,converged,0.3221224589797202,6,1,1.5902172590135182,1.5876210790157264,0.5107936178036004,True,converged,1.5687787532806396,4,1.587006453609526,0.500000000029663,0.0,0.1644130174381598,0.0618007337207991,0.2459849313230866,True,56,56
16,13,50,True,converged,0.3430938329838682,6,1,1.588895632640995,1.5876210790157264,0.5002909279210256,True,converged,3.1586859226226807,3,1.587755225519771,0.5000000443447495,0.0,0.4308891634203806,0.0301503494704527,0.1236108250084476,True,56,56
16,13,75,True,converged,0.3430938329838682,6,1,1.588185226269891,1.5876210790157264,0.5003424880960978,True,converged,20.37548279762268,7,1.58758384097722,0.4999999999999991,0.0,0.4489590419416358,0.0250632246100032,0.1012785150633054,True,56,56
16,13,100,True,converged,0.3430938329838682,6,1,1.587937279807077,1.5876210790157264,0.5002605178372522,True,converged,25.539733171463013,5,1.5876434425109116,0.500000090605094,0.0,0.4721224379147399,0.0168615874240019,0.0648584572400061,True,56,56
16,13,150,True,converged,0.3430938329838682,6,1,1.5877595668440196,1.5876210790157264,0.5000428687166253,True,converged,60.27065324783325,4,1.5875978321612148,0.5000000000000097,0.0,0.4878657208976275,0.0081786838021981,0.0300873697109624,True,56,56
16,13,200,True,converged,0.33139962499262765,6,1,1.587697477966926,1.5876210790157264,0.5002605178372522,True,converged,94.04954481124878,4,1.5875886728226924,0.5000000000005027,0.0,0.4932263179709213,0.006291635170900477,0.01867976535216918,True,56,56
16,14,10,True,converged,0.0068709579936694,0,0,1.0626030685150234,1.0417698019391737,0.6300479835552348,True,converged,0.002781867980957,0,1.052290620434762,0.6383838744554626,0.0,0.5552313624631441,0.0077153448840013,0.0173125811996168,True,32,32
16,14,15,True,converged,0.0053542499954346,0,0,1.0510278716902408,1.0417698019391737,0.7990499567007147,True,converged,0.0036630630493164,0,1.0464184629546582,0.7970940076536657,0.0,0.5552313624631355,0.0034127536829885,0.0076515425837651,True,32,32
16,14,25,True,converged,0.0068709579936694,0,0,1.0451013709159525,1.0417698019391737,0.5734699648584751,True,converged,0.0060348510742187,0,1.0434372137724512,0.573800059152815,0.0,0.5552313624630787,0.001225311274033,0.0027467075942067,True,32,32
16,14,35,True,converged,0.0053542499954346,0,0,1.0434685594781383,1.0417698019391737,0.5583190456152132,True,converged,0.0082004070281982,0,1.042618831644002,0.5582539320229563,0.0,0.5552313624630377,0.0006246808912296,0.0014002823029698,True,32,32
16,14,50,True,converged,0.0068709579936694,0,0,1.0426011284017995,1.0417698019391737,0.5734699648584751,True,converged,0.0116169452667236,0,1.0421845880656413,0.5735521252833118,0.0,0.5552313624630396,0.0003059677762041,0.0006865384091518,True,32,32
16,14,75,True,converged,0.0068709579936694,0,0,1.0421381205288085,1.0417698019391737,0.5628965511951142,True,converged,0.0173261165618896,0,1.0419529503104703,0.5628745421106562,0.0,0.5552313624630442,0.0001359556371099,0.0003054478922926,True,32,32
16,14,100,True,converged,0.0068709579936694,0,0,1.041976067773261,1.0417698019391737,0.556224736117458,True,converged,0.023029088973999,0,1.0418719014205575,0.5562201403490316,0.0,0.5552313624630489,7.646911456459654e-05,0.0001718080846461,True,32,32
16,14,150,True,converged,0.0068709579936694,0,0,1.0418603158050133,1.0417698019391737,0.555835203029229,True,converged,0.034398078918457,0,1.0418140170756187,0.5558368339603392,0.0,0.5552313624630651,3.398438779359158e-05,7.63517910565454e-05,True,32,32
16,14,200,True,converged,0.007250958005897701,0,0,1.0418198026161263,1.0417698019391735,0.556224736117458,True,converged,0.04611611366271973,0,1.0417937590743922,0.5562235862652355,0.0,0.5552313624630872,1.9115846691998552e-05,4.294879969755758e-05,True,32,32
16,15,10,True,converged,2.304783416009741,8,1,1.4923864773745772,1.4630392718056604,0.5149926826950808,True,converged,0.0344419479370117,2,1.473930693404527,0.4999999999999989,0.0,0.0607895789166881,0.0899760191395487,0.2715344173869854,True,51,51
16,15,15,True,converged,2.2092845420120284,8,1,1.4761395954611027,1.4630392718056604,0.5000010885076356,True,converged,0.0638871192932128,2,1.4674083236360969,0.4999999999999982,0.0,0.111108677785675,0.0679896434378436,0.2261345093445361,False,52,52
16,15,25,True,converged,2.304783416009741,8,1,1.4677348456746944,1.4630392718056604,0.5019554366922835,True,converged,0.4591171741485595,3,1.46252362117162,0.5000000016266385,0.0,0.0934691319990823,0.0792682903602867,0.2664839562699332,True,52,52
16,15,35,True,converged,2.2092845420120284,8,1,1.4654355194190138,1.4630392718056604,0.5032172572465965,True,converged,1.2078659534454346,4,1.462867936798924,0.4999999999999997,0.0,0.1785832172707161,0.0559431365258555,0.2292854605789919,True,52,52
16,15,50,True,converged,2.304783416009741,8,1,1.464210214819151,1.4630392718056604,0.5000411568683416,True,converged,3.4326560497283936,4,1.4623555236025485,0.5000000000000002,0.0,0.3679368785139984,0.025806416021968,0.0818452621266544,True,52,52
16,15,75,True,converged,2.304783416009741,8,1,1.463560584599678,1.4630392718056604,0.5000010885076356,True,converged,7.363783121109009,5,1.4630406792232855,0.500000000000005,0.0,0.4593075736697639,0.0192929236793424,0.0840058914913738,True,52,52
16,15,100,True,converged,2.304783416009741,8,1,1.4633302260691978,1.4630392718056604,0.5000411568683416,True,converged,14.784158945083618,6,1.4629828608806497,0.5000000000000004,0.0,0.4716950882317784,0.0163876316180563,0.0684795203635221,True,52,52
16,15,150,True,converged,2.304783416009741,8,1,1.46316770052408,1.4630392718056604,0.5000010885076356,True,converged,21.56235384941101,4,1.463044616747829,0.5000000003627411,0.0,0.4871374146172779,0.007998192567645,0.0313566712692257,True,52,52
16,15,200,True,converged,2.3669147080217954,8,1,1.4631096712095686,1.4630392718056604,0.5000411568683416,True,converged,35.31495976448059,4,1.4630018258951532,0.5000000030067481,0.0,0.492802581089023,0.0060173765590920076,0.018724932998099676,True,52,52
16,16,10,True,converged,0.1317711669835262,4,1,1.7893055468548744,1.7541549993403938,0.6385340264574434,True,converged,0.0027229785919189,0,1.768376312500998,0.5427229966608759,0.0,0.0226514463859253,0.0845083970199822,0.2946530905843003,False,60,59
16,16,15,True,converged,0.1110392909904476,4,1,1.769862076826193,1.7541549993403938,0.5052553315745912,True,converged,0.0767598152160644,2,1.759872566189889,0.4999999999999996,0.0,0.0226514463859364,0.0728744791769437,0.2539297811627609,False,61,61
16,16,25,True,converged,0.1317711669835262,4,1,1.7597898592354757,1.7541549993403938,0.5084569501968174,True,converged,0.3403167724609375,3,1.7554059475837651,0.4999999999999998,0.0,0.1203524674497876,0.0785889500860822,0.2966762720570079,True,61,61
16,16,35,True,converged,0.1110392909904476,4,1,1.7570400584261068,1.7541549993403938,0.5002880577057897,True,converged,2.9383389949798584,10,1.7540283562047905,0.5000056694704338,0.0,0.0226514463859375,0.0681873629522519,0.2555967994286304,True,61,61
16,16,50,True,converged,0.1317711669835262,4,1,1.7555720928617986,1.7541549993403938,0.500004061781718,True,converged,3.92771315574646,6,1.7542571053025415,0.5000000001184892,0.0,0.3363858642666815,0.0414515774371688,0.1743489186080386,True,61,61
16,16,75,True,converged,0.1317711669835262,4,1,1.7547768411067766,1.7541549993403938,0.5052553315745912,True,converged,7.287418842315674,5,1.7540254852075026,0.5000000000000382,0.0,0.4354955371448454,0.0218871337261151,0.0898091479289037,True,61,61
16,16,100,True,converged,0.1317711669835262,4,1,1.7545062877972608,1.7541549993403938,0.500004061781718,True,converged,9.678644180297852,4,1.7540989743659894,0.5000003818043894,0.0,0.4469073608443548,0.0150894996271452,0.0529305865282188,True,61,61
16,16,150,True,converged,0.1317711669835262,4,1,1.7543092486805316,1.7541549993403938,0.500004061781718,True,converged,15.858076810836792,3,1.7541489535576038,0.5000019408746688,0.0,0.4848697326361903,0.0085746478855085,0.0385823955231391,True,61,61
16,16,200,True,converged,0.11721112500526942,4,1,1.7542400393280462,1.7541549993403938,0.500004061781718,True,converged,33.61201810836792,4,1.7541301737253974,0.5000000057536164,0.0,0.4915060322726711,0.0020563394060003296,0.007874122083505034,True,61,61
16,17,10,True,converged,0.1499527090054471,4,1,1.163464070649267,1.1405834199989069,0.5629946149396358,True,converged,0.0338630676269531,2,1.1497339646037548,0.5000000000000007,0.0,0.099032105609366,0.0751926553364022,0.3245371140825747,False,44,44
16,17,15,True,converged,0.1222792500047944,4,1,1.1507238614729445,1.1405834199989069,0.6834195453759833,True,converged,0.003735065460205,0,1.1429563420055688,0.556852598518737,0.0,0.1579048725628719,0.080833309352678,0.3273546636658326,True,44,44
16,17,25,True,converged,0.1499527090054471,4,1,1.1442492326831668,1.1405834199989069,0.5001235706757623,True,converged,0.3485758304595947,3,1.140861696581508,0.4999999999999991,0.0,0.2051297446660128,0.0608572448476149,0.2621841148410361,True,44,44
16,17,35,True,converged,0.1222792500047944,4,1,1.1424514308542992,1.1405834199989069,0.5031111720523481,True,converged,2.158759832382202,11,1.1406089474199117,0.4999999999999995,0.0,0.1954166402427424,0.0590603349752566,0.2445787695270521,True,44,44
16,17,50,True,converged,0.1499527090054471,4,1,1.1414955482702172,1.1405834199989069,0.5001235706757623,True,converged,2.1644608974456787,3,1.1405243720610845,0.4999999999999991,0.0,0.4471504411939628,0.013980550289713,0.0563916241064488,True,44,44
16,17,75,True,converged,0.1499527090054471,4,1,1.1409872868672055,1.1405834199989069,0.5001235706757623,True,converged,5.3637471199035645,4,1.1405608742422948,0.4999999999999997,0.0,0.4750973924562625,0.0093939717489004,0.0386497434966842,True,44,44
16,17,100,True,converged,0.1499527090054471,4,1,1.1408099624284445,1.1405834199989069,0.5001235706757623,True,converged,13.46063995361328,6,1.140602651682994,0.5,0.0,0.4852144782738521,0.0109427231284339,0.0545039140533263,True,44,44
16,17,150,True,converged,0.1499527090054471,4,1,1.1406827967807285,1.1405834199989069,0.5001235706757623,True,converged,11.40975308418274,3,1.1406068239945488,0.4999999999999999,0.0,0.494454664872237,0.0073472248438511,0.0373942666916534,True,44,44
16,17,200,True,converged,0.14000470799510367,4,1,1.1406383569482783,1.1405834199989067,0.5000554883461578,True,converged,30.92460584640503,5,1.140595690514905,0.5000000000000001,0.0,0.4971328130612011,0.0051889988213746074,0.023817729891415222,True,44,44
16,18,10,True,converged,0.0467300830059684,2,1,1.8546740925525684,1.8177889429044412,0.5021637715139355,True,converged,0.0384457111358642,2,1.8352789755576224,0.5000000000000003,0.0,0.2264115605527913,0.0791613126408746,0.2996159189879138,True,44,44
16,18,15,True,converged,0.0442914579762145,2,1,1.8341534559882624,1.8177889429044412,0.5021637715139365,True,converged,0.2346251010894775,6,1.824813460438007,0.5001842583841022,0.0,0.2264115605527903,0.0683612252071593,0.2437245959593504,True,44,44
16,18,25,True,converged,0.0467300830059684,2,1,1.8236700425158336,1.8177889429044412,0.5021637715139365,True,converged,0.5483541488647461,4,1.8203608099109787,0.4999999999999986,0.0,0.4430051657500738,0.0303320281992168,0.1039261202088291,True,44,44
16,18,35,True,converged,0.0442914579762145,2,1,1.820781042525944,1.8177889429044412,0.5021637715139355,True,converged,1.1811590194702148,3,1.8190655096909625,0.4999999999999999,0.0,0.4703267997071384,0.018974315783494,0.0607835239089987,True,44,44
16,18,50,True,converged,0.0467300830059684,2,1,1.8192479012835785,1.8177889429044412,0.5021637715139365,True,converged,2.3306829929351807,3,1.8182821759675325,0.5000004760831315,0.0,0.4684403252909094,0.0118742684775542,0.0438335302610934,True,44,44
16,18,75,True,converged,0.0467300830059684,2,1,1.8184333739168193,1.8177889429044412,0.5021637715139365,True,converged,5.947582960128784,4,1.817981430030285,0.5000000000007274,0.0,0.4864152739826486,0.0028450040341101,0.009047228004569,True,44,44
16,18,100,True,converged,0.0467300830059684,2,1,1.818149770179188,1.8177889429044412,0.5015240700216853,True,converged,17.26934027671814,4,1.817906266069366,0.5000000003814323,0.0,0.4924506305923363,0.0046525743160526,0.0207630664200736,True,44,44
16,18,150,True,converged,0.0467300830059684,2,1,1.8179485292836923,1.8177889429044412,0.5000061119965045,True,converged,27.29988121986389,4,1.81787585852987,0.5000000124877043,0.0,0.4999694494686911,0.0030757319073072,0.0135296911978725,True,44,44
16,18,200,True,converged,0.044806792022427544,2,1,1.8178773649462474,1.8177889429044412,0.5000107211990553,True,converged,64.53932285308838,4,1.8178198232764928,0.5000000000000295,0.0,0.4981130854145919,0.0033758548469176443,0.012712501883913886,True,44,44
16,19,10,True,converged,0.9420841250102968,6,1,2.195607869327608,2.151803051495474,0.5235431807998815,True,converged,0.0688152313232421,4,2.166718575203633,0.4999999999999999,0.0,0.1277364705105912,0.1179331097096484,0.443077022016716,False,78,78
16,19,15,True,converged,0.906150291004451,6,1,2.1711834691387644,2.151803051495474,0.5235431807998804,True,converged,0.0854339599609375,2,2.1538271555768844,0.4999999999999999,0.0,0.0725437050930268,0.1283367091981573,0.431389637642696,True,78,78
16,19,25,True,converged,0.9420841250102968,6,1,2.158747620537271,2.151803051495474,0.5235431807998804,True,converged,0.446213960647583,4,2.1488496443290823,0.5000000029631789,0.0,0.0190567210481099,0.1077221697688778,0.4107061723660449,True,78,78
16,19,35,True,converged,0.906150291004451,6,1,2.155331916949371,2.151803051495474,0.5210079894382807,True,converged,1.0490741729736328,4,2.149113561631294,0.5000000006238787,0.0,0.1576983496114339,0.0764892170823978,0.3044968376105232,True,78,78
16,19,50,True,converged,0.9420841250102968,6,1,2.1535259875836164,2.151803051495474,0.515352901474003,True,converged,7.44449520111084,10,2.1500312461268964,0.4999999999999996,0.0,0.1101972567031364,0.0934382549242449,0.4204557903386018,False,78,78
16,19,75,True,converged,0.9420841250102968,6,1,2.152571944035517,2.151803051495474,0.5002845824142744,True,converged,5.810052871704102,4,2.1510229937485543,0.5000000044109083,0.0,0.2611612780571806,0.0457523229707921,0.2258341656231126,True,78,78
16,19,100,True,converged,0.9420841250102968,6,1,2.1522368864100185,2.151803051495474,0.5000141607548887,True,converged,12.28731894493103,4,2.1509793723322863,0.5000000002734035,0.0,0.3852430744369212,0.0261757076327212,0.1284061354017192,True,78,78
16,19,150,True,converged,0.9420841250102968,6,1,2.1519907993416343,2.151803051495474,0.5002845824142744,True,converged,27.611704111099243,5,2.1514670665305107,0.5000000007962397,0.0,0.4525735330718449,0.0096328587124106,0.0311961196386736,True,78,78
16,19,200,True,converged,0.942766083026072,6,1,2.1519079205074805,2.1518030514954734,0.5000141607548887,True,converged,71.85660219192505,6,2.1516358257327806,0.49999999999999967,0.0,0.47391467822058736,0.011386169776780915,0.04365151044246446,True,78,78
16,20,10,True,converged,0.2799776250030845,4,1,1.305340581413457,1.2786987201351436,0.6253485398367651,True,converged,0.03410005569458,2,1.2851925421149122,0.4999999999999996,0.0,0.0202352355198555,0.1004532462243067,0.4123845177165366,False,51,51
16,20,15,True,converged,0.2763487079937476,4,1,1.290705255364938,1.2786987201351436,0.5156345841901334,True,converged,0.0931403636932373,2,1.2798971107212234,0.5000332291234477,0.0,0.0351240992899704,0.1083383029144724,0.4638748804431238,True,51,51
16,20,25,True,converged,0.2799776250030845,4,1,1.2833305985147103,1.2786987201351436,0.5193821548658809,True,converged,0.6437320709228516,4,1.278487190374641,0.4999999999999984,0.0,0.2549249335571334,0.0401144084434568,0.1620393381514742,True,52,52
16,20,35,True,converged,0.2763487079937476,4,1,1.281014721784603,1.2786987201351436,0.5006864493034351,True,converged,3.0366971492767334,10,1.2791130185912905,0.49998675660888,0.0,0.3905641963260997,0.0338000133726928,0.1196709245136801,True,52,52
16,20,50,True,converged,0.2799776250030845,4,1,1.2799059293851591,1.2786987201351436,0.5004009184328275,True,converged,3.5205318927764893,4,1.2783286992809764,0.5000000000000024,0.0,0.4159489910600271,0.027737460832953,0.1021988047370344,True,52,52
16,20,75,True,converged,0.2799776250030845,4,1,1.27927089768842,1.2786987201351436,0.5001687738845811,True,converged,14.200219869613647,8,1.2784255126861055,0.499999999999999,0.0,0.4579771462534556,0.0220199692819722,0.0889539206006043,True,52,52
16,20,100,True,converged,0.2799776250030845,4,1,1.2789952662063289,1.2786987201351436,0.5000228729643311,True,converged,12.406900882720947,5,1.278468161045877,0.499999999999999,0.0,0.4952416877464698,0.0172930479759845,0.0923207628645027,True,52,52
16,20,150,True,converged,0.2799776250030845,4,1,1.2788840033634803,1.2786987201351436,0.5001687738845811,True,converged,56.1449830532074,3,1.2784771896868328,0.4999999999999994,0.0,0.4914262570079601,0.0193625957661314,0.0903223860828878,True,52,52
16,20,200,True,converged,0.2796919999818783,4,1,1.2787765498065777,1.2786987201351436,0.5000228729643311,True,converged,87.10346007347107,4,1.278452382778337,0.4999999999999984,0.0,0.49499224997745883,0.01812912000929187,0.0922562942964299,True,52,52
16,21,10,True,converged,0.120814791007433,4,1,1.633644017329147,1.6012938574220374,0.5188683302985362,True,converged,0.0458488464355468,2,1.6098831113713123,0.4999999999999986,0.0,0.0492122831154749,0.0955983600235728,0.3945425660649452,True,60,60
16,21,15,True,converged,0.1194445420114789,4,1,1.616004203910525,1.6012938574220374,0.5084298121910539,True,converged,0.1808829307556152,4,1.6068904729770392,0.4999999999999989,0.0,0.3660330113021422,0.0496361182468303,0.1781006120225717,True,60,60
16,21,25,True,converged,0.120814791007433,4,1,1.6064882207005635,1.6012938574220374,0.5016910998481137,True,converged,0.730741024017334,4,1.6027043899090034,0.4999999999999999,0.0,0.4159877726055595,0.0220415366674727,0.0692798002334688,True,60,60
16,21,35,True,converged,0.1194445420114789,4,1,1.6040545039294267,1.6012938574220374,0.5001644740486737,True,converged,3.5361809730529785,12,1.6025945041858545,0.4999999999999995,0.0,0.48025155842131,0.0131157691768668,0.0455201385143317,True,60,60
16,21,50,True,converged,0.120814791007433,4,1,1.6026072030545064,1.6012938574220374,0.5013775324309171,True,converged,6.340836763381958,6,1.6016749910384311,0.4999999999999992,0.0,0.4687056065565332,0.0115703622699106,0.038982911046431,True,60,60
16,21,75,True,converged,0.120814791007433,4,1,1.601880328726932,1.6012938574220374,0.5004120500476427,True,converged,16.620543003082275,4,1.6015064698232993,0.4999999999999999,0.0,0.4940543541107499,0.0084597315410728,0.0337950508840506,True,60,60
16,21,100,True,converged,0.120814791007433,4,1,1.6016145515582754,1.6012938574220374,0.5004826896041076,True,converged,20.534082174301147,5,1.6013882336588778,0.4999999999999991,0.0,0.4968234982313375,0.004204530888677,0.0124563506404977,True,60,60
16,21,150,True,converged,0.120814791007433,4,1,1.6014351885524332,1.6012938574220374,0.5002681187766442,True,converged,44.30967569351196,4,1.601336421521449,0.5000000000000012,0.0,0.4979062379037811,0.0034248690992792,0.0095430373836533,True,60,60
16,21,200,True,converged,0.12077358298120089,4,1,1.6013739540846792,1.6012938574220374,0.5000324489112749,True,converged,132.56404876708984,5,1.6013167725119282,0.49999999999999944,0.0,0.49812275427935704,0.003624880297481014,0.013572911084134899,True,60,60
16,22,10,True,converged,0.1137935000006109,4,1,1.9863443216300891,1.947384009272802,0.5417190820391447,True,converged,0.0302321910858154,2,1.9660339523952692,0.5,0.0,0.0725765255159206,0.0511192998810668,0.2554811909238509,False,62,62
16,22,15,True,converged,0.1125519160123076,4,1,1.9647099749669064,1.947384009272802,0.5159251098442388,True,converged,0.0609750747680664,2,1.95556374404958,0.4999999999999997,0.0,0.261176095722425,0.0489133195506032,0.2229040693711742,False,62,62
16,22,25,True,converged,0.1137935000006109,4,1,1.953615506234066,1.947384009272802,0.5062790285076728,True,converged,0.2030868530273437,2,1.9497165401127856,0.4999999999999993,0.0,0.1497202358319228,0.0526786387188696,0.2498760576000339,True,62,62
16,22,35,True,converged,0.1125519160123076,4,1,1.9505595392247312,1.947384009272802,0.5337286446904034,True,converged,0.8057510852813721,4,1.9482675709611137,0.5000000000000007,0.0,0.3330877831824295,0.0267502824094889,0.1255276455737647,True,62,62
16,22,50,True,converged,0.1137935000006109,4,1,1.9489381062277669,1.947384009272802,0.5062790285076728,True,converged,2.30224609375,4,1.9477519509928287,0.5000000000017915,0.0,0.4162698191403527,0.0178340012665728,0.0539935800491994,True,62,62
16,22,75,True,converged,0.1137935000006109,4,1,1.9480726937625,1.947384009272802,0.5005759368358692,True,converged,4.220786809921265,4,1.9475762130196737,0.5000000000000003,0.0,0.4534018652799724,0.0094354021106546,0.0386024063888866,True,62,62
16,22,100,True,converged,0.1137935000006109,4,1,1.9477698820163911,1.947384009272802,0.5013634573478154,True,converged,10.558391094207764,6,1.9475193604806391,0.5,0.0,0.4833081509969037,0.0111142054315072,0.0525009097937493,True,62,62
16,22,150,True,converged,0.1137935000006109,4,1,1.9475532726931215,1.947384009272802,0.5005759368358692,True,converged,10.9895179271698,3,1.9474113645294284,0.5000000000000008,0.0,0.4851569854888836,0.0063470693225993,0.0312736026521023,True,62,62
16,22,200,True,converged,0.11016195800038986,4,1,1.9474774846136176,1.9473840092728019,0.5013634573478154,True,converged,17.15482997894287,3,1.9473923202246561,0.5000000000007628,0.0,0.49166987816106084,0.003948826261474772,0.019110754633796228,True,62,62
16,23,10,True,converged,0.0728115829988382,3,1,1.541357905732357,1.5108393204638837,0.5366808579752952,True,converged,0.0326519012451171,2,1.521337441917588,0.499999999999999,0.0,0.0603127809674115,0.0856203723051399,0.3712746433457635,True,59,59
16,23,15,True,converged,0.0699704170110635,3,1,1.5243287925179312,1.5108393204638837,0.536680857975294,True,converged,0.1028900146484375,3,1.5129270560029404,0.5,0.0,0.1086323397696836,0.0758689410283931,0.3302862914348863,True,59,59
16,23,25,True,converged,0.0728115829988382,3,1,1.5157314662583026,1.5108393204638837,0.5093820743600833,True,converged,0.4748549461364746,4,1.5123228898876946,0.5000000000000008,0.0,0.4167447046938075,0.0286919046524018,0.1332706324035359,True,59,59
16,23,35,True,converged,0.0699704170110635,3,1,1.5133649849998534,1.5108393204638837,0.5010742207012704,True,converged,1.5399909019470217,6,1.5119367814782088,0.4999999999999997,0.0,0.4583043831673031,0.0249735320316091,0.1105019824461399,True,60,60
16,23,50,True,converged,0.0728115829988382,3,1,1.5120503375599574,1.5108393204638837,0.5093820743600833,True,converged,3.012176275253296,4,1.5110511899007533,0.4999999999999996,0.0,0.4806762517840758,0.0053648503919652,0.0166913905857064,True,60,60
16,23,75,True,converged,0.0728115829988382,3,1,1.5113778448305135,1.5108393204638837,0.5026760362057265,True,converged,5.169588088989258,4,1.5109508650997268,0.5,0.0,0.4896017805582057,0.0063906574249623,0.0306008621227523,True,60,60
16,23,100,True,converged,0.0728115829988382,3,1,1.5111455784108951,1.5108393204638837,0.5001041440039379,True,converged,13.563954830169678,4,1.5109710013603552,0.5000000142015674,0.0,0.494749875031622,0.0068576442324325,0.0315903909378026,True,60,60
16,23,150,True,converged,0.0728115829988382,3,1,1.5109714356321582,1.5108393204638837,0.5000155075385755,True,converged,34.283061027526855,5,1.5108653901935647,0.4999999999999996,0.0,0.4962944804333442,0.0022879710654909,0.0102466062531925,True,60,60
16,23,200,True,converged,0.07218429201748222,3,1,1.5109129549923646,1.5108393204638837,0.5001041440039379,True,converged,67.4834086894989,4,1.5108613913564213,0.5,0.0,0.4988242789479384,0.003912524536058299,0.018888589530098386,True,60,60
16,24,10,True,converged,0.3482746249937918,6,1,1.789984500114825,1.7523734168275569,0.5205152440075848,True,converged,0.0652318000793457,3,1.765040061493293,0.4999999999999992,0.0,0.1030643201306543,0.114101799995758,0.4148348421428872,False,63,64
16,24,15,True,converged,0.323371083009988,6,1,1.7688141018310222,1.7523734168275569,0.5205152440075851,True,converged,0.1237657070159912,3,1.7497413884620434,0.4999999999999987,0.0,0.1213289512165755,0.1402176890104474,0.5457928887351381,False,64,64
16,24,25,True,converged,0.3482746249937918,6,1,1.758486705688026,1.7523734168275569,0.5047828553986863,True,converged,0.7062909603118896,5,1.7523229816366082,0.5000000000000226,0.0,0.1382166612351136,0.082577842260029,0.2785746902365445,True,64,64
16,24,35,True,converged,0.323371083009988,6,1,1.7556281614411813,1.7523734168275569,0.5000121902407039,True,converged,2.0444788932800293,6,1.7535796494683908,0.4999999999999984,0.0,0.3484604782695201,0.046434364437817,0.1913590810302388,True,64,64
16,24,50,True,converged,0.3482746249937918,6,1,1.7538443000122157,1.7523734168275569,0.5000301061197294,True,converged,3.752556085586548,4,1.751809187288213,0.4998731329060634,0.0,0.412211001583953,0.0302098683117775,0.0850974316979501,True,64,64
16,24,75,True,converged,0.3482746249937918,6,1,1.7530133602055469,1.7523734168275569,0.5000033576086603,True,converged,11.240408182144163,4,1.752254867818882,0.5000000000000003,0.0,0.4633861219035221,0.0079415967381578,0.0307002644473663,True,64,64
16,24,100,True,converged,0.3482746249937918,6,1,1.7527291929230755,1.7523734168275569,0.5000301061197294,True,converged,15.272891998291016,4,1.7521725434334412,0.5000000369314891,0.0,0.4797298958116658,0.0076299906335879,0.03031000963374,True,64,64
16,24,150,True,converged,0.3482746249937918,6,1,1.7525372131519104,1.7523734168275569,0.5000033576086603,True,converged,47.36320686340332,6,1.7524005392211788,0.5000000000000004,0.0,0.4927984817157653,0.0079243894894924,0.0270660424339695,True,64,64
16,24,200,True,converged,0.3286877920036204,6,1,1.7524667281864768,1.7523734168275567,0.5000174224680883,True,converged,120.01382803916931,4,1.752377095004128,0.5000000000000014,0.0,0.49503512116133974,0.00725623406221634,0.027298857431998183,True,64,64
16,25,10,True,converged,0.0466337079997174,2,1,2.5415157944939173,2.4916578171843975,0.7815102958389971,True,converged,0.0027408599853515,0,2.5154601458770687,0.8237470778118536,0.0,0.043686269156988,0.0578951245149379,0.2582124687559914,True,63,63
16,25,15,True,converged,0.0373419999959878,2,1,2.5138279695523176,2.4916578171843975,0.5290845453283649,True,converged,0.0669319629669189,2,2.5016258918047254,0.4999999999999991,0.0,0.0665245645246717,0.0580138887433253,0.2627178481054675,False,63,63
16,25,25,True,converged,0.0466337079997174,2,1,2.4996370819449503,2.4916578171843975,0.5212197519361834,True,converged,0.2278599739074707,2,2.495052960101021,0.500000000000001,0.0,0.1407209140840294,0.0596789468568018,0.2681377397340931,True,65,65
16,25,35,True,converged,0.0373419999959878,2,1,2.4957219441458265,2.4916578171843975,0.6097171661788161,True,converged,0.513909101486206,2,2.4924782905770293,0.5000000000000002,0.0,0.0619761698081556,0.0568199377667217,0.2554517987656827,True,65,65
16,25,50,True,converged,0.0466337079997174,2,1,2.493647705170333,2.4916578171843975,0.5212197519361834,True,converged,2.59818696975708,4,2.4921757988211986,0.5000996373757618,0.0,0.3506583982132221,0.0323871927772201,0.1408620578061118,True,65,65
16,25,75,True,converged,0.0466337079997174,2,1,2.4925390871327164,2.4916578171843975,0.5212197519361834,True,converged,4.582540988922119,4,2.491803370712976,0.5000000000000001,0.0,0.4397727997268551,0.0139013676281146,0.0593534822952101,True,65,65
16,25,100,True,converged,0.0466337079997174,2,1,2.4921512379527333,2.4916578171843975,0.5015527652381073,True,converged,6.795485973358154,4,2.491724356419925,0.4999999999999998,0.0,0.4670239330964979,0.0054950535401952,0.0246669449442883,True,65,65
16,25,150,True,converged,0.0466337079997174,2,1,2.491874345515426,2.4916578171843975,0.5081341725546634,True,converged,13.526034832000732,3,2.491665738921897,0.4999999999999998,0.0,0.4606685782226042,0.0062594957041772,0.0224232582760084,True,65,65
16,25,200,True,converged,0.039772999996785074,2,1,2.4917775255843475,2.4916578171843975,0.500952348952395,True,converged,25.998597145080566,4,2.491689638938985,0.49999999999999994,0.0,0.4919791054674382,0.007300906376417071,0.03301268494514265,True,65,65
16,26,10,True,converged,0.144493625004543,4,1,2.2931376295041948,2.2479184545379205,0.5029040980623626,True,converged,0.0346121788024902,2,2.2680950901028667,0.4999999999999992,0.0,0.0697906356669106,0.0726736993462762,0.2674989678453653,False,56,56
16,26,15,True,converged,0.1374202089791651,4,1,2.268017662245174,2.2479184545379205,0.5029040980623634,True,converged,0.0866389274597168,2,2.2554412652326348,0.4999999999999991,0.0,0.0728482671769853,0.0717550217141845,0.2612843773296393,True,56,56
16,26,25,True,converged,0.144493625004543,4,1,2.255146773588711,2.2479184545379205,0.5029040980623634,True,converged,0.7697751522064209,6,2.250046347212836,0.4999999999999998,0.0,0.1365641615488936,0.0514268503361991,0.2281918377006052,True,57,57
16,26,35,True,converged,0.1374202089791651,4,1,2.2516110753658487,2.2479184545379205,0.5002722566262282,True,converged,1.071953296661377,3,2.248987024449299,0.4999999999999998,0.0,0.3479259167281145,0.0332075917096952,0.1511413634807385,True,57,57
16,26,50,True,converged,0.144493625004543,4,1,2.2497201918836756,2.2479184545379205,0.5029040980623634,True,converged,4.075124979019165,5,2.247879461978554,0.5000000000001783,0.0,0.218843755540549,0.0436609832447247,0.2042216312948392,True,57,57
16,26,75,True,converged,0.144493625004543,4,1,2.248717800584678,2.2479184545379205,0.5000404954541353,True,converged,7.592722177505493,6,2.247929393076939,0.5000000000000003,0.0,0.4054674657235378,0.031801273828031,0.134903481290479,True,57,57
16,26,100,True,converged,0.144493625004543,4,1,2.248365056382294,2.2479184545379205,0.5010824195509744,True,converged,10.560196161270142,3,2.2477632381326953,0.5000000348454638,0.0,0.4454849600213775,0.0161095553465847,0.0733414501209269,True,57,57
16,26,150,True,converged,0.144493625004543,4,1,2.2481144146497254,2.2479184545379205,0.5000404954541353,True,converged,27.01287293434143,6,2.2478586466678903,0.5000000000000002,0.0,0.4765464708416865,0.0105740892078485,0.0454995288219158,True,57,57
16,26,200,True,converged,0.13964812501217239,4,1,2.2480266003894402,2.2479184545379205,0.5000097998521486,True,converged,37.664056062698364,4,2.2479086224880254,0.5000000000001407,0.0,0.49572890759179616,0.004194075157616187,0.017436341883209954,True,57,57
16,27,10,True,converged,0.0694432499876711,2,1,1.8328801705783944,1.7968037381269084,0.6099453798462706,True,converged,0.0328550338745117,2,1.8124064833568456,0.5000000000000012,0.0,0.1691306934975292,0.0665976761373477,0.2315911944496647,True,65,65
16,27,15,True,converged,0.0620589579921215,2,1,1.8128098392432517,1.7968037381269084,0.6099453798462704,True,converged,0.0591769218444824,2,1.8023133755141896,0.4999999999999994,0.0,0.1691306934975294,0.0655722511360041,0.2289102568569024,True,65,65
16,27,25,True,converged,0.0694432499876711,2,1,1.8025571496327988,1.7968037381269084,0.6099453798462704,True,converged,0.1875929832458496,2,1.7972947085465725,0.5000000000000022,0.0,0.2246109065323615,0.06039430760578,0.1985575442170265,True,66,66
16,27,35,True,converged,0.0620589579921215,2,1,1.7997423440059142,1.7968037381269084,0.5140491190136289,True,converged,0.8127450942993164,3,1.797213449780387,0.5000001280729532,0.0,0.378463079672856,0.0352058998272407,0.1289033684035177,True,66,66
16,27,50,True,converged,0.0694432499876711,2,1,1.7982443110054644,1.7968037381269084,0.5048216561577957,True,converged,2.093312978744507,4,1.797252203315249,0.500055689077806,0.0,0.4571157771173294,0.0243181559290662,0.082874473214653,True,66,66
16,27,75,True,converged,0.0694432499876711,2,1,1.797441373831285,1.7968037381269084,0.5032285726092348,True,converged,4.446974277496338,4,1.796943361056219,0.5000000109330802,0.0,0.4777498127147591,0.015388835334028,0.0515500985873737,True,66,66
16,27,100,True,converged,0.0694432499876711,2,1,1.7971600951002156,1.7968037381269084,0.5048216561577957,True,converged,6.7153730392456055,3,1.7968039891649636,0.500000257389973,0.0,0.4869444259094346,0.0072505112499002,0.0277737192099065,True,66,66
16,27,150,True,converged,0.0694432499876711,2,1,1.7969600281691405,1.7968037381269084,0.5032285726092348,True,converged,12.837128162384031,3,1.7967946690582148,0.5000000390764844,0.0,0.4942782073371192,0.0030544401852292,0.0130334119537501,True,66,66
16,27,200,True,converged,0.06273658401914872,2,1,1.7968902456481044,1.7968037381269084,0.5003757207560817,True,converged,25.42460608482361,3,1.7968165465847215,0.5000000794030572,0.0,0.4969663079518715,0.0036052346185711658,0.012153663392384167,True,66,66
16,28,10,True,converged,0.0776086669939104,3,1,1.251326858976387,1.2267751327741312,0.6944553619238407,True,converged,0.0027511119842529,0,1.2380382025637433,0.5526388479734737,0.0,0.1950876127892445,0.0492380694017229,0.2437071225833009,False,55,55
16,28,15,True,converged,0.0722540409769862,3,1,1.237683256047358,1.2267751327741312,0.5568613930317661,True,converged,0.032881736755371,1,1.2311296002723413,0.4999999999999997,0.0,0.1961893749890184,0.0485688213905701,0.241112336121179,True,56,56
16,28,25,True,converged,0.0776086669939104,3,1,1.2307113011660713,1.2267751327741312,0.5037645892073989,True,converged,0.1881022453308105,2,1.2286118510462427,0.5000000570468968,0.0,0.3822054428160048,0.0206587379427143,0.100865097371756,True,56,56
16,28,35,True,converged,0.0722540409769862,3,1,1.2287788186858464,1.2267751327741312,0.5035817213541878,True,converged,1.009343147277832,4,1.2275770095830831,0.5000000000000008,0.0,0.3981365981976458,0.0189687336758429,0.0850519750669084,True,56,56
16,28,50,True,converged,0.0776086669939104,3,1,1.227756015277432,1.2267751327741312,0.5037645892073989,True,converged,2.4912803173065186,4,1.2271305653666953,0.5000071064224809,0.0,0.3938830771515059,0.0170212138985999,0.0829222834850203,True,56,56
16,28,75,True,converged,0.0776086669939104,3,1,1.2272093243160862,1.2267751327741312,0.5000223252827745,True,converged,3.0401461124420166,3,1.226885113463114,0.5000000000000003,0.0,0.4208600527789254,0.0100936815738126,0.0466966688060102,True,56,56
16,28,100,True,converged,0.0776086669939104,3,1,1.2270181762235275,1.2267751327741312,0.5037645892073989,True,converged,6.45459508895874,3,1.2268322058187475,0.5000000000000011,0.0,0.4626118056070457,0.0055704942419493,0.0267945185581997,True,56,56
16,28,150,True,converged,0.0776086669939104,3,1,1.226881830847148,1.2267751327741312,0.5000223252827745,True,converged,8.6076180934906,3,1.2268132725300036,0.4999999999999984,0.0,0.4974541616774079,0.0024383100116448,0.012546144465353,True,56,56
16,28,200,True,converged,0.0741673749871552,3,1,1.2268341799974416,1.2267751327741312,0.5001059595635551,True,converged,14.960973262786865,3,1.2268004600829283,0.49999999999999933,0.0,0.49593863154370293,0.0010147096782066418,0.004624441288989218,True,56,56
16,29,10,True,converged,0.4136416660039685,6,1,1.4685901952201044,1.4395105578805494,0.5004224022229519,True,converged,0.0340070724487304,2,1.4503578938738946,0.4999999999999998,0.0,0.1231188649639762,0.0912865376847896,0.3372029968273818,False,48,48
16,29,15,True,converged,0.408538541989401,6,1,1.4523810822440453,1.4395105578805494,0.5004224022229522,True,converged,0.0570979118347168,2,1.4418163300990363,0.4999999999999965,0.0,0.123234490236243,0.0885155788009706,0.292300856104779,True,48,48
16,29,25,True,converged,0.4136416660039685,6,1,1.4441697147384822,1.4395105578805494,0.5004224022229522,True,converged,0.9688050746917723,9,1.440344717197307,0.4998659103364614,0.0,0.3329849030478452,0.0483411718992935,0.1822303842063556,True,49,49
16,29,35,True,converged,0.408538541989401,6,1,1.4419060199867506,1.4395105578805494,0.5000106738942269,True,converged,1.7609679698944092,7,1.4394884634450626,0.4999999999999996,0.0,0.343613863997055,0.0310486866431248,0.1370389122434562,True,49,49
16,29,50,True,converged,0.4136416660039685,6,1,1.440669367699712,1.4395105578805494,0.5004224022229522,True,converged,3.9949018955230713,5,1.439434057068814,0.4999999999999994,0.0,0.3902635256319281,0.024265498055058,0.0815938738751607,True,49,49
16,29,75,True,converged,0.4136416660039685,6,1,1.4400269240789796,1.4395105578805494,0.5004224022229522,True,converged,6.914037704467773,6,1.4395844425537896,0.4999999999999991,0.0,0.4749824605116053,0.0221622482061041,0.0769849262547345,True,49,49
16,29,100,True,converged,0.4136416660039685,6,1,1.4397997364420942,1.4395105578805494,0.5004224022229522,True,converged,13.692379236221312,5,1.439541496427678,0.4999999999999993,0.0,0.4839917451108932,0.0122458709683668,0.0575602863200264,True,49,49
16,29,150,True,converged,0.4136416660039685,6,1,1.4396363667487186,1.4395105578805494,0.5004224022229522,True,converged,30.64142894744873,5,1.4394614146715805,0.4999999999999996,0.0,0.4929177678785844,0.007053553340709,0.0236373203688174,True,49,49
16,29,200,True,converged,0.4144460420066025,6,1,1.4395800967479297,1.4395105578805494,0.5004224022229522,True,converged,40.35870599746704,4,1.4394810673589395,0.4999999999999988,0.0,0.4929987315416444,0.004039658636625304,0.013162889803513312,True,49,49
16,30,10,True,converged,0.1806058749789372,4,1,1.6926649127272937,1.659418946463238,0.5060831022581604,True,converged,0.0320780277252197,2,1.673102549085013,0.4999733703682361,0.0,0.0297089888668058,0.087402324312235,0.3390399871741781,False,59,59
16,30,15,True,converged,0.1741579579829704,4,1,1.6742188814822696,1.659418946463238,0.5029985078105644,True,converged,0.1401190757751464,4,1.6650908885944562,0.5000001466329284,0.0,0.0948376730341266,0.0705652484745515,0.2701210600171609,True,59,59
16,30,25,True,converged,0.1806058749789372,4,1,1.6647508264994249,1.659418946463238,0.500075926860715,True,converged,0.7274260520935059,6,1.661456954821788,0.4999999999999996,0.0,0.350439431879876,0.0315207049725589,0.1185272507538649,True,59,59
16,30,35,True,converged,0.1741579579829704,4,1,1.6621302465721408,1.659418946463238,0.5060831022581604,True,converged,1.3900492191314695,5,1.660048244764246,0.5000000880620274,0.0,0.2942265005198336,0.0407487539574835,0.174166356221656,False,60,59
16,30,50,True,converged,0.1806058749789372,4,1,1.6607499419331055,1.659418946463238,0.500075926860715,True,converged,3.640721082687378,5,1.6600080447902168,0.5000004786410435,0.0,0.4823451939398757,0.0155478951729009,0.0565128988554949,True,60,60
16,30,75,True,converged,0.1806058749789372,4,1,1.6600084849684695,1.659418946463238,0.500075926860715,True,converged,7.124013900756836,5,1.659661196845721,0.5000000013595668,0.0,0.4858862073946707,0.0103278235667771,0.0411130779654951,True,60,60
16,30,100,True,converged,0.1806058749789372,4,1,1.65974886456813,1.659418946463238,0.500075926860715,True,converged,12.527277708053589,5,1.659537347473191,0.5000000000923318,0.0,0.4920729183698512,0.0067674481261594,0.026498984526887,True,60,60
16,30,150,True,converged,0.1806058749789372,4,1,1.6595635866142442,1.659418946463238,0.500075926860715,True,converged,21.625120162963867,5,1.6594590185349822,0.5000000029921247,0.0,0.4944954537731918,0.0066614570386401,0.031546577847129,True,60,60
16,30,200,True,converged,0.1787472500000149,4,1,1.659498835913537,1.659418946463238,0.500075926860715,True,converged,51.89258003234863,5,1.6594368210290151,0.5000000000153463,0.0,0.49498815372555743,0.006673174568827897,0.029554374407221706,True,60,60
16,31,10,True,converged,0.0598789999785367,2,1,1.5901080361624675,1.5585938732963738,0.518992049373598,True,converged,0.0346641540527343,2,1.5728202904425677,0.5000000000000013,0.0,0.1550555082488973,0.0792269640496691,0.3036148984085797,True,54,54
16,31,15,True,converged,0.0443972079956438,2,1,1.5725496181344627,1.5585938732963738,0.5189920493735983,True,converged,0.125378131866455,3,1.5640433699076726,0.500001952830216,0.0,0.155055508248896,0.057404885375362,0.1852710852729735,False,55,55
16,31,25,True,converged,0.0598789999785367,2,1,1.563594251814712,1.5585938732963738,0.5189920493735983,True,converged,0.3871188163757324,3,1.5600529896652289,0.5000081503826069,0.0,0.1550555082488929,0.0407106303376459,0.1810110025533302,True,56,56
16,31,35,True,converged,0.0443972079956438,2,1,1.561141643964113,1.5585938732963738,0.5124843894734239,True,converged,1.1518778800964355,3,1.5593465868391594,0.5000141624473806,0.0,0.3243266655670438,0.0282973485513454,0.1294033762226007,True,56,56
16,31,50,True,converged,0.0598789999785367,2,1,1.5598470782140994,1.5585938732963738,0.500621542389233,True,converged,3.5115509033203125,5,1.559144544029768,0.5,0.0,0.4922401429438544,0.0095572741275469,0.0325182973619202,True,56,56
16,31,75,True,converged,0.0598789999785367,2,1,1.5591505093925118,1.5585938732963738,0.5003076841726765,True,converged,4.777750015258789,3,1.558746431312813,0.5000076358315119,0.0,0.4673961707675019,0.008222901380083,0.0302746512513454,True,56,56
16,31,100,True,converged,0.0598789999785367,2,1,1.558903416560046,1.5585938732963738,0.500621542389233,True,converged,11.135138034820557,4,1.5587144338285084,0.5000037161083225,0.0,0.4964752011014151,0.00404051516138,0.0184300754466337,True,56,56
16,31,150,True,converged,0.0598789999785367,2,1,1.5587300374983637,1.5585938732963738,0.5003076841726765,True,converged,23.0714430809021,4,1.5586444919329807,0.5000018614380357,0.0,0.4960405016436835,0.0047993739487747,0.020161825408417,True,56,56
16,31,200,True,converged,0.04016583299380727,2,1,1.5586698182468344,1.5585938732963738,0.500008352060046,True,converged,26.37506914138794,3,1.5586278544103567,0.5001251586044971,0.0,0.49703727382113894,0.004777469046257026,0.016047168471257808,True,56,56
16,32,10,True,converged,0.2601014159736223,5,1,1.5044321078172298,1.4749156678900404,0.5210103524149395,True,converged,0.0027580261230468,0,1.4877001445406348,0.5764010196461349,0.0,0.0543167188039123,0.0741182589787203,0.223815856239032,True,52,52
16,32,15,True,converged,0.2513315420073923,5,1,1.488027718346779,1.4749156678900404,0.5094864450157859,True,converged,0.0698778629302978,2,1.4794559442471655,0.5000056191459468,0.0,0.0543167188039058,0.0706575480696762,0.2265132663124728,True,53,53
16,32,25,True,converged,0.2601014159736223,5,1,1.47963817979096,1.4749156678900404,0.5119200838363482,True,converged,0.3308520317077636,3,1.475705513570303,0.5,0.0,0.0987186643261156,0.0693979008048512,0.2333812979942343,False,53,53
16,32,35,True,converged,0.2513315420073923,5,1,1.477327341292332,1.4749156678900404,0.5007964289847071,True,converged,0.6137790679931641,3,1.475706667927589,0.4999999999999994,0.0,0.2989797783283248,0.0451029105068316,0.1911643891865732,True,53,53
16,32,50,True,converged,0.2601014159736223,5,1,1.47609307386871,1.4749156678900404,0.5119200838363482,True,converged,2.872483730316162,4,1.4748242192109997,0.5000000017612208,0.0,0.3950894401693222,0.0192287762195161,0.0567952662233844,True,53,53
16,32,75,True,converged,0.2601014159736223,5,1,1.4754379787032257,1.4749156678900404,0.5001838750446672,True,converged,4.57611083984375,4,1.4749421942373142,0.5000000000234672,0.0,0.4565524397606416,0.0109200804645814,0.0390322805080719,True,53,53
16,32,100,True,converged,0.2601014159736223,5,1,1.4752081091540414,1.4749156678900404,0.5014098018470954,True,converged,14.217001914978027,7,1.4748992489872232,0.4999999999999999,0.0,0.4682783244670992,0.0151442132505039,0.0594958239678365,True,53,53
16,32,150,True,converged,0.2601014159736223,5,1,1.4750440549378554,1.4749156678900404,0.500136991998407,True,converged,14.572002172470093,4,1.4749187760028222,0.5000000000011195,0.0,0.4861978887794836,0.0080274839283222,0.0308892130562115,True,53,53
16,32,200,True,converged,0.2578757500159554,5,1,1.4749865399438111,1.4749156678900404,0.5000656023796575,True,converged,34.04117727279663,4,1.4749158094767494,0.5000000000209349,0.0,0.4941290392068648,0.005783776075508989,0.019815652315860566,True,53,53
16,33,10,True,converged,1.878756082995096,8,1,1.6081864092126883,1.5764262474741384,0.5011183269552045,True,converged,0.0343527793884277,2,1.5901581868808452,0.4999999999999997,0.0,0.0003690611951844,0.0798012106328127,0.2605256326625208,False,63,63
16,33,15,True,converged,1.7927730829978827,8,1,1.5904699235682238,1.5764262474741384,0.5056326928113469,True,converged,0.1002659797668457,3,1.5801444463548422,0.5000002855294784,0.0,0.0603452402760684,0.0821561503301125,0.2637155724285518,True,63,63
16,33,25,True,converged,1.878756082995096,8,1,1.581484538192069,1.5764262474741384,0.5056326928113469,True,converged,0.5114831924438477,4,1.5767434268668152,0.5000000058386435,0.0,0.0603452402760712,0.06512826655067,0.2633246075253405,False,66,66
16,33,35,True,converged,1.7927730829978827,8,1,1.579012207099389,1.5764262474741384,0.5001583015935455,True,converged,0.8414201736450195,4,1.5766415450392737,0.5000000002266692,0.0,0.2383862788018012,0.0582482788731026,0.2043003838976053,True,66,66
16,33,50,True,converged,1.878756082995096,8,1,1.5776949296551157,1.5764262474741384,0.5003283200814268,True,converged,5.987843990325928,8,1.5760835496149943,0.5000000000000668,0.0,0.1809276023748156,0.0468198850721612,0.2158373609755872,True,66,66
16,33,75,True,converged,1.878756082995096,8,1,1.5769880351022312,1.5764262474741384,0.5033907953858168,True,converged,4.433371067047119,3,1.5763799892882198,0.5000000000526503,0.0,0.39438318667182,0.0297594821809704,0.1369790010760763,True,66,66
16,33,100,True,converged,1.878756082995096,8,1,1.5767412814838753,1.5764262474741384,0.5003283200814268,True,converged,15.020730018615724,6,1.5761248621929602,0.4999999999999999,0.0,0.4424034423634438,0.0171431565692598,0.0780321570491113,True,66,66
16,33,150,True,converged,1.878756082995096,8,1,1.5765649414933398,1.5764262474741384,0.5003150784870742,True,converged,24.508851766586304,5,1.5763404234232818,0.5000000036606458,0.0,0.4758590779611121,0.0086676899130279,0.0370538240295842,True,66,66
16,33,200,True,converged,1.8710144579818007,8,1,1.5765032412814162,1.5764262474741384,0.5000173237631663,True,converged,59.33236289024353,5,1.5763938513374272,0.5000000000000165,0.0,0.4865552461903549,0.010099384736098978,0.04689263474745057,True,66,66
16,34,10,True,converged,0.070541958004469,3,1,1.4084263573575946,1.380784175863259,0.5195304415585851,True,converged,0.0306098461151123,2,1.3936829698629414,0.4999999999999998,0.0,0.1333090032251724,0.0516866070739653,0.1874604150312759,False,36,35
16,34,15,True,converged,0.0705173329915851,3,1,1.393071003914782,1.380784175863259,0.5079717384279347,True,converged,0.0735249519348144,2,1.3861926587433928,0.5000000000000002,0.0,0.1333090032251716,0.0442121402416889,0.1909636549442795,True,36,36
16,34,25,True,converged,0.070541958004469,3,1,1.3852025376726451,1.380784175863259,0.5000180280465806,True,converged,0.2055881023406982,2,1.3820125290803114,0.5000000000000001,0.0,0.1333090032251592,0.0500423253288973,0.1914195063074134,True,36,36
16,34,35,True,converged,0.0705173329915851,3,1,1.3830367080839236,1.380784175863259,0.5019179076019954,True,converged,0.3909950256347656,2,1.3810785675976298,0.4999999999999998,0.0,0.1333090032251505,0.0460962982778637,0.1913908676790927,True,36,36
16,34,50,True,converged,0.070541958004469,3,1,1.3818873340966586,1.380784175863259,0.5000180280465806,True,converged,1.078772783279419,2,1.380859001272254,0.4999999999999995,0.0,0.2403908945402358,0.03873991595608,0.1687689619649111,True,36,36
16,34,75,True,converged,0.070541958004469,3,1,1.3812730884673816,1.380784175863259,0.5000180280465806,True,converged,3.163245677947998,3,1.3808863900862518,0.4999999999999996,0.0,0.4335839028846625,0.0237327438026252,0.0951114137348507,True,36,36
16,34,100,True,converged,0.070541958004469,3,1,1.3810577000717634,1.380784175863259,0.5000180280465806,True,converged,5.344455718994141,3,1.380662619118192,0.4999999999999997,0.0,0.4373051620963128,0.0102211384788723,0.0340014214646319,True,36,36
16,34,150,True,converged,0.070541958004469,3,1,1.3809042379402257,1.380784175863259,0.5000180280465806,True,converged,14.751166105270386,4,1.3807528195897527,0.4999999999999996,0.0,0.4731309094334517,0.0098975915729141,0.0449957191859726,True,36,36
16,34,200,True,converged,0.06823754200013354,3,1,1.3808505821360146,1.380784175863259,0.5000005364755125,True,converged,13.989429712295532,3,1.3808017300225117,0.5000000000000007,0.0,0.4930552287369148,0.0024377821721903448,0.011239289612308776,True,36,36
16,35,10,True,converged,0.0273251250036992,1,1,1.4923104186784435,1.4630481332083929,0.8677836806211501,True,converged,0.0026988983154296,0,1.4776132901242145,0.7777665173614108,0.0,0.2867248423732946,0.0252501441048604,0.1073207880405688,True,57,57
16,35,15,True,converged,0.021357290999731,1,1,1.4760508246987816,1.4630481332083929,0.8677836806211469,True,converged,0.0040309429168701,0,1.469367680246291,0.7720033403526291,0.0,0.286724842373286,0.0238819409899648,0.109161963090616,True,58,58
16,35,25,True,converged,0.0273251250036992,1,1,1.4677269728345113,1.4630481332083929,0.6694760573228049,True,converged,0.0064442157745361,0,1.465181447539036,0.6697949367624627,0.0,0.286724842373254,0.0235822314441487,0.1085460072837205,True,58,58
16,35,35,True,converged,0.021357290999731,1,1,1.4654341174966157,1.4630481332083929,0.5559615211532773,True,converged,0.4941680431365967,2,1.4641035798260609,0.5000000000000011,0.0,0.3818696425856964,0.0158141506340459,0.0729093336886745,True,58,58
16,35,50,True,converged,0.0273251250036992,1,1,1.4642160348476645,1.4630481332083929,0.5019839493912034,True,converged,1.0332517623901367,2,1.4636241191663824,0.4999999999999998,0.0,0.4939478958016948,0.0036728181306306,0.0170351006955943,True,58,58
16,35,75,True,converged,0.0273251250036992,1,1,1.4635654055708571,1.4630481332083929,0.5310858472234379,True,converged,1.9571499824523928,2,1.463224918742542,0.5000782676138071,0.0,0.447507084731555,0.0076525334522873,0.0353405473322265,True,58,58
16,35,100,True,converged,0.0273251250036992,1,1,1.4633378810392998,1.4630481332083929,0.5019839493912034,True,converged,3.6958179473876953,2,1.463184874780593,0.5000000000000003,0.0,0.494017786256756,0.0036293169434692,0.0167995846213324,True,58,58
16,35,150,True,converged,0.0273251250036992,1,1,1.463175270310281,1.4630481332083929,0.5019839493912034,True,converged,5.754114151000977,2,1.4631035953671712,0.5000100431273122,0.0,0.4943888003020338,0.0033710512223286,0.0155898335906836,True,58,58
16,35,200,True,converged,0.022417084022890776,1,1,1.4631183600471038,1.4630481332083927,0.5019839493912034,True,converged,8.095448017120361,2,1.4630755259637225,0.5001271483205043,0.0,0.49535328629983333,0.0027224091931605378,0.012587121376081109,True,58,58
16,36,10,True,converged,0.850061499979347,8,1,1.810552041132628,1.7744228660457897,0.5006565906083643,True,converged,0.0361089706420898,2,1.7903056945278968,0.5,0.0,0.0025253160453189,0.0768024825991279,0.2972708256310446,False,52,51
16,36,15,True,converged,0.8196262499841396,8,1,1.790463897593584,1.7744228660457897,0.5006565906083642,True,converged,0.0719878673553466,2,1.780121363427987,0.5000000000000001,0.0,0.0100655970585563,0.0741326320528389,0.2942390952202682,False,54,54
16,36,25,True,converged,0.850061499979347,8,1,1.7802004263385314,1.7744228660457897,0.5006565906083642,True,converged,0.4544970989227295,5,1.776246959682902,0.4999669896387693,0.0,0.222629480537227,0.0608487989406245,0.2365796534365945,True,54,54
16,36,35,True,converged,0.8196262499841396,8,1,1.777364190977578,1.7744228660457897,0.5006565906083643,True,converged,2.02325701713562,7,1.774235248301039,0.5000000000002643,0.0,0.1867450570459902,0.0687587514835312,0.2393682479386379,True,54,54
16,36,50,True,converged,0.850061499979347,8,1,1.7758602328747144,1.7744228660457897,0.5006565906083642,True,converged,2.584486961364746,4,1.774457706804612,0.5000000000000001,0.0,0.3857049918335717,0.0300755324311082,0.1057126319514752,True,54,54
16,36,75,True,converged,0.850061499979347,8,1,1.775058448561931,1.7744228660457897,0.5006565906083642,True,converged,3.941469192504883,3,1.7743699115319138,0.5000000302823067,0.0,0.4163794709356532,0.0251093312290004,0.1085077692795251,True,54,54
16,36,100,True,converged,0.850061499979347,8,1,1.774778252939042,1.7744228660457897,0.5000975195108701,True,converged,7.534645080566406,3,1.7742507054384224,0.5000004059400058,0.0,0.4379635886048086,0.0224645778812465,0.0956172569256544,True,54,54
16,36,150,True,converged,0.850061499979347,8,1,1.7745784186599631,1.7744228660457897,0.5006565906083642,True,converged,24.221783876419067,5,1.7743282978329666,0.5000000000000554,0.0,0.47345486857392,0.0151626682822059,0.0521955567140892,True,54,54
16,36,200,True,converged,0.834335249994183,8,1,1.7745085904109554,1.7744228660457895,0.5000975195108701,True,converged,49.09145188331604,3,1.7743706038133793,0.500000000477415,0.0,0.4852358338837209,0.00836214474251064,0.028181183625129513,True,54,54
16,37,10,True,converged,0.0189371659944299,1,1,2.117671631985256,2.076142225005345,0.5075644981372625,True,converged,0.0624918937683105,4,2.0970520219126683,0.5000100365912261,0.0,0.4504455280181343,0.0171068214479921,0.0623685966252462,True,64,64
16,37,15,True,converged,0.0231034590105991,1,1,2.0945946269207827,2.076142225005345,0.5075644981372629,True,converged,0.0931363105773925,3,2.0853645332694226,0.5000524654239678,0.0,0.4791854894906002,0.0070020453545415,0.0247397131502262,True,64,64
16,37,25,True,converged,0.0189371659944299,1,1,2.082781764859685,2.076142225005345,0.5063449513012691,True,converged,0.3085849285125732,3,2.07944592219591,0.5000000279986246,0.0,0.492757354045891,0.0019540934944519,0.0044784281033859,True,65,65
16,37,35,True,converged,0.0231034590105991,1,1,2.079528291184653,2.076142225005345,0.5009963473218332,True,converged,0.6310982704162598,3,2.077827916790824,0.5000002349679191,0.0,0.4963504227152652,0.0029229813459206,0.0128987059837062,True,65,65
16,37,50,True,converged,0.0189371659944299,1,1,2.077800020204011,2.076142225005345,0.5000185063889891,True,converged,1.689648151397705,3,2.076969512668504,0.5000237082368528,0.0,0.5000012944594273,0.000433224031956,0.0010427087867059,True,65,65
16,37,75,True,converged,0.0189371659944299,1,1,2.076876265361319,2.076142225005345,0.5005556708624895,True,converged,2.9896750450134277,3,2.076505204822297,0.5000001311419288,0.0,0.4992195108400062,0.0004708033268297,0.0019965151276826,True,65,65
16,37,100,True,converged,0.0189371659944299,1,1,2.0765534971262656,2.076142225005345,0.5000185063889891,True,converged,4.173227071762085,3,2.0763458725850525,0.5000235631491773,0.0,0.5000014493751621,0.000114692257013,0.0002609406929732,True,65,65
16,37,150,True,converged,0.0189371659944299,1,1,2.0763226791833063,2.076142225005345,0.5000185063889891,True,converged,12.836247205734251,3,2.0762304248790855,0.5000235363350066,0.0,0.5000014645021811,6.232702342639437e-05,0.00020522699399,True,65,65
16,37,200,True,converged,0.022946791985305026,1,1,2.076241899539881,2.076142225005345,0.5000185063889891,True,converged,21.279072999954224,3,2.076190021120448,0.5000235158547206,0.0,0.5000014300954719,4.832167251360355e-05,0.00019807379241614667,True,65,65
16,38,10,True,converged,0.1844715419865679,5,1,2.175249961386214,2.132502535864922,0.5480196517338725,True,converged,0.035593032836914,2,2.1505654119036226,0.4999999999999995,0.0,0.0983645808237749,0.0963503095995243,0.3387198156260985,False,67,66
16,38,15,True,converged,0.1826991660054773,5,1,2.1514954084561984,2.132502535864922,0.54801965173387,True,converged,0.0627851486206054,2,2.138559905884524,0.4999675852522613,0.0,0.0984099724175526,0.0956999276693037,0.3373697884044256,False,67,67
16,38,25,True,converged,0.1844715419865679,5,1,2.1393417921142324,2.132502535864922,0.5087811768491685,True,converged,0.4411048889160156,4,2.1330584845642053,0.5000000123789893,0.0,0.0501681030956798,0.1105188881171739,0.3744858880355776,False,67,67
16,38,35,True,converged,0.1826991660054773,5,1,2.1359833348095707,2.132502535864922,0.5480196517338725,True,converged,0.7845768928527832,3,2.130829510333294,0.5000000155452895,0.0,0.0983645808237613,0.0919957163032643,0.3391447508073535,True,67,67
16,38,50,True,converged,0.1844715419865679,5,1,2.1342088792966316,2.132502535864922,0.5003240285052394,True,converged,3.4556610584259033,5,2.1311024890198507,0.5000000000000052,0.0,0.1124865190253653,0.0986250640603263,0.4137800693652091,False,67,67
16,38,75,True,converged,0.1844715419865679,5,1,2.133258081114594,2.132502535864922,0.5008355745576917,True,converged,4.4621148109436035,4,2.1318622655045916,0.500000000068266,0.0,0.2969980168925452,0.052575309924205,0.2094632305320783,True,67,67
16,38,100,True,converged,0.1844715419865679,5,1,2.132925496661393,2.132502535864922,0.5003240285052394,True,converged,11.873061895370483,5,2.1320260107168636,0.500000000000284,0.0,0.3986882653489148,0.0288764010089699,0.1164819993541544,True,67,67
16,38,150,True,converged,0.1844715419865679,5,1,2.132688097386845,2.132502535864922,0.5003240285052394,True,converged,20.533583879470825,5,2.1322351509126287,0.5000000004617104,0.0,0.457735226538707,0.0151340038621951,0.0464773790976384,True,67,67
16,38,200,True,converged,0.1844737920037005,5,1,2.13260498204119,2.132502535864922,0.5003240285052394,True,converged,35.493499994277954,5,2.1323476731017803,0.49999999999999967,0.0,0.47669050609928254,0.008693511520605695,0.030546796658340702,True,67,67
16,39,10,True,converged,0.0072253750113304,0,0,1.9926752505705452,1.9536071018663916,0.8641654344111904,True,converged,0.002803087234497,0,1.973336552357441,0.8638779662768575,0.0,0.6973466603943107,0.0105654518416796,0.0241777521495685,True,60,60
16,39,15,True,converged,0.0067632919817697,0,0,1.9709685484946136,1.9536071018663916,0.7905515655323232,True,converged,0.0035562515258789,0,1.962324629632234,0.7909677419419157,0.0,0.6973466603942984,0.0046734507954275,0.0106857029589737,True,61,61
16,39,25,True,converged,0.0072253750113304,0,0,1.959854717031736,1.9536071018663916,0.7223536264764896,True,converged,0.0060269832611083,0,1.9567339611717425,0.7221570054780024,0.0,0.6973466603942171,0.0016779505584657,0.0038358933699252,True,61,61
16,39,35,True,converged,0.0067632919817697,0,0,1.9567927430572707,1.9536071018663916,0.7019279640951338,True,converged,0.0081069469451904,0,1.955199267868862,0.7019800718617799,0.0,0.6973466603941597,0.0008554427536211,0.0019555534827363,True,61,61
16,39,50,True,converged,0.0072253750113304,0,0,1.955166069383335,1.9536071018663916,0.7223536264764896,True,converged,0.0116951465606689,0,1.9543849408101912,0.7223044612848459,0.0,0.6973466603941617,0.0004189945949531,0.0009587799361459,True,61,61
16,39,75,True,converged,0.0072253750113304,0,0,1.9542978013002976,1.9536071018663916,0.7083991705788762,True,converged,0.017474889755249,0,1.9539505558215688,0.7084170677790609,0.0,0.6973466603941653,0.0001861786813279,0.0004265709052207,True,61,61
16,39,100,True,converged,0.0072253750113304,0,0,1.953993907471234,1.9536071018663916,0.6989017109928641,True,converged,0.0227940082550048,0,1.9537985666905369,0.6989053596377537,0.0,0.6973466603941745,0.0001047173858663,0.0002399372594774,True,61,61
16,39,150,True,converged,0.0072253750113304,0,0,1.953776840450475,1.9536071018663916,0.6980624122800776,True,converged,0.0343828201293945,0,1.9536900175013123,0.6980613626658618,0.0,0.6973466603941951,4.6538478577871296e-05,0.0001066285066766,True,61,61
16,39,200,True,converged,0.007180000015068799,0,0,1.9537008669932094,1.9536071018663916,0.6989017109928641,True,converged,0.046064138412475586,0,1.9536520281345708,0.6989026226861632,0.0,0.6973466603942227,2.61773855448947e-05,5.9979815958419554e-05,True,61,61
16,40,10,True,converged,0.3131032499950379,6,1,1.66351435987334,1.6304200634232726,0.5000140569293142,True,converged,0.0515661239624023,3,1.6417522503353197,0.4999999999999975,0.0,0.0530475139502182,0.1215259823471404,0.4525438600828891,False,59,59
16,40,15,True,converged,0.3030485000053886,6,1,1.6450671738998364,1.6304200634232726,0.5000140569293153,True,converged,0.2417268753051757,6,1.6328618967971098,0.4999999999999968,0.0,0.0514029167689724,0.1190105605828574,0.4525081663987941,False,59,59
16,40,25,True,converged,0.3131032499950379,6,1,1.635667478197243,1.6304200634232726,0.5000140569293153,True,converged,0.6525800228118896,5,1.6299519289938822,0.5,0.0,0.0642320172930429,0.0738644427774507,0.2633133213611756,True,59,59
16,40,35,True,converged,0.3030485000053886,6,1,1.633098046072493,1.6304200634232726,0.5000140569293142,True,converged,1.6138548851013184,5,1.630633528064296,0.5000000007168418,0.0,0.3343647080147989,0.0334417671464053,0.1392104776382189,True,59,59
16,40,50,True,converged,0.3131032499950379,6,1,1.631742142907371,1.6304200634232726,0.5000140569293153,True,converged,5.709382057189941,7,1.6304989529357732,0.5000000000000001,0.0,0.4167510960632267,0.0339597244295347,0.1194042739055771,True,59,59
16,40,75,True,converged,0.3131032499950379,6,1,1.6310024191570067,1.6304200634232726,0.5000140569293153,True,converged,5.973886966705322,4,1.6304688969306915,0.5,0.0,0.4020621844592614,0.0171499535975682,0.0671586992524052,True,59,59
16,40,100,True,converged,0.3131032499950379,6,1,1.6307455961669222,1.6304200634232726,0.5000140569293153,True,converged,16.728514671325684,6,1.6303327565119072,0.4999999999999999,0.0,0.450906999771586,0.0129073450651603,0.0497004538680448,True,59,59
16,40,150,True,converged,0.3131032499950379,6,1,1.6305625080531605,1.6304200634232726,0.5000140569293153,True,converged,78.94201993942261,4,1.6303810392862856,0.5000000000000001,0.0,0.4618223199891985,0.0084659489027782,0.0320262596587345,True,59,59
16,40,200,True,converged,0.329390416998649,6,1,1.6304987224983838,1.6304200634232726,0.5000140569293153,True,converged,50.37337875366211,4,1.6303891544000677,0.49999999999999983,0.0,0.4783727964305565,0.004414854465320921,0.018575274766785964,True,59,59
16,42,10,True,converged,0.0845573330007027,3,1,2.0764531459838396,2.035668327065152,0.5581637589471654,True,converged,0.0325188636779785,2,2.054252602820754,0.4999999999999999,0.0,0.0615839176226536,0.0736969667689081,0.2815324742242927,True,61,61
16,42,15,True,converged,0.0761356669827364,3,1,2.0538176118695444,2.035668327065152,0.5007453503943741,True,converged,0.0617070198059082,2,2.0436408071173138,0.5000000000000001,0.0,0.062980584437454,0.0611795983571703,0.2865062723487734,False,61,61
16,42,25,True,converged,0.0845573330007027,3,1,2.042186925095312,2.035668327065152,0.5003691739268493,True,converged,0.315248966217041,3,2.0375378420362535,0.5000000416980948,0.0,0.0461649015414911,0.0629072533260145,0.2893084281998757,True,62,62
16,42,35,True,converged,0.0761356669827364,3,1,2.0389919895904147,2.035668327065152,0.5071712274828716,True,converged,0.961494207382202,4,2.0361252957235663,0.5000000000000001,0.0,0.0639167833491651,0.0619839080762424,0.2871357493525533,True,62,62
16,42,50,True,converged,0.0845573330007027,3,1,2.0372946969645325,2.035668327065152,0.5003691739268493,True,converged,3.0022478103637695,4,2.0356105486824476,0.5000066796530764,0.0,0.2851285179691601,0.0329960111607889,0.1505086418548016,True,62,62
16,42,75,True,converged,0.0845573330007027,3,1,2.036388856926575,2.035668327065152,0.5003691739268493,True,converged,4.460594892501831,4,2.0356172349324715,0.5000002201720407,0.0,0.418324861114989,0.0117209834090165,0.0460482233224702,True,62,62
16,42,100,True,converged,0.0845573330007027,3,1,2.0360715174149986,2.035668327065152,0.5003691739268493,True,converged,6.954967021942139,4,2.0356411141020625,0.5000000000031939,0.0,0.4558434678680239,0.0082078495637505,0.0431496331172227,True,62,62
16,42,150,True,converged,0.0845573330007027,3,1,2.035845502032911,2.035668327065152,0.5003691739268493,True,converged,35.74574899673462,9,2.0357189866755663,0.5000000000000002,0.0,0.4809534447353032,0.0139155087583553,0.0687875378439712,True,62,62
16,42,200,True,converged,0.08356820902554318,3,1,2.0357662283353006,2.035668327065152,0.5000557502476831,True,converged,27.01184105873108,4,2.0356681742598166,0.5000000097477866,0.0,0.48936535837061834,0.007763122535688984,0.0380260812791612,True,62,62
16,43,10,True,converged,0.007021249999525,0,0,1.948666129347044,1.91046081812321,0.7430301043566556,True,converged,0.0028910636901855,0,1.9297545349049732,0.7482382128518866,0.0,0.6756195075142876,0.010448129086711,0.0213610660526483,True,57,57
16,43,15,True,converged,0.0068612500035669,0,0,1.927438829463088,1.91046081812321,0.7469270459537438,True,converged,0.0036778450012207,0,1.9189858154021573,0.7448935285415458,0.0,0.675619507514279,0.0046215550383179,0.0094408283000811,True,57,57
16,43,25,True,converged,0.007021249999525,0,0,1.9165704519225035,1.91046081812321,0.6785660526285122,True,converged,0.0060250759124755,0,1.9135186193468796,0.6783988953538499,0.0,0.6756195075142188,0.0016593179637439,0.0033890152873165,True,57,57
16,43,35,True,converged,0.0068612500035669,0,0,1.9135761030082612,1.91046081812321,0.6770884225419409,True,converged,0.0080807209014892,0,1.9120178204297444,0.6771515610478045,0.0,0.6756195075141777,0.0008459435952246,0.0017277332838382,True,57,57
16,43,50,True,converged,0.007021249999525,0,0,1.9119853551475696,1.91046081812321,0.6785660526285122,True,converged,0.0117552280426025,0,1.9112214781471828,0.6785238591815692,0.0,0.675619507514178,0.0004143419212261,0.0008470829472858,True,57,57
16,43,75,True,converged,0.007021249999525,0,0,1.9111362631522109,1.91046081812321,0.6785660526285122,True,converged,0.0174438953399658,0,1.9107966867446784,0.6785472668324681,0.0,0.6756195075141839,0.0001841112831568,0.0003768757835438,True,57,57
16,43,100,True,converged,0.007021249999525,0,0,1.9108390809538351,1.91046081812321,0.6785660526285122,True,converged,0.0231139659881591,0,1.9106480543613595,0.6785554790957088,0.0,0.675619507514189,0.0001035545645889,0.0002119847874801,True,57,57
16,43,150,True,converged,0.007021249999525,0,0,1.910626807954996,1.91046081812321,0.6784979008669403,True,converged,0.0341849327087402,0,1.910541902529369,0.6785026697738482,0.0,0.6756195075142052,4.6021697790146776e-05,9.420638290004464e-05,True,57,57
16,43,200,True,converged,0.007293875009054318,0,0,1.9105525124054021,1.9104608181232101,0.6763379176157697,True,converged,0.0456540584564209,0,1.910504752174727,0.6763392528528955,0.0,0.6756195075142281,2.588670199974665e-05,5.299222211882701e-05,True,57,57
16,44,10,True,converged,0.1345136250020004,4,1,1.67252012918031,1.6397087594055328,0.53097132773995,True,converged,0.0307698249816894,2,1.6550656440018163,0.4999999999999995,0.0,0.0712322894104954,0.0554307568010037,0.2275332116659024,False,55,55
16,44,15,True,converged,0.1262831249914597,4,1,1.6542876452260096,1.6397087594055328,0.5090945339065801,True,converged,0.0668809413909912,2,1.645941889010034,0.4999999999999995,0.0,0.0712322894105033,0.0515696343290488,0.226667702897665,False,56,56
16,44,25,True,converged,0.1345136250020004,4,1,1.6449574366668631,1.6397087594055328,0.5309713277399498,True,converged,0.2149820327758789,2,1.6415379236675758,0.4999999999999996,0.0,0.1587236824068879,0.0542239092439757,0.2253771134511158,True,56,56
16,44,35,True,converged,0.1262831249914597,4,1,1.642385905116015,1.6397087594055328,0.5111919918757575,True,converged,1.0514590740203855,4,1.6405967437564326,0.5,0.0,0.3180188932042013,0.0430157273437984,0.1784969775142672,True,56,56
16,44,50,True,converged,0.1345136250020004,4,1,1.6410175670039038,1.6397087594055328,0.5039129710713112,True,converged,2.062859058380127,4,1.639920505792129,0.4999999999999993,0.0,0.4148162681097302,0.0161905104040151,0.0563209294143766,True,56,56
16,44,75,True,converged,0.1345136250020004,4,1,1.64028869531583,1.6397087594055328,0.5017164499797271,True,converged,3.393432140350342,3,1.6398157868489316,0.4999999999999996,0.0,0.46414229694684,0.0085193539090733,0.0252455033013822,True,56,56
16,44,100,True,converged,0.1345136250020004,4,1,1.6400337178141935,1.6397087594055328,0.5001774040530017,True,converged,6.6551737785339355,4,1.6397490324702535,0.4999999999999998,0.0,0.4527906138423905,0.0106106078105649,0.0404551077073211,True,56,56
16,44,150,True,converged,0.1345136250020004,4,1,1.6398513897774107,1.6397087594055328,0.4994672608764699,True,converged,14.20048475265503,4,1.6397399809522266,0.4999999999999996,0.0,0.4796596948627636,0.0080973703542504,0.0267246558403418,True,56,56
16,44,200,True,converged,0.12783199999830686,4,1,1.639787488767823,1.6397087594055328,0.5001774040530017,True,converged,20.12459683418274,3,1.63972159686453,0.49999999999999983,0.0,0.4951533376623736,0.002045546950413372,0.006822756857655238,True,56,56
16,45,10,True,converged,5.048509999993257,10,1,1.163080674160936,1.1400350674819415,0.5122778920503254,True,converged,0.0508830547332763,3,1.1446912365252957,0.4999999999999998,0.0,0.0558438357439455,0.1410130002575135,0.4974179785971609,False,55,55
16,45,15,True,converged,4.836796750023495,10,1,1.1502329791945975,1.1400350674819415,0.5000013566591254,True,converged,0.1161692142486572,3,1.137745426484882,0.4999999999999996,0.0,0.0658509053612156,0.129041937425869,0.4637251059949363,True,55,55
16,45,25,True,converged,5.048509999993257,10,1,1.1437141786926155,1.1400350674819415,0.5005960049715852,True,converged,0.9819350242614746,8,1.136885449495313,0.4999999999999996,0.0,0.0440061707892726,0.1228896673510961,0.4746743384364166,False,55,55
16,45,35,True,converged,4.836796750023495,10,1,1.1419092643196276,1.1400350674819415,0.5014033530542591,True,converged,1.401054859161377,5,1.1365648470571037,0.5000000000000008,0.0,0.2246685053079477,0.086687557354673,0.3767683341125344,True,55,55
16,45,50,True,converged,5.048509999993257,10,1,1.1409532697481195,1.1400350674819415,0.5005960049715852,True,converged,6.618721008300781,10,1.1376273937784778,0.4999999999999991,0.0,0.3735525374072486,0.0638899054060573,0.2171156172268751,True,55,55
16,45,75,True,converged,5.048509999993257,10,1,1.140442027122103,1.1400350674819415,0.5000013566591254,True,converged,7.543484926223755,6,1.138866711468551,0.4999999999999992,0.0,0.4474227542408122,0.0287309800518206,0.1360784652286283,True,55,55
16,45,100,True,converged,5.048509999993257,10,1,1.140262505411045,1.1400350674819415,0.5005960049715852,True,converged,15.235802173614502,5,1.139684074414181,0.5000000000000009,0.0,0.4708509150161321,0.0294416385982617,0.1364369596593595,True,55,55
16,45,150,True,converged,5.048509999993257,10,1,1.1401357830325878,1.1400350674819415,0.5000013566591254,True,converged,39.15604305267334,8,1.1399652376765494,0.5000000000307947,0.0,0.4872312477998067,0.0261798328138982,0.1010498552172935,True,55,55
16,45,200,True,converged,5.041164916998241,10,1,1.1400898937225263,1.1400350674819417,0.500059026733626,True,converged,91.73614501953125,9,1.1398393085037501,0.5,0.0,0.4929663414754487,0.00872913120843645,0.03168619726008639,True,55,55
16,47,10,True,converged,0.1828662079933565,5,1,0.7704589987747803,0.7552686274837634,0.5009675065813216,True,converged,0.0300898551940917,2,0.7617821847893047,0.5000000000000002,0.0,0.2363066862247343,0.0526601088417881,0.1953317116090985,True,35,35
16,47,15,True,converged,0.1916792079864535,5,1,0.7619964859700988,0.7552686274837634,0.5009675065813216,True,converged,0.0767018795013427,2,0.7574633919880389,0.5000000000000001,0.0,0.3152015018572959,0.0444012816073463,0.1401997254168325,True,35,35
16,47,25,True,converged,0.1828662079933565,5,1,0.7576949365185468,0.7552686274837634,0.5009675065813216,True,converged,0.3403410911560058,4,0.7561157687683426,0.499999999999998,0.0,0.3603273351350202,0.0210398605873167,0.0900453326250701,True,35,35
16,47,35,True,converged,0.1916792079864535,5,1,0.756510822444855,0.7552686274837634,0.5001057416008367,True,converged,0.908926248550415,4,0.7558383786363498,0.4999999999999992,0.0,0.4848156862046894,0.0080907340505661,0.0355552118098419,True,35,35
16,47,50,True,converged,0.1828662079933565,5,1,0.7558724371209928,0.7552686274837634,0.5009675065813216,True,converged,2.4462289810180664,3,0.7552705261718843,0.4999999999999991,0.0,0.3882489373430249,0.0140463496058774,0.0654543203824886,True,35,35
16,47,75,True,converged,0.1828662079933565,5,1,0.7555369539040537,0.7552686274837634,0.5006363883182745,True,converged,3.3726329803466797,3,0.7553634642941002,0.5000000000000001,0.0,0.4945956563462593,0.0057049919032017,0.0194026009725317,True,35,35
16,47,100,True,converged,0.1828662079933565,5,1,0.7554194815684026,0.7552686274837634,0.5000750082203358,True,converged,5.70354700088501,3,0.7553326084604806,0.4999999999999999,0.0,0.4930650354937791,0.0033462686510393,0.0140473895232731,True,35,35
16,47,150,True,converged,0.1828662079933565,5,1,0.755334431887226,0.7552686274837634,0.5006363883182745,True,converged,24.108699083328247,3,0.7552785377658181,0.5000000000000052,0.0,0.4941737447330896,0.0040510291789011,0.0162113311937846,True,35,35
16,47,200,True,converged,0.17994316600379534,5,1,0.7553050711918821,0.7552686274837634,0.5000750082203358,True,converged,25.070083141326904,4,0.7552750774119779,0.4999999999999998,0.0,0.49345208067627205,0.0030727379249912805,0.01406437969595411,True,35,35
16,48,10,True,converged,0.3931418330175802,4,1,1.843285467979511,1.8072395867644184,0.5000090993811573,True,converged,0.0322551727294921,2,1.8229411471800008,0.5000536884798605,0.0,0.1108598755619923,0.0727771069025892,0.2992110225992835,True,63,63
16,48,15,True,converged,0.3880363329953979,4,1,1.8232589629705207,1.8072395867644184,0.5000090993811575,True,converged,0.0679187774658203,2,1.8129757661625088,0.4999999999999981,0.0,0.1086231238313372,0.0694192363732766,0.3186436664486197,False,64,64
16,48,25,True,converged,0.3931418330175802,4,1,1.812814611256044,1.8072395867644184,0.5000090993811575,True,converged,0.4177658557891845,4,1.808197486063136,0.4999999999999998,0.0,0.170579327195333,0.0571896951645703,0.1820374687834651,True,64,64
16,48,35,True,converged,0.3880363329953979,4,1,1.809961141672835,1.8072395867644184,0.5000090993811573,True,converged,1.0804479122161863,4,1.8075394483553535,0.5000000000000002,0.0,0.3837736950838494,0.0349479326262471,0.1388481423083135,True,64,64
16,48,50,True,converged,0.3931418330175802,4,1,1.808496108405178,1.8072395867644184,0.5000090993811575,True,converged,2.70326828956604,4,1.8068184852238736,0.5000001396303773,0.0,0.41126246286842,0.0318026831593955,0.1021239251005045,True,64,64
16,48,75,True,converged,0.3931418330175802,4,1,1.8078403051025445,1.8072395867644184,0.5000090993811575,True,converged,6.607231140136719,5,1.8066158274245292,0.5000000007729971,0.0,0.4644989429021352,0.0225679762119832,0.0980849876655561,True,64,64
16,48,100,True,converged,0.3931418330175802,4,1,1.807520574715644,1.8072395867644184,0.5000090993811575,True,converged,8.682719945907593,3,1.8064578827810185,0.5000000002542291,0.0,0.4792894609879584,0.0175941366202196,0.0992783610701987,True,64,64
16,48,150,True,converged,0.3931418330175802,4,1,1.8073672566491557,1.8072395867644184,0.5000090993811575,True,converged,23.80636405944824,4,1.806431118329344,0.5000000000011827,0.0,0.4914204748095285,0.0178432788956171,0.1037162220551219,True,64,64
16,48,200,True,converged,0.3891159589984454,4,1,1.807266505376907,1.8072395867644182,0.5000090993811575,True,converged,20.881644010543823,3,1.806411285567519,0.5000007134840396,0.0,0.49502308253823435,0.018505940248291095,0.10031553817862238,True,64,64
16,49,10,True,converged,0.1734889580111485,5,1,1.7659115500093794,1.7311022779419574,0.5041357512200917,True,converged,0.0327141284942626,2,1.7475689244573944,0.4999999999999984,0.0,0.2453399799213361,0.0494583728442811,0.1439610309097153,True,53,53
16,49,15,True,converged,0.1684780830109957,5,1,1.7465619762761848,1.7311022779419574,0.50413575122009,True,converged,0.1125257015228271,3,1.738010994258456,0.4999999999999966,0.0,0.2497767072179093,0.0405801021225225,0.1437395211138774,True,54,54
16,49,25,True,converged,0.1734889580111485,5,1,1.7366574259465073,1.7311022779419574,0.50413575122009,True,converged,0.3403990268707275,3,1.732951032915258,0.4999999999999975,0.0,0.2520781422649735,0.04205092965285,0.142599759331694,True,54,54
16,49,35,True,converged,0.1684780830109957,5,1,1.7339350838061474,1.7311022779419574,0.5041357512200917,True,converged,0.7969369888305664,3,1.7318507848448703,0.4999999999999992,0.0,0.2684587486405038,0.036529497251593,0.1404678206303758,True,54,54
16,49,50,True,converged,0.1734889580111485,5,1,1.732491319248068,1.7311022779419574,0.5000008475101481,True,converged,1.64648699760437,3,1.7313020280209108,0.4999999999999993,0.0,0.3033447695007616,0.0285538472724154,0.1115901140327522,True,54,54
16,49,75,True,converged,0.1734889580111485,5,1,1.7317152940290548,1.7311022779419574,0.5038860164584179,True,converged,3.6974189281463623,3,1.7311176116225295,0.5,0.0,0.4239597654618049,0.0143427260306814,0.0538873974534818,True,54,54
16,49,100,True,converged,0.1734889580111485,5,1,1.7314465245909014,1.7311022779419574,0.5000008475101481,True,converged,9.713481903076172,4,1.7311152300774342,0.5000000000000888,0.0,0.458845499959527,0.0134833721735697,0.0614183166119178,True,54,54
16,49,150,True,converged,0.1734889580111485,5,1,1.7312533518643702,1.7311022779419574,0.5000008475101481,True,converged,13.215222120285034,3,1.7311271382369098,0.499999999999999,0.0,0.4891612935129093,0.0057479734459908,0.0180859340932891,True,54,54
16,49,200,True,converged,0.17076412501046434,5,1,1.7311857888092566,1.7311022779419574,0.5000008475101481,True,converged,24.623545169830322,3,1.7311062884778141,0.4999999999999996,0.0,0.4900364834242528,0.0030057308076189677,0.009324502110737886,True,54,54
