t,x,y,gap,dual
0.0,1.4999990842631514,2.36909748443235e-06,0.4999990842650224,0.0
0.00025,1.4999970728327496,6.203202748927258e-06,0.49999707284557626,0.0
0.0005,1.499993966197927,1.1501135503522164e-05,0.4999939662420192,0.0
0.00075,1.4999897649766805,1.8260976723638578e-05,0.49998976508783577,0.0
0.001,1.4999844697763258,2.648152993600661e-05,0.4999844700100855,0.0
0.00125,1.499978081167038,3.6160864439693796e-05,0.4999780816029138,0.0
0.0015,1.4999705995323716,4.729791352531265e-05,0.4999706002780837,0.0
0.00175,1.4999620254891806,5.9891762610675414e-05,0.4999620266848852,0.0
0.002,1.4999523596175877,7.394021468343226e-05,0.4999523614400305,0.0
0.00225,1.4999416024808863,8.944211247552403e-05,0.49994160514762065,0.0
0.0025,1.4999297545600339,0.0001063958337965687,0.49992975833356823,0.0
0.00275,1.4999168165347392,0.00012480011295679105,0.4999168217267165,0.0
0.003,1.499902788799158,0.0001446531351092517,0.4999027957744533,0.0
0.00325,1.4998876719746068,0.00016595400761332257,0.4998876811555386,0.0
0.0035,1.499871466685283,0.0001887006282998982,0.4998714785556093,0.0
0.00375,1.4998541734150255,0.0002128923005386696,0.4998541885242047,0.0
0.004,1.4998357927323358,0.00023852683773384342,0.4998358116994295,0.0
0.00425,1.4998163250850673,0.000265603351707,0.49981634860299384,0.0
0.0045,1.4997957710448837,0.0002941205135442715,0.49979579988443534,0.0
0.00475,1.4997741312954904,0.00032407611841733797,0.4997741663092059,0.0
0.005,1.4997514062581967,0.0003554692022760264,0.4997514483846288,0.0
0.00525,1.4997275966952799,0.0003882982785086142,0.4997276469629255,0.0
0.0055,1.4997027028294827,0.00042256170688403927,0.49970276236074596,0.0
0.00575,1.499676725448932,0.000458258377179277,0.4996767954642667,0.0
0.006,1.4996496650028774,0.0004953866962225106,0.4996497468246448,0.0
0.00625,1.4996215221519194,0.0005339446592884656,0.49962161720820064,0.0
0.0065,1.4995922972567879,0.0005739318583692921,0.4995924070858948,0.0
0.00675,1.4995619910309905,0.0006153462937632526,0.49956211728487254,0.0
0.007,1.4995306040730156,0.0006581861284900015,0.49953074852120416,0.0
0.00725,1.4994981367084907,0.0007024504353196903,0.49949830124240213,0.0
0.0075,1.4994645897612955,0.0007481372655107066,0.49946477639769116,0.0
0.00775,1.4994299634959685,0.0007952462197877708,0.4994301743816121,0.0
0.008,1.4993942587436884,0.0008437744653235768,0.4993944961579935,0.0
0.00825,1.4993574758288268,0.0008937212478343781,0.49935774218878803,0.0
0.0085,1.4993196153673072,0.0009450855353918541,0.49931991323127534,0.0
0.00875,1.499280677974772,0.0009978649833328745,0.4992810100454874,0.0
0.009,1.4992406642127492,0.0010520583261452998,0.49924103334180625,0.0
0.00925,1.4991995745287667,0.0011076648065753147,0.4991999837208374,0.0
0.0095,1.4991574094843525,0.0011646826969951007,0.4991578619003467,0.0
0.00975,1.4991141696974282,0.0012231101622859342,0.4991146686581647,0.0
0.01,1.4990698556918147,0.001282945947352232,0.4990704046822425,0.0
0.01025,1.499024468036339,0.0013441887673550923,0.49902507070931645,0.0
0.0105,1.4989780071748573,0.0014068370661206586,0.4989786673546883,0.0
0.01075,1.4989304738415665,0.0014708889709709183,0.4989311955274225,0.0
0.011,1.4988818684929228,0.00153634342951392,0.4988826558633497,0.0
0.01125,1.4988321916380567,0.0016031990817779729,0.49883304905444215,0.0
0.0115,1.4987814438706213,0.0016714544327740555,0.49878237588077656,0.0
0.01175,1.4987296257494922,0.0017411077805391528,0.4987306370911071,0.0
0.012,1.498676737777572,0.0018121577950367396,0.4986778333823114,0.0
0.01225,1.4986227805908197,0.0018846032819865854,0.4986239655881961,0.0
0.0125,1.4985677546548963,0.0019584423160807773,0.4985690343750344,0.0
0.01275,1.4985116605170568,0.002033674054885637,0.498513040495727,0.0
0.013,1.4984544987643975,0.002110296728929484,0.4984559847454799,0.0
0.01325,1.4983962700291134,0.002188308369376557,0.4983978679678769,0.0
0.0135,1.498336974680674,0.0022677085892439663,0.4983386907496852,0.0
0.01375,1.4982766134595522,0.002348494715619154,0.4982784540489307,0.0
0.014,1.4982151867784097,0.002430666419158456,0.49821715850296755,0.0
0.01425,1.4981526952896171,0.0025142214085676073,0.4981548049894029,0.0
0.0145,1.4980891394622304,0.0025991586941316314,0.49809139420817816,0.0
0.01475,1.498024519917145,0.002685476407442877,0.4980269270131721,0.0
0.015,1.4979588371044485,0.002773173597837797,0.4979614040926139,0.0
0.01525,1.4978920917356024,0.0028622483385163378,0.49789482639790483,0.0
0.0155,1.4978242841032738,0.0029527000641422774,0.4978271944677575,0.0
0.01575,1.4977554149954493,0.0030445260337472746,0.49775850933552057,0.0
0.016,1.4976854848594723,0.0031377259557388015,0.49768877170222714,0.0
0.01625,1.4976144943096852,0.0032322977117686946,0.4976179824357585,0.0
0.0165,1.497542443759352,0.0033282402991048343,0.4975461422087204,0.0
0.01675,1.4974693339508995,0.0034255513364414014,0.4974732520233238,0.0
0.017,1.497395165381091,0.0035242302251532465,0.49739931264353965,0.0
0.01725,1.4973199385268394,0.00362427519037567,0.49732432481432487,0.0
0.0175,1.4972436539532037,0.003725685120024025,0.49724828937379484,0.0
0.01775,1.497166312196235,0.0038284582024132874,0.4971712071327987,0.0
0.018,1.4970879138671584,0.0039325932194600455,0.49709307898224897,0.0
0.01825,1.4970084594784066,0.004038088671343587,0.49701390571698756,0.0
0.0185,1.4969279495717007,0.004144942885105252,0.4969336881640607,0.0
0.01875,1.4968463847020121,0.004253154655870617,0.4968524271684269,0.0
0.019,1.4967637654691774,0.004362722542580855,0.49677012362268047,0.0
0.01925,1.4966800923751205,0.004473644918583375,0.4966867783243283,0.0
0.0195,1.496595366022932,0.004585920231058083,0.4966023921755838,0.0
0.01975,1.4965095869708858,0.004699546799983523,0.4965169660367692,0.0
0.02,1.4964227556367078,0.004814524019288058,0.49643050063438987,0.0
0.02025,1.496334872649804,0.0049308502963612,0.4963429969069759,0.0
0.0205,1.4962459385752815,0.005048523385831061,0.4962544557298407,0.0
0.02075,1.496155953986987,0.005167542457364505,0.49616487799498876,0.0
0.021,1.4960649194064182,0.005287905920198455,0.4960742645428913,0.0
0.02125,1.495972835342938,0.005409612336435998,0.49598261620568973,0.0
0.0215,1.4958797024790922,0.005532659918756622,0.4958899339907046,0.0
0.02175,1.495785521266221,0.005657047541497207,0.49579621867971957,0.0
0.022,1.4956902922269855,0.0057827738699813835,0.49570147112840557,0.0
0.02225,1.4955940159743317,0.005909837290943187,0.49560569228491325,0.0
0.0225,1.495496692917527,0.006038236610663716,0.49550888289860273,0.0
0.02275,1.4953983238415365,0.00616796995441149,0.4954110440950461,0.0
0.023,1.4952989091281967,0.006299035965184885,0.4953121766019515,0.0
0.02325,1.4951984493438708,0.006431433539276554,0.495212281335893,0.0
0.0235,1.4950969450804905,0.006565161058588842,0.4951113592400871,0.0
0.02375,1.4949943969265487,0.0067002166681007225,0.495009411256389,0.0
0.024,1.4948908053633723,0.0068365991192322895,0.49490643822530545,0.0
0.02425,1.4947861710029802,0.006974307176051298,0.4948024411213465,0.0
0.0245,1.4946804943553857,0.007113339222691195,0.49469742081846024,0.0
0.02475,1.494573775949478,0.007253693838734421,0.49459137821351895,0.0
0.025,1.4944660163588264,0.007395369796064699,0.49448431425219064,0.0
0.02525,1.4943572161327765,0.00753836516675932,0.4943762298556176,0.0
0.0255,1.4942473758057506,0.0076826790356747665,0.4942671259381761,0.0
0.02575,1.4941364959854422,0.007828309500006014,0.49415700348567215,0.0
0.026,1.4940245771995322,0.00797525520032849,0.49404586340973866,0.0
0.02625,1.4939116199478057,0.008123514673833654,0.4939337065966929,0.0
0.0265,1.4937976248904459,0.00827308645249758,0.4938205340963109,0.0
0.02675,1.4936825923653547,0.00842396980993243,0.49370634664335733,0.0
0.027,1.493566523126395,0.008576162374879459,0.49359114538247995,0.0
0.02725,1.4934494176720037,0.008729662736037369,0.4934749312112112,0.0
0.0275,1.493331276550041,0.008884469833020603,0.4933577050816691,0.0
0.02775,1.4932121003329577,0.009040582093668093,0.49323946797067864,0.0
0.028,1.4930918894510352,0.009197998053679157,0.49312022071655637,0.0
0.02825,1.4929706445389321,0.009356716438809087,0.4929999643662122,0.0
0.0285,1.492848366180631,0.009516735439042634,0.4928786999155679,0.0
0.02875,1.492725054962996,0.009678053472732984,0.4927564283677699,0.0
0.029,1.4926007113930666,0.009840669484148634,0.49263315065255897,0.0
0.02925,1.492475335977927,0.010004581888850339,0.4925088676993503,0.0
0.0295,1.492348929217643,0.01016978955244241,0.49238358043653996,0.0
0.02975,1.4922214917900174,0.010336290286467431,0.49225728996608065,0.0
0.03,1.49209302421227,0.010504083402850029,0.4921299972425499,0.0
0.03025,1.4919635269903697,0.01067316709510635,0.49200170320458536,0.0
0.0305,1.4918330006733846,0.01084353983831221,0.49187240883876515,0.0
0.03075,1.4917014458033613,0.011015200557395133,0.49174211513088206,0.0
0.031,1.4915688630093324,0.01118814715464822,0.4916108231491574,0.0
0.03125,1.491435252783134,0.011362378920793503,0.491478533837826,0.0
0.0315,1.4913006157575186,0.011537893559882662,0.4913452482730325,0.0
0.03175,1.4911649523645334,0.011714690279333695,0.4912109673445477,0.0
0.032,1.4910282631943446,0.011892767522411418,0.4910756920973818,0.0
0.03225,1.4908905488257265,0.012072123747643104,0.4909394235681255,0.0
0.0325,1.4907518097971941,0.012252757572362327,0.4908021627572643,0.0
0.03275,1.4906120466595336,0.012434667088179197,0.4906639106760844,0.0
0.033,1.4904712599190866,0.012617851660948531,0.49052466830486474,0.0
0.03325,1.4903294501972617,0.012802309260841582,0.49038443673022925,0.0
0.0335,1.4901866179654384,0.012988038638347632,0.49024321689814876,0.0
0.03375,1.4900427638801723,0.013175037717523708,0.4901010099354073,0.0
0.034,1.4898978883788114,0.013363306382693452,0.4899578167696961,0.0
0.03425,1.4897519921300457,0.013552842074211924,0.48981363854132054,0.0
0.0345,1.4896050755723387,0.01374364385685567,0.4896684761776149,0.0
0.03475,1.4894571393266336,0.013935709843245547,0.48952233078256135,0.0
0.035,1.4893081839007127,0.014129038829246099,0.4893752033560508,0.0
0.03525,1.4891582098975746,0.014323629335308397,0.4892270949934683,0.0
0.0355,1.489007217783623,0.014519480092019421,0.4890780066584386,0.0
0.03575,1.4888552082201567,0.014716589573154693,0.4889279395098176,0.0
0.036,1.4887021816749755,0.01491495588054903,0.488776894511985,0.0
0.03625,1.488548138692357,0.015114578245231769,0.48862487271979016,0.0
0.0365,1.4883930799547542,0.015315454422953678,0.488471875314203,0.0
0.03675,1.4882370058811496,0.015517583398896306,0.48831790322787905,0.0
0.037,1.4880799170071288,0.01572096421923419,0.4881629575137012,0.0
0.03725,1.4879218140133759,0.015925594684915723,0.48800703935933143,0.0
0.0375,1.4877626972887938,0.016131473594775514,0.4878501496738059,0.0
0.03775,1.4876025674697626,0.016338599587911062,0.487692289614732,0.0
0.038,1.4874414250231514,0.016546971539781907,0.4875334601756163,0.0
0.03825,1.487279270628111,0.016756587279040502,0.48737366255333625,0.0
0.0385,1.487116104839938,0.01696744559076535,0.48721289783412813,0.0
0.03875,1.4869519281168095,0.01717954491041951,0.4870511670059059,0.0
0.039,1.4867867410033284,0.01739288417501683,0.4868884711514929,0.0
0.03925,1.486620544137315,0.017607461904816546,0.4867248114448941,0.0
0.0395,1.4864533380434288,0.01782327624945168,0.4865601889451756,0.0
0.03975,1.4862851232063914,0.01804032605481609,0.48639460468235085,0.0
0.04,1.4861159002047923,0.01825860989639949,0.486228059779807,0.0
0.04025,1.4859456696506026,0.01847812589650033,0.4860605553913424,0.0
0.0405,1.485774432120273,0.0186988730099813,0.4858920926481045,0.0
0.04075,1.4856021880066113,0.018920849629530778,0.4857226724933337,0.0
0.041,1.4854289379896066,0.019144054445575875,0.48555229616380235,0.0
0.04125,1.485254682514416,0.019368485973913607,0.48538096466190117,0.0
0.0415,1.4850794222758115,0.01959414247686908,0.4852086792388677,0.0
0.04175,1.4849031576692528,0.019821023137865268,0.48503544086137884,0.0
0.042,1.4847258892864392,0.020049125982865235,0.48486125067970054,0.0
0.04225,1.4845476178013612,0.020278449488422723,0.48468610993480743,0.0
0.0425,1.4843683436320259,0.02050899257203298,0.4845100196203471,0.0
0.04275,1.484188067432525,0.020740753456969685,0.48433298095914323,0.0
0.043,1.4840067895785118,0.02097373095508459,0.4841549949062929,0.0
0.04325,1.4838245108629486,0.02120792329969845,0.4839760628286276,0.0
0.0435,1.4836412316878036,0.021443329280913304,0.4837961857124289,0.0
0.04375,1.4834569525273853,0.021679947681384704,0.4836153646189112,0.0
0.044,1.4832716740561942,0.021917776625272722,0.4834336008024289,0.0
0.04425,1.4830853967979145,0.022156814802620772,0.48325089537725385,0.0
0.0445,1.4828981213531254,0.022397060482269637,0.4830672495308077,0.0
0.04475,1.4827098482320729,0.022638512685659862,0.48288266437402094,0.0
0.045,1.4825205779198996,0.022881169768659504,0.48269714098528405,0.0
0.04525,1.482330311058515,0.02312503015055256,0.48251068060311053,0.0
0.0455,1.4821390481803434,0.02337009238674881,0.48232328436110694,0.0
0.04575,1.4819467898450984,0.023616354860450883,0.4821349534199262,0.0
0.046,1.4817535366132368,0.02386381664815218,0.4819456889545082,0.0
0.04625,1.4815592889923561,0.024112475696590252,0.4817554920713991,0.0
0.0465,1.481364047392466,0.024362331629184553,0.4815643638092133,0.0
0.04675,1.4811678126702699,0.024613381703666448,0.48137230561709976,0.0
0.047,1.4809705851399588,0.024865625226198063,0.481179318437738,0.0
0.04725,1.4807723653686384,0.025119060523820735,0.48098540345306295,0.0
0.0475,1.4805731540624247,0.02537368615640645,0.48079056199029035,0.0
0.04775,1.4803729516741946,0.02562950036247713,0.4805947951203251,0.0
0.048,1.4801717587202372,0.02588650238347867,0.4803981039972356,0.0
0.04825,1.47996957581522,0.02614469028033284,0.4802004898555252,0.0
0.0485,1.4797664034608822,0.026404062606218304,0.4800019538276521,0.0
0.04875,1.4795622422608243,0.026664617993908735,0.4798024971517785,0.0
0.049,1.4793570927614184,0.026926354865288715,0.4796021210074848,0.0
0.04925,1.4791509554558484,0.02718927196731613,0.47940082652946403,0.0
0.0495,1.4789438309034555,0.027453368015891044,0.47919861492052673,0.0
0.04975,1.4787357196714854,0.027718641129396815,0.47899548738270536,0.0
0.05,1.4785266223404339,0.027985089932613505,0.47879144514294114,0.0
0.05025,1.4783165394568574,0.02825271311893829,0.4785864893979923,0.0
0.0505,1.4781054714751658,0.028521509296780323,0.47838062125333214,0.0
0.05075,1.4778934191369952,0.028791476625627865,0.47817384209528035,0.0
0.051,1.4776803828140466,0.029062614233112072,0.4779661529614032,0.0
0.05125,1.4774663631271707,0.02933492019670325,0.4777575551203166,0.0
0.0515,1.4772513606695554,0.0296083930059865,0.47754804982323673,0.0
0.05175,1.477035375917275,0.029883031805510996,0.47733763821984,0.0
0.052,1.4768184094552428,0.030158834449593996,0.4771263215450705,0.0
0.05225,1.4766004618375472,0.03043579994925949,0.4769141010286986,0.0
0.0525,1.4763815334794508,0.030713927204892855,0.47670097776207965,0.0
0.05275,1.4761616251649912,0.030993213813054865,0.47648695318049095,0.0
0.053,1.4759407373065496,0.03127365867263876,0.4762720283768078,0.0
0.05325,1.4757188704774151,0.03155526064236369,0.4760562046064998,0.0
0.0535,1.475496025242137,0.0318380180669422,0.4758394831077586,0.0
0.05375,1.475272202140065,0.03212192917727208,0.4756218650932449,0.0
0.054,1.4750474017639696,0.03240699306360284,0.4754033518499483,0.0
0.05425,1.4748216246137282,0.0326932079330291,0.4751839445551287,0.0
0.0545,1.4745948712959667,0.03298057236123242,0.4749636445030241,0.0
0.05475,1.4743671422087452,0.03326908526588568,0.47474245278937155,0.0
0.055,1.4741384381437257,0.033558744448676237,0.47452037088057697,0.0
0.05525,1.4739087594110547,0.03384954919716421,0.4742973997974378,0.0
0.0555,1.4736781067086184,0.034141497685716615,0.4740735409254593,0.0
0.05575,1.4734464806141236,0.03443458832840207,0.4738487955375523,0.0
0.056,1.473213881550505,0.034728819761348007,0.47362316475926836,0.0
0.05625,1.472980310153119,0.03502419095931941,0.4733966499388864,0.0
0.0565,1.4727457669729844,0.03532069987481634,0.47316925231844653,0.0
0.05675,1.4725102525130964,0.03561834566429667,0.4729409731228351,0.0
0.057,1.4722737673035518,0.03591712657130586,0.47271181358449477,0.0
0.05725,1.472036311964784,0.036217040915630605,0.472481775030023,0.0
0.0575,1.4717978869778428,0.03651808781374655,0.4722508586684593,0.0
0.05775,1.4715584929360084,0.03682026534238503,0.4720190657977159,0.0
0.058,1.4713181303839313,0.037123572278069616,0.4717863976865502,0.0
0.05825,1.4710767998942504,0.037428006926269575,0.47155285562210825,0.0
0.0585,1.4708345020003648,0.03773356811520756,0.47131844086770225,0.0
0.05875,1.4705912371992707,0.03804025417211676,0.4710831546397236,0.0
0.059,1.470347006258594,0.03834806313987826,0.4708469984196826,0.0
0.05925,1.4701018094297602,0.038656994897245056,0.47060997322306397,0.0
0.0595,1.469855647447572,0.038967046726313015,0.4703720804830631,0.0
0.05975,1.4696085208500307,0.039278217788371705,0.47013332148742415,0.0
0.06,1.4693604301484537,0.039590506419386884,0.46989369747767573,0.0
0.06025,1.4691113758933945,0.03990391102525592,0.46965320973843827,0.0
0.0605,1.4688613586263894,0.04021843065884667,0.4694118595650516,0.0
0.06075,1.4686103790048772,0.040534063405075926,0.4691696483445933,0.0
0.061,1.468358437358205,0.04085080814479625,0.4689265771600406,0.0
0.06125,1.4681055344413068,0.041168663389711924,0.46868264751187505,0.0
0.0615,1.4678516706613554,0.041487627486397116,0.4684378605503816,0.0
0.06175,1.4675968467659377,0.041807698703308915,0.46819221776584485,0.0
0.062,1.4673410630249855,0.04212887656419184,0.46794572020897807,0.0
0.06225,1.4670843201766477,0.0424511588625478,0.46769836935146514,0.0
0.0625,1.4668266188145296,0.042774544149324356,0.4674501665440116,0.0
0.06275,1.4665679592934104,0.043099031077936445,0.46720111290371347,0.0
0.063,1.4663083423326562,0.04342461848702328,0.4669512099197728,0.0
0.06325,1.4660477684221043,0.04375130454889842,0.4667004588344419,0.0
0.0635,1.465786238106915,0.04407908801777438,0.4664488609645072,0.0
0.06375,1.4655237520195161,0.044407966772141094,0.4661964176897295,0.0
0.064,1.465260310633008,0.044737940366978535,0.46594313028323797,0.0
0.06425,1.4649959144914355,0.0450690069106372,0.4656890000475915,0.0
0.0645,1.4647305641795718,0.04540116466711197,0.46543402833254044,0.0
0.06475,1.4644642602809341,0.04573441235286424,0.4651782165024996,0.0
0.065,1.4641970032434717,0.04606874893670465,0.46492156579652977,0.0
0.06525,1.4639287937131389,0.046404172455012827,0.46466407762450457,0.0
0.0655,1.463659632130538,0.04674068204081294,0.46440575322761624,0.0
0.06575,1.4633895190942496,0.04707827573921719,0.4641465939725695,0.0
0.066,1.4631184551731007,0.04741695225906284,0.4638866012193905,0.0
0.06625,1.4628464409674855,0.04775670995156389,0.46362577635016966,0.0
0.0665,1.4625734769608698,0.04809754748018236,0.4633641206422332,0.0
0.06675,1.4622995638087417,0.04843946327535775,0.4631016355392543,0.0
0.067,1.4620247018796402,0.04878245607753229,0.46283832221035515,0.0
0.06725,1.4617488918902826,0.04912652445309362,0.4625741821689966,0.0
0.0675,1.4614721342232482,0.04947166717986562,0.4623092166038656,0.0
0.06775,1.4611944295821893,0.049817882325093876,0.4620434270025553,0.0
0.068,1.460915778504365,0.050165168339120214,0.46177681470103593,0.0
0.06825,1.460636181412152,0.05051352446059809,0.46150938094960736,0.0
0.0685,1.4603556389742405,0.05086294873277808,0.4612411272057926,0.0
0.06875,1.4600741516962739,0.05121343973915771,0.460972054784591,0.0
0.069,1.4597917202005917,0.05156499594792763,0.4607021651155694,0.0
0.06925,1.4595083449681034,0.05191761591040489,0.4604314594918013,0.0
0.0695,1.4592240265265826,0.052271298559141144,0.4601599392688156,0.0
0.06975,1.4589387654971127,0.052626042069242374,0.45988760587043576,0.0
0.07,1.4586525623895223,0.05298184528976435,0.4596144606353514,0.0
0.07025,1.4583654176457141,0.053338706650585266,0.4593405048213097,0.0
0.0705,1.4580773319705962,0.053696624674387294,0.45906573995413735,0.0
0.07075,1.4577883058812962,0.054055597775061415,0.4587901673698924,0.0
0.071,1.4574983399732329,0.05441562424989144,0.45851378848032653,0.0
0.07125,1.457207434763859,0.05477670340094676,0.45823660465870275,0.0
0.0715,1.4569155907201843,0.05513883310039347,0.45795861717650177,0.0
0.07175,1.4566228085022512,0.055502011967988096,0.45767982752780134,0.0
0.072,1.4563290885939466,0.055866239068876666,0.45740023704971877,0.0
0.07225,1.4560344314960307,0.056231512779568504,0.4571198470721096,0.0
0.0725,1.455738837989335,0.056597831059818304,0.4568386591902396,0.0
0.07275,1.4554423083281662,0.05696519319737803,0.4565566745264791,0.0
0.073,1.4551448433076732,0.057333597046003604,0.4562738946898508,0.0
0.07325,1.454846443295187,0.05770304153229233,0.4559903209055798,0.0
0.0735,1.4545471090050537,0.05807352520142928,0.45570595473271336,0.0
0.07375,1.454246840782334,0.05844504716114329,0.45542079738578245,0.0
0.074,1.4539456393894454,0.05881760491520538,0.45513485043398805,0.0
0.07425,1.4536435052792172,0.05919119727695943,0.4548481151912489,0.0
0.0745,1.4533404389829574,0.0595658232944416,0.45456059306167096,0.0
0.07475,1.4530364410324843,0.05994148125284937,0.4542722854208334,0.0
0.075,1.4527315120742657,0.06031816973568027,0.4539831937728318,0.0
0.07525,1.4524256525620132,0.06069588689367578,0.4536933194130046,0.0
0.0755,1.452118863135686,0.0610746318472124,0.453402663864956,0.0
0.07575,1.4518111442399313,0.06145440285787629,0.45311122842330165,0.0
0.076,1.4515024965075938,0.061835198659416335,0.4528190145923294,0.0
0.07625,1.4511929205039653,0.06221701755023901,0.45252602379223306,0.0
0.0765,1.450882416663653,0.06259985821202463,0.4522322573307369,0.0
0.07675,1.4505709856752897,0.06298371905996447,0.4519377167597809,0.0
0.077,1.4502586279831977,0.06336859875546708,0.4516424033996591,0.0
0.07725,1.4499453442516046,0.0637544957092615,0.4513463187813054,0.0
0.0775,1.4496311349649993,0.06414140867462947,0.4510494642729026,0.0
0.07775,1.4493160006170793,0.06452933610265177,0.45075184124044276,0.0
0.078,1.4489999418420823,0.06491827668895667,0.4504534512029752,0.0
0.07825,1.448682959149652,0.06530822884241161,0.4501542955441413,0.0
0.0785,1.4483650531475742,0.06569919086049225,0.44985437574223264,0.0
0.07875,1.448046224306113,0.06609116163483719,0.4495536931667732,0.0
0.079,1.4477264731919561,0.06648413982499335,0.4492522492751525,0.0
0.07925,1.4474058003791352,0.0668781234742255,0.44895004550557194,0.0
0.0795,1.4470842064877587,0.06727311146449466,0.44864708338242987,0.0
0.07975,1.4467616919653548,0.06766910219351274,0.4483433642372696,0.0
0.08,1.4464382573982775,0.06806609450084977,0.44803888956269544,0.0
0.08025,1.4461139032591142,0.06846408677323979,0.4477336607183673,0.0
0.0805,1.445788630258864,0.0688630774026322,0.4474276793039309,0.0
0.08075,1.4454624388251567,0.06926306514341718,0.44712094665491975,0.0
0.081,1.4451353295504372,0.06966404833082152,0.4468134642533188,0.0
0.08125,1.444807302963362,0.07006602583361143,0.4465052335447599,0.0
0.0815,1.4444783596524235,0.07046899587003708,0.44619625600507185,0.0
0.08175,1.4441485001669676,0.07087295695013296,0.4458865330866586,0.0
0.082,1.4438177249927868,0.07127790796181444,0.44557606619878687,0.0
0.08225,1.443486034746222,0.07168384746477585,0.44526485686697725,0.0
0.0825,1.4431534299534654,0.07209077351621573,0.44495290650339814,0.0
0.08275,1.4428199111394093,0.07249868538361426,0.4446402165808223,0.0
0.083,1.4424854788776678,0.07290758082904603,0.4443267885472728,0.0
0.08325,1.4421501337839313,0.07331745877910834,0.444012623952726,0.0
0.0835,1.441813876349153,0.07372831780818245,0.4436977242067659,0.0
0.08375,1.4414767070633072,0.07414015659851003,0.44338209072529633,0.0
0.084,1.4411386266042445,0.07455297329543953,0.4430657250859915,0.0
0.08425,1.4407996354699844,0.07496676669483548,0.4427486287219675,0.0
0.0845,1.4404597341268381,0.07538153536624748,0.44243080302485716,0.0
0.08475,1.440118923210255,0.07579727783569723,0.44211224955464745,0.0
0.085,1.4397772033024037,0.0762139926509704,0.4417929698209426,0.0
0.08525,1.4394345749033022,0.07663167813111471,0.44147296524084734,0.0
0.0855,1.4390910385258486,0.07705033318041643,0.44115223727704045,0.0
0.08575,1.4387465948245524,0.07746995589698713,0.4408307874923849,0.0
0.086,1.4384012442901337,0.07789054542203644,0.4405086173437309,0.0
0.08625,1.4380549874729613,0.0783120996956086,0.4401857282845827,0.0
0.0865,1.4377078248598512,0.07873461809378313,0.43986212178444983,0.0
0.08675,1.4373597570487782,0.07915809830871723,0.4395377993339302,0.0
0.087,1.4370107846767723,0.07958253924989833,0.4392127625305491,0.0
0.08725,1.436660908193641,0.08000793923804395,0.43888701275426634,0.0
0.0875,1.4363101281506836,0.0804342976341772,0.4385605515459321,0.0
0.08775,1.4359584451627523,0.08086161191342,0.4382333804064853,0.0
0.088,1.435605859690023,0.081289881260318,0.4379055007793964,0.0
0.08825,1.435252372471295,0.08171910352657363,0.4375769143129933,0.0
0.0885,1.434897983830382,0.08214927799900806,0.4372476223240911,0.0
0.08875,1.4345426944434614,0.08258040324251681,0.43691762644237997,0.0
0.089,1.4341865048250568,0.08301247720736882,0.4365869281023047,0.0
0.08925,1.4338294154526832,0.0834454991638367,0.43625552877894447,0.0
0.0895,1.433471426996892,0.08387946713899197,0.43592343007001144,0.0
0.08975,1.433112539999497,0.08431437991141166,0.43559063348980365,0.0
0.09,1.4327527549325758,0.08475023583137897,0.43525714045963215,0.0
0.09025,1.4323920724446868,0.08518703358782886,0.4349229525984588,0.0
0.0905,1.4320304929571392,0.08562477159242121,0.4345880712836425,0.0
0.09075,1.4316680171825098,0.08606344850210235,0.43425249819945333,0.0
0.091,1.4313046455608909,0.08650306287860587,0.43391623475416696,0.0
0.09125,1.4309403787078327,0.08694361326692501,0.4335792825318119,0.0
0.0915,1.430575217059845,0.08738509802162753,0.43324164292769285,0.0
0.09175,1.4302091612474488,0.08782751596331195,0.4329033175606849,0.0
0.092,1.4298422118183165,0.08827086581177923,0.4325643079627024,0.0
0.09225,1.4294743692901335,0.08871514556845028,0.4322246155930487,0.0
0.0925,1.4291056343222923,0.08916035422780055,0.43188424211517473,0.0
0.09275,1.4287360073221063,0.08960649016001554,0.4315431889040271,0.0
0.093,1.4283654888910853,0.090053551810783,0.43120145753447536,0.0
0.09325,1.4279940795623034,0.09050153792892246,0.4308590495337026,0.0
0.0935,1.4276217800135633,0.09095044665401986,0.43051596653643154,0.0
0.09375,1.4272485907412111,0.0914002768844071,0.43017221004581097,0.0
0.094,1.4268745121482826,0.09185102724114103,0.4298277814560929,0.0
0.09425,1.4264995448876618,0.0923026962805622,0.42948268240834886,0.0
0.0945,1.4261236895515133,0.09275528207084704,0.4291369144529378,0.0
0.09475,1.4257469466424588,0.09320878386589726,0.4287904791291317,0.0
0.095,1.42536931663955,0.09366319989958072,0.42844337788829634,0.0
0.09525,1.4249908002779588,0.09411852829568801,0.42809561243124183,0.0
0.0955,1.4246113979942905,0.09457476822907296,0.4277471842314484,0.0
0.09575,1.4242311103475611,0.09503191775807096,0.42739809481259416,0.0
0.096,1.4238499378976694,0.09548997561009287,0.42704834574488526,0.0
0.09625,1.4234678811643473,0.09594894067995341,0.42669793857148397,0.0
0.0965,1.4230849407852748,0.09640881095437237,0.42634687489385437,0.0
0.09675,1.422701117178459,0.09686958537909618,0.4259951561602,0.0
0.097,1.4223164109437363,0.09733126259248337,0.425642783981218,0.0
0.09725,1.421930822657325,0.09779384058943918,0.42528975990153306,0.0
0.0975,1.4215443529152019,0.09825731830102313,0.42493608555079,0.0
0.09775,1.421157002234402,0.09872169396984987,0.4245817624342063,0.0
0.098,1.420768771161109,0.09918696656585269,0.42422679213781933,0.0
0.09825,1.4203796602311414,0.0996531343863154,0.42387117619233705,0.0
0.0985,1.4199896699825008,0.10012019589496646,0.42351491614350767,0.0
0.09875,1.4195988009683447,0.10058814998753718,0.42315801358411265,0.0
0.099,1.4192070537970647,0.1010569947902269,0.4228004701093462,0.0
0.09925,1.4188144288605855,0.10152672951862485,0.4224422871771416,0.0
0.0995,1.4184209268939423,0.1019973521460642,0.42208346650099227,0.0
0.09975,1.418026548375673,0.10246886116007659,0.42172400957628486,0.0
0.1,1.4176312937895243,0.10294125551088484,0.42136391793851224,0.0
0.10025,1.417235163835894,0.10341453349614227,0.42100319329380054,0.0
0.1005,1.416838158928094,0.10388869371366383,0.42064183708501357,0.0
0.10075,1.4164402797023161,0.10436373437667612,0.42027985095058673,0.0
0.101,1.416041526718832,0.10483965444246479,0.41991723650916213,0.0
0.10125,1.4156419004717566,0.10531645259736422,0.419553995295346,0.0
0.1015,1.4152414014503218,0.10579412715520675,0.4191901288127686,0.0
0.10175,1.4148400302927655,0.10627267662658824,0.41882563872951395,0.0
0.102,1.41443778755127,0.1067520996639928,0.4184605266399213,0.0
0.10225,1.4140346737716012,0.1072323947724314,0.4180947941223778,0.0
0.1025,1.4136306895502493,0.10771356008126531,0.4177284427786916,0.0
0.10275,1.4132258353921596,0.10819559455038075,0.4173614741836247,0.0
0.103,1.4128201117972576,0.10867849668498053,0.4169938898740966,0.0
0.10325,1.4124135194454848,0.1091622650155486,0.4166256915698323,0.0
0.1035,1.4120060587825112,0.10964689807518369,0.4162568807585827,0.0
0.10375,1.4115977303089124,0.11013239472000436,0.41588745900937907,0.0
0.104,1.411188534670691,0.11061875298433677,0.4155174279738918,0.0
0.10425,1.410778472447367,0.11110597161830071,0.4151467892943732,0.0
0.1045,1.4103675440529955,0.11159404939172646,0.41477554445138787,0.0
0.10475,1.4099557501075886,0.1120829848442142,0.4144036951143195,0.0
0.105,1.409543091225629,0.11257277631824536,0.41403124293273663,0.0
0.10525,1.409129567878356,0.1130634222342124,0.4136581894207503,0.0
0.1055,1.4087151807170724,0.11355492119216137,0.4132845362876125,0.0
0.10575,1.408299930130216,0.11404727183825258,0.4129102849857522,0.0
0.106,1.4078838167749481,0.11454047283538671,0.4125354372383545,0.0
0.10625,1.4074668412233944,0.11503452269340642,0.4121599946729335,0.0
0.1065,1.4070490039027224,0.11552942008116673,0.4117839587868726,0.0
0.10675,1.406630305475856,0.11602516307260657,0.4114073312651898,0.0
0.107,1.4062107464541125,0.11652175070850745,0.41103011372231446,0.0
0.10725,1.4057903273670789,0.11701918145185886,0.41065230774507366,0.0
0.1075,1.4053690488981356,0.11751745334144914,0.4102739150394543,0.0
0.10775,1.404946911410942,0.11801656546715833,0.4098949370814158,0.0
0.108,1.4045239155753038,0.11851651618355419,0.4095153755923593,0.0
0.10825,1.4041000619467976,0.11901730387067744,0.4091352321830741,0.0
0.1085,1.4036753510524065,0.11951892730468217,0.4087545084705704,0.0
0.10875,1.403249783384524,0.12002138493794945,0.4083732060115093,0.0
0.109,1.4028233596555904,0.12052467539749045,0.4079913265979547,0.0
0.10925,1.4023960801458095,0.12102879719277837,0.4076088715826789,0.0
0.1095,1.401967945611231,0.12153374889317092,0.4072258427990172,0.0
0.10975,1.4015389564831118,0.12203952928820883,0.40684224177718575,0.0
0.11,1.401109113446461,0.12254613664430991,0.40645807025633496,0.0
0.11025,1.4006784169323954,0.12305356937276457,0.406073329736262,0.0
0.1105,1.400246867593939,0.12356182616937872,0.4056880219639598,0.0
0.11075,1.3998144660187464,0.12407090516277464,0.40530214857277524,0.0
0.111,1.3993812125946974,0.12458080583782305,0.40491571111800395,0.0
0.11125,1.3989471079493843,0.12509152598486395,0.4045287112455793,0.0
0.1115,1.3985121525820823,0.12560306470865612,0.4041411505913415,0.0
0.11175,1.3980763470890007,0.12611541997304698,0.40375303078736113,0.0
0.112,1.3976396920672318,0.12662859102524493,0.403364353582784,0.0
0.11225,1.3972021879311107,0.12714257592021738,0.40297512043910144,0.0
0.1125,1.3967638354931733,0.1276573727343262,0.4025853332168532,0.0
0.11275,1.3963246350455734,0.1281729807737335,0.40219499337131337,0.0
0.113,1.3958845871451881,0.12868939873164464,0.4018041025676178,0.0
0.11325,1.3954436925537852,0.12920662436493302,0.401412662590118,0.0
0.1135,1.3950019517410226,0.12972465647912657,0.4010206750294192,0.0
0.11375,1.3945593651348585,0.13024349386898137,0.400628141435313,0.0
0.114,1.3941159333534916,0.13076313515146154,0.40023506353209015,0.0
0.11425,1.3936716569564513,0.13128357881929986,0.39984144297536206,0.0
0.1145,1.3932265365517083,0.1318048230567186,0.39944728144109853,0.0
0.11475,1.3927805724889737,0.1323268670436093,0.3990525804430263,0.0
0.115,1.3923337654802221,0.1328497090480596,0.39865734177120316,0.0
0.11525,1.3918861160889797,0.1333733473461507,0.39826156706947424,0.0
0.1155,1.391437624939444,0.133897780397902,0.39786525806052064,0.0
0.11575,1.390988292397365,0.13442300689874997,0.3974684162335258,0.0
0.116,1.390538119119114,0.13494902568007916,0.3970710433815905,0.0
0.11625,1.390087105597594,0.13547583512305295,0.39667314109314256,0.0
0.1165,1.3896352523789925,0.1360034341325047,0.39627471106163803,0.0
0.11675,1.3891825600767653,0.1365318204985968,0.39587575494028004,0.0
0.117,1.3887290291825636,0.13706099355965762,0.3954762744131144,0.0
0.11725,1.3882746603939484,0.13759095094516738,0.39507627120309374,0.0
0.1175,1.3878194540985227,0.13812169162003585,0.3946757468567028,0.0
0.11775,1.387363410895702,0.13865321482551707,0.3942747031606102,0.0
0.118,1.3869065312824382,0.13918551810127155,0.3938731416319794,0.0
0.11825,1.3864488158877162,0.13971860056897611,0.3934710640775443,0.0
0.1185,1.3859902653521932,0.140252460308524,0.3930684722129192,0.0
0.11875,1.3855308799848522,0.14078709636255837,0.3926653675215017,0.0
0.119,1.3850706605431835,0.14132250688331283,0.39226175184457124,0.0
0.11925,1.3846096074997742,0.14185869086972502,0.391857626826807,0.0
0.1195,1.3841477212431101,0.14239564674294058,0.391452993972069,0.0
0.11975,1.3836850025546248,0.1429333728776072,0.3910478551713312,0.0
0.12,1.3832214520045376,0.1434718678097937,0.39064221212300776,0.0
0.12025,1.3827570699508822,0.1440111301345226,0.39023606632174923,0.0
0.1205,1.382291857135062,0.14455115808083008,0.38982941960674,0.0
0.12075,1.3818258139819175,0.14509195088327687,0.3894222736079569,0.0
0.121,1.381358941113648,0.1456335062541001,0.3890146299944006,0.0
0.12125,1.3808912389894985,0.14617582379997884,0.3886064904722124,0.0
0.1215,1.3804227082721159,0.1467189009778167,0.3881978567255684,0.0
0.12175,1.3799533494771392,0.1472627369606201,0.3877887304738816,0.0
0.122,1.3794831630964044,0.147807330069476,0.3873791133243747,0.0
0.12225,1.3790121497587595,0.1483526791220129,0.3869690070744025,0.0
0.1225,1.3785403099657554,0.14889878239989685,0.38655841333881535,0.0
0.12275,1.378067644234335,0.1494456385052132,0.38614733378302923,0.0
0.123,1.3775941531711684,0.14999324642035106,0.38573577020408356,0.0
0.12325,1.377119837240521,0.15054160412812934,0.38532372415072325,0.0
0.1235,1.3766446971784507,0.15109071010380148,0.3849111974957886,0.0
0.12375,1.3761687334184458,0.15164056314175411,0.3844981918473125,0.0
0.124,1.3756919465191046,0.1521911617341587,0.3840847089060393,0.0
0.12425,1.3752143369547358,0.1527425047008748,0.38367075032615716,0.0
0.1245,1.3747359053833357,0.15329459017832647,0.3832563178702928,0.0
0.12475,1.3742566523898176,0.15384741671392987,0.3828414132745728,0.0
0.125,1.3737765783423956,0.15440098359375298,0.3824260381434006,0.0
0.12525,1.3732956839900048,0.15495528835485572,0.3820101942658425,0.0
0.1255,1.3728139697730146,0.15551033021505845,0.38159388331287136,0.0
0.12575,1.3723314362085528,0.15606610762470297,0.3811771069473149,0.0
0.126,1.3718480839236058,0.15662261898130936,0.3807598669361132,0.0
0.12625,1.3713639134980191,0.15717986276032292,0.3803421650090808,0.0
0.1265,1.370878925400941,0.1577378375139915,0.3799240027958166,0.0
0.12675,1.3703931203156596,0.1582965416562061,0.37950538212389917,0.0
0.127,1.369906498613318,0.1588559741998523,0.3790863045806758,0.0
0.12725,1.3694190609147672,0.1594161334516997,0.37866677192183484,0.0
0.1275,1.3689308077786055,0.1599770180568001,0.3782467858811538,0.0
0.12775,1.368441739762826,0.1605386263879396,0.37782634816134797,0.0
0.128,1.3679518574461103,0.16110095704906513,0.3774054605134931,0.0
0.12825,1.3674611613599073,0.16166400858480046,0.37698412463597153,0.0
0.1285,1.3669696519163175,0.16222777982429903,0.3765623421432607,0.0
0.12875,1.3664773299123034,0.1627922688186274,0.3761401149415615,0.0
0.129,1.3659841957807952,0.1633574741326811,0.3757174446367668,0.0
0.12925,1.3654902501273476,0.16392339440908898,0.3752943330165526,0.0
0.1295,1.3649954933418869,0.16449002873214624,0.37487078170858057,0.0
0.12975,1.3644999261281576,0.16505737490447103,0.3744467925002055,0.0
0.13,1.3640035489089097,0.16562543212826597,0.37402236706822767,0.0
0.13025,1.3635063623560875,0.1661941984590598,0.3735975072003368,0.0
0.1305,1.3630083670371693,0.16676367246137858,0.3731722146424814,0.0
0.13075,1.3625095634282296,0.16733385278082125,0.37274649106084357,0.0
0.131,1.362009951993489,0.16790473826904417,0.3723203381362903,0.0
0.13125,1.3615095334975962,0.16847632705131588,0.3718937577602517,0.0
0.1315,1.3610083083638589,0.16904861774590074,0.3714667515464065,0.0
0.13175,1.3605062771936467,0.16962160885483968,0.3710393212719394,0.0
0.132,1.3600034403789323,0.17019529935512878,0.37061146856617033,0.0
0.13225,1.3594997986869206,0.1707696873934168,0.3701831953290855,0.0
0.1325,1.3589953524799228,0.17134477171276075,0.3697545031338014,0.0
0.13275,1.3584901025143132,0.17192055062476186,0.369325393891631,0.0
0.133,1.3579840491676958,0.17249702290520474,0.36889586919716044,0.0
0.13325,1.3574771930993705,0.17307418691348886,0.368465930873221,0.0
0.1335,1.356969534753194,0.17365204143283108,0.36803558058337416,0.0
0.13375,1.3564610747018975,0.1742305849063186,0.36760482007713935,0.0
0.134,1.355951813647227,0.17480981561115527,0.36717365121158263,0.0
0.13425,1.3554417519500976,0.17538973245775935,0.3667420755874733,0.0
0.1345,1.3549308902825938,0.17597033371161785,0.366310095032808,0.0
0.13475,1.3544192290818309,0.17655161822847987,0.36587771121931545,0.0
0.135,1.3539067690006448,0.17713358448452965,0.365444925984971,0.0
0.13525,1.3533935105735981,0.17771623056412267,0.3650117410002922,0.0
0.1355,1.3528794543577085,0.1782995556246476,0.3645781580983767,0.0
0.13575,1.352364600764984,0.17888355832248948,0.3641441789049831,0.0
0.136,1.351848950568444,0.17946823626741804,0.3637098052672132,0.0
0.13625,1.3513325041521558,0.18005358886973255,0.3632750388835728,0.0
0.1365,1.3508152621599834,0.18063961426808817,0.3628398815441485,0.0
0.13675,1.350297225058796,0.18122631147426205,0.36240433497991,0.0
0.137,1.3497783934962246,0.1818136783234081,0.3619684009457549,0.0
0.13725,1.3492587678591264,0.18240171428664098,0.36153208115689783,0.0
0.1375,1.348738349013269,0.18299041673680705,0.36109537752376064,0.0
0.13775,1.3482171372643368,0.18357978482831072,0.360658291640797,0.0
0.138,1.347695133075014,0.1841698175567501,0.36022082523866916,0.0
0.13825,1.3471723372535145,0.18476051264998006,0.35978298021992483,0.0
0.1385,1.3466487502320703,0.18535186905133827,0.3593447582796725,0.0
0.13875,1.3461243724404053,0.18594388557863084,0.358906161095075,0.0
0.139,1.3455992046965406,0.18653656022992493,0.3584671906168271,0.0
0.13925,1.3450732473200606,0.18712989193367946,0.35802784842993685,0.0
0.1395,1.3445465008913207,0.1877238793987317,0.3575881363490194,0.0
0.13975,1.3440189659976056,0.18831852107373948,0.3571480561606657,0.0
0.14,1.34349064321332,0.18891381495323856,0.3567076095761852,0.0
0.14025,1.3429615331594071,0.18950975971351625,0.3562667984480561,0.0
0.1405,1.342431636207568,0.1901063545180932,0.3558256244514215,0.0
0.14075,1.3419009530569923,0.19070359739702525,0.355384089428318,0.0
0.141,1.3413694842455417,0.1913014869564904,0.3549421951422558,0.0
0.14125,1.3408372302478977,0.19190002180266674,0.3544999432952065,0.0
0.1415,1.3403041916519474,0.19249920064047643,0.35405733571625486,0.0
0.14175,1.3397703689686349,0.19309902179901428,0.3536143741058928,0.0
0.142,1.3392357628619553,0.19369948394098913,0.3531710603643019,0.0
0.14225,1.3387003737701395,0.19430058578583242,0.35272739617745197,0.0
0.1425,1.3381642022462525,0.19490232557392773,0.35228338327714237,0.0
0.14275,1.3376272488543783,0.19550470202414516,0.3518390234755331,0.0
0.143,1.3370895142737158,0.19610771335102584,0.3513943186266877,0.0
0.14325,1.3365509987939994,0.19671135877126744,0.35094927034543955,0.0
0.1435,1.336011703206566,0.19731563618512382,0.3505038805527547,0.0
0.14375,1.335471628056716,0.19792054422926952,0.3500581510336753,0.0
0.144,1.3349307736512497,0.19852608191082766,0.34961208339284977,0.0
0.14425,1.3343891408444506,0.19913224732959378,0.3491656796443221,0.0
0.1445,1.3338467300546064,0.1997390389593292,0.34871894142618265,0.0
0.14475,1.333303541760813,0.20034645560873798,0.3482718704871477,0.0
0.145,1.332759576489078,0.20095449614323257,0.3478244686321461,0.0
0.14525,1.3322148350235317,0.20156315830870852,0.34737673775531586,0.0
0.1455,1.3316693177383385,0.20217244111861277,0.34692867953487094,0.0
0.14575,1.3311230251690365,0.20278234334723777,0.3464802957743438,0.0
0.146,1.3305759579257828,0.20339286320111682,0.3460315882665097,0.0
0.14625,1.3300281165511372,0.2040039992321283,0.34558255878978583,0.0
0.1465,1.3294795015854248,0.20461575019838563,0.34513320915256496,0.0
0.14675,1.3289301135791547,0.2052281144282304,0.3446835411089375,0.0
0.147,1.3283799530666567,0.20584109040752452,0.3442335564214769,0.0
0.14725,1.3278290206833319,0.20645467677777418,0.34378325697720746,0.0
0.1475,1.3272773169385914,0.20706887204827495,0.3433326445192386,0.0
0.14775,1.3267248422349134,0.2076836751919302,0.3428817207574473,0.0
0.148,1.3261715973075177,0.20829908453075774,0.3424304876311193,0.0
0.14825,1.3256175826397332,0.20891509823280074,0.341978946807002,0.0
0.1485,1.325062798808613,0.20953171489475153,0.34152710011138065,0.0
0.14875,1.3245072463164096,0.21014893352466402,0.341074949361978,0.0
0.149,1.323950925711678,0.21076675274991885,0.340622496364116,0.0
0.14925,1.3233938376774734,0.21138517029427817,0.34016974291432645,0.0
0.1495,1.3228359826173453,0.21200418525747722,0.33971669074990785,0.0
0.14975,1.322277361102909,0.2126237963087405,0.3392633417076769,0.0
0.15,1.3217179737470186,0.21324400163879176,0.33880969758993373,0.0
0.15025,1.3211578210933936,0.21386479980174045,0.3383557601887781,0.0
0.1505,1.3205969035716656,0.21448618969944988,0.3379015312401954,0.0
0.15075,1.3200352218269984,0.21510817001602334,0.33744701265937826,0.0
0.151,1.3194727764143188,0.2157307386284586,0.33699220614321135,0.0
0.15125,1.3189095678951066,0.2163538945489023,0.3365371135781208,0.0
0.1515,1.3183455967765862,0.21697763620016985,0.3360817367029707,0.0
0.15175,1.31778086370476,0.21760196199019788,0.33562607739159067,0.0
0.152,1.31721536910554,0.21822687073679248,0.33517013736804957,0.0
0.15225,1.3166491136377125,0.21885236050013646,0.3347139184632246,0.0
0.1525,1.316082097780514,0.2194784303403523,0.33425742249500834,0.0
0.15275,1.3155143221474965,0.22010507866407636,0.3338006513077232,0.0
0.153,1.3149457871464385,0.22073230409329625,0.3333436065787776,0.0
0.15325,1.314376493469183,0.2213601047696372,0.3328862901868148,0.0
0.1535,1.3138064415619581,0.22198847988210701,0.3324287039425651,0.0
0.15375,1.3132356321270677,0.2226174275827475,0.3319708497379885,0.0
0.154,1.3126640655753121,0.22324694624453656,0.3315127292144895,0.0
0.15425,1.3120917425116883,0.2238770348210366,0.33105434430289815,0.0
0.1545,1.3115186634408644,0.22450769210458077,0.3305956968094541,0.0
0.15475,1.3109448289550976,0.2251389159556183,0.33013678847018624,0.0
0.155,1.3103702396261436,0.2257707049548543,0.3296776211223864,0.0
0.15525,1.309794896024222,0.22640305800675264,0.32921819665768637,0.0
0.1555,1.3092187986173212,0.22703597347982907,0.3287585167768128,0.0
0.15575,1.308641948026894,0.2276694499501346,0.3282985833675427,0.0
0.156,1.308064344691962,0.22830348617168994,0.32783839816920457,0.0
0.15625,1.3074859893158521,0.22893808031383855,0.3273779630817435,0.0
0.1565,1.3069068823260093,0.229573231477616,0.3269172798943287,0.0
0.15675,1.3063270243310097,0.2302089373505254,0.3264563503310496,0.0
0.157,1.3057464159214849,0.23084519710371154,0.3259951763553497,0.0
0.15725,1.3051650575762057,0.23148200952132214,0.3255337597548882,0.0
0.1575,1.304582949948614,0.23211937211065958,0.32507210226676886,0.0
0.15775,1.3040000934731282,0.23275728438392917,0.32461020576307975,0.0
0.158,1.303416488678545,0.2333957447312187,0.3241480720137564,0.0
0.15825,1.3028321362375994,0.2340347512759351,0.3236857028835114,0.0
0.1585,1.3022470366305505,0.23467430297666425,0.32322310019536515,0.0
0.15875,1.301661190346353,0.23531439848905222,0.32276026572850647,0.0
0.159,1.3010745980478386,0.23595503619853275,0.3222972013858292,0.0
0.15925,1.3004872602483228,0.2365962143207554,0.321833908892907,0.0
0.1595,1.2998991775177,0.2372379316268507,0.3213703901305567,0.0
0.15975,1.2993103503611962,0.23788018679756817,0.3209066469007491,0.0
0.16,1.298720779302263,0.23852297840505798,0.3204426810046308,0.0
0.16025,1.2981304649717913,0.23916630481038936,0.31997849431137904,0.0
0.1605,1.297539407902205,0.23981016439193326,0.31951408859659036,0.0
0.16075,1.296947608662098,0.24045455605750732,0.3190494657681142,0.0
0.161,1.2963550677620415,0.24109947816464938,0.31858462757746175,0.0
0.16125,1.295761785715909,0.24174492935561886,0.31811957583173545,0.0
0.1615,1.295167763224006,0.24239090789887285,0.3176543124532756,0.0
0.16175,1.2945730006731893,0.24303741271004498,0.31718883917560503,0.0
0.162,1.2939774986124792,0.24368444247471643,0.31672315785043526,0.0
0.16225,1.2933812577249792,0.2443319952435843,0.31625727034419837,0.0
0.1625,1.2927842784661223,0.24498006986198106,0.31579117844692717,0.0
0.16275,1.2921865613937165,0.2456286646896757,0.3153248839597578,0.0
0.163,1.2915881070957411,0.2462777785307182,0.31485838879675,0.0
0.16325,1.2909889161176853,0.24692740974990102,0.3143916947487577,0.0
0.1635,1.2903889889104239,0.24757755715703667,0.31392480359764563,0.0
0.16375,1.289788326122796,0.24822821904903947,0.31345771722385574,0.0
0.164,1.2891869283518496,0.24887939379702573,0.31299043747091004,0.0
0.16425,1.28858479604488,0.24953108027143145,0.3125229661302893,0.0
0.1645,1.2879819297962385,0.25018327673421226,0.3120553050230428,0.0
0.16475,1.2873783301346737,0.25083598224865256,0.3115874560588736,0.0
0.165,1.2867739977010757,0.2514891944522262,0.3111194209856849,0.0
0.16525,1.286168932881976,0.2521429129832313,0.31065120168503646,0.0
0.1655,1.2855631363827928,0.2527971354940206,0.31018279997118925,0.0
0.16575,1.2849566087441797,0.2534518611220804,0.3097142177824861,0.0
0.166,1.2843493502991556,0.25410708827850925,0.3092454567143801,0.0
0.16625,1.2837413618878273,0.25476281522023925,0.3087765188299165,0.0
0.1665,1.283132643965022,0.2554190407124466,0.30830740591312655,0.0
0.16675,1.2825231970500983,0.25607576290532563,0.3078381196918638,0.0
0.167,1.2819130217209036,0.2567329808377963,0.3073686621253693,0.0
0.16725,1.28130211840595,0.2573906934634209,0.3068990350111811,0.0
0.1675,1.28069048778546,0.2580488983519871,0.3064292401216506,0.0
0.16775,1.2800781304091036,0.25870759478026883,0.30595927943740175,0.0
0.168,1.2794650467718789,0.25936678093732013,0.3054891546714411,0.0
0.16825,1.2788512374022574,0.2600264555314169,0.305018867672616,0.0
0.1685,1.278236702951494,0.26068661697309636,0.3045484203513429,0.0
0.16875,1.2776214438925972,0.2613472637526826,0.3040778144594054,0.0
0.169,1.2770054608499493,0.2620083946435372,0.30360705195402904,0.0
0.16925,1.2763887542455095,0.2626700082020008,0.30313613455127664,0.0
0.1695,1.2757713247565228,0.26333210281257635,0.3026650641829258,0.0
0.16975,1.2751531728384222,0.26399467672587207,0.30219384253631487,0.0
0.17,1.2745342991848645,0.26465772889415007,0.30172247167438226,0.0
0.17025,1.273914704258349,0.2653212578231745,0.30125095334393825,0.0
0.1705,1.273294388546434,0.26598526200065464,0.3007792893129082,0.0
0.17075,1.2726733527514238,0.26664973967329786,0.3003074815101956,0.0
0.171,1.2720515972581765,0.267314690168277,0.2998355317757859,0.0
0.17125,1.271429122729339,0.2679801111922444,0.2993634418894908,0.0
0.1715,1.2708059296780867,0.268646001604111,0.2988912137214812,0.0
0.17175,1.2701820186754773,0.269312360158267,0.29841884917792494,0.0
0.172,1.2695573902219017,0.26997918540622123,0.2979463500544437,0.0
0.17225,1.2689320447570314,0.2706464760119829,0.2974737181110705,0.0
0.1725,1.2683059830948906,0.2713142299421918,0.29700095532864634,0.0
0.17275,1.2676792056533461,0.27198244603232524,0.2965280634817069,0.0
0.173,1.2670517129923446,0.27265112297019556,0.2960550444536465,0.0
0.17325,1.2664235056424964,0.27332025911948676,0.2955819000314004,0.0
0.1735,1.265794584186203,0.27398985305698886,0.2951086320974441,0.0
0.17375,1.2651649491789936,0.27465990349693215,0.29463524253746076,0.0
0.174,1.2645346011290233,0.27533040858763513,0.2941617330710917,0.0
0.17425,1.2639035405974468,0.27600136735222236,0.29368810565570946,0.0
0.1745,1.26327176809386,0.27667277833438675,0.29321436209711815,0.0
0.17475,1.26263928427203,0.2773446396722221,0.2927405042551652,0.0
0.175,1.2620060896637746,0.2780169502385874,0.2922665340278747,0.0
0.17525,1.2613721847884527,0.27868970826791184,0.2917924531643805,0.0
0.1755,1.2607375700496135,0.2793629129084678,0.29131826349792944,0.0
0.17575,1.26010224629559,0.28003656201344995,0.290843967016736,0.0
0.176,1.2594662138219785,0.28071065480366286,0.29036956546540216,0.0
0.17625,1.2588294733485625,0.28138518928144407,0.289895060738653,0.0
0.1765,1.2581920253812182,0.28206016347108687,0.28942045452607434,0.0
0.17675,1.25755387042215,0.28273557734729593,0.28894574894044256,0.0
0.177,1.2569150090511556,0.28341142836604405,0.28847094561986464,0.0
0.17725,1.256275441826368,0.2840877154738308,0.2879960465075877,0.0
0.1775,1.2556351692355783,0.2847644375172891,0.2875210534573007,0.0
0.17775,1.2549941919916918,0.28544159179153183,0.28704596819902384,0.0
0.178,1.2543525104719873,0.286119178531429,0.2865707927863421,0.0
0.17825,1.2537101253514784,0.2867971951379147,0.2860955289354654,0.0
0.1785,1.2530670370136754,0.2874756407003076,0.2856201784532957,0.0
0.17875,1.252423246223925,0.28815451342104836,0.28514474332154327,0.0
0.179,1.2517787533868923,0.2888338120299849,0.2846692252882119,0.0
0.17925,1.2511335590621027,0.28951353521642176,0.2841936262436884,0.0
0.1795,1.250487663737628,0.2901936815766817,0.28371794798819416,0.0
0.17975,1.2498410682057806,0.29087424891189073,0.2832421924382875,0.0
0.18,1.2491937728922835,0.2915552361973752,0.28276636141854183,0.0
0.18025,1.2485457782796754,0.29223664233759905,0.28229045679391773,0.0
0.1805,1.2478970848995417,0.29291846578959735,0.2818144803758871,0.0
0.18075,1.2472476934240149,0.29360070476269584,0.2813384340558418,0.0
0.181,1.2465976043082474,0.2942833580670765,0.2808623196512172,0.0
0.18125,1.2459468181623965,0.29496642392062,0.2803861389946076,0.0
0.1815,1.2452953355129353,0.29564990114429435,0.27990989397570676,0.0
0.18175,1.244643156991593,0.29633378822340006,0.2794335865096047,0.0
0.182,1.2439902829708611,0.2970180838967096,0.27895721831795295,0.0
0.18225,1.2433367140842826,0.2977027864243169,0.27848079126543923,0.0
0.1825,1.2426824509922252,0.2983878944092382,0.2780043073221712,0.0
0.18275,1.242027494120693,0.2990734064649061,0.2775277682329458,0.0
0.183,1.2413718439868138,0.2997593213155838,0.27705117585741323,0.0
0.18325,1.240715501271179,0.3004456371302453,0.2765745320838857,0.0
0.1835,1.240058466440706,0.3011323528139158,0.2760978387657116,0.0
0.18375,1.2394007399967606,0.3018194667285954,0.2756210976621747,0.0
0.184,1.2387423226051517,0.3025069773049154,0.2751443107081497,0.0
0.18425,1.2380832147919314,0.3031948832024227,0.27466747975684,0.0
0.1845,1.2374234171257417,0.3038831829019557,0.2741906066604676,0.0
0.18475,1.2367629300476022,0.30457187524289253,0.2737136932328639,0.0
0.185,1.2361017541123918,0.3052609585433501,0.27323674127419717,0.0
0.18525,1.2354398900143249,0.30595043158617585,0.27275975283097886,0.0
0.1855,1.2347773382053475,0.3066402923513962,0.27228272952156085,0.0
0.18575,1.234114099237967,0.3073305399273991,0.2718056733282823,0.0
0.186,1.2334501737236891,0.30802117237882953,0.27132858604399646,0.0
0.18625,1.2327855621977264,0.3087121888530291,0.27085146964922413,0.0
0.1865,1.2321202650948706,0.3094035874280294,0.27037432576811327,0.0
0.18675,1.2314542831466664,0.31009536652664593,0.2698971563955739,0.0
0.187,1.2307876167483887,0.3107875251483776,0.26941996334114426,0.0
0.18725,1.230120266589509,0.3114800617509985,0.26894274856774003,0.0
0.1875,1.2294522330920792,0.31217297458734805,0.26846551372822636,0.0
0.18775,1.2287835168346888,0.3128662628427108,0.2679882608564599,0.0
0.188,1.2281141184612938,0.3135599241698088,0.267510991672,0.0
0.18825,1.227444038354987,0.3142539580351027,0.26703370808906524,0.0
0.1885,1.2267732772542423,0.31494836218002575,0.2665564119394741,0.0
0.18875,1.226101835578648,0.3156431355010483,0.26607910503185495,0.0
0.189,1.2254297139283654,0.3163382767285796,0.26560178930900813,0.0
0.18925,1.2247569127834215,0.31703378438808016,0.26512446654635746,0.0
0.1895,1.2240834327715007,0.31772965670561604,0.26464713858685873,0.0
0.18975,1.2234092745320968,0.3184258921179506,0.2641698073369194,0.0
0.19,1.2227344384130152,0.31912248968334467,0.26369247457713696,0.0
0.19025,1.2220589251474294,0.3198194474870846,0.26321514221585973,0.0
0.1905,1.2213827351932363,0.32051676435199994,0.26273781208087166,0.0
0.19075,1.220705869037019,0.3212144387951881,0.2622604859504758,0.0
0.191,1.2200283273687145,0.32191246947601826,0.2617831658356564,0.0
0.19125,1.2193501106221358,0.3226108546899127,0.261305853406687,0.0
0.1915,1.2186712193670406,0.32330959329485154,0.2608285506086987,0.0
0.19175,1.2179916542126552,0.324008683514478,0.26035125926245883,0.0
0.192,1.2173114157183687,0.32470812399904503,0.25987398124940975,0.0
0.19225,1.2166305043438914,0.325407913315118,0.25939671833309563,0.0
0.1925,1.2159489207677687,0.32610805005771937,0.2589194724956594,0.0
0.19275,1.2152666653975022,0.3268085327223744,0.25844224543143635,0.0
0.193,1.2145837388692833,0.3275093596671823,0.2579650390194852,0.0
0.19325,1.2139001418371116,0.3282105295608062,0.25748785523628204,0.0
0.1935,1.2132158745125707,0.3289120415721598,0.2570106957621594,0.0
0.19375,1.212530937751806,0.3296138934659183,0.256533562532667,0.0
0.194,1.2118453320763152,0.3303160836942851,0.2560564573387156,0.0
0.19425,1.2111590579547808,0.33101861152621836,0.2555793821350596,0.0
0.1945,1.2104721158865708,0.33172147518908446,0.2551023386324056,0.0
0.19475,1.2097845065187105,0.332424673011225,0.25462532870946775,0.0
0.195,1.2090962304569395,0.33312820355344286,0.2541483542659235,0.0
0.19525,1.208407288190445,0.33383206501650875,0.2536714169928944,0.0
0.1955,1.207717680230589,0.3345362568776693,0.2531945189424014,0.0
0.19575,1.207027407161819,0.33524077740018043,0.25271766191415246,0.0
0.196,1.206336469414369,0.33594562481977164,0.25224084755077025,0.0
0.19625,1.2056448678401068,0.3366507975309929,0.2517640779425818,0.0
0.1965,1.2049526027240276,0.33735629454263716,0.2512873547986276,0.0
0.19675,1.2042596747109702,0.33806211382859885,0.25081067989573547,0.0
0.197,1.2035660843239206,0.3387682546373867,0.2503340552367901,0.0
0.19725,1.2028718321341696,0.3394747154626643,0.2498574826676323,0.0
0.1975,1.202176918641177,0.3401814941397774,0.2493809637851725,0.0
0.19775,1.2014813444915031,0.340888589973396,0.24890450072660086,0.0
0.198,1.2007851101779146,0.3415960009900445,0.24842809513298647,0.0
0.19825,1.2000882162031257,0.3423037262132027,0.24795174892663363,0.0
0.1985,1.1993906631689715,0.3430117640082244,0.24747546394505848,0.0
0.19875,1.1986924515779815,0.343720112743064,0.24699924193005685,0.0
0.199,1.1979935821058199,0.3444287711129803,0.24652308487935004,0.0
0.19925,1.1972940552227502,0.3451377373325002,0.24604699445997458,0.0
0.1995,1.1965938714711442,0.34584701047941735,0.24557097264662175,0.0
0.19975,1.1958930314642764,0.34655658850493154,0.24509502116946602,0.0
0.2,1.1951915356321,0.3472664706441648,0.24461914193871848,0.0
0.20025,1.1944893845509732,0.3479766551678054,0.2441433367368635,0.0
0.2005,1.1937865789001876,0.34868714034153214,0.24366760744250682,0.0
0.20075,1.1930831190930995,0.3493979249636183,0.24319195582733788,0.0
0.201,1.192379005754745,0.3501090077977622,0.2427163838566737,0.0
0.20125,1.1916742393653834,0.3508203871737976,0.24224089323441556,0.0
0.2015,1.1909688205204336,0.3515320617960853,0.2417654858798579,0.0
0.20175,1.1902627498388405,0.35224402947300604,0.2412901634804403,0.0
0.202,1.1895560277936568,0.3529562894015612,0.24081492797610293,0.0
0.20225,1.188848654927952,0.35366883993872733,0.24033978113563936,0.0
0.2025,1.1881406319231562,0.35438167954693256,0.2398647248894783,0.0
0.20275,1.1874319590876024,0.35509480720038056,0.23938976095629294,0.0
0.203,1.1867226371562776,0.35580822132021694,0.2389148913053738,0.0
0.20325,1.1860126666682067,0.3565219198161671,0.23844011757001637,0.0
0.2035,1.185302048062086,0.3572359022506575,0.2379654417620134,0.0
0.20375,1.184590781935288,0.35795016654383005,0.23749086557227295,0.0
0.204,1.183878868860404,0.3586647115175836,0.23701639092704885,0.0
0.20425,1.183166309475487,0.3593795354338738,0.2365420196525918,0.0
0.2045,1.1824531040986326,0.3600946369873981,0.23606775339363084,0.0
0.20475,1.1817392536234124,0.3608100145429489,0.23559359424889492,0.0
0.205,1.181024758307018,0.3615256669058766,0.23511954383609712,0.0
0.20525,1.1803096187200897,0.3622415926035032,0.23464560399131762,0.0
0.2055,1.1795938356230913,0.36295778982507443,0.23417177663188338,0.0
0.20575,1.1788774093966516,0.36367425753363847,0.23369806353840228,0.0
0.206,1.1781603405968575,0.36439099411909126,0.23322446649034778,0.0
0.20625,1.1774426297256806,0.36510799843885167,0.2327509873528193,0.0
0.2065,1.1767242775065316,0.36582526875673693,0.2322776280263339,0.0
0.20675,1.176005284426969,0.36654280318294497,0.23180439013885956,0.0
0.207,1.1752856508954697,0.3672606011140189,0.23133127562464617,0.0
0.20725,1.1745653776533445,0.36797866041617056,0.23085828627979077,0.0
0.2075,1.1738444651609061,0.3686969799616975,0.23038542393096084,0.0
0.20775,1.1731229140223167,0.36941555816076743,0.22991269040344608,0.0
0.208,1.1724007246959829,0.3701343938510888,0.22944008751105027,0.0
0.20825,1.171677897795922,0.37085348522078476,0.228967617020023,0.0
0.2085,1.1709544338236402,0.37157283094298066,0.22849528073420888,0.0
0.20875,1.1702303334322988,0.3722924294046024,0.22802308051479647,0.0
0.209,1.1695055970818409,0.3730122793784503,0.2275510181547895,0.0
0.20925,1.1687802253201713,0.3737323795835863,0.22707909551449879,0.0
0.2095,1.1680542187254144,0.3744527282795431,0.22660731434238213,0.0
0.20975,1.167327577863933,0.37517332387854196,0.22613567642074162,0.0
0.21,1.1666003032477867,0.3758941654579928,0.22566418368294872,0.0
0.21025,1.1658723955093553,0.3766152507522662,0.22519283776469856,0.0
0.2105,1.1651438550659954,0.37733657904836093,0.22472164057224409,0.0
0.21075,1.1644146826186628,0.3780581486329666,0.22425059397400648,0.0
0.211,1.163684878526924,0.37877995832035793,0.22377969967531075,0.0
0.21125,1.162954443512099,0.3795020060433245,0.2233089594519626,0.0
0.2115,1.162223378032735,0.38022429105130584,0.22283837523660077,0.0
0.21175,1.1614916826755106,0.3809468112729988,0.22236794867317045,0.0
0.212,1.1607593580491429,0.3816695655821931,0.22189768171903768,0.0
0.21225,1.160026404612644,0.382392552524621,0.22142757608661867,0.0
0.2125,1.1592928229460444,0.38311577037395494,0.22095763351700182,0.0
0.21275,1.1585586136417891,0.3838392179095109,0.22048785592031583,0.0
0.213,1.1578237772525704,0.3845628933309371,0.22001824498589828,0.0
0.21325,1.1570883142885897,0.3852867956617274,0.21954880262107257,0.0
0.2135,1.1563522252011875,0.38601092345616905,0.2190795305291704,0.0
0.21375,1.1556155106483157,0.3867352751694355,0.21861043057711704,0.0
0.214,1.1548781712226965,0.3874598491125809,0.2181415045227808,0.0
0.21425,1.154140207416166,0.3881846441742596,0.2176727542108048,0.0
0.2145,1.1534016197709107,0.38890965843436476,0.2172041812751444,0.0
0.21475,1.1526624088579887,0.3896348911226255,0.21673578774294344,0.0
0.215,1.1519225752777462,0.3903603397820419,0.21626757512862516,0.0
0.21525,1.1511821194562355,0.39108600423334394,0.21579954551025948,0.0
0.2155,1.150441042011888,0.3918118820825782,0.21533170043675343,0.0
0.21575,1.1496993435281286,0.39253797217916997,0.2148640418217771,0.0
0.216,1.1489570245780616,0.39326427282895793,0.21439657139295387,0.0
0.21625,1.1482140856606815,0.39399078250329467,0.2139292908597079,0.0
0.2165,1.1474705272618735,0.3947175005944388,0.21346220221734247,0.0
0.21675,1.1467263499925853,0.3954444247350324,0.21299530700713665,0.0
0.217,1.1459815544493068,0.39617155408450344,0.21252860725171363,0.0
0.21725,1.1452361411511163,0.3968988868289358,0.21206210458241292,0.0
0.2175,1.1444901105405698,0.3976264217374066,0.2115958007474521,0.0
0.21775,1.1437434633338714,0.3983541574854641,0.21112969772230117,0.0
0.218,1.1429962000214164,0.3990820918180731,0.21066379696152104,0.0
0.21825,1.1422483211300953,0.3998102241297232,0.21019810049560927,0.0
0.2185,1.1414998271522094,0.400538552870195,0.20973261001093713,0.0
0.21875,1.1407507187683503,0.40126707629958247,0.20926732730712727,0.0
0.219,1.1400009964835114,0.40199579286896636,0.20880225407952802,0.0
0.21925,1.139250660881535,0.4027247012470099,0.20833739216888736,0.0
0.2195,1.1384997124033038,0.40345380023980226,0.20787274332619332,0.0
0.21975,1.1377481517613948,0.40418308796238733,0.20740830932675003,0.0
0.22,1.1369959793255102,0.4049125632091375,0.20694409184807316,0.0
0.22025,1.136243195715526,0.40564222477015477,0.20648009280149826,0.0
0.2205,1.1354898014481485,0.4063720708897236,0.20601631381667396,0.0
0.22075,1.1347357972192214,0.40710210006839276,0.20555275677625873,0.0
0.221,1.1339811835597722,0.40783231076263604,0.20508942339131542,0.0
0.22125,1.1332259608211857,0.40856270191356003,0.20462631536672315,0.0
0.2215,1.1324701297732709,0.40929327154247375,0.20416343448828833,0.0
0.22175,1.1317136908071177,0.41002401889509343,0.20370078259970925,0.0
0.222,1.130956644608153,0.41075494176604366,0.20323836132686446,0.0
0.22225,1.1301989916173962,0.411486039053095,0.20277617243965418,0.0
0.2225,1.1294407324262696,0.41221730943067314,0.2023142177724806,0.0
0.22275,1.1286818675939294,0.4129487514668355,0.20185249909185554,0.0
0.223,1.1279223977018464,0.41368036334338143,0.20139101805090687,0.0
0.22325,1.12716232316747,0.4144121439595736,0.20092977639388154,0.0
0.2235,1.126401644661584,0.4151440917170248,0.20046877593041756,0.0
0.22375,1.1256403627639386,0.4158762049890825,0.20000801837298265,0.0
0.224,1.1248784779685561,0.41660848241075144,0.19954750544254996,0.0
0.22425,1.1241159907900524,0.41734092294638003,0.19908723899290903,0.0
0.2245,1.12335290183389,0.4180735247764673,0.19862722068941863,0.0
0.22475,1.1225892115858134,0.418806286426296,0.1981674522031729,0.0
0.225,1.1218249206658832,0.41953920678248124,0.19770793545617327,0.0
0.22525,1.121060029526511,0.4202722839496502,0.19724867193838924,0.0
0.2255,1.1202945389447123,0.42100551653471996,0.19678966361763517,0.0
0.22575,1.1195284492053421,0.42173890335438813,0.19633091207352837,0.0
0.226,1.1187617610069847,0.4224724428061748,0.19587241912424158,0.0
0.22625,1.117994474927114,0.42320613301032495,0.1954141863743739,0.0
0.2265,1.117226591454962,0.42393997285754637,0.19495621561650922,0.0
0.22675,1.1164581110693472,0.4246739614202397,0.1944985086976434,0.0
0.227,1.1156890344170627,0.42540809675114133,0.19404106725853687,0.0
0.22725,1.1149193619820874,0.4261423776299367,0.19358389304423862,0.0
0.2275,1.1141490944048904,0.42687680212963386,0.19312698769228254,0.0
0.22775,1.113378232197114,0.42761136926461063,0.1926703530543239,0.0
0.228,1.1126067759578966,0.4283460768990395,0.192213990650262,0.0
0.22825,1.1118347261381611,0.42908092439225953,0.19175790239630275,0.0
0.2285,1.1110620832684255,0.42981591009121445,0.19130208991855313,0.0
0.22875,1.1102888479755837,0.43055103252955007,0.19084655499825431,0.0
0.229,1.1095150207943831,0.4312862899108296,0.19039129920938547,0.0
0.22925,1.1087406023367947,0.4320216811863844,0.18993632446667852,0.0
0.2295,1.1079655930812642,0.432757204459719,0.18948163225150672,0.0
0.22975,1.1071899935567284,0.4334928586150397,0.18902722437393638,0.0
0.23,1.1064138044096552,0.4342286423455519,0.1885731026830062,0.0
0.23025,1.1056370260783677,0.4349645538615121,0.1881192686558708,0.0
0.2305,1.1048596591451751,0.4357005919559924,0.18766572411482652,0.0
0.23075,1.1040817042035904,0.4364367551870032,0.18721247080514813,0.0
0.231,1.1033031617604205,0.43717304180757566,0.18675951027738935,0.0
0.23125,1.1025240324127576,0.4379094504939971,0.18630684431964828,0.0
0.2315,1.1017443166207777,0.43864598021321655,0.1858544746988975,0.0
0.23175,1.100964015028019,0.4393826288626954,0.1854024029555994,0.0
0.232,1.1001831281577452,0.44011939540529,0.18495063091036812,0.0
0.23225,1.0994016565475881,0.4408562780802754,0.18449916012734002,0.0
0.2325,1.0986196008451756,0.44159327532273096,0.18404799234299207,0.0
0.23275,1.0978369615265375,0.442330386047729,0.18359712931172378,0.0
0.233,1.0970537391267463,0.44306760859942074,0.18314657262825418,0.0
0.23325,1.0962699341235052,0.44380494204146004,0.1826963241016597,0.0
0.2335,1.095485547112233,0.44454238444518523,0.1822463852767744,0.0
0.23375,1.0947005787371662,0.4452799343736302,0.1817967579255204,0.0
0.234,1.0939150294038047,0.4460175904485908,0.1813474436189777,0.0
0.23425,1.0931288998057127,0.4467553513266438,0.180898444206546,0.0
0.2345,1.0923421904341684,0.44749321541572584,0.18044976125442203,0.0
0.23475,1.091554901857858,0.44823118113735205,0.1800013964032856,0.0
0.235,1.0907670345349114,0.4489692473442872,0.1795533513533758,0.0
0.23525,1.0899785890776243,0.44970741245395374,0.17910562778051364,0.0
0.2355,1.0891895661408793,0.4504456745836265,0.17865822728272462,0.0
0.23575,1.0883999662311101,0.4511840327703638,0.17821115166968715,0.0
0.236,1.0876097898136532,0.4519224852396704,0.1777644024013032,0.0
0.23625,1.0868190374962943,0.4526610307505905,0.17731798127122755,0.0
0.2365,1.0860277097708693,0.45339966809619625,0.17687188997779213,0.0
0.23675,1.0852358072706885,0.45413839531993005,0.17642613005926733,0.0
0.237,1.0844433304506271,0.4548772115830815,0.1759807033180636,0.0
0.23725,1.083650279912428,0.4556161147343829,0.17553561118323313,0.0
0.2375,1.0828566562407236,0.45635510391318235,0.1750908555649866,0.0
0.23775,1.0820624599664495,0.45709417723823265,0.1746464379266388,0.0
0.238,1.0812676915554071,0.45783333355412736,0.1742023599511473,0.0
0.23825,1.0804723516778196,0.4585725713262647,0.17375862336043357,0.0
0.2385,1.079676440844679,0.45931188884839713,0.1733152296601781,0.0
0.23875,1.0788799596368062,0.4600512849132272,0.17287218061314236,0.0
0.239,1.0780829084903853,0.4607907582195452,0.1724294778107689,0.0
0.23925,1.0772852881086514,0.4615303069684913,0.1719871228924701,0.0
0.2395,1.0764870989390403,0.46226992970598957,0.1715451173952165,0.0
0.23975,1.0756883416247653,0.4630096249515603,0.17110346302332413,0.0
0.24,1.0748890166179574,0.4637493917625335,0.1706621615163102,0.0
0.24025,1.0740891244191477,0.46448922838412443,0.17022121433529414,0.0
0.2405,1.0732886657517469,0.46522913327206794,0.1697806232265282,0.0
0.24075,1.0724876410343196,0.46596910515545886,0.16934038976285204,0.0
0.241,1.071686050802544,0.46670914254359275,0.168900515535231,0.0
0.24125,1.0708838957064675,0.4674492437359845,0.16846100215317583,0.0
0.2415,1.0700811762667968,0.46818940751548155,0.16802185129826608,0.0
0.24175,1.069277893032785,0.46892963217267436,0.16758306447902527,0.0
0.242,1.0684740466069655,0.4696699164822249,0.167144643444455,0.0
0.24225,1.0676696373703845,0.47041025911781986,0.16670658969849939,0.0
0.2425,1.0668646660689074,0.47115065820919,0.16626890485739798,0.0
0.24275,1.0660591331038525,0.47189111283077523,0.16583159060080566,0.0
0.243,1.0652530391095052,0.47263162083223875,0.16539464832413997,0.0
0.24325,1.0644463846956977,0.473372181245999,0.16495807987641187,0.0
0.2435,1.0636391701858265,0.4741127931424032,0.16452188685953195,0.0
0.24375,1.062831396308603,0.4748534539288869,0.1640860705667293,0.0
0.244,1.0620230635658583,0.4755941632045051,0.16365063297366222,0.0
0.24425,1.061214172582721,0.4763349185407151,0.16321557533916242,0.0
0.2445,1.060404723827176,0.4770757192291697,0.1627808994789255,0.0
0.24475,1.0595947178774878,0.47781656339866885,0.16234660683119273,0.0
0.245,1.0587841553082935,0.4785574496274947,0.16191269901222305,0.0
0.24525,1.0579730365924611,0.47929837671058095,0.16147917763258723,0.0
0.2455,1.0571613623273155,0.4800393430006338,0.16104604423176339,0.0
0.24575,1.0563491330972123,0.48078034720350615,0.16061330048055034,0.0
0.246,1.0555363493559557,0.4815213879992086,0.16018094791820414,0.0
0.24625,1.0547230117430875,0.48226246365117476,0.15974898807772608,0.0
0.2465,1.0539091208354758,0.48300357265884486,0.15931742252991854,0.0
0.24675,1.0530946771309075,0.4837447135320616,0.15888625277533897,0.0
0.247,1.0522796811647357,0.48448588481954147,0.1584554803623366,0.0
0.24725,1.0514641334634778,0.48522708548563287,0.15802510700285932,0.0
0.2475,1.0506480346931752,0.48596831372459093,0.1575951342109876,0.0
0.24775,1.0498313852527268,0.4867095684063045,0.15716556353873168,0.0
0.248,1.049014185858244,0.48745084701202757,0.1567363962392545,0.0
0.24825,1.0481964369529333,0.488192149513317,0.15630763436347572,0.0
0.2485,1.047378139047506,0.488933473810782,0.15587927914955535,0.0
0.24875,1.0465592927463536,0.48967481871256524,0.15545133230047004,0.0
0.249,1.0457398986955262,0.49041618206926074,0.1550237951484461,0.0
0.24925,1.0449199573114498,0.49115756323314486,0.1545966694516674,0.0
0.2495,1.044099469216416,0.491898960083077,0.15416995652668697,0.0
0.24975,1.0432784349181148,0.4926403714885623,0.15374365800448908,0.0
0.25,1.0424568549627296,0.4933817962685296,0.1533177755276065,0.0
0.25025,1.041634730004958,0.4941232324995184,0.15289231051658714,0.0
0.2505,1.0408120603873048,0.49486467910515586,0.1524672644693712,0.0
0.25075,1.0399888468587974,0.49560613445190427,0.1520426390099674,0.0
0.251,1.039165089904996,0.4963475969495619,0.15161843553968124,0.0
0.25125,1.0383407900853818,0.49708906504604755,0.15119465553983913,0.0
0.2515,1.0375159478717517,0.4978305383071273,0.1507713008931808,0.0
0.25175,1.0366905638918382,0.4985720138975509,0.15034837258294798,0.0
0.252,1.035864638734692,0.4993134909884631,0.1499258724213659,0.0
0.25225,1.0350381728406344,0.5000549682124458,0.14950380185157686,0.0
0.2525,1.0342111669379594,0.5007964436283814,0.1490821623234826,0.0
0.25275,1.0333836213937655,0.5015379164791938,0.1486609554743228,0.0
0.253,1.0325555368096548,0.502279384730592,0.14824018259317873,0.0
0.25325,1.0317269136978275,0.5030208475451659,0.14781984540846027,0.0
0.2535,1.0308977526730434,0.5037623034022616,0.1473999454398991,0.0
0.25375,1.030068054344019,0.5045037499642788,0.1469804838392379,0.0
0.254,1.0292378191407554,0.5052451865730774,0.14656146233199485,0.0
0.25425,1.0284070476444462,0.5059866115588605,0.1461428823325579,0.0
0.2545,1.0275757404816606,0.5067280235344995,0.14572474541733338,0.0
0.25475,1.026743898141305,0.5074694207362853,0.145307052869589,0.0
0.255,1.0259115211042893,0.5082108023946859,0.14488980640285498,0.0
0.25525,1.0250786100095972,0.5089521667054484,0.14447300741143665,0.0
0.2555,1.0242451653675673,0.5096935119295978,0.1440566571992674,0.0
0.25575,1.023411187806257,0.5104348369991243,0.14364075747121596,0.0
0.256,1.0225766779163425,0.5111761397795007,0.14322530941993006,0.0
0.25625,1.021741636115646,0.5119174194651137,0.14281031467347982,0.0
0.2565,1.0209060629171098,0.5126586745548423,0.14239577463208497,0.0
0.25675,1.020069958994167,0.5133999039842081,0.1419816910324594,0.0
0.257,1.0192333248181047,0.5141411052326177,0.14156806477300599,0.0
0.25725,1.018396160988944,0.5148822778766231,0.14115489780679602,0.0
0.2575,1.0175584680531493,0.5156234195869871,0.14074219117785347,0.0
0.25775,1.0167202465688536,0.5163645295582882,0.1403299466246526,0.0
0.258,1.0158814970417005,0.51710560610492,0.13991816543856483,0.0
0.25825,1.01504222006818,0.5178466476452357,0.13950684903529575,0.0
0.2585,1.0142024162651424,0.5185876528958744,0.1390959989808167,0.0
0.25875,1.0133620859715133,0.519328620496303,0.13868561655582967,0.0
0.259,1.0125212299091704,0.5200695489740355,0.13827570332799244,0.0
0.25925,1.0116798486145342,0.5208104363373636,0.13786626045886496,0.0
0.2595,1.0108379426424836,0.5215512819404253,0.13745728973855975,0.0
0.25975,1.0099955124785787,0.5222920837150795,0.13704879224169897,0.0
0.26,1.0091525586637502,0.5230328407279643,0.13664076960909588,0.0
0.26025,1.0083090818512996,0.5237735508326438,0.1362332230205412,0.0
0.2605,1.0074650824022822,0.5245142136294731,0.1358261541975434,0.0
0.26075,1.0066205610338326,0.5252548269305564,0.1354195643505165,0.0
0.261,1.0057755182186785,0.5259953893885552,0.13501345485684402,0.0
0.26125,1.0049299546494534,0.5267358994867308,0.134607827207202,0.0
0.2615,1.0040838707238482,0.5274763558117286,0.13420268267545854,0.0
0.26175,1.003237267049741,0.5282167570201253,0.13379802275109443,0.0
0.262,1.0023901441211542,0.5289571015566779,0.1333938487209423,0.0
0.26225,1.0015425025448508,0.5296973880195708,0.13299016203961722,0.0
0.2625,1.0006943428792887,0.5304376149675534,0.13258696409727322,0.0
0.26275,0.9998456657064523,0.5311777805997266,0.1321842561327331,0.0
0.263,0.9989964715471409,0.5319178837392897,0.13178203961952062,0.0
0.26325,0.9981467609100676,0.5326579229362594,0.1313803158894138,0.0
0.2635,0.997296534386189,0.5333978968115005,0.1309790863767708,0.0
0.26375,0.9964457924844954,0.5341378039767761,0.1305783524361268,0.0
0.264,0.9955945358284417,0.5348776426932886,0.13017811535376134,0.0
0.26425,0.9947427649264604,0.5356174115928809,0.12977837648584734,0.0
0.2645,0.9938904802702027,0.5363571095281401,0.12937913727548356,0.0
0.26475,0.993037682458807,0.5370967346923905,0.12898039894428037,0.0
0.265,0.9921843721478059,0.5378362857098509,0.12858216296400138,0.0
0.26525,0.9913305497091809,0.5385757611054345,0.12818443050637995,0.0
0.2655,0.9904762157327252,0.5393151599301476,0.1277872031827194,0.0
0.26575,0.9896213708972645,0.5400544798337421,0.1273904820092615,0.0
0.266,0.9887660156547451,0.5407937199378949,0.12699426850273987,0.0
0.26625,0.9879101505302437,0.5415328788294431,0.12659856398541214,0.0
0.2665,0.987053776108116,0.5422719547219828,0.12620336964834666,0.0
0.26675,0.9861968929622087,0.5430109465837774,0.1258086870326256,0.0
0.267,0.9853395016043489,0.5437498526401399,0.12541451726378594,0.0
0.26725,0.9844816026465075,0.5444886713326653,0.12502086165503945,0.0
0.2675,0.9836231965852633,0.5452274015256577,0.12462772161948421,0.0
0.26775,0.9827642839528519,0.5459660414916669,0.1242350983114886,0.0
0.268,0.981904865295645,0.5467045903964447,0.12384299332771698,0.0
0.26825,0.9810449412693156,0.5474430457673733,0.1234514075602795,0.0
0.2685,0.9801845123161392,0.5481814069617528,0.12306034260096399,0.0
0.26875,0.9793235790626849,0.5489196722273988,0.12266979965900116,0.0
0.269,0.9784621419487642,0.5496578401288374,0.12227977993103933,0.0
0.26925,0.9776002016519474,0.5503959092060384,0.12189028480536801,0.0
0.2695,0.9767377586774604,0.5511338778336494,0.12150131543490605,0.0
0.26975,0.9758748135545172,0.5518717449194881,0.12111287325163844,0.0
0.27,0.9750113668167053,0.5526095088130987,0.12072495941351913,0.0
0.27025,0.9741474191408965,0.5533471679285498,0.12033757523052668,0.0
0.2705,0.9732829708119457,0.5540847215561939,0.11995072210099123,0.0
0.27075,0.9724180226852077,0.554822167187524,0.11956440102643051,0.0
0.271,0.9715525750530691,0.5555595040701178,0.11917861338344227,0.0
0.27125,0.9706866286679521,0.5562967305111144,0.11879336047909672,0.0
0.2715,0.9698201839295457,0.5570338450551375,0.11840864342781643,0.0
0.27175,0.9689532414468918,0.5577708466360392,0.11802446371603259,0.0
0.272,0.9680858018552989,0.55850773297405,0.11764082224372507,0.0
0.27225,0.9672178656491148,0.5592445028222599,0.11725772029901216,0.0
0.2725,0.9663494333947469,0.5599811550250706,0.1168751592750017,0.0
0.27275,0.9654805055746412,0.5607176881185509,0.11649314033435854,0.0
0.273,0.9646110826877923,0.5614541010441769,0.11611166485412183,0.0
0.27325,0.9637411654618884,0.5621903914987456,0.115730733779146,0.0
0.2735,0.9628707543611501,0.5629265586736736,0.11535034857402326,0.0
0.27375,0.9619998499345055,0.5636626005281542,0.11497051015180348,0.0
0.274,0.9611284527353448,0.5643985163019636,0.11459122007186817,0.0
0.27425,0.9602565632769835,0.5651343041443511,0.11421247930421385,0.0
0.2745,0.9593841820842659,0.5658699628894936,0.11383428917144256,0.0
0.27475,0.9585113098217928,0.5666054905676248,0.11345665070431354,0.0
0.275,0.9576379469560603,0.5673408861230129,0.11307956522301832,0.0
0.27525,0.9567640940710991,0.5680761481837777,0.11270303398481318,0.0
0.2755,0.9558897517511689,0.56881127495069,0.11232705802472531,0.0
0.27575,0.9550149204982894,0.5695462650074248,0.11195163849794376,0.0
0.276,0.9541396009180598,0.5702811168342592,0.11157677659161469,0.0
0.27625,0.953263793507757,0.5710158292661092,0.11120247357772839,0.0
0.2765,0.95238749882291,0.5717504006341088,0.1108287305158353,0.0
0.27675,0.9515107173655828,0.5724848298841962,0.11045554873173713,0.0
0.277,0.9506334498841529,0.5732191149675714,0.11008292924576235,0.0
0.27725,0.9497556966513407,0.573953254909398,0.10971087322003203,0.0
0.2775,0.9488774583742856,0.5746872479714398,0.10933938179072644,0.0
0.27775,0.9479987356089818,0.5754210928121353,0.10896845616516093,0.0
0.278,0.9471195288233218,0.5761547883673757,0.10859809761570793,0.0
0.27825,0.9462398386290438,0.5768883327192853,0.1082283070903558,0.0
0.2785,0.9453596655642897,0.5776217243725057,0.10785908568865055,0.0
0.27875,0.9444790101901219,0.5783549620103869,0.10749043461862406,0.0
0.279,0.9435978731124202,0.5790880438292376,0.10712235486790522,0.0
0.27925,0.9427162547378476,0.5798209692622294,0.10675484789683476,0.0
0.2795,0.9418341557501577,0.5805537358744957,0.10638791442036544,0.0
0.27975,0.9409515766653627,0.5812863425950567,0.10602155571967464,0.0
0.28,0.9400685180397819,0.5820187881156258,0.10565577298230266,0.0
0.28025,0.9391849804068624,0.58275107073257,0.1052905671640354,0.0
0.2805,0.9383009641820994,0.5834831896908526,0.10492593961625718,0.0
0.28075,0.9374164701045729,0.5842151429401952,0.10456189127814386,0.0
0.281,0.9365314986931761,0.5849469286744835,0.10419842302468352,0.0
0.28125,0.9356460504972102,0.5856785459808052,0.1038355362250385,0.0
0.2815,0.9347601259546252,0.5864099935107134,0.10347323191998714,0.0
0.28175,0.9338737257696792,0.5871412691601776,0.10311151096975069,0.0
0.282,0.9329868504499217,0.5878723721380936,0.10275037476109428,0.0
0.28225,0.9320995004859807,0.5886033006645732,0.10238982413638276,0.0
0.2825,0.9312116764976359,0.589334053346164,0.10202986024833138,0.0
0.28275,0.9303233790253085,0.590064628516231,0.10167048403189316,0.0
0.283,0.9294346085846374,0.590795025173712,0.10131169675296059,0.0
0.28325,0.9285453657569089,0.5915252413544252,0.10095349921240682,0.0
0.2835,0.9276556510576697,0.5922552758168536,0.10059589253827683,0.0
0.28375,0.9267654650167394,0.5929851276741189,0.10023887805802612,0.0
0.284,0.9258748082520398,0.5937147949490225,0.09988245658211659,0.0
0.28425,0.9249836812489907,0.5944442762553663,0.09952662912259669,0.0
0.2845,0.9240920846140295,0.5951735699107061,0.09917139662864072,0.0
0.28475,0.9232000189236551,0.5959026744267462,0.09881676012408258,0.0
0.285,0.9223074846649606,0.5966315887334375,0.09846272078008744,0.0
0.28525,0.9214144824094213,0.5973603112807382,0.09810927957432458,0.0
0.2855,0.920521012667006,0.5980888406969598,0.09775643752506569,0.0
0.28575,0.9196270759899896,0.5988171755940428,0.0974041956728271,0.0
0.286,0.9187326730302328,0.5995453138581013,0.09705255474042151,0.0
0.28625,0.9178378042798965,0.6002732545317784,0.0967015159429272,0.0
0.2865,0.9169424702059903,0.601000996549665,0.09635108041227092,0.0
0.28675,0.9160466715514985,0.6017285374114394,0.09600124872004101,0.0
0.287,0.9151504087028606,0.6024558765785386,0.09565202221007563,0.0
0.28725,0.9142536822799965,0.6031830122124902,0.09530340170395979,0.0
0.2875,0.91335649280194,0.6039099430823853,0.09495538826804739,0.0
0.28775,0.9124588408913556,0.6046366672197578,0.09460798264374648,0.0
0.288,0.9115607268766599,0.6053631840942302,0.09426118611628076,0.0
0.28825,0.910662151516691,0.6060894917181869,0.09391499952062965,0.0
0.2885,0.9097631154415051,0.6068155880402273,0.09356942354220954,0.0
0.28875,0.9088636190235935,0.6075414724436854,0.09322445944266411,0.0
0.289,0.9079636627873828,0.6082671435715596,0.09288010819622139,0.0
0.28925,0.9070632474248566,0.6089925993237202,0.0925363704975628,0.0
0.2895,0.9061623733974908,0.6097178384696278,0.09219324732825962,0.0
0.28975,0.9052610413238575,0.6104428599057528,0.09185073986725367,0.0
0.29,0.9043592516960732,0.6111676617065953,0.09150884872463982,0.0
0.29025,0.9034570050566018,0.6118922426970244,0.09116757496666783,0.0
0.2905,0.9025543020100226,0.6126166012702896,0.09082691946466004,0.0
0.29075,0.9016511430152079,0.6133407362289489,0.09048688319415366,0.0
0.291,0.9007475287491253,0.6140646459403953,0.09014746706193821,0.0
0.29125,0.8998434597065845,0.6147883286292029,0.08980867173802776,0.0
0.2915,0.8989389364846332,0.6155117830291204,0.08947049825858544,0.0
0.29175,0.8980339594557627,0.6162350085538009,0.089132947854897,0.0
0.292,0.8971285292876878,0.6169580025015051,0.08879602080120463,0.0
0.29225,0.8962226466025598,0.61768076395375,0.08845971833678123,0.0
0.2925,0.8953163118894256,0.6184032916294058,0.08812404138194063,0.0
0.29275,0.8944095256432831,0.6191255841067544,0.0877889907776106,0.0
0.293,0.8935022885388655,0.6198476391536332,0.08745456704568699,0.0
0.29325,0.8925946010169152,0.6205694562240467,0.0871207714705644,0.0
0.2935,0.8916864636569048,0.6212910333783555,0.08678760465203195,0.0
0.29375,0.8907778770271033,0.622012369346777,0.0864550675574689,0.0
0.294,0.8898688416594212,0.6227334626118193,0.08612316097797401,0.0
0.29425,0.8889593581094353,0.6234543117923081,0.08579188579707098,0.0
0.2945,0.8880494269301185,0.6241749154763809,0.08546124287367296,0.0
0.29475,0.887139048745901,0.6248952718211029,0.08513123287192892,0.0
0.295,0.8862282239748822,0.6256153798291351,0.08480185676851915,0.0
0.29525,0.8853169533014213,0.6263352377879059,0.08447311534115198,0.0
0.2955,0.8844052371019142,0.627054844449205,0.08414500937859315,0.0
0.29575,0.8834930760076727,0.6277741984865273,0.08381753982803808,0.0
0.296,0.8825804705907778,0.6284932979870206,0.08349070724341745,0.0
0.29625,0.8816674214563189,0.6292121418062422,0.08316451264516278,0.0
0.2965,0.8807539291522932,0.6299307281583495,0.08283895662989105,0.0
0.29675,0.8798399941030315,0.6306490559623157,0.08251404009804064,0.0
0.297,0.878925617047706,0.6313671233941776,0.08218976376868836,0.0
0.29725,0.8780107983098979,0.6320849297275473,0.08186612865800669,0.0
0.2975,0.8770955386159951,0.6328024724193284,0.08154313504367328,0.0
0.29775,0.8761798384050188,0.6335197509830266,0.08122078416623157,0.0
0.298,0.8752636982794542,0.6342367636288984,0.080899076632174,0.0
0.29825,0.8743471187734464,0.6349535091033403,0.08057801330124814,0.0
0.2985,0.8734301004529375,0.635669985577735,0.08025759471601313,0.0
0.29875,0.8725126438125077,0.636386191967155,0.07993782179306441,0.0
0.299,0.8715947495704999,0.6371021260933674,0.07961869498057106,0.0
0.29925,0.8706764181211177,0.6378177871332795,0.07930021525792941,0.0
0.2995,0.8697576501091078,0.6385331734674935,0.07898238333245522,0.0
0.29975,0.8688384460681498,0.6392482834252817,0.07866519978549724,0.0
0.3,0.8679188064119732,0.6399631162999668,0.07834866566799681,0.0
0.30025,0.8669987318452055,0.6406776699750623,0.07803278142451187,0.0
0.3005,0.8660782227839956,0.6413919433851589,0.07771754788537955,0.0
0.30075,0.8651572798543068,0.6421059350339675,0.07740296578891459,0.0
0.301,0.8642359037232961,0.6428196430119755,0.07708903565418668,0.0
0.30125,0.863314094697623,0.6435330662932088,0.07677575823210092,0.0
0.3015,0.8623918534708039,0.644246203312008,0.07646313425715867,0.0
0.30175,0.8614691807142734,0.6449590521778319,0.07615116424536228,0.0
0.302,0.8605460767779274,0.6456716122070674,0.07583984917270858,0.0
0.30225,0.8596225423539341,0.6463838813563072,0.0755291894692054,0.0
0.3025,0.8586985778930316,0.647095858517929,0.07521918592748822,0.0
0.30275,0.8577741839377317,0.6478075419630045,0.07490983903497295,0.0
0.303,0.8568493611140457,0.6485189306039914,0.07460114972639631,0.0
0.30325,0.855924109953234,0.6492300223535992,0.0742931182524118,0.0
0.3035,0.8549984309761438,0.6499408165618732,0.07398574571768979,0.0
0.30375,0.854072324705621,0.6506513113094456,0.07367903245651819,0.0
0.304,0.8531457917511247,0.6513615055167818,0.07337297937471021,0.0
0.30425,0.8522188326176963,0.6520713974501078,0.0730675868932047,0.0
0.3045,0.8512914479515228,0.6527809851757382,0.07276285541698724,0.0
0.30475,0.8503636380915296,0.6534902683475892,0.07245878606744882,0.0
0.305,0.8494354037921372,0.6541992445466036,0.07215537902901836,0.0
0.30525,0.8485067456574598,0.654907912473611,0.07185263504212935,0.0
0.3055,0.8475776640874191,0.6556162708980722,0.07155055472253857,0.0
0.30575,0.8466481596047206,0.6563243184598235,0.07124913869921623,0.0
0.306,0.8457182328647601,0.6570320535348131,0.07094838753885147,0.0
0.30625,0.8447878843517937,0.6577394747264265,0.0706483018064219,0.0
0.3065,0.8438571146322769,0.6584465806635365,0.07034888214218005,0.0
0.30675,0.8429259242235698,0.6591533698212046,0.07005012904761099,0.0
0.307,0.841994313766282,0.6598598405460052,0.06975204303621285,0.0
0.30725,0.8410622838039483,0.6605659916888413,0.06945462485015041,0.0
0.3075,0.8401298348552295,0.6612718213517397,0.0691578747442878,0.0
0.30775,0.839196967483467,0.6619773283856034,0.06886179346536103,0.0
0.308,0.8382636821699432,0.6626825115199111,0.06856638161578377,0.0
0.30825,0.8373299794898053,0.6633873693504242,0.0682716397836618,0.0
0.3085,0.8363958600035133,0.6640919000751211,0.06797756829270574,0.0
0.30875,0.8354613241850029,0.664796102733483,0.06768416791604914,0.0
0.309,0.834526372857038,0.6654999747593493,0.06739143869464237,0.0
0.30925,0.8335910063120053,0.6662035158979478,0.06709938168806429,0.0
0.3095,0.8326552252755945,0.6669067239098609,0.06680799705239115,0.0
0.30975,0.8317190300357744,0.6676095980382044,0.06651728552160963,0.0
0.31,0.8307824214624056,0.6683121359847988,0.06622724731433416,0.0
0.31025,0.8298453999165432,0.6690143369840129,0.06593788320558613,0.0
0.3105,0.8289079659089911,0.6697161994744718,0.0656491935838508,0.0
0.31075,0.8279701201608365,0.6704177216681018,0.06536117885241088,0.0
0.311,0.8270318630135609,0.6711189027814228,0.06507383974549974,0.0
0.31125,0.8260931951045194,0.6718197410609505,0.06478717661192568,0.0
0.3115,0.8251541170670222,0.6725202348504666,0.06450118985184039,0.0
0.31175,0.8242146293602222,0.6732203824993235,0.06421587972739062,0.0
0.312,0.823274732609292,0.6739201829975343,0.06393124702883468,0.0
0.31225,0.8223344273588378,0.6746196344649746,0.06364729192775354,0.0
0.3125,0.8213937141217542,0.6753187355122847,0.0633640148757344,0.0
0.31275,0.8204525934238642,0.6760174853379439,0.0630814167026823,0.0
0.313,0.8195110659214908,0.6767158813718908,0.06279949720947497,0.0
0.31325,0.8185691320875019,0.6774139232027636,0.06251825742217054,0.0
0.3135,0.8176267924254947,0.6781116090938184,0.06223769754222652,0.0
0.31375,0.816684047500809,0.6788089373086805,0.061957817812197336,0.0
0.314,0.8157408979353189,0.6795059064853248,0.06167861875087377,0.0
0.31425,0.8147973441530745,0.6802025157526828,0.06140010103409277,0.0
0.3145,0.813853386912589,0.680898762739865,0.06112226462824322,0.0
0.31475,0.8129090265386996,0.6815946468119733,0.060845110273330505,0.0
0.315,0.8119642637565381,0.6822901656533489,0.060568637932015834,0.0
0.31525,0.811019099023536,0.682985318481073,0.060292848340325556,0.0
0.3155,0.8100735329495254,0.6836801035442619,0.060017741723042306,0.0
0.31575,0.8091275660397326,0.6843745196796931,0.05974331859757065,0.0
0.316,0.8081811988879029,0.6850685647236432,0.059469578897100916,0.0
0.31625,0.807234432033944,0.6857622376592403,0.059196523247962984,0.0
0.3165,0.8062872658883791,0.6864555377600965,0.058924152361849336,0.0
0.31675,0.805339701205396,0.6871484626112476,0.05865246611274544,0.0
0.317,0.8043917384106738,0.6878410112196249,0.05838146503941677,0.0
0.31725,0.8034433781382653,0.6885331817789364,0.058111149305617005,0.0
0.3175,0.8024946208722898,0.6892249730902478,0.057841519349762116,0.0
0.31775,0.8015454671435904,0.6899163839198579,0.05757257561809426,0.0
0.318,0.8005959174962118,0.690607412485825,0.057304318203594384,0.0
0.31825,0.7996459726368759,0.691298057192185,0.05703674743693976,0.0
0.3185,0.7986956330108796,0.6919883168777545,0.056769863729070114,0.0
0.31875,0.7977448991226588,0.6926781901267702,0.05650366736397028,0.0
0.319,0.7967937716095683,0.693367675059477,0.056238158415603534,0.0
0.31925,0.7958422509362464,0.6940567704797331,0.05597333726947307,0.0
0.3195,0.7948903376827232,0.6947454753676965,0.05570920450910166,0.0
0.31975,0.793938032502906,0.6954337875460652,0.05544576000628809,0.0
0.32,0.7929853357846746,0.6961217058735585,0.05518300410774524,0.0
0.32025,0.7920322482099689,0.6968092289132102,0.054920937181152096,0.0
0.3205,0.7910787702444981,0.6974963552027589,0.054659559408950065,0.0
0.32075,0.7901249024774977,0.6981830834095675,0.05439887114619313,0.0
0.321,0.7891706453663989,0.6988694121528312,0.05413887261160344,0.0
0.32125,0.788215999702631,0.6995553393117788,0.05387956377701708,0.0
0.3215,0.78726096576389,0.7002408643268367,0.0536209452591041,0.0
0.32175,0.7863055441800437,0.7009259853721801,0.053363017092510345,0.0
0.322,0.7853497355259176,0.7016107011438066,0.053105779611019255,0.0
0.32225,0.7843935404789892,0.7022950093279192,0.0528492325456984,0.0
0.3225,0.7834369593964059,0.7029789095512768,0.05259337667600206,0.0
0.32275,0.7824799929245909,0.7036623998258946,0.05233821191478416,0.0
0.323,0.7815226416038694,0.7043454788271291,0.05208373853211312,0.0
0.32325,0.7805649060557904,0.7050281447412416,0.05182995652489475,0.0
0.3235,0.7796067866919447,0.7057103967942382,0.05157686642471382,0.0
0.32375,0.7786482841195603,0.706392233332501,0.051324468313571625,0.0
0.324,0.7776893988455367,0.7070736526561063,0.05107276216120282,0.0
0.32425,0.7767301315400523,0.7077546534227395,0.05082174829214914,0.0
0.3245,0.7757704826186504,0.7084352342979017,0.05057142684212401,0.0
0.32475,0.7748104527553217,0.7091153935768375,0.050321797882220354,0.0
0.325,0.7738500424064743,0.7097951298125338,0.05007286149014134,0.0
0.32525,0.7728892521187127,0.7104744423325329,0.04982461832838858,0.0
0.3255,0.7719280824742984,0.7111533286175415,0.04957706783077942,0.0
0.32575,0.7709665340957557,0.7118317876319082,0.04933021045753749,0.0
0.326,0.770004607418759,0.7125098180230935,0.049084046311552276,0.0
0.32625,0.7690423030724336,0.7131874181770925,0.048838575454325905,0.0
0.3265,0.7680796216314647,0.7138645866002165,0.04859379798253238,0.0
0.32675,0.7671165635371047,0.7145413218346661,0.048349713913352854,0.0
0.327,0.7661531293791946,0.7152176229011431,0.04810632369330481,0.0
0.32725,0.7651893196171642,0.715893488197537,0.04786362724345761,0.0
0.3275,0.7642251350639224,0.7165689156586907,0.047621624419686315,0.0
0.32775,0.7632605760350089,0.7172439044393784,0.047380315541941886,0.0
0.328,0.7622956432802415,0.7179184525038167,0.047139700426601205,0.0
0.32825,0.7613303370682036,0.7185925590480764,0.04689977937701739,0.0
0.3285,0.7603646582182648,0.7192662223558628,0.04666055246648715,0.0
0.32875,0.7593986070894339,0.7199394410149438,0.04642201963561621,0.0
0.329,0.7584321843916868,0.720612213482724,0.04618418098421673,0.0
0.32925,0.7574653905918929,0.7212845382627222,0.04594703646092757,0.0
0.3295,0.7564982262618081,0.7219564138344765,0.04571058606767475,0.0
0.32975,0.7555306919683051,0.7226278389456837,0.04547482998177199,0.0
0.33,0.7545627881989425,0.7232988122118158,0.04523976822621223,0.0
0.33025,0.7535945155450499,0.723969331831043,0.045005400603970624,0.0
0.3305,0.752625874536399,0.724639397010769,0.0447717275662709,0.0
0.33075,0.7516568657713858,0.7253090053031102,0.044538748460319466,0.0
0.331,0.7506874897785742,0.7259781559584368,0.044306463754232084,0.0
0.33125,0.7497177470545431,0.7266468478047798,0.044074873595358,0.0
0.3315,0.7487476382212108,0.7273150784658569,0.04384397737671342,0.0
0.33175,0.7477771637874309,0.7279828471059275,0.04361377547559542,0.0
0.332,0.7468063243050125,0.7286501522048994,0.04338426781803961,0.0
0.33225,0.7458351203239069,0.7293169924799727,0.043155454488260414,0.0
0.3325,0.7448635524767262,0.7299833661691082,0.04292733528843273,0.0
0.33275,0.7438916212540985,0.7306492715322079,0.04269990992739481,0.0
0.333,0.7429193270994148,0.7313147077694353,0.04247317873302703,0.0
0.33325,0.7419466706890372,0.7319796731816055,0.04224714156364873,0.0
0.3335,0.7409736525013191,0.7326441664552306,0.04202179840060216,0.0
0.33375,0.7400002731995574,0.7333081860307971,0.04179714917789901,0.0
0.334,0.7390265332310957,0.7339717300489994,0.04157319345819044,0.0
0.33425,0.7380524332812683,0.7346347973018013,0.04134993142509957,0.0
0.3345,0.7370779737526938,0.7352973864104371,0.04112736293567676,0.0
0.33475,0.736103155255762,0.7359594959007509,0.04090548792096205,0.0
0.335,0.7351279783038809,0.7366211245204397,0.040684306394070724,0.0
0.33525,0.7341524435117179,0.7372822705937523,0.040463818134059526,0.0
0.3355,0.7331765512994188,0.7379429327538318,0.04024402299491037,0.0
0.33575,0.7322003024073638,0.7386031095272614,0.0400249209748651,0.0
0.336,0.731223697308188,0.7392627992302963,0.039806511727479954,0.0
0.33625,0.7302467365519352,0.7399220007674003,0.0395887953726628,0.0
0.3365,0.7292694206083112,0.7405807123979287,0.03937177150921589,0.0
0.33675,0.7282917501057913,0.7412389329417266,0.039155440240172146,0.0
0.337,0.7273137255125928,0.7418966611425901,0.0389398014964728,0.0
0.33725,0.7263353475300445,0.7425538948866333,0.038724854753605875,0.0
0.3375,0.7253566166319896,0.7432106330316444,0.03851060001480233,0.0
0.33775,0.7243775334015279,0.7438668740826344,0.03829703710178789,0.0
0.338,0.7233980982563857,0.7445226167469485,0.03808416585972396,0.0
0.33825,0.7224183119435477,0.7451778592153104,0.03787198598674868,0.0
0.3385,0.7214381748019836,0.7458326007895977,0.03766049768804103,0.0
0.33875,0.7204576875028952,0.7464868396270674,0.0374497005727199,0.0
0.339,0.7194768505825184,0.7471405737534909,0.03723959405377264,0.0
0.33925,0.718495664667282,0.7477938022527937,0.0370301783619269,0.0
0.3395,0.7175141302433037,0.7484465233346711,0.036821452994950654,0.0
0.33975,0.7165322478159943,0.7490987360903034,0.03661341809390639,0.0
0.34,0.7155500179988135,0.7497504383033373,0.03640607292419351,0.0
0.34025,0.7145674413127932,0.750401629154581,0.03619941769051449,0.0
0.3405,0.7135845182917979,0.7510523072409185,0.03599345217894312,0.0
0.34075,0.7126012495590501,0.7517024703673769,0.03578817565636294,0.0
0.341,0.711617635604199,0.7523521178823316,0.03558358841039011,0.0
0.34125,0.7106336769528347,0.7530012480529393,0.03537968996344043,0.0
0.3415,0.7096493741790368,0.7536498593747254,0.03517648003045459,0.0
0.34175,0.7086647278716232,0.7542979502489331,0.03497395826131955,0.0
0.342,0.707679738496255,0.7549455197931465,0.03477212473755387,0.0
0.34225,0.706694406670481,0.7555925659756753,0.0345709788008981,0.0
0.3425,0.7057087329425791,0.7562390876450138,0.034370520381155956,0.0
0.34275,0.7047227178784468,0.7568850831546072,0.03417074905256423,0.0
0.343,0.7037363619801926,0.7575305508606931,0.033971664341156727,0.0
0.34325,0.7027496657942365,0.758175490025728,0.033773266461105456,0.0
0.3435,0.7017626299724835,0.7588198985068075,0.033575554662443885,0.0
0.34375,0.7007752549310826,0.7594637751319766,0.033378528740285685,0.0
0.344,0.6997875413642003,0.7601071182459336,0.03318218831757358,0.0
0.34425,0.6987994897112308,0.7607499264347766,0.03298653301540888,0.0
0.3445,0.697811100544115,0.7613921986353276,0.03279156279731832,0.0
0.34475,0.6968223744286579,0.7620339329328729,0.032597276989211776,0.0
0.345,0.6958333118857514,0.762675127967249,0.03240367528876664,0.0
0.34525,0.694843913473111,0.7633157828433923,0.03221075775659732,0.0
0.3455,0.693854179789783,0.7639558952605228,0.03201852343601819,0.0
0.34575,0.6928641113775811,0.7645954643847617,0.03182697241000376,0.0
0.346,0.6918737086904976,0.76523448843529,0.03163610399596006,0.0
0.34625,0.6908829724146575,0.765872965939991,0.031445917889169284,0.0
0.3465,0.6898919030576103,0.7665108956205273,0.031256413802810856,0.0
0.34675,0.6889005011176081,0.7671482759171937,0.031067591229020364,0.0
0.347,0.6879087672170829,0.7677851052846023,0.030879449747163612,0.0
0.34725,0.6869167018314108,0.7684213826331714,0.030691989171749645,0.0
0.3475,0.68592430558442,0.7690571060091358,0.030505208766368197,0.0
0.34775,0.6849315788824004,0.7696922745843793,0.030319108483004564,0.0
0.348,0.6839385224759607,0.7703268863227493,0.030133687595111036,0.0
0.34825,0.6829451367897565,0.7709609402856685,0.02994894597302311,0.0
0.3485,0.6819514223822942,0.7715944345660475,0.02976488284585277,0.0
0.34875,0.6809573799135684,0.7722273675547129,0.029581497725767125,0.0
0.349,0.67996300987007,0.7728597382227065,0.029398790438980082,0.0
0.34925,0.6789683126861696,0.7734915454828695,0.029216760728944857,0.0
0.3495,0.677973289010847,0.7741227871288814,0.029035407633951626,0.0
0.34975,0.6769779394379398,0.7747534617090892,0.028854730715593302,0.0
0.35,0.6759822644688622,0.7753835685644219,0.028674730065898046,0.0
0.35025,0.674986264685085,0.7760131052618746,0.028495404487400178,0.0
0.3505,0.6739899405850007,0.7766420707594719,0.02831675376964138,0.0
0.35075,0.6729932927271598,0.7772704642283585,0.02813877789796093,0.0
0.351,0.6719963217345519,0.7778982831847614,0.0279614756432105,0.0
0.35125,0.6709990280329485,0.7785255270172158,0.027784847056326,0.0
0.3515,0.6700014122129812,0.7791521937206269,0.02760889123588961,0.0
0.35175,0.6690034749375737,0.7797782819376238,0.027433607811298444,0.0
0.352,0.6680052167062343,0.7804037900740894,0.027258996119647882,0.0
0.35225,0.66700663795101,0.7810287171166976,0.02708505588956167,0.0
0.3525,0.6660077393412891,0.7816530617155095,0.026911786743011534,0.0
0.35275,0.6650085213408268,0.78227682176054,0.02673918758352878,0.0
0.353,0.6640089846895378,0.7828999958715457,0.026567258042110575,0.0
0.35325,0.6630091297661451,0.7835225830433714,0.026395997796278436,0.0
0.3535,0.6620089571757379,0.7841445815284871,0.026225406098189463,0.0
0.35375,0.6610084673781191,0.7847659901887738,0.026055482565410015,0.0
0.354,0.6600076610216625,0.785386807320954,0.02588622649935557,0.0
0.35425,0.6590065387537187,0.7860070310140372,0.0257176370345098,0.0
0.3545,0.6580051008895023,0.786626660828766,0.025549714213415564,0.0
0.35475,0.6570033480293596,0.7872456949298297,0.025382457187238083,0.0
0.355,0.656001280823526,0.7878641316775585,0.025215865282107286,0.0
0.35525,0.6549988998132097,0.788481969566547,0.02504993785086218,0.0
0.3555,0.6539962055954582,0.7890992071378875,0.02488467431165131,0.0
0.35575,0.6529931985801891,0.7897158430087217,0.024720074015807558,0.0
0.356,0.6519898794564565,0.7903318755754611,0.02455613631673259,0.0
0.35625,0.6509862486913622,0.7909473037161661,0.024392860791759396,0.0
0.3565,0.6499823068451782,0.7915621258689001,0.024230246732575234,0.0
0.35675,0.6489780544344743,0.7921763405613547,0.024068293466180224,0.0
0.357,0.6479734920586218,0.7927899462771606,0.023907000331957917,0.0
0.35725,0.6469686202593419,0.7934029417231017,0.023746366799486163,0.0
0.3575,0.6459634396061116,0.794015325302091,0.023586392114678167,0.0
0.35775,0.6449579505919303,0.7946270957259358,0.02342707570865943,0.0
0.358,0.6439521538829762,0.7952382509620151,0.0232684165377377,0.0
0.35825,0.6429460499028377,0.7958487901887281,0.023110414339784002,0.0
0.3585,0.641939639237215,0.7964587119810034,0.022953068480878303,0.0
0.35875,0.6409329224724178,0.7970680145550517,0.022796378041967102,0.0
0.359,0.6399259001299882,0.7976766964971489,0.022640342345137565,0.0
0.35925,0.6389185727382127,0.7982847564462006,0.02248496075209072,0.0
0.3595,0.637910940950718,0.7988921929431072,0.022330232620593637,0.0
0.35975,0.6369030051805833,0.7994990047474744,0.022176157323315904,0.0
0.36,0.635894766047219,0.8001051898978986,0.022022733792061766,0.0
0.36025,0.634886224033858,0.8007107476547972,0.021869961823848927,0.0
0.3605,0.6338773798806034,0.801315675709013,0.021717840140462075,0.0
0.36075,0.6328682339758931,0.8019199729012243,0.021566368139469327,0.0
0.361,0.6318587869591283,0.8025236381065213,0.021415545396283875,0.0
0.36125,0.6308490392603101,0.8031266695035413,0.0212653708040369,0.0
0.3615,0.6298389915378557,0.8037290659212459,0.02111584390218013,0.0
0.36175,0.6288286442573785,0.8043308259308546,0.020966963902938174,0.0
0.362,0.6278179980410776,0.8049319478839507,0.020818729936200597,0.0
0.36225,0.6268070534125894,0.8055324302267834,0.02067114113941737,0.0
0.3625,0.6257958109156814,0.8061322717384769,0.020524196919334603,0.0
0.36275,0.6247842710368889,0.8067314712965299,0.02037789672030854,0.0
0.363,0.6237724345118973,0.8073300265094119,0.020232239130183016,0.0
0.36325,0.6227603017087358,0.8079279367094969,0.020087223868635817,0.0
0.3635,0.621747873332497,0.8085251997137206,0.01994284965658477,0.0
0.36375,0.6207351497744078,0.8091218150400508,0.01979911636516074,0.0
0.364,0.6197221316565305,0.8097177809082297,0.019656022972385445,0.0
0.36425,0.6187088195460149,0.8103130952253821,0.019513568167565998,0.0
0.3645,0.617695214032052,0.810907757115416,0.019371751613736388,0.0
0.36475,0.6166813155365531,0.8115017651292789,0.019230572412263003,0.0
0.365,0.6156671247150065,0.8120951177911309,0.019090029779034845,0.0
0.36525,0.6146526420461829,0.8126878134968223,0.01895012271484542,0.0
0.3655,0.613637868122062,0.813279851079038,0.01881085063152499,0.0
0.36575,0.6126228035433634,0.8138712285685727,0.018672212300427926,0.0
0.366,0.6116074488441843,0.8144619448853305,0.018534207156581717,0.0
0.36625,0.6105918044945078,0.8150519983310573,0.018396834097253567,0.0
0.3665,0.6095758710979382,0.8156413876988253,0.01826009248721694,0.0
0.36675,0.608559649189873,0.8162301115338195,0.01812398144656857,0.0
0.367,0.6075431393860029,0.8168181682051028,0.0179884999964095,0.0
0.36725,0.6065263421624021,0.8174055562969116,0.017853647241079074,0.0
0.3675,0.605509258049171,0.8179922746144044,0.01771942248937397,0.0
0.36775,0.6044918877141612,0.8185783212689017,0.01758582456893687,0.0
0.368,0.6034742315916066,0.8191636950287418,0.017452852690591047,0.0
0.36825,0.6024562902846906,0.8197483943072541,0.01732050587458067,0.0
0.3685,0.6014380643776285,0.8203324179123896,0.017188783442039224,0.0
0.36875,0.6004195543233415,0.820915764461482,0.01705768447773859,0.0
0.369,0.599400760662391,0.8214984322514454,0.016927207854247284,0.0
0.36925,0.5983816841298566,0.8220804197828286,0.016797352717047076,0.0
0.3695,0.597362325087536,0.8226617259182518,0.016668118278912125,0.0
0.36975,0.5963426841677641,0.8232423488127409,0.01653950333429366,0.0
0.37,0.5953227618728381,0.823822287452586,0.016411507268347947,0.0
0.37025,0.5943025587717692,0.8244015398888536,0.01628412874244245,0.0
0.3705,0.5932820754366386,0.8249801052378274,0.016157367277638723,0.0
0.37075,0.5922613124886222,0.8255579813181129,0.016031221365162107,0.0
0.371,0.5912402703140192,0.8261351673979291,0.015905690530670702,0.0
0.37125,0.5902189495777552,0.8267116614217827,0.015780773381458113,0.0
0.3715,0.5891973507884956,0.827287462542408,0.015656469410813,0.0
0.37175,0.588175474543938,0.8278625688008248,0.015532777253637997,0.0
0.372,0.5871533213451237,0.8284369788751818,0.01540969600179043,0.0
0.37225,0.5861308918228065,0.8290106911455197,0.01528722457370213,0.0
0.3725,0.5851081864134038,0.8295837045787877,0.01516536224924847,0.0
0.37275,0.5840852056738406,0.8301560175933389,0.015044107925111128,0.0
0.373,0.5830619502522101,0.8307276288483507,0.014923460741702366,0.0
0.37325,0.5820384205993907,0.8312985364999577,0.01480341930878648,0.0
0.3735,0.581014617252686,0.8318687393726591,0.014683982827531583,0.0
0.37375,0.5799905409581498,0.8324382358853697,0.014565150281081518,0.0
0.374,0.5789661920781377,0.8330070245311916,0.014446920488089487,0.0
0.37425,0.5779415712519587,0.8335751039244883,0.0143292925198919,0.0
0.3745,0.5769166789393676,0.8341424726820321,0.014212265342183672,0.0
0.37475,0.5758915158057558,0.8347091293344988,0.01409583796178171,0.0
0.375,0.5748660822638296,0.8352750726342393,0.013980009419070294,0.0
0.37525,0.5738403789887876,0.8358403008275772,0.013864778481593287,0.0
0.3755,0.5728144064962244,0.8364048121162142,0.013750143783359148,0.0
0.37575,0.5717881652722099,0.8369686059876216,0.013636104997361675,0.0
0.376,0.5707616560371811,0.8375316800731412,0.013522660392180974,0.0
0.37625,0.5697348791665107,0.8380940334431202,0.013409809224203428,0.0
0.3765,0.5687078352601755,0.8386556644389174,0.013297550269316005,0.0
0.37675,0.567680524889326,0.8392165717018614,0.013185882529778592,0.0
0.377,0.5666529485888496,0.839776753850586,0.01307480496371305,0.0
0.37725,0.5656251069087901,0.8403362094897773,0.012964316521182795,0.0
0.3775,0.5645970004129062,0.8408949366736636,0.012854415697861166,0.0
0.37775,0.5635686295969382,0.841452934670464,0.012745101953747895,0.0
0.378,0.5625399951055883,0.8420102014018127,0.012636373708803994,0.0
0.37825,0.5615110974130246,0.8425667358638549,0.012528230175460342,0.0
0.3785,0.5604819371493033,0.8431225361184431,0.01242066987069701,0.0
0.37875,0.5594525147833398,0.8436776011466662,0.01231369198188581,0.0
0.379,0.5584228308735,0.8442319294555745,0.012207295346687186,0.0
0.37925,0.5573928860035338,0.844785519358453,0.01210147864978417,0.0
0.3795,0.5563626806721587,0.8453383698473544,0.011996241090298287,0.0
0.37975,0.5553322155435545,0.8458904788308956,0.011891581048718125,0.0
0.38,0.5543014910866368,0.8464418451097728,0.011787497537751657,0.0
0.38025,0.5532705078855287,0.8469924672713844,0.011683989450449905,0.0
0.3805,0.5522392663629319,0.8475423441688648,0.01158105580933233,0.0
0.38075,0.5512077672138513,0.8480914740991281,0.011478695315186194,0.0
0.381,0.550176011042959,0.8486398552292869,0.011376906504556805,0.0
0.38125,0.5491439982364614,0.8491874866953353,0.011275688602799816,0.0
0.3815,0.5481117293403575,0.8497343667806092,0.011175040202496378,0.0
0.38175,0.5470792051246889,0.85028049393582,0.01107496015261078,0.0
0.382,0.5460464259762681,0.8508258665845219,0.01097544706622755,0.0
0.38225,0.5450133923619642,0.8513704838664324,0.010876500198149675,0.0
0.3825,0.543980105037221,0.851914343963351,0.010778118148000226,0.0
0.38275,0.5429465643651401,0.8524574456255749,0.010680299777525715,0.0
0.383,0.5419127710007885,0.8529997869227728,0.010583043526878555,0.0
0.38325,0.5408787254399545,0.8535413667714948,0.010486348459839867,0.0
0.3835,0.5398444283555133,0.8540821836205907,0.010390213335722764,0.0
0.38375,0.538809880195366,0.8546222360195159,0.010294636873393381,0.0
0.384,0.5377750815015592,0.8551615223609588,0.010199617704699682,0.0
0.38425,0.536740032967332,0.8557000411934439,0.010105154668678118,0.0
0.3845,0.5357047349198449,0.856237791317298,0.01001124661830688,0.0
0.38475,0.5346691880282091,0.8567747714937965,0.009917892551167595,0.0
0.385,0.5336333928254504,0.8573109798924605,0.009825090885828613,0.0
0.38525,0.5325973498927628,0.8578464149046781,0.009732840249143893,0.0
0.3855,0.5315610597190528,0.8583810754605778,0.00964113967216118,0.0
0.38575,0.5305245228847237,0.8589149600540154,0.00954998785927108,0.0
0.386,0.5294877399813824,0.859448066780871,0.009459383176940284,0.0
0.38625,0.5284507115630248,0.8599803947273017,0.00936932480970154,0.0
0.3865,0.5274134380534683,0.8605119424370002,0.009279811408153815,0.0
0.38675,0.5263759202009055,0.8610427077761784,0.009190841209869127,0.0
0.387,0.5253381583351011,0.8615726901367253,0.009102413530137854,0.0
0.38725,0.5243001531125664,0.8621018878735782,0.009014526966310887,0.0
0.3875,0.5232619051965504,0.8626302989992993,0.00892717982099378,0.0
0.38775,0.522223414934766,0.8631579226776012,0.008840371212036846,0.0
0.388,0.5211846830833071,0.8636847568717698,0.00875409943816119,0.0
0.38825,0.5201457100628328,0.8642108004544724,0.008668363397468903,0.0
0.3885,0.5191064964201768,0.8647360521131517,0.00858316189091246,0.0
0.38875,0.5180670427416008,0.8652605103128366,0.008498493544664587,0.0
0.389,0.517027349420518,0.8657841739823553,0.008414357279345586,0.0
0.38925,0.515987417249983,0.8663070410491045,0.008330751356697919,0.0
0.3895,0.514947246644331,0.8668291102680357,0.008247674549587858,0.0
0.38975,0.5139068381987961,0.8673503802533205,0.008165125598511791,0.0
0.39,0.5128661924927105,0.867870849223209,0.008083102890522609,0.0
0.39025,0.511825310041436,0.8683905159181435,0.008001605224709829,0.0
0.3905,0.5107841914147748,0.8689093787789801,0.007920631165628356,0.0
0.39075,0.5097428371627704,0.8694274368840595,0.007840179813017656,0.0
0.391,0.5087012477901833,0.8699446882463278,0.007760249320883705,0.0
0.39125,0.50765942389169,0.8704611314098472,0.007680838341860063,0.0
0.3915,0.506617366013149,0.8709767650620606,0.00760194562340577,0.0
0.39175,0.5055750746562993,0.8714915877485225,0.0075235697640840815,0.0
0.392,0.5045325504880651,0.8720055981205945,0.00744570953260193,0.0
0.39225,0.5034897939045084,0.872518794737779,0.0073683634781622764,0.0
0.3925,0.5024468054994227,0.8730311761324216,0.007291530221382292,0.0
0.39275,0.5014035859365702,0.8735427406125922,0.007215208218685376,0.0
0.393,0.5003601356388856,0.8740534869328727,0.007139396189066449,0.0
0.39325,0.49931645527036395,0.8745634135257419,0.0070640926880269905,0.0
0.3935,0.498272545253057,0.8750725190347595,0.006989296329806827,0.0
0.39375,0.49722840627862297,0.8755808016034123,0.006915005423423715,0.0
0.394,0.496184038768833,0.8760882603916897,0.006841219023679068,0.0
0.39425,0.4951394433589993,0.8765948938703829,0.006767935688005267,0.0
0.3945,0.49409462054076947,0.8771007002679667,0.006695153687492628,0.0
0.39475,0.4930495708799487,0.877605678180764,0.006622871645593165,0.0
0.395,0.4920042949988286,0.8781098261798022,0.0065510881871901905,0.0
0.39525,0.49095879333782655,0.8786131430682005,0.0064798020466763084,0.0
0.3955,0.48991306645400456,0.8791156274015464,0.006409011795890152,0.0
0.39575,0.48886711501991265,0.8796172771293698,0.006338715528911187,0.0
0.396,0.4878209394279409,0.8801180916182645,0.006268912437492835,0.0
0.39625,0.48677454034231715,0.8806180685713514,0.0061996003874238426,0.0
0.3965,0.48572791827003314,0.8811172074766631,0.0061307787253170876,0.0
0.39675,0.4846810738376579,0.8816155057622765,0.00606244504846698,0.0
0.397,0.48363400754637276,0.8821129624725046,0.005994598304276844,0.0
0.39725,0.48258671983124657,0.8826095769294966,0.005927237649496764,0.0
0.3975,0.48153921135920363,0.8831053464510461,0.0058603605903087,0.0
0.39775,0.48049148263444685,0.8836002707712254,0.005793966670725181,0.0
0.398,0.47944353429814335,0.884094347199273,0.0057280533673125245,0.0
0.39825,0.4783953668698846,0.884587575053807,0.005662619859237994,0.0
0.3985,0.47734698069352355,0.8850799529966054,0.005597664662013946,0.0
0.39875,0.47629837663813035,0.8855714791348959,0.005533186048717997,0.0
0.399,0.47524955506136557,0.8860621523473,0.005469182724341826,0.0
0.39925,0.474200516572596,0.8865519706980791,0.005405652792127791,0.0
0.3995,0.4731512617422293,0.8870409332088656,0.005342595176549114,0.0
0.39975,0.47210179109264594,0.8875290380951171,0.005280008064881381,0.0
0.4,0.47105210511591444,0.8880162843849675,0.005217890343689691,0.0
0.40025,0.47000220449569596,0.8885026702458987,0.005156240225819841,0.0
0.4005,0.46895208962628665,0.8889881939900732,0.005095055911923607,0.0
0.40075,0.46790176124695115,0.8894728544758408,0.005034336242995874,0.0
0.401,0.4668512197077259,0.8899566506156589,0.004974079923275143,0.0
0.40125,0.46580046564261934,0.890439580399601,0.004914284969170124,0.0
0.4015,0.4647494997087449,0.8909216424764281,0.004854949986526691,0.0
0.40175,0.46369832231578734,0.891402835203678,0.004796073204723195,0.0
0.402,0.46264693401546353,0.8918831579853261,0.004737653843920997,0.0
0.40225,0.46159533547372256,0.8923626082938938,0.004679689459371916,0.0
0.4025,0.4605435271579914,0.8928411853890452,0.0046221790972160726,0.0
0.40275,0.45949150964202445,0.8933188874008806,0.004565120845957837,0.0
0.403,0.4584392833973414,0.893795713095507,0.004508513308759232,0.0
0.40325,0.4573868491062072,0.8942716609883519,0.00445235495874563,0.0
0.4035,0.4563342072614809,0.8947467294553633,0.00439664405454554,0.0
0.40375,0.45528135845616546,0.8952209171434404,0.00434137913800714,0.0
0.404,0.4542283030779082,0.8956942230000138,0.004286558922618644,0.0
0.40425,0.45317504181925017,0.8961666451142705,0.004232181491534259,0.0
0.4045,0.45212157516974827,0.8966381824230325,0.004178245588328577,0.0
0.40475,0.45106790374095596,0.897108833007124,0.004124749244168502,0.0
0.405,0.4500140280732463,0.8975785954874098,0.00407169093638915,0.0
0.40525,0.44895994869430034,0.8980474688075972,0.0040190694221504675,0.0
0.4055,0.44790566610334537,0.898515451199323,0.003966882806103467,0.0
0.40575,0.4468511809205822,0.898982541346129,0.0039151296475532504,0.0
0.406,0.44579649376751185,0.8994487374275835,0.0038638080514115103,0.0
0.40625,0.44474160507092897,0.8999140381210822,0.0038129164781945946,0.0
0.4065,0.44368651540082027,0.9003784423911654,0.0037624537066842656,0.0
0.40675,0.442631225256509,0.9008419487355894,0.0037124180629692916,0.0
0.407,0.44157573544992523,0.9013045550040175,0.0036628074254481113,0.0
0.40725,0.440520046138305,0.9017662606443082,0.0036136208153578764,0.0
0.4075,0.43946415809778117,0.9022270639098622,0.003564856451242049,0.0
0.40775,0.438408071999973,0.9026869624413152,0.0035165119499838138,0.0
0.408,0.437351788194869,0.9031459558847672,0.003468586587671574,0.0
0.40825,0.43629530722572696,0.9036040426877676,0.0034210786448869435,0.0
0.4085,0.4352386298370643,0.9040612207364305,0.003373985980247518,0.0
0.40875,0.4341817562962085,0.9045174895299439,0.003327307694758419,0.0
0.409,0.4331246873867318,0.9049728470931484,0.003281041782277949,0.0
0.40925,0.4320674235949369,0.9054272916627042,0.003235186294632708,0.0
0.4095,0.43100996539569003,0.9058808221994283,0.0031897399291453965,0.0
0.40975,0.42995231344796636,0.9063334368469995,0.0031447007217615397,0.0
0.41,0.42889446832705325,0.9067851345543261,0.00310006739619606,0.0
0.41025,0.42783643040637287,0.9072359139928636,0.003055838336696759,0.0
0.4105,0.42677820042249337,0.9076857733442196,0.0030120116366283423,0.0
0.41075,0.42571977870824895,0.9081347115437381,0.0029685858959036526,0.0
0.411,0.42466116599899983,0.9085827269299855,0.0029255593428452187,0.0
0.41125,0.4236023628509731,0.9090298177282747,0.0028829300232544597,0.0
0.4115,0.422543369807423,0.9094759826626913,0.002840696426147593,0.0
0.41175,0.42148418729630777,0.9099212203100251,0.0027988568558074967,0.0
0.412,0.42042481596451253,0.9103655294189039,0.002757409861904314,0.0
0.41225,0.4193652563618482,0.9108089082897735,0.0027163535434373554,0.0
0.4125,0.41830550903366337,0.9112513557822837,0.0026756865023518372,0.0
0.41275,0.4172455744250225,0.9116928703906595,0.002635406964279774,0.0
0.413,0.41618545325794365,0.912133450328497,0.002595513011946826,0.0
0.41325,0.4151251458973384,0.9125730944528456,0.0025560031616831402,0.0
0.4135,0.4140646530784746,0.9130118014803443,0.0025168759534082152,0.0
0.41375,0.4130039752847736,0.9134495689707336,0.0024781287658324214,0.0
0.414,0.4119431131173723,0.9138863963768955,0.0024397607475374894,0.0
0.41425,0.4108820669938602,0.9143222820506054,0.0024017699662015612,0.0
0.4145,0.4098208374751593,0.9147572246690814,0.002364154842500854,0.0
0.41475,0.4087594252666431,0.9151912225509875,0.0023269135260648444,0.0
0.415,0.40769783080226496,0.9156242740994287,0.0022900441294315677,0.0
0.41525,0.4066360546625205,0.9160563783754583,0.0022535454234429153,0.0
0.4155,0.4055740974029387,0.9164875334052169,0.0022174152205634012,0.0
0.41575,0.4045119595364177,0.9169177380632334,0.00218165208857668,0.0
0.416,0.4034496416635367,0.9173469907555827,0.0021462541998344964,0.0
0.41625,0.4023871442960303,0.9177752901791933,0.002111219954260779,0.0
0.4165,0.40132446800677,0.918202634637673,0.002076547413659924,0.0
0.41675,0.4002616133284569,0.9186290229668685,0.0020422351085620516,0.0
0.417,0.39919858071127123,0.919054453742639,0.0020082812961548235,0.0
0.41725,0.39813537096551777,0.9194789249572892,0.001974683839099045,0.0
0.4175,0.3970719844322126,0.9199024358024133,0.0019414415105047933,0.0
0.41775,0.396008421656564,0.9203249847359771,0.0019085524897966,0.0
0.418,0.39494468336607547,0.9207465696448338,0.00187601450072572,0.0
0.41825,0.393880769926497,0.9211671898974387,0.0018438264826678985,0.0
0.4185,0.3928166821334873,0.9215868431258727,0.0018119859460024035,0.0
0.41875,0.3917524202574434,0.9220055284482811,0.001780491558284858,0.0
0.419,0.3906879850075029,0.9224232444103961,0.0017493416308413945,0.0
0.41925,0.3896233769199018,0.9228399897331414,0.0017185345660388762,0.0
0.4195,0.3885585964423086,0.9232557626732572,0.0016880683020012999,0.0
0.41975,0.38749364419734,0.9236705620624974,0.0016579413722952463,0.0
0.42,0.38642852072676526,0.9240843862301347,0.0016281518135363715,0.0
0.42025,0.3853632265451079,0.9244972339283279,0.0015986980394822048,0.0
0.4205,0.384297762210176,0.9249091036985391,0.001569578284096984,0.0
0.42075,0.38323212840130516,0.9253199935310192,0.0015407903162205638,0.0
0.421,0.38216632554175867,0.9257299025002084,0.001512332805310379,0.0
0.42125,0.3811003541776721,0.9261388290425003,0.001484203876706447,0.0
0.4215,0.38003421496332557,0.9265467718365912,0.001456401918525474,0.0
0.42175,0.3789679083338804,0.9269537291089165,0.0014289248148782185,0.0
0.422,0.37790143483919536,0.9273596998539517,0.0014017712021154871,0.0
0.42225,0.37683479513289697,0.9277646822430796,0.001374938991612229,0.0
0.4225,0.3757679896954773,0.9281686749072122,0.0013484264524465939,0.0
0.42275,0.3747010191270981,0.9285716760910034,0.001322231538549934,0.0
0.423,0.3736338839457698,0.928973684847513,0.0012963529203366964,0.0
0.42325,0.3725665846132493,0.9293746997228425,0.0012707887755964986,0.0
0.4235,0.3714991217991095,0.9297747190855077,0.0012455371925730319,0.0
0.42375,0.37043149612689774,0.9301737409716964,0.0012205959308329017,0.0
0.424,0.36936370800374263,0.9305717648422842,0.0011959639910448239,0.0
0.42425,0.36829575802213377,0.9309687886719047,0.001171639060122187,0.0
0.4245,0.36722764667785945,0.9313648111872439,0.0011476194859623146,0.0
0.42475,0.36615937459916204,0.9317598307754054,0.001123903347363786,0.0
0.425,0.3650909423938753,0.9321538462281609,0.0011004890898824726,0.0
0.42525,0.36402235051998844,0.9325468557003447,0.0010773745094316833,0.0
0.4255,0.36295359949058437,0.9329388583554774,0.0010545583597296737,0.0
0.42575,0.3618846898780692,0.9333298523690345,0.001032038493948395,0.0
0.426,0.3608156222967853,0.9337198362419343,0.001009813081310984,0.0
0.42625,0.3597463972466102,0.9341088088868261,0.0009878806318690536,0.0
0.4265,0.35867701530841245,0.9344967678909768,0.0009662384462492124,0.0
0.42675,0.35760747700620144,0.9348837128231224,0.0009448856518960991,0.0
0.427,0.3565377828332057,0.9352696422475972,0.0009238204266930339,0.0
0.42725,0.35546793351311656,0.9356545540603705,0.0009030404040124562,0.0
0.4275,0.3543979293605908,0.9360384473593157,0.0008825441928301814,0.0
0.42775,0.3533277711416254,0.9364213202650475,0.0008623296472116682,0.0
0.428,0.3522574592659051,0.93680317164484,0.0008423951913218986,0.0
0.42825,0.3511869944351762,0.9371839992585365,0.0008227383141516942,0.0
0.4285,0.35011637706377385,0.9375638027449824,0.0008033581607802542,0.0
0.42875,0.3490456077881223,0.9379425801364647,0.0007842524486625368,0.0
0.429,0.34797468706388734,0.9383203297490468,0.0007654190955890261,0.0
0.42925,0.34690361548988236,0.9386970505039329,0.0007468566349511097,0.0
0.4295,0.3458323936140122,0.9390727412429243,0.0007285635067568741,0.0
0.42975,0.34476102195410263,0.9394473999112662,0.0007105372978122304,0.0
0.43,0.343689501125656,0.9398210252202048,0.0006927763454471769,0.0
0.43025,0.34261783175528926,0.9401936154761401,0.000675278608796015,0.0
0.4305,0.3415460141138169,0.9405651701036888,0.000658042974330364,0.0
0.43075,0.3404740489877849,0.9409356871349459,0.0006410671955501268,0.0
0.431,0.3394019368457837,0.9413051649585071,0.0006243492501227799,0.0
0.43125,0.3383296783502274,0.9416736017771825,0.0006078870049845975,0.0
0.4315,0.33725727390824467,0.9420409965729917,0.000591678972124976,0.0
0.43175,0.3361847241286444,0.9424073479645685,0.000575723388821725,0.0
0.432,0.33511202951595465,0.9427726547795743,0.0005600186527685569,0.0
0.43225,0.3340391907315663,0.9431369148384761,0.0005445622637898495,0.0
0.4325,0.3329662082456508,0.9435001270329124,0.000529352665181948,0.0
0.43275,0.33189308255297334,0.9438622901449776,0.0005143882045057779,0.0
0.433,0.3308198143604404,0.9442234023094258,0.0004996666877326028,0.0
0.43325,0.3297464041382234,0.9445834619786382,0.00048518614002368565,0.0
0.4335,0.32867285238685007,0.9449424683447702,0.0004709452940725445,0.0
0.43375,0.3275991597429808,0.9453004194179755,0.0004569418101447731,0.0
0.434,0.3265253267229049,0.9456573140766835,0.0004431741274597556,0.0
0.43425,0.32545135381790047,0.9460131506161389,0.0004296401249703763,0.0
0.4345,0.3243772416081381,0.9463679277420027,0.000416338097292801,0.0
0.43475,0.3233029906550051,0.9467216440736621,0.0004032662501698425,0.0
0.435,0.3222286015267706,0.9470742981356466,0.0003904227005704364,0.0
0.43525,0.321154074746838,0.947425888229894,0.0003778053389134062,0.0
0.4355,0.3200794108844516,0.9477764130393851,0.000365412429848444,0.0
0.43575,0.3190046105447486,0.9481258710752627,0.0003532420855307805,0.0
0.436,0.31792967416526174,0.9484742610283234,0.0003412925337300532,0.0
0.43625,0.31685460241742547,0.9488215809916554,0.00032956150891050306,0.0
0.4365,0.3157793957802433,0.9491678297813948,0.0003180473685648888,0.0
0.43675,0.3147040547902762,0.9495130063150228,0.00030674858406976035,0.0
0.437,0.31362858005098815,0.9498571088671426,0.00029566303680717,0.0
0.43725,0.31255297206225663,0.950200135755118,0.0002847886147194778,0.0
0.4375,0.31147723143730843,0.9505420857980553,0.00027412371667812074,0.0
0.43775,0.3104013586402239,0.9508829576198039,0.0002636665087274448,0.0
0.438,0.3093253543063117,0.9512227494213121,0.000253414807150687,0.0
0.43825,0.30824921889305124,0.9515614600146236,0.00024336695293225574,0.0
0.4385,0.3071729530256633,0.9518990879532865,0.00023352109235230678,0.0
0.43875,0.30609655723643137,0.9522356315453706,0.00022387510827126533,0.0
0.439,0.30502003201361205,0.9525710897511317,0.0002144274900475196,0.0
0.43925,0.30394337802185056,0.9529054608639527,0.00020517614521264882,0.0
0.4395,0.30286659581174824,0.9532387431522906,0.00019611892126225605,0.0
0.43975,0.30178968578369236,0.9535709356896547,0.00018725438662903215,0.0
0.44,0.3007126486259466,0.9539020365708168,0.00017858026333672505,0.0
0.44025,0.29963548478562174,0.954232045008574,0.00017009526578015688,0.0
0.4405,0.29855819500189007,0.9545609586742501,0.00016179672485483465,0.0
0.44075,0.2974807796544017,0.9548887765076373,0.00015368307277818793,0.0
0.441,0.29640323930594015,0.955215497056713,0.00014575242229453167,0.0
0.44125,0.29532557456117736,0.9555411189421505,0.00013800296714383542,0.0
0.4415,0.2942477858927006,0.955865640817926,0.00013043289314063067,0.0
0.44175,0.29316987396710914,0.9561890610527328,0.00012304016995701161,0.0
0.442,0.29209183928609406,0.9565113780675247,0.0001158227676276713,0.0
0.44225,0.29101368241592596,0.9568325904710804,0.0001087788540183876,0.0
0.4425,0.2899354038184061,0.9571526969800388,0.00010190666926757075,0.0
0.44275,0.2888570041183378,0.9574716959407823,9.520414605490579e-05,0.0
0.443,0.287778483839217,0.9577895862631678,8.866972632404213e-05,0.0
0.44325,0.2866998435524746,0.9581063661089146,8.230114898188923e-05,0.0
0.4435,0.2856210839077846,0.9584220338853982,7.609640950878571e-05,0.0
0.44375,0.28454220523970264,0.9587365887752881,7.00541557820955e-05,0.0
0.444,0.28346320820176274,0.9590500289605757,6.417216762488742e-05,0.0
0.44425,0.28238409330253766,0.9593623531011772,5.8448640940289565e-05,0.0
0.4445,0.28130486120467424,0.9596735597277686,5.288169073747184e-05,0.0
0.44475,0.2802255123750417,0.9599836472045808,4.746921636855639e-05,0.0
0.445,0.27914604744946203,0.9602926139313652,4.220919808761714e-05,0.0
0.44525,0.27806646675300506,0.9606004590411459,3.7100233066356125e-05,0.0
0.4455,0.276986771121452,0.9609071805565321,3.213999420625946e-05,0.0
0.44575,0.27590696099824186,0.9612127771461871,2.7326664812088453e-05,0.0
0.446,0.27482703686372645,0.9615172474326457,2.2658394172481167e-05,0.0
0.44625,0.27374699934573066,0.9618205899538381,1.8133290562216686e-05,0.0
0.4465,0.2726668490540387,0.9621228028902635,1.3749112718342005e-05,0.0
0.44675,0.2715865864235827,0.9624238852929281,9.504408607696746e-06,0.0
0.447,0.27050621204773506,0.9627238353639029,5.396952535319244e-06,0.0
0.44725,0.2694257264261394,0.9630226521842141,1.425339069438536e-06,9.933744883157457
0.4475,0.2683458885308761,0.9633230496731945,4.0696146186292026e-07,2.89309047718307
0.44775,0.2672661081495076,0.9636229134076945,1.459048479812708e-07,1.0840161872681702
0.448,0.26618623547378556,0.9639217026569814,8.040441668022424e-08,0.6150840028273317
0.44825,0.26510623302550634,0.9642192755730137,6.308775879482198e-08,0.4916154044486115
0.4485,0.2640260922484803,0.9645155993747494,5.9412615938114754e-08,0.4559524376231511
0.44875,0.262945811819502,0.9648106640304522,5.8690147852757946e-08,0.4508660085869727
0.449,0.2618653922285961,0.9651044679409774,5.8843335093428095e-08,0.4406786145973268
0.44925,0.2607848344200041,0.9653970117981007,6.012608366745553e-08,0.43821500467233593
0.4495,0.25970413955827,0.9656882939617049,6.059918300493905e-08,0.4326500862695438
0.44975,0.25862330904321423,0.9659783156114518,6.110599781727899e-08,0.4318717569479259
0.45,0.25754234364694484,0.9662670775851605,6.19980617955207e-08,0.4233657554099488
0.45025,0.25646124502588197,0.9665545785828893,6.178988409821784e-08,0.42364923258388354
0.4505,0.2553800139378648,0.9668408215232205,6.284129794309479e-08,0.4153287635112941
0.45075,0.2542986518172569,0.9671258043828425,6.290961529487049e-08,0.4186484281068576
0.451,0.2532171596727964,0.9674095302523732,6.458793588848266e-08,0.4110227621015373
0.45125,0.2521355387044666,0.9676919965866426,6.506781491388836e-08,0.40644699849567056
0.4515,0.25105379016901885,0.9679732053151184,6.588312495559023e-08,0.40251161971915944
0.45175,0.24997191518847117,0.9682531557995993,6.604943547650066e-08,0.404943162626225
0.452,0.24888991478793088,0.9685318491279982,6.622921921994873e-08,0.3964120308111992
0.45225,0.2478077902268096,0.9688092862125104,6.697434185021223e-08,0.39339912088511886
0.4525,0.24672554264620128,0.969085467107945,6.797694096505325e-08,0.38890207272641697
0.45275,0.24564317324815943,0.9693603905707617,6.768546012558829e-08,0.3890196816294884
0.453,0.24456068305734077,0.9696340600945439,6.909644900687795e-08,0.38301331433418706
0.45325,0.2434780732859858,0.9699064732694401,6.953050712965592e-08,0.3811615850598861
0.4535,0.24239534503465432,0.9701776319045194,7.037116267483157e-08,0.3745409870587551
0.45375,0.24131249953296988,0.9704475349184054,7.023002712713833e-08,0.3767544662443392
0.454,0.24022953774639494,0.970716184972169,7.128638190856407e-08,0.3690616768697017
0.45425,0.2391464609139257,0.9709835800348631,7.123248502161061e-08,0.3662070581276078
0.4545,0.23806327018480467,0.9712497231765838,7.269083424077394e-08,0.36328307615387667
0.45475,0.23697996669562896,0.9715146125061226,7.346398867014159e-08,0.36415893345802924
0.455,0.2358965513545074,0.9717782474769041,7.260511392104263e-08,0.3544182646350738
0.45525,0.23481302555154207,0.9720406320306845,7.364363807660368e-08,0.35598738877026626
0.4555,0.23372939021076888,0.9723017643526575,7.440579152806492e-08,0.3494070984211525
0.45575,0.23264564661197126,0.9725616444884384,7.46087760461478e-08,0.34936277599097365
0.456,0.23156179577871464,0.9728202739640525,7.534987589430386e-08,0.34369977491378706
0.45625,0.23047783870451477,0.9730776521488133,7.56226727904874e-08,0.34335839198752766
0.4565,0.22939377666924088,0.9733337803884439,7.640991550594833e-08,0.3370670007530917
0.45675,0.22830961077725315,0.9735886578613436,7.65447536466013e-08,0.33723094107323864
0.457,0.22722534190157026,0.9738422862652867,7.726034012556227e-08,0.3323340286755453
0.45725,0.22614097136523265,0.9740946650505797,7.770500287662685e-08,0.3299104356850369
0.4575,0.2250565002331193,0.9743457948048331,7.807551782867961e-08,0.3257647968221628
0.45775,0.22397192957649015,0.9745956761666243,7.862044482109809e-08,0.32504486979307695
0.458,0.22288726030493147,0.9748443094607973,7.924716527440978e-08,0.3204216206091573
0.45825,0.22180249380253134,0.9750916945305893,7.949977587351498e-08,0.31782698736874676
0.4585,0.22071763095647157,0.9753378325213831,8.008127005965093e-08,0.3137825993389717
0.45875,0.21963267307420273,0.9755827232949781,8.053667932550468e-08,0.313578590774182
0.459,0.2185476208121812,0.9758263674547234,8.099126969085546e-08,0.3091285890209375
0.45925,0.21746247563973545,0.9760687652154216,8.137025697685374e-08,0.306405768303742
0.4595,0.21637723849862667,0.9763099172164083,8.189769729050056e-08,0.30166928430544443
0.45975,0.21529191050466123,0.9765498235344715,8.228697390144646e-08,0.3030729235864102
0.46,0.21420649264152358,0.9767884847576374,8.272244866880385e-08,0.2984200425859535
0.46025,0.2131209858541181,0.9770259012639334,8.317601274399067e-08,0.29486924840497214
0.4605,0.21203539145486516,0.9772620733587445,8.362742143219748e-08,0.2911997029254484
0.46075,0.21094971070345417,0.9774970013665952,8.406327478560627e-08,0.2916314330790835
0.461,0.20986394398492786,0.9777306858480546,8.451690436395154e-08,0.28699705488625316
0.46125,0.20877809295658822,0.9779631269968484,8.493201808512651e-08,0.28490231865657795
0.4615,0.20769215846602052,0.978194325261275,8.533081419237476e-08,0.28027828041893793
0.46175,0.20660614157915935,0.9784242810642897,8.575719623316047e-08,0.28134187970424757
0.462,0.20552004328540247,0.9786529947717763,8.618389624182043e-08,0.2761949378831679
0.46225,0.2044338646953944,0.9788804667145006,8.657474293016776e-08,0.2747931788861684
0.4625,0.20334760670312946,0.9791066973112592,8.693582231877883e-08,0.27013458780813315
0.46275,0.20226127076259967,0.9793316869606994,8.736789158803049e-08,0.2699138864750106
0.463,0.2011748576224443,0.9795554359759749,8.774474280492939e-08,0.266245899641423
0.46325,0.20008836826672544,0.9797779448380772,8.81533797070233e-08,0.2637959875446824
0.4635,0.19900180380246368,0.9799992137999034,8.848252752713393e-08,0.2609861935308538
0.46375,0.19791516542795184,0.9802192434354042,8.895372083372877e-08,0.26029771822880843
0.464,0.19682845397971818,0.9804380338536337,8.926140848686259e-08,0.25546564828162677
0.46425,0.19574167053107133,0.9806555856488659,8.962330322326295e-08,0.2540500863741824
0.4645,0.19465481624459002,0.9808718991465977,9.001133016717233e-08,0.2513095843631938
0.46475,0.19356789191706159,0.9810869747492328,9.040190440678941e-08,0.2499290275124501
0.465,0.19248089881671807,0.9813008128000341,9.080564544738934e-08,0.2461978623081368
0.46525,0.19139383778106261,0.9815134135866328,9.109552001618226e-08,0.24495627289848254
0.4655,0.19030670970803243,0.9817247777351739,9.148953283855121e-08,0.24189723124333978
0.46575,0.1892195163413959,0.9819349051979559,9.170529113866621e-08,0.24002414840531405
0.466,0.18813225765437758,0.982143797158993,9.233400488639631e-08,0.2367131613764796
0.46625,0.18704493558817387,0.9823514529696374,9.25403667029201e-08,0.23546327701845812
0.4665,0.18595755034024464,0.9825578737116945,9.286069113656481e-08,0.23192884110811143
0.46675,0.1848701036900462,0.9827630597215407,9.339580198108877e-08,0.23161865911740512
0.467,0.183782596210953,0.9829670108860291,9.358012209581545e-08,0.22805538114517612
0.46725,0.18269502904622034,0.9831697281781121,9.402200662478322e-08,0.2256543404706016
0.4675,0.1816074031930981,0.9833712111635267,9.391987654261413e-08,0.22303731246396374
0.46775,0.18051971951943513,0.9835714615389092,9.45445761679764e-08,0.22264281461749688
0.468,0.17943197923150866,0.9837704788076197,9.507215037451999e-08,0.2187058577339897
0.46825,0.1783441831356245,0.9839682630264356,9.515078236432828e-08,0.21674085820970276
0.4685,0.17725633230819327,0.9841648152873042,9.549641855066682e-08,0.21445401996631264
0.46875,0.17616842809731253,0.9843601356442205,9.585188842642367e-08,0.21442714566137147
0.469,0.1750804708292601,0.9845542244430188,9.606719020283094e-08,0.21005917580793645
0.46925,0.17399246202482183,0.9847470822119873,9.638323605898336e-08,0.20883057188027568
0.4695,0.17290440237059812,0.9849387091858155,9.660587241278051e-08,0.20625775801429183
0.46975,0.17181629334752663,0.9851291060849594,9.715771254192873e-08,0.20442494715869977
0.47,0.17072813536842732,0.9853182727831952,9.744341489259511e-08,0.20220432033519117
0.47025,0.16963992963086008,0.9855062099375446,9.777530851629024e-08,0.1998190552350288
0.4705,0.1685516771057749,0.9856929175712565,9.780264775827163e-08,0.19845351194284275
0.47075,0.16746337913583673,0.9858783968057074,9.83198875648128e-08,0.1969486276336837
0.471,0.16637503623380304,0.9860626474291787,9.866841521599667e-08,0.19299539661776155
0.47125,0.16528664941508342,0.9862456699599644,9.899481701047819e-08,0.19252376562573012
0.4715,0.16419821981271454,0.9864274645460291,9.9100181172318e-08,0.18947148850269196
0.47175,0.16310974867453654,0.9866080322284779,9.968520497949385e-08,0.18899461444348248
0.472,0.16202123642292246,0.986787372443108,9.973258796591722e-08,0.18622223457800838
0.47225,0.1609326843115628,0.9869654862949268,1.0000854810954252e-07,0.18382778544222322
0.4725,0.15984409321062643,0.9871423739496237,1.0029060804050971e-07,0.18219620890472246
0.47275,0.15875546467857515,0.987318035698542,1.0059046395838322e-07,0.18077293338782435
0.473,0.15766679857145063,0.9874924718989057,1.0071438572012426e-07,0.17800851598329157
0.47325,0.15657809699280684,0.9876656832454751,1.0115931492471475e-07,0.17766007608335915
0.4735,0.15548936002452507,0.9878376694470177,1.0112967063768963e-07,0.1738544657251613
0.47375,0.15440058938994053,0.9880084319446791,1.0179886711370045e-07,0.17305459547551355
0.474,0.1533117856013725,0.9881779698525534,1.0185309240462459e-07,0.17080515831238646
0.47425,0.1522229496076229,0.9883462842651538,1.0200398548043665e-07,0.1687475708423495
0.4745,0.15113408265878547,0.9885133754794637,1.0222145263583116e-07,0.16761322364316994
0.47475,0.1500451855154992,0.9886792438761478,1.0248394066714184e-07,0.1661204538588372
0.475,0.14895625884469038,0.9888438899786154,1.0289851792855131e-07,0.1635189065388545
0.47525,0.14786730443385698,0.9890073135196858,1.029579752565013e-07,0.16170344215510354
0.4755,0.14677832209622466,0.9891695154609792,1.0307734044090466e-07,0.16003730609124256
0.47575,0.1456893140892543,0.98933049642187,1.0369506520113703e-07,0.15836147410318924
0.476,0.14460028034413458,0.9894902559932681,1.0389060745019663e-07,0.15702451311795448
0.47625,0.1435112222162822,0.9896487949821202,1.0415578155509309e-07,0.1546759438844557
0.4765,0.14242214074022996,0.9898061136960692,1.0444156739453092e-07,0.1533199311588955
0.47675,0.14133303685214474,0.9899622125450003,1.0478641554456658e-07,0.15143782828565858
0.477,0.1402439111065712,0.9901170910816963,1.0432726837983353e-07,0.14920952315282918
0.47725,0.13915476491656908,0.9902707516893793,1.051252114248058e-07,0.1481495050416258
0.4775,0.13806559908551463,0.990423193065979,1.0550692031152664e-07,0.1470648702944071
0.47775,0.136976414632902,0.9905744152138521,1.0512096948467331e-07,0.14434740871766086
0.478,0.13588721215669275,0.9907244202953518,1.0569863384546352e-07,0.1423504307386403
0.47825,0.13479799306435536,0.9908732070971455,1.0573857478490822e-07,0.14249433685838506
0.4785,0.1337087580834293,0.9910207768491084,1.0606740596941222e-07,0.13932062569358555
0.47875,0.1326195083276901,0.9911671296521637,1.0644598802400651e-07,0.13797462060240184
0.479,0.13153024469057006,0.9913122653174774,1.0631860947185601e-07,0.1367838237959111
0.47925,0.1304409671652777,0.9914561854050951,1.0674651185205164e-07,0.13492704477812967
0.4795,0.1293516780433137,0.9915988893806436,1.0701676766977641e-07,0.13325074538978873
0.47975,0.12826237814468525,0.9917403781816768,1.0768162694851924e-07,0.13176151070914474
0.48,0.12717306738461176,0.9918806506488749,1.0709981745904429e-07,0.1303246091630038
0.48025,0.12608374765478758,0.9920197092820998,1.0751340329129278e-07,0.12859725519965676
0.4805,0.12499441942232181,0.9921575531098163,1.0753978485489313e-07,0.12720968400536958
0.48075,0.123905084085583,0.9922941834293975,1.0816502915567128e-07,0.12553961276929446
0.481,0.12281574176973951,0.9924295992672613,1.0796410832014658e-07,0.12381589593612075
0.48125,0.12172639413722305,0.9925638020874902,1.0812200668119942e-07,0.12260551707023216
0.4815,0.12063704180978618,0.9926967920803094,1.0843157061124487e-07,0.12115963343474627
0.48175,0.11954768595183446,0.9928285693298128,1.0864695476620057e-07,0.11977238734939201
0.482,0.11845832681615161,0.9929591345171499,1.0900655889045652e-07,0.11774048475058851
0.48225,0.11736896647871932,0.9930884875628503,1.0921107018724285e-07,0.11665057010903991
0.4825,0.11627960476457844,0.9932166285217274,1.0882813095136612e-07,0.11550098467414671
0.48275,0.115190243483303,0.9933435599035396,1.1009778377868429e-07,0.11352789724369636
0.483,0.11410088246922871,0.9934692788212085,1.0967088837077199e-07,0.11216785146492254
0.48325,0.1130115238422797,0.9935937873809546,1.0942158601423557e-07,0.11069489863891822
0.4835,0.11192216775527442,0.9937170868324374,1.1014888690041857e-07,0.10945616345157216
0.48375,0.1108328154155071,0.9938391760249224,1.1038740632685062e-07,0.10798828414456274
0.484,0.10974346778349796,0.9939600555445722,1.1036965230637463e-07,0.1064617455013931
0.48425,0.10865412569670176,0.9940797262691272,1.1060510263227741e-07,0.10549929497753316
0.4845,0.10756478958718674,0.9941981882427178,1.1073201289235612e-07,0.10367179157623242
0.48475,0.10647546144452266,0.9943154419484945,1.1099352081878067e-07,0.10245862021152725
0.485,0.10538614104816699,0.9944314872282669,1.1075801742421731e-07,0.1008570490661257
0.48525,0.1042968302113791,0.9945463254851716,1.1116409281974882e-07,0.10005314333501097
0.4855,0.10320752934607214,0.9946599561186029,1.1120978449241647e-07,0.09800565220068715
0.48575,0.10211823969088771,0.9947723800566106,1.1150052348085637e-07,0.09721482312115468
0.486,0.10102896152622856,0.994883597354598,1.1167614077933763e-07,0.09573075413263313
0.48625,0.09993969667133736,0.9949936086664305,1.1212889616807331e-07,0.09414114192058633
0.4865,0.09885044532278897,0.9951024134612778,1.1190848048237001e-07,0.09347131001155666
0.48675,0.09776120868791396,0.9952100135919939,1.125389428313639e-07,0.09145406321778574
0.487,0.09667198755947083,0.9953164074089759,1.1201809813066177e-07,0.09047460986553989
0.48725,0.09558278294184933,0.9954215977274261,1.1280855893858188e-07,0.08922604233463885
0.4875,0.09449359576913707,0.9955255823741123,1.1240134201173646e-07,0.0880245754234006
0.48775,0.0934044269980893,0.9956283634088333,1.1250349030156315e-07,0.08645441326725292
0.488,0.0923152770316543,0.9957299416288667,1.1351482220867126e-07,0.08529748273056717
0.48825,0.09122614746180474,0.9958303150033595,1.131302000967338e-07,0.0843772122081079
0.4885,0.09013703862944311,0.9959294857801044,1.1318954817873816e-07,0.08302950098822594
0.48875,0.08904795225755723,0.9960274539871106,1.134486484755115e-07,0.08134596835253326
0.489,0.08795888824787243,0.9961242201765361,1.1402205046806557e-07,0.08046296266366867
0.48925,0.08686984796958251,0.9962197834302671,1.1369204688804757e-07,0.07922373490249131
0.4895,0.08578083205370035,0.9963141453997473,1.1373572039730107e-07,0.07795719737670692
0.48975,0.08469184221041098,0.9964073065381466,1.143297920780384e-07,0.076752662809871
0.49,0.08360287837374329,0.9964992662263182,1.144309762501905e-07,0.07575484364198681
0.49025,0.08251394191875185,0.9965900248205708,1.1409141209561824e-07,0.0744094586992956
0.4905,0.08142503348790342,0.9966795836942168,1.143156853622429e-07,0.07331731486588688
0.49075,0.08033615479242119,0.9967679427518823,1.147323192007832e-07,0.07235096101495524
0.491,0.07924730544896594,0.9968551020124874,1.1491461759938204e-07,0.07155439986167741
0.49125,0.07815848719285831,0.9969410623129341,1.1542295230704269e-07,0.0724408262937635
0.4915,0.07706970052196738,0.9970258232008646,1.1543394706770016e-07,0.07923536883698198
0.49175,0.07598094708962175,0.9971093893833783,1.1935855748212987e-07,0.10704794301834893
0.492,0.07489222758228484,0.9971917627078515,1.2868230614415666e-07,0.21420634464249552
0.49225,0.07380354428063357,0.9972729672487876,1.6717677842059686e-07,0.6189472526474933
0.4925,0.07271490429391575,0.9973530784559889,3.1020600754771976e-07,2.1359838477616298
0.49275,0.0716263289208924,0.9974323820753768,8.439032659346424e-07,7.813467133351814
0.493,0.07053789460866611,0.9975119485349779,2.841018900134884e-06,0.0
0.49325,0.06944949760372054,0.9975903095172303,4.829168385844795e-06,0.0
0.4935,0.06836113889483997,0.9976674654813955,6.808472357899831e-06,0.0
0.49375,0.06727281955356545,0.9977434166994517,8.778870356884738e-06,0.0
0.494,0.06618454020697939,0.9978181634351468,1.0740264072772732e-05,0.0
0.49425,0.06509630177487225,0.9978917060581391,1.2692681642390014e-05,0.0
0.4945,0.0640081052544943,0.9979640446875404,1.4635906587789904e-05,0.0
0.49475,0.06291995141556228,0.9980351797989631,1.6570063959164827e-05,0.0
0.495,0.06183184139721476,0.9981051115461561,1.8494981535388533e-05,0.0
0.49525,0.06074377584206303,0.9981738402978468,2.0410670953374677e-05,0.0
0.4955,0.05965575561643277,0.9982413663082532,2.2317044542807807e-05,0.0
0.49575,0.05856778180581301,0.9983076899162082,2.4214112583020864e-05,0.0
0.496,0.057479855332601915,0.9983728114139137,2.6101829136537802e-05,0.0
0.49625,0.056391976868045646,0.9984367310812043,2.7980122160098375e-05,0.0
0.4965,0.055304147469087184,0.9984994492183716,2.984896285673777e-05,0.0
0.49675,0.054216367846215974,0.998560965985023,3.170816298547763e-05,0.0
0.497,0.053128639085940677,0.9986212819016806,3.3557915973148056e-05,0.0
0.49725,0.05204096203785369,0.9986803970815537,3.5397995888475364e-05,0.0
0.4975,0.050953337433455204,0.998738311928749,3.7228461968075166e-05,0.0
0.49775,0.0498657663425206,0.998795026685583,3.9049229969334576e-05,0.0
0.498,0.04877824966419908,0.998850541638399,4.086025103289259e-05,0.0
0.49825,0.047690788398622175,0.9989048572383084,4.266164617572343e-05,0.0
0.4985,0.046603383191467174,0.9989579734830798,4.445306711864383e-05,0.0
0.49875,0.0455160351003272,0.9990098909446097,4.623475938103638e-05,0.0
0.499,0.04442874505234329,0.999060609806449,4.8006574564274374e-05,0.0
0.49925,0.04334151385488738,0.9991101303134702,4.976842066861664e-05,0.0
0.4995,0.04225434240339254,0.9991584528093416,5.1520308979036145e-05,0.0
0.49975,0.04116723158175972,0.999205577602444,5.326221553825228e-05,0.0
0.5,0.04008018234399913,0.9992515049410446,5.4994059662138994e-05,0.0
0.50025,0.038993195451087814,0.9992962352283676,5.6715908190785314e-05,0.0
0.5005,0.03790627191775542,0.9993397685491683,5.842752041651522e-05,0.0
0.50075,0.03681941263905841,0.9993821054502838,6.012911290853573e-05,0.0
0.501,0.03573261857877341,0.999423246069842,6.182049675107493e-05,0.0
0.50125,0.034645890494434894,0.999463190726452,6.350165639612548e-05,0.0
0.5015,0.03355922915873677,0.9995019395969233,6.51724361468986e-05,0.0
0.50175,0.032472635803245,0.9995394932618922,6.683309979371721e-05,0.0
0.502,0.03138611102054156,0.9995758517144324,6.848330283193427e-05,0.0
0.50225,0.030299655959161953,0.9996110154668845,7.012323835553502e-05,0.0
0.5025,0.029213271431686394,0.9996449847266025,7.175278416426956e-05,0.0
0.50275,0.028126958313276162,0.9996777597624025,7.337188204958878e-05,0.0
0.503,0.027040717388526758,0.9997093409507762,7.498057951704773e-05,0.0
0.50325,0.02595454965905475,0.9997397285360385,7.657879850198057e-05,0.0
0.5035,0.02486845598718901,0.9997689227356794,7.816643062841244e-05,0.0
0.50375,0.023782437341353102,0.9997969239624531,7.974356582129971e-05,0.0
0.504,0.022696494347883345,0.9998237324438453,8.13101011465367e-05,0.0
0.50425,0.021610628204221882,0.9998493484456503,8.28659859004599e-05,0.0
0.5045,0.0205248395830111,0.9998737722318491,8.441115590640536e-05,0.0
0.50475,0.01943912964765815,0.9998970043161304,8.594580757415038e-05,0.0
0.505,0.01835349916035156,0.9999190447867363,8.746970384954089e-05,0.0
0.50525,0.0172679488299039,0.9999398939744104,8.89828501999812e-05,0.0
0.5055,0.01618247991056876,0.9999595522546212,9.048530686395218e-05,0.0
0.50575,0.015097093181267951,0.999978019894046,9.197701698471228e-05,0.0
0.506,0.014011789558725951,0.9999952971840038,9.34579511868705e-05,0.0
0.50625,0.012926569604378102,1.0000113842960037,9.492795601473425e-05,0.0
0.5065,0.011841434537888773,1.0000262816306655,9.638711674697653e-05,0.0
0.50675,0.01075638509819754,1.0000399894480658,9.783537195406922e-05,0.0
0.507,0.00967142229947271,1.0000525081174896,9.927277314636385e-05,0.0
0.50725,0.008586547111999465,1.0000638378754871,0.00010069923860922536,0.0
0.5075,0.0075017601194353745,1.0000739790181203,0.00010211474330223957,0.0
0.50775,0.006417062593978784,1.0000829317593443,0.00010351918623907608,0.0
0.508,0.00533245507372726,1.0000906965716094,0.00010491271976076355,0.0
0.50825,0.004247938725900013,1.0000972736183353,0.00010629519178939617,0.0
0.5085,0.0031635143193788906,1.0001026632844283,0.00010766666967176874,0.0
0.50875,0.0020791828812605218,1.000106865730844,0.00010902699826997875,0.0
0.509,0.0009949451099409146,1.0001098813616895,0.00011037626507226506,0.0
0.50925,-8.919793084771754e-05,1.0001117104157942,0.00011171439348522938,0.0
0.5095,-0.0011732454468393883,1.0001123532705325,0.00011304144541623984,0.0
0.50975,-0.002257196458639754,1.000111810153948,0.0001143573338298065,0.0
0.51,-0.0033410502309365597,1.0001100813564285,0.00011566203485080528,0.0
0.51025,-0.004424805704925205,1.000107167116246,0.0001169554721134336,0.0
0.5105,-0.005508462072672415,1.0001030678364842,0.00011823773509567204,0.0
0.51075,-0.0065920185901262585,1.0000977836828415,0.0001195086770502396,0.0
0.511,-0.007675474200713239,1.0000913150152577,0.0001207683440802576,0.0
0.51125,-0.008758827923273316,1.0000836621992057,0.00012201678813394956,0.0
0.5115,-0.009842078823506739,1.0000748254865321,0.00012325394797496614,0.0
0.51175,-0.010925226218265749,1.0000648051395444,0.00012447977575047453,0.0
0.512,-0.012008269026523521,1.0000536015417083,0.00012569434124398704,0.0
0.51225,-0.013091206498089036,1.0000412147900057,0.0001268974316439575,0.0
0.5125,-0.014174037680998453,1.0000276453457762,0.00012808919657869566,0.0
0.51275,-0.015256761558941179,1.000012893518841,0.00012926963327664076,0.0
0.513,-0.01633937755030601,0.9999969595588158,0.00013043868567841344,0.0
0.51325,-0.017421884491870543,0.9999798436212632,0.00013159619524771848,0.0
0.5135,-0.018504281741954287,0.9999615461423232,0.00013274229280746397,0.0
0.51375,-0.019586567966523916,0.9999420674773329,0.00013387701624756332,0.0
0.514,-0.02066874274064645,0.9999214077971512,0.00013500023622592394,0.0
0.51425,-0.021750804833310156,0.9998995674058815,0.00013611194145246586,0.0
0.5145,-0.022832753639846715,0.9998765466388697,0.00013721216503581601,0.0
0.51475,-0.023914588031342277,0.9998523457450332,0.00013830084271559961,0.0
0.515,-0.02499630719939816,0.9998269650633453,0.00013937800757890528,0.0
0.51525,-0.026077910406471005,0.9998004048577869,0.00014044362027609836,0.0
0.5155,-0.02715939644005516,0.9997726654580781,0.00014149769527027622,0.0
0.51575,-0.028240764351068037,0.9997437472765558,0.0001425403359776034,0.0
0.516,-0.02932201362800768,0.9997136503917918,0.0001435713250788062,0.0
0.51625,-0.03040314308989167,0.9996823751495931,0.00014459069400363234,0.0
0.5165,-0.031484152151016076,0.9996499218567596,0.00014559845299233487,0.0
0.51675,-0.03256503961849688,0.9996162908335737,0.00014659460762356247,0.0
0.517,-0.03364580472772971,0.9995814823470859,0.00014757912368823511,0.0
0.51725,-0.03472644649327705,0.9995454967567703,0.00014855205253838655,0.0
0.5175,-0.035806964026960486,0.9995083343406961,0.00014951336754687183,0.0
0.51775,-0.036887356611597255,0.9994699952377815,0.0001504629096573673,0.0
0.518,-0.037967623019714125,0.9994304799456284,0.0001514008599479144,0.0
0.51825,-0.039047762768074534,0.9993897886470897,0.00015232711285850797,0.0
0.5185,-0.04012777463841033,0.9993479216706778,0.00015324168096064739,0.0
0.51875,-0.041207657995364855,0.9993048793164512,0.00015414457129070414,0.0
0.519,-0.042287411551580334,0.9992606618721016,0.00015503575235942257,0.0
0.51925,-0.04336703490286098,0.9992152695632086,0.00015591516750101952,0.0
0.5195,-0.044446526769192474,0.999168702752641,0.00015678286068721015,0.0
0.51975,-0.04552588639759847,0.9991209618180985,0.0001576389132911249,0.0
0.52,-0.04660511291124081,0.9990720468903174,0.00015848315508382171,0.0
0.52025,-0.047684205530828194,0.9990219583802862,0.00015931570079796842,0.0
0.5205,-0.04876316311284867,0.998970696468021,0.00016013641745038498,0.0
0.52075,-0.04984198486824454,0.9989182615499121,0.00016094540504085764,0.0
0.521,-0.05092066982254906,0.9988646539352235,0.0001617426678102163,0.0
0.52125,-0.05199921732311097,0.9988098738546949,0.00016252814822448336,0.0
0.5215,-0.053077626247805654,0.9987539215811871,0.00016330180721069176,0.0
0.52175,-0.05415589582105795,0.9986967974230812,0.00016406365920795807,0.0
0.522,-0.05523402506775099,0.9986385017520334,0.00016481377157573363,0.0
0.52225,-0.0563120131008219,0.9985790347708878,0.00016555204797219503,0.0
0.5225,-0.057389859060638315,0.998518396838934,0.00016627855011930315,0.0
0.52275,-0.058467562011600194,0.9984565881909564,0.00016699321138635703,0.0
0.523,-0.05954512113861554,0.9983936091383576,0.00016769604888167144,0.0
0.52325,-0.06062253560920183,0.9983294599854737,0.00016838707218536086,0.0
0.5235,-0.06169980433452338,0.9982641409633697,0.0001690662024360634,0.0
0.52375,-0.06277692661004508,0.9981976525138112,0.00016973359459671045,0.0
0.524,-0.06385390142801128,0.9981299947123485,0.00017038901981658583,0.0
0.52425,-0.06493072788629561,0.9980611681282738,0.00017103274860885698,0.0
0.5245,-0.06600740502577551,0.9979911729182653,0.00017166463613227378,0.0
0.52475,-0.06708393186454487,0.997920009359369,0.0001722846561036384,0.0
0.525,-0.06816030792792205,0.9978476776552192,0.0001728927434214711,0.0
0.52525,-0.06923653211330816,0.9977741782592506,0.00017348904077651994,0.0
0.5255,-0.0703126032252186,0.9976995114457203,0.00017407350487541606,0.0
0.52575,-0.07138852092909431,0.997623677379023,0.000174646043224147,0.0
0.526,-0.07246428395459859,0.9975466764925098,0.00017520676644688926,0.0
0.52625,-0.07353989131368621,0.9974685090428626,0.00017575562828953117,0.0
0.5265,-0.07461534248909274,0.9973891752517083,0.00017629258248663682,0.0
0.52675,-0.075690636277983,0.9973086754877745,0.00017681767942656634,0.0
0.527,-0.07676577190478184,0.9972270100274088,0.00017733090904559212,0.0
0.52725,-0.0778407482361132,0.9971441792732776,0.00017783236009405456,0.0
0.5275,-0.07891556481235895,0.9970601832635051,0.000178321810220039,0.0
0.52775,-0.07999022050210058,0.9969750225226583,0.00017879947038945687,0.0
0.528,-0.08106471444328278,0.9968886972637172,0.00017926526194411707,0.0
0.52825,-0.08213904561299756,0.9968012077303463,0.00017971912396363976,0.0
0.5285,-0.08321321327741771,0.9967125543671003,0.000180161219438979,0.0
0.52875,-0.08428721653116611,0.9966227372594325,0.00018059133991177312,0.0
0.529,-0.08536105443110742,0.996531756878305,0.00018100965802769764,0.0
0.52925,-0.086434726155737,0.9964396133765838,0.00018141603995669442,0.0
0.5295,-0.08750823047673961,0.9963463071801808,0.00018181058883159906,0.0
0.52975,-0.08858156691543684,0.996251838481852,0.0001821932406436133,0.0
0.53,-0.08965473454078676,0.9961562076695252,0.00018256408723149598,0.0
0.53025,-0.09072773227873654,0.9960594149469753,0.00018292302405997773,0.0
0.5305,-0.09180055927820874,0.995961460630765,0.0001832700788184649,0.0
0.53075,-0.09287321471016341,0.9958623450111901,0.00018360525544847128,0.0
0.531,-0.09394569751356485,0.9957620684699027,0.00018392862751470673,0.0
0.53125,-0.09501800702609131,0.9956606311844549,0.00018424010271100855,0.0
0.5315,-0.09609014214840172,0.9955580335148344,0.0001845397295561213,0.0
0.53175,-0.09716210219427523,0.9954542756862477,0.0001848274618261314,0.0
0.532,-0.0982338861807861,0.9953493580537067,0.00018510335442689652,0.0
0.53225,-0.09930549313002501,0.9952432809175029,0.00018536740807850727,0.0
0.5325,-0.10037692206018178,0.9951360445925257,0.00018561963744168075,0.0
0.53275,-0.10144817234417403,0.9950276493127692,0.00018586001246201356,0.0
0.533,-0.10251924317341832,0.9949180952877263,0.00018608846144618774,0.0
0.53325,-0.10359013299183673,0.9948073830344324,0.000186305141738341,0.0
0.5335,-0.10466084177599555,0.9946955126825081,0.00018650998300184796,0.0
0.53375,-0.10573136806698713,0.9945824845619988,0.0001867029664188724,0.0
0.534,-0.1068017112010935,0.9944682989936524,0.00018688414656287122,0.0
0.53425,-0.10787187019287714,0.9943529561826843,0.00018705342958336146,0.0
0.5345,-0.10894184398864581,0.9942364566047992,0.00018721098288043692,0.0
0.53475,-0.11001163200288744,0.9941188003237382,0.0001873566152730266,0.0
0.535,-0.11108123314508944,0.9939999877987944,0.00018749047417965237,0.0
0.53525,-0.11215064644552797,0.9938800193294686,0.00018761256101074153,0.0
0.5355,-0.11321987133942102,0.9937588951279501,0.00018772283608803342,0.0
0.53575,-0.11428890637585454,0.9936366155158698,0.00018782126879623995,0.0
0.536,-0.11535775131121184,0.9935131807862199,0.0001879079370692427,0.0
0.53625,-0.11642640505842294,0.9933885911714135,0.0001879827634172493,0.0
0.5365,-0.11749486657542363,0.9932628470736518,0.00018804584359677357,0.0
0.53675,-0.11856313478453373,0.9931359487164677,0.0001880970911891655,0.0
0.537,-0.11963120901022961,0.9930078965154525,0.0001881366579454813,0.0
0.53725,-0.12069908855067268,0.9928786906334679,0.00018816444256763987,0.0
0.5375,-0.12176677237244249,0.9927483312908851,0.00018818036149537143,0.0
0.53775,-0.12283425933863157,0.9926168189464395,0.00018818455459612693,0.0
0.538,-0.12390154885209981,0.9924841538580687,0.0001881770283609363,0.0
0.53825,-0.12496863981545658,0.9923503362926827,0.00018815773709590644,0.0
0.5385,-0.12603553154657376,0.9922153665286277,0.00018812669805590154,0.0
0.53875,-0.1271022228762817,0.992079244946348,0.0001880839689143432,0.0
0.539,-0.12816871312300648,0.9919419717091227,0.00018802945335694154,0.0
0.53925,-0.12923500149908662,0.991803547152438,0.0001879632132288922,0.0
0.5395,-0.130301086876635,0.9916639716042006,0.0001878852590893043,0.0
0.53975,-0.13136696850266816,0.991523245328624,0.00018779558670267704,0.0
0.54,-0.13243264530750665,0.9913813687054542,0.00018769426515308218,0.0
0.54025,-0.13349811642677523,0.9912383419175441,0.00018758119511708138,0.0
0.5405,-0.13456338103887333,0.9910941653619343,0.00018745649557216915,0.0
0.54075,-0.13562843819285675,0.990948839272944,0.00018732010710298397,0.0
0.541,-0.13669328707391415,0.99080236390256,0.00018717200630624653,0.0
0.54125,-0.13775792681088106,0.9906547396229488,0.00018701228152551153,0.0
0.5415,-0.13882235655268005,0.9905059665952063,0.00018684081502673422,0.0
0.54175,-0.13988657511860936,0.9903560453657967,0.00018665782492544025,0.0
0.542,-0.1409505820368686,0.9902049759199372,0.0001864630723289462,0.0
0.54225,-0.14201437618561386,0.990052758689723,0.00018625667048621786,0.0
0.5425,-0.14307795661548184,0.9898993940262137,0.00018603867616895364,0.0
0.54275,-0.1441413224889736,0.989744882246903,0.00018580912888710444,0.0
0.543,-0.14520447279600646,0.9895892235165586,0.00018556789231460868,0.0
0.54325,-0.1462674068231209,0.9894324181950278,0.00018531506617347482,0.0
0.5435,-0.1473301237021296,0.9892744665711177,0.00018505065795415554,0.0
0.54375,-0.1483926223052343,0.9891153690386147,0.0001847747406571454,0.0
0.544,-0.14945490176415888,0.9889551256563323,0.00018448709388918516,0.0
0.54425,-0.15051696152304572,0.9887937369068087,0.0001841879635278154,0.0
0.5445,-0.15157880023819104,0.988631203107305,0.00018387731409008623,0.0
0.54475,-0.15264041739363066,0.9884675243816758,0.0001835550434432509,0.0
0.545,-0.15370181186184695,0.9883027011436063,0.00018322124366942916,0.0
0.54525,-0.15476298286205648,0.9881367336730236,0.0001828759273740932,0.0
0.5455,-0.15582392933015754,0.9879696222133596,0.00018251902755150873,0.0
0.54575,-0.15688465067756496,0.9878013671464991,0.00018215068792071243,0.0
0.546,-0.1579451457470995,0.9876319686863972,0.00018177079790904216,0.0
0.54625,-0.15900541368517196,0.987461427174166,0.00018137941976981153,0.0
0.5465,-0.16006545368031766,0.9872897428447747,0.00018097651794346525,0.0
0.54675,-0.16112526489419565,0.9871169160709954,0.00018056218901651988,0.0
0.547,-0.16218484628362617,0.98694294714503,0.0001801364171158948,0.0
0.54725,-0.1632441970138956,0.9867678362004035,0.00017969906329229346,0.0
0.5475,-0.1643033161465226,0.9865915836894352,0.00017925028645349173,0.0
0.54775,-0.16536220275511226,0.986414189942078,0.00017879012659971494,0.0
0.548,-0.1664208560344278,0.9862356551672669,0.00017831852447192098,0.0
0.54825,-0.16747927513590355,0.9860559796723596,0.00017783551109773477,0.0
0.5485,-0.16853745921627095,0.9858751636980916,0.0001773410529830599,0.0
0.54875,-0.16959540727614453,0.9856932076269977,0.00017683523023115377,0.0
0.549,-0.17065311820260476,0.9855101116518341,0.00017631791613759162,0.0
0.54925,-0.1717105914677859,0.9853258761651311,0.00017578928046457776,0.0
0.5495,-0.1727678258151073,0.9851405014847074,0.00017524929505241538,0.0
0.54975,-0.17382482082279793,0.9849539877876978,0.00017469793679847356,0.0
0.55,-0.17488157499001034,0.984766335441341,0.0001741351832462712,0.0
0.55025,-0.17593808793272459,0.9845775447083174,0.0001735611029125561,0.0
0.5505,-0.17699435863258373,0.9843876160365284,0.00017297583659958704,0.0
0.55075,-0.17805038597202127,0.9841965494839044,0.0001723791231236227,0.0
0.551,-0.17910616945190228,0.984004345364637,0.00017177106346144555,0.0
0.55125,-0.18016170776013496,0.9838110040985946,0.00017115171781134642,0.0
0.5515,-0.18121700025625032,0.9836165259985279,0.00017052116091020864,0.0
0.55175,-0.18227204603933345,0.9834209112165126,0.00016987926315858992,0.0
0.552,-0.18332684396605714,0.9832241602073317,0.00016922614823933202,0.0
0.55225,-0.1843813933941867,0.9830262731666704,0.00016856177643131964,0.0
0.5525,-0.18543569327077591,0.9828272504145783,0.00016788615526608375,0.0
0.55275,-0.1864897429407577,0.9826270922066218,0.00016719930247188763,0.0
0.553,-0.18754354136373763,0.9824257987954379,0.00016650116173466678,0.0
0.55325,-0.18859708749635118,0.9822233706181898,0.00016579185686227405,0.0
0.5535,-0.18965038069199025,0.9820198078925522,0.00016507137069221578,0.0
0.55375,-0.19070341997618812,0.9818151108799498,0.0001643396676480613,0.0
0.554,-0.1917562043888914,0.9816092799044771,0.00016359677615751522,0.0
0.55425,-0.19280873314597002,0.9814023152332769,0.00016284270242228338,0.0
0.5545,-0.1938610052736074,0.9811942172583219,0.00016207753886798848,0.0
0.55475,-0.19491301993402388,0.9809849861920341,0.00016130122795021684,0.0
0.555,-0.19596477608599017,0.9807746222819826,0.0001605137070739282,0.0
0.55525,-0.19701627311349057,0.9805631259270218,0.0001597151451870893,0.0
0.5555,-0.19806750978096233,0.9803504973143742,0.00015890538222596007,0.0
0.55575,-0.1991184853469541,0.980136736910632,0.00015808462896838016,0.0
0.556,-0.20016919888014328,0.9799218448045028,0.0001572526884852099,0.0
0.55625,-0.2012196497223009,0.9797058214108798,0.00015640973836283933,0.0
0.5565,-0.2022698367818947,0.9794886669255405,0.0001555556548924475,0.0
0.55675,-0.20331975903359378,0.9792703817823938,0.0001546905602722859,0.0
0.557,-0.20436941595157876,0.9790509661597824,0.00015381442795714406,0.0
0.55725,-0.2054188063110729,0.9788304203838472,0.00015292723417315024,0.0
0.5575,-0.20646792933863622,0.9786087447716163,0.00015202903801703194,0.0
0.55775,-0.20751678398932327,0.9783859396304475,0.00015111983331062007,0.0
0.558,-0.20856536954483573,0.97816200523906,0.00015019965336859897,0.0
0.55825,-0.20961368498756272,0.9779369418568322,0.00014926845064389127,0.0
0.5585,-0.21066172960329865,0.9777107498183195,0.0001483263145292124,0.0
0.55875,-0.21170950238903075,0.9774834294380863,0.00014737325448854754,0.0
0.559,-0.2127570023664802,0.9772549809334823,0.0001464091898102371,0.0
0.55925,-0.21380422873878047,0.977025404637482,0.0001454341912581203,0.0
0.5595,-0.21485118064462227,0.9767947008571181,0.00014444829081305954,0.0
0.55975,-0.2158978569608614,0.976562869893705,0.0001434514585005875,0.0
0.56,-0.2169442570779907,0.9763299120204287,0.00014244374735916665,0.0
0.56025,-0.21799038018807693,0.9760958274944365,0.00014142515275850087,0.0
0.5605,-0.21903622512780174,0.9758606166023966,0.00014039562145806705,0.0
0.56075,-0.22008179087993085,0.9756242797542747,0.0001393552515394081,0.0
0.561,-0.22112707680045673,0.9753868171563091,0.0001383040243136957,0.0
0.56125,-0.22217208206601313,0.9751482290781066,0.00013724194418185398,0.0
0.5615,-0.22321680564996882,0.9749085159056889,0.0001361690839947194,0.0
0.56175,-0.22426124653834023,0.974667677920797,0.00013508541718953992,0.0
0.562,-0.22530540404741828,0.9744257153440348,0.000133990931567185,0.0
0.56225,-0.22634927719539277,0.9741826284613282,0.0001328856120565991,0.0
0.5625,-0.22739286499514932,0.9739384176633941,0.00013176954408256059,0.0
0.56275,-0.22843616666600042,0.9736930832367161,0.00013064275827434635,0.0
0.563,-0.2294791811714596,0.9734466253749332,0.00012950513669429675,0.0
0.56325,-0.23052190782939874,0.9731990444347307,0.00012835680125511395,0.0
0.5635,-0.23156434579552965,0.9729503407112396,0.00012719777727721038,0.0
0.56375,-0.2326064938765029,0.9727005144452878,0.0001260279563006783,0.0
0.564,-0.2336483513859129,0.9724495660155981,0.0001248474811932354,0.0
0.56425,-0.2346899174068504,0.9721974956769461,0.00012365632103716884,0.0
0.5645,-0.23573119118289654,0.9719443035609512,0.00012245436300939438,0.0
0.56475,-0.2367721715152129,0.9716899902274676,0.00012124180635497694,0.0
0.565,-0.23781285770949623,0.9714345558200161,0.00012001856436683056,0.0
0.56525,-0.23885324862102308,0.9711780007447501,0.00011878469879067488,0.0
0.5655,-0.23989334382514116,0.9709203251244087,0.00011754016780196608,0.0
0.56575,-0.24093314198614024,0.9706615294463656,0.0001162850661273751,0.0
0.566,-0.24197264244160976,0.9704016138943565,0.00011501935474744762,0.0
0.56625,-0.2430118440569622,0.9701405787792741,0.00011374300433963924,0.0
0.5665,-0.2440507463225572,0.9698784243528245,0.00011245607967236282,0.0
0.56675,-0.24508934819270323,0.9696151508961908,0.00011115854437249162,0.0
0.567,-0.24612764836209777,0.9693507588168746,0.00010985041999611589,0.0
0.56725,-0.2471656465320784,0.9690852484399937,0.00010853189522608275,0.0
0.5675,-0.24820334130045296,0.9688186199355684,0.00010720273707076622,0.0
0.56775,-0.24924073219784404,0.9685508735681854,0.00010586303461512792,0.0
0.568,-0.25027781804745075,0.9682820097029445,0.00010451279902046196,0.0
0.56825,-0.25131459825464475,0.9680120286851874,0.00010315216736800359,0.0
0.5685,-0.2523510715892563,0.9677409307017193,0.00010178096415569549,0.0
0.56875,-0.25338723739788804,0.9674687160922559,0.00010039930665550756,0.0
0.569,-0.25442309465512025,0.9671953851503474,9.900717379829338e-05,0.0
0.56925,-0.2554586423298595,0.9669209382189639,9.760459030028201e-05,0.0
0.5695,-0.25649387968223536,0.9666453755800788,9.619159598672766e-05,0.0
0.56975,-0.2575288061702494,0.9663686973636381,9.476813538467077e-05,0.0
0.57,-0.25856342041393177,0.966090904003968,9.333423203838898e-05,0.0
0.57025,-0.25959772143528426,0.9658119959096858,9.188998683629102e-05,0.0
0.5705,-0.26063170876976116,0.9655319730944143,9.043525265184371e-05,0.0
0.57075,-0.2616653813485179,0.965250836051478,8.897018932385592e-05,0.0
0.571,-0.2626987381950414,0.9649685851126435,8.74948241098572e-05,0.0
0.57125,-0.263731778585921,0.9646852203726617,8.600902199606963e-05,0.0
0.5715,-0.2647645014673756,0.9644007422423808,8.451286624922005e-05,0.0
0.57175,-0.26579690598925865,0.9641151510813231,8.300644397785106e-05,0.0
0.572,-0.26682899115097314,0.9638284471338032,8.148969121735128e-05,0.0
0.57225,-0.26786075630619166,0.9635406305654719,7.996256271036728e-05,0.0
0.5725,-0.2688922003368823,0.9632517018379936,7.842517264666782e-05,0.0
0.57275,-0.269923322225619,0.9629616612471494,7.68775015174139e-05,0.0
0.573,-0.27095412137396124,0.9626705090315362,7.531958776607617e-05,0.0
0.57325,-0.2719845969935015,0.9623782454025527,7.375139327270297e-05,0.0
0.5735,-0.27301474771180523,0.962084870771605,7.217291341343746e-05,0.0
0.57375,-0.27404457325735976,0.9617903853141545,7.05842162134207e-05,0.0
0.574,-0.2750740723257934,0.961494789445652,6.898531903010152e-05,0.0
0.57425,-0.276103243834779,0.9611980834904248,6.737621109964564e-05,0.0
0.5745,-0.27713208730815,0.9609002675321126,6.575681754927842e-05,0.0
0.57475,-0.27816060164730416,0.9606013421022563,6.412732256633191e-05,0.0
0.575,-0.27918878600479147,0.9603013073473061,6.248760953653232e-05,0.0
0.57525,-0.28021663955743037,0.9600001635711326,6.083772011611366e-05,0.0
0.5755,-0.2812441611983445,0.9596979111898847,5.917772419250511e-05,0.0
0.57575,-0.28227135016014415,0.9593945503675396,5.7507544523272e-05,0.0
0.576,-0.2832982055594826,0.9590900814653853,5.5827260909691034e-05,0.0
0.57625,-0.28432472646243667,0.9587845047163004,5.41368156130595e-05,0.0
0.5765,-0.2853509119990534,0.9584778205559594,5.2436363410679476e-05,0.0
0.57675,-0.2863767612116952,0.9581700291019413,5.0725729107803375e-05,0.0
0.577,-0.2874022733196746,0.95786113073083,4.9005036383720224e-05,0.0
0.57725,-0.28842744762579997,0.9575511256586271,4.7274279590059365e-05,0.0
0.5775,-0.28945228289292757,0.9572400142428084,4.553343310287339e-05,0.0
0.57775,-0.29047677822776663,0.9569277968322023,4.3782561401473075e-05,0.0
0.578,-0.2915009326773266,0.956614473729239,4.202166709998956e-05,0.0
0.57825,-0.29252474546835927,0.9563000451044044,4.025067894852796e-05,0.0
0.5785,-0.2935482161921108,0.9559845112529217,3.846975256793783e-05,0.0
0.57875,-0.29457134321690503,0.9556678726656518,3.66788722820921e-05,0.0
0.579,-0.2955941258321637,0.9553501293860194,3.487786394962278e-05,0.0
0.57925,-0.2966165633447879,0.9550312818809417,3.306696410154686e-05,0.0
0.5795,-0.2976386546863985,0.9547113303600039,3.124605249094081e-05,0.0
0.57975,-0.29866039915422604,0.9543902751727327,2.941525099453557e-05,0.0
0.58,-0.29968179572192,0.9540681165233202,2.7574446560096888e-05,0.0
0.58025,-0.30070284344644094,0.953744854802391,2.5723728549253977e-05,0.0
0.5805,-0.3017235417190278,0.9534204901622534,2.3863059629869454e-05,0.0
0.58075,-0.3027438891856562,0.9530950231385855,2.1992543562943112e-05,0.0
0.581,-0.30376388511472996,0.952768453883138,2.0112105181713247e-05,0.0
0.58125,-0.3047835288177083,0.9524407825944774,1.8221727861922332e-05,0.0
0.5815,-0.30580281929678677,0.9521120097102322,1.632152896413608e-05,0.0
0.58175,-0.3068217553524768,0.9517821355543568,1.4411455148577446e-05,0.0
0.582,-0.30784033668769695,0.9514511602958038,1.2491582093154818e-05,0.0
0.58225,-0.308858561882591,0.9511190842559714,1.0561786274232432e-05,0.0
0.5825,-0.30987643016967326,0.9507859078253915,8.62220985586859e-06,0.0
0.58275,-0.3108939407492848,0.950451631173852,6.672775564986466e-06,0.0
0.583,-0.31191109302210407,0.9501162546575639,4.713646270859684e-06,0.0
0.58325,-0.31292788353706413,0.9497797792637837,2.744692907397095e-06,0.0
0.5835,-0.31394431547469337,0.9494422039121226,7.658938980803498e-07,7.653483873698356
0.58375,-0.3149608544271785,0.9491049436474285,2.669387078046981e-07,1.9712988815678083
0.584,-0.3159771520888507,0.9487669473148566,1.4047965635199944e-07,0.5403996841915555
0.58425,-0.3169931192239638,0.9484279515252014,1.0843480824362928e-07,0.17537470063885058
0.5845,-0.31800873318635897,0.9480878895440796,1.0034146491477713e-07,0.08694111679984232
0.58475,-0.31902398749956207,0.9477467445030446,9.815811519153783e-08,0.0661607339330388
0.585,-0.3200388793236156,0.9474045128333702,9.760787089696521e-08,0.061981864301919855
0.58525,-0.32105340737611243,0.9470611932606392,9.708403414521172e-08,0.058225394765047456
0.5855,-0.32206757155304105,0.9467167862308089,9.698862735163516e-08,0.059874640013062044
0.58575,-0.3230813701738797,0.9463712918747119,9.691901659003577e-08,0.06077141023204029
0.586,-0.324094802676686,0.9460247104113595,9.691546365431236e-08,0.06393110611089044
0.58625,-0.32510786748995457,0.9456770417499909,9.639843545627969e-08,0.06182977018809483
0.5865,-0.32612056485751434,0.9453282865034257,9.60432389174315e-08,0.06421921457564372
0.58675,-0.32713289341588675,0.9449784453365789,9.60526891358171e-08,0.06508589719483406
0.587,-0.32814485159930956,0.9446275182268354,9.591125693653169e-08,0.06814138269503561
0.58725,-0.32915643936426875,0.9442755050570177,9.551282009745421e-08,0.06619040662095685
0.5875,-0.33016765558721245,0.9439224067734485,9.540246348471726e-08,0.06808318363088171
0.58775,-0.33117849951148093,0.9435682232625828,9.524478716826934e-08,0.06895863135276771
0.588,-0.3321889698345,0.9432129552941522,9.535721279263498e-08,0.07190434726911166
0.58825,-0.3331990657615691,0.9428566021452083,9.481659057897218e-08,0.06817983624199492
0.5885,-0.33420878658999437,0.9424991650606479,9.45869829127588e-08,0.07363796578272262
0.58875,-0.33521813131293265,0.9421406441587739,9.446841753302238e-08,0.0737051768222113
0.589,-0.33622709960243335,0.9417810394536241,9.439070214334322e-08,0.07506756186774703
0.58925,-0.33723568907635837,0.941420351599473,9.41962363665283e-08,0.07407498235580778
0.5895,-0.33824390052313186,0.9410585804580891,9.404744361063422e-08,0.07575583432006847
0.58975,-0.3392517317565365,0.9406957262680121,9.345935159110752e-08,0.07656747705188154
0.59,-0.3402591828238129,0.9403317899578099,9.335058948067854e-08,0.08194335419436238
0.59025,-0.34126625194988947,0.9399667715668736,9.318488380927192e-08,0.07790820513481413
0.5905,-0.342272939302145,0.9396006710980598,9.305322268282623e-08,0.08137232926440353
0.59075,-0.34327924308313457,0.939233489163966,9.294941949455904e-08,0.08028257695471769
0.591,-0.3442851628119812,0.9388652255608139,9.254991084617359e-08,0.08566733684254152
0.59125,-0.34529069697359205,0.9384958810353714,9.206842910280955e-08,0.08210209262679723
0.5915,-0.3462958460684497,0.938125456249341,9.233364450800252e-08,0.08529261086139163
0.59175,-0.3473006076761512,0.9377539509137889,9.227331809746886e-08,0.08483693088640577
0.592,-0.348304981554681,0.9373813649592302,9.177431392615176e-08,0.08943241288960367
0.59225,-0.3493089665947906,0.9370076995201373,9.155176594610737e-08,0.08631669132755496
0.5925,-0.3503125620692128,0.9366329545370038,9.13341022812375e-08,0.09040146931837963
0.59275,-0.3513157673410033,0.9362571303260524,9.123438204916567e-08,0.08927444183993473
0.593,-0.352318580843817,0.9358802273177149,9.114602539384009e-08,0.09391428112865223
0.59325,-0.3533210019513504,0.9355022449874784,9.039825510370747e-08,0.09138590076655649
0.5935,-0.3543230303688305,0.9351231851080077,9.058814409712568e-08,0.09551772801954476
0.59375,-0.35532466433382154,0.9347430471090455,9.06013191137589e-08,0.09393151658465934
0.594,-0.35632590310138856,0.9343618307813262,9.00210217480435e-08,0.09653293866814118
0.59425,-0.35732674575884715,0.9339795371961628,8.956787911351682e-08,0.09786485214143276
0.5945,-0.3583271922492803,0.9335961666918962,8.958352371024603e-08,0.0980249262356915
0.59475,-0.35932724036065866,0.9332117195093431,8.95473917239542e-08,0.09964107726226443
0.595,-0.36032689022902453,0.9328261955211075,8.943624729695898e-08,0.10318195472260319
0.59525,-0.3613261396673124,0.9324395951058914,8.886405655772478e-08,0.09975822060821656
0.5955,-0.36232498939042235,0.9320519189369536,8.876540968927316e-08,0.10572154998525024
0.59575,-0.3633234372129542,0.9316631672988275,8.86647553155484e-08,0.10308470242737565
0.596,-0.3643214832084887,0.9312733397623298,8.823965447213311e-08,0.10637040656779663
0.59625,-0.36531912505311226,0.9308824377565903,8.802660800277806e-08,0.10673848237570327
0.5965,-0.3663163635092962,0.9304904607815284,8.789004413145562e-08,0.10932776295357609
0.59675,-0.3673131966257635,0.9300974092089234,8.751629043679543e-08,0.10804799151103722
0.597,-0.3683096233763881,0.9297032841701833,8.763423697821793e-08,0.1129182969320801
0.59725,-0.36930564325307813,0.9293080844753527,8.700490572444153e-08,0.11108369568727902
0.5975,-0.3703012556272931,0.9289118118718671,8.707710863475882e-08,0.11295754996301119
0.59775,-0.37129645926715793,0.9285144655688157,8.671743212396166e-08,0.11419849666583975
0.598,-0.3722912529467129,0.9281160467127684,8.659318173620534e-08,0.11722015930969902
0.59825,-0.3732856356281715,0.9277165549506199,8.604788348520742e-08,0.11663182154294757
0.5985,-0.3742796075167114,0.9273159912420232,8.610801605080098e-08,0.11945293740584294
0.59875,-0.3752731666815961,0.9269143551858464,8.574040943898353e-08,0.11821653183124556
0.599,-0.3762663122259607,0.9265116478734476,8.568064413516652e-08,0.12379206684340627
0.59925,-0.37725904366470786,0.9261078688967617,8.542965201918662e-08,0.1192666036141781
0.5995,-0.37825135974865015,0.9257030188645966,8.51433616944064e-08,0.12538885847456213
0.59975,-0.37924325979801726,0.9252970980416141,8.487322578076828e-08,0.12461464139073253
0.6,-0.3802347422996523,0.9248901068339216,8.44854692871877e-08,0.12628584318221936
0.60025,-0.3812258071224335,0.9244820455677267,8.429661613185147e-08,0.12711715524896192
0.6005,-0.3822164531520389,0.9240729143129451,8.401346862640935e-08,0.1301834305456207
0.60075,-0.38320667920935036,0.9236627139048148,8.402432927212544e-08,0.12936644412673295
0.601,-0.3841964842845131,0.9232514438371879,8.354201264104688e-08,0.1344613989652825
0.60125,-0.3851858674544886,0.9228391051057194,8.319949240664926e-08,0.13130991170350617
0.6015,-0.38617482832685796,0.9224256979353673,8.312241028818335e-08,0.13585703968376092
0.60175,-0.3871633655295826,0.9220112222830288,8.281201568927088e-08,0.13450572559374382
0.602,-0.38815147813521444,0.9215956786561712,8.244813698432552e-08,0.13992212000076606
0.60225,-0.3891391650726703,0.9211790677633775,8.233942683233408e-08,0.13771375050630752
0.6025,-0.3901264257983568,0.9207613893488504,8.211090962717549e-08,0.139867872979688
0.60275,-0.3911132592716171,0.9203426437432348,8.173517374032713e-08,0.14021300785325633
0.603,-0.39209966449299877,0.919922831410323,8.132275053363003e-08,0.1463030381992739
0.60325,-0.3930856400381728,0.9195019531197737,8.109764593200453e-08,0.14310183175084298
0.6035,-0.3940711857268513,0.9190800087144029,8.091931347209425e-08,0.14635604653533663
0.60375,-0.39505630056099367,0.9186569985062369,8.07587099416196e-08,0.14589012868172976
0.604,-0.3960409831357431,0.9182329229589262,8.056440625736627e-08,0.15308314598918646
0.60425,-0.39702523255463973,0.9178077822173591,8.019190333996562e-08,0.14802220968626761
0.6045,-0.3980090486254773,0.9173815766900673,8.001905249521712e-08,0.1528537576704668
0.60475,-0.3989924294212299,0.9169543068473041,7.979063432195233e-08,0.1528288870296912
0.605,-0.3999753743959861,0.9165259725721333,7.926124889756636e-08,0.15771402842664456
0.60525,-0.40095788282086886,0.9160965748389032,7.911387878145604e-08,0.15428670516282875
0.6055,-0.40193995306178626,0.9156661135929797,7.872488816396128e-08,0.15916234262478185
0.60575,-0.4029215853331113,0.9152345892775795,7.866872064887787e-08,0.15812047551899677
0.606,-0.4039027780927646,0.9148020019487701,7.846026228719438e-08,0.16272924605484906
0.60625,-0.4048835293397559,0.9143683521180535,7.78428477232751e-08,0.16189126528050887
0.6065,-0.4058638399904045,0.9139336402295272,7.767747267628522e-08,0.16533367686831021
0.60675,-0.4068437081519092,0.9134978664919832,7.747409735969768e-08,0.1651721647370152
0.607,-0.40782313284979577,0.9130610312954882,7.72788983915973e-08,0.16833524621085455
0.60725,-0.40880211321447035,0.9126231347444147,7.69196664140992e-08,0.16767794266125108
0.6075,-0.4097806479358037,0.912184177556949,7.660396450503981e-08,0.17274964356923342
0.60775,-0.41075873692067305,0.9117441596530751,7.630907639111228e-08,0.17159791380378261
0.608,-0.4117363783128185,0.9113030817219097,7.599099993704783e-08,0.174944278397293
0.60825,-0.4127135720003139,0.9108609437462967,7.567782334128026e-08,0.1744681345311475
0.6085,-0.4136903163646941,0.9104177464103455,7.541640356656387e-08,0.1787814111356557
0.60875,-0.4146666107112996,0.9099734897346813,7.502935250869314e-08,0.18078926838843815
0.609,-0.4156424542424292,0.9095281744682003,7.496006060314642e-08,0.17972425439436868
0.60925,-0.4166178454321283,0.9090818003908616,7.446719685333392e-08,0.18249996815559688
0.6095,-0.4175927840487958,0.9086343682189617,7.419914527240223e-08,0.18244324610381593
0.60975,-0.41856726886436796,0.908185878268083,7.402506985165758e-08,0.18750399374713603
0.61,-0.41954129861680195,0.907736330845182,7.379067046286991e-08,0.18731347204974863
0.61025,-0.4205148726577832,0.9072857259736153,7.334092821942306e-08,0.1903716605287563
0.6105,-0.42148798961112793,0.9068340646430378,7.309171912162071e-08,0.1892879650013237
0.61075,-0.42246064909525727,0.9063813465468892,7.27010665002581e-08,0.19570440145791
0.611,-0.42343285021308197,0.9059275725077829,7.263470669371941e-08,0.19326165117266283
0.61125,-0.42440459098414607,0.9054727423972473,7.203640350894602e-08,0.19739593386775153
0.6115,-0.4253758715616932,0.9050168570274617,7.18053649872985e-08,0.1971332155296404
0.61175,-0.4263466906683008,0.9045599164436009,7.15401302642249e-08,0.20202817245030158
0.612,-0.4273170470205619,0.9041019211762595,7.12744856468106e-08,0.20215323298656446
0.61225,-0.42828693947983254,0.9036428714091951,7.078882591216029e-08,0.2037392578386619
0.6125,-0.42925636816917406,0.9031827675749795,7.062909190835853e-08,0.20289784653463522
0.61275,-0.430225331096337,0.9027216099835339,7.032410564988822e-08,0.20967391052808296
0.613,-0.43119382720198446,0.9022593990460493,6.989201417617608e-08,0.20971719524186785
0.61325,-0.4321618561042513,0.9017961350568555,6.953747466731386e-08,0.2116147464020476
0.6135,-0.43312941691198975,0.9013318183548278,6.928666773653447e-08,0.2107733358546028
0.61375,-0.4340965081016245,0.9008664493615454,6.896564830327634e-08,0.2163697589565724
0.614,-0.4350631289383313,0.9004000283996917,6.865188595384097e-08,0.21843352886274248
0.61425,-0.4360292784471902,0.8999325557902749,6.831719434607919e-08,0.21869348612049802
0.6145,-0.43699495567035085,0.8994640319130035,6.799326190964905e-08,0.21814968427142212
0.61475,-0.4379601594568823,0.8989944571163793,6.759873327766286e-08,0.22687531550748166
0.615,-0.43892488919834677,0.8985238317659271,6.730455015535597e-08,0.2227143748145442
0.61525,-0.4398891434103156,0.8980521562303345,6.690010501131383e-08,0.22652909317910416
0.6155,-0.4408529216678418,0.8975794308552468,6.661874829561043e-08,0.228208906898768
0.61575,-0.441816222621278,0.897105656004533,6.630332682888707e-08,0.2342224717029753
0.616,-0.44277904529690365,0.8966308319829082,6.590819756624455e-08,0.2294867061991359
0.61625,-0.4437413886199799,0.8961549593065756,6.553207687609586e-08,0.23697324076556842
0.6165,-0.44470325192239474,0.8956780381602312,6.515645445404061e-08,0.23379769184960641
0.61675,-0.44566463423395536,0.8952000690606532,6.492653970013862e-08,0.24285207541052553
0.617,-0.4466255340499315,0.8947210521907502,6.444935274352304e-08,0.24117210802020433
0.61725,-0.44758595079494157,0.8942409882039524,6.416649456220114e-08,0.24232432601712245
0.6175,-0.44854588336357953,0.8937598771468873,6.374001437770005e-08,0.24331862768008056
0.61775,-0.4495053310138933,0.893277719736301,6.359359550067722e-08,0.24967664964418843
0.618,-0.45046429213840217,0.8927945158188401,6.298397248194476e-08,0.24948277888643577
0.61825,-0.4514227662753818,0.8923102664098437,6.272606012380777e-08,0.25036994921853284
0.6185,-0.4523807524178604,0.8918249713850636,6.237205751880026e-08,0.2543389478706438
0.61875,-0.45333824915200244,0.8913386314021716,6.19870477169826e-08,0.2582088805902884
0.619,-0.4542952560363487,0.8908512466924526,6.16953124144004e-08,0.2569846384521786
0.61925,-0.45525177143735895,0.8903628176718676,6.124471862989367e-08,0.2590793068991856
0.6195,-0.4562077948626659,0.8898733447179831,6.086651138659249e-08,0.26332158219863194
0.61975,-0.45716332514097663,0.8893828283356986,6.059617874143441e-08,0.26605551795120447
0.62,-0.4581183612898855,0.8888912684555903,6.00437572995105e-08,0.2674628569665903
0.62025,-0.4590729021108224,0.8883986662616223,5.983393935871106e-08,0.2692310920468212
0.6205,-0.4600269469357772,0.8879050212326055,5.9318561174137585e-08,0.2711535584744018
0.62075,-0.4609804944217772,0.8874103345246933,5.902928545964414e-08,0.27489790960755456
0.621,-0.46193354382234914,0.8869146060734507,5.868734742620063e-08,0.27709196669714664
0.62125,-0.4628860938389625,0.8864178367067055,5.8550642556554067e-08,0.2767506138037832
0.6215,-0.46383814377081345,0.8859200256689481,5.774901001842636e-08,0.28071741322533167
0.62175,-0.46478969245748225,0.8854211747668713,5.7470131986647743e-08,0.2857715040500788
0.622,-0.46574073881878086,0.8849212835944888,5.697698912676685e-08,0.28395882525467125
0.62225,-0.46669128190639597,0.8844203530968073,5.678965675492975e-08,0.2891057417218645
0.6225,-0.4676413207261841,0.8839183828387253,5.6185377017570204e-08,0.2916002130097064
0.62275,-0.4685908541844804,0.8834153740179556,5.5838311086020553e-08,0.2951732893818381
0.623,-0.46953988128515833,0.8829113261571899,5.498696276085013e-08,0.29254412415126435
0.62325,-0.4704884010269761,0.8824062413284324,5.51181447150384e-08,0.29759370904765364
0.6235,-0.47143641239120304,0.8819001181204396,5.463456531629163e-08,0.29974789512762084
0.62375,-0.4723839143615828,0.8813929577102179,5.422436699653588e-08,0.3048455881406757
0.624,-0.4733309058313322,0.8808847602234148,5.360448485092206e-08,0.30464819259668174
0.62425,-0.47427738588832646,0.8803755271985096,5.38275577444125e-08,0.30848274455107844
0.6245,-0.47522335333419974,0.8798652569350393,5.295778082725633e-08,0.3091990625702104
0.62475,-0.4761688073169212,0.8793539515448685,5.257959556637104e-08,0.3155161931522033
0.625,-0.4771137466866456,0.8788416106211773,5.191829544060056e-08,0.31625877236555827
0.62525,-0.4780581703808675,0.8783282353689827,5.1657145450079156e-08,0.31700001709609127
0.6255,-0.4790020775126559,0.8778138257416108,5.146228043706458e-08,0.31967315071678937
0.62575,-0.47994546692953005,0.8772983814900569,5.069563768778096e-08,0.3257139473226298
0.626,-0.48088833752239285,0.876781904035898,5.020493132334991e-08,0.32512392709642196
0.62625,-0.4818306885657986,0.8762643938898833,5.022149673905574e-08,0.32892822272647215
0.6265,-0.48277251856682707,0.8757458507075335,4.985740820195872e-08,0.33062446918817084
0.62675,-0.4837138267322713,0.8752262743785136,4.876723425084606e-08,0.33449157975652366
0.627,-0.4846546121328217,0.8747056671174982,4.857454061202304e-08,0.3375919226582529
0.62725,-0.48559487357959696,0.8741840283042563,4.8294519716662876e-08,0.3391066722704614
0.6275,-0.48653460993351516,0.8736613581028956,4.7652675583265136e-08,0.34256492541356165
0.62775,-0.4874738201938892,0.8731376577287201,4.7359208776853734e-08,0.34582001816297264
0.628,-0.48841250316389684,0.8726129264885066,4.6360828731550896e-08,0.34871593077068297
0.62825,-0.4893506583528655,0.8720871666241834,4.6510488571627207e-08,0.3489257115901359
0.6285,-0.4902882841350052,0.8715603763343198,4.5578033347482005e-08,0.35373555372734716
0.62875,-0.4912253797841022,0.8710325581578751,4.5557542627250314e-08,0.3580214704595699
0.629,-0.4921619437211933,0.8705037109409446,4.4804688181798724e-08,0.358005010154643
0.62925,-0.4930979756327396,0.8699738361391809,4.4569913093539526e-08,0.3625074695385329
0.6295,-0.49403347391591185,0.8694429335940979,4.406306652882108e-08,0.365281018152878
0.62975,-0.494968438092179,0.8689110038157836,4.362978089922365e-08,0.3683960396243674
0.63,-0.49590286581456317,0.8683780476021821,4.294023625561749e-08,0.3707167320484877
0.63025,-0.4968367575669723,0.8678440657149196,4.303313105857853e-08,0.3760730507737951
0.6305,-0.4977701115403631,0.8673090578769114,4.290911959081711e-08,0.3809353565941514
0.63075,-0.4987029274332746,0.8667730262228751,4.440903844660227e-08,0.40339448118590454
0.631,-0.49963520598010724,0.8662359735541258,5.04670230050408e-08,0.48558963027680396
0.63125,-0.5005669555772386,0.865697917697207,8.086056935141528e-08,0.8449566966295741
0.6315,-0.5014982175260506,0.8651589318113502,2.197373569767791e-07,2.4217127434543246
0.63175,-0.5024291767971931,0.8646193370474888,8.378464211311609e-07,9.437579005988741
0.632,-0.5033606649783664,0.8640805642840371,3.5903039965479167e-06,0.0
0.63225,-0.5042916636729272,0.863540864694962,6.453503242020986e-06,0.0
0.6325,-0.5052221726855245,0.863000240036884,9.428993947846465e-06,0.0
0.63275,-0.5061521918208072,0.8624586920664231,1.2518324612020848e-05,0.0
0.633,-0.5070817208834242,0.8619162225401995,1.572304242380973e-05,0.0
0.63325,-0.5080107596780247,0.8613728332148334,1.904469324620628e-05,0.0
0.6335,-0.5089393080092572,0.860828525846945,2.2484821599499938e-05,0.0
0.63375,-0.5098673656817713,0.8602833021931545,2.6044970643512855e-05,0.0
0.634,-0.5107949325002152,0.8597371640100824,2.9726682161612672e-05,0.0
0.63425,-0.5117220082692384,0.8591901130543484,3.353149654272691e-05,0.0
0.6345,-0.5126485927934898,0.858642151082573,3.746095276535577e-05,0.0
0.63475,-0.5135746858776181,0.8580932798513763,4.1516588379586494e-05,0.0
0.635,-0.5145002873262725,0.8575435011173786,4.569993949199436e-05,0.0
0.63525,-0.5154253969441017,0.8569928166372001,5.001254074610273e-05,0.0
0.6355,-0.5163500145357549,0.8564412281674609,5.445592530772814e-05,0.0
0.63575,-0.5172741399058808,0.8558887374647814,5.90316248467726e-05,0.0
0.636,-0.5181977728591285,0.8553353462857816,6.374116952101438e-05,0.0
0.63625,-0.5191209132001471,0.8547810563870817,6.85860879592326e-05,0.0
0.6365,-0.5200435607335853,0.8542258695253022,7.356790724388773e-05,0.0
0.63675,-0.5209657152640921,0.8536697874570629,7.868815289424624e-05,0.0
0.637,-0.5218873765963166,0.8531128119389841,8.394834885039337e-05,0.0
0.63725,-0.5228085445349077,0.8525549447276863,8.93500174556916e-05,0.0
0.6375,-0.5237292188845142,0.8519961875797895,9.489467943946117e-05,0.0
0.63775,-0.5246493994497852,0.8514365422519139,0.00010058385390188107,0.0
0.638,-0.5255690860353694,0.8508760105006796,0.00010641905829511522,0.0
0.63825,-0.5264882784459163,0.8503145940827068,0.0001124018084084355,0.0
0.6385,-0.5274069764860744,0.8497522947546161,0.00011853361835001408,0.0
0.63875,-0.5283251799604927,0.8491891142730273,0.00012481600053071418,0.0
0.639,-0.5292428886738203,0.8486250543945607,0.00013125046564810283,0.0
0.63925,-0.5301601024307059,0.8480601168758366,0.00013783852266779917,0.0
0.6395,-0.5310768210357988,0.847494303473475,0.00014458167880926354,0.0
0.63975,-0.5319930442937477,0.8469276159440964,0.00015148143952692372,0.0
0.64,-0.5329087720092017,0.8463600560443207,0.00015853930849440978,0.0
0.64025,-0.5338240039868096,0.8457916255307683,0.0001657567875879007,0.0
0.6405,-0.5347387400312206,0.8452223261600593,0.00017313537687013714,0.0
0.64075,-0.5356529799470833,0.8446521596888141,0.00018067657457176978,0.0
0.641,-0.5365667235390468,0.8440811278736526,0.00018838187707692633,0.0
0.64125,-0.5374799706117602,0.8435092324711952,0.00019625277890522597,0.0
0.6415,-0.5383927209698722,0.8429364752380621,0.00020429077269557006,0.0
0.64175,-0.539304974418032,0.8423628579308735,0.0002124973491899329,0.0
0.642,-0.5402167307608885,0.8417883823062495,0.00022087399721604228,0.0
0.64225,-0.5411279898030905,0.8412130501208104,0.00022942220367161426,0.0
0.6425,-0.5420387513492871,0.8406368631311765,0.0002381434535070337,0.0
0.64275,-0.5429490152041272,0.8400598230939677,0.0002470392297093671,0.0
0.643,-0.5438587811722597,0.8394819317658044,0.0002561110132857092,0.0
0.64325,-0.5447680490583338,0.8389031909033069,0.00026536028324675165,0.0
0.6435,-0.545676818666998,0.8383236022630953,0.00027478851658968573,0.0
0.64375,-0.5465850898029017,0.8377431676017898,0.0002843971882828811,0.0
0.644,-0.5474928622706936,0.8371618886760106,0.0002941877712485663,0.0
0.64425,-0.5484001358750227,0.836579767242378,0.00030416173634639776,0.0
0.6445,-0.5493069104205379,0.8359968050575121,0.00031432055235747214,0.0
0.64475,-0.5502131857118883,0.835413003878033,0.0003246656859676733,0.0
0.645,-0.5511189615537226,0.834828365460561,0.000335198601751463,0.0
0.64525,-0.5520242377506901,0.8342428915617165,0.0003459207621552274,0.0
0.6455,-0.5529290141074394,0.8336565839381195,0.00035683362748106795,0.0
0.64575,-0.5538332904286198,0.8330694443463902,0.0003679386558703701,0.0
0.646,-0.5547370665188801,0.8324814745431488,0.000379237303287816,0.0
0.64625,-0.5556403421828692,0.8318926762850156,0.00039073102350450917,0.0
0.6465,-0.556543117225236,0.8313030513286108,0.0004024212680824313,0.0
0.64675,-0.5574453914506295,0.8307126014305546,0.0004143094863573449,0.0
0.647,-0.5583471646636988,0.8301213283474671,0.0004263971254230281,0.0
0.64725,-0.5592484366690926,0.8295292338359685,0.00043868563011550954,0.0
0.6475,-0.5601492072714601,0.8289363196526791,0.00045117644299552673,0.0
0.64775,-0.5610494762754501,0.8283425875542192,0.00046387100433364914,0.0
0.648,-0.5619492434857116,0.8277480392972087,0.00047677075209362485,0.0
0.64825,-0.5628485087068935,0.8271526766382681,0.0004898771219152831,0.0
0.6485,-0.5637472717436448,0.8265565013340175,0.0005031915471007675,0.0
0.64875,-0.5646455324006144,0.825959515141077,0.0005167154585956624,0.0
0.649,-0.5655432904824514,0.825361719816067,0.0005304502849747816,0.0
0.64925,-0.5664405457938047,0.8247631171156076,0.0005443974524252937,0.0
0.6495,-0.567337298139323,0.824163708796319,0.000558558384730734,0.0
0.64975,-0.5682335473236555,0.8235634966148213,0.0005729345032554622,0.0
0.65,-0.5691292931514512,0.8229624823277348,0.0005875272269277865,0.0
0.65025,-0.570024535427359,0.8223606676916799,0.0006023379722246425,0.0
0.6505,-0.5709192739560276,0.8217580544632765,0.0006173681531553843,0.0
0.65075,-0.5718135085421063,0.8211546443991451,0.0006326191812457971,0.0
0.651,-0.5727072389902439,0.8205504392559055,0.0006480924655221099,0.0
0.65125,-0.5736004651050894,0.8199454407901784,0.0006637894124954524,0.0
0.6515,-0.5744931866912917,0.8193396507585836,0.000679711426145202,0.0
0.65175,-0.5753854035534998,0.8187330709177414,0.0006958599079038841,0.0
0.652,-0.5762771154963625,0.8181257030242721,0.0007122362566411855,0.0
0.65225,-0.577168322324529,0.8175175488347959,0.0007288418686473008,0.0
0.6525,-0.578059023842648,0.816908610105933,0.0007456781376184995,0.0
0.65275,-0.5789492198553686,0.8162988885943034,0.0007627464546404727,0.0
0.653,-0.5798389101673398,0.8156883860565276,0.0007800482081721238,0.0
0.65325,-0.5807280945832105,0.8150771042492257,0.0007975847840309136,0.0
0.6535,-0.5816167729076296,0.8144650449290178,0.0008153575653764289,0.0
0.65375,-0.582504944945246,0.8138522098525243,0.0008333679326950616,0.0
0.654,-0.5833926105007088,0.8132386007763652,0.0008516172637840214,0.0
0.65425,-0.5842797693786669,0.8126242194571609,0.0008701069337360146,0.0
0.6545,-0.5851664213837693,0.8120090676515314,0.000888838314923035,0.0
0.65475,-0.5860525663206647,0.8113931471160971,0.000907812776981709,0.0
0.655,-0.5869382039940023,0.8107764596074779,0.0009270316867964201,0.0
0.65525,-0.5878233342084311,0.8101590068822944,0.0009464964084855421,0.0
0.6555,-0.5887079567685999,0.8095407906971666,0.0009662083033838975,0.0
0.65575,-0.5895920714791576,0.8089218128087146,0.000986168730028547,0.0
0.656,-0.5904756781447533,0.8083020749735588,0.0010063790441432463,0.0
0.65625,-0.591358776570036,0.8076815789483194,0.0010268405986224582,0.0
0.6565,-0.5922413665596544,0.8070603264896163,0.0010475547435162547,0.0
0.65675,-0.5931234479182578,0.8064383193540703,0.0010685228260149948,0.0
0.657,-0.5940050204504947,0.805815559298301,0.0010897461904333383,0.0
0.65725,-0.5948860839610145,0.805192048078929,0.0011112261781962562,0.0
0.6575,-0.595766638254466,0.8045677874525743,0.0011329641278217117,0.0
0.65775,-0.596646683135498,0.8039427791758571,0.0011549613749073373,0.0
0.658,-0.5975262184087595,0.8033170250053978,0.0011772192521140035,0.0
0.65825,-0.5984052438788996,0.8026905266978163,0.0011997390891504978,0.0
0.6585,-0.5992837593505671,0.8020632860097331,0.0012225222127593138,0.0
0.65875,-0.6001617646284112,0.8014353046977682,0.0012455699467004422,0.0
0.659,-0.6010392595170805,0.8008065845185419,0.0012688836117364932,0.0
0.65925,-0.6019162438212242,0.8001771272286744,0.0012924645256178202,0.0
0.6595,-0.602792717345491,0.7995469345847859,0.0013163140030671983,0.0
0.65975,-0.6036686798945302,0.7989160083434966,0.0013404333557647252,0.0
0.66,-0.6045441312729906,0.7982843502614267,0.0013648238923329448,0.0
0.66025,-0.605419071285521,0.7976519620951965,0.0013894869183217473,0.0
0.6605,-0.6062934997367706,0.797018845601426,0.001414423736192827,0.0
0.66075,-0.607167416431388,0.7963850025367356,0.0014396356453056924,0.0
0.661,-0.6080408211740227,0.7957504346577453,0.0014651239419025686,0.0
0.66125,-0.6089137137693232,0.7951151437210756,0.0014908899190926306,0.0
0.6615,-0.6097860940219384,0.7944791314833465,0.0015169348668373495,0.0
0.66175,-0.6106579617365178,0.7938423997011781,0.0015432600719369471,0.0
0.662,-0.6115293167177097,0.7932049501311909,0.0015698668180137432,0.0
0.66225,-0.6124001587701634,0.7925667845300048,0.001596756385498832,0.0
0.6625,-0.6132704876985278,0.7919279046542402,0.00162393005161654,0.0
0.66275,-0.614140303307452,0.7912883122605174,0.0016513890903697703,0.0
0.663,-0.6150096054015846,0.7906480091054564,0.001679134772525126,0.0
0.66325,-0.6158783937855747,0.7900069969456773,0.0017071683655991432,0.0
0.6635,-0.6167466682640714,0.7893652775378006,0.0017354911338429702,0.0
0.66375,-0.6176144286417236,0.7887228526384462,0.001764104338227268,0.0
0.664,-0.6184816747231802,0.7880797240042348,0.0017930092364293326,0.0
0.66425,-0.6193484063130901,0.787435893391786,0.0018222070828159964,0.0
0.6645,-0.6202146232161023,0.7867913625577204,0.0018516991284318607,0.0
0.66475,-0.6210803252368657,0.7861461332586581,0.001881486620982864,0.0
0.665,-0.6219455121800295,0.7855002072512194,0.0019115708048229596,0.0
0.66525,-0.6228101838502422,0.7848535862920243,0.0019419529209385722,0.0
0.6655,-0.6236743400521532,0.784206272137693,0.0019726342069359415,0.0
0.66575,-0.6245379805904112,0.783558266544846,0.002003615897024913,0.0
0.666,-0.6254011052696652,0.7829095712701033,0.002034899222006059,0.0
0.66625,-0.6262637138945641,0.782260188070085,0.0020664854092553586,0.0
0.6665,-0.6271258062697571,0.7816101187014115,0.0020983756827108735,0.0
0.66675,-0.6279873821998929,0.7809593649207028,0.002130571262857872,0.0
0.667,-0.6288484414896205,0.7803079284845793,0.0021630733667150626,0.0
0.66725,-0.6297089839435888,0.7796558111496612,0.0021958832078203816,0.0
0.6675,-0.6305690093664469,0.7790030146725687,0.002229001996216562,0.0
0.66775,-0.6314285175628436,0.7783495408099219,0.0022624309384378094,0.0
0.668,-0.632287508337428,0.7776953913183411,0.002296171237494482,0.0
0.66825,-0.6331459814948489,0.7770405679544464,0.0023302240928606555,0.0
0.6685,-0.6340039368397554,0.7763850724748581,0.002364590700459246,0.0
0.66875,-0.6348613741767963,0.7757289066361963,0.0023992722526482435,0.0
0.669,-0.6357182933106207,0.7750720721950815,0.0024342699382069455,0.0
0.66925,-0.6365746940458775,0.7744145709081336,0.0024695849423219673,0.0
0.6695,-0.6374305761872157,0.7737564045319729,0.002505218446573476,0.0
0.66975,-0.638285939539284,0.7730975748232194,0.0025411716289212016,0.0
0.67,-0.6391407839067318,0.7724380835384936,0.0025774456636915577,0.0
0.67025,-0.6399951090942075,0.7717779324344156,0.0026140417215629874,0.0
0.6705,-0.6408489149063605,0.7711171232676057,0.0026509609695526404,0.0
0.67075,-0.6417022011478395,0.770455657794684,0.00268820457100305,0.0
0.671,-0.6425549676232936,0.7697935377722706,0.0027257736855674786,0.0
0.67125,-0.6434072141373717,0.7691307649569858,0.002763669469198371,0.0
0.6715,-0.6442589404947228,0.7684673411054499,0.0028018930741318115,0.0
0.67175,-0.6451101464999955,0.767803267974283,0.0028404456488750895,0.0
0.672,-0.6459608319578395,0.7671385473201053,0.0028793283381933765,0.0
0.67225,-0.646810996672903,0.7664731808995373,0.0029185422830955154,0.0
0.6725,-0.6476606404498353,0.7658071704691987,0.002958088620821142,0.0
0.67275,-0.6485097630932855,0.76514051778571,0.0029979684848286947,0.0
0.673,-0.6493583644079022,0.7644732246056913,0.0030381830047794267,0.0
0.67325,-0.6502064441983344,0.763805292685763,0.0030787333065265265,0.0
0.6735,-0.6510540022692312,0.7631367237825452,0.0031196205121004628,0.0
0.67375,-0.6519010384252416,0.7624675196526579,0.0031608457396972156,0.0
0.674,-0.6527475524710145,0.7617976820527215,0.003202410103663622,0.0
0.67425,-0.6535935442111986,0.7611272127393562,0.0032443147144853857,0.0
0.6745,-0.6544390134504432,0.7604561134691824,0.0032865606787739754,0.0
0.67475,-0.6552839599933972,0.7597843859988198,0.0033291490992533035,0.0
0.675,-0.6561283836447094,0.7591120320848892,0.0033720810747470686,0.0
0.67525,-0.6569722842090286,0.7584390534840102,0.0034153577001649893,0.0
0.6755,-0.6578156614910042,0.7577654519528034,0.0034589800664917014,0.0
0.67575,-0.6586585152952851,0.7570912292478891,0.0035029492607727697,0.0
0.676,-0.6595008454265197,0.7564163871258871,0.0035472663661011428,0.0
0.67625,-0.6603426516893575,0.7557409273434178,0.003591932461606273,0.0
0.6765,-0.6611839338884472,0.7550648516571015,0.0036369486224403502,0.0
0.67675,-0.6620246918284379,0.7543881618235584,0.0036823159197663102,0.0
0.677,-0.6628649253139784,0.7537108595994086,0.003728035420743847,0.0
0.67725,-0.6637046341497178,0.7530329467412723,0.0037741081885178662,0.0
0.6775,-0.6645438181403049,0.7523544250057697,0.0038205352822071603,0.0
0.67775,-0.6653824770903889,0.7516752961495211,0.0038673177568897543,0.0
0.678,-0.6662206108046185,0.7509955619291467,0.003914456663591359,0.0
0.67825,-0.6670582190876426,0.7503152241012667,0.003961953049273381,0.0
0.6785,-0.6678953017441105,0.7496342844225012,0.00400980795682071,0.0
0.67875,-0.6687318585786708,0.7489527446494705,0.004058022425028174,0.0
0.679,-0.6695678893959724,0.7482706065387947,0.00410659748858988,0.0
0.67925,-0.6704033940006648,0.7475878718470943,0.00415553417808634,0.0
0.6795,-0.6712383721973963,0.746904542330989,0.004204833519972029,0.0
0.67975,-0.6720728237908165,0.7462206197470995,0.004254496536563845,0.0
0.68,-0.6729067485855736,0.7455361058520458,0.00430452424602823,0.0
0.68025,-0.6737401463863171,0.744851002402448,0.0043549176623707275,0.0
0.6805,-0.6745730169976958,0.7441653111549265,0.004405677795422447,0.0
0.68075,-0.6754053602243587,0.7434790338661013,0.004456805650828954,0.0
0.681,-0.6762371758709547,0.7427921722925928,0.004508302230038064,0.0
0.68125,-0.6770684637421327,0.7421047281910211,0.004560168530288067,0.0
0.6815,-0.6778992236425416,0.7414167033180064,0.004612405544596854,0.0
0.68175,-0.6787294553768306,0.740728099430169,0.00466501426174859,0.0
0.682,-0.6795591587496483,0.740038918284129,0.004717995666283281,0.0
0.68225,-0.6803883335656441,0.7393491616365067,0.004771350738484781,0.0
0.6825,-0.6812169796294666,0.7386588312439222,0.004825080454369468,0.0
0.68275,-0.6820450967457649,0.7379679288629957,0.004879185785674034,0.0
0.683,-0.6828726847191878,0.7372764562503475,0.004933667699844602,0.0
0.68325,-0.6836997433543844,0.7365844151625978,0.004988527160025624,0.0
0.6835,-0.6845262724560036,0.7358918073563667,0.005043765125047006,0.0
0.68375,-0.6853522718286944,0.7351986345882746,0.005099382549415443,0.0
0.684,-0.6861777412771057,0.7345048986149414,0.005155380383299768,0.0
0.68425,-0.6870026806058864,0.7338106011929877,0.005211759572522956,0.0
0.6845,-0.6878270896196856,0.7331157440790333,0.005268521058548581,0.0
0.68475,-0.6886509681231523,0.7324203290296987,0.005325665778471489,0.0
0.685,-0.6894743159209351,0.7317243578016039,0.00538319466500492,0.0
0.68525,-0.6902971328176832,0.7310278321513694,0.00544110864647096,0.0
0.6855,-0.6911194186180455,0.730330753835615,0.005499408646789217,0.0
0.68575,-0.691941173126671,0.7296331246109613,0.0055580955854654945,0.0
0.686,-0.6927623961482086,0.7289349462340282,0.005617170377581138,0.0
0.68625,-0.6935830874873072,0.7282362204614361,0.005676633933782371,0.0
0.6865,-0.694403246948616,0.7275369490498051,0.005736487160269643,0.0
0.68675,-0.6952228743367836,0.7268371337557555,0.005796730958786522,0.0
0.687,-0.6960419694564594,0.7261367763359075,0.005857366226608818,0.0
0.68725,-0.6968605321122918,0.7254358785468811,0.005918393856535253,0.0
0.6875,-0.6976785621089301,0.7247344421452966,0.005979814736875699,0.0
0.68775,-0.6984960592510232,0.7240324688877744,0.006041629751440736,0.0
0.688,-0.6993130233432201,0.7233299605309345,0.006103839779532105,0.0
0.68825,-0.7001294541901697,0.7226269188313972,0.0061664456959313885,0.0
0.6885,-0.7009453515965209,0.7219233455457827,0.006229448370890234,0.0
0.68875,-0.7017607153669225,0.7212192424307111,0.006292848670119255,0.0
0.689,-0.7025755453060238,0.7205146112428027,0.006356647454779818,0.0
0.68925,-0.7033898412184736,0.7198094537386778,0.006420845581470935,0.0
0.6895,-0.7042036029089208,0.7191037716749564,0.0064854439022219434,0.0
0.68975,-0.7050168301820144,0.7183975668082587,0.006550443264480288,0.0
0.69,-0.7058295228424034,0.7176908408952052,0.006615844511103086,0.0
0.69025,-0.7066416806947367,0.7169835956924158,0.006681648480346469,0.0
0.6905,-0.707453303543663,0.7162758329565109,0.006747856005854924,0.0
0.69075,-0.7082643911938318,0.7155675544441105,0.006814467916653522,0.0
0.691,-0.7090749434498915,0.7148587619118351,0.006881485037136148,0.0
0.69125,-0.7098849601164914,0.7141494571163045,0.006948908187056402,0.0
0.6915,-0.7106944409982803,0.7134396418141393,0.007016738181518711,0.0
0.69175,-0.7115033858999074,0.7127293177619596,0.007084975830967677,0.0
0.692,-0.7123117946260211,0.7120184867163855,0.007153621941178523,0.0
0.69225,-0.7131196669812709,0.7113071504340371,0.00722267731324866,0.0
0.6925,-0.7139270027703055,0.7105953106715349,0.007292142743587027,0.0
0.69275,-0.714733801797774,0.709882969185499,0.007362019023905653,0.0
0.693,-0.7155400638683251,0.7091701277325494,0.007432306941209443,0.0
0.69325,-0.716345788786608,0.7084567880693067,0.007503007277787743,0.0
0.6935,-0.7171509763572715,0.7077429519523907,0.0075741208112045655,0.0
0.69375,-0.7179556263849647,0.7070286211384218,0.007645648314289488,0.0
0.694,-0.7187597386743364,0.7063137973840203,0.007717590555129439,0.0
0.69425,-0.7195633130300356,0.7055984824458061,0.00778994829705737,0.0
0.6945,-0.7203663492567113,0.7048826780803998,0.007862722298646485,0.0
0.69475,-0.7211688471590123,0.7041663860444214,0.007935913313698695,0.0
0.695,-0.7219708065415877,0.7034496080944912,0.008009522091237065,0.0
0.69525,-0.7227722272090864,0.702732345987229,0.008083549375495824,0.0
0.6955,-0.7235731089661575,0.7020146014792557,0.008157995905913928,0.0
0.69575,-0.7243734516174496,0.7012963763271908,0.00823286241712351,0.0
0.696,-0.725173254967612,0.7005776722876549,0.00830814963894344,0.0
0.69625,-0.7259725188212935,0.6998584911172683,0.008383858296369562,0.0
0.6965,-0.7267712429831431,0.6991388345726508,0.00845998910956669,0.0
0.69675,-0.7275694272578097,0.6984187044104231,0.008536542793859736,0.0
0.697,-0.7283670714499422,0.6976981023872051,0.008613520059726376,0.0
0.69725,-0.7291641753641896,0.696977030259617,0.008690921612787061,0.0
0.6975,-0.729960738805201,0.696255489784279,0.008768748153798134,0.0
0.69775,-0.730756761577625,0.6955334827178115,0.008847000378643166,0.0
0.698,-0.731552243486111,0.6948110108168346,0.008925678978324747,0.0
0.69825,-0.7323471843353075,0.6940880758379684,0.009004784638956265,0.0
0.6985,-0.733141583929864,0.6933646795378332,0.009084318041753914,0.0
0.69875,-0.7339354420744288,0.6926408236730492,0.009164279863029812,0.0
0.699,-0.7347287585736515,0.6919165100002366,0.009244670774181785,0.0
0.69925,-0.7355215332321805,0.6911917402760156,0.009325491441687817,0.0
0.6995,-0.736313765854665,0.6904665162570065,0.009406742527097167,0.0
0.69975,-0.737105456245754,0.6897408396998292,0.009488424687022823,0.0
0.7,-0.7378966042100963,0.6890147123611042,0.00957053857313328,0.0
0.70025,-0.7386872095523409,0.6882881359974518,0.009653084832146996,0.0
0.7005,-0.7394772720771368,0.6875611123654919,0.009736064105821951,0.0
0.70075,-0.7402667915891329,0.6868336432218447,0.009819477030949653,0.0
0.701,-0.7410557678929783,0.6861057303231307,0.009903324239349365,0.0
0.70125,-0.7418442007933217,0.6853773754259699,0.009987606357856782,0.0
0.7015,-0.7426320900948122,0.6846485802869826,0.010072324008320699,0.0
0.70175,-0.7434194356020989,0.6839193466627889,0.010157477807593684,0.0
0.702,-0.7442062371198306,0.6831896763100092,0.01024306836752542,0.0
0.70225,-0.744992494452656,0.6824595709852634,0.010329096294954931,0.0
0.7025,-0.7457782074052244,0.6817290324451719,0.010415562191705474,0.0
0.70275,-0.7465633757821846,0.680998062446355,0.010502466654575215,0.0
0.703,-0.7473479993881856,0.6802666627454327,0.010589810275332123,0.0
0.70325,-0.7481320780278764,0.6795348350990253,0.010677593640705973,0.0
0.7035,-0.7489156115059059,0.678802581263753,0.010765817332382355,0.0
0.70375,-0.749698599626923,0.6780699029962359,0.01085448192699534,0.0
0.704,-0.7504810421955768,0.6773368020530945,0.010943587996121495,0.0
0.70425,-0.751262939016516,0.6766032801909487,0.011033136106272545,0.0
0.7045,-0.7520442898943898,0.6758693391664188,0.011123126818889828,0.0
0.70475,-0.7528250946338468,0.6751349807361251,0.0112135606903363,0.0
0.705,-0.7536053530395364,0.6744002066566877,0.011304438271892092,0.0
0.70525,-0.7543850649161072,0.6736650186847268,0.011395760109746966,0.0
0.7055,-0.7551642300682084,0.6729294185768626,0.011487526744993648,0.0
0.70575,-0.7559428483004889,0.6721934080897154,0.011579738713623389,0.0
0.706,-0.7567209194175976,0.6714569889799054,0.01167239654651775,0.0
0.70625,-0.7574984432241834,0.6707201630040527,0.01176550076944416,0.0
0.7065,-0.7582754195248953,0.6699829319187776,0.011859051903049034,0.0
0.70675,-0.7590518481243822,0.6692452974807002,0.011953050462851778,0.0
0.707,-0.7598277288272932,0.6685072614464409,0.0120474969592399,0.0
0.70725,-0.760603061438277,0.6677688255726196,0.012142391897461913,0.0
0.7075,-0.761377845761983,0.6670299916158567,0.012237735777622438,0.0
0.70775,-0.7621520816030596,0.6662907613327724,0.012333529094676665,0.0
0.708,-0.7629257687661561,0.6655511364799871,0.012429772338423906,0.0
0.70825,-0.7636989070559215,0.6648111188141206,0.012526465993502711,0.0
0.7085,-0.7644714962770043,0.6640707100917933,0.0126236105393851,0.0
0.70875,-0.765243536234054,0.6633299120696254,0.012721206450372113,0.0
0.709,-0.7660150267317192,0.6625887265042373,0.012819254195586272,0.0
0.70925,-0.7667859675746489,0.6618471551522489,0.01291775423896846,0.0
0.7095,-0.7675563585674922,0.6611051997702805,0.01301670703927238,0.0
0.70975,-0.7683261995148978,0.6603628621149524,0.013116113050058109,0.0
0.71,-0.769095490221515,0.6596201439428847,0.01321597271968833,0.0
0.71025,-0.7698642304919925,0.6588770470106977,0.013316286491322993,0.0
0.7105,-0.7706324201309793,0.6581335730750113,0.013417054802913553,0.0
0.71075,-0.7714000589431244,0.6573897238924462,0.013518278087199853,0.0
0.711,-0.7721671467330766,0.6566455012196224,0.013619956771703468,0.0
0.71125,-0.7729336833054852,0.6559009068131598,0.013722091278723925,0.0
0.7115,-0.7736996684649987,0.6551559424296791,0.013824682025334267,0.0
0.71175,-0.7744651020162663,0.6544106098258002,0.013927729423375501,0.0
0.712,-0.775229983763937,0.6536649107581436,0.01403123387945282,0.0
0.71225,-0.7759943135126597,0.652918846983329,0.014135195794931388,0.0
0.7125,-0.7767580910670833,0.6521724202579771,0.014239615565930563,0.0
0.71275,-0.7775213162318566,0.6514256323387078,0.014344493583321016,0.0
0.713,-0.7782839888116289,0.6506784849821413,0.01444983023271984,0.0
0.71325,-0.779046108611049,0.649930979944898,0.014555625894486779,0.0
0.7135,-0.7798076754347656,0.649183118983598,0.014661880943718675,0.0
0.71375,-0.7805686890874279,0.6484349038548616,0.01476859575024747,0.0
0.714,-0.781329149373685,0.6476863363153088,0.014875770678635103,0.0
0.71425,-0.7820890560981856,0.6469374181215599,0.01498340608816906,0.0
0.7145,-0.7828484090655787,0.6461881510302353,0.015091502332859497,0.0
0.71475,-0.7836072080805133,0.6454385367979549,0.015200059761435458,0.0
0.715,-0.7843654529476383,0.6446885771813393,0.015309078717339775,0.0
0.71525,-0.7851231434716026,0.6439382739370082,0.015418559538727505,0.0
0.7155,-0.7858802794570554,0.6431876288215821,0.015528502558460389,0.0
0.71575,-0.7866368607086454,0.6424366435916813,0.01563890810410462,0.0
0.716,-0.7873928870310216,0.6416853200039256,0.015749776497926415,0.0
0.71625,-0.7881483582288329,0.6409336598149358,0.015861108056890005,0.0
0.7165,-0.7889032741067284,0.6401816647813316,0.01597290309265298,0.0
0.71675,-0.7896576344693571,0.6394293366597334,0.016085161911563173,0.0
0.717,-0.7904114391213677,0.6386766772067615,0.016197884814656227,0.0
0.71725,-0.7911646878674092,0.6379236881790359,0.016311072097652035,0.0
0.7175,-0.7919173805121309,0.6371703713331769,0.016424724050951856,0.0
0.71775,-0.7926695168601812,0.6364167284258047,0.01653884095963476,0.0
0.718,-0.7934210967162094,0.6356627612135395,0.016653423103455633,0.0
0.71825,-0.7941721198848646,0.6349084714530016,0.016768470756841847,0.0
0.7185,-0.7949225861707954,0.634153860900811,0.016883984188890144,0.0
0.71875,-0.7956724953786507,0.6333989313135882,0.016999963663364426,0.0
0.719,-0.7964218473130799,0.6326436844479532,0.017116409438693525,0.0
0.71925,-0.7971706417787315,0.6318881220605261,0.017233321767967436,0.0
0.7195,-0.7979188785802548,0.6311322459079274,0.017350700898935756,0.0
0.71975,-0.7986665575222984,0.6303760577467772,0.017468547074005025,0.0
0.72,-0.7994136784095116,0.6296195593336955,0.017586860530236503,0.0
0.72025,-0.800160241046543,0.6288627524253028,0.01770564149934306,0.0
0.7205,-0.800906245238042,0.6281056387782191,0.017824890207688515,0.0
0.72075,-0.8016516907886571,0.6273482201490647,0.01794460687628363,0.0
0.721,-0.8023965775030374,0.6265904982944597,0.0180647917207859,0.0
0.72125,-0.803140905185832,0.6258324749710246,0.018185444951495766,0.0
0.7215,-0.8038846736416897,0.6250741519353792,0.01830656677335618,0.0
0.72175,-0.8046278826752595,0.6243155309441439,0.01842815738594905,0.0
0.722,-0.8053705320911904,0.623556613753939,0.018550216983495682,0.0
0.72225,-0.8061126216941312,0.6227974021213846,0.018672745754852782,0.0
0.7225,-0.806854151288731,0.6220378978031009,0.01879574388351246,0.0
0.72275,-0.8075951206796386,0.6212781025557081,0.018919211547599124,0.0
0.723,-0.8083355296715031,0.6205180181358265,0.019043148919869468,0.0
0.72325,-0.8090753780689734,0.6197576463000761,0.019167556167710043,0.0
0.7235,-0.8098146656766985,0.6189969888050773,0.019292433453136137,0.0
0.72375,-0.8105533922993271,0.6182360474074502,0.019417780932790007,0.0
0.724,-0.8112915577415085,0.6174748238638152,0.019543598757940872,0.0
0.72425,-0.8120291618078914,0.6167133199307923,0.019669887074481807,0.0
0.7245,-0.8127662043031251,0.6159515373650017,0.01979664602293063,0.0
0.72475,-0.8135026850318581,0.6151894779230638,0.01992387573842702,0.0
0.725,-0.8142386037987395,0.6144271433615985,0.020051576350732736,0.0
0.72525,-0.8149739604084183,0.6136645354372263,0.020179747984230945,0.0
0.7255,-0.8157087546655435,0.6129016559065672,0.020308390757923567,0.0
0.72575,-0.8164429863747641,0.6121385065262416,0.020437504785433047,0.0
0.726,-0.8171766553407288,0.6113750890528695,0.020567090174999025,0.0
0.72625,-0.8179097613680868,0.6106114052430713,0.020697147029479446,0.0
0.7265,-0.8186423042614869,0.6098474568534671,0.02082767544634989,0.0
0.72675,-0.819374283825578,0.609083245640677,0.020958675517701808,0.0
0.727,-0.8201056998650094,0.6083187733613213,0.021090147330244058,0.0
0.72725,-0.8208365521844296,0.6075540417720204,0.021222090965300255,0.0
0.7275,-0.8215668405884877,0.6067890526293942,0.021354506498809878,0.0
0.72775,-0.8222965648818329,0.606023807690063,0.021487394001328264,0.0
0.728,-0.8230257248691137,0.6052583087106471,0.021620753538025506,0.0
0.72825,-0.8237543203549795,0.6044925574477666,0.02175458516868689,0.0
0.7285,-0.8244823511440791,0.603726555658042,0.021888888947713125,0.0
0.72875,-0.8252098170410612,0.602960305098093,0.022023664924118558,0.0
0.729,-0.8259367178505752,0.6021938075245401,0.02215891314153473,0.0
0.72925,-0.8266630533772696,0.6014270646940036,0.02229463363820683,0.0
0.7295,-0.8273888234257936,0.6006600783631035,0.022430826446996788,0.0
0.72975,-0.8281140278007961,0.5998928502884601,0.022567491595381295,0.0
0.73,-0.828838666306926,0.5991253822266935,0.022704629105454677,0.0
0.73025,-0.8295627387488325,0.598357675934424,0.022842238993926678,0.0
0.7305,-0.8302862449311641,0.5975897331682719,0.022980321272124682,0.0
0.73075,-0.8310091846585702,0.5968215556848572,0.023118875945994155,0.0
0.731,-0.8317315577356995,0.5960531452408002,0.023257903016098647,0.0
0.73125,-0.832453363967201,0.5952845035927212,0.0233974024776209,0.0
0.7315,-0.8331746031577237,0.5945156324972403,0.023537374320363513,0.0
0.73175,-0.8338952751119166,0.5937465337109777,0.02367781852875006,0.0
0.732,-0.8346153796344284,0.5929772089905536,0.02381873508182486,0.0
0.73225,-0.8353349165299082,0.5922076600925883,0.023960123953256085,0.0
0.7325,-0.836053885603005,0.591437888773702,0.024101985111334656,0.0
0.73275,-0.8367722866583678,0.5906678967905148,0.024244318518977126,0.0
0.733,-0.8374901195006452,0.589897685899647,0.024387124133725013,0.0
0.73325,-0.8382073839344866,0.5891272578577187,0.02453040190774769,0.0
0.7335,-0.8389240797645408,0.5883566144213502,0.024674151787842602,0.0
0.73375,-0.8396402067954566,0.5875857573471617,0.024818373715437714,0.0
0.734,-0.8403557648318831,0.5868146883917733,0.02496306762659173,0.0
0.73425,-0.8410707536784692,0.5860434093118053,0.02510823345199631,0.0
0.7345,-0.8417851731398639,0.585271921863878,0.025253871116977633,0.0
0.73475,-0.8424990230207161,0.5845002278046114,0.025399980541497502,0.0
0.735,-0.8432123031256749,0.5837283288906258,0.025546561640156673,0.0
0.73525,-0.8439250132593888,0.5829562268785414,0.025693614322193747,0.0
0.7355,-0.8446371532265073,0.5821839235249784,0.025841138491490057,0.0
0.73575,-0.845348722831679,0.581411420586557,0.02598913404656944,0.0
0.736,-0.846059721879553,0.5806387198198976,0.026137600880601353,0.0
0.73625,-0.8467701501747782,0.57986582298162,0.0262865388814022,0.0
0.7365,-0.8474800075220037,0.5790927318283448,0.02643594793143844,0.0
0.73675,-0.8481892937258781,0.578319448116692,0.026585827907827264,0.0
0.737,-0.8488980085910507,0.577545973603282,0.02673617868234035,0.0
0.73725,-0.8496061519221703,0.5767723100447346,0.026887000121404547,0.0
0.7375,-0.8503137235238858,0.5759984591976703,0.027038292086105864,0.0
0.73775,-0.8510207232008463,0.5752244228187093,0.02719005443219169,0.0
0.738,-0.8517271507577007,0.5744502026644719,0.027342287010071242,0.0
0.73825,-0.8524330059990977,0.5736758004915781,0.02749498966482089,0.0
0.7385,-0.8531382887296866,0.5729012180566481,0.02764816223618527,0.0
0.73875,-0.8538429987541162,0.5721264571163023,0.027801804558580168,0.0
0.739,-0.8545471358770355,0.5713515194271608,0.027955916461094965,0.0
0.73925,-0.8552506999030933,0.5705764067458436,0.028110497767496412,0.0
0.7395,-0.8559536906369388,0.5698011208289713,0.028265548296230847,0.0
0.73975,-0.8566561078832209,0.5690256634331639,0.028421067860426863,0.0
0.74,-0.8573579514465883,0.5682500363150416,0.02857705626789908,0.0
0.74025,-0.8580592211316902,0.5674742412312246,0.02873351332115015,0.0
0.7405,-0.8587599167431754,0.5666982799383331,0.028890438817375186,0.0
0.74075,-0.8594600380856929,0.5659221541929873,0.029047832548464214,0.0
0.741,-0.8601595849638918,0.5651458657518076,0.029205694301005503,0.0
0.74125,-0.8608585571824209,0.5643694163714139,0.029364023856288446,0.0
0.7415,-0.8615569545459291,0.5635928078084267,0.02952282099030823,0.0
0.74175,-0.8622547768590654,0.562816041819466,0.029682085473767827,0.0
0.742,-0.862952023926479,0.5620391201611521,0.029841817072082222,0.0
0.74225,-0.8636486955528182,0.561262044590105,0.030002015545382177,0.0
0.7425,-0.8643447915427327,0.5604848168629452,0.030162680648517348,0.0
0.74275,-0.865040311700871,0.5597074387362926,0.0303238121310605,0.0
0.743,-0.8657352558318822,0.5589299119667678,0.030485409737310842,0.0
0.74325,-0.8664296237404152,0.5581522383109907,0.030647473206297793,0.0
0.7435,-0.8671234152311189,0.5573744195255816,0.030810002271785653,0.0
0.74375,-0.8678166301086425,0.5565964573671608,0.030972996662276486,0.0
0.744,-0.8685092681776346,0.5558183535923483,0.031136456101014343,0.0
0.74425,-0.8692013292427445,0.5550401099577645,0.031300380305990805,0.0
0.7445,-0.8698928131086208,0.5542617282200295,0.031464768989946545,0.0
0.74475,-0.8705837195799127,0.5534832101357636,0.031629621860377766,0.0
0.745,-0.871274048461269,0.5527045574615869,0.03179493861953908,0.0
0.74525,-0.8719637995573388,0.5519257719541195,0.03196071896444863,0.0
0.7455,-0.872652972672771,0.5511468553699819,0.03212696258689207,0.0
0.74575,-0.8733415676122145,0.5503678094657941,0.03229366917342702,0.0
0.746,-0.8740295841803182,0.5495886359981763,0.03246083840538749,0.0
0.74625,-0.8747170221817312,0.5488093367237489,0.03262846995888924,0.0
0.7465,-0.8754038814211023,0.548029913399132,0.0327965635048324,0.0
0.74675,-0.8760901617030805,0.5472503677809455,0.032965118708908614,0.0
0.747,-0.8767758628323148,0.5464707016258101,0.03313413523160458,0.0
0.74725,-0.8774609846134542,0.5456909166903459,0.03330361272820603,0.0
0.7475,-0.8781455268511476,0.5449110147311726,0.03347355084880421,0.0
0.74775,-0.8788294893500439,0.5441309975049111,0.03364394923829961,0.0
0.748,-0.879512871914792,0.5433508667681812,0.03381480753640753,0.0
0.74825,-0.880195674350041,0.5425706242776033,0.033986125377662546,0.0
0.7485,-0.8808778964604396,0.5417902717897974,0.03415790239142469,0.0
0.74875,-0.881559538050637,0.5410098110613839,0.03433013820188324,0.0
0.749,-0.8822405989252822,0.5402292438489829,0.034502832428062735,0.0
0.74925,-0.8829210788890238,0.5394485719092146,0.03467598468382804,0.0
0.7495,-0.8836009777465113,0.5386677969986993,0.03484959457788972,0.0
0.74975,-0.8842802953023932,0.5378869208740571,0.03502366171380933,0.0
0.75,-0.8849590313613185,0.5371059452919084,0.03519818569000477,0.0
0.75025,-0.8856371857279361,0.5363248720088731,0.03537316609975605,0.0
0.7505,-0.8863147582068953,0.5355437027815717,0.03554860253121084,0.0
0.75075,-0.8869917486028448,0.5347624393666242,0.035724494567389575,0.0
0.751,-0.8876681567204335,0.5339810835206509,0.035900841786191684,0.0
0.75125,-0.8883439823643104,0.5331996370002718,0.03607764376040068,0.0
0.7515,-0.8890192253391246,0.5324181015621074,0.036254900057691275,0.0
0.75175,-0.8896938854495249,0.5316364789627779,0.03643261024063338,0.0
0.752,-0.8903679625001601,0.5308547709589032,0.036610773866698754,0.0
0.75225,-0.8910414562956794,0.5300729793071037,0.036789390488268126,0.0
0.7525,-0.8917143666407318,0.5292911057639998,0.0369684596526354,0.0
0.75275,-0.892386693339966,0.5285091520862115,0.03714798090201432,0.0
0.753,-0.8930584361980312,0.5277271200303588,0.03732795377354492,0.0
0.75325,-0.893729595019576,0.5269450113530624,0.03750837779929972,0.0
0.7535,-0.8944001696092498,0.526162827810942,0.03768925250628952,0.0
0.75375,-0.8950701597717012,0.5253805711606182,0.0378705774164696,0.0
0.754,-0.8957395653115793,0.5245982431587111,0.03805235204674684,0.0
0.75425,-0.896408386033533,0.5238158455618407,0.03823457590898505,0.0
0.7545,-0.8970766217422115,0.5230333801266274,0.03841724851001205,0.0
0.75475,-0.8977442722422633,0.5222508486096913,0.03860036935162592,0.0
0.755,-0.8984113373383376,0.5214682527676529,0.038783937930602086,0.0
0.75525,-0.8990778168350834,0.5206855943571319,0.0389679537386991,0.0
0.7555,-0.8997437105371495,0.519902875134749,0.039152416262665746,0.0
0.75575,-0.900409018249185,0.519120096857124,0.03933732498424747,0.0
0.756,-0.9010737397758386,0.5183372612808774,0.03952267938019327,0.0
0.75625,-0.9017378749217597,0.5175543701626293,0.0397084789222637,0.0
0.7565,-0.9024014234915967,0.5167714252589999,0.039894723077234406,0.0
0.75675,-0.903064385289999,0.5159884283266094,0.040081411306907455,0.0
0.757,-0.9037267601216152,0.515205381122078,0.040268543068114226,0.0
0.75725,-0.9043885477910947,0.514422285402026,0.040456117812725845,0.0
0.7575,-0.9050497481030859,0.5136391429230733,0.04064413498765673,0.0
0.75775,-0.9057103608622381,0.5128559554418406,0.040832594034875935,0.0
0.758,-0.9063703858732003,0.5120727247149479,0.04102149439141023,0.0
0.75825,-0.9070298229406213,0.511289452499015,0.04121083548935345,0.0
0.7585,-0.9076886718691499,0.5105061405506628,0.04140061675587381,0.0
0.75875,-0.9083469324634355,0.5097227906265109,0.0415908376132208,0.0
0.759,-0.9090046045281266,0.5089394044831799,0.041781497478732055,0.0
0.75925,-0.9096616878678723,0.5081559838772898,0.041972595764842024,0.0
0.7595,-0.9103181822873216,0.5073725305654609,0.04216413187908796,0.0
0.75975,-0.9109740875911236,0.5065890463043135,0.04235610522411881,0.0
0.76,-0.9116294035839269,0.5058055328504675,0.0425485151977012,0.0
0.76025,-0.9122841300703806,0.5050219919605434,0.04274136119272942,0.0
0.7605,-0.9129382668551338,0.5042384253911613,0.042934642597230566,0.0
0.76075,-0.9135918137428353,0.5034548348989414,0.04312835879437382,0.0
0.761,-0.914244770538134,0.5026712222405039,0.043322509162477374,0.0
0.76125,-0.914897137045679,0.501887589172469,0.04351709307501661,0.0
0.7615,-0.9155489130701191,0.5011039374514569,0.04371210990063257,0.0
0.76175,-0.9162000984161034,0.5003202688340878,0.043907559003138585,0.0
0.762,-0.9168506928882808,0.49953658507698206,0.044103439741529415,0.0
0.76225,-0.9175006962913002,0.49875288793675965,0.04429975146998788,0.0
0.7625,-0.9181501084298105,0.497969179170041,0.044496493537894644,0.0
0.76275,-0.9187989291084607,0.49718546053344614,0.04469366528983465,0.0
0.763,-0.9194471581318999,0.49640173378359537,0.04489126606560667,0.0
0.76325,-0.9200947953047769,0.49561800067710887,0.045089295200230195,0.0
0.7635,-0.9207418404317407,0.49483426297060684,0.04528775202395474,0.0
0.76375,-0.9213882933174401,0.49405052242070946,0.0454866358622672,0.0
0.764,-0.9220341537665242,0.49326678078403696,0.04568594603590115,0.0
0.76425,-0.922679421583642,0.49248303981720953,0.04588568186084441,0.0
0.7645,-0.9233240965734424,0.49169930127684747,0.0460858426483477,0.0
0.76475,-0.9239681785405742,0.49091556691957083,0.046286427704933075,0.0
0.765,-0.9246116672896866,0.49013183850199993,0.04648743633240282,0.0
0.76525,-0.9252545626254283,0.48934811778075493,0.04668886782784698,0.0
0.7655,-0.9258968643524483,0.48856440651245614,0.046890721483653586,0.0
0.76575,-0.9265385722753958,0.48778070645372357,0.047092996587515534,0.0
0.766,-0.9271796861989197,0.48699701936117756,0.04729569242244014,0.0
0.76625,-0.9278202059276686,0.48621334699143826,0.047498808266757786,0.0
0.7665,-0.9284601312662917,0.4854296911011259,0.047702343394131264,0.0
0.76675,-0.929099462019438,0.48464605344686074,0.04790629707356309,0.0
0.767,-0.9297381979917563,0.4838624357852629,0.04811066856940527,0.0
0.76725,-0.9303763389878957,0.48307883987295264,0.04831545714136909,0.0
0.7675,-0.9310138848125051,0.48229526746655016,0.04852066204453198,0.0
0.76775,-0.9316508352702333,0.48151172032267564,0.048726282529347964,0.0
0.768,-0.9322871901657295,0.48072820019794926,0.04893231784165675,0.0
0.76825,-0.9329229493036425,0.4799447088489913,0.04913876722269195,0.0
0.7685,-0.9335581124886212,0.479161248032422,0.049345629909090194,0.0
0.76875,-0.9341926795253148,0.47837781950486147,0.04955290513290156,0.0
0.769,-0.9348266502183719,0.47759442502292987,0.04976059212159667,0.0
0.76925,-0.9354600243724416,0.4768110663432475,0.04996869009807803,0.0
0.7695,-0.936092801792173,0.4760277452224345,0.05017719828068801,0.0
0.76975,-0.9367249822822148,0.47524446341711124,0.050386115883218174,0.0
0.77,-0.9373565656472161,0.4744612226838977,0.05059544211491929,0.0
0.77025,-0.9379875516918259,0.47367802477941423,0.05080517618051017,0.0
0.7705,-0.938617940220693,0.472894871460281,0.051015317280187045,0.0
0.77075,-0.9392477310384664,0.47211176448311826,0.051225864609633076,0.0
0.771,-0.9398769239497952,0.4713287056045461,0.051436817360028586,0.0
0.77125,-0.9405055187593281,0.47054569658118484,0.05164817471805905,0.0
0.7715,-0.9411335152717142,0.4697627391696546,0.05185993586592641,0.0
0.77175,-0.9417609132916025,0.4689798351265757,0.05207209998135731,0.0
0.772,-0.9423877126236417,0.46819698620856826,0.05228466623761352,0.0
0.77225,-0.943013913072481,0.4674141941722524,0.05249763380350103,0.0
0.7725,-0.9436395144427692,0.46663146077424855,0.052711001843380734,0.0
0.77275,-0.9442645165391554,0.4658487877711767,0.05292476951717684,0.0
0.773,-0.9448889191662884,0.46506617691965724,0.053138935980387325,0.0
0.77325,-0.9455127221288173,0.4642836299763102,0.05335350038409481,0.0
0.7735,-0.946135925231391,0.46350114869775594,0.05356846187497455,0.0
0.77375,-0.9467585282786584,0.46271873484061454,0.05378381959530487,0.0
0.774,-0.9473805310752684,0.4619363901615063,0.05399957268297828,0.0
0.77425,-0.94800193342587,0.46115411641705134,0.05421572027151034,0.0
0.7745,-0.9486227351351123,0.46037191536387,0.054432261490049205,0.0
0.77475,-0.9492429360076441,0.45958978875858236,0.05464919546338742,0.0
0.775,-0.9498625358481143,0.45880773835780864,0.05486652131197034,0.0
0.77525,-0.950481534461172,0.4580257659181691,0.05508423815190677,0.0
0.7755,-0.9510999316514661,0.4572438731962839,0.05530234509497922,0.0
0.77575,-0.9517177272236454,0.45646206194877326,0.05552084124865431,0.0
0.776,-0.9523349209823591,0.45568033393225743,0.055739725716092314,0.0
0.77625,-0.9529515127322559,0.45489869090335655,0.055958997596157634,0.0
0.7765,-0.9535675022779848,0.4541171346186909,0.05617865598343008,0.0
0.77675,-0.954182889424195,0.4533356668348806,0.05639869996821356,0.0
0.777,-0.9547976739755352,0.4525542893085459,0.05661912863654672,0.0
0.77725,-0.9554118557366544,0.451773003796307,0.05683994107021517,0.0
0.7775,-0.9560254345122015,0.4509918120547841,0.05706113634675902,0.0
0.77775,-0.9566384101068257,0.45021071584059746,0.057282713539485774,0.0
0.778,-0.9572507823251757,0.44942971691036715,0.057504671717479416,0.0
0.77825,-0.9578625509719005,0.4486488170207136,0.05772700994561086,0.0
0.7785,-0.958473715851649,0.44786801792825676,0.0579497272845495,0.0
0.77875,-0.9590842767690703,0.44708732138961704,0.05817282279077318,0.0
0.779,-0.9596942335288132,0.4463067291614145,0.058396295516578434,0.0
0.77925,-0.9603035859355267,0.44552624300026944,0.05862014451009134,0.0
0.7795,-0.9609123337938598,0.44474586466280197,0.058844368815278436,0.0
0.77975,-0.9615204769084614,0.44396559590563245,0.059068967471957556,0.0
0.78,-0.9621280150839805,0.44318543848538094,0.05929393951580764,0.0
0.78025,-0.962734948125066,0.44240539415866775,0.059519283978380244,0.0
0.7805,-0.9633412758363669,0.44162546468211306,0.05974499988711024,0.0
0.78075,-0.963946998022532,0.44084565181233704,0.05997108626532621,0.0
0.781,-0.9645521144882104,0.4400659573059599,0.060197542132261805,0.0
0.78125,-0.9651566250380511,0.4392863829196018,0.06042436650306571,0.0
0.7815,-0.9657605294767029,0.4385069304098831,0.060651558388813864,0.0
0.78175,-0.9663638276088149,0.4377276015334238,0.06087911679651947,0.0
0.782,-0.9669665192390358,0.4369483980468443,0.061107040729143414,0.0
0.78225,-0.9675686041720148,0.4361693217067647,0.06133532918560691,0.0
0.7825,-0.9681700822124009,0.43539037426980526,0.06156398116080042,0.0
0.78275,-0.9687709531648427,0.4346115574925862,0.06179299564559648,0.0
0.783,-0.9693712168339894,0.4338328731317276,0.06202237162685931,0.0
0.78325,-0.96997087302449,0.4330543229438497,0.0622521080874574,0.0
0.7835,-0.9705699215409934,0.4322759086855728,0.062482204006273134,0.0
0.78375,-0.9711683621881484,0.4314976321135171,0.06271265835821427,0.0
0.784,-0.9717661947706042,0.43071949498430273,0.06294347011422619,0.0
0.78425,-0.9723634190930095,0.4299414990545499,0.06317463824130098,0.0
0.7845,-0.9729600349600134,0.42916364608087887,0.06340616170249103,0.0
0.78475,-0.9735560421762648,0.42838593781990986,0.06363803945691826,0.0
0.785,-0.9741514405464127,0.42760837602826307,0.06387027045978644,0.0
0.78525,-0.974746229875106,0.42683096246255864,0.06410285366239243,0.0
0.7855,-0.9753404099669936,0.42605369887941674,0.06433578801213646,0.0
0.78575,-0.9759339806267244,0.42527658703545773,0.06456907245253518,0.0
0.786,-0.9765269416589477,0.42449962868730173,0.06480270592323101,0.0
0.78625,-0.977119292868312,0.42372282559156893,0.06503668736000501,0.0
0.7865,-0.9777110340594666,0.42294617950487956,0.06527101569478799,0.0
0.78675,-0.9783021650370602,0.4221696921838538,0.06550568985567096,0.0
0.787,-0.9788926856057419,0.42139336538511196,0.06574070876691795,0.0
0.78725,-0.9794825955701607,0.4206172008652741,0.0659760713489761,0.0
0.7875,-0.9800718947349654,0.41984120038096046,0.06621177651848842,0.0
0.78775,-0.980660582904805,0.4190653656887913,0.06644782318830411,0.0
0.788,-0.9812486598843284,0.4182896985453869,0.06668421026749116,0.0
0.78825,-0.9818361254781847,0.4175142007073672,0.0669209366613468,0.0
0.7885,-0.9824229794910226,0.41673887393135267,0.0671580012714097,0.0
0.78875,-0.9830092217274914,0.4159637199739634,0.06739540299547198,0.0
0.789,-0.9835948519922397,0.41518874059181965,0.06763314072758964,0.0
0.78925,-0.9841798700899167,0.41441393754154154,0.06787121335809498,0.0
0.7895,-0.9847642758251712,0.4136393125797494,0.06810961977360797,0.0
0.78975,-0.9853480690026521,0.4128648674630634,0.06834835885704815,0.0
0.79,-0.9859312494270087,0.4120906039481036,0.06858742948764629,0.0
0.79025,-0.9865138169028896,0.4113165237914903,0.06882683054095518,0.0
0.7905,-0.9870957712349439,0.4105426287498438,0.06906656088886298,0.0
0.79075,-0.9876771122278205,0.4097689205797842,0.06930661939960348,0.0
0.791,-0.9882578396861682,0.40899540103793175,0.06954700493776844,0.0
0.79125,-0.9888379534146362,0.40822207188090665,0.06978771636431991,0.0
0.7915,-0.9894174532178734,0.40744893486532907,0.07002875253660079,0.0
0.79175,-0.9899963389005286,0.40667599174781927,0.07027011230834757,0.0
0.792,-0.990574610267251,0.40590324428499747,0.0705117945297018,0.0
0.79225,-0.9911522671226893,0.4051306942334838,0.07075379804722215,0.0
0.7925,-0.9917293092714925,0.4043583433498985,0.07099612170389591,0.0
0.79275,-0.9923057365183097,0.40358619339086177,0.071238764339151,0.0
0.793,-0.9928815486677897,0.40281424611299377,0.07148172478886816,0.0
0.79325,-0.9934567455245815,0.4020425032729148,0.07172500188539255,0.0
0.7935,-0.9940313268933341,0.40127096662724504,0.07196859445754566,0.0
0.79375,-0.9946052925786962,0.40049963793260474,0.07221250133063717,0.0
0.794,-0.9951786423853172,0.399728518945614,0.07245672132647729,0.0
0.79425,-0.9957513761178456,0.39895761142289304,0.07270125326338794,0.0
0.7945,-0.9963234935809306,0.39818691712106213,0.07294609595621648,0.0
0.79475,-0.9968949945792211,0.39741643779674146,0.07319124821634504,0.0
0.795,-0.9974658789173663,0.3966461752065512,0.07343670885170495,0.0
0.79525,-0.9980361464000147,0.3958761311071116,0.0736824766667874,0.0
0.7955,-0.9986057968318154,0.39510630725504287,0.0739285504626559,0.0
0.79575,-0.9991748300174175,0.39433670540696514,0.07417492903695844,0.0
0.796,-0.9997432457614697,0.3935673273194987,0.0744216111839393,0.0
0.79625,-1.0003110438686211,0.3927981747492637,0.07466859569445106,0.0
0.7965,-1.0008782241435208,0.3920292494528804,0.0749158813559676,0.0
0.79675,-1.0014447863908176,0.39126055318696895,0.07516346695259468,0.0
0.797,-1.0020107304151604,0.3904920877081496,0.07541135126508336,0.0
0.79725,-1.0025760560211983,0.3897238547730425,0.07565953307084139,0.0
0.7975,-1.00314076301358,0.38895585613826794,0.07590801114394541,0.0
0.79775,-1.0037048511969546,0.38818809356044603,0.07615678425515404,0.0
0.798,-1.0042683203759708,0.38742056879619713,0.07640585117191856,0.0
0.79825,-1.0048311703552781,0.38665328360214124,0.07665521065839642,0.0
0.7985,-1.0053934009395251,0.38588623973489866,0.07690486147546216,0.0
0.79875,-1.0059550119333607,0.3851194389510897,0.07715480238072092,0.0
0.799,-1.0065160031414342,0.3843528830073344,0.07740503212852001,0.0
0.79925,-1.0070763743683941,0.38358657366025306,0.07765554946996045,0.0
0.7995,-1.0076361254188897,0.38282051266646594,0.07790635315291095,0.0
0.79975,-1.0081952560975695,0.3820547017825931,0.07815744192201812,0.0
0.8,-1.0087537662090829,0.38128914276525483,0.0784088145187205,0.0
0.80025,-1.0093116555580788,0.3805238373710713,0.07866046968125961,0.0
0.8005,-1.0098689239492058,0.3797587873566628,0.07891240614469242,0.0
0.80075,-1.0104255711871133,0.3789939944786494,0.07916462264090485,0.0
0.801,-1.0109815970764497,0.37822946049365147,0.07941711789862205,0.0
0.80125,-1.0115370014218645,0.37746518715828903,0.07966989064342211,0.0
0.8015,-1.0120917840280066,0.3767011762291824,0.07992293959774877,0.0
0.80175,-1.0126459446995248,0.3759374294629518,0.08017626348092133,0.0
0.802,-1.0131994832410678,0.37517394861621733,0.08042986100914984,0.0
0.80225,-1.0137523994572848,0.37441073544559933,0.08068373089554592,0.0
0.8025,-1.0143046931528248,0.373647791707718,0.08093787185013568,0.0
0.80275,-1.0148563641323367,0.3728851191591934,0.08119228257987099,0.0
0.803,-1.0154074122004695,0.372122719556646,0.08144696178864375,0.0
0.80325,-1.015957837161872,0.3713605946566957,0.08170190817729606,0.0
0.8035,-1.016507638821193,0.3705987462159628,0.08195712044363423,0.0
0.80375,-1.0170568169830823,0.36983717599106763,0.08221259728244101,0.0
0.804,-1.0176053714521878,0.3690758857386303,0.08246833738548665,0.0
0.80425,-1.0181533020331588,0.36831487721527106,0.08272433944154267,0.0
0.8045,-1.0187006085306445,0.36755415217761006,0.08298060213639435,0.0
0.80475,-1.0192472907492938,0.3667937123822675,0.08323712415285178,0.0
0.805,-1.0197933484937556,0.36603355958586364,0.08349390417076386,0.0
0.80525,-1.0203387815686784,0.36527369554501865,0.08375094086702872,0.0
0.8055,-1.0208835897787116,0.3645141220163528,0.0840082329156091,0.0
0.80575,-1.021427772928504,0.36375484075648623,0.0842657789875414,0.0
0.806,-1.021971330822705,0.3629958535220391,0.08452357775095165,0.0
0.80625,-1.022514263265963,0.3622371620696318,0.08478162787106402,0.0
0.8065,-1.023056570062927,0.36147876815588437,0.08503992801021676,0.0
0.80675,-1.0235982510182464,0.36072067353741705,0.08529847682787284,0.0
0.807,-1.0241393059365698,0.35996287997085,0.08555727298063243,0.0
0.80725,-1.0246797346225458,0.3592053892128036,0.08581631512224597,0.0
0.8075,-1.0252195368808241,0.3584482030198979,0.08607560190362684,0.0
0.80775,-1.025758712516053,0.35769132314875307,0.08633513197286247,0.0
0.808,-1.0262972613328818,0.3569347513559895,0.08659490397522829,0.0
0.80825,-1.0268351831359595,0.35617848939822727,0.08685491655319955,0.0
0.8085,-1.0273724777299347,0.35542253903208654,0.08711516834646371,0.0
0.80875,-1.0279091449194568,0.3546669020141876,0.08737565799193336,0.0
0.809,-1.0284451845091744,0.3539115801011507,0.08763638412375818,0.0
0.80925,-1.0289805963037368,0.35315657504959597,0.0878973453733376,0.0
0.8095,-1.0295153801077923,0.35240188861614363,0.0881585403693328,0.0
0.80975,-1.0300495357259907,0.3516475225574138,0.08841996773768157,0.0
0.81,-1.0305830629629804,0.3508934786300269,0.08868162610160724,0.0
0.81025,-1.0311159616234105,0.350139758590603,0.08894351408163326,0.0
0.8105,-1.0316482315119297,0.3493863641957622,0.0892056302955957,0.0
0.81075,-1.0321798724331877,0.3486332972021249,0.08946797335865564,0.0
0.811,-1.0327108841918324,0.34788055936631124,0.08973054188331075,0.0
0.81125,-1.0332412665925133,0.3471281524449414,0.08999333447940838,0.0
0.8115,-1.0337710194398795,0.34637607819463556,0.09025634975415953,0.0
0.81175,-1.0343001425385796,0.345624338372014,0.09051958631214818,0.0
0.812,-1.0348286356932628,0.34487293473369685,0.09078304275534643,0.0
0.81225,-1.035356498708578,0.34412186903630443,0.09104671768312689,0.0
0.8125,-1.0358837313891742,0.34337114303645677,0.09131060969227356,0.0
0.81275,-1.0364103335397,0.3426207584907743,0.09157471737699452,0.0
0.813,-1.0369363049648048,0.341870717155877,0.09183903932893722,0.0
0.81325,-1.0374616454691372,0.34112102078838535,0.09210357413719694,0.0
0.8135,-1.0379863548573467,0.3403716711449193,0.09236832038833254,0.0
0.81375,-1.0385104329340815,0.3396226699820991,0.09263327666637688,0.0
0.814,-1.0390338795039913,0.338874019056545,0.09289844155285087,0.0
0.81425,-1.0395566943717243,0.3381257201248773,0.0931638136267745,0.0
0.8145,-1.04007887734193,0.33737777494371607,0.09342939146468088,0.0
0.81475,-1.0406004282192571,0.3366301852696815,0.09369517364062707,0.0
0.815,-1.0411213468083547,0.33588295285939396,0.09396115872620836,0.0
0.81525,-1.0416416329138716,0.33513607946947344,0.09422734529056886,0.0
0.8155,-1.0421612863404568,0.3343895668565403,0.09449373190041621,0.0
0.81575,-1.0426803068927593,0.33364341677721476,0.09476031712003197,0.0
0.816,-1.0431986943754281,0.332897630988117,0.09502709951128518,0.0
0.81625,-1.0437164485931119,0.3321522112458671,0.09529407763364506,0.0
0.8165,-1.0442335693504599,0.33140715930708536,0.09556125004419247,0.0
0.81675,-1.0447500564521208,0.330662476928392,0.09582861529763353,0.0
0.817,-1.045265909702744,0.3299181658664073,0.09609617194631204,0.0
0.81725,-1.0457811289069778,0.3291742278777513,0.0963639185402203,0.0
0.8175,-1.0462957138694717,0.32843066471904436,0.0966318536270141,0.0
0.81775,-1.0468096643948743,0.3276874781469066,0.09689997575202303,0.0
0.818,-1.0473229802878352,0.32694466991795823,0.097168283458265,0.0
0.81825,-1.0478356613530022,0.32620224178881946,0.09743677528645578,0.0
0.8185,-1.0483477073950254,0.3254601955161105,0.09770544977502515,0.0
0.81875,-1.0488591182185534,0.3247185328564516,0.09797430546012675,0.0
0.819,-1.0493698936282345,0.32397725556646284,0.09824334087565001,0.0
0.81925,-1.0498800334287184,0.32323636540276457,0.09851255455323615,0.0
0.8195,-1.0503895374246537,0.32249586412197695,0.09878194502228621,0.0
0.81975,-1.0508984054206896,0.32175575348072016,0.09905151080997743,0.0
0.82,-1.0514066372214748,0.3210160352356144,0.0993212504412726,0.0
0.82025,-1.0519142326316584,0.32027671114327994,0.09959116243893429,0.0
0.8205,-1.0524211914558894,0.3195377829603369,0.0998612453235368,0.0
0.82075,-1.0529275134988163,0.31879925244340557,0.10013149761347817,0.0
0.821,-1.0534331985650889,0.318061121349106,0.10040191782499397,0.0
0.82125,-1.0539382464593554,0.31732339143405863,0.10067250447216747,0.0
0.8215,-1.054442656986265,0.3165860644548835,0.10094325606694454,0.0
0.82175,-1.0549464299504665,0.3158491421682009,0.10121417111914388,0.0
0.822,-1.0554495651566094,0.315112626330631,0.1014852481364712,0.0
0.82225,-1.055952062409342,0.314376518698794,0.10175648562453032,0.0
0.8225,-1.0564539215133135,0.3136408210293101,0.10202788208683633,0.0
0.82275,-1.0569551422731727,0.31290553507879953,0.10229943602482727,0.0
0.823,-1.0574557244935687,0.3121706626038825,0.10257114593787797,0.0
0.82325,-1.0579556679791509,0.31143620536117916,0.10284301032331067,0.0
0.8235,-1.0584549725345673,0.3107021651073098,0.10311502767640768,0.0
0.82375,-1.0589536379644677,0.3099685435988946,0.1033871964904256,0.0
0.824,-1.0594516640735008,0.3092353425925537,0.10365951525660488,0.0
0.82425,-1.0599490506663152,0.3085025638449074,0.10393198246418422,0.0
0.8245,-1.06044579754756,0.3077702091125758,0.10420459660041237,0.0
0.82475,-1.0609419045218844,0.3070382801521792,0.10447735615056009,0.0
0.825,-1.0614373713939371,0.30630677872033774,0.10475025959793327,0.0
0.82525,-1.0619321979683671,0.3055757065736717,0.10502330542388383,0.0
0.8255,-1.0624263840498234,0.3048450654688013,0.10529649210782366,0.0
0.82575,-1.062919929442955,0.3041148571623466,0.10556981812723643,0.0
0.826,-1.063412833952411,0.30338508341092796,0.10584328195768933,0.0
0.82625,-1.0639050973828401,0.3026557459711655,0.10611688207284553,0.0
0.8265,-1.064396719538891,0.3019268465996795,0.10639061694447638,0.0
0.82675,-1.0648877002252133,0.3011983870530901,0.10666448504247517,0.0
0.827,-1.0653780392464554,0.3004703690880175,0.1069384848348669,0.0
0.82725,-1.0658677364072662,0.299742794461082,0.10721261478782296,0.0
0.8275,-1.0663567915122953,0.29901566492890364,0.10748687336567175,0.0
0.82775,-1.0668452043661913,0.29828898224810274,0.10776125903091116,0.0
0.828,-1.0673329747736027,0.29756274817529954,0.10803577024422117,0.0
0.82825,-1.0678201025391791,0.29683696446711416,0.10831040546447723,0.0
0.8285,-1.068306587467569,0.29611163288016684,0.10858516314875932,0.0
0.82875,-1.068792429363422,0.2953867551710778,0.10886004175236819,0.0
0.829,-1.069277628031386,0.2946623330964672,0.10913503972883332,0.0
0.82925,-1.0697621832761108,0.2939383684129553,0.10941015552992917,0.0
0.8295,-1.070246094902245,0.29321486287716236,0.10968538760568447,0.0
0.82975,-1.0707293627144376,0.29249181824570847,0.10996073440439602,0.0
0.83,-1.071211986517338,0.29176923627521384,0.1102361943726402,0.0
0.83025,-1.0716939661155944,0.2910471187222987,0.11051176595528456,0.0
0.8305,-1.0721753013138562,0.29032546734358333,0.1107874475955013,0.0
0.83075,-1.072655991916772,0.28960428389568793,0.11106323773477822,0.0
0.831,-1.0731360377289914,0.2888835701352326,0.11133913481293223,0.0
0.83125,-1.0736154385551626,0.2881633278188376,0.11161513726811978,0.0
0.8315,-1.074094194199935,0.2874435587031231,0.1118912435368502,0.0
0.83175,-1.0745723044679574,0.2867242645447094,0.11216745205399747,0.0
0.832,-1.0750497691638787,0.2860054471002166,0.11244376125281219,0.0
0.83225,-1.075526588092348,0.285287108126265,0.11272016956493358,0.0
0.8325,-1.0760027610580143,0.2845692493794747,0.11299667542040193,0.0
0.83275,-1.0764782878655264,0.28385187261646605,0.113273277247671,0.0
0.833,-1.076953168319533,0.28313497959385914,0.11354997347361806,0.0
0.83325,-1.0774274022246835,0.28241857206827425,0.11382676252355917,0.0
0.8335,-1.0779009893856266,0.28170265179633147,0.11410364282125829,0.0
0.83375,-1.0783739296070114,0.28098722053465114,0.1143806127889413,0.0
0.834,-1.0788462226934867,0.2802722800398534,0.11465767084730638,0.0
0.83425,-1.079317868449702,0.27955783206855844,0.1149348154155383,0.0
0.8345,-1.0797888666803053,0.27884387837738656,0.11521204491131676,0.0
0.83475,-1.080259217189946,0.2781304207229578,0.11548935775083247,0.0
0.835,-1.0807289197832732,0.27741746086189256,0.11576675234879641,0.0
0.83525,-1.081197974264936,0.27670500055081093,0.11604422711845319,0.0
0.8355,-1.0816663804395827,0.2759930415463331,0.11632178047159147,0.0
0.83575,-1.0821341381118628,0.2752815856050793,0.11659941081855796,0.0
0.836,-1.082601247086425,0.27457063448366975,0.1168771165682676,0.0
0.83625,-1.0830677071679184,0.27386018993872474,0.1171548961282165,0.0
0.8365,-1.083533518160992,0.2731502537268643,0.11743274790449343,0.0
0.83675,-1.0839986798702943,0.27244082760470867,0.11771067030179116,0.0
0.837,-1.0844631921004748,0.27173191332887825,0.11798866172342026,0.0
0.83725,-1.0849270546561822,0.2710235126559931,0.11826672057131882,0.0
0.8375,-1.0853902673420655,0.27031562734267334,0.1185448452460649,0.0
0.83775,-1.0858528299627734,0.2696082591455394,0.11882303414688966,0.0
0.838,-1.0863147423229553,0.26890140982121125,0.11910128567168754,0.0
0.83825,-1.0867760042272598,0.2681950811263093,0.1193795982170287,0.0
0.8385,-1.0872366154803361,0.26748927481745355,0.1196579701781717,0.0
0.83875,-1.087696575886833,0.2667839926512644,0.11993639994907346,0.0
0.839,-1.0881558852513993,0.26607923638436193,0.12021488592240259,0.0
0.83925,-1.0886145433786845,0.26537500777336637,0.12049342648955164,0.0
0.8395,-1.0890725500733367,0.264671308574898,0.12077202004064569,0.0
0.83975,-1.0895299051400054,0.263968140545577,0.12105066496455841,0.0
0.84,-1.0899866083833396,0.26326550544202354,0.12132935964892133,0.0
0.84025,-1.0904426596079881,0.26256340502085784,0.12160810248013543,0.0
0.8405,-1.0908980586186,0.2618618410387,0.12188689184338353,0.0
0.84075,-1.0913528052198238,0.26116081525217044,0.12216572612264232,0.0
0.841,-1.091806899216309,0.2604603294178892,0.12244460370069365,0.0
0.84125,-1.0922603404127043,0.2597603852924766,0.12272352295913547,0.0
0.8415,-1.0927131286136587,0.2590609846325527,0.1230024822783955,0.0
0.84175,-1.093165263623821,0.2583621291947379,0.1232814800377402,0.0
0.842,-1.0936167452478402,0.2576638207356522,0.12356051461528939,0.0
0.84225,-1.0940675732903653,0.2569660610119159,0.12383958438802489,0.0
0.8425,-1.0945177475560457,0.25626885178014924,0.12411868773180523,0.0
0.84275,-1.0949672678495292,0.25557219479697246,0.12439782302137359,0.0
0.843,-1.095416133975466,0.2548760918190056,0.12467698863037402,0.0
0.84325,-1.0958643457385044,0.254180544602869,0.12495618293135835,0.0
0.8435,-1.0963119029432935,0.2534855549051829,0.1252354042958006,0.0
0.84375,-1.0967588053944821,0.2527911244825674,0.1255146510941083,0.0
0.844,-1.0972050528967192,0.2520972550916427,0.12579392169563297,0.0
0.84425,-1.097650645254654,0.25140394848902914,0.12607321446868291,0.0
0.8445,-1.098095582272935,0.2507112064313468,0.12635252778053352,0.0
0.84475,-1.0985398637562116,0.25001903067521597,0.12663185999743964,0.0
0.845,-1.0989834895091326,0.24932742297725674,0.12691120948464674,0.0
0.84525,-1.0994264593363468,0.24863638509408945,0.1271905746064026,0.0
0.8455,-1.0998687730425032,0.24794591878233424,0.12746995372596825,0.0
0.84575,-1.100310430432251,0.2472560257986113,0.12774934520563086,0.0
0.846,-1.100751431310239,0.24656670789954088,0.12802874740671255,0.0
0.84625,-1.1011917754811158,0.24587796684174318,0.1283081586895849,0.0
0.8465,-1.101631462749531,0.24518980438183835,0.1285875774136782,0.0
0.84675,-1.102070492920133,0.24450222227644663,0.128867001937494,0.0
0.847,-1.102508865797571,0.24381522228218827,0.1291464306186152,0.0
0.84725,-1.1029465811864938,0.24312880615568344,0.1294258618137194,0.0
0.8475,-1.1033836388915508,0.24244297565355236,0.12970529387858898,0.0
0.84775,-1.1038200387173904,0.2417577325324152,0.12998472516812187,0.0
0.848,-1.1042557804686615,0.2410730785488922,0.13026415403634428,0.0
0.84825,-1.1046908639500135,0.24038901545960353,0.13054357883642176,0.0
0.8485,-1.1051252889660952,0.23970554502116945,0.13082299792066987,0.0
0.84875,-1.1055590553215553,0.23902266899021013,0.13110240964056552,0.0
0.849,-1.105992162821043,0.23834038912334576,0.13138181234675872,0.0
0.84925,-1.1064246112692073,0.23765870717719662,0.13166120438908457,0.0
0.8495,-1.106856400470697,0.23697762490838284,0.13194058411657217,0.0
0.84975,-1.1072875302301612,0.23629714407352465,0.13221994987745833,0.0
0.85,-1.1077180003522487,0.23561726642924224,0.13249930001919785,0.0
0.85025,-1.1081478106416085,0.23493799373215588,0.13277863288847414,0.0
0.8505,-1.1085769609028895,0.2342593277388857,0.13305794683121186,0.0
0.85075,-1.1090054509407408,0.23358127020605193,0.13333724019258653,0.0
0.851,-1.1094332805598113,0.2329038228902748,0.13361651131703667,0.0
0.85125,-1.1098604495647497,0.2322269875481745,0.13389575854827518,0.0
0.8515,-1.1102869577602053,0.23155076593637125,0.13417498022929952,0.0
0.85175,-1.1107128049508268,0.23087515981148524,0.13445417470240395,0.0
0.852,-1.111137990941263,0.23020017093013667,0.1347333403091895,0.0
0.85225,-1.1115625155361637,0.22952580104894577,0.1350124753905766,0.0
0.8525,-1.111986378540177,0.22885205192453273,0.1352915782868147,0.0
0.85275,-1.1124095797579518,0.22817892531351772,0.13557064733749402,0.0
0.853,-1.1128321189941377,0.227506422972521,0.1358496808815568,0.0
0.85325,-1.113253996053383,0.22683454665816277,0.13612867725730782,0.0
0.8535,-1.113675210740337,0.22616329812706323,0.13640763480242635,0.0
0.85375,-1.1140957628596486,0.2254926791358426,0.13668655185397638,0.0
0.854,-1.114515652215967,0.22482269144112105,0.13696542674841772,0.0
0.85425,-1.1149348786139406,0.22415333679951877,0.1372442578216171,0.0
0.8545,-1.1153534418582187,0.22348461696765604,0.1375230434088599,0.0
0.85475,-1.1157713417534503,0.22281653370215304,0.13780178184485958,0.0
0.855,-1.1161885781042842,0.22214908875962994,0.13808047146377023,0.0
0.85525,-1.1166051507153694,0.221482283896707,0.1383591105991968,0.0
0.8555,-1.1170210593913548,0.22081612087000435,0.13863769758420563,0.0
0.85575,-1.117436303936889,0.2201506014361423,0.13891623075133608,0.0
0.856,-1.117850884156622,0.21948572735174093,0.13919470843261217,0.0
0.85625,-1.1182647998552016,0.21882150037342057,0.13947312895955077,0.0
0.8565,-1.1186780508372776,0.21815792225780134,0.13975149066317583,0.0
0.85675,-1.1190906369074984,0.2174949947615035,0.14002979187402675,0.0
0.857,-1.1195025578705131,0.2168327196411472,0.14030803092217048,0.0
0.85725,-1.119913813530971,0.21617109865335274,0.1405862061372125,0.0
0.8575,-1.1203244036935205,0.21551013355474025,0.14086431584830628,0.0
0.85775,-1.1207343281628108,0.2148498261019299,0.141142358384166,0.0
0.858,-1.1211435867434907,0.214190178051542,0.14142033207307558,0.0
0.85825,-1.1215521792402092,0.21353119116019664,0.14169823524290104,0.0
0.8585,-1.1219601054576156,0.21287286718451415,0.1419760662211007,0.0
0.85875,-1.1223673652003585,0.2122152078811147,0.1422538233347348,0.0
0.859,-1.1227739582730871,0.21155821500661842,0.1425315049104785,0.0
0.85925,-1.12317988448045,0.2109018903176456,0.14280910927462975,0.0
0.8595,-1.1235851436270963,0.2102462355708164,0.1430866347531239,0.0
0.85975,-1.1239897355176751,0.20959125252275107,0.14336407967154052,0.0
0.86,-1.124393659956835,0.20893694293006976,0.14364144235511578,0.0
0.86025,-1.1247969167492253,0.2082833085493927,0.14391872112875448,0.0
0.8605,-1.125199505699495,0.20763035113734013,0.14419591431703815,0.0
0.86075,-1.1256014266122927,0.2069780724505322,0.14447302024423725,0.0
0.861,-1.1260026792922675,0.20632647424558914,0.14475003723432156,0.0
0.86125,-1.1264032635440686,0.2056755582791312,0.14502696361097134,0.0
0.8615,-1.1268031791723443,0.20502532630777853,0.14530379769758617,0.0
0.86175,-1.1272024259817446,0.20437578008815133,0.14558053781729852,0.0
0.862,-1.1276010037769173,0.20372692137686985,0.14585718229298061,0.0
0.86225,-1.127998912362512,0.20307875193055425,0.14613372944725866,0.0
0.8625,-1.1283961515431775,0.2024312735058248,0.14641017760252084,0.0
0.86275,-1.1287927211235629,0.20178448785930164,0.14668652508092994,0.0
0.863,-1.1291886209083173,0.20113839674760503,0.14696277020443183,0.0
0.86325,-1.129583850702089,0.2004930019273551,0.14723891129476674,0.0
0.8635,-1.1299784103095274,0.19984830515517216,0.14751494667348086,0.0
0.86375,-1.1303722995352814,0.19920430818767632,0.1477908746619354,0.0
0.864,-1.130765518184,0.19856101278148786,0.14806669358131797,0.0
0.86425,-1.131158066060332,0.19791842069322693,0.14834240175265312,0.0
0.8645,-1.1315499429689262,0.19727653367951375,0.14861799749681115,0.0
0.86475,-1.1319411487144322,0.19663535349696856,0.148893479134522,0.0
0.865,-1.1323316831014982,0.19599488190221157,0.14916884498638128,0.0
0.86525,-1.1327215459347735,0.19535512065186295,0.14944409337286468,0.0
0.8655,-1.133110737018907,0.1947160715025429,0.14971922261433646,0.0
0.86575,-1.1334992561585477,0.19407773621087163,0.14999423103105936,0.0
0.866,-1.1338871031583448,0.19344011653346938,0.15026911694320688,0.0
0.86625,-1.1342742778229469,0.19280321422695632,0.1505438786708717,0.0
0.8665,-1.1346607799570028,0.19216703104795269,0.15081851453407658,0.0
0.86675,-1.1350466093651619,0.19153156875307864,0.15109302285278647,0.0
0.867,-1.1354317658520725,0.19089682909895445,0.15136740194691578,0.0
0.86725,-1.1358162492223842,0.19026281384220026,0.151641650136342,0.0
0.8675,-1.1362000592807457,0.18962952473943634,0.15191576574091337,0.0
0.86775,-1.1365831958318062,0.18899696354728285,0.1521897470804603,0.0
0.868,-1.136965658680214,0.18836513202236,0.152463592474805,0.0
0.86825,-1.137347447630619,0.187734031921288,0.15273730024377485,0.0
0.8685,-1.1377285624876692,0.1871036650006871,0.1530108687072067,0.0
0.86875,-1.1381090030560141,0.1864740330171774,0.1532842961849632,0.0
0.869,-1.1384887691403023,0.1858451377273792,0.15355758099693873,0.0
0.86925,-1.1388678605451834,0.1852169808879127,0.15383072146307364,0.0
0.8695,-1.1392462770753053,0.18458956425539808,0.15410371590335892,0.0
0.86975,-1.1396240185353181,0.18396288958645554,0.15437656263785327,0.0
0.87,-1.14000108472987,0.1833369586377053,0.1546492599866871,0.0
0.87025,-1.1403774754636102,0.18271177316576756,0.15492180627007635,0.0
0.8705,-1.1407531905411878,0.18208733492726253,0.15519419980833216,0.0
0.87075,-1.1411282297672511,0.18146364567881043,0.15546643892186895,0.0
0.871,-1.14150259294645,0.18084070717703143,0.1557385219312184,0.0
0.87125,-1.1418762798834328,0.18021852117854578,0.1560104471570356,0.0
0.8715,-1.1422492903828485,0.17959708943997366,0.1562822129201118,0.0
0.87175,-1.1426216242493463,0.17897641371793527,0.15655381754138364,0.0
0.872,-1.1429932812875747,0.17835649576905083,0.15682525934194236,0.0
0.87225,-1.1433642613021833,0.17773733734994057,0.1570965366430468,0.0
0.8725,-1.1437345640978207,0.17711894021722463,0.1573676477661301,0.0
0.87275,-1.1441041894791357,0.1765013061275233,0.15763859103281108,0.0
0.873,-1.1444731372507775,0.1758844368374567,0.15790936476490525,0.0
0.87325,-1.144841407217395,0.17526833410364512,0.15817996728443373,0.0
0.8735,-1.145208999183637,0.1746529996827087,0.15845039691363372,0.0
0.87375,-1.1455759129541523,0.17403843533126764,0.1587206519749682,0.0
0.874,-1.1459421483335905,0.17342464280594222,0.1589907307911369,0.0
0.87425,-1.1463077051266,0.17281162386335258,0.15926063168508442,0.0
0.8745,-1.1466725831378302,0.172199380260119,0.15953035298001272,0.0
0.87475,-1.1470367821719294,0.1715879137528616,0.1597998929993889,0.0
0.875,-1.1474003020335473,0.1709772260982006,0.1600692500669565,0.0
0.87525,-1.147763142527332,0.17036731905275623,0.16033842250674457,0.0
0.8755,-1.1481253034579333,0.1697581943731487,0.1606074086430791,0.0
0.87575,-1.1484867846299995,0.16914985381599823,0.1608762068005909,0.0
0.876,-1.14884758584818,0.168542299137925,0.16114481530422764,0.0
0.87625,-1.1492077069171234,0.16793553209554923,0.16141323247926187,0.0
0.8765,-1.1495671476414788,0.16732955444549108,0.1616814566513025,0.0
0.87675,-1.149925907825895,0.16672436794437084,0.16194948614630356,0.0
0.877,-1.1502839872750215,0.16611997434880865,0.16221731929057515,0.0
0.87725,-1.1506413857935067,0.16551637541542474,0.16248495441079203,0.0
0.8775,-1.1509981031859997,0.16491357290083936,0.16275238983400486,0.0
0.87775,-1.1513541392571494,0.1643115685616726,0.1630196238876489,0.0
0.878,-1.1517094938116048,0.16371036415454476,0.16328665489955507,0.0
0.87825,-1.152064166654015,0.16310996143607603,0.16355348119795865,0.0
0.8785,-1.1524181575890287,0.16251036216288658,0.16382010111150924,0.0
0.87875,-1.152771466421295,0.16191156809159668,0.16408651296928212,0.0
0.879,-1.1531240929554625,0.1613135809788265,0.1643527151007853,0.0
0.87925,-1.1534760369961807,0.16071640258119624,0.1646187058359727,0.0
0.8795,-1.1538272983480984,0.1601200346553261,0.16488448350525053,0.0
0.87975,-1.1541778768158641,0.1595244789578363,0.16515004643948972,0.0
0.88,-1.1545277722041274,0.15892973724534704,0.1654153929700346,0.0
0.88025,-1.154876984317537,0.15833581127447854,0.16568052142871292,0.0
0.8805,-1.1552255129607416,0.157742702801851,0.16594543014784424,0.0
0.88075,-1.1555733579383904,0.15715041358408463,0.1662101174602526,0.0
0.881,-1.1559205190551325,0.15655894537779963,0.16647458169927387,0.0
0.88125,-1.1562669961156165,0.1559682999396162,0.1667388211987657,0.0
0.8815,-1.1566127889244915,0.15537847902615454,0.16700283429311824,0.0
0.88175,-1.1569578972864063,0.1547894843940349,0.1672666193172636,0.0
0.882,-1.1573023210060103,0.15420131779987745,0.1675301746066853,0.0
0.88225,-1.157646059887952,0.15361398100030238,0.16779349849742764,0.0
0.8825,-1.1579891137368805,0.15302747575192993,0.16805658932610523,0.0
0.88275,-1.1583314823574447,0.15244180381138028,0.16831944542991417,0.0
0.883,-1.1586731655542937,0.15185696693527367,0.16858206514664098,0.0
0.88325,-1.1590141631320763,0.1512729668802303,0.16884444681467103,0.0
0.8835,-1.1593544748954416,0.1506898054028703,0.1691065887729999,0.0
0.88375,-1.1596941006490384,0.150107484259814,0.16936848936124171,0.0
0.884,-1.1600330401975154,0.1495260052076815,0.16963014691963973,0.0
0.88425,-1.1603712933455221,0.14894537000309307,0.16989155978907644,0.0
0.8845,-1.1607088598977071,0.1483655804026689,0.17015272631108114,0.0
0.88475,-1.1610457396587195,0.1477866381630292,0.17041364482784171,0.0
0.885,-1.1613819324332082,0.14720854504079417,0.17067431368221309,0.0
0.88525,-1.1617174380258222,0.146631302792584,0.17093473121772695,0.0
0.8855,-1.1620522562412101,0.1460549131750189,0.17119489577860159,0.0
0.88575,-1.1623863868840214,0.1454793779447191,0.1714548057097518,0.0
0.886,-1.1627198297589048,0.14490469885830481,0.17171445935679763,0.0
0.88625,-1.1630525846705093,0.1443308776723962,0.17197385506607454,0.0
0.8865,-1.1633846514234838,0.1437579161436135,0.17223299118464297,0.0
0.88675,-1.1637160298224771,0.1431858160285769,0.1724918660602972,0.0
0.887,-1.1640467196721382,0.14261457908390662,0.17275047804157628,0.0
0.88725,-1.1643767207771165,0.1420442070662229,0.1730088254777724,0.0
0.8875,-1.1647060329420604,0.14147470173214588,0.17326690671894074,0.0
0.88775,-1.165034655971619,0.14090606483829582,0.17352472011590891,0.0
0.888,-1.1653625896704414,0.1403382981412929,0.1737822640202875,0.0
0.88825,-1.1656898338431763,0.1397714033977573,0.1740395367844776,0.0
0.8885,-1.166016388294473,0.13920538236430924,0.17429653676168222,0.0
0.88875,-1.16634225282898,0.13864023679756898,0.1745532623059145,0.0
0.889,-1.1666674272513466,0.13807596845415668,0.17480971177200844,0.0
0.88925,-1.1669919113662215,0.13751257909069253,0.1750658835156269,0.0
0.8895,-1.1673157049782539,0.13695007046379679,0.1753217758932728,0.0
0.88975,-1.167638807892093,0.13638844433008962,0.17557738726229744,0.0
0.89,-1.167961219912387,0.13582770244619125,0.17583271598090944,0.0
0.89025,-1.1682829408437851,0.13526784656872187,0.17608776040818586,0.0
0.8905,-1.1686039704909366,0.13470887845430168,0.1763425189040808,0.0
0.89075,-1.16892430865849,0.1341507998595509,0.1765969898294344,0.0
0.891,-1.1692439551510947,0.13359361254108976,0.1768511715459835,0.0
0.89125,-1.1695629097733995,0.13303731825553844,0.17710506241637014,0.0
0.8915,-1.169881172330053,0.13248191875951712,0.17735866080415041,0.0
0.89175,-1.170198742625705,0.13192741580964604,0.1776119650738066,0.0
0.892,-1.1705156204650033,0.1313738111625454,0.17786497359075248,0.0
0.89225,-1.1708318056525977,0.13082110657483542,0.17811768472134681,0.0
0.8925,-1.171147297993137,0.13026930380313628,0.1783700968329005,0.0
0.89275,-1.17146209729127,0.12971840460406822,0.17862220829368614,0.0
0.893,-1.1717762033516455,0.1291684107342514,0.17887401747294818,0.0
0.89325,-1.1720896159789127,0.12861932395030606,0.17912552274091187,0.0
0.8935,-1.1724023349777206,0.1280711460088524,0.179376722468793,0.0
0.89375,-1.172714360152718,0.1275238786665106,0.1796276150288063,0.0
0.894,-1.1730256913085535,0.12697752367990095,0.17987819879417621,0.0
0.89425,-1.173336328249877,0.12643208280564355,0.1801284721391465,0.0
0.8945,-1.1736462707813367,0.12588755780035865,0.18037843343898707,0.0
0.89475,-1.1739555187075816,0.12534395042066648,0.18062808107000627,0.0
0.895,-1.174264071833261,0.1248012624231872,0.1808774134095592,0.0
0.89525,-1.1745719299630235,0.12425949556454108,0.18112642883605656,0.0
0.8955,-1.1748790929015183,0.12371865160134823,0.1813751257289744,0.0
0.89575,-1.175185560453394,0.12317873229022894,0.18162350246886416,0.0
0.896,-1.1754913324233,0.1226397393878034,0.18187155743736128,0.0
0.89625,-1.1757964086158852,0.12210167465069179,0.18211928901719432,0.0
0.8965,-1.176100788835798,0.12156453983551432,0.1823666955921952,0.0
0.89675,-1.176404472887688,0.12102833669889122,0.18261377554730807,0.0
0.897,-1.1767074605762036,0.12049306699744268,0.18286052726859903,0.0
0.89725,-1.1770097517059943,0.1199587324877889,0.18310694914326464,0.0
0.8975,-1.1773113460817086,0.1194253349265501,0.18335303955964188,0.0
0.89775,-1.1776122435079956,0.11889287607034647,0.18359879690721792,0.0
0.898,-1.1779124437895045,0.11836135767579822,0.18384421957663877,0.0
0.89825,-1.178211946730884,0.11783078149952558,0.18408930595971884,0.0
0.8985,-1.178510752136783,0.11730114929814875,0.18433405444945006,0.0
0.89875,-1.1788088598118507,0.1167724628282879,0.18457846344001183,0.0
0.899,-1.1791062695607355,0.11624472384656327,0.1848225313267795,0.0
0.89925,-1.179402981188087,0.11571793410959506,0.18506625650633546,0.0
0.8995,-1.1796989944985539,0.11519209537400346,0.18530963737647577,0.0
0.89975,-1.179994309296785,0.1146672093964087,0.18555267233622175,0.0
0.9,-1.1802889253874294,0.11414327793343099,0.18579535978582795,0.0
0.90025,-1.1805828425751361,0.1136203027416905,0.18603769812679305,0.0
0.9005,-1.180876060664554,0.11309828557780746,0.18627968576186738,0.0
0.90075,-1.181168579460332,0.11257722819840207,0.18652132109506292,0.0
0.901,-1.181460398767119,0.11205713236009454,0.18676260253166377,0.0
0.90125,-1.1817515183895642,0.1115379998195051,0.18700352847823343,0.0
0.9015,-1.1820419381323164,0.1110198323332539,0.18724409734262593,0.0
0.90175,-1.1823316578000242,0.11050263165796119,0.1874843075339938,0.0
0.902,-1.1826206771973373,0.10998639955024717,0.1877241574627988,0.0
0.90225,-1.1829089961289039,0.10947113776673202,0.18796364554081957,0.0
0.9025,-1.1831966143993735,0.10895684806403597,0.18820277018116283,0.0
0.90275,-1.1834835318133947,0.10844353219877922,0.18844152979827067,0.0
0.903,-1.1837697481756169,0.10793119192758198,0.18867992280793233,0.0
0.90325,-1.1840552632906884,0.10741982900706445,0.18891794762729042,0.0
0.9035,-1.1843400769632586,0.10690944519384685,0.1891556026748531,0.0
0.90375,-1.1846241889979763,0.10640004224454935,0.18939288637050233,0.0
0.904,-1.1849075991994904,0.10589162191579221,0.18962979713550276,0.0
0.90425,-1.1851903073724497,0.1053841859641956,0.1898663333925108,0.0
0.9045,-1.1854723133215037,0.10487773614637973,0.19010249356558662,0.0
0.90475,-1.1857536168513012,0.1043722742189648,0.1903382760801995,0.0
0.905,-1.1860342177664907,0.10386780193857104,0.19057367936323932,0.0
0.90525,-1.1863141158717214,0.10336432106181861,0.19080870184302667,0.0
0.9055,-1.1865933109716424,0.10286183334532778,0.19104334194932093,0.0
0.90575,-1.1868718028709027,0.10236034054571871,0.191277598113329,0.0
0.906,-1.1871495913741508,0.10185984441961163,0.1915114687677164,0.0
0.90625,-1.187426676286036,0.10136034672362673,0.19174495234661526,0.0
0.9065,-1.1877030574112073,0.10086184921438424,0.19197804728563472,0.0
0.90675,-1.1879787345543134,0.10036435364850431,0.19221075202186877,0.0
0.907,-1.1882537075200035,0.0998678617826072,0.1924430649939073,0.0
0.90725,-1.1885279761129264,0.09937237537331309,0.1926749846418443,0.0
0.9075,-1.188801540137731,0.09887789617724221,0.19290650940728726,0.0
0.90775,-1.1890743993990665,0.09838442595101474,0.19313763773336778,0.0
0.908,-1.1893465537015815,0.0978919664512509,0.19336836806474866,0.0
0.90825,-1.189618002849925,0.0974005194345709,0.19359869884763548,0.0
0.9085,-1.1898887466487462,0.09691008665759493,0.19382862852978477,0.0
0.90875,-1.1901587849026942,0.0964206698769432,0.19405815556051365,0.0
0.909,-1.1904281174164175,0.09593227084923593,0.19428727839070903,0.0
0.90925,-1.190696743994565,0.09544489133109332,0.19451599547283704,0.0
0.9095,-1.1909646644417862,0.09495853307913556,0.1947443052609532,0.0
0.90975,-1.1912318785627294,0.09447319784998287,0.19497220621071,0.0
0.91,-1.1914983861620443,0.09398888740025547,0.19519969677936833,0.0
0.91025,-1.1917641870443791,0.09350560348657355,0.195426775425805,0.0
0.9105,-1.192029281014383,0.0930233478655573,0.19565344061052392,0.0
0.91075,-1.1922936678767053,0.09254212229382695,0.19587969079566414,0.0
0.911,-1.1925573474359945,0.09206192852800271,0.19610552444500917,0.0
0.91125,-1.1928203194968998,0.09158276832470476,0.19633094002399787,0.0
0.9115,-1.19308258386407,0.09110464344055333,0.19655593599973242,0.0
0.91175,-1.1933441403421543,0.0906275556321686,0.19678051084098835,0.0
0.912,-1.1936049887358013,0.0901515066561708,0.19700466301822317,0.0
0.91225,-1.1938651288496602,0.08967649826918014,0.19722839100358702,0.0
0.9125,-1.1941245604883801,0.0892025322278168,0.19745169327093182,0.0
0.91275,-1.1943832834566095,0.08872961028870102,0.19767456829581898,0.0
0.913,-1.1946412975589975,0.08825773420845295,0.19789701455553144,0.0
0.91325,-1.194898602600193,0.08778690574369286,0.19811903052908164,0.0
0.9135,-1.1951551983848456,0.08731712665104091,0.19834061469722108,0.0
0.91375,-1.1954110847176034,0.08684839868711733,0.19856176554244964,0.0
0.914,-1.1956662614031157,0.08638072360854232,0.19878248154902534,0.0
0.91425,-1.1959207282460316,0.0859141031719361,0.19900276120297433,0.0
0.9145,-1.1961744850509999,0.08544853913391884,0.19922260299209915,0.0
0.91475,-1.1964275316226693,0.08498403325111077,0.19944200540598844,0.0
0.915,-1.196679867765689,0.08452058728013209,0.19966096693602786,0.0
0.91525,-1.196931493284708,0.08405820297760302,0.19987948607540784,0.0
0.9155,-1.197182407984375,0.08359688210014374,0.2000975613191336,0.0
0.91575,-1.1974326116693392,0.08313662640437448,0.2003151911640355,0.0
0.916,-1.1976821041442496,0.08267743764691544,0.200532374108777,0.0
0.91625,-1.1979308852137551,0.08221931758438683,0.20074910865386575,0.0
0.9165,-1.1981789546825046,0.08176226797340883,0.20096539330166174,0.0
0.91675,-1.1984263123551466,0.08130629057060168,0.20118122655638704,0.0
0.917,-1.198672958036331,0.08085138713258555,0.20139660692413752,0.0
0.91725,-1.1989188915307059,0.08039755941598069,0.2016115329128889,0.0
0.9175,-1.1991641126429209,0.07994480917740726,0.20182600303250897,0.0
0.91775,-1.1994086211776243,0.07949313817348552,0.20204001579476483,0.0
0.918,-1.1996524169394653,0.07904254816083561,0.20225356971333586,0.0
0.91825,-1.1998954997330933,0.07859304089607778,0.2024666633038199,0.0
0.9185,-1.2001378693631564,0.07814461813583223,0.20267929508374416,0.0
0.91875,-1.2003795256343044,0.07769728163671916,0.20289146357257581,0.0
0.919,-1.200620468351186,0.07725103315535876,0.2031031672917296,0.0
0.91925,-1.2008606973184497,0.07680587444837127,0.20331440476457874,0.0
0.9195,-1.2011002123407448,0.07636180727237687,0.20352517451646435,0.0
0.91975,-1.2013390132227202,0.07591883338399577,0.20373547507470513,0.0
0.92,-1.201577099769025,0.0754769545398482,0.20394530496860686,0.0
0.92025,-1.2018144717843082,0.07503617249655434,0.20415466272947191,0.0
0.9205,-1.2020511290732183,0.07459648901073437,0.20436354689060865,0.0
0.92075,-1.2022870714404048,0.07415790583900855,0.20457195598734246,0.0
0.921,-1.2025222986905164,0.07372042473799709,0.20477988855702356,0.0
0.92125,-1.2027568106282018,0.07328404746432013,0.20498734313903766,0.0
0.9215,-1.2029906070581102,0.07284877577459793,0.20519431827481593,0.0
0.92175,-1.2032236877848907,0.07241461142545069,0.20540081250784437,0.0
0.922,-1.203456052613192,0.07198155617349859,0.20560682438367306,0.0
0.92225,-1.2036877013476632,0.07154961177536187,0.20581235244992668,0.0
0.9225,-1.203918633792953,0.0711187799876607,0.2060173952563138,0.0
0.92275,-1.204148849753711,0.07068906256701532,0.20622195135463706,0.0
0.923,-1.204378349034585,0.0702604612700459,0.20642601929880144,0.0
0.92325,-1.2046071314402251,0.06983297785337267,0.20662959764482713,0.0
0.9235,-1.2048351967752797,0.06940661407361584,0.2068326849508555,0.0
0.92375,-1.2050625448443977,0.0689813716873956,0.20703527977716152,0.0
0.924,-1.2052891754522281,0.06855725245133218,0.20723738068616293,0.0
0.92425,-1.2055150884034203,0.06813425812204575,0.2074389862424304,0.0
0.9245,-1.2057402835026223,0.06771239045615654,0.2076400950126951,0.0
0.92475,-1.205964760554484,0.06729165121028476,0.20784070556586265,0.0
0.925,-1.206188519363654,0.0668720421410506,0.20804081647301897,0.0
0.92525,-1.206411559734781,0.06645356500507427,0.20824042630744266,0.0
0.9255,-1.2066338814725146,0.06603622155897598,0.2084395336446141,0.0
0.92575,-1.2068554843815031,0.06562001355937594,0.20863813706222478,0.0
0.926,-1.2070763682663959,0.06520494276289433,0.208836235140188,0.0
0.92625,-1.2072965329318412,0.06479101092615139,0.2090338264606484,0.0
0.9265,-1.2075159781824891,0.0643782198057673,0.20923090960799273,0.0
0.92675,-1.2077347038229875,0.06396657115836227,0.20942748316885762,0.0
0.927,-1.2079527096579858,0.06355606674055653,0.20962354573214226,0.0
0.92725,-1.2081699954921332,0.06314670830897026,0.20981909588901737,0.0
0.9275,-1.2083865611300784,0.06273849762022368,0.21001413223293364,0.0
0.92775,-1.20860240637647,0.06233143643093697,0.21020865335963368,0.0
0.928,-1.2088175310359575,0.061925526497730365,0.2104026578671616,0.0
0.92825,-1.2090319349131895,0.06152076957722406,0.2105961443558726,0.0
0.9285,-1.2092456178128153,0.06111716742603827,0.21078911142844348,0.0
0.92875,-1.2094585795394834,0.06071472180079318,0.21098155768988192,0.0
0.929,-1.2096708198978432,0.060313434458109015,0.2111734817475377,0.0
0.92925,-1.2098823386925432,0.059913307154605966,0.2113648822111116,0.0
0.9295,-1.2100931357282327,0.05951434164690425,0.21155575769266655,0.0
0.92975,-1.2103032108095608,0.05911653969162407,0.21174610680663775,0.0
0.93,-1.210512563741176,0.05871990304538563,0.21193592816984097,0.0
0.93025,-1.2107211943277274,0.05832443346480913,0.2121252204014854,0.0
0.9305,-1.2109291023738638,0.057930132706514786,0.21231398212318164,0.0
0.93075,-1.2111362876842346,0.05753700252712281,0.2125022119589537,0.0
0.931,-1.2113427500634883,0.057145044683253376,0.21268990853524716,0.0
0.93125,-1.2115484893162742,0.05675426093152672,0.21287707048094107,0.0
0.9315,-1.211753505247241,0.056364653028563035,0.21306369642735823,0.0
0.93175,-1.211957797661038,0.05597622273098253,0.21324978500827374,0.0
0.932,-1.2121613663623139,0.055588971795405416,0.2134353348599265,0.0
0.93225,-1.2123642111557174,0.05520290197845189,0.21362034462102986,0.0
0.9325,-1.2125663318458977,0.05481801503674216,0.2138048129327812,0.0
0.93275,-1.2127677282375036,0.05443431272689643,0.21398873843887234,0.0
0.933,-1.2129684001351841,0.054051796805534916,0.21417211978550021,0.0
0.93325,-1.2131683473435886,0.05367046902927781,0.21435495562137707,0.0
0.9335,-1.2133675696673656,0.053290331154745324,0.21453724459774048,0.0
0.93375,-1.2135660669111639,0.05291138493855767,0.21471898536836398,0.0
0.934,-1.213763838879633,0.05253363213733503,0.2149001765895684,0.0
0.93425,-1.2139608853774213,0.05215707450769764,0.2150808169202303,0.0
0.9345,-1.2141572062091783,0.051781713806265686,0.21526090502179462,0.0
0.93475,-1.2143528011795524,0.051407551789659375,0.21544043955828296,0.0
0.935,-1.214547670093193,0.05103459021449892,0.21561941919630634,0.0
0.93525,-1.2147418127547485,0.05066283083740453,0.21579784260507395,0.0
0.9355,-1.2149352289688684,0.050292275414996396,0.21597570845640446,0.0
0.93575,-1.2151279185402015,0.04992292570389474,0.21615301542473642,0.0
0.936,-1.2153198812733967,0.04955478346071975,0.21632976218713895,0.0
0.93625,-1.2155111169731028,0.049187850442091646,0.21650594742332174,0.0
0.9365,-1.2157016254439688,0.04882212840463063,0.21668156981564657,0.0
0.93675,-1.2158914064906439,0.0484576191049569,0.21685662804913775,0.0
0.937,-1.216080459917777,0.04809432429969067,0.21703112081149167,0.0
0.93725,-1.2162687855300167,0.04773224574545214,0.21720504679308905,0.0
0.9375,-1.2164563831320123,0.047371385198861526,0.21737840468700442,0.0
0.93775,-1.2166432525284128,0.04701174441653902,0.21755119318901794,0.0
0.938,-1.216829393523867,0.04665332515510483,0.2177234109976245,0.0
0.93825,-1.2170148059230237,0.04629612917117917,0.21789505681404653,0.0
0.9385,-1.217199489530532,0.04594015822138224,0.2180661293422428,0.0
0.93875,-1.2173834441510407,0.04558541406233425,0.21823662728892068,0.0
0.939,-1.2175666695891993,0.045231898450655394,0.21840654936354675,0.0
0.93925,-1.2177491656496562,0.04487961314296589,0.21857589427835644,0.0
0.9395,-1.2179309321370604,0.04452855989588594,0.2187446607483663,0.0
0.93975,-1.2181119688560607,0.044178740466035746,0.21891284749138396,0.0
0.94,-1.2182922756113066,0.04383015661003551,0.2190804532280206,0.0
0.94025,-1.2184718522074467,0.04348281008450545,0.2192474766816992,0.0
0.9405,-1.2186506984491299,0.043136702646065755,0.21941391657866816,0.0
0.94075,-1.2188288141410055,0.04279183605133666,0.2195797716480108,0.0
0.941,-1.2190061990877221,0.042448212056938335,0.21974504062165634,0.0
0.94125,-1.2191828530939286,0.04210583241949101,0.21990972223439154,0.0
0.9415,-1.2193587759642743,0.04176469889561488,0.22007381522387193,0.0
0.94175,-1.2195339675034078,0.04142481324193014,0.22023731833063187,0.0
0.942,-1.2197084275159784,0.041086177215057015,0.22040023029809697,0.0
0.94225,-1.2198821558066344,0.040748792571615705,0.22056254987259316,0.0
0.9425,-1.2200551521800256,0.04041266106822641,0.22072427580336118,0.0
0.94275,-1.2202274164408005,0.04007778446150934,0.2208854068425643,0.0
0.943,-1.220398948393608,0.0397441645080847,0.22104594174530123,0.0
0.94325,-1.220569747843097,0.039411802964572695,0.22120587926961766,0.0
0.9435,-1.220739814593917,0.03908070158759353,0.22136521817651644,0.0
0.94375,-1.2209091484507164,0.03875086213376741,0.2215239572299692,0.0
0.944,-1.2210777492181442,0.03842228635971454,0.2216820951969285,0.0
0.94425,-1.2212456167008496,0.038094976022055124,0.22183963084733804,0.0
0.9445,-1.2214127507034815,0.03776893287740937,0.22199656295414494,0.0
0.94475,-1.2215791510306886,0.03744415868239749,0.22215289029330965,0.0
0.945,-1.22174481748712,0.037120655193639676,0.22230861164381932,0.0
0.94525,-1.2219097498774247,0.036798424167756145,0.22246372578769824,0.0
0.9455,-1.2220739480062515,0.036477467361367095,0.2226182315100187,0.0
0.94575,-1.2222374116782495,0.03615778653109273,0.22277212759891385,0.0
0.946,-1.2224001406980678,0.03583938343355326,0.22292541284558842,0.0
0.94625,-1.222562134870355,0.03552225982536889,0.22307808604432977,0.0
0.9465,-1.2227233939997602,0.03520641746315983,0.22323014599252056,0.0
0.94675,-1.2228839178909325,0.034891858103546274,0.22338159149064962,0.0
0.947,-1.2230437063485207,0.034578583503148436,0.2235324213423242,0.0
0.94725,-1.2232027591771732,0.034266595418586517,0.22368263435428015,0.0
0.9475,-1.22336107618154,0.03395589560648073,0.22383222933639635,0.0
0.94775,-1.2235186571662697,0.03364648582345126,0.22398120510170405,0.0
0.948,-1.2236755019360108,0.033338367826118334,0.22412956046639843,0.0
0.94825,-1.2238316102954128,0.03303154337110216,0.22427729424985254,0.0
0.9485,-1.2239869820491243,0.03272601421502292,0.22442440527462737,0.0
0.94875,-1.2241416170017945,0.03242178211450084,0.22457089236648442,0.0
0.949,-1.2242955149580719,0.03211884882615612,0.22471675435439686,0.0
0.94925,-1.224448675722606,0.03181721610660895,0.2248619900705624,0.0
0.9495,-1.2246010991000453,0.03151688571247956,0.22500659835041414,0.0
0.94975,-1.2247527848950392,0.03121785940038814,0.22515057803263394,0.0
0.95,-1.2249037329122365,0.0309201389269549,0.2252939279591626,0.0
0.95025,-1.225053942956286,0.030623726048800044,0.22543664697521382,0.0
0.9505,-1.2252034148318365,0.03032862252254378,0.22557873392928451,0.0
0.95075,-1.2253521483435372,0.030034830104806308,0.22572018767316826,0.0
0.951,-1.225500143296037,0.029742350552207836,0.2258610070619662,0.0
0.95125,-1.2256473994939852,0.029451185621368572,0.22600119095410043,0.0
0.9515,-1.2257939167420302,0.029161337068908715,0.2261407382113254,0.0
0.95175,-1.2259396948448211,0.02887280665144848,0.22627964769873965,0.0
0.952,-1.226084733607007,0.02858559612560806,0.22641791828479985,0.0
0.95225,-1.2262290328332368,0.02829970724800767,0.2265555488413309,0.0
0.9525,-1.2263725923281594,0.02801514177526751,0.22669253824353985,0.0
0.95275,-1.2265154118964239,0.027731901464007787,0.22682888537002732,0.0
0.953,-1.2266574913426789,0.027449988070848703,0.22696458910280048,0.0
0.95325,-1.2267988304715738,0.02716940335241047,0.22709964832728535,0.0
0.9535,-1.226939429087757,0.026890149065313288,0.2272340619323383,0.0
0.95375,-1.227079286995878,0.026612226966177363,0.22736782881026008,0.0
0.954,-1.2272184040005856,0.026335638811622902,0.22750094785680752,0.0
0.95425,-1.2273567799065286,0.02606038635827011,0.22763341797120584,0.0
0.9545,-1.2274944145183557,0.025786471362739188,0.22776523805616122,0.0
0.95475,-1.2276313076407166,0.025513895581650344,0.22789640701787506,0.0
0.955,-1.2277674590782597,0.025242660771623786,0.2280269237660537,0.0
0.95525,-1.2279028686356341,0.024972768689279716,0.22815678721392385,0.0
0.9555,-1.2280375361174887,0.024704221091238338,0.2282859962782433,0.0
0.95575,-1.2281714613284724,0.02443701973411986,0.22841454987931553,0.0
0.956,-1.2283046440732344,0.024171166374544487,0.22854244694100045,0.0
0.95625,-1.2284370841564234,0.023906662769132423,0.22866968639072915,0.0
0.9565,-1.2285687813826884,0.02364351067450387,0.22879626715951562,0.0
0.95675,-1.2286997355566784,0.023381711847279038,0.22892218818196963,0.0
0.957,-1.2288299464830423,0.02312126804407813,0.22904744839631097,0.0
0.95725,-1.2289594139664293,0.022862181021521356,0.22917204674438074,0.0
0.9575,-1.2290881378114877,0.022604452536228913,0.2292959821716547,0.0
0.95775,-1.229216117822867,0.022348084344821002,0.2294192536272579,0.0
0.958,-1.2293433538052163,0.02209307820391785,0.2295418600639758,0.0
0.95825,-1.2294698455631843,0.021839435870139638,0.22966380043826873,0.0
0.9585,-1.2295955929014197,0.021587159100106588,0.22978507371028334,0.0
0.95875,-1.2297205956245718,0.021336249650438892,0.2299056788438687,0.0
0.959,-1.2298448535372892,0.021086709277756764,0.23002561480658645,0.0
0.95925,-1.2299683664442216,0.020838539738680405,0.23014488056972682,0.0
0.9595,-1.2300911341500171,0.02059174278983002,0.23026347510831924,0.0
0.95975,-1.230213156459325,0.02034632018782582,0.23038139740114794,0.0
0.96,-1.2303344331767943,0.020102273689288,0.23049864643076412,0.0
0.96025,-1.2304549641070737,0.019859605050836768,0.2306152211835002,0.0
0.9605,-1.2305747490548127,0.019618316029092333,0.2307311206494831,0.0
0.96075,-1.2306937878246598,0.0193784083806749,0.23084634382264668,0.0
0.961,-1.2308120802212639,0.019139883862204672,0.23096088970074646,0.0
0.96125,-1.230929626049274,0.018902744230301853,0.23107475728537352,0.0
0.9615,-1.2310464251133393,0.018666991241586647,0.23118794558196765,0.0
0.96175,-1.2311624772181087,0.018432626652679265,0.23130045359982998,0.0
0.962,-1.231277782168231,0.01819965222019991,0.23141228035213857,0.0
0.96225,-1.2313923397683548,0.01796806970076878,0.23152342485596078,0.0
0.9625,-1.23150614982313,0.01773788085100609,0.23163388613226843,0.0
0.96275,-1.2316192121372047,0.017509087427532034,0.2317436632059504,0.0
0.963,-1.2317315265152282,0.017281691186966826,0.2318527551058267,0.0
0.96325,-1.2318430927618493,0.017055693885930666,0.23196116086466323,0.0
0.9635,-1.2319539106817172,0.016831097281043764,0.2320688795191852,0.0
0.96375,-1.2320639800794808,0.01660790312892632,0.2321759101100911,0.0
0.964,-1.2321733007597888,0.01638611318619854,0.23228225168206662,0.0
0.96425,-1.2322818725272904,0.01616572920948063,0.23238790328379944,0.0
0.9645,-1.2323896951866344,0.015946752955392794,0.2324928639679933,0.0
0.96475,-1.23249676854247,0.015729186180555237,0.23259713279138094,0.0
0.965,-1.2326030923994455,0.015513030641588162,0.23270070881474014,0.0
0.96525,-1.2327086665622105,0.015298288095111776,0.23280359110290716,0.0
0.9655,-1.2328134908354138,0.015084960297746287,0.232905778724791,0.0
0.96575,-1.2329175650237043,0.014873049006111895,0.2330072707533879,0.0
0.966,-1.2330208889317311,0.014662555976828806,0.23310806626579583,0.0
0.96625,-1.233123462364143,0.014453482966517226,0.23320816434322844,0.0
0.9665,-1.2332252851255885,0.01424583173179736,0.2333075640710307,0.0
0.96675,-1.2333263570207176,0.014039604029289408,0.23340626453869362,0.0
0.967,-1.2334266778541787,0.013834801615613583,0.23350426483986642,0.0
0.96725,-1.2335262474306203,0.013631426247390084,0.23360156407237342,0.0
0.9675,-1.2336250655546919,0.013429479681239118,0.23369816133822896,0.0
0.96775,-1.2337231320310422,0.013228963673780889,0.23379405574365064,0.0
0.968,-1.2338204466643203,0.013029879981635604,0.2338892463990756,0.0
0.96825,-1.2339170092591754,0.012832230361423464,0.23398373241917425,0.0
0.9685,-1.234012819620256,0.012636016569764675,0.23407751292286583,0.0
0.96875,-1.2341078775522112,0.012441240363279442,0.23417058703333238,0.0
0.969,-1.2342021828596899,0.01224790349858797,0.23426295387803564,0.0
0.96925,-1.2342957353473412,0.012056007732310466,0.23435461258873058,0.0
0.9695,-1.2343885348198138,0.011865554821067131,0.2344455623014805,0.0
0.96975,-1.234480581081757,0.011676546521478169,0.23453580215667325,0.0
0.97,-1.2345718739378198,0.01148898459016379,0.2346253312990354,0.0
0.97025,-1.2346624131926505,0.011302870783744196,0.2347141488776474,0.0
0.9705,-1.2347521986508985,0.011118206858839592,0.23480225404596022,0.0
0.97075,-1.2348412301172127,0.01093499457207018,0.23488964596180906,0.0
0.971,-1.234929507396242,0.010753235680056168,0.23497632378743027,0.0
0.97125,-1.2350170302926358,0.01057293193941776,0.23506228668947582,0.0
0.9715,-1.2351037986110425,0.010394085106775159,0.2351475338390283,0.0
0.97175,-1.2351898121561113,0.01021669693874857,0.23523206441161815,0.0
0.972,-1.235275070732491,0.0100407691919582,0.2353158775872377,0.0
0.97225,-1.2353595741448307,0.00986630362302425,0.23539897255035758,0.0
0.9725,-1.2354433221977792,0.00969330198856693,0.23548134848994273,0.0
0.97275,-1.2355263146959858,0.00952176604520644,0.23556300459946744,0.0
0.973,-1.2356085514440989,0.009351697549562984,0.23564394007693124,0.0
0.97325,-1.2356900322467679,0.00918309825825677,0.23572415412487557,0.0
0.9735,-1.2357707569086411,0.009015969927908003,0.23580364595039804,0.0
0.97375,-1.2358507252343685,0.008850314315136885,0.23588241476517124,0.0
0.974,-1.2359299370285983,0.00868613317656362,0.2359604597854561,0.0
0.97425,-1.2360083920959797,0.008523428268808416,0.23603778023211852,0.0
0.9745,-1.2360860902411615,0.008362201348491475,0.23611437533064605,0.0
0.97475,-1.2361630312687928,0.008202454172233002,0.2361902443111652,0.0
0.975,-1.2362392149835224,0.008044188496653202,0.23626538640845451,0.0
0.97525,-1.2363146411899995,0.007887406078372279,0.2363398008619646,0.0
0.9755,-1.2363893096928726,0.007732108674010437,0.23641348691583142,0.0
0.97575,-1.2364632202967913,0.0075782980401878815,0.23648644381889516,0.0
0.976,-1.236536372806404,0.007425975933524818,0.23655867082471405,0.0
0.97625,-1.2366087670263597,0.00727514411064145,0.2366301671915838,0.0
0.9765,-1.2366804027613076,0.00712580432815798,0.23670093218255217,0.0
0.97675,-1.2367512798158966,0.006977958342694616,0.23677096506543616,0.0
0.977,-1.2368213979947758,0.00683160791087156,0.23684026511283962,0.0
0.97725,-1.2368907571025936,0.006686754789309018,0.2369088316021677,0.0
0.9775,-1.2369593569439994,0.006543400734627194,0.2369766638156463,0.0
0.97775,-1.2370271973236422,0.00640154750344629,0.23704376104033775,0.0
0.978,-1.2370942780461707,0.006261196852386516,0.2371101225681571,0.0
0.97825,-1.2371605989162338,0.006122350538068071,0.23717574769589023,0.0
0.9785,-1.2372261597384808,0.005985010317111162,0.23724063572521126,0.0
0.97875,-1.2372909603175604,0.005849177946135993,0.23730478596269733,0.0
0.979,-1.2373550004581215,0.0057148551817627685,0.23736819771984874,0.0
0.97925,-1.2374182799648135,0.005582043780611693,0.23743087031310406,0.0
0.9795,-1.2374807986422847,0.00545074549930297,0.23749280306385812,0.0
0.97975,-1.2375425562951843,0.0053209620944568055,0.23755399529847998,0.0
0.98,-1.2376035527281615,0.005192695322693402,0.23761444634832918,0.0
0.98025,-1.2376637877458652,0.005065946940632966,0.23767415554977456,0.0
0.9805,-1.237723261152944,0.004940718704895699,0.23773312224420984,0.0
0.98075,-1.237781972754047,0.004817012372101808,0.23779134577807337,0.0
0.981,-1.2378399223538232,0.0046948296988714965,0.23784882550286435,0.0
0.98125,-1.2378971097569216,0.0045741724418249695,0.23790556077516167,0.0
0.9815,-1.2379535347679913,0.00445504235758243,0.23796155095664084,0.0
0.98175,-1.2380091971916807,0.0043374412027640825,0.2380167954140917,0.0
0.982,-1.2380640968326395,0.004221370733990131,0.23807129351943757,0.0
0.98225,-1.2381182334955163,0.004106832707880781,0.23812504464975115,0.0
0.9825,-1.2381716069849595,0.003993828881056237,0.2381780481872744,0.0
0.98275,-1.238224217105619,0.003882361010136702,0.23823030351943664,0.0
0.983,-1.238276063662143,0.0037724308517423804,0.23828181003887106,0.0
0.98325,-1.2383271464591812,0.003664040162493477,0.23833256714343531,0.0
0.9835,-1.2383774653013817,0.0035571906990101957,0.23838257423622689,0.0
0.98375,-1.2384270199933942,0.003451884217912741,0.2384318307256046,0.0
0.984,-1.2384758103398674,0.0033481224758213166,0.23848033602520502,0.0
0.98425,-1.23852383614545,0.003245907229356127,0.23852808955396054,0.0
0.9845,-1.2385710972147912,0.003145240235137377,0.23857509073612015,0.0
0.98475,-1.2386175933525396,0.0030461232497852706,0.23862133900126636,0.0
0.985,-1.238663324363345,0.0029485580299200113,0.23866683378433473,0.0
0.98525,-1.2387082900518553,0.0028525463321618038,0.2387115745256312,0.0
0.9855,-1.23875249022272,0.002758089913130852,0.2387555606708529,0.0
0.98575,-1.2387959246805882,0.0026651905294473605,0.23879879167110585,0.0
0.986,-1.2388385932301085,0.002573849937731532,0.23884126698292385,0.0
0.98625,-1.2388804956759298,0.002484069894603573,0.2388829860682884,0.0
0.9865,-1.2389216318227017,0.0023958521566836855,0.23892394839464726,0.0
0.98675,-1.2389620014750722,0.002309198480592075,0.2389641534349327,0.0
0.987,-1.239001604437691,0.002224110622948945,0.23900360066758308,0.0
0.98725,-1.2390404405152067,0.0021405903403745,0.2390422895765596,0.0
0.9875,-1.2390785095122685,0.002058639389488943,0.23908021965136728,0.0
0.98775,-1.239115811233525,0.0019782595269124794,0.23911739038707402,0.0
0.988,-1.2391523454836255,0.0018994525092653125,0.23915380128433017,0.0
0.98825,-1.2391881120672186,0.0018222200931676466,0.23918945184938756,0.0
0.9885,-1.2392231107889535,0.0017465640352396857,0.23922434159411998,0.0
0.98875,-1.239257341453479,0.0016724860921016338,0.2392584700360425,0.0
0.989,-1.2392908038654444,0.001599988020373695,0.23929183669833187,0.0
0.98925,-1.2393234978294982,0.0015290715766760731,0.23932444110984474,0.0
0.9895,-1.2393554231502897,0.0014597385176289722,0.23935628280513965,0.0
0.98975,-1.239386579632468,0.0013919905998525965,0.23938736132449634,0.0
0.99,-1.2394169670806812,0.0013258295799671495,0.23941767621393462,0.0
0.99025,-1.239446585299579,0.0012612572145928357,0.23944722702523658,0.0
0.9905,-1.2394754340938103,0.0011982752603498586,0.23947601331596546,0.0
0.99075,-1.2395035132680237,0.0011368854738584226,0.2395040346494861,0.0
0.991,-1.2395308226268682,0.0010770896117387313,0.23953129059498623,0.0
0.99125,-1.2395573619749933,0.0010188894306109885,0.23955778072749667,0.0
0.9915,-1.239583131117047,0.0009622866870953987,0.23958350462790956,0.0
0.99175,-1.2396081298576795,0.0009072831378121653,0.23960846188300366,0.0
0.992,-1.239632358001539,0.0008538805393814923,0.23963265208545992,0.0
0.99225,-1.2396558153532742,0.0008020806484235835,0.23965607483388607,0.0
0.9925,-1.2396785017175342,0.0007518852215586431,0.23967872973283555,0.0
0.99275,-1.2397004168989685,0.0007032960154068745,0.2397006163928297,0.0
0.993,-1.2397215607022254,0.0006563147865884819,0.23972173443037637,0.0
0.99325,-1.2397419329319543,0.000610943291723669,0.23974208346799464,0.0
0.9935,-1.2397615333928038,0.0005671832874326395,0.2397616631342323,0.0
0.99375,-1.2397803618894232,0.0005250365303355975,0.2397804730636901,0.0
0.994,-1.2397984182264614,0.00048450477705274655,0.23979851289704124,0.0
0.99425,-1.239815702208567,0.0004455897842042905,0.23981578228105227,0.0
0.9945,-1.2398322136403892,0.0004082933084104333,0.2398322808686073,0.0
0.99475,-1.2398479523265769,0.0003726171062913786,0.23984800831872666,0.0
0.995,-1.239862918071779,0.00033856293446733006,0.23986296429659015,0.0
0.99525,-1.2398771106806445,0.00030613254955849157,0.239877148473558,0.0
0.9955,-1.239890529957823,0.00027532770818506676,0.23989056052719349,0.0
0.99575,-1.2399031757079622,0.00024615016696725935,0.23990320014128308,0.0
0.996,-1.2399150477357117,0.00021860168252527308,0.23991506700586074,0.0
0.99625,-1.239926145845721,0.00019268401147931168,0.23992616081722873,0.0
0.9965,-1.2399364698426378,0.00016839891044957884,0.23993648127797895,0.0
0.99675,-1.239946019531112,0.00014574813605627818,0.2399460280970167,0.0
0.997,-1.2399547947157923,0.00012473344491961339,0.23995480098958244,0.0
0.99725,-1.2399627952013277,0.0001053565936597881,0.23996279967727308,0.0
0.9975,-1.2399700207923672,8.7619338897006e-05,0.23997002388806643,0.0
0.99775,-1.2399764712935595,7.15234372514707e-05,0.23997647335634142,0.0
0.998,-1.2399821465095537,5.707064534338578e-05,0.23998214782290272,0.0
0.99825,-1.2399870462449987,4.426271979295488e-05,0.2399870470350023,0.0
0.9985,-1.2399911703045434,3.310141722038158e-05,0.23999117074636267,0.0
0.99875,-1.239994518492837,2.3588494245869466e-05,0.23999451871719968,0.0
0.999,-1.2399970906145281,1.5725707489622106e-05,0.23999709071424524,0.0
0.99925,-1.2399988864742661,9.51481357184306e-06,0.23999888651077073,0.0
0.9995,-1.2399999058766997,4.957569112735873e-06,0.23999990588661002,0.0
0.99975,-1.2400001486264778,2.0557307325040657e-06,0.24000014862818175,0.0
