t,x,y,gap,dual
0.0,1.4999991247170823,2.4333097939454365e-06,0.49999912471905605,0.0
0.00025,1.4999971501174905,6.327055117145796e-06,0.49999715013083446,0.0
0.0005,1.4999940766568791,1.1680093685129123e-05,0.4999940767023543,0.0
0.00075,1.4999899051498016,1.8490532781356706e-05,0.4999899052637691,0.0
0.001,1.4999846359478557,2.6756936506444617e-05,0.4999846361865028,0.0
0.00125,1.4999782697267054,3.64777635653013e-05,0.4999782701702544,0.0
0.0015,1.4999708070136588,4.7651626090328136e-05,0.499970807770566,0.0
0.00175,1.4999622482741923,6.0277658775476084e-05,0.49996224948535484,0.0
0.002,1.4999525941122318,7.435421228763062e-05,0.49995259595513963,0.0
0.00225,1.4999418451928435,8.987919561320723e-05,0.4999418478857045,0.0
0.0025,1.499930001946911,0.00010685179347547091,0.4999300057528573,0.0
0.00275,1.4999170650160671,0.0001252701787493038,0.4999170702472291,0.0
0.003,1.4999030349693712,0.0001451332369413194,0.49990304199104396,0.0
0.00325,1.4998879123319,0.00016643938677418646,0.4998879215666132,0.0
0.0035,1.4998716976551378,0.00018918674942369762,0.49987170958670046,0.0
0.00375,1.4998543915617493,0.00021337452672298696,0.49985440673945214,0.0
0.004,1.4998359945096311,0.0002390010189401437,0.49983601355220886,0.0
0.00425,1.4998165071188438,0.0002660649544310445,0.499816530718584,0.0
0.0045,1.4997959298475614,0.00029456485940926314,0.49979595877431526,0.0
0.00475,1.4997742634951656,0.00032449882641572003,0.4997742986002778,0.0
0.005,1.499751508383051,0.00035586609224225185,0.4997515506036032,0.0
0.00525,1.4997276652057128,0.00038866439888352033,0.49972771556819406,0.0
0.0055,1.499702734486414,0.0004228931826730786,0.4997027941111103,0.0
0.00575,1.4996767167871479,0.0004585504695739928,0.4996767868917664,0.0
0.006,1.499649612624994,0.0004956349862723641,0.4996496945288038,0.0
0.00625,1.4996214226603684,0.0005341448450195685,0.49962151778794595,0.0
0.0065,1.4995921473518177,0.0005740794899651291,0.4995922572374454,0.0
0.00675,1.499561787297413,0.00061543683455767,0.49956191358846835,0.0
0.007,1.4995303430622133,0.0006582153925549505,0.4995304875232722,0.0
0.00725,1.4994978152163014,0.0007024138361515497,0.4994979797331034,0.0
0.0075,1.4994642044020523,0.0007480305972791257,0.49946439098527917,0.0
0.00775,1.4994295109689446,0.0007950648394583482,0.4994297217584649,0.0
0.008,1.4993937357151488,0.0008435139504143763,0.4993939729829562,0.0
0.00825,1.4993568790959575,0.0008933777055020187,0.4993571452512888,0.0
0.0085,1.4993189415363517,0.0009446540730309039,0.4993192391285466,0.0
0.00875,1.499279923807629,0.0009973416876363217,0.49928025553031685,0.0
0.009,1.4992398264408653,0.0010514388207596426,0.4992401951355325,0.0
0.00925,1.499198649826079,0.0011069445886846552,0.49919905848645096,0.0
0.0095,1.4991563946620872,0.0011638572987422435,0.4991568464373697,0.0
0.00975,1.4991130615236195,0.0012221755351689012,0.4991135597224641,0.0
0.01,1.4990686509086508,0.0012818975666135657,0.49906919900265234,0.0
0.01025,1.4990231633753588,0.0013430224147086278,0.49902376500343526,0.0
0.0105,1.4989765995313924,0.0014055483313626382,0.49897725850287933,0.0
0.01075,1.498928959976725,0.0014694737507383593,0.49892968027523255,0.0
0.011,1.4988802451803203,0.0015347971387953407,0.4988810309674594,0.0
0.01125,1.498830455706262,0.0016015178299610966,0.49883131132626146,0.0
0.0115,1.4987795921790728,0.0016696334442301008,0.4987805221607018,0.0
0.01175,1.498727655139266,0.0017391430514024364,0.49872866420102735,0.0
0.012,1.4986746451248436,0.0018100451181766175,0.4986757381780109,0.0
0.01225,1.4986205627049571,0.001882338074253198,0.4986217448571697,0.0
0.0125,1.4985654084193296,0.0019560207326065893,0.49856668497871603,0.0
0.01275,1.4985091828260941,0.002031091655901207,0.4985105593046193,0.0
0.013,1.498451886555026,0.0021075492530044926,0.49845336867190193,0.0
0.01325,1.498393520122093,0.002185391613664933,0.4983951138068965,0.0
0.0135,1.4983340840300539,0.002264618237262539,0.4983357954283616,0.0
0.01375,1.4982735789867938,0.002345226582001203,0.4982754144607784,0.0
0.014,1.4982120054016246,0.0024272163765601817,0.49821397153707525,0.0
0.01425,1.4981493639794543,0.0025105849798379154,0.49815146758563245,0.0
0.0145,1.498085655094588,0.0025953319252423057,0.4980879032112846,0.0
0.01475,1.49802087949503,0.0026814550613281085,0.4980232793933175,0.0
0.015,1.4979550376406312,0.002768953364160609,0.4979575968283205,0.0
0.01525,1.4978881301569373,0.002857825258416824,0.4978908563811495,0.0
0.0155,1.4978201574381966,0.002948069754381777,0.4978230586899979,0.0
0.01575,1.497751120236229,0.0030396844770734788,0.4977542047514336,0.0
0.016,1.4976810190944292,0.003132668794577853,0.49768429536050895,0.0
0.01625,1.4976098544106726,0.0032270208290015034,0.4976133311677573,0.0
0.0165,1.4975376268381684,0.003322739710768019,0.49754131308464355,0.0
0.01675,1.497464337076524,0.0034198227879898013,0.4974682420685703,0.0
0.017,1.497389985580707,0.0035182695068556313,0.4973941188403648,0.0
0.01725,1.4973145728413453,0.0036180780188601602,0.49731894415705935,0.0
0.0175,1.4972380993929537,0.0037192477352334663,0.49724271882602267,0.0
0.01775,1.497160566003668,0.003821776207161065,0.497165443887148,0.0
0.018,1.4970819730101823,0.003925662623089465,0.4970871199563138,0.0
0.01825,1.497002321147809,0.004030905399510232,0.49700774804951076,0.0
0.0185,1.4969216108269308,0.004137502717853181,0.4969273288605007,0.0
0.01875,1.4968398426972698,0.004245453485566486,0.49684586332771263,0.0
0.019,1.4967570173022207,0.004354756276470084,0.4967633522857471,0.0
0.01925,1.4966731352252083,0.004465409431553269,0.49667979661190254,0.0
0.0195,1.496588197002561,0.004577411550492627,0.49659519714045564,0.0
0.01975,1.4965022032699604,0.004690760979848108,0.49650955480759174,0.0
0.02,1.496415154438905,0.0048054568327557945,0.4964228703310385,0.0
0.02025,1.496327051106812,0.0049214976095726115,0.4963351446159143,0.0
0.0205,1.4962378939167102,0.005038881309857857,0.4962463786145541,0.0
0.02075,1.4961476833958152,0.005157606914700352,0.4961565731699844,0.0
0.021,1.4960564201097917,0.00527767280953384,0.49606572916500236,0.0
0.02125,1.4959641045757195,0.005399077508485561,0.49597384743750683,0.0
0.0215,1.4958707374037115,0.0055218195567405814,0.4958809289217978,0.0
0.02175,1.4957763191837454,0.005645897502454034,0.4957869745353052,0.0
0.022,1.4956808504110999,0.005771310179802924,0.49569198510510915,0.0
0.02225,1.495584331656552,0.005898055876215835,0.4955959615349643,0.0
0.0225,1.4954867633985955,0.006026133534660971,0.4954989046421212,0.0
0.02275,1.4953881463933723,0.006155541199142078,0.4954008155211298,0.0
0.023,1.4952884810459164,0.006286277504472082,0.49530169492095033,0.0
0.02325,1.4951877679618306,0.0064183414823304474,0.4952015437960413,0.0
0.0235,1.4950860076573118,0.006551731389457416,0.4951003630114197,0.0
0.02375,1.494983200789381,0.006686445458612411,0.4949981535758945,0.0
0.024,1.4948793479237032,0.0068224823770606235,0.4948949164120471,0.0
0.02425,1.4947744494833533,0.006959840924857019,0.4947906523035128,0.0
0.0245,1.494668506224473,0.007098519324905794,0.49468536236757976,0.0
0.02475,1.494561518570647,0.00723851667191866,0.49457904739622505,0.0
0.025,1.494453487030821,0.007379831131707704,0.4944717082655372,0.0
0.02525,1.4943444122499745,0.007522461355456755,0.4943633459930574,0.0
0.0255,1.4942342948367315,0.007666405934465104,0.4942539615628181,0.0
0.02575,1.494123135291435,0.00781166309479886,0.4941435558517844,0.0
0.026,1.4940109341635708,0.007958231868315124,0.4940321297933239,0.0
0.02625,1.493897692091842,0.008106110458015792,0.4939196844088005,0.0
0.0265,1.4937834095095521,0.008255297484588198,0.49380622051942913,0.0
0.02675,1.4936680870605645,0.008405791970403698,0.4936917391623399,0.0
0.027,1.4935517252613089,0.008557591710456336,0.4935762412434508,0.0
0.02725,1.493434324762763,0.008710695703683768,0.49345972781299063,0.0
0.0275,1.493315886021243,0.00886510235728366,0.4933421997262435,0.0
0.02775,1.493196409660296,0.009020810352566855,0.49322365801035173,0.0
0.028,1.493075896153858,0.009177818277301242,0.4931041035453545,0.0
0.02825,1.4929543462070693,0.009336124597446371,0.49298353744476286,0.0
0.0285,1.4928317602279417,0.009495727878828575,0.49286196052856934,0.0
0.02875,1.492708138950114,0.00965662620580332,0.4927393739422803,0.0
0.029,1.4925834828465465,0.009818818566152743,0.49261577857945826,0.0
0.02925,1.4924577923904323,0.009982303545044147,0.49249117533437636,0.0
0.0295,1.4923310682421391,0.01014707998241704,0.4923655652932004,0.0
0.02975,1.492203310991183,0.010313146140227047,0.49223894947034497,0.0
0.03,1.4920745211027597,0.010480500220545252,0.49211132875831454,0.0
0.03025,1.4919446991771235,0.010649141283685992,0.49198270419358336,0.0
0.0305,1.4918138458054635,0.01081906773256236,0.49185307680196466,0.0
0.03075,1.491681961408018,0.010990278091156824,0.49172244744208116,0.0
0.031,1.4915490467782622,0.011162770932550359,0.4915908173490593,0.0
0.03125,1.4914151022964965,0.011336544851204167,0.49145818734795,0.0
0.0315,1.4912801286952,0.011511597958438813,0.4913245586151691,0.0
0.03175,1.4911441263148308,0.011687929407180775,0.49118993194597693,0.0
0.032,1.4910070958761956,0.011865537578771068,0.49105430851300635,0.0
0.03225,1.4908690378216658,0.012044420994030247,0.4909176892143916,0.0
0.0325,1.4907299528414075,0.012224578206328829,0.4907800751991782,0.0
0.03275,1.4905898414953231,0.012406007388349849,0.49064146748585125,0.0
0.033,1.49044870417994,0.012588707878244065,0.4905018669420398,0.0
0.03325,1.4903065416065342,0.012772677659199871,0.49036127474173674,0.0
0.0335,1.4901633542595505,0.01295791556167103,0.4902196918420376,0.0
0.03375,1.4900191428258562,0.013144419810423358,0.49007711940008414,0.0
0.034,1.4898739076350793,0.013332189456463084,0.4899335582258437,0.0
0.03425,1.489727649435224,0.013521222544724765,0.4897890095415869,0.0
0.0345,1.4895803687312839,0.013711517828120634,0.48964347433564726,0.0
0.03475,1.489432066107799,0.013903073827087553,0.48949695367663937,0.0
0.035,1.4892827420926835,0.014095889139632334,0.4893494485800636,0.0
0.03525,1.4891323972697794,0.014289962365609199,0.489200960120175,0.0
0.0355,1.488981032097124,0.014485292216825485,0.48905148924932185,0.0
0.03575,1.488828647304544,0.01468187680200117,0.48890103718853917,0.0
0.036,1.4886752433836428,0.014879714852654047,0.4887496049294,0.0
0.03625,1.4885208208784206,0.015078805069066448,0.488597193518407,0.0
0.0365,1.488365380396198,0.015279145708539943,0.48844380406366095,0.0
0.03675,1.4882089224677255,0.015480735489767028,0.4882894376040747,0.0
0.037,1.4880514475977158,0.015683573388443506,0.4881340951580566,0.0
0.03725,1.4878929564384027,0.015887657149534107,0.4879777778813472,0.0
0.0375,1.487733449470463,0.016092986013923394,0.4878204867765894,0.0
0.03775,1.4875729272608176,0.016299558192798713,0.4876622229244776,0.0
0.038,1.487411390383313,0.016507372693283173,0.4875029874239767,0.0
0.03825,1.4872488394183527,0.016716427664448474,0.4873427813739164,0.0
0.0385,1.4870852749739552,0.01692672124700323,0.48718160590310466,0.0
0.03875,1.486920697565992,0.017138252285157307,0.4870194620587607,0.0
0.039,1.4867551076900192,0.017351020127847505,0.4868563508765187,0.0
0.03925,1.4865885060316035,0.017565022274190767,0.48669227356328437,0.0
0.0395,1.4864208930306493,0.01778025777761627,0.48652723110095475,0.0
0.03975,1.486252269341156,0.01799672506726324,0.4863612246808926,0.0
0.04,1.4860826354692325,0.018214422934534014,0.48619425535359206,0.0
0.04025,1.4859119920143424,0.01843334926610396,0.486026324254452,0.0
0.0405,1.4857403394765516,0.018653503509462155,0.4858574324413081,0.0
0.04075,1.4855676785488185,0.018874883293349853,0.4856875811449268,0.0
0.041,1.4853940096074947,0.01909748798139077,0.48551677130385484,0.0
0.04125,1.4852193333254995,0.019321315852828036,0.4853450041421776,0.0
0.0415,1.4850436502731483,0.01954636527860032,0.48517228078502783,0.0
0.04175,1.484866960927306,0.01977263520185346,0.4849986022741972,0.0
0.042,1.4846892658570319,0.02000012379565419,0.4848239697361212,0.0
0.04225,1.4845105657703481,0.02022882977534124,0.4846483844459195,0.0
0.0425,1.484330861069548,0.020458751426673416,0.48447184736976534,0.0
0.04275,1.4841501524112797,0.02068988769485003,0.4842943597397553,0.0
0.043,1.4839684402519993,0.020922237065541083,0.4841159225841418,0.0
0.04325,1.483785725316606,0.021155797768344087,0.483936537198455,0.0
0.0435,1.4836020080258958,0.021390568538500077,0.4837562045837822,0.0
0.04375,1.4834172888823982,0.021626548464958262,0.4835749258307489,0.0
0.044,1.4832315685932524,0.021863735169205256,0.4833927022158191,0.0
0.04425,1.4830448476852567,0.02210212805019296,0.4832095348635448,0.0
0.0445,1.482857126684463,0.022341724744656233,0.48302542487425604,0.0
0.04475,1.4826684062352484,0.02258252459780863,0.482840373494525,0.0
0.045,1.4824786867560373,0.022824526033765835,0.48265438173384534,0.0
0.04525,1.4822879689719617,0.02306772721927075,0.48246745090679344,0.0
0.0455,1.482096253323391,0.023312126688530554,0.482279582051232,0.0
0.04575,1.481903540458699,0.023557723329652447,0.48209077642110154,0.0
0.046,1.48170983088497,0.023804515487718447,0.4819010351230515,0.0
0.04625,1.4815151251453216,0.024052501838454532,0.48171035930746164,0.0
0.0465,1.4813194237354939,0.024301681528093866,0.48151875008760814,0.0
0.04675,1.4811227273875929,0.02455205183500908,0.48132620878500987,0.0
0.047,1.480925036501075,0.024803612650039497,0.4811327364339104,0.0
0.04725,1.4807263517144111,0.02505636173935244,0.4809383342749567,0.0
0.0475,1.4805266736088871,0.0253102975235322,0.480743003504702,0.0
0.04775,1.4803260027941025,0.025565418705461695,0.48054674535522546,0.0
0.048,1.4801243396467338,0.02582172441537267,0.48034956083570446,0.0
0.04825,1.479921684874105,0.026079212295393006,0.4801514512625247,0.0
0.0485,1.4797180389929263,0.026337881748197844,0.4799524177945902,0.0
0.04875,1.4795134025852263,0.02659773054534753,0.4797524616298081,0.0
0.049,1.479307776215462,0.02685875765175183,0.4795515839720259,0.0
0.04925,1.4791011603796065,0.027120961707808533,0.47934978595336086,0.0
0.0495,1.478893555699626,0.027384341291799785,0.47914706883320735,0.0
0.04975,1.4786849627246816,0.027648894858529616,0.478943433798261,0.0
0.05,1.4784753820051417,0.027914620695987935,0.4787388820355847,0.0
0.05025,1.478264814170597,0.028181517663455224,0.47853341482451617,0.0
0.0505,1.4780532596005127,0.028449584244370385,0.4783270331896723,0.0
0.05075,1.4778407190672098,0.028718818743463714,0.4781197385472895,0.0
0.051,1.4776271930111982,0.02898922014795602,0.47791153199741254,0.0
0.05125,1.477412682071133,0.029260786763508406,0.4777024148273692,0.0
0.0515,1.4771971867309936,0.029533517076721694,0.47749238817561523,0.0
0.05175,1.476980707565465,0.02980740988699182,0.477281453279893,0.0
0.052,1.4767632451865627,0.030082463323871877,0.47706961140414084,0.0
0.05225,1.4765448001017916,0.03035867640154777,0.4768568637279964,0.0
0.0525,1.476325372750173,0.030636048019843543,0.47664321136292487,0.0
0.05275,1.4761049639451258,0.030914575568523617,0.47642865576566984,0.0
0.053,1.4758835740930802,0.031194258797839325,0.47621319803736717,0.0
0.05325,1.4756612038338552,0.03147509526493053,0.47599683946894666,0.0
0.0535,1.4754378536251629,0.03175708411044553,0.4757795812048713,0.0
0.05375,1.4752135241761408,0.032040223761661935,0.47556142462822826,0.0
0.054,1.4749882159565875,0.03232451255380653,0.4753423708829887,0.0
0.05425,1.4747619295262169,0.03260994923513749,0.47512242121425596,0.0
0.0545,1.4745346654357707,0.03289653229225564,0.47490157685475265,0.0
0.05475,1.4743064242629078,0.033184260703649215,0.4746798390773941,0.0
0.055,1.4740772065835213,0.033473132285692486,0.4744572091295469,0.0
0.05525,1.4738470128659689,0.03376314632111388,0.4742336881863203,0.0
0.0555,1.4736158438364981,0.03405430076167448,0.4740092776527294,0.0
0.05575,1.4733836999388252,0.034346594459030655,0.4737839786740645,0.0
0.056,1.4731505818205335,0.03464002557080903,0.47355779258559205,0.0
0.05625,1.4729164899048381,0.034934593519025725,0.4733307205301629,0.0
0.0565,1.4726814249016194,0.035230295861751415,0.47310276389557093,0.0
0.05675,1.4724453872366965,0.035527131816806445,0.4728739238270716,0.0
0.057,1.472208377491448,0.03582509990297211,0.47264420161119003,0.0
0.05725,1.471970396366597,0.03612419850475135,0.4724135986526503,0.0
0.0575,1.4717314442243143,0.036424426418939504,0.4721821160299886,0.0
0.05775,1.471491521757791,0.03672578187457276,0.4719497551409011,0.0
0.058,1.4712506294453807,0.03702826344975563,0.4717165171790161,0.0
0.05825,1.4710087679421981,0.03733186992714366,0.4714824035220675,0.0
0.0585,1.4707659377503077,0.03763659960830523,0.4712474153848556,0.0
0.05875,1.4705221394504377,0.03794245122848139,0.47101155407397055,0.0
0.059,1.4702773736792452,0.03824942289526945,0.47077482093791634,0.0
0.05925,1.4700316408038283,0.03855751379934702,0.47053721708591323,0.0
0.0595,1.469784941507756,0.038866722150039834,0.47029874392031146,0.0
0.05975,1.4695372764375882,0.03917704653102305,0.4700594028183007,0.0
0.06,1.4692886459752543,0.03948848534670191,0.4698191948898929,0.0
0.06025,1.4690390508736417,0.03980103732246221,0.4695781216266368,0.0
0.0605,1.4687884914832043,0.04011470109684012,0.46933618411771105,0.0
0.06075,1.4685369685030842,0.04042947505992345,0.4690933837962272,0.0
0.061,1.4682844824221437,0.040745358113944974,0.4688497219012897,0.0
0.06125,1.4680310339111635,0.04106234836911682,0.4686051998341372,0.0
0.0615,1.4677766233549097,0.04138044465273083,0.468359818732043,0.0
0.06175,1.4675212515356986,0.041699645186199064,0.4681135801148213,0.0
0.062,1.4672649187868299,0.042019948958234465,0.4678664850772276,0.0
0.06225,1.4670076257851754,0.04234135445599918,0.4676185350454749,0.0
0.0625,1.466749373043168,0.04266385992563926,0.4673697312764362,0.0
0.06275,1.4664901612127608,0.04298746425470057,0.4671200751870579,0.0
0.063,1.466229990793181,0.04331216568412799,0.46686956802492197,0.0
0.06325,1.46596886234326,0.043637963049576456,0.4666182111166861,0.0
0.0635,1.4657067764135068,0.043964854743556714,0.4663660057697381,0.0
0.06375,1.4654437336585229,0.04429283900496017,0.46611295339279746,0.0
0.064,1.4651797345523399,0.044621914942446494,0.4658590552423503,0.0
0.06425,1.4649147796235216,0.04495208112946614,0.4656043126155507,0.0
0.0645,1.4646488695316453,0.04528333546348051,0.4653487269216925,0.0
0.06475,1.464382004775521,0.04561567680860179,0.46509229944091945,0.0
0.065,1.4641141859253235,0.0459491040862261,0.46483503152884076,0.0
0.06525,1.4638454135390937,0.046283615509580045,0.4645769245089446,0.0
0.0655,1.463575688150648,0.046619209772252646,0.4643179796975221,0.0
0.06575,1.4633050103231877,0.04695588552170449,0.4640581984409198,0.0
0.066,1.4630333806900229,0.04729364114393064,0.46379758214922884,0.0
0.06625,1.4627607997393177,0.047632475072902025,0.4635361320908955,0.0
0.0665,1.4624872680601673,0.04797238611546106,0.46327384964937535,0.0
0.06675,1.4622127862429704,0.04831337232044319,0.46301073618665023,0.0
0.067,1.4619373547985788,0.048655432919616715,0.4627467930260729,0.0
0.06725,1.4616609743636495,0.04899856597892693,0.4624820215803285,0.0
0.0675,1.4613836453192288,0.04934277058082159,0.4622164230424677,0.0
0.06775,1.4611053683784068,0.049688044871388115,0.46194999890808175,0.0
0.068,1.4608261441637076,0.05003438715275621,0.4616827505891823,0.0
0.06825,1.4605459730462744,0.05038179648095564,0.4614146792742766,0.0
0.0685,1.4602648556947049,0.05073027139521713,0.4611457864336841,0.0
0.06875,1.459982792642073,0.05107981018186081,0.4608760733953998,0.0
0.069,1.4596997845442843,0.051430411380856356,0.460605541620815,0.0
0.06925,1.4594158318512385,0.051782073714988996,0.4603341923738782,0.0
0.0695,1.4591309351450121,0.05213479550720734,0.4600620270384872,0.0
0.06975,1.4588450950006155,0.05248857571609733,0.45978904701606105,0.0
0.07,1.4585583119263887,0.05284341240091095,0.4595152536111877,0.0
0.07025,1.4582705865317909,0.053199304952606496,0.4592406482795133,0.0
0.0705,1.4579819194188453,0.053556251072635064,0.4589652324100171,0.0
0.07075,1.4576923110956113,0.053914249609860576,0.4586890073412695,0.0
0.071,1.4574017621239896,0.0542732989153194,0.45841197444935333,0.0
0.07125,1.457110273068574,0.05463339772146014,0.458134135129058,0.0
0.0715,1.4568178444992146,0.05499454488160893,0.457855490787092,0.0
0.07175,1.4565244770435033,0.05535673822051734,0.4575760428510294,0.0
0.072,1.4562301710963865,0.055719976846283714,0.45729579256620445,0.0
0.07225,1.455934927314468,0.0560842594668145,0.4570147414264982,0.0
0.0725,1.4556387463299867,0.05644958391076216,0.45673289086943925,0.0
0.07275,1.4553416285706682,0.05681594968680059,0.4564502421948846,0.0
0.073,1.4550435747458828,0.05718335425945753,0.45616679690674156,0.0
0.07325,1.4547445852391405,0.05755179706339675,0.4558825562619484,0.0
0.0735,1.4544446607691572,0.057921275998680244,0.45559752179413393,0.0
0.07375,1.4541438017090744,0.05829179071922397,0.4553116947630751,0.0
0.074,1.4538420088922575,0.05866333820325309,0.45502507678356663,0.0
0.07425,1.4535392826564681,0.059035918096689954,0.4547376690836733,0.0
0.0745,1.4532356236218593,0.05940952880560957,0.4544494731260067,0.0
0.07475,1.4529310323719482,0.05978416875468895,0.45416049033904926,0.0
0.075,1.4526255094562686,0.06015983645210099,0.45387072212250956,0.0
0.07525,1.452319055417517,0.06053653046869556,0.45358016987368677,0.0
0.0755,1.4520116708353061,0.06091424932733247,0.45328883502662687,0.0
0.07575,1.4517033562799035,0.061292991791709994,0.45299671901801464,0.0
0.076,1.4513941122434701,0.06167275623554502,0.45270382319201596,0.0
0.07625,1.4510839394223591,0.062053541199929896,0.4524101491056045,0.0
0.0765,1.4507728382032425,0.06243534545599516,0.45211569801806806,0.0
0.07675,1.450460809304138,0.06281816721306654,0.45182047149750026,0.0
0.077,1.4501478532189278,0.06320200524283592,0.4515244709140045,0.0
0.07725,1.4498339705216434,0.06358685792720564,0.4512276977027445,0.0
0.0775,1.4495191618083574,0.06397272397928333,0.4509301533371386,0.0
0.07775,1.4492034275001906,0.06435960197381974,0.4506318391116777,0.0
0.078,1.448886768278573,0.06474749039258398,0.4503327565785946,0.0
0.07825,1.4485691846433824,0.0651363879159561,0.4500329071193976,0.0
0.0785,1.4482506772938084,0.06552629261880583,0.44973229228928324,0.0
0.07875,1.447931246636747,0.06591720366428433,0.4494309134022094,0.0
0.079,1.4476108932671519,0.066309119365485,0.44912877192358147,0.0
0.07925,1.4472896177440866,0.0667020384033492,0.44882586930141,0.0
0.0795,1.4469674206826362,0.06709595879472374,0.44852220701083634,0.0
0.07975,1.4466443026324267,0.06749087946713672,0.4482177865052299,0.0
0.08,1.44632026409659,0.06788679939015196,0.4479126091956891,0.0
0.08025,1.445995305643768,0.06828371664979471,0.4476066765193243,0.0
0.0805,1.4456694279110351,0.06868162961681179,0.4472999899963519,0.0
0.08075,1.4453426313455502,0.06908053722375485,0.4469925509856647,0.0
0.081,1.4450149166335304,0.06948043770189116,0.4466843610534592,0.0
0.08125,1.4446862842100447,0.06988133020897891,0.4463754215612219,0.0
0.0815,1.4443567347557327,0.07028321280333927,0.44606573406474226,0.0
0.08175,1.4440262687364882,0.07068608376254559,0.44575529991721274,0.0
0.082,1.4436948867534483,0.07108994232041965,0.44544412065536876,0.0
0.08225,1.4433625893779034,0.07149478672198484,0.445132197739746,0.0
0.0825,1.443029377151948,0.07190061518438284,0.4448195326017128,0.0
0.08275,1.4426952505717399,0.07230742718132888,0.4445061266910011,0.0
0.083,1.4423602103390731,0.07271522044347023,0.4441919815777673,0.0
0.08325,1.442024256959824,0.07312399321416052,0.44387709866321967,0.0
0.0835,1.4416873909394035,0.07353374509431632,0.4435614794186149,0.0
0.08375,1.4413496128588648,0.07394447412124805,0.4432451253135994,0.0
0.084,1.4410109233472888,0.07435617849423437,0.4429280378752338,0.0
0.08425,1.4406713229390498,0.07476885729646199,0.4426102185830969,0.0
0.0845,1.4403308120919522,0.075182508949446,0.4422916688081493,0.0
0.08475,1.4399893914944926,0.07559713197604623,0.4419723901585919,0.0
0.085,1.4396470616191657,0.0760127250694822,0.44165238403756213,0.0
0.08525,1.4393038231272701,0.07642928630536261,0.44133165200585367,0.0
0.0855,1.4389596764430888,0.07684681482582789,0.4410101954455681,0.0
0.08575,1.4386146222952405,0.07726530854116476,0.4406880159790456,0.0
0.086,1.4382686610736517,0.07768476657547296,0.44036511495678776,0.0
0.08625,1.4379217935038238,0.07810518724910054,0.4400414940231654,0.0
0.0865,1.4375740199533684,0.07852656939380154,0.4397171544944678,0.0
0.08675,1.437225341077168,0.07894891123191883,0.4393920979424222,0.0
0.087,1.4368757575433548,0.07937221127497907,0.43906632596919226,0.0
0.08725,1.4365252697621713,0.07979646815110186,0.43873983992752086,0.0
0.0875,1.43617387834359,0.08022168084806935,0.43841264139139113,0.0
0.08775,1.4358215838756827,0.08064784726464325,0.4380847318540364,0.0
0.088,1.4354683868386644,0.08107496660488778,0.437756112775453,0.0
0.08825,1.4351142879448346,0.0815030362051985,0.43742678574391247,0.0
0.0885,1.434759287673847,0.08193205586789531,0.43709675225612576,0.0
0.08875,1.4344033865039627,0.08236202385697311,0.43676601372243407,0.0
0.089,1.434046585094574,0.08279293857702896,0.4364345717433944,0.0
0.08925,1.4336888839063668,0.08322479886018641,0.43610242774740926,0.0
0.0895,1.4333302835876225,0.08365760292395663,0.4357695833163331,0.0
0.08975,1.4329707847665833,0.08409134915916638,0.43543604002336744,0.0
0.09,1.432610387841125,0.08452603658967917,0.4351017992504427,0.0
0.09025,1.4322490935076004,0.08496166355425316,0.43476686263910125,0.0
0.0905,1.4318869022019172,0.08539822853093426,0.4344312315805259,0.0
0.09075,1.43152381459746,0.08583573006341538,0.4340949077084064,0.0
0.091,1.4311598312233986,0.08627416685420997,0.43375789252362096,0.0
0.09125,1.4307949526347041,0.08671353709906526,0.4334201875239432,0.0
0.0915,1.430429179361754,0.08715384002547921,0.4330817942464862,0.0
0.09175,1.430062511973608,0.0875950736250033,0.4327427141938762,0.0
0.092,1.4296949510913013,0.08803723682089526,0.4324029489787491,0.0
0.09225,1.4293264971811457,0.08848032790114502,0.43206250002212476,0.0
0.0925,1.4289571507953713,0.08892434545352046,0.43172136885064427,0.0
0.09275,1.4285869126535289,0.08936928814519263,0.4313795571645278,0.0
0.093,1.428215783161539,0.08981515438242837,0.4310370663363223,0.0
0.09325,1.42784376287851,0.09026194294064283,0.43069389791614143,0.0
0.0935,1.4274708525095825,0.09070965206485937,0.43035005356806355,0.0
0.09375,1.427097052566026,0.09115828026604333,0.43000553478079273,0.0
0.094,1.4267223634917894,0.0916078263954816,0.4296603429991692,0.0
0.09425,1.4263467859298533,0.09205828919454717,0.4293144798615347,0.0
0.0945,1.4259703204560186,0.0925096665435916,0.4289679468852501,0.0
0.09475,1.4255929675863417,0.09296195768573057,0.42862074561739294,0.0
0.095,1.4252147278712393,0.09341516099617309,0.4282728775850333,0.0
0.09525,1.4248356019995327,0.09386927445531512,0.427924344428702,0.0
0.0955,1.4244555903404592,0.09432429739721471,0.42757514756024806,0.0
0.09575,1.4240746936144077,0.09478022772416494,0.42722528864941767,0.0
0.096,1.4236929122825295,0.09523706442524826,0.4268747691804804,0.0
0.09625,1.4233102469992414,0.09569480602630875,0.4265235908015872,0.0
0.0965,1.4229266982483377,0.09615345076939974,0.4261717549730044,0.0
0.09675,1.4225422665932044,0.09661299742082008,0.4258192632710385,0.0
0.097,1.4221569525657998,0.09707344500870363,0.4254661172602805,0.0
0.09725,1.421770756834814,0.09753479132804443,0.42511231855950404,0.0
0.0975,1.42138367986907,0.09799703512933178,0.4247578686542772,0.0
0.09775,1.4209957223455802,0.09846017479762992,0.42440276921438813,0.0
0.098,1.42060688471099,0.09892420904474619,0.4240470217037755,0.0
0.09825,1.4202171675510957,0.09938913683149764,0.4236906277443029,0.0
0.0985,1.4198265713851637,0.09985495636944108,0.42333358884096195,0.0
0.09875,1.4194350969175886,0.10032166615299332,0.4229759067043817,0.0
0.099,1.4190427445520122,0.1007892646628008,0.42261758274561445,0.0
0.09925,1.4186495148100722,0.10125775115592717,0.4222586185500894,0.0
0.0995,1.4182554084022545,0.1017271234718109,0.42189901579264566,0.0
0.09975,1.41786042592212,0.10219737990885847,0.42153877606496937,0.0
0.1,1.4174645677108693,0.10266852013920413,0.4211779008074026,0.0
0.10025,1.4170678345446834,0.10314054175253773,0.42081639174601504,0.0
0.1005,1.4166702268736948,0.10361344314284793,0.42045425034046136,0.0
0.10075,1.4162717453095013,0.10408722378198831,0.4200914782916847,0.0
0.101,1.4158723904332042,0.10456188130483213,0.4197280771376757,0.0
0.10125,1.4154721627117652,0.10503741490781948,0.41936404841831876,0.0
0.1015,1.4150710626880691,0.10551382308294421,0.418999393699208,0.0
0.10175,1.4146690910502393,0.10599110433038561,0.4186341146927508,0.0
0.102,1.4142662482704456,0.10646925699280274,0.41826821288554616,0.0
0.10225,1.4138625349865084,0.10694827981994592,0.4179016899612331,0.0
0.1025,1.4134579516990033,0.10742817087180612,0.41753454741604235,0.0
0.10275,1.4130524990296642,0.10790892921222905,0.4171667869441864,0.0
0.103,1.4126461774410384,0.10839055324468916,0.41679841003279905,0.0
0.10325,1.4122389876420307,0.10887304134067222,0.41642941841341163,0.0
0.1035,1.4118309300183824,0.10935639233565553,0.4160598135323381,0.0
0.10375,1.4114220052081468,0.10984060513262506,0.4156895970945351,0.0
0.104,1.4110122137912615,0.11032567744362609,0.4153187706561061,0.0
0.10425,1.410601556302474,0.1108116084286479,0.4149473358416935,0.0
0.1045,1.410190033306101,0.11129839655997387,0.41457529425360873,0.0
0.10475,1.4097776452969075,0.11178604052690844,0.41420264744327806,0.0
0.105,1.4093643929711064,0.1122745383091086,0.413829397108201,0.0
0.10525,1.408950276794359,0.11276388897711342,0.4134555448036359,0.0
0.1055,1.4085352974152716,0.11325409055948654,0.4130810921858603,0.0
0.10575,1.4081194552976921,0.11374514229730437,0.4127060408252323,0.0
0.106,1.4077027510134688,0.11423704216984021,0.4123303923001169,0.0
0.10625,1.4072851851828467,0.11472978940032164,0.41195414833873456,0.0
0.1065,1.406866758281856,0.11522338185923076,0.41157731041752577,0.0
0.10675,1.4064474709680752,0.115717818506468,0.4111998802835799,0.0
0.107,1.4060273236639738,0.11621309761625298,0.4108218593951689,0.0
0.10725,1.4056063170922197,0.11670921808971002,0.4104432495625854,0.0
0.1075,1.4051844517366519,0.1172061779302993,0.4100640522853789,0.0
0.10775,1.4047617281178848,0.117703976295779,0.409684269196682,0.0
0.108,1.4043381469470102,0.11820261130007026,0.4093039020341631,0.0
0.10825,1.4039137086422198,0.1187020815619988,0.4089229522868534,0.0
0.1085,1.4034884137901003,0.11920238559289942,0.4085414216039549,0.0
0.10875,1.4030622630076426,0.11970352225038283,0.40815931169568853,0.0
0.109,1.4026352567862652,0.1202054896258673,0.4077766240835463,0.0
0.10925,1.4022073957450978,0.12070828669951084,0.40739336049314256,0.0
0.1095,1.401778680327764,0.12121191217735827,0.40700952245361144,0.0
0.10975,1.401349111211557,0.12171636434683819,0.40662511169224946,0.0
0.11,1.4009186888698064,0.12222164181152806,0.4062401297615579,0.0
0.11025,1.400487413999704,0.12272774268237896,0.4058545783954648,0.0
0.1105,1.4000552871063352,0.12323466599961108,0.40546845921864727,0.0
0.11075,1.3996223087430906,0.1237424098449793,0.4050817738215744,0.0
0.111,1.3991884793947396,0.1242509735703905,0.4046945238393127,0.0
0.11125,1.3987537997087731,0.1247603549544678,0.4043067109318019,0.0
0.1115,1.3983182701769792,0.12527055311275603,0.40391833672329924,0.0
0.11175,1.397881891423836,0.12578156635388638,0.40352940290010264,0.0
0.112,1.397444663957776,0.126293393371256,0.40313991106848923,0.0
0.11225,1.3970065883344684,0.12680603283482839,0.40274986288119763,0.0
0.1125,1.3965676652239996,0.12731948223795797,0.40235925999957467,0.0
0.11275,1.3961278950934233,0.12783374147724658,0.40196810410153927,0.0
0.113,1.3956872784804641,0.12834880860655318,0.4015763967700534,0.0
0.11325,1.3952458160611112,0.1288646818387349,0.40118413974089595,0.0
0.1135,1.394803508299585,0.129381359998483,0.4007913345962302,0.0
0.11375,1.3943603558306368,0.12989884180652922,0.4003979830801019,0.0
0.114,1.3939163590507935,0.13041712572995579,0.4000040866772796,0.0
0.11425,1.3934715187163373,0.1309362101943563,0.3996096472279962,0.0
0.1145,1.393025835269496,0.13145609381521695,0.3992146662787066,0.0
0.11475,1.3925793092517136,0.13197677546743591,0.39881914550050457,0.0
0.115,1.3921319412794233,0.13249825359670098,0.3984230866002576,0.0
0.11525,1.391683731973103,0.13302052624831617,0.3980264912518512,0.0
0.1155,1.3912346818337014,0.13354359210396183,0.39762936107143565,0.0
0.11575,1.3907847913838793,0.13406745011459975,0.39723169772408595,0.0
0.116,1.390334061269824,0.1345920982795974,0.39683350290804076,0.0
0.11625,1.3898824920001083,0.13511753575541263,0.39643477829687646,0.0
0.1165,1.3894300840338847,0.13564376101599862,0.3960355254509009,0.0
0.11675,1.3889768381312475,0.13617077248287046,0.3956357462259483,0.0
0.117,1.3885227546398138,0.1366985685334683,0.3952354420640396,0.0
0.11725,1.3880678344296769,0.13722714752756104,0.3948346149263875,0.0
0.1175,1.3876120777898286,0.13775650836274167,0.39443326624994834,0.0
0.11775,1.3871554853351693,0.138286649811441,0.39403139778540175,0.0
0.118,1.3866980576623735,0.13881757016611118,0.3936290112190628,0.0
0.11825,1.3862397953000052,0.1393492681588313,0.39322610821424187,0.0
0.1185,1.3857806989110362,0.13988174162085443,0.39282269047902996,0.0
0.11875,1.385320768964755,0.14041498982152234,0.39241875967385575,0.0
0.119,1.384860005998,0.1409490111587246,0.3920143174405224,0.0
0.11925,1.3843984106271598,0.1414838042706279,0.3916093655253603,0.0
0.1195,1.3839359833221252,0.14201936798824732,0.39120390554999473,0.0
0.11975,1.3834727247253191,0.14255570026278264,0.3907979392191776,0.0
0.12,1.3830086354234208,0.1430927996676843,0.3903914682464391,0.0
0.12025,1.3825437159672642,0.1436306651853414,0.3899844943531403,0.0
0.1205,1.3820779668740695,0.14416929482014496,0.3895770191276551,0.0
0.12075,1.3816113887256805,0.14470868778471413,0.389169044348771,0.0
0.121,1.3811439820957112,0.14524884199992982,0.3887605716542786,0.0
0.12125,1.3806757474991063,0.14578975666874783,0.3883516027583749,0.0
0.1215,1.3802066855505775,0.14633142958857093,0.38794213932856203,0.0
0.12175,1.3797367967739937,0.14687385990693258,0.3875321830848184,0.0
0.122,1.379266081714098,0.14741704578722192,0.38712173566547237,0.0
0.12225,1.378794541027169,0.14796098607830288,0.3867107988934049,0.0
0.1225,1.3783221751834223,0.1485056794412145,0.38629937438803497,0.0
0.12275,1.3778489847680966,0.14905112410555432,0.3858874638381009,0.0
0.123,1.3773749703075246,0.14959731873459248,0.38547506892121075,0.0
0.12325,1.3769001323508192,0.15014426221773647,0.3850621913634824,0.0
0.1235,1.3764244715755058,0.15069195247959044,0.3846488329154154,0.0
0.12375,1.3759479884001014,0.15124038834819942,0.38423499516881154,0.0
0.124,1.3754706835636856,0.15178956813962685,0.38382067997958713,0.0
0.12425,1.374992557441912,0.15233949132535685,0.38340588897037664,0.0
0.1245,1.3745136106566989,0.15289015541548423,0.3829906237944949,0.0
0.12475,1.3740338438718567,0.15344155907754953,0.38257488627467073,0.0
0.125,1.3735532574304923,0.1539937017934534,0.38215867800696723,0.0
0.12525,1.3730718521348688,0.15454658102103025,0.3817420008201129,0.0
0.1255,1.3725896283786767,0.15510019568501576,0.3813248563007343,0.0
0.12575,1.3721065867696574,0.15565454493554398,0.3809072462753502,0.0
0.126,1.37162272785576,0.1562096266434807,0.3804891723684658,0.0
0.12625,1.3711380522287797,0.15676543940105603,0.38007063633001703,0.0
0.1265,1.3706525604547988,0.15732198190073632,0.37965163989699646,0.0
0.12675,1.3701662531509484,0.15787925238922895,0.37923218480743515,0.0
0.127,1.3696791307166851,0.15843724979852425,0.37881227266242967,0.0
0.12725,1.369191193811309,0.15899597294029633,0.3783919053091067,0.0
0.1275,1.3687024429406485,0.1595554199468765,0.37797108436502524,0.0
0.12775,1.3682128787892953,0.16011558922546243,0.3775498116576068,0.0
0.128,1.3677225018059413,0.16067647963477327,0.3771280888334705,0.0
0.12825,1.3672313125799143,0.16123808966327147,0.37670591763718964,0.0
0.1285,1.3667393116670237,0.16180041799263734,0.3762832998037293,0.0
0.12875,1.3662464996297725,0.16236346284707537,0.37586023702202387,0.0
0.129,1.3657528770384282,0.1629272227991052,0.3754367310304656,0.0
0.12925,1.3652584445289975,0.16349169631802596,0.37501278362155,0.0
0.1295,1.3647632025189296,0.16405688258205942,0.3745883964562877,0.0
0.12975,1.364267151647951,0.1646227797841604,0.37416357130054845,0.0
0.13,1.3637702924582005,0.16518938634677482,0.37373830985131584,0.0
0.13025,1.3632726255084169,0.16575670104512596,0.37331261386545767,0.0
0.1305,1.3627741513972733,0.16632472229477457,0.3728864850973632,0.0
0.13075,1.3622748706513352,0.1668934483723632,0.3724599252137495,0.0
0.131,1.361774783786009,0.16746287850315866,0.3720329359865948,0.0
0.13125,1.3612738914712885,0.16803301058349973,0.37160551918076656,0.0
0.1315,1.36077219417818,0.1686038433028827,0.3711776764610053,0.0
0.13175,1.3602696925679822,0.16917537547688255,0.3707494096977526,0.0
0.132,1.3597663870182544,0.1697476057336189,0.3703207204581609,0.0
0.13225,1.3592622782569173,0.17032053241743483,0.3698916106229513,0.0
0.1325,1.3587573667087192,0.1708941541815534,0.3694620818111911,0.0
0.13275,1.358251653142494,0.1714684690829955,0.3690321359098858,0.0
0.133,1.3577451379619756,0.1720434761923002,0.3686017745713013,0.0
0.13325,1.3572378216927063,0.17261917404720606,0.3681709995033158,0.0
0.1335,1.3567297050211362,0.17319556130801317,0.36773981258993005,0.0
0.13375,1.3562207883640642,0.17377263622923067,0.367308215397282,0.0
0.134,1.3557110724643344,0.1743503971263749,0.3668762098231575,0.0
0.13425,1.3552005576897432,0.1749288433247571,0.36644379752316514,0.0
0.1345,1.3546892447793226,0.175507972668278,0.366010980333211,0.0
0.13475,1.3541771341367141,0.17608778432138905,0.36557775992652286,0.0
0.135,1.3536642264527377,0.1766682760852163,0.36514413808682145,0.0
0.13525,1.3531505221908233,0.17724944718855795,0.3647101165573394,0.0
0.1355,1.3526360219794462,0.1778312955242214,0.3642756970730674,0.0
0.13575,1.3521207262761301,0.17841382083334167,0.36384088144102855,0.0
0.136,1.351604635825721,0.17899702012910268,0.36340567139816393,0.0
0.13625,1.3510877509877375,0.179580892956821,0.36297006863110215,0.0
0.1365,1.3505700724824763,0.1801654376784967,0.3625340750304946,0.0
0.13675,1.3500516007020025,0.18075065302174664,0.3620976922107413,0.0
0.137,1.349532336423099,0.1813365369067128,0.36166092206132894,0.0
0.13725,1.3490122799334578,0.1819230887753136,0.36122376619012075,0.0
0.1375,1.348491432157287,0.18251030626335307,0.36078622659621074,0.0
0.13775,1.34796979338158,0.18309818799671973,0.36034830477964763,0.0
0.138,1.34744736418725,0.18368673354843423,0.35991000266078665,0.0
0.13825,1.3469241452011467,0.1842759406368657,0.3594713219569736,0.0
0.1385,1.3464001370489083,0.18486580765582517,0.3590322644755566,0.0
0.13875,1.3458753400901013,0.18545633373684467,0.3585928318616134,0.0
0.139,1.3453497550819833,0.1860475170886886,0.35815302602984267,0.0
0.13925,1.3448233824743614,0.18663935628480743,0.3577128486407535,0.0
0.1395,1.3442962228061681,0.1872318505895194,0.35727230153941725,0.0
0.13975,1.343768276653389,0.18782499787759122,0.3568313864175372,0.0
0.14,1.3432395447306948,0.18841879651790805,0.3563901051723952,0.0
0.14025,1.342710027421596,0.1890132450097184,0.35594845939202524,0.0
0.1405,1.3421797253416425,0.1896083424280235,0.3555064509756012,0.0
0.14075,1.3416486391443687,0.19020408673257805,0.3550640817052566,0.0
0.141,1.3411167693008288,0.19080047717468318,0.3546213533640976,0.0
0.14125,1.3405841163028587,0.19139751174794384,0.354178267580314,0.0
0.1415,1.3400506808018537,0.19199518931367976,0.3537348262629234,0.0
0.14175,1.3395164633681738,0.19259350859727675,0.35329103122284433,0.0
0.142,1.3389814645396356,0.19319246729516237,0.3528468840930594,0.0
0.14225,1.3384456848328092,0.19379206509863423,0.3524023867705799,0.0
0.1425,1.337909124764682,0.19439230004388008,0.3519575409179636,0.0
0.14275,1.337371785107342,0.19499317055910836,0.3515123485066245,0.0
0.143,1.3368336662847469,0.19559467517276374,0.3510668111785802,0.0
0.14325,1.3362947687500988,0.19619681281553625,0.3506209306640611,0.0
0.1435,1.3357550932643267,0.19679958159558453,0.35017470887947955,0.0
0.14375,1.3352146403129908,0.19740298021988423,0.34972814755632964,0.0
0.144,1.3346734104138687,0.1980070074688598,0.34928124846992525,0.0
0.14425,1.3341314041893924,0.19861166124759677,0.3488340133715082,0.0
0.1445,1.3335886222106197,0.19921694077950036,0.34838644415581466,0.0
0.14475,1.333045065004626,0.19982284424767016,0.3479385425220305,0.0
0.145,1.3325007329823997,0.20042937091419333,0.347490310215139,0.0
0.14525,1.331955626959683,0.20103651824117463,0.347041749113997,0.0
0.1455,1.3314097473841926,0.20164428552045877,0.34659286100613795,0.0
0.14575,1.3308630948570652,0.2022526711203696,0.34614364769435,0.0
0.146,1.3303156698228555,0.20286167358776197,0.3456941108539713,0.0
0.14625,1.3297674729330513,0.2034712913800405,0.3452442523521946,0.0
0.1465,1.3292185047561542,0.20408152332858975,0.34479407403152407,0.0
0.14675,1.328668765779165,0.204692367408974,0.34434357752496436,0.0
0.147,1.3281182566682617,0.20530382320723106,0.3438927648882737,0.0
0.14725,1.327566977992877,0.20591588789350368,0.34344163771416203,0.0
0.1475,1.327014930220205,0.20652856082509174,0.3429901978286436,0.0
0.14775,1.3264621138363637,0.20714184094477162,0.3425384470149162,0.0
0.148,1.3259085296205075,0.20775572604567571,0.34208638716931405,0.0
0.14825,1.3253541779623301,0.20837021520094368,0.34163402000139054,0.0
0.1485,1.3247990595112284,0.20898530637944646,0.3411813473070473,0.0
0.14875,1.324243174781028,0.20960099899594553,0.3407283709738653,0.0
0.149,1.323686524292901,0.21021729110523069,0.3402750926859166,0.0
0.14925,1.3231291087735606,0.21083418078700333,0.3398215143339218,0.0
0.1495,1.322570928650869,0.21145166709655427,0.3393676376672441,0.0
0.14975,1.322011984459854,0.2120697490904746,0.3389134645430891,0.0
0.15,1.3214522768351262,0.21268842429391555,0.33845899667541834,0.0
0.15025,1.3208918063322628,0.21330769186147336,0.3380042359585329,0.0
0.1505,1.3203305734876842,0.21392755047296674,0.3375491841938676,0.0
0.15075,1.319768578818426,0.2145479981898788,0.33709384306550905,0.0
0.151,1.3192058229340873,0.2151690340656387,0.33663821450830245,0.0
0.15125,1.3186423064926647,0.21579065626047367,0.33618230036234964,0.0
0.1515,1.3180780298347567,0.2164128637456173,0.335726102285814,0.0
0.15175,1.317512993748771,0.21703565427142735,0.3352696221819307,0.0
0.152,1.3169471985774894,0.21765902731794284,0.33481286179527436,0.0
0.15225,1.3163806451340534,0.21828298072980346,0.33435582306963174,0.0
0.1525,1.3158133338060178,0.21890751338079895,0.3338985076969956,0.0
0.15275,1.315245265183501,0.21953262401992646,0.3334409175500399,0.0
0.153,1.3146764397808415,0.2201583109913372,0.33298305436092734,0.0
0.15325,1.3141068582468787,0.22078457267117102,0.3325249200000253,0.0
0.1535,1.3135365210930665,0.22141140807584492,0.33206651630892825,0.0
0.15375,1.3129654288986927,0.22203881521793534,0.3316078450304025,0.0
0.154,1.31239358221287,0.22266679315979587,0.33114890805258757,0.0
0.15425,1.3118209816002881,0.2232953401295319,0.3306897071407393,0.0
0.1545,1.3112476275351153,0.22392445496578262,0.33023024407363066,0.0
0.15475,1.310673520716076,0.2245541359412897,0.32977052075710156,0.0
0.155,1.3100986617542105,0.22518438154785514,0.32931053904769114,0.0
0.15525,1.3095230510532527,0.22581519027413322,0.3288503005976118,0.0
0.1555,1.3089466891709183,0.22644656115904382,0.3283898073051694,0.0
0.15575,1.3083695767854273,0.2270784924385083,0.32792906105176556,0.0
0.156,1.3077917143724367,0.22771098266551348,0.3274680635735425,0.0
0.15625,1.307213102558098,0.2283440303532558,0.32700681674870724,0.0
0.1565,1.3066337418125347,0.22897763437496366,0.32654532236444145,0.0
0.15675,1.3060536327383723,0.22961179271382548,0.32608358218566136,0.0
0.157,1.3054727759460008,0.2302465043284272,0.32562159815371805,0.0
0.15725,1.3048911719313008,0.230881767733635,0.32515937202136236,0.0
0.1575,1.3043088213364626,0.23151758123231758,0.32469690564890175,0.0
0.15775,1.3037257246657816,0.23215394352196483,0.3242342008300938,0.0
0.158,1.3031418825052867,0.23279085353809847,0.3237712594819464,0.0
0.15825,1.3025572953418383,0.2334283091525151,0.3233080832376287,0.0
0.1585,1.301971963772809,0.23406630952594298,0.3228446740662787,0.0
0.15875,1.301385888370465,0.23470485321584533,0.322381033807146,0.0
0.159,1.3007990696166463,0.23534393826677302,0.3219171641197671,0.0
0.15925,1.3002115082671697,0.2359835633286096,0.3214530670408451,0.0
0.1595,1.299623204749805,0.2366237273136349,0.3209887443320443,0.0
0.15975,1.2990341596365855,0.2372644285299188,0.32052419778978636,0.0
0.16,1.2984443734794162,0.2379056655042362,0.3200594292301264,0.0
0.16025,1.2978538468471683,0.23854743704267634,0.3195944405367972,0.0
0.1605,1.2972625802912336,0.2391897413659123,0.3191292334712932,0.0
0.16075,1.296670574412472,0.2398325769837868,0.31866380989615917,0.0
0.161,1.2960778297711553,0.2404759426765466,0.31819817168378806,0.0
0.16125,1.295484346841544,0.24111983726199782,0.3177323206299201,0.0
0.1615,1.2948901263685766,0.2417642585342037,0.3172662586096333,0.0
0.16175,1.2942951687297644,0.24240920575189762,0.31679998740525317,0.0
0.162,1.293699474493284,0.24305467738196995,0.3163335088424408,0.0
0.16225,1.2931030442774745,0.24370067159376418,0.3158668247413656,0.0
0.1625,1.292505878684544,0.24434718745855832,0.3153999370735172,0.0
0.16275,1.2919079783003333,0.24499422276409177,0.3149328475568005,0.0
0.163,1.2913093434973817,0.24564177687491906,0.314465557993022,0.0
0.16325,1.2907099749765045,0.24628984791035435,0.31399807027543014,0.0
0.1635,1.2901098732369771,0.24693843466886278,0.31353038622646157,0.0
0.16375,1.2895090389415387,0.24758753550817403,0.3130625077470386,0.0
0.164,1.288907472539206,0.24823714893199877,0.3125944365558204,0.0
0.16425,1.2883051746813745,0.24888727375238062,0.31212617462906334,0.0
0.1645,1.2877021458543947,0.2495379080990503,0.3116577236521969,0.0
0.16475,1.2870983866315555,0.25018905102710676,0.3111890855720991,0.0
0.165,1.2864938976798737,0.2508407004866413,0.3107202622177556,0.0
0.16525,1.2858886793753275,0.2514928559333285,0.31025125542054943,0.0
0.1655,1.2852827324233829,0.25214551482667247,0.3097820669534779,0.0
0.16575,1.2846760573296834,0.25279867674285583,0.3093126988000532,0.0
0.166,1.284068654594945,0.25345233956539204,0.30884315261395745,0.0
0.16625,1.2834605249266318,0.254106502184797,0.30837343044619225,0.0
0.1665,1.2828516688313183,0.25476116284201566,0.30790353402531734,0.0
0.16675,1.2822420868693687,0.25541631972367895,0.3074334651217636,0.0
0.167,1.2816317795848757,0.25607197222633005,0.3069632257266377,0.0
0.16725,1.2810207473859432,0.2567281191794919,0.306492817588631,0.0
0.1675,1.2804089910849221,0.2573847578935258,0.30602224255447386,0.0
0.16775,1.2797965110933553,0.25804188804242756,0.30555150254259433,0.0
0.168,1.2791833080105697,0.25869950746526627,0.30508059929478515,0.0
0.16825,1.2785693823962312,0.2593576152234647,0.3046095347556994,0.0
0.1685,1.2779547348283717,0.26001620936641956,0.3041383106877642,0.0
0.16875,1.277339365855454,0.26067528894513714,0.30366692902391446,0.0
0.169,1.2767232760264058,0.26133485196233863,0.30319539148884944,0.0
0.16925,1.2761064659130756,0.2619948977063231,0.3027237000873617,0.0
0.1695,1.275488936023896,0.26265542395274366,0.30225185645909747,0.0
0.16975,1.2748706871242614,0.2633164296627868,0.30177986273372803,0.0
0.17,1.274251719535382,0.2639779131173796,0.30130772046917653,0.0
0.17025,1.2736320338980072,0.264639873180073,0.30083543165457316,0.0
0.1705,1.273011630822527,0.26530230820766576,0.30036299814695777,0.0
0.17075,1.2723905108981768,0.26596521667969597,0.2998904218076235,0.0
0.171,1.2717686744790377,0.26662859757649926,0.29941770437060744,0.0
0.17125,1.271146122331805,0.26729244903395255,0.29894484780138075,0.0
0.1715,1.2705228550085206,0.267956769488066,0.29847185391655007,0.0
0.17175,1.2698988729264489,0.2686215578792073,0.29799872450527354,0.0
0.172,1.2692741768006783,0.26928681284218925,0.29752546158591575,0.0
0.17225,1.2686487669748292,0.2699525331009056,0.29705206683245766,0.0
0.1725,1.2680226442129925,0.2706187165295759,0.29657854215354984,0.0
0.17275,1.2673958091011972,0.27128536173232476,0.2961048894350782,0.0
0.173,1.2667682620130503,0.27195246776946647,0.29563111045137647,0.0
0.17325,1.2661400036648036,0.27262003296171855,0.29515720715763205,0.0
0.1735,1.2655110345635414,0.2732880557062316,0.2946831813203481,0.0
0.17375,1.2648813552853895,0.27395653463651826,0.29420903482345295,0.0
0.174,1.2642509663614234,0.27462546830557955,0.2937347694901966,0.0
0.17425,1.2636198683989637,0.2752948554428798,0.2932603872561512,0.0
0.1745,1.262988061802675,0.27596469478552166,0.2927858898611724,0.0
0.17475,1.2623555473499906,0.27663498442548473,0.2923112792719029,0.0
0.175,1.2617223254871863,0.2773057229324962,0.2918365572331152,0.0
0.17525,1.2610883968841602,0.2779769090157629,0.2913617257383072,0.0
0.1755,1.2604537618233955,0.27864854158700325,0.290886786446942,0.0
0.17575,1.259818421166571,0.27932061857510604,0.2904117413724241,0.0
0.176,1.259182375324487,0.27999313912201984,0.2899365923498798,0.0
0.17625,1.2585456249125535,0.2806661012252505,0.28946134116673394,0.0
0.1765,1.2579081705374886,0.28133950309784694,0.28898598964779865,0.0
0.17675,1.257270012657747,0.28201334457020266,0.2885105398265406,0.0
0.177,1.2566311518746982,0.28268762301386374,0.28803499333952853,0.0
0.17725,1.255991588747639,0.28336233770244235,0.2875593521981856,0.0
0.1775,1.2553513237643124,0.28403748712849364,0.2870836181736913,0.0
0.17775,1.2547103577579914,0.2847130689380464,0.28660779318691665,0.0
0.178,1.2540686909774976,0.28538908282499875,0.28613187904106807,0.0
0.17825,1.2534263240847352,0.2860655268121519,0.2856558775733442,0.0
0.1785,1.2527832576883728,0.2867423995860179,0.28517979071592925,0.0
0.17875,1.2521394923138605,0.2874196997408802,0.28470362029969776,0.0
0.179,1.2514950284824629,0.28809742552362394,0.2842273680737615,0.0
0.17925,1.250849866800758,0.28877557608735316,0.28375103607360574,0.0
0.1795,1.2502040077612318,0.289454149902312,0.2832746260710979,0.0
0.17975,1.2495574520995696,0.2901331444782116,0.2827981398577031,0.0
0.18,1.2489102002673,0.2908125592167963,0.28232157937466296,0.0
0.18025,1.2482622527944276,0.29149239275214,0.2818449464673125,0.0
0.1805,1.2476136102118875,0.2921726437858254,0.281368242997593,0.0
0.18075,1.246964273149736,0.2928533101719779,0.28089147073065246,0.0
0.181,1.2463142421792632,0.29353439099006096,0.28041463165365976,0.0
0.18125,1.2456635178407502,0.2942158845684162,0.27993772755230895,0.0
0.1815,1.2450121007491415,0.2948977893830502,0.2794607603185024,0.0
0.18175,1.2443599913877659,0.29558010417031255,0.27898373177609015,0.0
0.182,1.2437071902705892,0.29626282773778456,0.27850664379578083,0.0
0.18225,1.2430536980565385,0.2969459581874929,0.2780294982260483,0.0
0.1825,1.2423995153274578,0.2976294941419724,0.2775522969605231,0.0
0.18275,1.241744642566628,0.2983134343375866,0.27707504182377973,0.0
0.183,1.2410890803480363,0.2989977770098733,0.27659773461180026,0.0
0.18325,1.2404328292073608,0.29968252147354946,0.27612037733597905,0.0
0.1835,1.2397758897524795,0.300367665596319,0.27564297173908914,0.0
0.18375,1.239118262527393,0.3010532079114583,0.2751655196572267,0.0
0.184,1.2384599481414682,0.3017391472166935,0.2746880230525528,0.0
0.18425,1.2378009471111344,0.30242548185784557,0.2742104836902619,0.0
0.1845,1.2371412600108442,0.30311221050190795,0.27373290346782375,0.0
0.18475,1.2364808873654418,0.3037993318718435,0.27325528424813883,0.0
0.185,1.235819829707351,0.3044868445059521,0.2727776278577094,0.0
0.18525,1.2351580876499835,0.30517474696057434,0.2722999362059304,0.0
0.1855,1.2344956618466405,0.3058630373461,0.27182221113359883,0.0
0.18575,1.2338325526938494,0.3065517146713219,0.27134445444771127,0.0
0.186,1.2331687608681126,0.3072407770899659,0.2708666680214107,0.0
0.18625,1.232504286839088,0.30793022349310917,0.27038885370474075,0.0
0.1865,1.231839131294855,0.30862005242035195,0.2699110134750402,0.0
0.18675,1.2311732946930292,0.3093102619502872,0.2694331489736055,0.0
0.187,1.2305067775589684,0.31000085148595957,0.2689552622297511,0.0
0.18725,1.2298395805745201,0.31069181890399733,0.2684773550527364,0.0
0.1875,1.2291717042245462,0.311383163014213,0.26799942928812515,0.0
0.18775,1.2285031490903329,0.3120748825258133,0.2675214868507614,0.0
0.188,1.2278339157459595,0.31276697543091103,0.2670435294717606,0.0
0.18825,1.227164004655739,0.31345944103919976,0.2665655591004037,0.0
0.1885,1.2264934164893848,0.3141522772527807,0.26608757753755397,0.0
0.18875,1.2258221517664882,0.3148454830146221,0.2656095866957291,0.0
0.189,1.2251502110813526,0.31553905670253357,0.2651315884197214,0.0
0.18925,1.2244775949192128,0.31623299717616504,0.2646535845685807,0.0
0.1895,1.2238043039118907,0.3169273027101198,0.26417557699726957,0.0
0.18975,1.223130338632025,0.3176219714640638,0.26369756747364614,0.0
0.19,1.222455699621987,0.31831700251579065,0.2632195579664367,0.0
0.19025,1.221780387359063,0.319012394287185,0.2627415502168702,0.0
0.1905,1.2211044025830269,0.3197081452378825,0.2622635462291929,0.0
0.19075,1.2204277456147192,0.32040425438839293,0.26178554774430984,0.0
0.191,1.219750417190383,0.32110071990136646,0.2613075566876182,0.0
0.19125,1.2190724178354202,0.321797540284976,0.2608295748674989,0.0
0.1915,1.2183937480600324,0.3224947144275063,0.26035160417458614,0.0
0.19175,1.2177144084446674,0.32319224042745276,0.25987364636548493,0.0
0.192,1.2170343996145458,0.32389011705817694,0.259395703412195,0.0
0.19225,1.216353722123804,0.3245883428523939,0.25891777715627473,0.0
0.1925,1.2156723764360091,0.32528691627439343,0.2584398693338026,0.0
0.19275,1.2149903631788934,0.32598583616727694,0.25796198193715614,0.0
0.193,1.2143076829366244,0.32668510067006906,0.2574841167341744,0.0
0.19325,1.2136243362326535,0.32738470847393586,0.25700627557650346,0.0
0.1935,1.2129403235574205,0.3280846587087396,0.2565284603985738,0.0
0.19375,1.212255645556743,0.3287849493630617,0.2560506729873071,0.0
0.194,1.2115703028704399,0.3294855786906723,0.25557291519158554,0.0
0.19425,1.210884295894946,0.33018654572472883,0.2550951888293682,0.0
0.1945,1.2101976252545512,0.3308878492233447,0.25461749586693005,0.0
0.19475,1.209510291512597,0.3315894872362861,0.254139838024656,0.0
0.195,1.2088222952914673,0.33229145842942387,0.2536622172415044,0.0
0.19525,1.208133637146366,0.33299376122520385,0.25318463532689983,0.0
0.1955,1.2074443175522998,0.33369639437801624,0.252707094100703,0.0
0.19575,1.20675433710492,0.33439935658851283,0.25222959548492807,0.0
0.196,1.20606369631796,0.3351026464584095,0.2517521412961794,0.0
0.19625,1.20537239588689,0.3358062619589859,0.2512747333567351,0.0
0.1965,1.2046804362720707,0.3365102020400954,0.25079737352367837,0.0
0.19675,1.2039878181260129,0.33721446502858754,0.2503200636718399,0.0
0.197,1.2032945418062848,0.3379190500085798,0.24984280559576688,0.0
0.19725,1.2026006080057527,0.33862395536773704,0.2493656012251566,0.0
0.1975,1.2019060173468006,0.3393291792649862,0.24888845235877533,0.0
0.19775,1.2012107702855594,0.3400347205092089,0.24841136081093196,0.0
0.198,1.200514867494114,0.34074057756543397,0.24793432851013253,0.0
0.19825,1.1998183093435593,0.34144674932399965,0.24745735721104434,0.0
0.1985,1.1991210965359222,0.3421532340799587,0.24698044882383274,0.0
0.19875,1.198423229630869,0.34286003042331004,0.2465036052016678,0.0
0.199,1.1977247091212586,0.3435671369053708,0.24602682812247556,0.0
0.19925,1.1970255356889385,0.34427455155117315,0.24555011939991855,0.0
0.1995,1.1963257098038476,0.34498227371931733,0.24507348101155446,0.0
0.19975,1.1956252320601486,0.3456903015157309,0.24459691470809997,0.0
0.2,1.1949241029545608,0.3463986335986604,0.2441204222987341,0.0
0.20025,1.194222323080922,0.3471072689869459,0.24364400578637047,0.0
0.2005,1.193519893048041,0.3478162053069056,0.2431676667994156,0.0
0.20075,1.1928168133275303,0.34852544186674095,0.2426914073032176,0.0
0.201,1.1921130845493053,0.34923497695760375,0.24221522913069982,0.0
0.20125,1.1914087072471862,0.3499448091460593,0.2417391340988988,0.0
0.2015,1.1907036819206773,0.350654937368752,0.2412631240959915,0.0
0.20175,1.1899980093343832,0.351365359192485,0.24078720087703154,0.0
0.202,1.189291689867071,0.352076073772416,0.24031136627456284,0.0
0.20225,1.1885847241145324,0.3527870795311685,0.23983562212196108,0.0
0.2025,1.1878771127720977,0.35349837533490813,0.2393599704735483,0.0
0.20275,1.187168856158328,0.3542099591203254,0.23888441275701555,0.0
0.203,1.186459955027086,0.35492183032710756,0.23840895124575834,0.0
0.20325,1.1857504098727194,0.3556339865994218,0.23793358745044135,0.0
0.2035,1.1850402211733009,0.3563464273408741,0.23745832336974915,0.0
0.20375,1.184329389570511,0.35705915053688386,0.23698316075142278,0.0
0.204,1.183617915589286,0.3577721551149793,0.2365081015017827,0.0
0.20425,1.1829057999002703,0.3584854394678487,0.2360331475118922,0.0
0.2045,1.1821930429452738,0.359199001867303,0.235558300417537,0.0
0.20475,1.1814796453522138,0.35991284076033025,0.2350835620822438,0.0
0.205,1.180765607645192,0.36062695552617186,0.23460893454153942,0.0
0.20525,1.1800509303576074,0.3613413441355604,0.23413441942907842,0.0
0.2055,1.1793356141788394,0.3620560050129811,0.23366001865852004,0.0
0.20575,1.1786196595029512,0.36277093709061603,0.23318573400946252,0.0
0.206,1.1779030670258788,0.36348613842287136,0.23271156729161202,0.0
0.20625,1.1771858371216464,0.3642016084849544,0.232237520424865,0.0
0.2065,1.176467970556299,0.36491734508561535,0.23176359521183731,0.0
0.20675,1.1757494678587257,0.3656333466898829,0.23128979342059064,0.0
0.207,1.1750303294295463,0.3663496122059442,0.23081611682767367,0.0
0.20725,1.1743105560624212,0.3670661401222617,0.23034256745992843,0.0
0.2075,1.1735901481417432,0.36778292893176,0.22986914695384675,0.0
0.20775,1.172869106266326,0.36849997719338035,0.22939585716948452,0.0
0.208,1.172147431015782,0.36921728335727266,0.22892269991510128,0.0
0.20825,1.1714251230187713,0.3699348460457941,0.22844967709648922,0.0
0.2085,1.1707021826840034,0.3706526642431953,0.22797679051831787,0.0
0.20875,1.16997861069221,0.37137073564144174,0.227504041854095,0.0
0.209,1.1692544075958988,0.37208905953069404,0.22703143313644292,0.0
0.20925,1.168529573864868,0.37280763392519845,0.2265589659326268,0.0
0.2095,1.1678041101332184,0.3735264579313835,0.22608664229686615,0.0
0.20975,1.1670780170203603,0.37424552984003157,0.22561446402097518,0.0
0.21,1.166351294910081,0.37496484820579923,0.2251424327515641,0.0
0.21025,1.165623944617428,0.37568441117795004,0.2246705504206492,0.0
0.2105,1.164895966425675,0.3764042179806282,0.2241988187824786,0.0
0.21075,1.1641673610846404,0.37712426684919365,0.2237272397316803,0.0
0.211,1.163438129047293,0.37784455660238336,0.2232558150587789,0.0
0.21125,1.1627082709227672,0.3785650854939675,0.22278454652782798,0.0
0.2115,1.161977787233491,0.3792858521741991,0.22231343594167718,0.0
0.21175,1.1612466786323932,0.380006854870814,0.221842485095183,0.0
0.212,1.1605149456523627,0.3807280927873151,0.22137169597136674,0.0
0.21225,1.1597825887620825,0.3814495638206026,0.22090107008496207,0.0
0.2125,1.15904960864842,0.3821712670428852,0.2204306095232207,0.0
0.21275,1.158316005805398,0.3828932004877501,0.21996031586471032,0.0
0.213,1.157581780879669,0.3836153626449601,0.21949019097398637,0.0
0.21325,1.1568469343151815,0.38433775290640426,0.21902023680641913,0.0
0.2135,1.1561114665860597,0.38506036939046595,0.2185504549450925,0.0
0.21375,1.1553753784618799,0.38578321079147315,0.2180808474335807,0.0
0.214,1.154638670407838,0.3865062749843844,0.21761141576591858,0.0
0.21425,1.1539013430325582,0.38722956131272923,0.21714216203646086,0.0
0.2145,1.1531633968158346,0.38795306779726957,0.21667308779686034,0.0
0.21475,1.1524248323751234,0.38867679363722374,0.21620419510333222,0.0
0.215,1.1516856502820403,0.3894007365342347,0.21573548548973864,0.0
0.21525,1.150945851064174,0.3901248957842256,0.21526696095651698,0.0
0.2155,1.1502054352418583,0.3908492696513832,0.21479862316637988,0.0
0.21575,1.1494644034548678,0.39157385683989077,0.21433047403510486,0.0
0.216,1.1487227562820692,0.3922986549745744,0.21386251507126386,0.0
0.21625,1.147980494250028,0.39302366362046115,0.21339474835858252,0.0
0.2165,1.1472376178542074,0.39374888134634745,0.21292717562980523,0.0
0.21675,1.1464941277062053,0.39447430637104475,0.21245979861260955,0.0
0.217,1.1457500243822398,0.39519993726334945,0.21199261911319356,0.0
0.21725,1.145005308413479,0.39592577272335205,0.2115256389369684,0.0
0.2175,1.1442599803832074,0.39665181126461846,0.21105885987679418,0.0
0.21775,1.14351404076276,0.3973780516179275,0.21059228368977934,0.0
0.218,1.1427674903142737,0.3981044915923988,0.21012591210387122,0.0
0.21825,1.1420203294277673,0.39883113036829343,0.20965974694422118,0.0
0.2185,1.1412725586600736,0.3995579669372944,0.20919379013191053,0.0
0.21875,1.1405241786285085,0.4002849989837429,0.2087280432122227,0.0
0.219,1.1397751899524824,0.40101222523748703,0.20826250807559954,0.0
0.21925,1.139025593147494,0.4017396443123289,0.20779718647511225,0.0
0.2195,1.1382753887359716,0.40246725499315517,0.2073320802263776,0.0
0.21975,1.1375245773019902,0.4031950555514072,0.20686719103104867,0.0
0.22,1.136773159399871,0.403923044769563,0.2064025207317326,0.0
0.22025,1.1360211356063896,0.4046512211429558,0.20593807109524342,0.0
0.2205,1.1352685064041772,0.40537958335978175,0.2054738438631183,0.0
0.22075,1.1345152724895868,0.40610812949211805,0.20500984076965456,0.0
0.221,1.133761434357801,0.4068368582279689,0.20454606356496918,0.0
0.22125,1.1330069925224606,0.4075657685887748,0.20408251412855827,0.0
0.2215,1.1322519477132076,0.4082948584454016,0.20361919415291085,0.0
0.22175,1.131496300232934,0.4090241271209294,0.20315610541934914,0.0
0.222,1.1307400509008243,0.4097535723971433,0.20269324967067948,0.0
0.22225,1.1299832001183816,0.41048319331668637,0.20223062868371589,0.0
0.2225,1.1292257484178894,0.4112129884156275,0.20176824418506478,0.0
0.22275,1.128467696449487,0.41194295616122645,0.2013060979870458,0.0
0.223,1.127709044798646,0.41267309494077864,0.20084419181202495,0.0
0.22325,1.1269497938940187,0.41340340355534977,0.20038252737571893,0.0
0.2235,1.1261899444377246,0.41413388058620626,0.19992110657410933,0.0
0.22375,1.1254294969660439,0.4148645241943143,0.1994599310007057,0.0
0.224,1.1246684519553316,0.41559533322556774,0.19899900242763868,0.0
0.22425,1.1239068100412695,0.41632630621417377,0.19853832266769023,0.0
0.2245,1.123144571726339,0.41705744185836124,0.19807789346426974,0.0
0.22475,1.1223817376276717,0.41778873847085407,0.1976177165327755,0.0
0.225,1.1216183081907047,0.418520195052821,0.19715779366616082,0.0
0.22525,1.1208542841317826,0.4192518094981921,0.19669812652317598,0.0
0.2255,1.1200896659515287,0.4199835806718184,0.19623871689781414,0.0
0.22575,1.1193244541932899,0.42071550700470084,0.1957795664708979,0.0
0.226,1.1185586494585316,0.4214475874063268,0.1953206771444671,0.0
0.22625,1.117792252299946,0.42217981976969554,0.19486205041525984,0.0
0.2265,1.1170252632925433,0.42291220323563294,0.1944036882391953,0.0
0.22675,1.1162576829047737,0.42364473625224974,0.19394559222695418,0.0
0.227,1.1154895117481427,0.42437741739503565,0.19348776416643254,0.0
0.22725,1.1147207503288996,0.42511024518667284,0.1930302057267863,0.0
0.2275,1.1139513993408858,0.42584321790826607,0.19257291866450865,0.0
0.22775,1.113181459253342,0.42657633446577137,0.1921159047473755,0.0
0.228,1.1124109307360293,0.42730959286488,0.1916591656070743,0.0
0.22825,1.1116398141966783,0.42804299254192557,0.1912027031414394,0.0
0.2285,1.1108681102062548,0.42877653137632876,0.19074651884115612,0.0
0.22875,1.1100958194142478,0.42951020850724575,0.19029061472101327,0.0
0.229,1.1093229423046367,0.4302440217395258,0.18983499215900435,0.0
0.22925,1.1085494795208195,0.43097797006801386,0.18937965310905902,0.0
0.2295,1.1077754316286939,0.43171205198210316,0.18892459926890948,0.0
0.22975,1.107000799099639,0.4324462657409569,0.1884698321625744,0.0
0.23,1.106225582524612,0.4331806102607558,0.18801535366248423,0.0
0.23025,1.1054497825011698,0.43391508431505343,0.18756116559443936,0.0
0.2305,1.1046733995582496,0.43464968599563747,0.18710726946964917,0.0
0.23075,1.1038964342485436,0.435384414103396,0.18665366707848086,0.0
0.231,1.1031188871029425,0.43611926714873306,0.18620036008322915,0.0
0.23125,1.1023407587850684,0.43685424357287417,0.18574735024222955,0.0
0.2315,1.1015620497226912,0.43758934216889145,0.18529463922227385,0.0
0.23175,1.10078276060519,0.43832456123369923,0.184842228748747,0.0
0.232,1.1000028918874403,0.43905989957600156,0.1843901205162175,0.0
0.23225,1.0992224442766734,0.4397953550374538,0.18393831609341227,0.0
0.2325,1.0984414181785773,0.4405309268303057,0.18348681727517868,0.0
0.23275,1.0976598142910383,0.4412666133827656,0.18303562583538957,0.0
0.233,1.0968776330970123,0.4420024130640883,0.18258474332412256,0.0
0.23325,1.0960948750788972,0.44273832491282405,0.18213417153927014,0.0
0.2335,1.095311540868888,0.44347434740162583,0.181683912204899,0.0
0.23375,1.0945276310588241,0.4442104786875589,0.18123396688677706,0.0
0.234,1.0937431461777347,0.4449467177113604,0.18078433738463962,0.0
0.23425,1.0929580867586939,0.4456830627693833,0.18033502525796563,0.0
0.2345,1.0921724534224122,0.4464195123751935,0.1798860322268574,0.0
0.23475,1.0913862467180504,0.44715606500609795,0.17943735992932286,0.0
0.235,1.0905994671663155,0.44789271977725775,0.1789890102171947,0.0
0.23525,1.0898121153345457,0.44862947463077063,0.17854098453869582,0.0
0.2355,1.0890241918396395,0.44936632826839684,0.1780932846737564,0.0
0.23575,1.0882356972881748,0.45010327919161597,0.1776459123146168,0.0
0.236,1.087446632116709,0.45084032581821987,0.17719886896218684,0.0
0.23625,1.0866569969233577,0.45157746712706626,0.17675215647959908,0.0
0.2365,1.0858667922490515,0.4523147015385476,0.17630577646169443,0.0
0.23675,1.085076018716455,0.45305202753034024,0.17585973059838422,0.0
0.237,1.084284676851528,0.45378944391318754,0.17541402061659217,0.0
0.23725,1.0834927671645644,0.4545269488270449,0.1749686479680843,0.0
0.2375,1.0827002902646985,0.4552645411483027,0.17452361447790277,0.0
0.23775,1.0819072467574848,0.45600221910915906,0.17407892171644002,0.0
0.238,1.081113637097891,0.45673998160329177,0.17363457136964322,0.0
0.23825,1.0803194619638603,0.45747782699289274,0.17319056512061315,0.0
0.2385,1.0795247218252833,0.4582157536567024,0.1727469044645289,0.0
0.23875,1.0787294173089617,0.4589537604368914,0.17230359121982364,0.0
0.239,1.0779335489161692,0.4596918459400072,0.17186062699569304,0.0
0.23925,1.0771371172917004,0.46043000841795845,0.1714180133919896,0.0
0.2395,1.0763401228831757,0.4611682466024547,0.17097575201306037,0.0
0.23975,1.0755425664368818,0.46190655860871743,0.1705338444929232,0.0
0.24,1.0747444482949504,0.46264494393612665,0.1700922926378412,0.0
0.24025,1.07394576909204,0.4633834004774897,0.1696510978872181,0.0
0.2405,1.0731465293751725,0.4641219269063015,0.16921026190552912,0.0
0.24075,1.072346729751576,0.4648605219537103,0.16876978643357132,0.0
0.241,1.071546370743306,0.4655991840888376,0.16832967302784096,0.0
0.24125,1.0707454529733518,0.46633791175514006,0.16788992332464847,0.0
0.2415,1.069943976921973,0.46707670352271435,0.1674505388774521,0.0
0.24175,1.0691419432363798,0.4678155578171683,0.1670115213326091,0.0
0.242,1.0683393524522504,0.4685544730611255,0.16657287223031325,0.0
0.24225,1.0675362050610957,0.4692934484995632,0.16613459339857406,0.0
0.2425,1.0667325016734903,0.47003248206713266,0.16569668624594303,0.0
0.24275,1.0659282428978258,0.47077157260953584,0.1652591525426872,0.0
0.243,1.0651234292244496,0.47151071839486036,0.16482199371581596,0.0
0.24325,1.0643180612515248,0.4722499180739206,0.16438521144294405,0.0
0.2435,1.0635121394413183,0.4729891708271552,0.16394880749060858,0.0
0.24375,1.0627056644599637,0.47372847435322285,0.1635127832079566,0.0
0.244,1.0618986368535523,0.4744678277204315,0.16307714038802157,0.0
0.24425,1.061091057173476,0.4752072290648357,0.16264188044685723,0.0
0.2445,1.0602829259810296,0.47594667746217567,0.16220700519063191,0.0
0.24475,1.059474243866564,0.4766861708988017,0.16177251600422582,0.0
0.245,1.0586650113168954,0.47742570818675745,0.16133841451328435,0.0
0.24525,1.0578552289601255,0.47816528806165337,0.16090470243916388,0.0
0.2455,1.0570448973175672,0.47890490857548684,0.16047138112182746,0.0
0.24575,1.0562340169585571,0.47964456890386487,0.16003845240551562,0.0
0.246,1.055422588436068,0.4803842675486365,0.1596059178399054,0.0
0.24625,1.0546106122871262,0.4811240027245205,0.15917377883831185,0.0
0.2465,1.053798089182095,0.48186377289914617,0.15874203703690437,0.0
0.24675,1.0529850196162975,0.4826035766963628,0.158310693974832,0.0
0.247,1.0521714041469838,0.48334341280621373,0.15787975127290022,0.0
0.24725,1.0513572432949534,0.4840832799154029,0.15744921051526828,0.0
0.2475,1.0505425376371225,0.48482317653024154,0.15701907325934727,0.0
0.24775,1.0497272877338553,0.4855631010516035,0.1565893410004804,0.0
0.248,1.0489114942678377,0.4863030516131204,0.15616001522947554,0.0
0.24825,1.048095157690037,0.4870430273706887,0.15573109765364923,0.0
0.2485,1.0472782784621177,0.4877830273386863,0.15530258992969914,0.0
0.24875,1.0464608572598362,0.48852304923399004,0.15487449335841963,0.0
0.249,1.0456428947233842,0.4892630913330649,0.15444680944003886,0.0
0.24925,1.0448243912809492,0.49000315322771115,0.1540195400376485,0.0
0.2495,1.0440053475689108,0.49074323252936836,0.15359268636111612,0.0
0.24975,1.043185764120203,0.4914833283349793,0.15316625015401875,0.0
0.25,1.0423656414645528,0.49222343903946353,0.152740232856321,0.0
0.25025,1.0415449801873837,0.4929635633964722,0.15231463610859564,0.0
0.2505,1.0407237808569647,0.493703699626856,0.15188946130540693,0.0
0.25075,1.0399020440408187,0.49444384657873997,0.1514647101061557,0.0
0.251,1.0390797702793666,0.49518400240026494,0.15104038384279406,0.0
0.25125,1.0382569601772325,0.4959241659931024,0.1506164842259221,0.0
0.2515,1.0374336142304372,0.49666433601978355,0.15019301276316233,0.0
0.25175,1.0366097330144086,0.4974045109228342,0.14976997093618127,0.0
0.252,1.0357853171188474,0.49814468881041307,0.14934736009137572,0.0
0.25225,1.0349603671234586,0.4988848688168446,0.14892518200739446,0.0
0.2525,1.0341348836036701,0.4996250487475251,0.14850343787989728,0.0
0.25275,1.033308867024493,0.500365227995097,0.1480821294916259,0.0
0.253,1.0324823179554965,0.5011054046948615,0.14766125817035225,0.0
0.25325,1.0316552370238075,0.501845577990629,0.14724082573250374,0.0
0.2535,1.0308276247329786,0.5025857456485667,0.14682083327857298,0.0
0.25375,1.0299994817543485,0.5033259064386826,0.14640128249516016,0.0
0.254,1.0291708085288924,0.5040660592860959,0.1459821749277901,0.0
0.25425,1.0283416056746244,0.50480620218719,0.14556351187008332,0.0
0.2545,1.0275118737129496,0.5055463339977138,0.14514529490350014,0.0
0.25475,1.0266816132172494,0.5062864531791647,0.1447275254798026,0.0
0.255,1.0258508247780629,0.5070265583708178,0.1443102051415901,0.0
0.25525,1.0250195088742533,0.5077666485353518,0.14389333547216676,0.0
0.2555,1.0241876661296008,0.5085067215601811,0.14347691770489268,0.0
0.25575,1.0233552971459403,0.509246775994761,0.14306095334313373,0.0
0.256,1.0225224024879136,0.5099868103874385,0.1426454438533451,0.0
0.25625,1.0216889826700921,0.5107268236845215,0.1422303908320457,0.0
0.2565,1.0208550381791035,0.5114668144408583,0.1418157956736883,0.0
0.25675,1.020020569656488,0.5122067812375235,0.14140165991996456,0.0
0.257,1.0191855776925962,0.5129467220234858,0.14098798477952013,0.0
0.25725,1.0183500627780564,0.513686636238802,0.14057477203838187,0.0
0.2575,1.0175140255584978,0.5144265215162918,0.1401620228053604,0.0
0.25775,1.0166774664852163,0.5151663769971648,0.13974973869143015,0.0
0.258,1.0158403862343413,0.5159062012048423,0.139337921227213,0.0
0.25825,1.0150027852549819,0.5166459926155085,0.13892657171612033,0.0
0.2585,1.0141646642166666,0.5173857493522007,0.13851569149416743,0.0
0.25875,1.0133260235991415,0.5181254705204168,0.1381052821708768,0.0
0.259,1.0124868639503593,0.5188651548472123,0.13769534524258953,0.0
0.25925,1.0116471860094922,0.5196047998887963,0.13728588183815948,0.0
0.2595,1.0108069900705523,0.5203444053368358,0.13687689366124212,0.0
0.25975,1.0099662768502569,0.5210839690800455,0.13646838196536892,0.0
0.26,1.0091250469287765,0.521823489911128,0.1360603482923055,0.0
0.26025,1.0082833007495946,0.5225629663319324,0.1356527939260863,0.0
0.2605,1.0074410389267285,0.5233023972727793,0.135245720496318,0.0
0.26075,1.0065982620364888,0.5240417807559083,0.13483912917765717,0.0
0.261,1.0057549706192486,0.5247811156140045,0.13443302148271608,0.0
0.26125,1.0049111653322615,0.5255203999349547,0.13402739868013702,0.0
0.2615,1.0040668466062268,0.5262596329641056,0.13362226237018082,0.0
0.26175,1.0032220150472568,0.5269988126872462,0.13321761372176244,0.0
0.262,1.0023766712081397,0.527737938164691,0.13281345435187597,0.0
0.26225,1.0015308156695077,0.5284770076050123,0.13240978550292382,0.0
0.2625,1.0006844489798716,0.529216019409084,0.13200660847423729,0.0
0.26275,0.9998375717800734,0.5299549722810895,0.13160392478487082,0.0
0.263,0.9989901845326123,0.5306938648950847,0.1312017357791604,0.0
0.26325,0.9981422878425779,0.5314326955252895,0.13080004273650903,0.0
0.2635,0.9972938822564341,0.5321714629722223,0.13039884712790895,0.0
0.26375,0.9964449682824288,0.5329101661314226,0.1299981504328187,0.0
0.264,0.9955955466324884,0.5336488026054056,0.12959795369707838,0.0
0.26425,0.9947456177017475,0.5343873719428274,0.12919825860155876,0.0
0.2645,0.9938951820938069,0.5351258720100915,0.12879906621322212,0.0
0.26475,0.9930442403801898,0.5358643018712215,0.12840037813366556,0.0
0.265,0.9921927932171268,0.5366026597595379,0.12800219564192994,0.0
0.26525,0.9913408410043996,0.5373409441285304,0.1276045198917264,0.0
0.2655,0.9904883843308738,0.5380791539918377,0.12720735246668635,0.0
0.26575,0.9896354239223761,0.5388172872366823,0.1268106945299723,0.0
0.266,0.9887819601738084,0.5395553430820073,0.12641454758605697,0.0
0.26625,0.9879279936590173,0.5402933197514557,0.12601891281771116,0.0
0.2665,0.9870735249696576,0.5410312157881592,0.12562379157213943,0.0
0.26675,0.9862185547103532,0.5417690300288953,0.12522918534555805,0.0
0.267,0.9853630833684299,0.5425067606576945,0.12483509521380265,0.0
0.26725,0.9845071115564163,0.5432444062044937,0.12444152252468466,0.0
0.2675,0.9836506397970659,0.5439819654738898,0.12404846867651265,0.0
0.26775,0.9827936687068117,0.5447194369206869,0.1236559349771551,0.0
0.268,0.9819361987429929,0.5454568192804956,0.12326392272761688,0.0
0.26825,0.981078230597733,0.5461941106888091,0.12287243313918683,0.0
0.2685,0.9802197647419906,0.5469313100582767,0.12248146760332124,0.0
0.26875,0.9793608017318078,0.547668415741235,0.1220910273098541,0.0
0.269,0.9785013421802713,0.5484054264381442,0.12170111366415037,0.0
0.26925,0.9776413866425848,0.5491423407339795,0.12131172796115441,0.0
0.2695,0.9767809356410364,0.5498791570404009,0.1209228713784194,0.0
0.26975,0.9759199897895954,0.5506158736892814,0.120534545129928,0.0
0.27,0.9750585495422541,0.5513524897987665,0.12014675067276048,0.0
0.27025,0.9741966156777018,0.5520890034292165,0.11975948922317836,0.0
0.2705,0.9733341884524798,0.5528254135609814,0.1193727619918743,0.0
0.27075,0.9724712686654087,0.5535617183280621,0.11898657024024484,0.0
0.271,0.9716078566930246,0.5542979168954716,0.11860091536806472,0.0
0.27125,0.9707439532914695,0.5550340070479649,0.11821579841802943,0.0
0.2715,0.9698795589113409,0.5557699878880697,0.11783122081607766,0.0
0.27175,0.9690146740617696,0.5565058580457674,0.11744718380167463,0.0
0.272,0.9681492994730476,0.557241615208369,0.11706368833213121,0.0
0.27225,0.9672834356220399,0.5579772585745459,0.11668073589327332,0.0
0.2725,0.9664170830775731,0.558712786416848,0.1162983275853473,0.0
0.27275,0.9655502423322737,0.5594481978147385,0.11591646484227103,0.0
0.273,0.9646829139435766,0.5601834910571384,0.11553514875490722,0.0
0.27325,0.9638150985864957,0.5609186644822444,0.1151543805356463,0.0
0.2735,0.9629467967548653,0.5616537169208797,0.11477416148361441,0.0
0.27375,0.9620780090074241,0.5623886466718204,0.11439449268248403,0.0
0.274,0.9612087359030479,0.563123452500804,0.11401537544719753,0.0
0.27425,0.9603389779908973,0.5638581330826256,0.11363681103491952,0.0
0.2745,0.9594687358511429,0.5645926868600029,0.11325880060819071,0.0
0.27475,0.9585980100407543,0.5653271121090171,0.11288134522042159,0.0
0.275,0.9577268010832753,0.566061407687279,0.11250444618711852,0.0
0.27525,0.9568551096106681,0.5667955722262477,0.11212810479877877,0.0
0.2755,0.9559829361452206,0.5675296039836084,0.11175232205677377,0.0
0.27575,0.955110281269242,0.5682635013602209,0.11137709908221005,0.0
0.276,0.954237145578011,0.5689972631108589,0.11100243718387848,0.0
0.27625,0.9533635295433722,0.5697308879534617,0.1106283375421484,0.0
0.2765,0.9524894338035192,0.570464374120597,0.11025480122724685,0.0
0.27675,0.9516148587935653,0.5711977207354337,0.1098818295882007,0.0
0.277,0.9507398053149831,0.571930925702496,0.1095094236577201,0.0
0.27725,0.9498642736411433,0.5726639880417324,0.109137584585284,0.0
0.2775,0.9489882645150303,0.5733969059801396,0.10876631351013111,0.0
0.27775,0.9481117784166706,0.5741296783641587,0.10839561166171818,0.0
0.278,0.9472348159260022,0.5748623037084784,0.10802548017966895,0.0
0.27825,0.9463573776132925,0.5755947805947201,0.10765592022567727,0.0
0.2785,0.945479464073868,0.5763271072857705,0.10728693281271617,0.0
0.27875,0.9446010758403371,0.5770592825090546,0.10691851913706252,0.0
0.279,0.9437222134725545,0.5777913046302956,0.10655068022568082,0.0
0.27925,0.9428428774746749,0.5785231726184961,0.10618341736860937,0.0
0.2795,0.9419630685300344,0.5792548845883161,0.10581673155814642,0.0
0.27975,0.9410827871267493,0.5799864391909395,0.10545062389581017,0.0
0.28,0.940202033844665,0.5807178351166016,0.10508509557778267,0.0
0.28025,0.9393208092680414,0.5814490708221456,0.1047201476771864,0.0
0.2805,0.9384391137530059,0.5821801452496089,0.10435578132428991,0.0
0.28075,0.9375569480781554,0.5829110567051998,0.10399199766972833,0.0
0.281,0.9366743128123165,0.5836418035048041,0.10362879768551059,0.0
0.28125,0.9357912084146864,0.584372384248276,0.10326618239581409,0.0
0.2815,0.9349076354699459,0.5851027978121834,0.102904153073897,0.0
0.28175,0.934023594624005,0.5858330423933964,0.10254271068029408,0.0
0.282,0.933139086350474,0.5865631163570768,0.10218185611337427,0.0
0.28225,0.9322541111517424,0.5872930190298362,0.10182159080338615,0.0
0.2825,0.9313686697457353,0.5880227484313139,0.10146191566329565,0.0
0.28275,0.930482762654508,0.588752302781991,0.1011028315412974,0.0
0.283,0.9295963903634359,0.5894816812323711,0.10074433974709684,0.0
0.28325,0.9287095534882983,0.5902108820644898,0.1003864412322506,0.0
0.2835,0.9278222525142859,0.5909399040993151,0.1000291371220996,0.0
0.28375,0.9269344880797288,0.5916687457362286,0.09967242844072022,0.0
0.284,0.9260462606654443,0.5923974056466861,0.09931631622084836,0.0
0.28425,0.9251575709040445,0.5931258823687955,0.09896080154700426,0.0
0.2845,0.9242684193707724,0.5938541739729644,0.09860588519780733,0.0
0.28475,0.9233788066927548,0.5945822794523679,0.09825156848880012,0.0
0.285,0.9224887332327203,0.5953101972751966,0.09789785222539837,0.0
0.28525,0.9215981997029203,0.5960379258084743,0.09754473744705838,0.0
0.2855,0.9207072065218753,0.5967654642452871,0.09719222539043182,0.0
0.28575,0.9198157543718501,0.5974928105068997,0.09684031681830962,0.0
0.286,0.9189238437835474,0.5982199632325873,0.09648901275112087,0.0
0.28625,0.9180314753168215,0.59894692108562,0.09613831424246988,0.0
0.2865,0.9171386495549569,0.599673682871348,0.09578822243897855,0.0
0.28675,0.916245367050136,0.6004002464537521,0.09543873794136237,0.0
0.287,0.9153516283406855,0.6011266109373992,0.09508986201271519,0.0
0.28725,0.9144574340599636,0.6018527747015909,0.09474159559392681,0.0
0.2875,0.9135627846561487,0.6025787363244177,0.09439393957524689,0.0
0.28775,0.9126676807119232,0.6033044944113186,0.09404689496976215,0.0
0.288,0.9117721228026667,0.6040300478251055,0.09370046292194667,0.0
0.28825,0.9108761115030646,0.6047553946224156,0.09335464412598382,0.0
0.2885,0.9099796474541915,0.605480533105748,0.09300943946101192,0.0
0.28875,0.9090827310879543,0.6062054623913866,0.09266485007777603,0.0
0.289,0.9081853629593724,0.6069301811959704,0.09232087700465574,0.0
0.28925,0.9072875437445269,0.6076546874915323,0.09197752095196932,0.0
0.2895,0.906389273951806,0.6083789799924801,0.09163478289745441,0.0
0.28975,0.9054905540861551,0.6091030575508398,0.09129266388858026,0.0
0.29,0.9045913848029219,0.60982691836589,0.09095116472888276,0.0
0.29025,0.9036917666264408,0.6105505612812934,0.0906102864677738,0.0
0.2905,0.9027917000033572,0.6112739846346855,0.090270029802763,0.0
0.29075,0.901891185662242,0.6119971872120757,0.08993039591101293,0.0
0.291,0.9009902240786598,0.6127201671908011,0.08959138541364986,0.0
0.29125,0.9000888158625351,0.6134429233131655,0.08925299935498132,0.0
0.2915,0.8991869615886454,0.6141654538316388,0.08891523846957106,0.0
0.29175,0.8982846616600266,0.6148877582799983,0.08857810406799471,0.0
0.292,0.8973819168446298,0.6156098344586312,0.08824159677983512,0.0
0.29225,0.8964787275357278,0.6163316809205241,0.08790571734429098,0.0
0.2925,0.895575094402151,0.6170532961652953,0.08757046669256208,0.0
0.29275,0.8946710179560515,0.617774679129397,0.0872358458696747,0.0
0.293,0.8937664988059133,0.6184958280905946,0.08690185562140385,0.0
0.29325,0.8928615374921094,0.6192167414296676,0.08656849669017608,0.0
0.2935,0.8919561344924354,0.6199374181505775,0.08623577011710104,0.0
0.29375,0.8910502904816724,0.6206578565323895,0.08590367668723409,0.0
0.294,0.8901440059591401,0.6213780550605819,0.08557221715363417,0.0
0.29425,0.8892372815080787,0.6220980124722573,0.08524139247718088,0.0
0.2945,0.8883301176479392,0.6228177274234312,0.08491120351542558,0.0
0.29475,0.887422515050341,0.6235371979326203,0.08458165087923941,0.0
0.295,0.8865144741773658,0.6242564231410341,0.08425273564737168,0.0
0.29525,0.8856059956247577,0.6249754010655195,0.08392445835654305,0.0
0.2955,0.8846970798721259,0.6256941308721977,0.08359682010523706,0.0
0.29575,0.8837877275511996,0.6264126111973738,0.08326982180674891,0.0
0.296,0.8828779392357333,0.6271308397882436,0.08294346380715689,0.0
0.29625,0.8819677154919496,0.627848815584791,0.0826177471302203,0.0
0.2965,0.8810570568458083,0.6285665369960753,0.08229267245465377,0.0
0.29675,0.8801459639161617,0.6292840029728666,0.08196824084418686,0.0
0.297,0.8792344372285523,0.6300012115904039,0.08164445277271493,0.0
0.29725,0.8783224772932261,0.630718161751112,0.0813213091774394,0.0
0.2975,0.8774100847540467,0.631434851746512,0.08099881074321402,0.0
0.29775,0.8764972601233065,0.6321512806065996,0.08067695847382028,0.0
0.298,0.8755840038973517,0.632867446502388,0.08035575285336938,0.0
0.29825,0.8746703167146528,0.633583348170788,0.08003519480664001,0.0
0.2985,0.8737561991332026,0.6342989842715383,0.07971528514308157,0.0
0.29875,0.8728416517363335,0.6350143529490566,0.07939602438452598,0.0
0.299,0.8719266750736239,0.6357294524675297,0.07907741308935279,0.0
0.29925,0.8710112696689425,0.6364442822227474,0.07875945245653893,0.0
0.2995,0.87009543615188,0.637158840251459,0.07844214296498753,0.0
0.29975,0.8691791751245042,0.6378731249578777,0.07812548528157981,0.0
0.3,0.8682624868960307,0.6385871355384438,0.07780948030070434,0.0
0.30025,0.8673453722512878,0.6393008700750897,0.07749412863573957,0.0
0.3005,0.8664278316359901,0.6400143277030708,0.07717943124562932,0.0
0.30075,0.8655098656612257,0.6407275063479219,0.0768653884992958,0.0
0.301,0.8645914749091634,0.6414404046459481,0.07655200115830918,0.0
0.30125,0.8636726598829831,0.6421530213863207,0.07623927000687347,0.0
0.3015,0.8627534212340802,0.6428653550258829,0.07592719574498386,0.0
0.30175,0.8618337595239822,0.6435774035944988,0.07561577873917313,0.0
0.302,0.8609136751913375,0.6442891664593233,0.07530502005166229,0.0
0.30225,0.8599931689117177,0.64500064159499,0.07499492009626119,0.0
0.3025,0.8590722412016927,0.6457118279204721,0.07468547971939055,0.0
0.30275,0.8581508926327377,0.6464227236261237,0.07437669936879243,0.0
0.303,0.8572291237313259,0.6471333275918667,0.07406857986503779,0.0
0.30325,0.856306935098269,0.6478436380610546,0.0737611216995957,0.0
0.3035,0.8553843272756616,0.6485536541176131,0.07345432581835776,0.0
0.30375,0.8544613008081985,0.6492633739039206,0.07314819259594385,0.0
0.304,0.8535378562384395,0.6499727963361579,0.07284272286722238,0.0
0.30425,0.8526139941326072,0.6506819197819098,0.07253791714877345,0.0
0.3045,0.8516897152145777,0.6513907420893474,0.07223377576067769,0.0
0.30475,0.8507650197731103,0.6520992630576288,0.0719302998562188,0.0
0.305,0.8498399085526778,0.6528074803642099,0.07162748965687316,0.0
0.30525,0.8489143821465603,0.6535153926561819,0.07132534584683459,0.0
0.3055,0.8479884410142358,0.6542229983976426,0.07102386888722312,0.0
0.30575,0.8470620856958444,0.6549302969669029,0.07072305985653893,0.0
0.306,0.8461353168038226,0.6556372861193438,0.0704229188935761,0.0
0.30625,0.8452081349239187,0.6563439643930735,0.07012344658772207,0.0
0.3065,0.8442805405228171,0.6570503308744406,0.06982464376537534,0.0
0.30675,0.8433525342317818,0.657756384061571,0.06952651101733864,0.0
0.307,0.842424116583004,0.6584621219052949,0.0692290485133098,0.0
0.30725,0.8414952882217879,0.6591675433089677,0.06893225709183737,0.0
0.3075,0.8405660496620069,0.6598726464493652,0.06863613703471594,0.0
0.30775,0.8396364014706741,0.660577430569603,0.06834068931804804,0.0
0.308,0.8387063440706317,0.6612818940631087,0.06804591427523254,0.0
0.30825,0.8377758781876619,0.6619860353977032,0.06775181251762663,0.0
0.3085,0.8368450042968636,0.6626898530060572,0.0674583844318275,0.0
0.30875,0.835913722938237,0.6633933457863108,0.06716563073874293,0.0
0.309,0.8349820348969352,0.6640965113818922,0.06687355156561381,0.0
0.30925,0.8340499404506545,0.664799349406735,0.0665821478617381,0.0
0.3095,0.8331174403053225,0.6655018573787359,0.06629141960133955,0.0
0.30975,0.8321845349792305,0.6662040352376408,0.06600136811615487,0.0
0.31,0.831251225080397,0.6669058801364827,0.06571199306298392,0.0
0.31025,0.830317511151426,0.6676073911681115,0.06542329525263835,0.0
0.3105,0.829383393641475,0.6683085672775348,0.0651352753264729,0.0
0.31075,0.8284488732946436,0.6690094065024326,0.06484793358108254,0.0
0.311,0.8275139504999274,0.6697099079765678,0.06456127071859008,0.0
0.31125,0.8265786258489811,0.6704100700825819,0.06427528712195629,0.0
0.3115,0.8256428999945005,0.6711098908362132,0.06398998298363812,0.0
0.31175,0.824706773458356,0.671809368999476,0.06370535885815976,0.0
0.312,0.8237702468356414,0.6725085034480074,0.06342141542359969,0.0
0.31225,0.8228333206341869,0.6732072922920196,0.06313815280095914,0.0
0.3125,0.821895995450479,0.6739057343056132,0.06285557159358257,0.0
0.31275,0.8209582718128043,0.6746038279182969,0.06257367212814269,0.0
0.313,0.8200201503152336,0.6753015717353179,0.062292454887640014,0.0
0.31325,0.8190816314917715,0.6759989644986106,0.06201192038998138,0.0
0.3135,0.8181427159052461,0.6766960045606893,0.061732068921916294,0.0
0.31375,0.8172034041486125,0.6773926908620993,0.06145290116211766,0.0
0.314,0.8162636967064074,0.6780890216203517,0.061174417239152845,0.0
0.31425,0.8153235941495964,0.6787849955011254,0.06089661762797527,0.0
0.3145,0.8143830971113495,0.6794806110118543,0.060619502744371,0.0
0.31475,0.8134422060368713,0.6801758666755902,0.06034307286369445,0.0
0.315,0.8125009216847676,0.6808707608401932,0.06006732838329687,0.0
0.31525,0.811559244428878,0.681565292357881,0.05979226972310703,0.0
0.3155,0.8106171750025162,0.6822594595592264,0.05951789723775214,0.0
0.31575,0.8096747137107609,0.6829532614202947,0.059244211363564725,0.0
0.316,0.8087318614450449,0.683646695590646,0.05897121212447343,0.0
0.31625,0.8077886185243468,0.6843397614329731,0.05869890020515811,0.0
0.3165,0.8068449854638882,0.6850324577875853,0.058427276099176195,0.0
0.31675,0.8059009630192531,0.6857247822874939,0.05815633969588374,0.0
0.317,0.8049565516416894,0.6864167341590743,0.05788609167740222,0.0
0.31725,0.8040117519369847,0.6871083116700447,0.057616532217059646,0.0
0.3175,0.8030665644394208,0.6877995132993817,0.05734766156425608,0.0
0.31775,0.8021209896757036,0.6884903380854439,0.057079480320821885,0.0
0.318,0.8011750282304657,0.689180784100131,0.056811988497934784,0.0
0.31825,0.800228680671836,0.6898708499994584,0.056545186468029085,0.0
0.3185,0.7992819475945829,0.6905605342748586,0.05627907451040981,0.0
0.31875,0.7983348295762731,0.6912498353586329,0.05601365284636084,0.0
0.319,0.7973873270870779,0.6919387523754281,0.05574892206335624,0.0
0.31925,0.7964394407321791,0.6926272831453417,0.0554848819907765,0.0
0.3195,0.7954911710497186,0.6933154270063326,0.055221533396199174,0.0
0.31975,0.7945425186969501,0.6940031816012677,0.05495887601838567,0.0
0.32,0.7935934840971335,0.6946905460477311,0.054696910382088015,0.0
0.32025,0.7926440679378821,0.6953775188970397,0.054435636833522816,0.0
0.3205,0.7916942707103338,0.6960640986640598,0.054175055540861106,0.0
0.32075,0.7907440929976808,0.696750283767706,0.05391516667192131,0.0
0.321,0.7897935352006353,0.6974360733190466,0.05365597070932382,0.0
0.32125,0.7888425982024003,0.6981214646014777,0.053397467281949496,0.0
0.3215,0.7878912823204214,0.6988064574690185,0.05313965729000869,0.0
0.32175,0.7869395881294761,0.6994910502161602,0.052882540788808274,0.0
0.322,0.7859875162156378,0.7001752411080204,0.05262611781558135,0.0
0.32225,0.7850350672659623,0.7008590282696758,0.05237038838252572,0.0
0.3225,0.7840822416864146,0.7015424111932518,0.05211535319604321,0.0
0.32275,0.7831290401636775,0.7022253875894933,0.051861011979670524,0.0
0.323,0.7821754631138518,0.7029079564075005,0.051607365074216816,0.0
0.32325,0.7812215112328253,0.7035901160704583,0.051354412672025784,0.0
0.3235,0.7802671850293112,0.7042718654335545,0.05110215510901894,0.0
0.32375,0.7793124850018387,0.7049532029783663,0.05085059245793766,0.0
0.324,0.778357411745132,0.7056341268768378,0.05059972464864937,0.0
0.32425,0.7774019659108635,0.7063146363343336,0.05034955234063743,0.0
0.3245,0.7764461479209928,0.7069947292462615,0.05010007513729042,0.0
0.32475,0.7754899584358874,0.7076744042812848,0.049851293331472535,0.0
0.325,0.7745333979935047,0.7083536603561456,0.0496032072870749,0.0
0.32525,0.7735764670627123,0.7090324961357837,0.04935581714200632,0.0
0.3255,0.7726191663209878,0.7097109096227285,0.049109122734169786,0.0
0.32575,0.7716614963240929,0.7103888996280929,0.04886312435129048,0.0
0.326,0.7707034575370386,0.7110664645252243,0.0486178219122293,0.0
0.32625,0.7697450506964856,0.7117436029889177,0.04837321573349107,0.0
0.3265,0.7687862762096547,0.7124203135355316,0.04812930577594887,0.0
0.32675,0.7678271346654562,0.7130965949122015,0.04788609228481544,0.0
0.327,0.7668676266014742,0.7137724456406787,0.04764357530853691,0.0
0.32725,0.7659077526055036,0.7144478645419312,0.04740175513015954,0.0
0.3275,0.7649475132854704,0.7151228493270736,0.04716063128409176,0.0
0.32775,0.763986909169148,0.7157973990729687,0.04692020417100329,0.0
0.328,0.7630259408230842,0.7164715121815988,0.04668047375344675,0.0
0.32825,0.7620646087869094,0.7171451874735624,0.04644144025455921,0.0
0.3285,0.7611029136027625,0.717818423313652,0.04620310358128421,0.0
0.32875,0.7601408558493254,0.7184912184886159,0.04596546395022094,0.0
0.329,0.7591784361284812,0.7191635713277265,0.04572852127468363,0.0
0.32925,0.7582156549748849,0.7198354800172453,0.04549227531371636,0.0
0.3295,0.7572525129884173,0.7205069435432847,0.04525672641765821,0.0
0.32975,0.7562890106716083,0.7211779605787783,0.04502187464531371,0.0
0.33,0.7553251485746415,0.7218485293092485,0.04478771974752327,0.0
0.33025,0.7543609273113461,0.7225186484756989,0.044554261897956415,0.0
0.3305,0.7533963473594252,0.7231883170266684,0.04432150131000778,0.0
0.33075,0.7524314094356406,0.723857532747104,0.04408943755792749,0.0
0.331,0.7514661139398218,0.7245262944988866,0.04385807072614267,0.0
0.33125,0.750500461399092,0.7251946013062494,0.043627401098677465,0.0
0.3315,0.7495344526287759,0.7258624509972833,0.043397428329829735,0.0
0.33175,0.7485680879584535,0.7265298425541857,0.04316815251980577,0.0
0.332,0.7476013680025595,0.7271967745773722,0.042939573702633904,0.0
0.33225,0.7466342933184364,0.7278632454253113,0.0427116916963135,0.0
0.3325,0.7456668645313975,0.7285292535453607,0.042484506422731494,0.0
0.33275,0.7446990821786095,0.7291947975375663,0.0422580178408396,0.0
0.333,0.7437309467519526,0.7298598764612976,0.04203222619296021,0.0
0.33325,0.742762458890736,0.7305244883084896,0.04180713107359413,0.0
0.3335,0.741793619036212,0.7311886320416292,0.04158273260924883,0.0
0.33375,0.740824427894589,0.7318523058272675,0.04135903055095924,0.0
0.334,0.7398548859610052,0.7325155082206223,0.04113602476529876,0.0
0.33425,0.738884993860216,0.7331782377674401,0.04091371519813314,0.0
0.3345,0.7379147520435616,0.7338404931315381,0.04069210174914373,0.0
0.33475,0.736944161209582,0.7345022727375934,0.04047118431871266,0.0
0.335,0.7359732217473649,0.7351635757612129,0.04025096311188703,0.0
0.33525,0.7350019343651653,0.7358244000714009,0.04003143763108041,0.0
0.3355,0.7340302995404535,0.7364847445183216,0.03981260790185903,0.0
0.33575,0.733058317823831,0.7371446076047548,0.03959447374996783,0.0
0.336,0.7320859898256877,0.7378039876967932,0.03937703493984657,0.0
0.33625,0.7311133161439063,0.7384628832131597,0.039160291257528845,0.0
0.3365,0.7301402973141649,0.7391212934256046,0.03894424304538857,0.0
0.33675,0.7291669338261606,0.7397792163712467,0.038728889730280214,0.0
0.337,0.7281932262324933,0.740436650669281,0.03851423119051667,0.0
0.33725,0.7272191751710313,0.7410935948494526,0.03830026729425429,0.0
0.3375,0.7262447811714985,0.741750047724544,0.038086998029645436,0.0
0.33775,0.7252700448639064,0.7424060071631899,0.03787442277420228,0.0
0.338,0.7242949666831837,0.7430614724735918,0.03766254179150974,0.0
0.33825,0.7233195473224292,0.743716441891479,0.03745135475281236,0.0
0.3385,0.7223437871929086,0.7443709139919719,0.037240861368967426,0.0
0.33875,0.7213676868958068,0.7450248878567649,0.037031061841154234,0.0
0.339,0.7203912470720581,0.7456783609444315,0.036821955226069125,0.0
0.33925,0.7194144682884431,0.7463313324266778,0.03661354175243314,0.0
0.3395,0.7184373510745488,0.746983800835288,0.03640582115759439,0.0
0.33975,0.7174598959253728,0.7476357646812275,0.036198793133697116,0.0
0.34,0.7164821034591622,0.7482872224901485,0.035992457462546534,0.0
0.34025,0.7155039742433473,0.748938172656409,0.035786813789375316,0.0
0.3405,0.7145255088197899,0.7495886144253561,0.03558186235097072,0.0
0.34075,0.7135467077871631,0.7502385453316265,0.035377602179617496,0.0
0.341,0.7125675716522739,0.7508879646863917,0.035174033523489356,0.0
0.34125,0.7115881009796716,0.7515368708892254,0.0349711560047572,0.0
0.3415,0.7106082962765328,0.7521852625492755,0.03476896935178675,0.0
0.34175,0.70962815828217,0.7528331378403479,0.034567473129466064,0.0
0.342,0.708647687396132,0.7534804957775592,0.03436666727475424,0.0
0.34225,0.70766688414108,0.7541273349931217,0.03416655152532022,0.0
0.3425,0.7066857492628795,0.7547736535070442,0.0339671253185998,0.0
0.34275,0.7057042832171962,0.7554194499398221,0.033768388324232124,0.0
0.343,0.7047224865721589,0.7560647232513418,0.03357034053110031,0.0
0.34325,0.7037403598247636,0.7567094717775689,0.03337298141773326,0.0
0.3435,0.7027579036361242,0.7573536940019423,0.033176310675688825,0.0
0.34375,0.7017751185600005,0.7579973884532762,0.032980327950096866,0.0
0.344,0.7007920051730316,0.7586405536213334,0.03278503286662793,0.0
0.34425,0.6998085639240017,0.7592831884533524,0.03259042529420286,0.0
0.3445,0.6988247954630502,0.7599252910844569,0.032396504635583634,0.0
0.34475,0.6978407003156271,0.7605668602123146,0.03220327061593009,0.0
0.345,0.6968562790913317,0.7612078946032241,0.03201072306216335,0.0
0.34525,0.6958715322583817,0.761848392520811,0.03181886132895051,0.0
0.3455,0.694886460473473,0.7624883527765576,0.03162768529603732,0.0
0.34575,0.6939010642096584,0.7631277737756079,0.031437194413218794,0.0
0.346,0.6929153440974591,0.763766653915674,0.031247388224205475,0.0
0.34625,0.6919293007059792,0.7644049916630848,0.031058266275435065,0.0
0.3465,0.6909429345807077,0.765042786165921,0.030869828596954862,0.0
0.34675,0.6899562462067834,0.765680035371112,0.030682074281716876,0.0
0.347,0.6889692363036684,0.7663167381366236,0.030495003249028096,0.0
0.34725,0.6879819052515224,0.7669528930240119,0.030308614965155023,0.0
0.3475,0.6869942537642739,0.7675884982085606,0.030122908825546357,0.0
0.34775,0.6860062821854509,0.7682235531918806,0.029937884960380856,0.0
0.348,0.6850179913521348,0.7688580556172084,0.029753542437989333,0.0
0.34825,0.6840293816094345,0.7694920042845013,0.02956988085450729,0.0
0.3485,0.6830404536811336,0.7701253977787346,0.029386899891767015,0.0
0.34875,0.6820512080524193,0.7707582343423311,0.029204598810300908,0.0
0.349,0.6810616452734273,0.7713905129779519,0.02902297747666238,0.0
0.34925,0.6800717658555673,0.7720222322943755,0.02884203543143604,0.0
0.3495,0.6790815704378677,0.7726533905628514,0.028661772040076583,0.0
0.34975,0.6780910595929672,0.7732839864479502,0.028482186912708096,0.0
0.35,0.677100233788293,0.7739140185742599,0.028303279554198868,0.0
0.35025,0.6761090937419105,0.7745434849753678,0.028125049183364448,0.0
0.3505,0.6751176399407726,0.7751723845358356,0.027947495500705077,0.0
0.35075,0.6741258728085597,0.775800716497109,0.027770618429681537,0.0
0.351,0.6731337930353938,0.7764284783450961,0.02759441673818852,0.0
0.35125,0.6721414011871722,0.7770556695947946,0.02741889063773284,0.0
0.3515,0.6711486977914838,0.7776822879556491,0.02724403894456251,0.0
0.35175,0.6701556834511386,0.7783083323345465,0.02706986142289547,0.0
0.352,0.6691623586970277,0.778933801239468,0.0268963574822616,0.0
0.35225,0.6681687240975567,0.7795586932888696,0.026723526634315764,0.0
0.3525,0.6671747801390762,0.7801830071430373,0.02655136836320926,0.0
0.35275,0.6661805275082688,0.7808067412091688,0.026379882085028727,0.0
0.353,0.6651859667362103,0.781429893772831,0.026209067015393606,0.0
0.35325,0.6641910983718731,0.7820524634284851,0.02603892261014984,0.0
0.3535,0.6631959229192752,0.7826744494012061,0.02586944877125097,0.0
0.35375,0.6622004409433835,0.7832958496996554,0.02570064450711773,0.0
0.354,0.6612046530788565,0.7839166631643337,0.025532509499252454,0.0
0.35425,0.6602085599061898,0.7845368874559568,0.025365042486082512,0.0
0.3545,0.659212161878445,0.7851565226100448,0.02519824393409431,0.0
0.35475,0.6582154594953149,0.7857755661894998,0.025032112442852972,0.0
0.355,0.6572184534831393,0.7863940173505881,0.024866647971123257,0.0
0.35525,0.6562211444126991,0.7870118738741638,0.02470184931678321,0.0
0.3555,0.6552235327711315,0.7876291344898831,0.02453771594527665,0.0
0.35575,0.6542256191074127,0.7882457982257023,0.02437424758578932,0.0
0.356,0.6532274040224468,0.7888618628745618,0.02421144304475975,0.0
0.35625,0.6522288880580032,0.7894773278240663,0.0240493023119579,0.0
0.3565,0.6512300718101507,0.7900921913811771,0.02388782457423755,0.0
0.35675,0.650230955741204,0.7907064518323921,0.02372700891081836,0.0
0.357,0.6492315404597395,0.7913201081357357,0.023566855006393217,0.0
0.35725,0.6482318265756817,0.791933158515782,0.023407361973924568,0.0
0.3575,0.6472318145743579,0.7925456016145986,0.023248529163791165,0.0
0.35775,0.6462315050523024,0.793157436063467,0.023090355982762878,0.0
0.358,0.6452308986650959,0.7937686601695262,0.022932841617421262,0.0
0.35825,0.644229995850969,0.7943792725750356,0.022775985370688145,0.0
0.3585,0.6432287971273745,0.7949892723741456,0.022619786941316056,0.0
0.35875,0.6422273031829011,0.7955986571976368,0.022464244992588922,0.0
0.359,0.641225514512314,0.7962074263959238,0.022309359396460948,0.0
0.35925,0.6402234316703517,0.7968155781018993,0.02215512910987516,0.0
0.3595,0.6392210552707986,0.797423110775938,0.022001553375085248,0.0
0.35975,0.6382183858328734,0.7980300235389777,0.021848631884752168,0.0
0.36,0.6372154238736112,0.7986363143206461,0.021696363394767104,0.0
0.36025,0.6362121700348293,0.7992419822757171,0.021544747689715482,0.0
0.3605,0.6352086248661539,0.7998470252118324,0.021393783437400726,0.0
0.36075,0.6342047889358984,0.8004514417375788,0.021243469937015425,0.0
0.361,0.6332006627767193,0.801055231092171,0.021093806954585403,0.0
0.36125,0.6321962468963989,0.8016583913718591,0.02094479333938981,0.0
0.3615,0.6311915419422878,0.8022609213360568,0.02079642854119612,0.0
0.36175,0.6301865484644296,0.8028628193796834,0.020648711657348384,0.0
0.362,0.6291812669693506,0.8034640840293221,0.020501641855727115,0.0
0.36225,0.6281756980284818,0.8040647140339701,0.020355218513680384,0.0
0.3625,0.6271698422824326,0.8046647077682749,0.020209440750464047,0.0
0.36275,0.6261637001068081,0.8052640642466145,0.020064308021030763,0.0
0.363,0.6251572723617063,0.8058627810891608,0.019919818971807723,0.0
0.36325,0.6241505593435583,0.8064608575154182,0.01977597315948776,0.0
0.3635,0.6231435617527143,0.8070582917815656,0.019632769622101476,0.0
0.36375,0.6221362800449803,0.8076550828179236,0.019490207775353374,0.0
0.364,0.6211287148048488,0.8082512291060695,0.019348286753156474,0.0
0.36425,0.6201208667250011,0.8088467287113872,0.019207005418859335,0.0
0.3645,0.6191127362600799,0.80944158044462,0.019066363075598503,0.0
0.36475,0.6181043239115436,0.8100357832803411,0.018926359180457153,0.0
0.365,0.6170956303299047,0.8106293354593035,0.018786992692512827,0.0
0.36525,0.6160866560336391,0.8112222354868877,0.018648262694761053,0.0
0.3655,0.6150774015889695,0.8118144820047917,0.01851016840193931,0.0
0.36575,0.6140678676100979,0.8124060734244836,0.018372708868516385,0.0
0.366,0.6130580545883948,0.8129970082290328,0.0182358831258429,0.0
0.36625,0.6120479631647022,0.8135872850679391,0.01809969042244619,0.0
0.3665,0.6110375938632142,0.8141769026900221,0.017964130010514667,0.0
0.36675,0.6100269471395965,0.8147658593466289,0.017829200697890624,0.0
0.367,0.6090160237218623,0.8153541538704445,0.017694901914997674,0.0
0.36725,0.6080048240872493,0.8159417846452328,0.017561232576897234,0.0
0.3675,0.606993348745446,0.8165287503772163,0.017428191870949128,0.0
0.36775,0.6059815984006622,0.8171150493119796,0.017295778725312738,0.0
0.368,0.6049695735049845,0.8177006801825328,0.01716399230300114,0.0
0.36825,0.6039572746123607,0.8182856415481865,0.017032831682988414,0.0
0.3685,0.6029447023933869,0.8188699317705712,0.0169022958486178,0.0
0.36875,0.6019318572743,0.8194535498333764,0.016772384133346696,0.0
0.369,0.6009187398396403,0.8200364942496066,0.0166430955805712,0.0
0.36925,0.5999053507804604,0.8206187631144033,0.016514428953391835,0.0
0.3695,0.5988916904132751,0.8212003554159182,0.01638638350840793,0.0
0.36975,0.5978777595317926,0.821781269314009,0.016258958109644395,0.0
0.37,0.5968635585466728,0.8223615040569925,0.01613215226951481,0.0
0.37025,0.5958490881140541,0.8229410574301852,0.01600596445624336,0.0
0.3705,0.5948343487306076,0.8235199284143064,0.015880394005746368,0.0
0.37075,0.5938193410416375,0.8240981152504787,0.015755439736610866,0.0
0.371,0.5928040655367486,0.8246756168184319,0.015631100888387817,0.0
0.37125,0.5917885227593356,0.825252431755402,0.015507376530511152,0.0
0.3715,0.5907727132878957,0.825828558021513,0.015384265196892732,0.0
0.37175,0.5897566377577377,0.8264039945556405,0.015261766243972463,0.0
0.372,0.5887402966655326,0.8269787400364805,0.015139878731076362,0.0
0.37225,0.5877236905998657,0.8275527924933499,0.01501860123638532,0.0
0.3725,0.5867068200852561,0.8281261510858542,0.014897933216352577,0.0
0.37275,0.5856896856722127,0.8286988142881384,0.014777873578933454,0.0
0.373,0.5846722879485302,0.8292707805183639,0.014658421202182526,0.0
0.37325,0.5836546274323116,0.8298420483246858,0.014539575024483886,0.0
0.3735,0.5826367046953127,0.830412616377437,0.014421334109764095,0.0
0.37375,0.5816185204097106,0.8309824827739902,0.014303697104967705,0.0
0.374,0.580600075059019,0.8315516465541961,0.01418666331476337,0.0
0.37425,0.5795813691617138,0.832120106130084,0.014070231544792478,0.0
0.3745,0.5785624033665862,0.8326878596676437,0.013954400467398598,0.0
0.37475,0.5775431781305578,0.8332549063675856,0.013839169489322511,0.0
0.375,0.5765236940752221,0.8338212447938744,0.013724537583926999,0.0
0.37525,0.5755039517226344,0.8343868731139921,0.013610503336125346,0.0
0.3755,0.5744839517481335,0.8349517895168006,0.01349706542913065,0.0
0.37575,0.5734636945459233,0.835515993436033,0.013384223406729845,0.0
0.376,0.5724431808245836,0.8360794826557054,0.01327197562668192,0.0
0.37625,0.5714224110512163,0.8366422562937714,0.013160321404227737,0.0
0.3765,0.5704013858437431,0.8372043125703428,0.013049259394054769,0.0
0.37675,0.5693801057118524,0.837765650180117,0.012938788576167592,0.0
0.377,0.5683585712607737,0.838326267471146,0.012828907692553626,0.0
0.37725,0.5673367829321325,0.8388861634220959,0.012719615909964066,0.0
0.3775,0.5663147414368321,0.8394453365210595,0.01261091213536747,0.0
0.37775,0.5652924473094352,0.8400037851192508,0.012502795057751426,0.0
0.378,0.5642699010712064,0.8405615075736463,0.012395263357839914,0.0
0.37825,0.5632471032743283,0.8411185027876016,0.012288316181994885,0.0
0.3785,0.5622240545036661,0.841674768892517,0.012181952048549993,0.0
0.37875,0.5612007553246521,0.8422303049139259,0.01207617020279872,0.0
0.379,0.5601772062869124,0.8427851093064405,0.011970969401829734,0.0
0.37925,0.5591534079452778,0.8433391806131922,0.011866348474020905,0.0
0.3795,0.5581293608098097,0.843892517488527,0.01176230631067221,0.0
0.37975,0.557105065559659,0.844445117878621,0.011658841300401068,0.0
0.38,0.5560805227236223,0.8449969807703255,0.011555952611393083,0.0
0.38025,0.5550557328165482,0.845548104712357,0.011453639034026297,0.0
0.3805,0.5540306963578434,0.8460984886314904,0.011351899672536803,0.0
0.38075,0.5530054140033656,0.8466481307534224,0.011250733114838152,0.0
0.381,0.5519798863109227,0.8471970290457094,0.01115013767278672,0.0
0.38125,0.550954113799083,0.8477451828797911,0.011050112807482693,0.0
0.3815,0.5499280969480136,0.8482925907437462,0.010950657215079262,0.0
0.38175,0.548901836510229,0.848839250659637,0.010851769343416695,0.0
0.382,0.5478753329598973,0.8493851614073264,0.010753448119207976,0.0
0.38225,0.5468485867613797,0.8499303217525522,0.010655692447885556,0.0
0.3825,0.5458215985735553,0.8504747302367761,0.010558501147117427,0.0
0.38275,0.5447943689344736,0.8510183855294002,0.010461873071803796,0.0
0.383,0.5437668983984079,0.8515612857075254,0.010365806581793535,0.0
0.38325,0.5427391875813736,0.8521034297144894,0.010270300794636311,0.0
0.3835,0.5417112369392694,0.8526448160132674,0.010175354332391029,0.0
0.38375,0.5406830471200958,0.8531854427646479,0.010080965659971186,0.0
0.384,0.5396546187104398,0.8537253088903967,0.0099871338465225,0.0
0.38425,0.5386259522627608,0.8542644128427028,0.009893857541699136,0.0
0.3845,0.5375970481953463,0.8548027534377027,0.009801135626726909,0.0
0.38475,0.5365679071549412,0.8553403288311614,0.009708966541167818,0.0
0.385,0.5355385297773676,0.855877138098819,0.00961734949253401,0.0
0.38525,0.5345089165400481,0.856413179281887,0.009526282723003598,0.0
0.3855,0.5334790680264074,0.8569484511275007,0.009435765124332418,0.0
0.38575,0.532448984721773,0.8574829523893115,0.009345795537652801,0.0
0.386,0.5314186673817733,0.858016681123587,0.009256372349540909,0.0
0.38625,0.5303881164036817,0.858549636200955,0.009167494444325408,0.0
0.3865,0.5293573322853771,0.8590818167254213,0.00907916095445227,0.0
0.38675,0.5283263158555744,0.8596132197897646,0.008991369468961397,0.0
0.387,0.5272950674264187,0.8601438454486541,0.008904119822805479,0.0
0.38725,0.5262635876069517,0.8606736917046192,0.00881741025489724,0.0
0.3875,0.5252318770829731,0.8612027565192761,0.00873123900298789,0.0
0.38775,0.5241999362108878,0.8617310395383555,0.008645605565876568,0.0
0.388,0.5231677657716638,0.8622585383781285,0.008560507926272498,0.0
0.38825,0.5221353663053492,0.8627852517814603,0.00847594489825032,0.0
0.3885,0.5211027381493807,0.8633111785572325,0.008391915243602055,0.0
0.38875,0.5200698819981575,0.8638363176197643,0.008308417995432471,0.0
0.389,0.5190367984004229,0.864360667211109,0.008225451531250982,0.0
0.38925,0.5180034879289082,0.8648842255599334,0.008143014224132994,0.0
0.3895,0.5169699511519266,0.8654069914857132,0.00806110494670853,0.0
0.38975,0.5159361886467675,0.8659289637367067,0.007979722511062937,0.0
0.39,0.5149022009556621,0.8664501402447726,0.007898865005398825,0.0
0.39025,0.5138679886512048,0.8669705198753235,0.007818531330578082,0.0
0.3905,0.5128335522601901,0.8674901012884675,0.007738720183600334,0.0
0.39075,0.5117988923967758,0.8680088830611865,0.007659430230122499,0.0
0.391,0.5107640095976151,0.8685268636205663,0.007580659962670433,0.0
0.39125,0.5097289043689095,0.8690440413920228,0.007502407852263637,0.0
0.3915,0.5086935773732133,0.8695604151000111,0.007424672702461166,0.0
0.39175,0.5076580291079402,0.8700759833451244,0.007347453122180436,0.0
0.392,0.5066222601600021,0.8705907445542707,0.007270747611181294,0.0
0.39225,0.5055862710285339,0.8711046977896117,0.007194555169788952,0.0
0.3925,0.504550062290452,0.8716178411090993,0.007118873965226813,0.0
0.39275,0.5035136345476836,0.8721301727428781,0.007043702320778555,0.0
0.393,0.5024769883854674,0.872641691807793,0.006969039314564274,0.0
0.39325,0.5014401243003341,0.8731523966029897,0.006894883268298013,0.0
0.3935,0.5004030428846811,0.8736622859907186,0.006821233035327001,0.0
0.39375,0.4993657447422972,0.8741713579104626,0.006748086669674969,0.0
0.394,0.4983282303538594,0.8746796114930149,0.006675443193674413,0.0
0.39425,0.49729050026043886,0.8751870451174852,0.0066033010033061945,0.0
0.3945,0.49625255514802014,0.8756936572509417,0.0065316586379529085,0.0
0.39475,0.495214395452928,0.8761994464991929,0.006460514630008296,0.0
0.395,0.49417602187244647,0.8767044113187126,0.006389867506309432,0.0
0.39525,0.4931374347776707,0.8772085506885361,0.006319716084397964,0.0
0.3955,0.4920986348731837,0.8777118629312426,0.006250058769828648,0.0
0.39575,0.49105962265463354,0.8782143461432739,0.006180893663544573,0.0
0.396,0.4900203986928453,0.878715999464525,0.00611221980951715,0.0
0.39625,0.48898096359783594,0.8792168209557403,0.006044035324789476,0.0
0.3965,0.4879413178803649,0.8797168099078192,0.005976339348603865,0.0
0.39675,0.4869014621639316,0.8802159639547043,0.00590912962259349,0.0
0.397,0.48586139696343267,0.8807142819991896,0.005842404940558321,0.0
0.39725,0.4848211227665189,0.8812117631464034,0.0057761642573266325,0.0
0.3975,0.48378064028153744,0.8817084052664583,0.005710405548603026,0.0
0.39775,0.48273994987823876,0.8822042075215748,0.005645127754922319,0.0
0.398,0.4816990523266167,0.8826991676422082,0.005580328749825725,0.0
0.39825,0.48065794807866524,0.8831932846823491,0.0055160074107174495,0.0
0.3985,0.47961663760864504,0.8836865575940678,0.005452162533591709,0.0
0.39875,0.47857512169575855,0.8841789841357155,0.005388792007040344,0.0
0.399,0.47753340065889205,0.884670563555801,0.005325894805751297,0.0
0.39925,0.47649147530560576,0.8851612935394044,0.005263468757949141,0.0
0.3995,0.47544934599876854,0.8856511734648365,0.005201512966578559,0.0
0.39975,0.47440701340660496,0.8861402014510418,0.005140025567118345,0.0
0.4,0.47336447803917636,0.8866283763701261,0.00507900527969829,0.0
0.40025,0.47232174046493647,0.8871156963990572,0.005018450235323213,0.0
0.4005,0.4712788012975295,0.8876021600844979,0.004958358908021099,0.0
0.40075,0.4702356610190286,0.8880877666305125,0.004898730287173914,0.0
0.401,0.4691923202238293,0.8885725138317113,0.004839562166133682,0.0
0.40125,0.46814877948503586,0.8890564006849928,0.004780853386589623,0.0
0.4015,0.46710503939704395,0.8895394254803861,0.004722602171409962,0.0
0.40175,0.4660611004186812,0.8900215867152781,0.004664806859806969,0.0
0.402,0.46501696319460173,0.8905028833791206,0.004607466309731079,0.0
0.40225,0.46397262824481444,0.8909833136263785,0.004550578577824593,0.0
0.4025,0.4629280961475839,0.891462876125523,0.0044941421993540676,0.0
0.40275,0.46188336744463143,0.8919415696346675,0.004438155768859087,0.0
0.403,0.460838442755227,0.8924193923495594,0.004382617413612566,0.0
0.40325,0.4597933226076094,0.892896342882139,0.004327525584579162,0.0
0.4035,0.45874800752583234,0.8933724198385846,0.00427287872229698,0.0
0.40375,0.45770249813311814,0.893847621895361,0.0042186753716988434,0.0
0.404,0.4566567949471523,0.8943219477482884,0.004164914043354839,0.0
0.40425,0.4556108984534468,0.8947953954190453,0.004111592629366445,0.0
0.4045,0.45456480935309784,0.8952679641667345,0.004058710218415307,0.0
0.40475,0.45351852808531135,0.8957396523234209,0.004006264951145866,0.0
0.405,0.4524720553304018,0.8962104577553163,0.003954254657507539,0.0
0.40525,0.4514253916129807,0.8966803798673268,0.003902678466367382,0.0
0.4055,0.45037853736412004,0.897149417077614,0.0038515345811585,0.0
0.40575,0.4493314933293604,0.8976175676245077,0.0038008211820363957,0.0
0.406,0.448284260018065,0.898084829911113,0.0037505364862411295,0.0
0.40625,0.4472368379583802,0.8985512027314329,0.0037006790657834188,0.0
0.4065,0.44618922767728897,0.8990166849391628,0.0036512475428192026,0.0
0.40675,0.4451414297560774,0.8994812748994647,0.003602240123073308,0.0
0.407,0.44409344486627234,0.8999449706405329,0.00355365474616387,0.0
0.40725,0.44304527338980293,0.9004077716165497,0.003505490498445729,0.0
0.4075,0.44199691594896073,0.9008696762668791,0.0034577456602666867,0.0
0.40775,0.44094837321187796,0.9013306819390721,0.003410417547552669,0.0
0.408,0.4398996456902893,0.9017907881918319,0.0033635053887934863,0.0
0.40825,0.4388507338225178,0.9022499938548592,0.003317007723708354,0.0
0.4085,0.4378016383496419,0.9027082967101308,0.003270922279189792,0.0
0.40875,0.4367523596669809,0.9031656958172078,0.0032252477762195753,0.0
0.409,0.43570289838380916,0.9036221900065442,0.0031799828207672576,0.0
0.40925,0.4346532551530551,0.9040777766515333,0.0031351247216531153,0.0
0.4095,0.433603430470507,0.9045324555632419,0.0030906729120054877,0.0
0.40975,0.43255342487867665,0.9049862244490612,0.003046624946636989,0.0
0.41,0.43150323900231946,0.905439082111549,0.0030029793996113607,0.0
0.41025,0.43045287334554594,0.9058910274265344,0.002959734856459173,0.0
0.4105,0.42940232846509296,0.9063420585869721,0.0029168893058457712,0.0
0.41075,0.4283516048585625,0.9067921746009162,0.0028744414443737654,0.0
0.411,0.4273007032095677,0.9072413737225062,0.0028323893638912967,0.0
0.41125,0.4262496240749414,0.9076896540279122,0.0027907309370882594,0.0
0.4115,0.42519836795019117,0.9081370145452681,0.0027494648688168866,0.0
0.41175,0.4241469354465899,0.9085834540181779,0.0027085896532133003,0.0
0.412,0.4230953270785687,0.9090289706362569,0.002668103238421482,0.0
0.41225,0.42204354346358386,0.9094735629991675,0.0026280039843784575,0.0
0.4125,0.42099158507092405,0.909917230014166,0.002588290464825782,0.0
0.41275,0.4199394525159512,0.910359969976497,0.0025489607570323702,0.0
0.413,0.4188871463813477,0.9108017814110596,0.0025100131295787698,0.0
0.41325,0.4178346671455593,0.9112426631903432,0.0024714461204715654,0.0
0.4135,0.4167820154060511,0.9116826132653557,0.0024332574771639415,0.0
0.41375,0.4157291918699624,0.912121630347535,0.0023954456803447766,0.0
0.414,0.41467619693326263,0.9125597130079086,0.0023580089509489532,0.0
0.41425,0.41362303116598653,0.9129968601689811,0.0023209458997435206,0.0
0.4145,0.4125696952076279,0.9134330704160973,0.002284254856621981,0.0
0.41475,0.41151618949911395,0.9138683418862428,0.002247933658025225,0.0
0.415,0.41046251476771545,0.9143026728218402,0.0022119803507629765,0.0
0.41525,0.4094086714531038,0.9147360627585286,0.0021763940404753157,0.0
0.4155,0.4083546601043917,0.9151685095104511,0.0021411723048574416,0.0
0.41575,0.40730048134326857,0.915600011766351,0.0021063135461230065,0.0
0.416,0.4062461357642224,0.9160305681809433,0.0020718161216115583,0.0
0.41625,0.405191623766477,0.9164601772345051,0.0020376781474908956,0.0
0.4165,0.4041369461161253,0.9168888377569289,0.0020038982056505006,0.0
0.41675,0.4030821031870513,0.9173165480746945,0.001970474256287824,0.0
0.417,0.4020270956017793,0.9177433068259688,0.0019374046425586489,0.0
0.41725,0.40097192402007487,0.9181691123794451,0.0019046874728247953,0.0
0.4175,0.3999165888686367,0.9185939634526932,0.001872321078915773,0.0
0.41775,0.3988610907689214,0.9190178587502658,0.0018403038565064644,0.0
0.418,0.397805430334758,0.9194407960723581,0.001808633365671053,0.0
0.41825,0.39674960807699833,0.9198627749127652,0.001777308676666145,0.0
0.4185,0.39569362458194846,0.9202837927944074,0.0017463270782975826,0.0
0.41875,0.39463748039821134,0.9207038489877348,0.0017156874462325167,0.0
0.419,0.3935811760637886,0.9211229420771616,0.0016853880199316773,0.0
0.41925,0.3925247121326283,0.9215410706329763,0.0016554270297621798,0.0
0.4195,0.39146808916956033,0.9219582326710949,0.0016258021976447434,0.0
0.41975,0.3904113077481508,0.9223744275162673,0.001596512450788845,0.0
0.42,0.3893543683774858,0.9227896532972935,0.0015675555883236658,0.0
0.42025,0.38829727168678296,0.9232039087523845,0.0015389300147450324,0.0
0.4205,0.3872400181431441,0.9236171925771686,0.0015106340302297738,0.0
0.42075,0.3861826084750035,0.924029502497639,0.0014826651393384793,0.0
0.421,0.38512504311468554,0.924440837941944,0.0014550222995000084,0.0
0.42125,0.38406732263148236,0.9248511969836528,0.0014277032693925662,0.0
0.4215,0.38300944764396583,0.9252605784130452,0.0014007064855598994,0.0
0.42175,0.38195141868330396,0.9256689806992426,0.001374030052189612,0.0
0.422,0.3808932362541171,0.9260764025988664,0.0013476723269456592,0.0
0.42225,0.37983490099580663,0.9264828424627609,0.0013216313414843306,0.0
0.4225,0.37877641338077517,0.926888298550459,0.0012959049768297426,0.0
0.42275,0.37771777412522667,0.9272927697309044,0.0012704917679975392,0.0
0.423,0.37665898368268813,0.9276962544246814,0.0012453897334352426,0.0
0.42325,0.3756000425490402,0.9280987516991672,0.0012205975050620932,0.0
0.4235,0.3745409514346765,0.9285002596487502,0.001196112891669765,0.0
0.42375,0.3734817108336639,0.9289007765160449,0.0011719337553124376,0.0
0.424,0.3724223213106441,0.9293003013457337,0.0011480587264203201,0.0
0.42425,0.37136278339962203,0.9296988325656557,0.0011244858499155352,0.0
0.4245,0.37030309762669766,0.9300963688212178,0.0011012133677306135,0.0
0.42475,0.36924326466692925,0.9304929084364915,0.0010782392762780368,0.0
0.425,0.36818328505255593,0.9308884500866412,0.001055561842998154,0.0
0.42525,0.36712315932460093,0.9312829919311554,0.001033178857084982,0.0
0.4255,0.36606288794677155,0.9316765334820474,0.001011089335705151,0.0
0.42575,0.3650024715634448,0.9320690728013616,0.0009892910117537124,0.0
0.426,0.3639419107919366,0.9324606081030637,0.0009677817466560157,0.0
0.42625,0.3628812060351905,0.9328511384932128,0.000946560152757403,0.0
0.4265,0.36182035811350666,0.9332406617772051,0.0009256237801797962,0.0
0.42675,0.36075936735139713,0.933629177148319,0.0009049712906952223,0.0
0.427,0.3596982343161077,0.934016683330448,0.0008846009954073253,0.0
0.42725,0.3586369596691217,0.9344031782926407,0.0008645105328191072,0.0
0.4275,0.35757554396387725,0.9347886610978122,0.0008446985212555713,0.0
0.42775,0.3565139876626411,0.9351731299353858,0.0008251627293669461,0.0
0.428,0.3554522914459124,0.9355565835465427,0.0008059015170869266,0.0
0.42825,0.35439045594825735,0.9359390198001094,0.0007869124102308778,0.0
0.4285,0.3533284814866082,0.936320438193782,0.0007681943432396032,0.0
0.42875,0.3522663688045551,0.9367008369839311,0.0007497452396099114,0.0
0.429,0.3512041184236878,0.9370802144756567,0.0007315629875488394,0.0
0.42925,0.3501417308393293,0.9374585695280473,0.0007136459830723307,0.0
0.4295,0.34907920666410064,0.9378359008149673,0.0006959924885574509,0.0
0.42975,0.3480165464102942,0.938212206484188,0.000678600236498017,0.0
0.43,0.34695375071796164,0.9385874852132972,0.0006614674985154778,0.0
0.43025,0.3458908201768036,0.9389617353341677,0.0006445922026128148,0.0
0.4305,0.34482775517628106,0.9393349563669986,0.0006279733212062322,0.0
0.43075,0.3437645563672316,0.9397071460712638,0.000611608263545449,0.0
0.431,0.3427012243148546,0.9400783030323083,0.0005954951822464416,0.0
0.43125,0.34163775972666244,0.9404484254207759,0.0005796318871724715,0.0
0.4315,0.3405741629352086,0.940817512223326,0.0005640168250635735,0.0
0.43175,0.3395104346066269,0.9411855625380241,0.0005486486607222396,0.0
0.432,0.3384465753235517,0.9415525741360469,0.0005335247808824217,0.0
0.43225,0.3373825855707526,0.9419185456276651,0.0005186433264210422,0.0
0.4325,0.3363184659809342,0.9422834757510898,0.0005040026073477311,0.0
0.43275,0.33525421706843517,0.9426473635115826,0.0004896011441135606,0.0
0.433,0.3341898394496887,0.9430102065906922,0.000475436243003724,0.0
0.43325,0.33312533364689045,0.9433720039252407,0.000461506359578312,0.0
0.4335,0.33206070015373435,0.9437327542140181,0.000447809714712033,0.0
0.43375,0.33099593966290186,0.9440924558145625,0.0004343442721761459,0.0
0.434,0.32993105267083145,0.9444511072776294,0.0004211081111908932,0.0
0.43425,0.3288660397258454,0.9448087073010782,0.000408099465860845,0.0
0.4345,0.3278009013600425,0.9451652547741247,0.00039531674468196165,0.0
0.43475,0.3267356381699571,0.9455207477446734,0.0003827575813046824,0.0
0.435,0.3256702506837357,0.9458751849477736,0.0003704202346208607,0.0
0.43525,0.3246047395418472,0.946228564721622,0.0003583026237006237,0.0
0.4355,0.3235391052257146,0.9465808859559957,0.0003464031361803954,0.0
0.43575,0.3224733483964961,0.9469321467013998,0.00033471942273877175,0.0
0.436,0.3214074694588085,0.9472823462714288,0.00032325024534851643,0.0
0.43625,0.32034146916712025,0.9476314821157317,0.0003119927127772648,0.0
0.4365,0.31927534800085233,0.9479795536507396,0.00030094570630145867,0.0
0.43675,0.3182091064179495,0.9483265593567296,0.0002901072132437399,0.0
0.437,0.3171427450765485,0.9486724977346199,0.0002794753031429842,0.0
0.43725,0.31607626458150584,0.9490173670112156,0.0002690477669986535,0.0
0.4375,0.3150096654132213,0.9493611659767964,0.00025882288964185207,0.0
0.43775,0.31394294810313994,0.9497038933228978,0.00024879887773954223,0.0
0.438,0.31287611326090925,0.950045547528866,0.00023897376010917348,0.0
0.43825,0.3118091614501477,0.9503861269604243,0.00022934544187425132,0.0
0.4385,0.31074209323326585,0.9507256305385852,0.00021991235426921385,0.0
0.43875,0.3096749092517559,0.9510640562452366,0.00021067205950453527,0.0
0.439,0.3086076098907089,0.9514014033378118,0.0002016232518389227,0.0
0.43925,0.3075401957697199,0.9517376698855955,0.00019276356777364612,0.0
0.4395,0.3064726675768199,0.9520728541010754,0.00018409079919878835,0.0
0.43975,0.30540502569068373,0.952406955542763,0.00017560392331184005,0.0
0.44,0.30433727077618933,0.9527399722012788,0.00016730051206592655,0.0
0.44025,0.30326940336022723,0.9530719026376175,0.00015917863695902312,0.0
0.4405,0.302201424098703,0.9534027451245066,0.0001512361329305545,0.0
0.44075,0.3011333333924213,0.953732498589666,0.0001434713810406496,0.0
0.441,0.3000651319617713,0.9540611614012278,0.00013588232474437412,0.0
0.44125,0.29899682026915997,0.9543887321596074,0.00012846705025415517,0.0
0.4415,0.2979283988057251,0.9547152097975342,0.00012122396922120693,0.0
0.44175,0.2968598683176129,0.9550405922803478,0.0001141506451891594,0.0
0.442,0.2957912292404501,0.9553648784386795,0.00010724537407957868,0.0
0.44225,0.2947224822196812,0.9556880665900849,0.00010050602348199433,0.0
0.4425,0.2936536276952104,0.9560101559840035,9.393129001433742e-05,0.0
0.44275,0.29258466626692226,0.9563311441472564,8.751827053954386e-05,0.0
0.443,0.2915155985574778,0.9566510307566318,8.12661229341316e-05,0.0
0.44325,0.2904464251165031,0.9569698132243971,7.517181744587376e-05,0.0
0.4435,0.2893771464879986,0.9572874906837541,6.923396789648706e-05,0.0
0.44375,0.2883077631992723,0.9576040620507058,6.345097547666434e-05,0.0
0.444,0.28723827580901506,0.9579195253294515,5.7820376970774134e-05,0.0
0.44425,0.2861686848651317,0.9582338794257552,5.2340568618358674e-05,0.0
0.4445,0.2850989909871249,0.9585471228528135,4.700959069081634e-05,0.0
0.44475,0.2840291947086264,0.9588592538270149,4.182517359274662e-05,0.0
0.445,0.2829592966593193,0.9591702709242185,3.6785418804141656e-05,0.0
0.44525,0.2818892972325244,0.9594801732990206,3.1888915630995385e-05,0.0
0.4455,0.28081919715444137,0.9597889586139985,2.7132915806804547e-05,0.0
0.44575,0.2797489969072835,0.9600966260196557,2.25160289932802e-05,0.0
0.446,0.2786786971563462,0.9604031741628916,1.80364328015159e-05,0.0
0.44625,0.27760829828165257,0.9607086010088537,1.3691569882290366e-05,0.0
0.4465,0.2765378010411581,0.961012905305239,9.479739014883748e-06,0.0
0.44675,0.2754672058495675,0.961316085858698,5.399200052158548e-06,0.0
0.447,0.2743965132914039,0.9616181411570286,1.4479533410050038e-06,13.692345666544819
0.44725,0.2733264942247229,0.9619217747508416,4.3659239779003656e-07,3.842845297109477
0.4475,0.27225655013696415,0.9622248838963027,1.7814085140344105e-07,1.3149729654887166
0.44775,0.27118652922286657,0.9625269297966952,1.1210789208071503e-07,0.6665524875280839
0.448,0.27011639362789663,0.9628277759721957,9.614504814514646e-08,0.5019738916302253
0.44825,0.2690461347574807,0.9631273857886428,9.194199845907747e-08,0.4528913786870939
0.4485,0.26797575131762685,0.9634257528415494,9.226627217806538e-08,0.43847792999886287
0.44875,0.26690524360576795,0.9637228725841283,9.210302476247989e-08,0.4297872224822043
0.449,0.26583461295763944,0.9640187477372575,9.37176196647016e-08,0.4310459724979889
0.44925,0.2647638603160594,0.9643133739501958,9.245433174598361e-08,0.4232417579694828
0.4495,0.26369298704110467,0.9646067568225865,9.336121986613932e-08,0.4210339653904805
0.44975,0.2626219942776835,0.9648988958775817,9.557207736321516e-08,0.41412117137369364
0.45,0.26155088330234494,0.9651897878986145,9.56100001392457e-08,0.41723973639087447
0.45025,0.2604796551921612,0.9654794355121904,9.558297797696014e-08,0.4109346040890663
0.4505,0.25940831114458573,0.9657678400223999,9.635620434877978e-08,0.40481011817758794
0.45075,0.2583368525136205,0.9660550012236655,9.737794548492218e-08,0.4023221147245489
0.451,0.2572652803130831,0.9663409188349836,9.79346999052666e-08,0.4037561160190586
0.45125,0.25619359578835954,0.966625593694395,9.845400072983068e-08,0.39679849356649877
0.4515,0.25512180011670865,0.9669090259683019,9.869687511709913e-08,0.3942739941108619
0.45175,0.2540498944491647,0.9671912170579304,9.961181124396035e-08,0.38816413696333407
0.452,0.25297788007234895,0.9674721663706051,1.0025386076861764e-07,0.39001101793275195
0.45225,0.25190575805212717,0.9677518739780128,1.002638811975487e-07,0.3832622634886043
0.4525,0.2508335296300159,0.9680303423085113,1.0160828756156093e-07,0.3823037231550121
0.45275,0.24976119589937484,0.9683075695200216,1.0208342349216082e-07,0.3759990977559386
0.453,0.24868875816965982,0.9685835560757668,1.0177016762646929e-07,0.3767770319066166
0.45325,0.24761621744130605,0.9688583049968551,1.0315065424038039e-07,0.37167990551697166
0.4535,0.2465435749551167,0.9691318138148776,1.0344987644295145e-07,0.3676324170141995
0.45375,0.24547083190072705,0.969404084465765,1.0414646611778267e-07,0.3664075377114826
0.454,0.2443979894146842,0.9696751171146086,1.0499057956359081e-07,0.36333055814410176
0.45425,0.243325048573046,0.9699449111375988,1.0495239433083725e-07,0.3598090524788623
0.4545,0.24225201060088863,0.970213468792561,1.0583332787916788e-07,0.3558215635590815
0.45475,0.24117887668073212,0.9704807891297236,1.0631340985334248e-07,0.35296603842678675
0.455,0.24010564797422515,0.970746873263414,1.0706990294373497e-07,0.3536670151232529
0.45525,0.23903232540434444,0.9710117210161372,1.0746945866557667e-07,0.34669657112831326
0.4555,0.23795891038721664,0.9712753328987678,1.0766513591775606e-07,0.3446418745134554
0.45575,0.23688540393657576,0.9715377105945038,1.0885269619009819e-07,0.34128902617095885
0.456,0.23581180726956183,0.9717988524374054,1.0902319158567764e-07,0.3410142164735431
0.45625,0.2347381213753105,0.9720587600718247,1.0932958560694317e-07,0.3357216204586255
0.4565,0.23366434752527881,0.9723174340753423,1.0995562993443286e-07,0.33455202468034595
0.45675,0.23259048675633487,0.9725748746430511,1.1065824145894965e-07,0.32946350346924175
0.457,0.23151654025429955,0.9728310816776553,1.1094471252803828e-07,0.329512206006511
0.45725,0.23044250922794293,0.9730860563173725,1.1152927736901574e-07,0.3255511350934631
0.4575,0.22936839454516453,0.9733397986661856,1.1204187222446649e-07,0.3235275794481582
0.45775,0.22829419757777814,0.9735923091432142,1.1253524245802282e-07,0.318739392902761
0.458,0.22721991935915672,0.9738435880611183,1.1288066104064853e-07,0.3182101673912169
0.45825,0.22614556089977722,0.9740936362695308,1.1346772965659113e-07,0.31510456486267857
0.4585,0.22507112347863928,0.974342453982098,1.1412789024944914e-07,0.31096007527015573
0.45875,0.2239966081959146,0.97459004120077,1.1444548975170221e-07,0.3099214384840273
0.459,0.2229220160383813,0.9748363987362356,1.1476781813790637e-07,0.30721247640442106
0.45925,0.22184734827441016,0.9750815271708876,1.1528314236564086e-07,0.30393553923563793
0.4595,0.22077260583762506,0.9753254268246904,1.1584954329180164e-07,0.30203540452839234
0.45975,0.2196977899325585,0.9755680978728876,1.1624428064571646e-07,0.29903313546174803
0.46,0.21862290169911597,0.9758095408709972,1.1660109699995758e-07,0.29741207897544863
0.46025,0.21754794217567738,0.9760497564139547,1.1707029923258006e-07,0.29365359807839175
0.4605,0.21647291247940537,0.9762887448745928,1.1760305507202418e-07,0.29157069784892536
0.46075,0.2153978135631931,0.976526506645861,1.1813487965639524e-07,0.28937313211199195
0.461,0.21432264692058814,0.9767630418424286,1.1844615332989861e-07,0.28827461625151857
0.46125,0.21324741310952955,0.9769983513905972,1.1890891848942431e-07,0.2839481470864741
0.4615,0.2121721136905879,0.9772324354204369,1.193328378334968e-07,0.28147909458426107
0.46175,0.21109674944685608,0.9774652944356621,1.197266050745327e-07,0.2794208388923482
0.462,0.2100213215363011,0.9776969288886752,1.2012909356151624e-07,0.27830628034276833
0.46225,0.20894583130438532,0.9779273392254352,1.2061200282964535e-07,0.2742244736932297
0.4625,0.20787027938623917,0.978156525807521,1.2101596902347467e-07,0.2734344370974939
0.46275,0.20679466719494144,0.9783844890554415,1.2140226468559945e-07,0.26863587173609416
0.463,0.20571899566379795,0.9786112294658976,1.2180683128804048e-07,0.26973807774542596
0.46325,0.2046432659021704,0.9788367474454384,1.2221432821313272e-07,0.2652024853658765
0.4635,0.20356747891093793,0.979061043401094,1.2258788961716505e-07,0.2633692721129839
0.46375,0.20249163596947284,0.979284117779474,1.2298635043705985e-07,0.26148524941359386
0.464,0.201415738049871,0.9795059710061305,1.2338541077738796e-07,0.25935192839351034
0.46425,0.20033978608269012,0.9797266035232097,1.2376938363090062e-07,0.2565997468534396
0.4645,0.1992637813614236,0.9799460157445482,1.2416802608328226e-07,0.2541299168218051
0.46475,0.19818772469957224,0.9801642080154993,1.2444811448020232e-07,0.2525941501188092
0.465,0.19711161764784527,0.9803811810640031,1.2499809209920443e-07,0.2513450613146301
0.46525,0.19603546050796336,0.980596934874355,1.2523076686754564e-07,0.24749295738916077
0.4655,0.1949592549373725,0.9808114702202186,1.256006332273074e-07,0.24599368024055715
0.46575,0.19388300167510053,0.981024787369817,1.2588626296938799e-07,0.2437742678918637
0.466,0.19280670227161115,0.981236887015188,1.2644004732109693e-07,0.24255064463371157
0.46625,0.19173035713376027,0.9814477691235568,1.2668211479827107e-07,0.23992521608338385
0.4665,0.1906539677844045,0.9816574344786851,1.2704959728715437e-07,0.2370001960456069
0.46675,0.18957753486547801,0.981865883370407,1.2732620247035698e-07,0.23591214913460457
0.467,0.18850106007869882,0.9820731164761554,1.2787798264746186e-07,0.2346121918377197
0.46725,0.18742454374271544,0.9822791336987033,1.2804851201586587e-07,0.23096585554312266
0.4675,0.1863479874580554,0.9824839360932909,1.2855550846069264e-07,0.22985909998538903
0.46775,0.18527139176730856,0.9826875234887318,1.2871389798441157e-07,0.22732223198350654
0.468,0.1841947581664876,0.9828898970680412,1.2934720938773125e-07,0.22566536019190486
0.46825,0.1831180876727343,0.9830910561014704,1.2930980353154098e-07,0.2242220296145258
0.4685,0.18204138094383177,0.9832910022087233,1.2970027807313045e-07,0.22168656389186306
0.46875,0.1809646394552189,0.9834897353304441,1.301167438239048e-07,0.22042945950752263
0.469,0.1798878639610793,0.9836872557921736,1.304042001049055e-07,0.2179041569066686
0.46925,0.17881105578159856,0.9838835640243488,1.306134840284301e-07,0.21623203694429408
0.4695,0.17773421554196342,0.984078660989984,1.3119506991898788e-07,0.21458389097612623
0.46975,0.17665734446593362,0.9842725461024848,1.3118240316245533e-07,0.21225291903530094
0.47,0.17558044375281753,0.9844652211168764,1.3190855963074455e-07,0.21037016796784067
0.47025,0.17450351448694482,0.9846566850124477,1.3195399040100142e-07,0.20884336700728645
0.4705,0.17342655718992056,0.9848469393242494,1.323175364831286e-07,0.20723745437073057
0.47075,0.1723495734133742,0.9850359838130451,1.3243114405092626e-07,0.20481184406078776
0.471,0.17127256406722277,0.9852238194875581,1.328438978820401e-07,0.20402507480418045
0.47125,0.17019553009687372,0.9854104466077896,1.3337435067484193e-07,0.20114714060280856
0.4715,0.1691184722691729,0.9855958649199036,1.333049270968445e-07,0.2004044939755719
0.47175,0.16804139196774415,0.9857800758443496,1.3367306528344614e-07,0.19771737895668484
0.472,0.16696429049749398,0.9859630796387187,1.3435598988920106e-07,0.19646821269654235
0.47225,0.16588716824851557,0.9861448756642649,1.341941908705735e-07,0.1949161443076006
0.4725,0.16481002651701626,0.9863254656852075,1.3454983149863153e-07,0.1932292842916831
0.47275,0.16373286634915019,0.9865048494146818,1.34720787192677e-07,0.19147422419354046
0.473,0.16265568872590783,0.9866830279381894,1.3534807741244492e-07,0.18902806842736639
0.47325,0.16157849475412622,0.9868600006117618,1.353872187692673e-07,0.18814705775437982
0.4735,0.1605012852402894,0.9870357687109252,1.356392667073436e-07,0.18659451788112918
0.47375,0.15942406136630893,0.9872103324110171,1.358807903972803e-07,0.1849836861467134
0.474,0.158346824183535,0.9873836923510381,1.363248811614426e-07,0.18262745245227682
0.47425,0.15726957454719354,0.987555848463172,1.3645602603418183e-07,0.18157101774099146
0.4745,0.15619231347132845,0.9877268017079806,1.367998916368407e-07,0.1802564597890853
0.47475,0.15511504209663585,0.9878965517175935,1.365900670347031e-07,0.17856263601999153
0.475,0.15403776145131975,0.9880651004671509,1.373570379659128e-07,0.17630243659337558
0.47525,0.15296047265866217,0.9882324466418149,1.3739580495553128e-07,0.17532387218050496
0.4755,0.15188317636016171,0.9883985916567237,1.3762511397175103e-07,0.1736638408798641
0.47575,0.15080587342126606,0.9885635356040865,1.3769219187054205e-07,0.17229726154650243
0.476,0.14972856573534196,0.9887272794694295,1.382820813411456e-07,0.1706453473137404
0.47625,0.1486512534259583,0.9888898226835137,1.3827606015759386e-07,0.16911399151730253
0.4765,0.14757393789994575,0.9890511663972751,1.38449544051511e-07,0.16763895255450578
0.47675,0.14649661996950414,0.9892113108460805,1.385841454926151e-07,0.1666021365335782
0.477,0.14541930072550657,0.9893702570532487,1.3928254349870883e-07,0.16387777214131086
0.47725,0.14434198139343266,0.9895280039899018,1.3913640084517453e-07,0.16344761291361823
0.4775,0.143264662571093,0.9896845533940535,1.3938418841341615e-07,0.16153175638922362
0.47775,0.1421873454852829,0.9898399054090774,1.397781914658225e-07,0.16123479184007447
0.478,0.1411100311415606,0.9899940601019827,1.3996298031671017e-07,0.15852406387000034
0.47825,0.1400327204967886,0.9901470179614558,1.399938378554566e-07,0.15714555560770738
0.4785,0.13895541441767106,0.9902987797242021,1.40159605477308e-07,0.15655082813018487
0.47875,0.13787811376303694,0.9904493457492336,1.403749589901082e-07,0.15456090757525912
0.479,0.13680082077134997,0.9905987166629744,1.4100901357672058e-07,0.15368825464653418
0.47925,0.13572353418490776,0.9907468917434434,1.4061545816623777e-07,0.15166155444754392
0.4795,0.13464625699813493,0.990893873257342,1.4129126268969117e-07,0.1508611805985606
0.47975,0.13356898922546634,0.9910396599331719,1.4122157487861386e-07,0.14968190371463422
0.48,0.1324917322505097,0.9911842535984391,1.418481077042344e-07,0.14793226480257896
0.48025,0.13141448690540206,0.9913276531432854,1.4162758210645165e-07,0.14617212773418523
0.4805,0.13033725390357628,0.9914698605735329,1.420904029991732e-07,0.1457517638043856
0.48075,0.1292600346490289,0.991610874851915,1.4184101404524085e-07,0.14410487153452442
0.481,0.128182830274809,0.9917506977302726,1.4221286126492316e-07,0.14226208018877512
0.48125,0.12710564062181964,0.9918893290864332,1.425166986646076e-07,0.14175498928959646
0.4815,0.12602846807029286,0.992026769478673,1.4306320816892537e-07,0.14056002183724595
0.48175,0.12495131311085572,0.9921630178540397,1.423226712038428e-07,0.1390142356092969
0.482,0.12387417679131509,0.9922980771277553,1.4277357318626116e-07,0.137355066454652
0.48225,0.12279705970546072,0.9924319467008752,1.4335238729401567e-07,0.13634878695014038
0.4825,0.12171996301216824,0.9925646260185637,1.4310951712559472e-07,0.1358050419312461
0.48275,0.12064288804184997,0.9926961171636464,1.437334187226469e-07,0.1343861986686139
0.483,0.11956583565413735,0.992826419274525,1.4393256320133219e-07,0.13225291392222438
0.48325,0.11848880621336097,0.9929555329945593,1.4385117808046743e-07,0.13177172155825623
0.4835,0.11741180143763971,0.9930834596783252,1.4450174123936677e-07,0.13079043687821262
0.48375,0.11633482181748889,0.9932101977767047,1.4386746349792645e-07,0.12943118917641333
0.484,0.11525786900441494,0.9933357499567921,1.4425482031121817e-07,0.1275818515277483
0.48425,0.11418094304824197,0.9934601158248303,1.447450250768867e-07,0.12719676787901193
0.4845,0.11310404570434564,0.9935832945426256,1.4417442395497915e-07,0.1260526612316314
0.48475,0.1120271774044923,0.9937052889605695,1.4489270272477484e-07,0.1249782790313731
0.485,0.11095033964326753,0.9938260975948398,1.4506376166956159e-07,0.12310343115906479
0.48525,0.10987353279968148,0.9939457216276061,1.4537584203111464e-07,0.12255385096488795
0.4855,0.10879675839106492,0.9940641611979678,1.4560730088319929e-07,0.12170445443259295
0.48575,0.10772001660723873,0.9941814158613482,1.4481095900187313e-07,0.12040540327714482
0.486,0.10664330959229025,0.9942974889061214,1.4596289710233634e-07,0.1186895452061295
0.48625,0.1055666375687066,0.994412377356108,1.456032840962962e-07,0.11832789187391672
0.4865,0.10449000160259525,0.9945260838084283,1.4590510910572618e-07,0.11703663699641825
0.48675,0.10341340241799912,0.9946386076675964,1.4583129015477425e-07,0.11657176769958663
0.487,0.10233684150572453,0.9947499499576813,1.4603507780819314e-07,0.11441095139026368
0.48725,0.10126031932956871,0.9948601113558834,1.4671887282879936e-07,0.1138878886454684
0.4875,0.10018383734114879,0.9949690908881935,1.4654362723298675e-07,0.11292627521460896
0.48775,0.09910739606991825,0.9950768895965538,1.4608244525149416e-07,0.11257502967846778
0.488,0.09803099681255326,0.9951835093274647,1.4678668458500965e-07,0.10998089866670592
0.48825,0.09695464056520482,0.9952889488672229,1.4703216377753847e-07,0.10980388658342868
0.4885,0.09587832777393318,0.9953932087526682,1.4688381844152332e-07,0.109198128988376
0.48875,0.09480205949737552,0.9954962899619062,1.4690642102799245e-07,0.10830022807177271
0.489,0.09372583801202702,0.9955981930753816,1.4738300002647975e-07,0.10566392088576718
0.48925,0.092649661953635,0.9956989175574343,1.471425739030252e-07,0.10599756350059257
0.4895,0.09157353428066034,0.9957984644428313,1.4698366523901996e-07,0.10550949543573697
0.48975,0.09049745523371655,0.9958968344060466,1.470918706836244e-07,0.10444044417298445
0.49,0.08942142557051493,0.9959940284343408,1.4801395398222894e-07,0.10213105396895178
0.49025,0.08834544651739457,0.9960900449092468,1.4774382051108148e-07,0.10246674512408539
0.4905,0.0872695190550715,0.9961848853024448,1.4733056330484828e-07,0.10128842382460163
0.49075,0.08619364362547799,0.9962785509639929,1.4765616374035062e-07,0.10034287255518833
0.491,0.08511782205253152,0.9963710419466251,1.4843037376977009e-07,0.09873540305246635
0.49125,0.08404205455904323,0.9964623569595813,1.4788596369719187e-07,0.09842161228050106
0.4915,0.08296634272302782,0.9965524988455803,1.4849009155604165e-07,0.09773990918534319
0.49175,0.08189068714000314,0.9966414660713276,1.482665226149038e-07,0.09760075885018592
0.492,0.08081508873182677,0.996729260066058,1.4821927130093115e-07,0.09459901941143085
0.49225,0.07973954824648415,0.9968158820921278,1.491728189861874e-07,0.09475977285638845
0.4925,0.07866406728885805,0.9969013304109631,1.4902877598643727e-07,0.09419289687814689
0.49275,0.07758864625490958,0.9969856063744347,1.4867272324359249e-07,0.0938459595583785
0.493,0.07651328679958044,0.9970687110330412,1.487889713658319e-07,0.0914835372159091
0.49325,0.07543798833710677,0.9971506446066194,1.4906186196483873e-07,0.09140736512534822
0.4935,0.07436275344429728,0.9972314068778312,1.4898166678101177e-07,0.09093132287686967
0.49375,0.07328758274338298,0.9973109987519528,1.4900798195327525e-07,0.09016935648557921
0.494,0.07221247636356339,0.9973894212350339,1.4966704586782953e-07,0.08813345478090052
0.49425,0.07113743640893376,0.9974666727538462,1.490567205220117e-07,0.08851140570756132
0.4945,0.07006246291735845,0.9975427554337751,1.4881421628309965e-07,0.0870992972065777
0.49475,0.06898755679988255,0.9976176701129802,1.4935742287391918e-07,0.08711590762546875
0.495,0.06791272007834641,0.9976914156103905,1.4916554125221637e-07,0.08491937233632382
0.49525,0.06683795273438004,0.9977639942188015,1.5004257858386438e-07,0.08482064951971248
0.4955,0.0657632556808794,0.9978354041605499,1.4979698703676547e-07,0.08464219382253398
0.49575,0.06468863038457329,0.997905647046089,1.4965374162123624e-07,0.08439252654087145
0.496,0.06361407787417905,0.9979747228961973,1.4922175073373012e-07,0.0812359182232301
0.49625,0.06253959809950604,0.9980426337456931,1.500522324171527e-07,0.08194305226836822
0.4965,0.06146519356696185,0.9981093776760847,1.4991257124563617e-07,0.08134841205462635
0.49675,0.06039086383396608,0.9981749560435063,1.4965352290730038e-07,0.08071986924420098
0.497,0.05931661067783066,0.9982393700705833,1.501305988416135e-07,0.07880003815348739
0.49725,0.058242434580255145,0.9983026192502162,1.5039382761372622e-07,0.07902019393785906
0.4975,0.05716833653220181,0.9983647036460812,1.5009408205202135e-07,0.07832743302259702
0.49775,0.05609431768765205,0.9984256245697765,1.5013718446255098e-07,0.07835526142236213
0.498,0.055020379248214825,0.9984853821993488,1.5029918731812586e-07,0.0755975704699479
0.49825,0.05394652124250546,0.9985439767023483,1.5028134270345106e-07,0.07606144359812823
0.4985,0.05287274569139594,0.9986014090647845,1.5071154857437818e-07,0.07598805810424689
0.49875,0.05179905268123264,0.9986576784900905,1.5033293365718237e-07,0.07468159835004674
0.499,0.05072544388778842,0.9987127863109867,1.5009932252674218e-07,0.07252005820441217
0.49925,0.04965191960220188,0.9987667339255288,1.5095821437327572e-07,0.07384077227853511
0.4995,0.0485784814445412,0.9988195192855949,1.504826709908258e-07,0.07298988310134524
0.49975,0.04750512934789697,0.9988711450623242,1.5087622817766544e-07,0.07255451645670108
0.5,0.04643186565119312,0.9989216094186341,1.4995567099163054e-07,0.06964101245218846
0.50025,0.04535869017479741,0.9989709164474209,1.5134107500536231e-07,0.07103881344699038
0.5005,0.04428560398937017,0.9990190626034011,1.5108282935827333e-07,0.06992546091901938
0.50075,0.04321260822054285,0.9990660497274462,1.5061360159052128e-07,0.07012979035100414
0.501,0.04213970447047086,0.9991118792696557,1.5099528938300466e-07,0.06782368484930136
0.50125,0.04106689251657886,0.9991565504067059,1.5094078698041358e-07,0.06817596769014571
0.5015,0.039994174185013324,0.9992000640240025,1.509571445623692e-07,0.06744064539586642
0.50175,0.03892154973059547,0.9992424204928625,1.5097292149768293e-07,0.06806936129186283
0.502,0.037849020948033586,0.9992836199063619,1.5069993208882693e-07,0.06434456211965307
0.50225,0.036776587886116936,0.9993236634837981,1.509076008598953e-07,0.06562412587938607
0.5025,0.03570425215873284,0.9993625516078999,1.515892218417747e-07,0.06617585806766643
0.50275,0.034632013805696006,0.9994002836437336,1.5166369493613274e-07,0.06945956368049037
0.503,0.03355987534155781,0.9994368605920764,1.51771531786693e-07,0.07476837822398259
0.50325,0.03248783619624279,0.9994722851756425,1.5416745546836808e-07,0.11023149762557495
0.5035,0.03141589813832365,0.9995065630247278,1.6409265746197832e-07,0.24024797942579912
0.50375,0.03034406263486744,0.9995397112404021,1.9824184804839717e-07,0.7230552934886846
0.504,0.02927233277420588,0.9995718010881469,3.274982691703343e-07,2.5274652949278265
0.50425,0.02820071670945623,0.99960309006876,8.090486429690458e-07,0.0
0.5045,0.027129204858148626,0.9996332199468441,1.2840879410891404e-06,0.0
0.50475,0.02605779840602196,0.999662192474787,1.753959095296409e-06,0.0
0.505,0.024986498353577247,0.9996900068633465,2.217458747066914e-06,0.0
0.50525,0.023915305384058172,0.9997166636406689,2.6746926444776165e-06,0.0
0.5055,0.0228442208674835,0.9997421640977393,3.1265460491702868e-06,0.0
0.50575,0.02177324528699387,0.999766507661036,3.5720191564614368e-06,0.0
0.506,0.020702379811766036,0.9997896949877685,4.011358757383121e-06,0.0
0.50625,0.019631625533612862,0.9998117266577822,4.4447318761076104e-06,0.0
0.5065,0.018560982963940376,0.9998326026126847,4.871656054561413e-06,0.0
0.50675,0.017490453394664485,0.9998523242859108,5.293155935781613e-06,0.0
0.507,0.016420037551242217,0.999870890560544,5.707695470924534e-06,0.0
0.50725,0.015349736718704321,0.9998883034282926,6.1168563134650356e-06,0.0
0.5075,0.014279551802339085,0.9999045625938408,6.519926573078649e-06,0.0
0.50775,0.013209483368974873,0.999919667718359,6.916146517710331e-06,0.0
0.508,0.012139532810572007,0.9999336202073863,7.306512261662235e-06,0.0
0.50825,0.011069700427469797,0.9999464193966503,7.689936300181444e-06,0.0
0.5085,0.009999987635062269,0.9999580669870056,8.067710001169459e-06,0.0
0.50875,0.008930395600664554,0.9999685628899329,8.439331259824101e-06,0.0
0.509,0.007860924813741121,0.9999779070038954,8.804278651686204e-06,0.0
0.50925,0.006791576355318796,0.9999861002836496,9.163092964614705e-06,0.0
0.5095,0.005722351216974175,0.9999931427786635,9.51540862792477e-06,0.0
0.50975,0.004653250476572168,0.9999990346678373,9.860989682586307e-06,0.0
0.51,0.0035842747098655536,1.0000037770610248,1.0200528730353042e-05,0.0
0.51025,0.002515424910662034,1.0000073692943232,1.0532947245511792e-05,0.0
0.5105,0.001446702511465503,1.0000098133419613,1.0859805222862562e-05,0.0
0.51075,0.00037810805530114067,1.0000111081111953,1.1179593249588393e-05,0.0
0.511,-0.0006903571436041034,1.000011255192419,1.1493486201441527e-05,0.0
0.51125,-0.0017586927426975763,1.0000102540857512,1.1800568779252174e-05,0.0
0.5115,-0.0028268973396023966,1.0000081052520216,1.2100885937726957e-05,0.0
0.51175,-0.00389497066057487,1.0000048092733067,1.2394606281329601e-05,0.0
0.512,-0.004962910540029952,1.000000366727221,1.2681887387344659e-05,0.0
0.51225,-0.006030717244087214,0.9999947769840816,1.2961688957924267e-05,0.0
0.5125,-0.00709838907412319,0.9999880424603447,1.323600796387936e-05,0.0
0.51275,-0.00816592532439131,0.9999801617999395,1.3503073752030303e-05,0.0
0.513,-0.009233325087002697,0.9999711355674634,1.3763035411784585e-05,0.0
0.51325,-0.010300587293947672,0.9999609653666965,1.4017079608796834e-05,0.0
0.5135,-0.011367711261613067,0.9999496502209411,1.4263816426662856e-05,0.0
0.51375,-0.01243469554484733,0.9999371914472164,1.4504141135018855e-05,0.0
0.514,-0.013501539609741542,0.9999235894981666,1.473809475993626e-05,0.0
0.51425,-0.014568242440354595,0.9999088434897061,1.496437639492143e-05,0.0
0.5145,-0.01563480319537547,0.999892955394202,1.5184543669777284e-05,0.0
0.51475,-0.016701220481351697,0.9998759244246429,1.539738626066267e-05,0.0
0.515,-0.017767493925603617,0.9998577518292393,1.5603744970116296e-05,0.0
0.51525,-0.018833622114598825,0.9998384373878082,1.580297515779705e-05,0.0
0.5155,-0.01989960470039165,0.9998179816456059,1.5995216638975407e-05,0.0
0.51575,-0.020965440043312356,0.9997963846673485,1.6180104157381692e-05,0.0
0.516,-0.02203112765556625,0.9997736479552799,1.6358731987908826e-05,0.0
0.51625,-0.023096666414474498,0.9997497708626071,1.6530033027484237e-05,0.0
0.5165,-0.02416205560573559,0.9997247537988301,1.6694005268158563e-05,0.0
0.51675,-0.025227293766718617,0.9996985978935129,1.68513485401256e-05,0.0
0.517,-0.026292380277226357,0.9996713027129829,1.7001219736467732e-05,0.0
0.51725,-0.027357314567638014,0.9996428697512982,1.7144705511284997e-05,0.0
0.5175,-0.028422095064861708,0.9996132981329282,1.728049672555798e-05,0.0
0.51775,-0.029486720928325383,0.9995825888602354,1.7409180278038505e-05,0.0
0.518,-0.030551191273012535,0.9995507429225654,1.7531328952546943e-05,0.0
0.51825,-0.03161550570653304,0.9995177598628118,1.764608543441959e-05,0.0
0.5185,-0.03267966225335783,0.9994836398985569,1.775321734243107e-05,0.0
0.51875,-0.03374366062765688,0.9994483841787059,1.7853475617002346e-05,0.0
0.519,-0.034807500201978314,0.9994119922569382,1.7946007617064552e-05,0.0
0.51925,-0.03587117938016604,0.9993744649953982,1.8031234918503003e-05,0.0
0.5195,-0.036934697531606275,0.9993358033834312,1.8109738898264283e-05,0.0
0.51975,-0.03799805386742605,0.9992960064659115,1.8180152956626117e-05,0.0
0.52,-0.03906124699157232,0.999255075247433,1.82430457402738e-05,0.0
0.52025,-0.04012427631750626,0.9992130106827517,1.8298966420138285e-05,0.0
0.5205,-0.041187140457168425,0.9991698130671836,1.834777355402828e-05,0.0
0.52075,-0.04224983911524305,0.9991254820362343,1.8388710628425287e-05,0.0
0.521,-0.04331237113390074,0.9990800181135882,1.842187386147387e-05,0.0
0.52125,-0.04437473497184641,0.9990334219438068,1.8447462132531456e-05,0.0
0.5215,-0.0454369303121922,0.9989856947405116,1.8466295686803136e-05,0.0
0.52175,-0.04649895626769052,0.9989368351085801,1.8476564673797213e-05,0.0
0.522,-0.04756081162602044,0.9988868448288315,1.8479616563871204e-05,0.0
0.52225,-0.048622495371432706,0.9988357246038504,1.847572984559065e-05,0.0
0.5225,-0.04968400643907955,0.9987834732542353,1.8463300369475633e-05,0.0
0.52275,-0.05074534445944323,0.9987300925779152,1.844373241355335e-05,0.0
0.523,-0.05180650822299526,0.9986755821780378,1.8416196872816926e-05,0.0
0.52325,-0.052867496344468634,0.9986199429081921,1.838110291418893e-05,0.0
0.5235,-0.053928308632315236,0.9985631748200774,1.8338121203997915e-05,0.0
0.52375,-0.05498894344909644,0.9985052784675048,1.8287347345102845e-05,0.0
0.524,-0.056049400600663546,0.9984462543161357,1.8228866661695875e-05,0.0
0.52425,-0.05710967839378611,0.9983861027646839,1.8162615007533134e-05,0.0
0.5245,-0.05816977617088526,0.9983248237309539,1.8088105015801048e-05,0.0
0.52475,-0.05922969297906633,0.9982624182864868,1.8005984681934706e-05,0.0
0.525,-0.06028942801867032,0.9981988865302185,1.791594000288832e-05,0.0
0.52525,-0.06134898018133583,0.9981342288523081,1.7817929201413563e-05,0.0
0.5255,-0.06240834864173905,0.9980684461904019,1.7712473690201236e-05,0.0
0.52575,-0.06346753241778913,0.9980015369146855,1.7597522802281773e-05,0.0
0.526,-0.06452653026759947,0.9979335036937869,1.747529877338394e-05,0.0
0.52625,-0.0655853417870631,0.997864346538492,1.73454245768756e-05,0.0
0.5265,-0.06664396584884713,0.9977940647674188,1.7206786538492835e-05,0.0
0.52675,-0.06770240111715253,0.997722659352803,1.7059906008309866e-05,0.0
0.527,-0.06876064707591922,0.9976501309563162,1.6905048836557413e-05,0.0
0.52725,-0.0698187026190169,0.997576480252647,1.674245417637721e-05,0.0
0.5275,-0.07087656702991296,0.9975017065626446,1.6571037367407726e-05,0.0
0.52775,-0.07193423880023175,0.9974258108670995,1.639131349229217e-05,0.0
0.528,-0.07299171765529877,0.9973487941769292,1.6203914939394437e-05,0.0
0.52825,-0.07404900202908493,0.9972706563240195,1.600820509062295e-05,0.0
0.5285,-0.07510609155077219,0.9971913970193782,1.5803513870649155e-05,0.0
0.52875,-0.07616298472090932,0.9971110179593978,1.559106727122561e-05,0.0
0.529,-0.07721968132154444,0.9970295177987936,1.5369154642286276e-05,0.0
0.52925,-0.0782761797425735,0.9969468985274119,1.5139284659682062e-05,0.0
0.5295,-0.07933247932102461,0.9968631601947209,1.490110329172012e-05,0.0
0.52975,-0.08038857944246303,0.9967783027293109,1.465414097956419e-05,0.0
0.53,-0.08144447823661949,0.9966923269936956,1.4398758009459556e-05,0.0
0.53025,-0.08250017550115984,0.9966052331708681,1.4134770745410918e-05,0.0
0.5305,-0.08355566995291497,0.9965170212370253,1.3861702123918462e-05,0.0
0.53075,-0.08461096096610277,0.9964276924381466,1.3580394395029671e-05,0.0
0.531,-0.08566604752943618,0.9963372471364949,1.3290777099772555e-05,0.0
0.53125,-0.08672092844231116,0.9962456847087111,1.2991780919291429e-05,0.0
0.5315,-0.08777560276318042,0.9961530065000801,1.268431934819958e-05,0.0
0.53175,-0.08883006956871498,0.9960592126679302,1.2368123634587391e-05,0.0
0.532,-0.08988432832760651,0.9959643033413244,1.2042932021172348e-05,0.0
0.53225,-0.09093837792200787,0.9958682786950703,1.170847653986229e-05,0.0
0.5325,-0.09199221724448847,0.9957711398434839,1.1365424787745937e-05,0.0
0.53275,-0.09304584548181083,0.9956728867757789,1.1013350271982247e-05,0.0
0.533,-0.09409926121188761,0.9955735200048537,1.0652291003276915e-05,0.0
0.53325,-0.09515246418031609,0.9954730400116176,1.0282361915470162e-05,0.0
0.5335,-0.09620545286830406,0.995371447358437,9.903639971442502e-06,0.0
0.53375,-0.09725822695170905,0.9952687411872603,9.514901865292913e-06,0.0
0.534,-0.09831078481020228,0.9951649235526503,9.11769820888253e-06,0.0
0.53425,-0.09936312606664188,0.9950599939283222,8.71113124212286e-06,0.0
0.5345,-0.10041524954795022,0.9949539527628275,8.29519567080439e-06,0.0
0.53475,-0.10146715388131611,0.9948468010841935,7.870441141921702e-06,0.0
0.535,-0.10251883898770586,0.9947385384397762,7.436074697109163e-06,0.0
0.53525,-0.10357030353168994,0.9946291653554908,6.992150258344765e-06,0.0
0.5355,-0.10462154636213228,0.9945186826354586,6.539015706463758e-06,0.0
0.53575,-0.10567256669648373,0.9944070904262219,6.076402622179344e-06,0.0
0.536,-0.10672336361736967,0.9942943889431319,5.604097097711147e-06,0.0
0.53625,-0.10777393611480335,0.9941805794343992,5.122901975518346e-06,0.0
0.5365,-0.10882428353883,0.9940656611197056,4.631641822516741e-06,0.0
0.53675,-0.10987440409468263,0.99394963508324,4.1308701017594984e-06,0.0
0.537,-0.11092429767133893,0.9938325015641567,3.6204830207164918e-06,0.0
0.53725,-0.11197396333431442,0.993714260916164,3.100401670064201e-06,0.0
0.5375,-0.11302339944207773,0.9935949140746771,2.571044949162271e-06,0.0
0.53775,-0.11407260557713528,0.9934744609448529,2.031944347002934e-06,0.0
0.538,-0.11512158064674338,0.9933529013950277,1.482519163209517e-06,0.0
0.53825,-0.11617032420180351,0.9932302361922325,9.231553887989463e-07,0.0
0.5385,-0.1172188341349597,0.9931064669546749,3.548915148421372e-07,1.8544840453012659
0.53875,-0.1182671610242352,0.9929820167490024,2.0348180362894652e-07,0.5101079069171921
0.539,-0.11931526772386292,0.9928565823735767,1.6313726458605515e-07,0.15102934266708945
0.53925,-0.12036314307402189,0.992730083603451,1.5255097451927213e-07,0.05714379339007465
0.5395,-0.1214107842323362,0.9926024989382497,1.4971317341405666e-07,0.029930519914519702
0.53975,-0.1224581887790101,0.9924738229159976,1.4858625441149798e-07,0.025614950516956538
0.54,-0.12350535652080907,0.9923440552829064,1.4857231689369144e-07,0.0210998566525401
0.54025,-0.12455228575455646,0.9922131951394694,1.4824776872757184e-07,0.02220501251257468
0.5405,-0.12559897602137368,0.9920812434318892,1.4817347948614668e-07,0.020743037929959046
0.54075,-0.1266454263534125,0.9919482003590975,1.481059339614177e-07,0.023419826750177456
0.541,-0.12769163496808034,0.9918140666505479,1.482233484839668e-07,0.020856506334908324
0.54125,-0.12873760220500105,0.9916788421651659,1.481097575695145e-07,0.021288760516364417
0.5415,-0.12978332644490756,0.9915425275760106,1.4790745361814572e-07,0.020809064539987304
0.54175,-0.1308288068734313,0.9914051233765337,1.4768257194930356e-07,0.02255332734071535
0.542,-0.13187404225171662,0.9912666304603732,1.4784202395645707e-07,0.020337528182024462
0.54225,-0.13291903225030288,0.991127048465803,1.4766743472449662e-07,0.02062482556266139
0.5425,-0.1339637756192279,0.9909863784116155,1.476877533601595e-07,0.020741342939430838
0.54275,-0.13500827125080664,0.9908446203698315,1.4751097254794843e-07,0.02251225938104062
0.543,-0.13605251839788224,0.9907017751042275,1.4747852583596455e-07,0.019490963620457706
0.54325,-0.13709651662456807,0.9905578428811699,1.4748198262637402e-07,0.021524931795993324
0.5435,-0.13814026432641843,0.9904128241128116,1.4739763321003352e-07,0.02084905938681289
0.54375,-0.1391837605592912,0.9902667193096223,1.472878232711139e-07,0.021773477334044913
0.544,-0.14022700473046967,0.9901195290704763,1.473511996863408e-07,0.019781048949436306
0.54425,-0.1412699958858772,0.9899712535871886,1.4733328201899099e-07,0.021135910966882065
0.5445,-0.14231273271539335,0.9898218931120981,1.469884596261295e-07,0.020371415455246487
0.54475,-0.1433552149881809,0.9896714486133655,1.4693238159502187e-07,0.020993759745345023
0.545,-0.14439744080436867,0.9895199204043195,1.4689390015476533e-07,0.02075644735256513
0.54525,-0.14543941037023095,0.9893673087356313,1.4684180227320098e-07,0.02039600786557733
0.5455,-0.14648112187995146,0.9892136144741392,1.470640893508346e-07,0.02011830392202481
0.54575,-0.14752257509618125,0.989058836869587,1.464764036729349e-07,0.020861393615957378
0.546,-0.14856376795946602,0.9889029781397767,1.4666200609525504e-07,0.020416640539399244
0.54625,-0.14960470085595617,0.9887460375345636,1.4662923963904007e-07,0.020913634299942703
0.5465,-0.15064537225458471,0.9885880154058283,1.4619286758943417e-07,0.020061812322801867
0.54675,-0.15168578098071853,0.9884289134040878,1.4650244728464656e-07,0.02063355634888943
0.547,-0.15272592643966476,0.9882687306222095,1.4626623290325824e-07,0.01937231983905578
0.54725,-0.15376580785358238,0.9881074683867547,1.46373262399635e-07,0.020829072879900188
0.5475,-0.15480542415053372,0.9879451265086747,1.4616932331179555e-07,0.020383933034435694
0.54775,-0.15584477431391902,0.9877817059354931,1.4613088406001395e-07,0.02062299843160633
0.548,-0.1568838570070099,0.9876172069295208,1.460063212554985e-07,0.020094457155394665
0.54825,-0.15792267209989352,0.9874516298858725,1.4586370777891489e-07,0.019925950246603527
0.5485,-0.15896121824878823,0.987284975450206,1.458284157873635e-07,0.02022504964716195
0.54875,-0.1599994943983153,0.987117243843775,1.4565071304595278e-07,0.020535844849780435
0.549,-0.16103750005457584,0.9869484360469727,1.459196858899503e-07,0.019328446474546283
0.54925,-0.16207523368124438,0.9867785516715973,1.457059519704984e-07,0.020430796153758025
0.5495,-0.16311269484832897,0.986607591522156,1.454349061180693e-07,0.019418823714542743
0.54975,-0.1641498829067512,0.9864355565766743,1.4566850592423464e-07,0.02158422969986304
0.55,-0.16518679568088857,0.9862624464775749,1.4539961479265173e-07,0.019065305945549248
0.55025,-0.16622343391677155,0.9860882621587032,1.4537511661139035e-07,0.020290075929115203
0.5505,-0.16725979557195655,0.9859130038652335,1.452026598958156e-07,0.019605691735578287
0.55075,-0.16829587946852026,0.9857366724549609,1.4523432034785344e-07,0.021007400304230046
0.551,-0.16933168550895772,0.9855592679377025,1.4516759194727058e-07,0.019705343937664013
0.55125,-0.1703672126043254,0.9853807907989007,1.4500300671294042e-07,0.019587356270295647
0.5515,-0.17140245957684658,0.985201241773078,1.4497009326319699e-07,0.020302290236804712
0.55175,-0.17243742546011592,0.9850206210790714,1.44825145875771e-07,0.01977508087117391
0.552,-0.17347210958881476,0.9848389295017732,1.4493368571955045e-07,0.019817912796003707
0.55225,-0.17450651105009637,0.9846561668737353,1.446806667804168e-07,0.020648309446644503
0.5525,-0.1755406284819203,0.9844723342692929,1.4459471842087623e-07,0.019888441798190156
0.55275,-0.17657446116192294,0.9842874320905676,1.4465302311528205e-07,0.020938632176640926
0.553,-0.1776080084535181,0.9841014605198986,1.446321007403384e-07,0.0187565017161484
0.55325,-0.17864126896253432,0.9839144200171689,1.444471227074473e-07,0.020889261003280857
0.5535,-0.17967424251701436,0.9837263112025318,1.4438809126104957e-07,0.01925431544058404
0.55375,-0.1807069272357757,0.9835371343540633,1.4410218907023875e-07,0.020426655669010245
0.554,-0.18173932233649026,0.983346890469317,1.441394903434201e-07,0.020029886936091406
0.55425,-0.18277142793972906,0.9831555794045331,1.4409268511705875e-07,0.019699666197288346
0.5545,-0.18380324232948542,0.9829632019287976,1.441184624972891e-07,0.020209909847661158
0.55475,-0.18483476412695096,0.9827697582539502,1.4388418634325717e-07,0.021034997564602535
0.555,-0.18586599317961827,0.9825752491137045,1.4379574175826804e-07,0.01830325243222365
0.55525,-0.18689692837078556,0.9823796750483579,1.438912655693514e-07,0.020053952954935905
0.5555,-0.18792756843333824,0.9821830361466687,1.4373576728843318e-07,0.019887786459651734
0.55575,-0.1889579126271084,0.9819853331071333,1.435909504632349e-07,0.02152401498178122
0.556,-0.18998796001739038,0.9817865664945629,1.435503658164805e-07,0.019303003083100727
0.55625,-0.19101771034087175,0.9815867365415315,1.4350905130910974e-07,0.019531180837461228
0.5565,-0.19204716145305806,0.981385843849848,1.433655172355941e-07,0.01972960592929742
0.55675,-0.19307631362935762,0.981183889014767,1.4347341203979624e-07,0.021366119258408877
0.557,-0.19410516477761064,0.9809808722411724,1.433481870982689e-07,0.01898683162924052
0.55725,-0.19513371495878803,0.9807767940424579,1.4322289931811838e-07,0.02085833836541326
0.5575,-0.19616196244899592,0.9805716551010265,1.4314969365436525e-07,0.01952619519957942
0.55775,-0.1971899074076546,0.98036545555405,1.4301355943935334e-07,0.02130994245405027
0.558,-0.198217547308559,0.9801581964254495,1.430404952262876e-07,0.01935474557159687
0.55825,-0.19924488269588445,0.9799498775288926,1.4287468408369364e-07,0.02054498116969932
0.5585,-0.20027191189976265,0.9797404997320345,1.4275557136400607e-07,0.019859286856211546
0.55875,-0.20129863406833898,0.9795300633958419,1.4258701042102473e-07,0.021635092968353923
0.559,-0.20232504858434197,0.9793185691256916,1.4255951397146305e-07,0.01822275056646942
0.55925,-0.20335115410232055,0.9791060172770732,1.4247144886070373e-07,0.021153490530131866
0.5595,-0.20437695022724772,0.9788924082051144,1.4231288947286203e-07,0.01986031132440659
0.55975,-0.20540243584899284,0.9786777426999812,1.4235450485067247e-07,0.021032097550607174
0.56,-0.20642760934838833,0.9784620211958277,1.4241194756792197e-07,0.019551450613491
0.56025,-0.20745247040978557,0.978245243775727,1.4222446709233338e-07,0.02108815552353499
0.5605,-0.20847701824166298,0.978027411237348,1.4213327159673383e-07,0.020500524153382563
0.56075,-0.2095012519641907,0.9778085238868458,1.4198015785282792e-07,0.021195528868401755
0.561,-0.21052517014650363,0.9775885825431594,1.419919688494531e-07,0.019359277738833666
0.56125,-0.2115487720194305,0.97736758737386,1.4189595431979285e-07,0.020393382781449275
0.5615,-0.212572056770901,0.9771455388802293,1.417366624067995e-07,0.02060590993213384
0.56175,-0.2135950238028808,0.9769224376642847,1.4170263074042566e-07,0.022271710430377747
0.562,-0.2146176715722632,0.9766982842508014,1.417047694740603e-07,0.01821342504709317
0.56225,-0.21563999977649106,0.976473078833235,1.415948209793072e-07,0.02221657030590218
0.5625,-0.21666200669639357,0.9762468221385442,1.4144064719445737e-07,0.02019614426468248
0.56275,-0.2176836922864004,0.9760195146080374,1.413915644565833e-07,0.02100882154125505
0.563,-0.2187050547763505,0.9757911568318356,1.4136795911667832e-07,0.01993941764357628
0.56325,-0.21972609401506218,0.9755617490492791,1.4129959224895572e-07,0.02098392919729293
0.5635,-0.22074680860322465,0.9753312918992341,1.412331589456528e-07,0.020773771757358825
0.56375,-0.2217671979196404,0.9750997856597381,1.41033388079137e-07,0.021717624520144946
0.564,-0.22278726021921358,0.974867231405895,1.4109247925553348e-07,0.020829525345653205
0.56425,-0.22380699611548943,0.9746336288635192,1.4101094558682803e-07,0.020427548226383055
0.5645,-0.22482640305899643,0.9743989789860232,1.4088071553786108e-07,0.02068081244947951
0.56475,-0.2258454811509563,0.9741632821235089,1.407969671962661e-07,0.022158457044930614
0.565,-0.2268642287811531,0.9739265386931741,1.4053565733362916e-07,0.0200978083469923
0.56525,-0.22788264609320624,0.9736887495104368,1.4065680997710217e-07,0.022413779094385546
0.5655,-0.22890073123768284,0.9734499145793885,1.4047787244564347e-07,0.019807911553658936
0.56575,-0.22991848316276636,0.9732100349071422,1.404719043307523e-07,0.02183150014960167
0.566,-0.23093590148278054,0.9729691104805305,1.4027145978090516e-07,0.021260861831394657
0.56625,-0.2319529851981898,0.9727271422456475,1.403018581314086e-07,0.021448896409600363
0.5665,-0.23296973360633882,0.9724841304036939,1.4033180883998853e-07,0.02067783967270598
0.56675,-0.23398614526703043,0.9722400753010949,1.4009919135915538e-07,0.022672388077380437
0.567,-0.23500221885848305,0.971994977981911,1.4004522319588375e-07,0.020744193837567964
0.56725,-0.23601795473167841,0.971748838475765,1.4001735171298435e-07,0.021444749876598553
0.5675,-0.2370333513980184,0.9715016573171033,1.3992241765237168e-07,0.021315000916716363
0.56775,-0.23804840699893323,0.9712534352156008,1.3974640777902891e-07,0.022256663546241756
0.568,-0.23906312216939796,0.971004172614931,1.3980848367900478e-07,0.021199318499824458
0.56825,-0.2400774948313862,0.9707538698093982,1.3963720846277283e-07,0.022686812414425977
0.5685,-0.2410915246990671,0.9705025274570062,1.3954106914404463e-07,0.020682919715807137
0.56875,-0.242105210585237,0.9702501460234592,1.3942552312684597e-07,0.023347458461724705
0.569,-0.243118551554808,0.9699967261898657,1.394645727792465e-07,0.020823502181355785
0.56925,-0.24413154688002414,0.9697422680422657,1.39304885848901e-07,0.021859881916247444
0.5695,-0.24514419546148694,0.9694867724238738,1.392366502095399e-07,0.021674398137560304
0.56975,-0.24615649630250858,0.9692302397503083,1.3915917373985565e-07,0.02392948480636795
0.57,-0.24716844859118936,0.968972670521083,1.3909785767651783e-07,0.021501900860502066
0.57025,-0.24818005149880076,0.9687140651169486,1.389586659072961e-07,0.021392412301521665
0.5705,-0.2491913039788736,0.9684544242204824,1.3888544914131273e-07,0.022393212854936246
0.57075,-0.2502022055146684,0.9681937482009308,1.3884987626333611e-07,0.02261871582358653
0.571,-0.2512127539416724,0.9679320377602423,1.387328174562441e-07,0.021440188764964126
0.57125,-0.25222294984330856,0.9676692932000879,1.387149992648773e-07,0.02332080171006555
0.5715,-0.2532327915492687,0.967405514974261,1.3855921565664175e-07,0.02217864062478931
0.57175,-0.25424227820866285,0.9671407038370092,1.385235286477382e-07,0.02345557174623101
0.572,-0.25525140895661735,0.9668748601193276,1.3845254409616814e-07,0.022477495334547435
0.57225,-0.25626018286306024,0.9666079843764291,1.3839062651399558e-07,0.02325946344304604
0.5725,-0.2572685988239062,0.9663400769883054,1.381672805056411e-07,0.022003911301661815
0.57275,-0.25827665652683357,0.966071138678401,1.3814702159997694e-07,0.021908033838994
0.573,-0.2592843540576055,0.9658011699872233,1.3810387011758962e-07,0.0226235006320907
0.57325,-0.2602916914308323,0.9655301711191191,1.379846099602844e-07,0.02461914990258908
0.5735,-0.2612986673653047,0.9652581428611009,1.379632632581007e-07,0.021372573676930497
0.57375,-0.26230528090371913,0.9649850855874818,1.378981198119078e-07,0.024607388755389613
0.574,-0.26331153085305203,0.9647109998703716,1.3777552543281502e-07,0.022959181458097833
0.57425,-0.26431741673608006,0.9644358862108471,1.3770065887541705e-07,0.024013855532310932
0.5745,-0.2653229378129362,0.9641597449976292,1.376017808585317e-07,0.0229821051162043
0.57475,-0.2663280923176836,0.9638825769407054,1.3744370641610715e-07,0.02345033178225208
0.575,-0.2673328801409056,0.9636043825295371,1.374172715618016e-07,0.02344415112516478
0.57525,-0.2683372999343326,0.9633251621969016,1.3732885806305717e-07,0.022486983808791997
0.5755,-0.2693413509517693,0.9630449164535967,1.3721981018122165e-07,0.02476111281185051
0.57575,-0.27034503278562527,0.9627636458481784,1.3725935943398326e-07,0.02494857724138558
0.576,-0.2713483430244281,0.9624813509184786,1.370639717279687e-07,0.02167096295980706
0.57625,-0.2723512820877084,0.962198032172071,1.3698530265671138e-07,0.025414778049099307
0.5765,-0.2733538490589763,0.9619136900422157,1.3694298539590477e-07,0.022580415060972834
0.57675,-0.2743560422685923,0.961628325131079,1.3681183541613962e-07,0.024254516249217647
0.577,-0.2753578611334646,0.9613419381372301,1.3685471178526143e-07,0.024511576664629487
0.57725,-0.27635930462722536,0.9610545292250013,1.3669895682077993e-07,0.025175199906324615
0.5775,-0.2773603722538484,0.960766099056322,1.3659633846252461e-07,0.02203251658374821
0.57775,-0.2783610625362828,0.9604766482625191,1.3649695640438608e-07,0.027462383866270913
0.578,-0.27936137476941525,0.9601861772747684,1.3637128604138127e-07,0.02250306759073436
0.57825,-0.280361308407803,0.9598946866096099,1.363167390078246e-07,0.02467620263063194
0.5785,-0.28136086207590033,0.9596021768420219,1.3625401118488867e-07,0.023714434714456483
0.57875,-0.28236003533757476,0.9593086484210078,1.3624557926306125e-07,0.02636803763781189
0.579,-0.28335882634848986,0.9590141019829499,1.3613586946625844e-07,0.022854456350406956
0.57925,-0.28435723511448147,0.9587185379673709,1.3610211357928392e-07,0.02617157905887502
0.5795,-0.285355260001278,0.9584219568498441,1.3589113145862086e-07,0.024144692915620644
0.57975,-0.28635290085469595,0.9581243593480083,1.3590195613311096e-07,0.027118572223334702
0.58,-0.287350156020338,0.9578257457996902,1.3574081347833555e-07,0.023147511634621178
0.58025,-0.28834702515864247,0.9575261168311024,1.356657353124291e-07,0.025274035264349085
0.5805,-0.28934350726534175,0.9572254729494064,1.356299026422647e-07,0.025627916811814457
0.58075,-0.29033960124247143,0.9569238146992157,1.355940590919147e-07,0.027623553845957313
0.581,-0.291335306105708,0.9566211425292597,1.3545883725818442e-07,0.02300801735954922
0.58125,-0.292330621051817,0.9563174570814166,1.3536159482185894e-07,0.026080915393349106
0.5815,-0.2933255452079274,0.9560127588659446,1.352929921427659e-07,0.024972437994846608
0.58175,-0.2943200775309969,0.9557070483913016,1.3519132369133047e-07,0.02818259345918187
0.582,-0.29531421698971627,0.9554003262091797,1.3503841889139778e-07,0.024637670885483864
0.58225,-0.296307963237649,0.9550925928229702,1.3497166473364075e-07,0.024584921787442638
0.5825,-0.2973013151106737,0.9547838488181278,1.349652376525512e-07,0.026598976393057975
0.58275,-0.2982942716174509,0.9544740946637719,1.349319971311047e-07,0.028052212706084854
0.583,-0.29928683114494703,0.9541633309879485,1.3474939164481725e-07,0.024298034245325256
0.58325,-0.3002789939492307,0.9538515582411459,1.3468310311459675e-07,0.02674962985517768
0.5835,-0.3012707583480509,0.9535387770183978,1.3455666669770494e-07,0.02576296296585831
0.58375,-0.30226212426259214,0.9532249878279061,1.3459161407602949e-07,0.029325191121086867
0.584,-0.30325308942435925,0.9529101912311471,1.343987907631572e-07,0.025248446622712056
0.58425,-0.30424365427339484,0.95259438774589,1.343652888952107e-07,0.02632246477749041
0.5845,-0.3052338171856744,0.9522775779250751,1.3428628342637694e-07,0.026288314086598284
0.58475,-0.3062235773284668,0.951959762335529,1.342088711275835e-07,0.02723487296955186
0.585,-0.30721293357061796,0.9516409415352642,1.340795856563659e-07,0.027762403385470164
0.58525,-0.3082018856258094,0.9513211159729557,1.339996582583325e-07,0.026118819432546785
0.5855,-0.309190432314166,0.9510002862712449,1.339612962780734e-07,0.027866119569158933
0.58575,-0.31017857257292847,0.9506784529234965,1.338681872020686e-07,0.028438120248368417
0.586,-0.3111663050188582,0.9503556166196581,1.3370980078697414e-07,0.02506362603776523
0.58625,-0.31215362999916957,0.9500317777464273,1.337248387578427e-07,0.029252209308509455
0.5865,-0.3131405456966969,0.9497069368659934,1.3364529771742184e-07,0.027111548556956192
0.58675,-0.31412705115479234,0.9493810945933395,1.3351921746007633e-07,0.028916012012330246
0.587,-0.3151131459953973,0.9490542514505506,1.3348773175714257e-07,0.026767555583244146
0.58725,-0.31609882871305267,0.948726407945153,1.3332312942537783e-07,0.028728196179727453
0.5875,-0.3170840990227838,0.9483975646935876,1.332849002277925e-07,0.026701174998929787
0.58775,-0.31806895562744847,0.9480677222241144,1.3322856928787985e-07,0.029956173734077413
0.588,-0.3190533975399532,0.9477368811254485,1.331635810508658e-07,0.02795112777754647
0.58825,-0.3200374238984509,0.9474050418646933,1.3302309009866065e-07,0.028506167564403988
0.5885,-0.321021034322917,0.9470722050555891,1.3303329682301523e-07,0.028094151951571094
0.58875,-0.322004226646967,0.9467383712474211,1.3278535671013003e-07,0.02936676733601833
0.589,-0.32298700151416426,0.9464035410187281,1.327999401556923e-07,0.028446839529457837
0.58925,-0.3239693568559415,0.9460677148358851,1.3261821418808495e-07,0.02988239474996223
0.5895,-0.324951292749843,0.945730893325588,1.3262509557243618e-07,0.026049721815326218
0.58975,-0.32593280747868403,0.9453930771170129,1.3262584674933464e-07,0.033011925506831206
0.59,-0.3269138998909753,0.9450542666239761,1.3240304519435142e-07,0.02705103305960631
0.59025,-0.32789457025408675,0.9447144624881578,1.3241819196707638e-07,0.02990637061333041
0.5905,-0.3288748167066504,0.9443736652220214,1.3231434503602202e-07,0.02839743286282485
0.59075,-0.32985463830300865,0.9440318754722735,1.3215884475670236e-07,0.031141233588285615
0.591,-0.3308340348287402,0.9436890937291267,1.3211217364528238e-07,0.028173486042636475
0.59125,-0.3318130046822143,0.943345320577011,1.319653826215017e-07,0.030428310046602857
0.5915,-0.33279154749887213,0.9430005565512558,1.3187132741343532e-07,0.02926419120700661
0.59175,-0.33376966267628383,0.9426548023178825,1.3202799453715386e-07,0.031738429512106404
0.592,-0.33474734742780754,0.9423080582841648,1.3165860424102505e-07,0.02999319905191196
0.59225,-0.3357246032288892,0.9419603251325035,1.3166845458378873e-07,0.029333090485891878
0.5925,-0.3367014279058841,0.9416116033803278,1.3158715783667674e-07,0.030651326609065607
0.59275,-0.33767782088309173,0.9412618936374879,1.3156518297030573e-07,0.03272661022108675
0.593,-0.3386537810889507,0.9409111964104051,1.3148814281827015e-07,0.02778918438202014
0.59325,-0.33962930751986875,0.940559512299224,1.3135148124732154e-07,0.032569900097037606
0.5935,-0.34060439917796154,0.9402068418707656,1.3111998087289578e-07,0.03071852123123863
0.59375,-0.34157905649631587,0.9398531856931324,1.3124721287560703e-07,0.03161826598603955
0.594,-0.3425532764288377,0.9394985443554722,1.3101908291623943e-07,0.030294251920320016
0.59425,-0.3435270596449251,0.9391429184528642,1.309942170291123e-07,0.031523050569726235
0.5945,-0.34450040468333076,0.9387863084812355,1.3090939332549567e-07,0.030797882490335146
0.59475,-0.34547331057873737,0.9384287150908238,1.3081461514019566e-07,0.034468484696298124
0.595,-0.3464457762361164,0.9380701387923844,1.3058289582978944e-07,0.028228110741331316
0.59525,-0.347417802040018,0.9377105802604359,1.3075333171741477e-07,0.03353423310966635
0.5955,-0.34838938540492703,0.9373500399414898,1.3062055925772142e-07,0.030845291608353025
0.59575,-0.34936052610849727,0.9369885184747473,1.3047814539923763e-07,0.03514036917507088
0.596,-0.3503312233745035,0.9366260164884057,1.304169992000226e-07,0.029614391288220417
0.59625,-0.3513014760270292,0.936262534441633,1.3022891121039493e-07,0.034231189671585276
0.5965,-0.3522712834842604,0.9358980729954908,1.3010215216269216e-07,0.03027463163651433
0.59675,-0.35324064548199463,0.9355326327932769,1.303208196912209e-07,0.03419183097321574
0.597,-0.3542095588122649,0.9351662142802759,1.2994263265397876e-07,0.03221389474379015
0.59725,-0.35517802525716136,0.9347988180503326,1.2992692921542925e-07,0.03287165868112734
0.5975,-0.3561460425149208,0.9344304448790546,1.299579452940236e-07,0.03230751816162723
0.59775,-0.3571136094655101,0.9340610951531505,1.2977208552200636e-07,0.03446178220276661
0.598,-0.3580807261608001,0.9336907694317844,1.2968497342669139e-07,0.03331689794531208
0.59825,-0.35904739113150314,0.9333194684643197,1.2964642093216128e-07,0.03379598430018817
0.5985,-0.36001360343398886,0.9329471926581442,1.2947311045508059e-07,0.034252304869123326
0.59875,-0.36097936277660525,0.9325739427390939,1.2951326300303379e-07,0.03362440244628512
0.599,-0.3619446668336721,0.9321997192583247,1.2921731018522564e-07,0.032972682998313185
0.59925,-0.3629095166395052,0.9318245228279354,1.2930550608025726e-07,0.03470960686279672
0.5995,-0.36387390994672386,0.9314483539917825,1.2924695025340327e-07,0.033683220627160476
0.59975,-0.36483784630122945,0.9310712132424037,1.291111921819521e-07,0.03560172186545908
0.6,-0.36580132441600455,0.9306931013829338,1.2895313528105135e-07,0.03382062715344677
0.60025,-0.3667643439585162,0.9303140189594595,1.2893590284335232e-07,0.0348773178296624
0.6005,-0.36772690367303595,0.9299339664393145,1.2881124877850425e-07,0.03391056621086094
0.60075,-0.36868900316628506,0.9295529445204572,1.2886119238331162e-07,0.037758722814137266
0.601,-0.36965064031748796,0.9291709536380743,1.284859003636285e-07,0.03382147587281355
0.60125,-0.37061181598392284,0.9287879946631424,1.2858863307485535e-07,0.034606291936318964
0.6015,-0.3715725278075926,0.9284040679877965,1.2843879848567497e-07,0.0352202120396272
0.60175,-0.3725327757723137,0.9280191742738376,1.2842225194376056e-07,0.03662598969958734
0.602,-0.3734925582962916,0.9276333141230886,1.2828683848553624e-07,0.034972207943414234
0.60225,-0.37445187511754746,0.9272464880548477,1.2819453987233942e-07,0.036623777183912284
0.6025,-0.37541072492853556,0.9268586968405235,1.2815013272771125e-07,0.034510800586527314
0.60275,-0.37636910737858714,0.9264699408409598,1.2813539473910396e-07,0.03872699982442493
0.603,-0.37732702057501655,0.9260802208861314,1.2798625426135857e-07,0.03447724103352313
0.60325,-0.378284464599744,0.9256895373946521,1.2789971171045522e-07,0.038079777009741855
0.6035,-0.3792414379690876,0.9252978911956382,1.278619701228223e-07,0.0352815311121168
0.60375,-0.3801979399774658,0.9249052825662404,1.2764101464668443e-07,0.03915275669248388
0.604,-0.3811539696994686,0.9245117124199815,1.2750968680919073e-07,0.034757359417437426
0.60425,-0.38210952684528876,0.9241171812476058,1.2759146716945224e-07,0.03841733144729876
0.6045,-0.3830646096116483,0.9237216896152013,1.2750123512539346e-07,0.03553179026444281
0.60475,-0.38401921744177553,0.9233252381979123,1.2742890453942834e-07,0.04002795340238674
0.605,-0.3849733493515899,0.9229278275136927,1.272550549380469e-07,0.03529332698871524
0.60525,-0.3859270046443965,0.9225294582523932,1.2712861696684286e-07,0.04042321994092285
0.6055,-0.38688018269598484,0.9221301310466088,1.2717344910484485e-07,0.03609562133600895
0.60575,-0.38783288185406034,0.9217298464325574,1.270258975782923e-07,0.039838074254285635
0.606,-0.38878510178751213,0.9213286050259804,1.2690551454141996e-07,0.037545491440609875
0.60625,-0.38973684147289944,0.920926407468828,1.267873488419724e-07,0.03885050710963907
0.6065,-0.39068810049279246,0.9205232543192521,1.2680457839309156e-07,0.03798436234280125
0.60675,-0.391638876854808,0.9201191463675729,1.266881350936444e-07,0.04111171899431289
0.607,-0.3925891703750395,0.9197140839944744,1.2649677039178187e-07,0.03691318455978308
0.60725,-0.39353898054100794,0.9193080679648643,1.265152655971491e-07,0.040247375607778677
0.6075,-0.3944883057313711,0.9189010988873035,1.2644754288082538e-07,0.03843479475067735
0.60775,-0.39543714545474623,0.9184931771984101,1.2628270606995784e-07,0.04197463993240927
0.608,-0.39638549862731765,0.9180843038140587,1.2621587819339197e-07,0.03869281819074824
0.60825,-0.3973333644309077,0.9176744791878109,1.2612129429712127e-07,0.03944133620996917
0.6085,-0.3982807422625054,0.9172637039089535,1.260829642912853e-07,0.03943567578276539
0.60875,-0.3992276307452199,0.9168519786868685,1.25986225896213e-07,0.04351845721315628
0.609,-0.4001740290281006,0.9164393040683105,1.2577488828213745e-07,0.03752178320896271
0.60925,-0.40111993681487146,0.9160256808053625,1.2580263919481638e-07,0.04190273026010434
0.6095,-0.40206535283480005,0.9156111092777801,1.2569152163521835e-07,0.04008748772915933
0.60975,-0.4030102759436419,0.9151955903283262,1.2553628403466632e-07,0.04267875085053445
0.61,-0.4039547055686441,0.9147791245326715,1.254158976671249e-07,0.04031053053355877
0.61025,-0.40489864115484137,0.9143617124225717,1.2537667948286924e-07,0.041478936924563205
0.6105,-0.40584208093657015,0.9139433547785534,1.2520139325289392e-07,0.04065712974023648
0.61075,-0.40678502533554894,0.9135240522379464,1.2542723282216173e-07,0.043830185847950474
0.611,-0.4077274715655861,0.913103805033117,1.2491760337240976e-07,0.04106119211022494
0.61125,-0.40866942052619243,0.9126826144125737,1.2496208445789136e-07,0.042153046414150304
0.6115,-0.40961087095963633,0.9122604806187921,1.250535628383176e-07,0.04153418140682338
0.61175,-0.4105518208491783,0.911837404465585,1.248925476371454e-07,0.045279848068749476
0.612,-0.4114922706986235,0.9114133862318141,1.247236178780753e-07,0.041734631622950706
0.61225,-0.4124322188841216,0.9109884269836117,1.246358698470118e-07,0.042315704019418296
0.6125,-0.41337166501578454,0.9105625270767727,1.2457717235569987e-07,0.0428581290950305
0.61275,-0.4143106076142643,0.9101356873627465,1.2449647224244131e-07,0.04327789534693171
0.613,-0.4152490461755889,0.9097079082746724,1.2436360030676497e-07,0.04526952814416455
0.61325,-0.41618697965579243,0.909279190624128,1.2426853235325552e-07,0.042397422285487985
0.6135,-0.4171244074228395,0.9088495349338873,1.2420869133222823e-07,0.04554696700598225
0.61375,-0.41806132889980807,0.9084189418922675,1.24355062469661e-07,0.043158218224092396
0.614,-0.4189977419831692,0.9079874119363538,1.2401092841507477e-07,0.04541239846310858
0.61425,-0.41993364707702,0.9075549460841102,1.2405456195629938e-07,0.04320153077447568
0.6145,-0.42086904251552476,0.9071215447009044,1.2390423709263132e-07,0.04645289636359551
0.61475,-0.42180392788647364,0.9066872085311131,1.2384719205726924e-07,0.04293756097919456
0.615,-0.42273830174558213,0.9062519381299126,1.2356347323105865e-07,0.04682958086754092
0.61525,-0.4236721640075126,0.9058157344264474,1.2364465873382358e-07,0.04507152777929507
0.6155,-0.42460551349873077,0.9053785975964573,1.235396167587055e-07,0.04678090120966888
0.61575,-0.42553834886617653,0.9049405287440173,1.2345961919457693e-07,0.045393962349325225
0.616,-0.4264706697656848,0.9045015280523678,1.2320972242463313e-07,0.04688506303253208
0.61625,-0.42740247541086734,0.9040615966865884,1.2329541276834277e-07,0.043652723729332724
0.6165,-0.4283337643721625,0.903620734889923,1.23112108285639e-07,0.04884032052484082
0.61675,-0.42926453619392035,0.9031789434990284,1.2300689378186291e-07,0.047914998428114926
0.617,-0.43019478991260485,0.902736223096742,1.2287945283517843e-07,0.04584323586104764
0.61725,-0.43112452465340023,0.902292574464412,1.228456110169418e-07,0.04632362575060207
0.6175,-0.4320537396302218,0.9018479981537557,1.2285119055377436e-07,0.0485008328135025
0.61775,-0.4329824339703419,0.9014024947071974,1.2279561278916162e-07,0.04714460469473801
0.618,-0.43391060615577004,0.9009560649307957,1.2253501835424174e-07,0.04879459005509404
0.61825,-0.4348382562969545,0.900508709563925,1.2256992310000214e-07,0.04631212263194693
0.6185,-0.4357653829716936,0.9000604289363754,1.2236679181043542e-07,0.05065053906053636
0.61875,-0.436691985503432,0.8996112241147303,1.2237805901982313e-07,0.04676720525756915
0.619,-0.43761806258928715,0.8991610954862637,1.2217022193894422e-07,0.04912409571047011
0.61925,-0.4385436140751399,0.8987100436127783,1.219682761455232e-07,0.049127078324775135
0.6195,-0.4394686387606285,0.8982580696224166,1.2204794752612713e-07,0.05078821214097988
0.61975,-0.4403931357422339,0.8978051737336438,1.2199588050876287e-07,0.04757147818372809
0.62,-0.4413171039257975,0.8973513566640072,1.2176208641356823e-07,0.050338550153229925
0.62025,-0.44224054311265976,0.8968966193546316,1.2189116627148167e-07,0.05032990038508475
0.6205,-0.44316345152448894,0.8964409620537166,1.2160743811939767e-07,0.05194637593676071
0.62075,-0.4440858293020218,0.8959843857642595,1.216601035469722e-07,0.04936695633205338
0.621,-0.44500767446609046,0.8955268910263499,1.2144251160250974e-07,0.04957587409728353
0.62125,-0.44592898691593225,0.8950684785425513,1.2132616622473336e-07,0.051752133978864585
0.6215,-0.4468497657395139,0.8946091488047316,1.2113328518026378e-07,0.051826835707966
0.62175,-0.44777001043683623,0.8941489029766733,1.214704890006857e-07,0.0514711065788339
0.622,-0.4486897186844203,0.8936877409395478,1.209793609735499e-07,0.05150705409235191
0.62225,-0.44960889110197894,0.8932256642340863,1.2110218050587207e-07,0.05151489768539141
0.6225,-0.45052752640613297,0.8927626727703467,1.2097083379458695e-07,0.05433069197038737
0.62275,-0.45144562314791176,0.8922987676817213,1.207328550467679e-07,0.049822466796444635
0.623,-0.4523631811504387,0.8918339494543552,1.205299418050032e-07,0.05384266442087097
0.62325,-0.45328019951322923,0.8913682189654419,1.205261812575742e-07,0.052413005268395055
0.6235,-0.4541966770805008,0.8909015766408803,1.203660802140405e-07,0.0544226164458091
0.62375,-0.4551126134780679,0.8904340236277939,1.2069040256079688e-07,0.0527846636863663
0.624,-0.45602800679693445,0.8899655596360212,1.2016071337939138e-07,0.05528294670430033
0.62425,-0.4569428575581861,0.8894961863650868,1.203157296014723e-07,0.052018180958376174
0.6245,-0.4578571637336433,0.8890259039586762,1.2014587147390898e-07,0.05707226731459365
0.62475,-0.45877092527990704,0.8885547131351723,1.200584480720579e-07,0.05292249279551424
0.625,-0.45968414050667405,0.8880826147717755,1.1984660952535364e-07,0.05559448575818071
0.62525,-0.46059680952273685,0.8876096093605231,1.1978582525884462e-07,0.05383491378955492
0.6255,-0.46150893079288985,0.8871356977036017,1.1967081903208054e-07,0.05788149762448571
0.62575,-0.4624205039453728,0.8866608806270792,1.1985173276052308e-07,0.05261182475204269
0.626,-0.4633315269026994,0.8861851584188187,1.1941187971764577e-07,0.058790072667991376
0.62625,-0.4642420007510661,0.885708532048872,1.1950275302652358e-07,0.053727191191212866
0.6265,-0.46515192314592324,0.8852310021086542,1.1935031452026124e-07,0.05825707993471427
0.62675,-0.46606129411957764,0.8847525694387259,1.1950241440850107e-07,0.056605224568991495
0.627,-0.4669701116719125,0.8842732345244109,1.1924556386766483e-07,0.05812406287992128
0.62725,-0.4678783763034741,0.8837929980138547,1.1917533937477742e-07,0.05643413777329422
0.6275,-0.4687860862887601,0.8833118606254299,1.189097387221949e-07,0.05879121088689577
0.62775,-0.4696932410199307,0.8828298234601301,1.1892521856182725e-07,0.05628743797430031
0.628,-0.47059983917733916,0.882346886706685,1.1855735149168822e-07,0.05872093847900079
0.62825,-0.47150588121257725,0.8818630513265323,1.1865648841258292e-07,0.058948902415744645
0.6285,-0.4724113650834189,0.8813783179419381,1.18599062792768e-07,0.05999977140398598
0.62875,-0.47331629024019506,0.880892687280546,1.1855553405659691e-07,0.05761559701361127
0.629,-0.4742206558245883,0.8804061598302404,1.1833885960044199e-07,0.059656045100759114
0.62925,-0.47512446108804196,0.8799187365477515,1.182259898868665e-07,0.0602820610702692
0.6295,-0.4760277051683419,0.87943041801911,1.1811254529980886e-07,0.060968822894593995
0.62975,-0.4769303870739751,0.8789412050446163,1.1801990007498375e-07,0.058661389205129456
0.63,-0.47783250617275996,0.8784510981293501,1.1787999398826798e-07,0.06225203128718764
0.63025,-0.47873406113355,0.8779600982171729,1.176754578224859e-07,0.06051408815170199
0.6305,-0.479635051977391,0.8774682058851541,1.1771232588664304e-07,0.06041435167792712
0.63075,-0.4805354772332581,0.8769754218852074,1.1773525931957352e-07,0.06129884673920345
0.631,-0.48143533589373533,0.8764817468333597,1.1758957874086207e-07,0.06408972953615828
0.63125,-0.482334627483036,0.8759871812919866,1.1732853266721577e-07,0.06030158832619643
0.6315,-0.4832333510026225,0.8754917264190678,1.172747250421935e-07,0.06268631603089497
0.63175,-0.48413150605678523,0.874995382584919,1.1735086302699926e-07,0.0665461767236539
0.632,-0.48502909083689616,0.8744981505096554,1.1710143010823515e-07,0.06118455861751764
0.63225,-0.48592610503926686,0.8740000309204258,1.1680376199585396e-07,0.0620055442155912
0.6325,-0.4868225481324102,0.8735010246486546,1.1671618427300245e-07,0.06432375191958076
0.63275,-0.48771841922014714,0.8730011327133075,1.1708265157395203e-07,0.06430889503129618
0.633,-0.4886137165208524,0.8725003549485955,1.1667886568034191e-07,0.0650645404297849
0.63325,-0.48950844047009534,0.8719986926582413,1.1664456645021914e-07,0.06378846156322748
0.6335,-0.49040258903291534,0.8714961465133335,1.1635888141903195e-07,0.06551604663692777
0.63375,-0.49129616285584515,0.8709927174222267,1.1671970923110564e-07,0.06653414882266527
0.634,-0.4921891590304881,0.8704884054710362,1.1616331652142264e-07,0.06539540015927188
0.63425,-0.49308157860438745,0.8699832120851506,1.1623448870068387e-07,0.06569451203129022
0.6345,-0.49397341999238803,0.8694771373945472,1.1605538952075278e-07,0.06930079383468118
0.63475,-0.4948646823140461,0.8689701827698781,1.1617244188855125e-07,0.06330308864088696
0.635,-0.49575536438235446,0.8684623482698939,1.1583816306171002e-07,0.06847777414810953
0.63525,-0.49664546656457587,0.8679536348802952,1.1588052428734841e-07,0.06763677403311033
0.6355,-0.49753498638762195,0.8674440434383838,1.155882252135143e-07,0.0679560481562926
0.63575,-0.4984239244815789,0.8669335746475091,1.1567335667095335e-07,0.06926559047507053
0.636,-0.4993122789160864,0.8664222290395394,1.154251032531306e-07,0.06877340552598853
0.63625,-0.5002000494948117,0.8659100075766994,1.153680391219325e-07,0.06841615772968805
0.6365,-0.501087235222789,0.8653969109110514,1.1535879784752012e-07,0.07261451077522593
0.63675,-0.5019738352535921,0.8648829394397145,1.1510653408208782e-07,0.0650914463668478
0.637,-0.5028598486306635,0.8643680944567329,1.1503980212879128e-07,0.07129454449833253
0.63725,-0.5037452745060977,0.8638523764563935,1.1494828444646998e-07,0.07069302286871841
0.6375,-0.504630112117457,0.8633357859263664,1.146583803457446e-07,0.0720371816563697
0.63775,-0.5055143611929027,0.8628183241180237,1.1490304507866256e-07,0.07047465130294066
0.638,-0.5063980194523694,0.8622999911447238,1.1441673009038311e-07,0.07151496960579257
0.63825,-0.5072810876778484,0.8617807883108345,1.1450862547057739e-07,0.07212074342363876
0.6385,-0.5081635643078555,0.8612607159906451,1.1449938464025422e-07,0.07234535764670756
0.63875,-0.5090454481727252,0.8607397750280693,1.1431036450737508e-07,0.07286329844340127
0.639,-0.5099267387134674,0.8602179661444858,1.140663477006143e-07,0.07319813107484828
0.63925,-0.5108074355158388,0.859695290275977,1.1415047573848369e-07,0.07350650709267152
0.6395,-0.5116875373232147,0.8591717477431094,1.139859162613277e-07,0.07571024154026017
0.63975,-0.5125670433374501,0.8586473394976839,1.1377106656773606e-07,0.07056305140191221
0.64,-0.5134459524385093,0.8581220666590923,1.1368137342593343e-07,0.07764573507639254
0.64025,-0.514324264790413,0.857595929393376,1.1373213726351139e-07,0.07230649554532509
0.6405,-0.5152019783339694,0.8570689286568691,1.1347412831597126e-07,0.07988878294999974
0.64075,-0.5160790932055872,0.8565410652937534,1.1348922313025867e-07,0.07356596415795308
0.641,-0.5169556077827124,0.8560123398912687,1.1323205284519133e-07,0.07703615811313144
0.64125,-0.5178315219527376,0.8554827532840693,1.1314718384447531e-07,0.07499693537870493
0.6415,-0.518706834507196,0.8549523062918535,1.1309911096546443e-07,0.079322327203528
0.64175,-0.5195815445459421,0.8544209995487368,1.129512983144565e-07,0.07642263415425984
0.642,-0.5204556510694118,0.8538888337834543,1.1259507015637382e-07,0.07928566562548511
0.64225,-0.5213291541639723,0.8533558099889883,1.127116362464875e-07,0.07637555712757417
0.6425,-0.5222020521367824,0.8528219286074775,1.1258481569242917e-07,0.08168483167723382
0.64275,-0.5230743445915513,0.8522871905549779,1.1257698262490123e-07,0.07789749859176469
0.643,-0.523946029996452,0.8517515965826696,1.123150785709015e-07,0.07881973364743317
0.64325,-0.5248171084121515,0.8512151474643961,1.1227745644326603e-07,0.08023072340512957
0.6435,-0.5256875786616685,0.8506778436651591,1.120309800484165e-07,0.08250538005963992
0.64375,-0.5265574400149289,0.8501396865096292,1.1210687667073671e-07,0.08078951005147882
0.644,-0.5274266911367036,0.8496006763067747,1.118521641974013e-07,0.08062189425264091
0.64425,-0.5282953320106957,0.8490608139563313,1.1181023329420725e-07,0.08133260963167216
0.6445,-0.5291633612978369,0.8485201003011991,1.117775847436775e-07,0.08303740693590522
0.64475,-0.5300307783510874,0.8479785359681602,1.1173107572481911e-07,0.08605407511174026
0.645,-0.5308975819198452,0.8474361215167647,1.1126985155485158e-07,0.07960242956114445
0.64525,-0.5317637719312944,0.8468928583744236,1.1135209354584674e-07,0.08342521292150766
0.6455,-0.5326293470581102,0.8463487466526068,1.1115398756977868e-07,0.08578114897970444
0.64575,-0.5334943065664933,0.845803787563883,1.1109813069509755e-07,0.08308243557569375
0.646,-0.5343586494982375,0.845257981615017,1.1088873019815537e-07,0.08583990436885892
0.64625,-0.5352223755601494,0.8447113296053228,1.1083191475691478e-07,0.08468516046753642
0.6465,-0.5360854835673909,0.8441638323228775,1.1074685923873062e-07,0.08806868700220587
0.64675,-0.5369479725594363,0.8436154906838832,1.1067874283732237e-07,0.08521854176856666
0.647,-0.5378098416492136,0.8430663051660545,1.1034054159253515e-07,0.08664803536321068
0.64725,-0.5386710905213616,0.8425162769274233,1.1032555380374731e-07,0.08788131209255594
0.6475,-0.5395317182220795,0.8419654064736718,1.1033301627882963e-07,0.08803731538247568
0.64775,-0.5403917237207169,0.8414136945263053,1.1020112111737035e-07,0.08981585555288758
0.648,-0.5412511058153839,0.840861142074413,1.0989852494702745e-07,0.08711455595477509
0.64825,-0.5421098646810864,0.8403077498042746,1.098828286139053e-07,0.0887335359087514
0.6485,-0.5429679989374917,0.8397535185851263,1.0992313592694813e-07,0.09306546563466009
0.64875,-0.5438255074671677,0.839198448993233,1.0968227925900464e-07,0.08991834242259632
0.649,-0.5446823898224764,0.8386425419175687,1.0944833661596931e-07,0.08925487727450816
0.64925,-0.5455386455256991,0.8380857982527833,1.0949750373079326e-07,0.09078395668824221
0.6495,-0.5463942733183967,0.837528218579938,1.0941640571360267e-07,0.09495486335925415
0.64975,-0.5472492720612316,0.8369698037787016,1.0910444703249311e-07,0.09193591200219581
0.65,-0.5481036418506164,0.8364105546621516,1.0908007253007668e-07,0.09050351674783282
0.65025,-0.5489573809113042,0.8358504720625394,1.0885207846200728e-07,0.09472590583766438
0.6505,-0.5498104893507704,0.835289556558581,1.0874797617965726e-07,0.09429587616136403
0.65075,-0.5506629654421411,0.8347278094489519,1.0868848332457048e-07,0.09696697107275462
0.651,-0.5515148090034643,0.8341652308340635,1.0844128128795205e-07,0.09223128347000865
0.65125,-0.5523660194213443,0.8336018220273355,1.0854933130133304e-07,0.09611992709627078
0.6515,-0.5532165950631129,0.8330375834889796,1.0827918561773231e-07,0.09617763664676761
0.65175,-0.5540665361264079,0.8324725163327388,1.0845223319400077e-07,0.09788561087761191
0.652,-0.5549158402701124,0.8319066210082156,1.0792999005637682e-07,0.0952848466463418
0.65225,-0.5557645083827405,0.8313398987350569,1.0800335603633471e-07,0.10036678223436031
0.6525,-0.5566125389766697,0.8307723498840636,1.0793896598748631e-07,0.09819914622480665
0.65275,-0.5574599307434277,0.8302039754170916,1.0759139912330795e-07,0.09820369330533792
0.653,-0.5583066837272312,0.8296347762125826,1.0749789458586179e-07,0.09757230091546332
0.65325,-0.5591527967876005,0.829064753093456,1.0748864864851271e-07,0.10175179009787082
0.6535,-0.5599982687676305,0.8284939068080766,1.0732042077243875e-07,0.09992188604554827
0.65375,-0.5608430994069887,0.8279222381956243,1.073256390426991e-07,0.1028827168022545
0.654,-0.5616872872945535,0.8273497478159939,1.0695974572705325e-07,0.10181891237309665
0.65425,-0.5625308326357407,0.8267764366500939,1.0693283747365001e-07,0.1011797692608619
0.6545,-0.5633737334875017,0.8262023056209596,1.06698512469805e-07,0.10274650395006096
0.65475,-0.564215989881155,0.8256273556343238,1.0680464312962101e-07,0.1043575882748977
0.655,-0.5650576002006886,0.8250515868734567,1.0627347957203881e-07,0.10285494840028375
0.65525,-0.5658985644455693,0.824475001038869,1.0628979385529647e-07,0.10475278437799809
0.6555,-0.5667388815830487,0.8238975983926405,1.0626757718235069e-07,0.10552459325544244
0.65575,-0.5675785505597666,0.8233193798473827,1.0614389656105061e-07,0.10672956980410578
0.656,-0.5684175709590988,0.8227403461761007,1.0610050060755327e-07,0.10556601900365015
0.65625,-0.5692559414770662,0.8221604983323424,1.0596250765715354e-07,0.107509072479122
0.6565,-0.5700936614599639,0.8215798368691124,1.0559334695514622e-07,0.108141391009469
0.65675,-0.5709307308609002,0.820998363170625,1.0588509802289536e-07,0.10861649299739627
0.657,-0.5717671472483588,0.8204160772213633,1.0521790261286412e-07,0.10787876080419422
0.65725,-0.5726029118744449,0.8198329806028509,1.0538561823203452e-07,0.10968721078099039
0.6575,-0.5734380225077557,0.819249073788196,1.0528020566447083e-07,0.11034970339102297
0.65775,-0.5742724788664091,0.8186643577039726,1.0527910854207789e-07,0.11430772083567628
0.658,-0.5751062794114219,0.8180788328670339,1.0470176281529575e-07,0.1088988806299284
0.65825,-0.5759394245747994,0.817492500627551,1.046809132709825e-07,0.11084814801360081
0.6585,-0.5767719129195418,0.8169053615411586,1.0462377364461872e-07,0.11477846623185017
0.65875,-0.5776037438623718,0.8163174162372905,1.04488071528408e-07,0.11201904048173576
0.659,-0.5784349157089537,0.8157286660141878,1.041342498897535e-07,0.11658769216893745
0.65925,-0.5792654292048389,0.8151391113537757,1.0416523932299526e-07,0.11264411533739391
0.6595,-0.5800952825732495,0.8145487532765806,1.0416407958402374e-07,0.11549379708100822
0.65975,-0.5809244752239724,0.8139575923484285,1.0402794359265499e-07,0.11865291263848553
0.66,-0.5817530059210014,0.8133656295884428,1.0364695701703397e-07,0.11479284876904144
0.66025,-0.5825808748400854,0.8127728660208082,1.037345536136769e-07,0.11745550383345268
0.6605,-0.5834080803527767,0.8121793021096483,1.0349810830589945e-07,0.11727810154463035
0.66075,-0.5842346221167886,0.8115849389484435,1.0340394229757521e-07,0.1237575163368819
0.661,-0.5850604988653956,0.810989777382698,1.0317592646913454e-07,0.11644974557483209
0.66125,-0.5858857103323128,0.8103938181002822,1.0299337072083858e-07,0.11863050062618509
0.6615,-0.5867102552853916,0.8097970621121126,1.0273122375004107e-07,0.12131840079755475
0.66175,-0.5875341339979754,0.8091995102559882,1.0300563579868083e-07,0.12260478162023898
0.662,-0.5883573436868232,0.8086011631469212,1.0245637893646631e-07,0.12224545545047831
0.66225,-0.5891798855458031,0.8080020220148815,1.0255594595776074e-07,0.12340316596035801
0.6625,-0.5900017578902765,0.8074020871472277,1.0232165270629423e-07,0.1237703863439461
0.66275,-0.5908229599677811,0.806801360114586,1.0235391290080997e-07,0.12572517362098368
0.663,-0.5916434907291972,0.806199841135399,1.0198448086029543e-07,0.12325935967094302
0.66325,-0.5924633500888876,0.8055975314740226,1.0195778821220358e-07,0.12691535516925026
0.6635,-0.5932825368961209,0.8049944318021142,1.0190914756513791e-07,0.12794287336973373
0.66375,-0.594101049873317,0.8043905429407058,1.0151650520207056e-07,0.12956440932734292
0.664,-0.5949188889545525,0.8037858658821335,1.0131339989172261e-07,0.12431604925832486
0.66425,-0.5957360532480257,0.8031804014666046,1.0121979010513371e-07,0.1299274292796046
0.6645,-0.5965525421528738,0.802574150399831,1.012195283145445e-07,0.131005322248185
0.66475,-0.5973683540848309,0.8019671139142578,1.0113098691810762e-07,0.1309973942131733
0.665,-0.5981834887656987,0.8013592923487423,1.0083278478845159e-07,0.12843378423768767
0.66525,-0.5989979455695841,0.8007506869948172,1.0075962197930721e-07,0.13331868150412154
0.6655,-0.5998117233143888,0.8001412985440548,1.0053056653802628e-07,0.13318933585320664
0.66575,-0.600624822033491,0.799531127896583,1.006591674457269e-07,0.13459710021899754
0.666,-0.6014372395055787,0.7989201758366562,1.0021147711647416e-07,0.13533950436849834
0.66625,-0.60224897630152,0.7983084433093534,1.0005761086340215e-07,0.13296974290529576
0.6665,-0.6030600312553963,0.7976959312937257,1.0005015682601481e-07,0.13778818057888348
0.66675,-0.6038704032879514,0.7970826403939852,9.979229509404774e-08,0.13734283924954066
0.667,-0.6046800914569914,0.7964685718807303,9.949907786577228e-08,0.13494736347155037
0.66725,-0.6054890957495599,0.7958537262536036,9.933167777198548e-08,0.14049949992957392
0.6675,-0.6062974151776581,0.795238104478289,9.923266097722205e-08,0.13974370836815028
0.66775,-0.6071050490466817,0.7946217076744272,9.944269341310985e-08,0.1438753647255781
0.668,-0.6079119953204781,0.7940045364267618,9.896039609991192e-08,0.13747275461166336
0.66825,-0.6087182547948397,0.7933865917290089,9.882791940363234e-08,0.14004315027427255
0.6685,-0.6095238261005513,0.792767874487464,9.870180850413135e-08,0.1439710233398155
0.66875,-0.6103287085006268,0.7921483855581037,9.858117189232019e-08,0.1469054700430754
0.669,-0.6111329009041242,0.7915281258721869,9.830710845371016e-08,0.14068451390277087
0.66925,-0.6119364031987773,0.7909070963139125,9.82797756510223e-08,0.1468995164025173
0.6695,-0.6127392137664904,0.7902852976921236,9.79177479099036e-08,0.14656948435591682
0.66975,-0.6135413329666151,0.7896627310340604,9.802130596092695e-08,0.14711331853316215
0.67,-0.6143427587786761,0.7890393970609981,9.768908437735035e-08,0.14738869339396826
0.67025,-0.6151434911370073,0.7884152968496969,9.749740592646106e-08,0.14728489643458564
0.6705,-0.6159435293946338,0.7877904312531325,9.748855256397349e-08,0.15259698559376753
0.67075,-0.6167428723251052,0.7871648009895094,9.724033267488608e-08,0.15144221158265864
0.671,-0.6175415192112155,0.7865384071761241,9.69564204478246e-08,0.148348240383946
0.67125,-0.6183394699652511,0.7859112505866767,9.695780622820394e-08,0.15445403647240355
0.6715,-0.6191367228749464,0.7852833322573248,9.676674328495949e-08,0.15387194216006037
0.67175,-0.6199332775149321,0.7846546529157473,9.645636422916937e-08,0.15370132469524247
0.672,-0.6207291333665594,0.7840252135488655,9.624516739137334e-08,0.15539709427184875
0.67225,-0.6215242897933075,0.7833950151209988,9.625974817240035e-08,0.1575693578295349
0.6725,-0.6223187454238936,0.7827640584796125,9.607671702660525e-08,0.15518789335249844
0.67275,-0.6231124997887423,0.7821323445944481,9.592688732240617e-08,0.16161390601003556
0.673,-0.6239055519164509,0.7814998742731492,9.5600555027886e-08,0.15613948794981894
0.67325,-0.6246979017110382,0.7808666485233743,9.558914593199574e-08,0.16142929422965363
0.6735,-0.6254895476685964,0.7802326681242508,9.532547196045016e-08,0.16176284214260503
0.67375,-0.6262804895741914,0.7795979340879101,9.522770860748153e-08,0.16146867161352232
0.674,-0.6270707256704711,0.7789624474689942,9.477988394124282e-08,0.16314654401895218
0.67425,-0.6278602566789777,0.7783262089765338,9.474838291723131e-08,0.16384994214121554
0.6745,-0.6286490808607518,0.7776892195913271,9.45678131358818e-08,0.16383348292858138
0.67475,-0.6294371979420633,0.7770514802564792,9.456096639048894e-08,0.17059588454207053
0.675,-0.6302246064369967,0.7764129919530394,9.431606451393293e-08,0.1628784329807721
0.67525,-0.6310113060400857,0.7757737554758887,9.401778489070978e-08,0.16953884047219744
0.6755,-0.6317972965257622,0.775133771833315,9.406689738256091e-08,0.16734511946273783
0.67575,-0.6325825760080415,0.7744930419806016,9.377266341203949e-08,0.17368288745339316
0.676,-0.6333671445929525,0.7738515668445682,9.367880715593913e-08,0.16888641012332278
0.67625,-0.6341510007982399,0.7732093472639476,9.325487027034285e-08,0.1711676845625758
0.6765,-0.6349341451295583,0.7725663842660419,9.3374649789979e-08,0.17377214336396543
0.67675,-0.6357165752700615,0.7719226787270737,9.300313408289185e-08,0.17774450834919417
0.677,-0.6364982914422157,0.7712782317158635,9.286380020512297e-08,0.1730133743946198
0.67725,-0.6372792927794383,0.7706330439600727,9.272431000795223e-08,0.17615723045193368
0.6775,-0.6380595781536724,0.7699871165425036,9.245753651576649e-08,0.1772813507723619
0.67775,-0.6388391472377791,0.7693404504168668,9.234555586878912e-08,0.18242906482245902
0.678,-0.6396179989116746,0.7686930464298953,9.208071993782596e-08,0.17802705502237628
0.67825,-0.6403961326565125,0.768044905612548,9.187939831178937e-08,0.17848376761025522
0.6785,-0.6411735477397015,0.7673960289664514,9.179729287822624e-08,0.18228590607267645
0.67875,-0.64195024328176,0.7667464172305648,9.159270497605121e-08,0.1862120770966426
0.679,-0.642726218413948,0.7660960715995344,9.137846213036482e-08,0.18212802419223323
0.67925,-0.6435014726503345,0.7654449929030119,9.123171640368355e-08,0.18526750822180862
0.6795,-0.6442760050943714,0.764793182048107,9.102381159920014e-08,0.18583831220574698
0.67975,-0.6450498150580704,0.7641406400430599,9.083592988901046e-08,0.19159113584375737
0.68,-0.6458229016214396,0.7634873679527061,9.064103911882171e-08,0.1867836743472676
0.68025,-0.6465952641447594,0.7628333665388457,9.035970616189104e-08,0.19035163418126858
0.6805,-0.6473669019778603,0.7621786369269118,9.018208491085034e-08,0.18892769819422076
0.68075,-0.6481378144578718,0.7615231799522877,9.006743151296348e-08,0.1983757783157265
0.681,-0.6489080002370926,0.7608669967620827,8.976672272176245e-08,0.1871306043541402
0.68125,-0.649677459339881,0.7602100881890885,8.967938813775334e-08,0.19759493106866133
0.6815,-0.6504461905234241,0.7595524550503173,8.936969542183704e-08,0.19310423296760842
0.68175,-0.6512141932614492,0.7588940988288729,8.937121975804985e-08,0.20352350726977678
0.682,-0.6519814665074684,0.7582350199608143,8.908209880864604e-08,0.19519536751145514
0.68225,-0.6527480098907512,0.7575752195711704,8.886231772642361e-08,0.19867743372083785
0.6825,-0.6535138224361258,0.7569146986868293,8.860162092894086e-08,0.20025141291138912
0.68275,-0.6542789035298211,0.7562534584339382,8.84987345628474e-08,0.2062889936008244
0.683,-0.6550432523237077,0.7555914995105901,8.827373743081068e-08,0.19996895495706082
0.68325,-0.6558068681143792,0.7549288230874173,8.809706808499129e-08,0.20607424247478362
0.6835,-0.6565697499975498,0.7542654300957541,8.782468507995134e-08,0.20542873259885694
0.68375,-0.6573318975088985,0.753601321377138,8.753200497757518e-08,0.21100331721865442
0.684,-0.6580933097453432,0.7529364984336979,8.750258539969025e-08,0.20276030741358553
0.68425,-0.6588539859533779,0.7522709615641331,8.720963573516372e-08,0.21262250013728334
0.6845,-0.6596139255306541,0.751604712104129,8.700554121610082e-08,0.2098655595320436
0.68475,-0.6603731275050775,0.7509377511587509,8.682309604601812e-08,0.2186132168932551
0.685,-0.661131591197508,0.7502700795669739,8.658638739333924e-08,0.2083385939688001
0.68525,-0.661889316021324,0.749601698373099,8.643350146719797e-08,0.21552363085172188
0.6855,-0.6626463010508686,0.7489326084927391,8.618006464011785e-08,0.21600676793888368
0.68575,-0.6634025457232084,0.7482628109751706,8.598024492378897e-08,0.2231019351412339
0.686,-0.6641580491035839,0.7475923067876877,8.567860376729186e-08,0.2155516572515984
0.68625,-0.6649128105380893,0.7469210973665358,8.565444176156234e-08,0.21889853427362746
0.6865,-0.6656668293784082,0.7462491830920052,8.550009034102857e-08,0.22257068593650328
0.68675,-0.6664201047597388,0.7455765645666668,8.48295034217017e-08,0.2272180338943189
0.687,-0.6671726359260104,0.7449032446278281,8.499275971907139e-08,0.22177671289573953
0.68725,-0.6679244222461965,0.7442292223395236,8.460850020597377e-08,0.22623624063446593
0.6875,-0.6686754629242824,0.7435544998778798,8.450282007466114e-08,0.22621559418013307
0.68775,-0.6694257572527653,0.742879077549385,8.416702823588196e-08,0.23234169556593076
0.688,-0.6701753043827052,0.7422029572170885,8.415311802956182e-08,0.22819428457303687
0.68825,-0.6709241037206174,0.7415261390539756,8.392680128643804e-08,0.2314824348673411
0.6885,-0.6716721544755538,0.7408486244302657,8.370902104815059e-08,0.23472603745402634
0.68875,-0.6724194558856992,0.7401704141974949,8.335345191845533e-08,0.23983708333237144
0.689,-0.6731660071339292,0.7394915099258625,8.320653122062538e-08,0.23020769792896548
0.68925,-0.6739118077102739,0.7388119120379268,8.297022979775193e-08,0.24122962190345082
0.6895,-0.6746568566640515,0.7381316218870418,8.273670326630622e-08,0.2356295463739156
0.68975,-0.6754011534373672,0.7374506403477298,8.250689798039446e-08,0.24454943060512557
0.69,-0.6761446971707237,0.7367689686599661,8.23461765442346e-08,0.23880053006744473
0.69025,-0.6768874872002713,0.7360866076081503,8.211418278669669e-08,0.24892143355783153
0.6905,-0.6776295225401838,0.7354035582462642,8.164964859780355e-08,0.24011482722138272
0.69075,-0.6783708030420637,0.734719821892155,8.155058384140546e-08,0.2513895145216764
0.691,-0.6791113273268792,0.7340353997424813,8.148938679397588e-08,0.24545916784926133
0.69125,-0.6798510950305554,0.7333502920409853,8.112541860505473e-08,0.2520774991480754
0.6915,-0.6805901053520647,0.7326645006398709,8.100049964099298e-08,0.24895900033567114
0.69175,-0.6813283574745205,0.7319780256249092,8.034833087755544e-08,0.260159666232463
0.692,-0.6820658507319077,0.7312908699256155,8.058559908263874e-08,0.24959003629299673
0.69225,-0.6828025843699738,0.7306030325264649,8.017958785799806e-08,0.25830036587367444
0.6925,-0.683538557846606,0.7299145155667537,8.004903029323884e-08,0.25450300122466935
0.69275,-0.6842737701555589,0.7292253195533122,7.960026326969682e-08,0.26602148276035903
0.693,-0.6850082207449377,0.7285354465058376,7.965179960045532e-08,0.25659394353754567
0.69325,-0.6857419086572886,0.727844896465,7.929954071173029e-08,0.266260420764135
0.6935,-0.6864748334894202,0.7271536709372022,7.908588495197932e-08,0.2607682676312363
0.69375,-0.6872069944292742,0.7264617704767692,7.8578376250249e-08,0.27239527567603444
0.694,-0.6879383903187737,0.725769197694774,7.859844752822198e-08,0.26447010279458305
0.69425,-0.6886690210173667,0.7250759515506353,7.801303558707673e-08,0.2693377694037705
0.6945,-0.6893988856247586,0.7243820346700522,7.782668887124089e-08,0.27024539926381086
0.69475,-0.69012798336296,0.7236874480258902,7.792542278117764e-08,0.27957287060173963
0.695,-0.6908563134425929,0.7229921920833249,7.781846766974354e-08,0.27031646835211975
0.69525,-0.6915838750412925,0.7222962674585692,7.710085259127197e-08,0.27784702198251965
0.6955,-0.6923106677903654,0.7215996773143877,7.751828201563171e-08,0.27648386211503523
0.69575,-0.6930366903132044,0.720902419682797,7.641239307965009e-08,0.28685300225362564
0.696,-0.6937619430572237,0.7202044992912136,7.721691819284615e-08,0.27671353340657295
0.69625,-0.6944864239033532,0.7195059133789605,7.618667718922723e-08,0.2852107986889724
0.6965,-0.6952101329389194,0.7188066657103086,7.58052578486712e-08,0.2839657336664143
0.69675,-0.6959330698271443,0.7181067564781032,7.568926441159363e-08,0.29236823269951967
0.697,-0.6966552327170774,0.7174061874735003,7.554867131887022e-08,0.2866393367272508
0.69725,-0.6973766216907726,0.7167049585932638,7.50765005719245e-08,0.28831810988673834
0.6975,-0.6980972357651726,0.7160030723892503,7.512690758382234e-08,0.2963257186947815
0.69775,-0.6988170744079497,0.7153005282488695,7.45985959671458e-08,0.2953163790021114
0.698,-0.6995361368641078,0.7145973292854677,7.490033859802736e-08,0.295561022957082
0.69825,-0.7002544220079556,0.7138934744212391,7.418145941961996e-08,0.2976612325194767
0.6985,-0.700971929377279,0.7131889665977985,7.392586764964904e-08,0.3044852385099332
0.69875,-0.7016886583700608,0.7124838057242284,7.335222518278783e-08,0.3013408753446871
0.699,-0.7024046088154492,0.7117779942626754,7.380088806741014e-08,0.30455172521937723
0.69925,-0.7031197783508777,0.7110715318954401,7.309015503942362e-08,0.30186385926411824
0.6995,-0.7038341682455866,0.7103644210630133,7.35510707894349e-08,0.31401864801562196
0.69975,-0.7045477758707225,0.7096566599476836,7.174623939398828e-08,0.30705716841697456
0.7,-0.7052606022740875,0.7089482550608182,7.27368911768167e-08,0.3146854162244452
0.70025,-0.7059726455245945,0.708239202485984,7.208348606901893e-08,0.31601919974331993
0.7005,-0.7066839055932665,0.7075295060265372,7.216135178289562e-08,0.3261574094930634
0.70075,-0.7073943822487117,0.7068191672313446,7.360132125988628e-08,0.3806639741440744
0.701,-0.7081040792077434,0.7061081906650806,8.195747658312769e-08,0.6676032993527524
0.70125,-0.7088130203268209,0.7053966031370447,1.3275104682186623e-07,2.343289177173811
0.7015,-0.7095213500057115,0.7046845492631981,4.3004200955820693e-07,12.018898849636704
0.70175,-0.7102299047321305,0.7039728608528872,2.153194286869109e-06,0.0
0.702,-0.7109377306696503,0.7032605931278479,3.959360284078173e-06,0.0
0.70225,-0.7116448280427414,0.7025477480587294,5.849774077582026e-06,0.0
0.7025,-0.7123511970758754,0.7018343276161815,7.825667324601326e-06,0.0
0.70275,-0.7130568379935225,0.7011203337708534,9.888269247859682e-06,0.0
0.703,-0.7137617510201538,0.7004057684933944,1.2038806622705067e-05,0.0
0.70325,-0.7144659363802404,0.6996906337544542,1.4278503763787143e-05,0.0
0.7035,-0.7151693942982533,0.698974931524682,1.660858250973618e-05,0.0
0.70375,-0.715872124998663,0.6982586637747275,1.9030262209174253e-05,0.0
0.704,-0.7165741287059408,0.6975418324752397,2.154475970850278e-05,0.0
0.70425,-0.7172754056445576,0.6968244395968684,2.4153289336359407e-05,0.0
0.7045,-0.717975956038984,0.6961064871102627,2.6857062890739414e-05,0.0
0.70475,-0.7186757801136913,0.6953879769860724,2.965728962500691e-05,0.0
0.705,-0.7193748780931501,0.6946689111949467,3.2555176233906025e-05,0.0
0.70525,-0.7200732502018317,0.6939492917075349,3.5551926839794135e-05,0.0
0.7055,-0.7207708966642065,0.6932291204944867,3.8648742979319195e-05,0.0
0.70575,-0.7214678177047458,0.6925083995264513,4.1846823589430926e-05,0.0
0.706,-0.7221640135479204,0.6917871307740782,4.514736499383609e-05,0.0
0.70625,-0.7228594844182012,0.6910653162080169,4.8551560890119916e-05,0.0
0.7065,-0.7235542305400593,0.6903429577989166,5.2060602333758865e-05,0.0
0.70675,-0.7242482521379654,0.689620057517427,5.567567772812865e-05,0.0
0.707,-0.7249415494363903,0.6888966173341975,5.9397972807406774e-05,0.0
0.70725,-0.7256341226598052,0.6881726392198773,6.322867062591442e-05,0.0
0.7075,-0.7263259720326809,0.6874481251451159,6.716895154279534e-05,0.0
0.70775,-0.7270170977794884,0.6867230770805628,7.121999320980343e-05,0.0
0.708,-0.7277075001246985,0.6859974969968674,7.538297055642573e-05,0.0
0.70825,-0.7283971792927821,0.685271386864679,7.965905577855814e-05,0.0
0.7085,-0.7290861355082103,0.6845447486546472,8.404941832296231e-05,0.0
0.70875,-0.7297743689954539,0.6838175843374213,8.855522487571932e-05,0.0
0.709,-0.7304618799789837,0.6830898958836509,9.317763934779677e-05,0.0
0.70925,-0.7311486686832709,0.6823616852639853,9.791782286283635e-05,0.0
0.7095,-0.7318347353327861,0.6816329544490738,0.00010277693374205477,0.0
0.70975,-0.7325200801520004,0.6809037054095658,0.00010775612749336361,0.0
0.71,-0.7332047033653848,0.6801739401161111,0.00011285655679738049,0.0
0.71025,-0.7338886051974101,0.6794436605393587,0.0001180793714925521,0.0
0.7105,-0.734571785872547,0.6787128686499584,0.0001234257185653842,0.0
0.71075,-0.7352542456152669,0.6779815664185591,0.00012889674213401037,0.0
0.711,-0.7359359846500402,0.6772497558158108,0.00013449358343775586,0.0
0.71125,-0.7366170032013383,0.6765174388123625,0.0001402173808224827,0.0
0.7115,-0.7372973014936317,0.675784617378864,0.00014606926972859924,0.0
0.71175,-0.7379768797513917,0.6750512934859643,0.00015205038267729343,0.0
0.712,-0.7386557381990888,0.674317469104313,0.00015816184925832033,0.0
0.71225,-0.7393338770611944,0.6735831462045598,0.0001644047961169015,0.0
0.7125,-0.740011296562179,0.6728483267573537,0.00017078034694040234,0.0
0.71275,-0.7406879969265137,0.6721130127333443,0.0001772896224467857,0.0
0.713,-0.7413639783786693,0.671377206103181,0.00018393374037017907,0.0
0.71325,-0.7420392411431169,0.6706409088375131,0.00019071381544955024,0.0
0.7135,-0.7427137854443273,0.6699041229069904,0.00019763095941516262,0.0
0.71375,-0.7433876115067714,0.6691668502822621,0.00020468628097614072,0.0
0.714,-0.7440607195549201,0.6684290929339773,0.0002118808858078136,0.0
0.71425,-0.7447331098132446,0.667690852832786,0.00021921587653950247,0.0
0.7145,-0.7454047825062156,0.6669521319493372,0.00022669235274097588,0.0
0.71475,-0.7460757378583038,0.6662129322542805,0.00023431141091090346,0.0
0.715,-0.7467459760939804,0.6654732557182653,0.00024207414446397735,0.0
0.71525,-0.7474154974377163,0.6647331043119411,0.0002499816437182556,0.0
0.7155,-0.7480843021139824,0.663992480005957,0.0002580349958831718,0.0
0.71575,-0.7487523903472495,0.6632513847709628,0.0002662352850462124,0.0
0.716,-0.7494197623619886,0.6625098205776077,0.0002745835921622586,0.0
0.71625,-0.7500864183826705,0.6617677893965414,0.00028308099503893125,0.0
0.7165,-0.7507523586337663,0.6610252931984129,0.0002917285683265991,0.0
0.71675,-0.751417583339747,0.6602823339538719,0.0003005273835048339,0.0
0.717,-0.7520820927250832,0.6595389136335678,0.00030947850886997585,0.0
0.71725,-0.752745887014246,0.6587950342081499,0.0003185830095238096,0.0
0.7175,-0.7534089664317063,0.6580506976482678,0.0003278419473606853,0.0
0.71775,-0.7540713312019351,0.6573059059245708,0.00033725638105641664,0.0
0.718,-0.7547329815494033,0.6565606610077084,0.00034682736605451403,0.0
0.71825,-0.7553939176985816,0.6558149648683298,0.00035655595455552636,0.0
0.7185,-0.7560541398739411,0.6550688194770846,0.0003664431955052727,0.0
0.71875,-0.7567136482999526,0.6543222268046225,0.00037649013458129765,0.0
0.719,-0.7573724432010871,0.6535751888215923,0.00038669781418221305,0.0
0.71925,-0.7580305248018155,0.6528277074986439,0.0003970672734157077,0.0
0.7195,-0.7586878933266089,0.6520797848064266,0.00040759954808611276,0.0
0.71975,-0.759344548999938,0.6513314227155897,0.0004182956706826335,0.0
0.72,-0.7600004920462737,0.6505826231967828,0.0004291566703686911,0.0
0.72025,-0.760655722690087,0.6498333882206553,0.0004401835729685999,0.0
0.7205,-0.7613102411558488,0.6490837197578563,0.00045137740095690937,0.0
0.72075,-0.76196404766803,0.6483336197790357,0.00046273917344619164,0.0
0.721,-0.7626171424511017,0.6475830902548427,0.0004742699061759392,0.0
0.72125,-0.7632695257295343,0.6468321331559268,0.0004859706114999085,0.0
0.7215,-0.7639211977277993,0.6460807504529372,0.0004978422983761277,0.0
0.72175,-0.7645721586703673,0.6453289441165235,0.0005098859723537963,0.0
0.722,-0.7652224087817094,0.6445767161173352,0.000522102635563737,0.0
0.72225,-0.7658719482862963,0.6438240684260216,0.0005344932867041852,0.0
0.7225,-0.7665207774085991,0.6430710030132321,0.0005470589210323507,0.0
0.72275,-0.7671688963730887,0.6423175218496162,0.0005598005303506515,0.0
0.723,-0.7678163054042358,0.6415636269058231,0.0005727191029971657,0.0
0.72325,-0.7684630047265116,0.6408093201525027,0.0005858156238331969,0.0
0.7235,-0.769108994564387,0.6400546035603039,0.000599091074232394,0.0
0.72375,-0.7697542751423325,0.6392994790998764,0.0006125464320698715,0.0
0.724,-0.7703988466848196,0.6385439487418696,0.0006261826717106622,0.0
0.72425,-0.7710427094163188,0.6377880144569329,0.000640000763998394,0.0
0.7245,-0.7716858635613013,0.6370316782157157,0.0006540016762450751,0.0
0.72475,-0.7723283093442377,0.6362749419888675,0.0006681863722186598,0.0
0.725,-0.7729700469895993,0.6355178077470376,0.0006825558121335007,0.0
0.72525,-0.7736110767218567,0.6347602774608755,0.000697110952638802,0.0
0.7255,-0.7742513987654809,0.6340023531010306,0.0007118527468072955,0.0
0.72575,-0.7748910133449429,0.6332440366381523,0.0007267821441245825,0.0
0.726,-0.7755299206847135,0.6324853300428901,0.0007419000904786976,0.0
0.72625,-0.7761681210092639,0.6317262352858932,0.0007572075281490065,0.0
0.7265,-0.7768056145430646,0.6309667543378115,0.0007727053957959917,0.0
0.72675,-0.7774424015105867,0.6302068891692938,0.0007883946284483745,0.0
0.727,-0.7780784821363012,0.62944664175099,0.0008042761574960089,0.0
0.72725,-0.778713856644679,0.6286860140535493,0.0008203509106763374,0.0
0.7275,-0.7793485252601908,0.6279250080476212,0.0008366198120648427,0.0
0.72775,-0.7799824882073078,0.6271636257038551,0.00085308378206439,0.0
0.728,-0.7806157457105007,0.6264018689929005,0.0008697437373956785,0.0
0.72825,-0.7812482979942406,0.6256397398854066,0.0008866005910843633,0.0
0.7285,-0.7818801452829983,0.6248772403520231,0.0009036552524537278,0.0
0.72875,-0.7825112878012448,0.6241143723633993,0.0009209086271113609,0.0
0.729,-0.7831417257734509,0.6233511378901844,0.0009383616169411635,0.0
0.72925,-0.7837714594240875,0.6225875389030282,0.0009560151200920242,0.0
0.7295,-0.7844004889776257,0.62182357737258,0.000973870030966939,0.0
0.72975,-0.7850288146585362,0.6210592552694891,0.000991927240214574,0.0
0.73,-0.7856564366912903,0.620294574564405,0.0010101876347170524,0.0
0.73025,-0.7862833553003583,0.6195295372279771,0.0010286520975815172,0.0
0.7305,-0.7869095707102117,0.618764145230855,0.0010473215081294729,0.0
0.73075,-0.7875350831453212,0.6179984005436878,0.0010661967418859053,0.0
0.731,-0.7881598928301574,0.6172323051371251,0.001085278670570844,0.0
0.73125,-0.7887839999891919,0.6164658609818163,0.0011045681620884817,0.0
0.7315,-0.7894074048468949,0.615699070048411,0.001124066080516961,0.0
0.73175,-0.7900301076277378,0.6149319343075583,0.0011437732861001582,0.0
0.732,-0.7906521085561914,0.6141644557299077,0.0011636906352352483,0.0
0.73225,-0.7912734078567265,0.6133966362861089,0.0011838189804660448,0.0
0.7325,-0.791894005753814,0.612628477946811,0.0012041591704698984,0.0
0.73275,-0.792513902471925,0.6118599826826634,0.0012247120500517017,0.0
0.733,-0.7931330982355305,0.6110911524643159,0.001245478460131455,0.0
0.73325,-0.7937515932691008,0.6103219892624177,0.0012664592377349404,0.0
0.7335,-0.7943693877971076,0.609552495047618,0.001287655215986394,0.0
0.73375,-0.7949864820440213,0.6087826717905667,0.0013090672240962942,0.0
0.734,-0.795602876234313,0.6080125214619128,0.001330696087353811,0.0
0.73425,-0.7962185705924538,0.6072420460323058,0.001352542627116593,0.0
0.7345,-0.7968335653429143,0.6064712474723952,0.0013746076608012192,0.0
0.73475,-0.7974478607101655,0.6057001277528304,0.001396892001874761,0.0
0.735,-0.7980614569186784,0.6049286888442611,0.0014193964598452347,0.0
0.73525,-0.7986743541929238,0.6041569327173363,0.0014421218402507208,0.0
0.7355,-0.7992865527573728,0.6033848613427055,0.0014650689446538134,0.0
0.73575,-0.7998980528364961,0.6026124766910184,0.0014882385706289636,0.0
0.736,-0.8005088546547647,0.6018397807329241,0.0015116315117551515,0.0
0.73625,-0.8011189584366497,0.6010667754390722,0.001535248557606339,0.0
0.7365,-0.8017283644066218,0.600293462780112,0.0015590904937434757,0.0
0.73675,-0.8023370727891517,0.599519844726693,0.001583158101703841,0.0
0.737,-0.8029450838087109,0.5987459232494645,0.0016074521589939383,0.0
0.73725,-0.8035523976897698,0.5979717003190763,0.0016319734390797258,0.0
0.7375,-0.8041590146567996,0.5971971779061774,0.0016567227113775118,0.0
0.73775,-0.8047649349342711,0.5964223579814175,0.0016817007412464058,0.0
0.738,-0.8053701587466553,0.5956472425154458,0.0017069082899783261,0.0
0.73825,-0.805974686318423,0.5948718334789118,0.0017323461147904506,0.0
0.7385,-0.8065785178740452,0.5940961328424652,0.001758014968816557,0.0
0.73875,-0.8071816536379928,0.5933201425767549,0.0017839156010968082,0.0
0.739,-0.8077840938347367,0.5925438646524308,0.0018100487565719803,0.0
0.73925,-0.8083858386887479,0.591767301040142,0.0018364151760728031,0.0
0.7395,-0.8089868884244971,0.5909904537105379,0.0018630155963126338,0.0
0.73975,-0.8095872432664554,0.5902133246342682,0.0018898507498790185,0.0
0.74,-0.8101869034390937,0.5894359157819823,0.0019169213652254768,0.0
0.74025,-0.8107858691668828,0.5886582291243294,0.0019442281666623984,0.0
0.7405,-0.8113841406742939,0.5878802666319589,0.001971771874350603,0.0
0.74075,-0.8119817181857976,0.5871020302755205,0.0019995532042906827,0.0
0.741,-0.812578601925865,0.5863235220256635,0.002027572868317895,0.0
0.74125,-0.8131747921189668,0.5855447438530372,0.0020558315740915045,0.0
0.7415,-0.8137702889895742,0.5847656977282912,0.0020843300250883434,0.0
0.74175,-0.814365092762158,0.5839863856220748,0.0021130689205948183,0.0
0.742,-0.814959203661189,0.5832068095050376,0.0021420489556980282,0.0
0.74225,-0.8155526219111384,0.5824269713478287,0.002171270821278659,0.0
0.7425,-0.8161453477364767,0.5816468731210978,0.0022007352040034345,0.0
0.74275,-0.8167373813616752,0.5808665167954942,0.0022304427863168996,0.0
0.743,-0.8173287230112046,0.5800859043416673,0.00226039424643365,0.0
0.74325,-0.817919372909536,0.5793050377302666,0.0022905902583312265,0.0
0.7435,-0.8185093312811401,0.5785239189319415,0.0023210314917425645,0.0
0.74375,-0.8190985983504879,0.5777425499173414,0.0023517186121475575,0.0
0.744,-0.8196871743420504,0.5769609326571157,0.002382652280766173,0.0
0.74425,-0.8202750594802983,0.576179069121914,0.0024138331545522362,0.0
0.7445,-0.8208622539897028,0.5753969612823855,0.0024452618861832143,0.0
0.74475,-0.8214487580947347,0.5746146111091797,0.002476939124055777,0.0
0.745,-0.8220345720198647,0.573832020572946,0.0025088655122766923,0.0
0.74525,-0.8226196959895641,0.5730491916443339,0.002541041690656831,0.0
0.7455,-0.8232041302283035,0.5722661262939928,0.002573468294702952,0.0
0.74575,-0.823787874960554,0.571482826492572,0.002606145955611261,0.0
0.746,-0.8243709304107865,0.5706992942107211,0.0026390753002600853,0.0
0.74625,-0.8249532968034718,0.5699155314190893,0.0026722569512034333,0.0
0.7465,-0.8255349743630809,0.5691315400883263,0.002705691526662779,0.0
0.74675,-0.8261159633140847,0.5683473221890813,0.002739379640521289,0.0
0.747,-0.8266962638809541,0.5675628796920039,0.0027733219023171607,0.0
0.74725,-0.8272758762881601,0.5667782145677434,0.0028075189172358517,0.0
0.7475,-0.8278548007601736,0.5659933287869493,0.0028419712861036395,0.0
0.74775,-0.8284330375214652,0.565208224320271,0.002876679605381627,0.0
0.748,-0.8290105867965063,0.5644229031383579,0.002911644467158414,0.0
0.74825,-0.8295874488097676,0.5636373672118593,0.002946866459143438,0.0
0.7485,-0.83016362378572,0.5628516185114247,0.0029823461646614202,0.0
0.74875,-0.8307391119488343,0.5620656590077037,0.0030180841626445964,0.0
0.749,-0.8313139135235816,0.5612794906713454,0.0030540810276273866,0.0
0.74925,-0.8318880287344328,0.5604931154729995,0.003090337329739068,0.0
0.7495,-0.8324614578058588,0.5597065353833155,0.0031268536346986675,0.0
0.74975,-0.8330342009623304,0.5589197523729424,0.003163630503807413,0.0
0.75,-0.8336062584283187,0.55813276841253,0.003200668493943848,0.0
0.75025,-0.8341776304282944,0.5573455854727276,0.0032379681575560593,0.0
0.7505,-0.8347483171867287,0.5565582055241846,0.0032755300426576817,0.0
0.75075,-0.8353183189280922,0.5557706305375505,0.003313354692819903,0.0
0.751,-0.8358876358768561,0.5549828624834746,0.0033514426471668024,0.0
0.75125,-0.836456268257491,0.5541949033326063,0.0033897944403684654,0.0
0.7515,-0.8370242162944681,0.5534067550555952,0.0034284106026358785,0.0
0.75175,-0.8375914802122584,0.5526184196230908,0.003467291659715377,0.0
0.752,-0.8381580602353325,0.551829899005742,0.0035064381328813177,0.0
0.75225,-0.8387239565881615,0.5510411951741989,0.003545850538932749,0.0
0.7525,-0.839289169495216,0.5502523100991104,0.0035855293901845275,0.0
0.75275,-0.8398536991809674,0.5494632457511262,0.003625475194465766,0.0
0.753,-0.8404175458698864,0.5486740041008955,0.003665688455110949,0.0
0.75325,-0.8409807097864439,0.5478845871190681,0.003706169670956383,0.0
0.7535,-0.8415431911551108,0.547094996776293,0.0037469193363330877,0.0
0.75375,-0.8421049902003579,0.54630523504322,0.0037879379410636904,0.0
0.754,-0.8426661071466565,0.5455153038904983,0.003829225970455097,0.0
0.75425,-0.843226542218477,0.5447252052887772,0.0038707839052940507,0.0
0.7545,-0.8437862956402908,0.5439349412087062,0.003912612221842249,0.0
0.75475,-0.8443453676365685,0.5431445136209351,0.00395471139183079,0.0
0.755,-0.8449037584317811,0.5423539244961129,0.003997081882454845,0.0
0.75525,-0.8454614682503997,0.5415631758048891,0.004039724156369662,0.0
0.7555,-0.8460184973168949,0.5407722695179131,0.0040826386716839025,0.0
0.75575,-0.8465748458557378,0.5399812076058345,0.004125825881956535,0.0
0.756,-0.8471305140913994,0.5391899920393026,0.004169286236191283,0.0
0.75625,-0.8476855022483503,0.5383986247889667,0.004213020178830407,0.0
0.7565,-0.8482398105510618,0.5376071078254765,0.004257028149753372,0.0
0.75675,-0.8487934392240044,0.5368154431194814,0.004301310584268192,0.0
0.757,-0.8493463884916495,0.5360236326416304,0.004345867913109647,0.0
0.75725,-0.8498986585784675,0.5352316783625735,0.004390700562433292,0.0
0.7575,-0.8504502497089297,0.5344395822529597,0.004435808953812126,0.0
0.75775,-0.8510011621075069,0.5336473462834386,0.004481193504230596,0.0
0.758,-0.8515513959986699,0.5328549724246595,0.004526854626081267,0.0
0.75825,-0.8521009516068898,0.5320624626472721,0.004572792727160602,0.0
0.7585,-0.8526498291566376,0.5312698189219254,0.004619008210664077,0.0
0.75875,-0.8531980288723837,0.5304770432192691,0.004665501475182188,0.0
0.759,-0.8537455509785996,0.5296841375099528,0.004712272914696447,0.0
0.75925,-0.8542923956997559,0.5288911037646256,0.0047593229185745045,0.0
0.7595,-0.8548385632603237,0.528097943953937,0.004806651871567924,0.0
0.75975,-0.8553840538847737,0.5273046600485364,0.004854260153805523,0.0
0.76,-0.8559288677975769,0.5265112540190733,0.004902148140792484,0.0
0.76025,-0.8564730052232041,0.5257177278361971,0.004950316203403471,0.0
0.7605,-0.8570164663861266,0.5249240834705573,0.004998764707881298,0.0
0.76075,-0.857559251510815,0.5241303228928031,0.0050474940158318216,0.0
0.761,-0.8581013608217404,0.5233364480735843,0.005096504484220166,0.0
0.76125,-0.8586427945433734,0.5225424609835498,0.005145796465367614,0.0
0.7615,-0.8591835529001852,0.5217483635933495,0.005195370306948499,0.0
0.76175,-0.8597236361166467,0.5209541578736325,0.0052452263519853215,0.0
0.762,-0.8602630444172287,0.5201598457950485,0.005295364938845859,0.0
0.76225,-0.8608017780264021,0.5193654293282466,0.005345786401240726,0.0
0.7625,-0.861339837168638,0.5185709104438765,0.005396491068218712,0.0
0.76275,-0.861877222068407,0.5177762911125874,0.005447479264163668,0.0
0.763,-0.8624139329501803,0.5169815733050289,0.0054987513087925155,0.0
0.76325,-0.8629499700384289,0.5161867589918505,0.005550307517150577,0.0
0.7635,-0.8634853335576234,0.5153918501437014,0.005602148199608692,0.0
0.76375,-0.8640200237322349,0.5145968487312311,0.005654273661860998,0.0
0.764,-0.8645540407867341,0.513801756725089,0.005706684204921375,0.0
0.76425,-0.8650873849455922,0.5130065760959246,0.005759380125120783,0.0
0.7645,-0.86562005643328,0.5122113088143871,0.005812361714103487,0.0
0.76475,-0.8661520554742685,0.5114159568511263,0.005865629258825722,0.0
0.765,-0.8666833822930284,0.5106205221767913,0.005919183041551701,0.0
0.76525,-0.8672140371140308,0.5098250067620318,0.005973023339851391,0.0
0.7655,-0.8677440201617465,0.5090294125774969,0.006027150426598071,0.0
0.76575,-0.8682733316606466,0.5082337415938363,0.0060815645699654475,0.0
0.766,-0.8688019718352018,0.5074379957816992,0.006136266033424764,0.0
0.76625,-0.8693299409098831,0.5066421771117352,0.006191255075743474,0.0
0.7665,-0.8698572391091614,0.5058462875545937,0.00624653195098146,0.0
0.76675,-0.8703838666575077,0.5050503290809241,0.006302096908489929,0.0
0.767,-0.8709098237793927,0.5042543036613757,0.0063579501929080795,0.0
0.76725,-0.8714351106992877,0.5034582132665981,0.006414092044162212,0.0
0.7675,-0.8719597276416633,0.5026620598672406,0.0064705226974612895,0.0
0.76775,-0.8724836748309904,0.5018658454339526,0.0065272423832976045,0.0
0.768,-0.8730069524917401,0.5010695719373837,0.0065842513274427805,0.0
0.76825,-0.8735295608483831,0.5002732413481832,0.0066415497509462185,0.0
0.7685,-0.8740515001253906,0.4994768556370005,0.0066991378701337645,0.0
0.76875,-0.8745727705472333,0.49868041677448505,0.006757015896605267,0.0
0.769,-0.8750933723383822,0.49788392673128634,0.006815184037233024,0.0
0.76925,-0.8756133057233081,0.4970873874780537,0.006873642494159338,0.0
0.7695,-0.876132570926482,0.49629080098543665,0.006932391464796073,0.0
0.76975,-0.876651168172375,0.49549416922408446,0.006991431141822213,0.0
0.77,-0.8771690976854576,0.49469749416464665,0.0070507617131820854,0.0
0.77025,-0.8776863596902011,0.49390077777777264,0.0071103833620851375,0.0
0.7705,-0.8782029544110762,0.4931040220341119,0.007170296267002163,0.0
0.77075,-0.8787188820725539,0.4923072289043138,0.00723050060166619,0.0
0.771,-0.8792341428991051,0.4915104003590277,0.007290996535070482,0.0
0.77125,-0.8797487371152006,0.4907135383689031,0.0073517842314665405,0.0
0.7715,-0.8802626649453115,0.4899166449045894,0.00741286385036366,0.0
0.77175,-0.8807759266139086,0.4891197219367361,0.007474235546527153,0.0
0.772,-0.881288522345463,0.48832277143599245,0.007535899469978347,0.0
0.77225,-0.8818004523644453,0.48752579537300805,0.007597855765991923,0.0
0.7725,-0.8823117168953266,0.48672879571843225,0.00766010457509636,0.0
0.77275,-0.8828223161625779,0.48593177444291447,0.007722646033073044,0.0
0.773,-0.8833322503906699,0.4851347335171041,0.007785480270953826,0.0
0.77325,-0.8838415198040737,0.4843376749116506,0.007848607415021691,0.0
0.7735,-0.88435012462726,0.4835406005972034,0.007912027586810089,0.0
0.77375,-0.8848580650847,0.48274351254441195,0.007975740903101158,0.0
0.774,-0.8853653414008643,0.4819464127239256,0.008039747475926395,0.0
0.77425,-0.8858719538002241,0.48114930310639376,0.008104047412564874,0.0
0.7745,-0.8863779025072502,0.48035218566246596,0.008168640815543693,0.0
0.77475,-0.8868831877464134,0.47955506236279155,0.00823352778263664,0.0
0.775,-0.8873878097421848,0.4787579351780199,0.00829870840686553,0.0
0.77525,-0.8878917687190353,0.47796080607880054,0.00836418277649753,0.0
0.7755,-0.8883950649014356,0.4771636770357829,0.008429950975046507,0.0
0.77575,-0.888897698513857,0.47636655001961625,0.008496013081273235,0.0
0.776,-0.88939966978077,0.4755694270009502,0.008562369169182737,0.0
0.77625,-0.8899009789266459,0.47477230995043407,0.008629019308027619,0.0
0.7765,-0.8904016261759553,0.4739752008387173,0.00869596356230562,0.0
0.77675,-0.8909016117531692,0.4731781016364493,0.008763201991760061,0.0
0.777,-0.8914009358827585,0.4723810143142795,0.008830734651381178,0.0
0.77725,-0.8918995987891942,0.4715839408428573,0.008898561591404563,0.0
0.7775,-0.8923976006969473,0.47078688319283224,0.008966682857312946,0.0
0.77775,-0.8928949418304886,0.4699898433348536,0.009035098489835525,0.0
0.778,-0.8933916224142888,0.46919282323957084,0.009103808524947743,0.0
0.77825,-0.8938876426728192,0.4683958248776334,0.009172812993873958,0.0
0.7785,-0.8943830028305504,0.4675988502196907,0.009242111923084995,0.0
0.77875,-0.8948777031119535,0.4668019012363922,0.009311705334301479,0.0
0.779,-0.8953717437414994,0.4660049798983873,0.009381593244492281,0.0
0.77925,-0.895865124943659,0.46520808817632536,0.009451775665875628,0.0
0.7795,-0.8963578469429032,0.4644112280408559,0.0095222526059211,0.0
0.77975,-0.8968499099637028,0.4636144014626282,0.009593024067348077,0.0
0.78,-0.8973413142305289,0.46281761041229186,0.00966409004812907,0.0
0.78025,-0.8978320599678524,0.4620208568604962,0.009735450541489277,0.0
0.7805,-0.8983221474001442,0.4612241427778907,0.009807105535907024,0.0
0.78075,-0.898811576751875,0.46042747013512475,0.009879055015115545,0.0
0.781,-0.8993003482475159,0.45963084090284767,0.009951298958104315,0.0
0.78125,-0.8997884621115378,0.458834257051709,0.01002383733911949,0.0
0.7815,-0.9002759185684117,0.4580377205523582,0.010096670127665464,0.0
0.78175,-0.9007627178426083,0.45724123337544464,0.010169797288505533,0.0
0.782,-0.9012488601585988,0.4564447974916177,0.010243218781664343,0.0
0.78225,-0.9017343457408538,0.45564841487152685,0.01031693456242766,0.0
0.7825,-0.9022191748138445,0.4548520874858215,0.010390944581345707,0.0
0.78275,-0.9027033476020416,0.4540558173051511,0.010465248784232495,0.0
0.783,-0.9031868643299161,0.45325960630016504,0.010539847112169598,0.0
0.78325,-0.903669725221939,0.45246345644151276,0.010614739501505266,0.0
0.7835,-0.904151930502581,0.45166736969984367,0.01068992588385842,0.0
0.78375,-0.9046334803963133,0.4508713480458072,0.010765406186119097,0.0
0.784,-0.9051143751276065,0.45007539345005276,0.010841180330450007,0.0
0.78425,-0.9055946149209317,0.4492795078832298,0.01091724823428919,0.0
0.7845,-0.9060742000007598,0.4484836933159877,0.010993609810351801,0.0
0.78475,-0.9065531305915617,0.4476879517189759,0.011070264966630994,0.0
0.785,-0.9070314069178085,0.4468922850628439,0.011147213606401252,0.0
0.78525,-0.9075090292039707,0.44609669531824103,0.011224455628219498,0.0
0.7855,-0.9079859976745195,0.4453011844558167,0.011301990925927985,0.0
0.78575,-0.9084623125539257,0.4445057544462203,0.011379819388655843,0.0
0.786,-0.9089379740666605,0.44371040726010147,0.011457940900821972,0.0
0.78625,-0.9094129824371944,0.44291514486810946,0.011536355342135485,0.0
0.7865,-0.9098873378899985,0.4421199692408937,0.011615062587601477,0.0
0.78675,-0.9103610406495437,0.4413248823491036,0.011694062507520142,0.0
0.787,-0.910834090940301,0.44052988616338856,0.01177335496749099,0.0
0.78725,-0.9113064889867413,0.43973498265439814,0.011852939828414844,0.0
0.7875,-0.9117782350133354,0.43894017379278166,0.011932816946495839,0.0
0.78775,-0.9122493292445543,0.43814546154918854,0.012012986173246087,0.0
0.788,-0.9127197719048687,0.4373508478942683,0.012093447355485454,0.0
0.78825,-0.9131895632187499,0.43655633479867023,0.01217420033534733,0.0
0.7885,-0.9136587034106687,0.43576192423304383,0.012255244950278854,0.0
0.78875,-0.9141271927050958,0.4349676181680385,0.01233658103304558,0.0
0.789,-0.9145950313265023,0.43417341857430364,0.012418208411733023,0.0
0.78925,-0.9150622194993591,0.4333793274224887,0.012500126909751108,0.0
0.7895,-0.915528757448137,0.4325853466832431,0.01258233634583572,0.0
0.78975,-0.9159946453973071,0.4317914783272163,0.01266483653405337,0.0
0.79,-0.91645988357134,0.4309977243250577,0.012747627283802743,0.0
0.79025,-0.916924472194707,0.4302040866474166,0.012830708399819368,0.0
0.7905,-0.9173884114918787,0.42941056726494264,0.012914079682177393,0.0
0.79075,-0.9178517016873262,0.4286171681482851,0.012997740926294465,0.0
0.791,-0.9183143430055205,0.42782389126809345,0.013081691922933958,0.0
0.79125,-0.9187763356709322,0.42703073859501706,0.013165932458208518,0.0
0.7915,-0.9192376799080324,0.4262377120997054,0.013250462313584954,0.0
0.79175,-0.919698375941292,0.42544481375280796,0.013335281265885568,0.0
0.792,-0.920158423995182,0.42465204552497404,0.013420389087293705,0.0
0.79225,-0.9206178242941732,0.42385940938685307,0.013505785545355975,0.0
0.7925,-0.9210765770627365,0.4230669073090945,0.013591470402986916,0.0
0.79275,-0.9215346825253429,0.42227454126234787,0.013677443418472768,0.0
0.793,-0.9219921409064633,0.4214823132172624,0.013763704345474359,0.0
0.79325,-0.9224489524305686,0.4206902251444876,0.013850252933031992,0.0
0.7935,-0.9229051173221298,0.419898279014673,0.013937088925569663,0.0
0.79375,-0.9233606358056176,0.4191064767984679,0.014024212062896835,0.0
0.794,-0.9238155081055031,0.41831482046652174,0.014111622080216213,0.0
0.79425,-0.924269734446257,0.417523311989484,0.014199318708123743,0.0
0.7945,-0.9247233150523504,0.416731953338004,0.01428730167261616,0.0
0.79475,-0.9251762501482543,0.4159407464827312,0.014375570695093653,0.0
0.795,-0.9256285399584394,0.41514969339431507,0.014464125492363644,0.0
0.79525,-0.9260801847073769,0.4143587960434051,0.014552965776646554,0.0
0.7955,-0.9265311846195374,0.41356805640065053,0.014642091255579137,0.0
0.79575,-0.9269815399193919,0.4127774764367008,0.014731501632219146,0.0
0.796,-0.9274312508314113,0.4119870581222055,0.014821196605050213,0.0
0.79625,-0.9278803175800667,0.41119680342781395,0.014911175867985849,0.0
0.7965,-0.9283287403898288,0.4104067143241755,0.01500143911037477,0.0
0.79675,-0.9287765194851686,0.40961679278193974,0.015091986017004455,0.0
0.797,-0.929223655090557,0.40882704077175597,0.015182816268107135,0.0
0.79725,-0.9296701474304649,0.4080374602642737,0.015273929539363795,0.0
0.7975,-0.9301159967293633,0.40724805323014224,0.015365325501909055,0.0
0.79775,-0.9305612032117231,0.40645882164001107,0.01545700382233628,0.0
0.798,-0.9310057671020151,0.40566976746452965,0.015548964162702017,0.0
0.79825,-0.9314496886247103,0.40488089267434735,0.01564120618053222,0.0
0.7985,-0.9318929680042795,0.4040921992401136,0.015733729528825124,0.0
0.79875,-0.9323356054651937,0.4033036891324778,0.015826533856059255,0.0
0.799,-0.932777601231924,0.4025153643220895,0.01591961880619608,0.0
0.79925,-0.9332189555289411,0.40172722677959793,0.016012984018685783,0.0
0.7995,-0.9336596685807158,0.40093927847565275,0.016106629128473493,0.0
0.79975,-0.9340997406117193,0.40015152138090315,0.01620055376600371,0.0
0.8,-0.9345391718464222,0.3993639574659986,0.01629475755722587,0.0
0.80025,-0.9349779625092958,0.3985765887015887,0.016389240123600102,0.0
0.8005,-0.9354161128248106,0.3977894170583227,0.01648400108210213,0.0
0.80075,-0.9358536230174379,0.39700244450685007,0.016579040045229032,0.0
0.801,-0.9362904933116484,0.39621567301782024,0.016674356621004804,0.0
0.80125,-0.936726723931913,0.3954291045618825,0.016769950412986345,0.0
0.8015,-0.9371623151027026,0.39464274110968656,0.016865821020268346,0.0
0.80175,-0.9375972670484884,0.39385658463188156,0.01696196803749017,0.0
0.802,-0.9380315799937409,0.3930706370991171,0.01705839105483986,0.0
0.80225,-0.9384652541629313,0.3922849004820425,0.01715508965806256,0.0
0.8025,-0.9388982897805305,0.3914993767513073,0.017252063428463638,0.0
0.80275,-0.9393306870710092,0.3907140678775608,0.017349311942916446,0.0
0.803,-0.9397624462588383,0.3899289758314525,0.017446834773867437,0.0
0.80325,-0.9401935675684892,0.38914410258363175,0.017544631489343265,0.0
0.8035,-0.9406240512244322,0.3883594501047481,0.01764270165295523,0.0
0.80375,-0.9410538974511387,0.38757502036545083,0.017741044823907037,0.0
0.804,-0.9414831064730793,0.3867908153363894,0.017839660556999704,0.0
0.80425,-0.941911678514725,0.38600683698821336,0.017938548402639087,0.0
0.8045,-0.9423396138005468,0.38522308729157195,0.01803770790684056,0.0
0.80475,-0.9427669125550155,0.38443956821711467,0.018137138611237225,0.0
0.805,-0.9431935750026019,0.38365628173549093,0.01823684005308479,0.0
0.80525,-0.9436196013677773,0.3828732298173502,0.01833681176526869,0.0
0.8055,-0.9440449918750123,0.3820904144333419,0.018437053276310733,0.0
0.80575,-0.9444697467487779,0.3813078375541154,0.018537564110375104,0.0
0.806,-0.9448938662135451,0.38052550115032013,0.018638343787275247,0.0
0.80625,-0.9453173504937847,0.3797434071926056,0.018739391822480966,0.0
0.8065,-0.9457401998139676,0.3789615576516211,0.018840707727123762,0.0
0.80675,-0.9461624143985649,0.3781799544980161,0.018942291008005485,0.0
0.807,-0.9465839944720472,0.3773985997024401,0.01904414116760389,0.0
0.80725,-0.9470049402588857,0.37661749523554244,0.019146257704079295,0.0
0.8075,-0.9474252519835511,0.37583664306797254,0.019248640111282134,0.0
0.80775,-0.9478449298705145,0.3750560451703799,0.01935128787876006,0.0
0.808,-0.9482639741442467,0.3742757035134139,0.01945420049176394,0.0
0.80825,-0.9486823850292186,0.37349562006772385,0.01955737743125585,0.0
0.8085,-0.9491001627499013,0.3727157968039593,0.01966081817391574,0.0
0.80875,-0.9495173075307655,0.3719362356927697,0.01976452219214897,0.0
0.809,-0.9499338195962821,0.3711569387048044,0.019868488954092545,0.0
0.80925,-0.9503496991709222,0.37037790781071284,0.019972717923623318,0.0
0.8095,-0.9507649464791565,0.36959914498114443,0.0200772085603651,0.0
0.80975,-0.9511795617454561,0.36882065218674864,0.020181960319695325,0.0
0.81,-0.9515935451942918,0.3680424313981749,0.0202869726527537,0.0
0.81025,-0.9520068970501346,0.3672644845860725,0.020392245006448206,0.0
0.8105,-0.9524196175374555,0.36648681372109104,0.0204977768234631,0.0
0.81075,-0.952831706880725,0.3657094207738799,0.020603567542266887,0.0
0.811,-0.9532431653044147,0.3649323077150884,0.020709616597119895,0.0
0.81125,-0.9536539930329948,0.364155476515366,0.020815923418080695,0.0
0.8115,-0.9540641902909366,0.3633789291453622,0.02092248743101477,0.0
0.81175,-0.954473757302711,0.36260266757572635,0.021029308057602947,0.0
0.812,-0.9548826942927888,0.3618266937771079,0.021136384715346734,0.0
0.81225,-0.9552910014856411,0.36105100972015636,0.021243716817578973,0.0
0.8125,-0.9556986791057385,0.36027561737552094,0.02135130377346961,0.0
0.81275,-0.9561057273775522,0.35950051871385125,0.021459144988034362,0.0
0.813,-0.9565121465255529,0.3587257157057966,0.02156723986214293,0.0
0.81325,-0.9569179367742118,0.35795121032200655,0.021675587792526096,0.0
0.8135,-0.9573230983479994,0.3571770045331304,0.021784188171784846,0.0
0.81375,-0.9577276314713872,0.3564031003098176,0.021893040388397456,0.0
0.814,-0.9581315363688454,0.3556294996227175,0.02200214382672816,0.0
0.81425,-0.9585348132648455,0.35485620444247973,0.02211149786703559,0.0
0.8145,-0.958937462383858,0.3540832167397535,0.022221101885479655,0.0
0.81475,-0.9593394839503542,0.35331053848518834,0.022330955254131757,0.0
0.815,-0.9597408781888048,0.3525381716494337,0.02244105734098123,0.0
0.81525,-0.9601416453236807,0.35176611820313886,0.022551407509944887,0.0
0.8155,-0.9605417855794529,0.3509943801169534,0.022662005120874795,0.0
0.81575,-0.9609412991805921,0.3502229593615267,0.022772849529566708,0.0
0.816,-0.9613401863515696,0.34945185790750816,0.022883940087769616,0.0
0.81625,-0.961738447316856,0.34868107772554724,0.02299527614319219,0.0
0.8165,-0.9621360823009222,0.3479106207862933,0.023106857039513207,0.0
0.81675,-0.9625330915282393,0.34714048906039574,0.023218682116389333,0.0
0.817,-0.9629294752232782,0.3463706845185041,0.023330750709464,0.0
0.81725,-0.9633252336105097,0.3456012091312677,0.023443062150375393,0.0
0.8175,-0.9637203669144048,0.344832064869336,0.02355561576676668,0.0
0.81775,-0.9641148753594344,0.34406325370335844,0.0236684108822931,0.0
0.818,-0.9645087591700693,0.3432947776039844,0.023781446816631746,0.0
0.81825,-0.9649020185707806,0.3425266385418634,0.023894722885490438,0.0
0.8185,-0.965294653786039,0.34175883848764477,0.024008238400616166,0.0
0.81875,-0.9656866650403155,0.34099137941197794,0.02412199266980397,0.0
0.819,-0.9660780525580811,0.34022426328551236,0.024235984996906934,0.0
0.81925,-0.9664688165638067,0.3394574920788974,0.02435021468184395,0.0
0.8195,-0.966858957281963,0.3386910677627825,0.024464681020609058,0.0
0.81975,-0.9672484749370214,0.3379249923078172,0.024579383305281866,0.0
0.82,-0.9676373697534523,0.3371592676846508,0.024694320824034444,0.0
0.82025,-0.9680256419557268,0.33639389586393276,0.0248094928611422,0.0
0.8205,-0.9684132917683159,0.33562887881631254,0.024924898696992548,0.0
0.82075,-0.9688003194156904,0.33486421851243947,0.025040537608094215,0.0
0.821,-0.9691867251223214,0.33409991692296304,0.025156408867086588,0.0
0.82125,-0.9695725091126794,0.3333359760185326,0.025272511742748582,0.0
0.8215,-0.9699576716112359,0.3325723977697977,0.02538884550000975,0.0
0.82175,-0.9703422128424612,0.3318091841474077,0.025505409399956713,0.0
0.822,-0.9707261330308268,0.3310463371220119,0.02562220269984561,0.0
0.82225,-0.9711094324008032,0.3302838586642599,0.02573922465310985,0.0
0.8225,-0.9714921111768613,0.32952175074480117,0.02585647450937012,0.0
0.82275,-0.9718741695834723,0.3287600153342849,0.02597395151444415,0.0
0.823,-0.9722556078451069,0.3279986544033606,0.026091654910356255,0.0
0.82325,-0.9726364261862361,0.3272376699226779,0.026209583935346448,0.0
0.8235,-0.9730166248313308,0.32647706386288594,0.026327737823881314,0.0
0.82375,-0.9733962040048619,0.3257168381946343,0.02644611580666245,0.0
0.824,-0.9737751639313004,0.3249569948885723,0.026564717110637126,0.0
0.82425,-0.974153504835117,0.3241975359153495,0.026683540959007823,0.0
0.8245,-0.9745312269407829,0.3234384632456152,0.026802586571242015,0.0
0.82475,-0.9749083304727686,0.32267977885001886,0.02692185316308171,0.0
0.825,-0.9752848156555456,0.32192148469920995,0.027041339946555,0.0
0.82525,-0.9756606827135843,0.32116358276383783,0.02716104612998338,0.0
0.8255,-0.9760359318713558,0.320406075014552,0.027280970917994196,0.0
0.82575,-0.9764105633533311,0.3196489634220018,0.027401113511528852,0.0
0.826,-0.9767845773839811,0.3188922499568366,0.0275214731078548,0.0
0.82625,-0.9771579741877765,0.31813593658970596,0.027642048900573535,0.0
0.8265,-0.9775307539891884,0.3173800252912593,0.027762840079632145,0.0
0.82675,-0.9779029170126876,0.316624518032146,0.027883845831333298,0.0
0.827,-0.9782744634827452,0.3158694167830154,0.028005065338345236,0.0
0.82725,-0.978645393623832,0.315114723514517,0.028126497779711768,0.0
0.8275,-0.9790157076604189,0.3143604401973003,0.028248142330863146,0.0
0.82775,-0.9793854058169768,0.31360656880201465,0.028369998163626287,0.0
0.828,-0.9797544883179766,0.31285311129930937,0.028492064446234977,0.0
0.82825,-0.9801229553878894,0.31210006965983406,0.02861434034333965,0.0
0.8285,-0.9804908072511859,0.311347445854238,0.028736825016019374,0.0
0.82875,-0.9808580441323371,0.3105952418531707,0.02885951762179051,0.0
0.829,-0.9812246662558137,0.30984345962728166,0.028982417314618703,0.0
0.82925,-0.9815906738460871,0.3090921011472201,0.029105523244928877,0.0
0.8295,-0.9819560671276278,0.30834116838363557,0.029228834559615224,0.0
0.82975,-0.9823208463249069,0.30759066330717744,0.029352350402052974,0.0
0.83,-0.9826850116623951,0.3068405878884952,0.029476069912107716,0.0
0.83025,-0.9830485633645636,0.3060909440982382,0.02959999222614762,0.0
0.8305,-0.9834115016558831,0.30534173390705593,0.02972411647705253,0.0
0.83075,-0.9837738267608247,0.30459295928559776,0.029848441794225744,0.0
0.831,-0.9841355389038591,0.30384462220451314,0.02997296730360466,0.0
0.83125,-0.9844966383094574,0.3030967246344515,0.030097692127671438,0.0
0.8315,-0.9848571252020905,0.30234926854606226,0.03022261538546367,0.0
0.83175,-0.985216999806229,0.3016022559099948,0.03034773619258524,0.0
0.832,-0.9855762623463444,0.3008556886968986,0.030473053661217886,0.0
0.83225,-0.9859349130469071,0.300109568877423,0.03059856690013163,0.0
0.8325,-0.9862929521323882,0.29936389842221756,0.030724275014695213,0.0
0.83275,-0.9866503798272586,0.2986186793019316,0.030850177106888532,0.0
0.833,-0.9870071963559892,0.2978739134872146,0.03097627227531241,0.0
0.83325,-0.987363401943051,0.2971296029487159,0.0311025596151997,0.0
0.8335,-0.9877189968129148,0.296385749657085,0.031229038218427485,0.0
0.83375,-0.9880739811900515,0.29564235558297125,0.03135570717352709,0.0
0.834,-0.9884283552989321,0.2948994226970242,0.03148256556569584,0.0
0.83425,-0.9887821193640274,0.29415695296989314,0.031609612476807936,0.0
0.8345,-0.9891352736098086,0.2934149483722276,0.03173684698542578,0.0
0.83475,-0.9894878182607463,0.2926734108746769,0.031864268166811316,0.0
0.835,-0.9898397535413116,0.29193234244789057,0.03199187509293733,0.0
0.83525,-0.9901910796759752,0.2911917450625179,0.03211966683249856,0.0
0.8355,-0.9905417968892083,0.29045162068920843,0.032247642450923486,0.0
0.83575,-0.9908919054054817,0.28971197129861154,0.03237580101038473,0.0
0.836,-0.9912414054492662,0.28897279886137667,0.03250414156981196,0.0
0.83625,-0.9915902972450328,0.2882341053481532,0.032632663184901656,0.0
0.8365,-0.9919385810172523,0.28749589272959053,0.03276136490813042,0.0
0.83675,-0.9922862569903959,0.28675816297633827,0.032890245788764316,0.0
0.837,-0.9926333253889343,0.2860209180590456,0.03301930487287286,0.0
0.83725,-0.9929797864373384,0.2852841599483621,0.033148541203337656,0.0
0.8375,-0.9933256403600792,0.2845478906149371,0.03327795381986731,0.0
0.83775,-0.9936708873816276,0.28381211202942014,0.03340754175900584,0.0
0.838,-0.9940155277264544,0.2830768261624605,0.03353730405414668,0.0
0.83825,-0.9943595616190306,0.2823420349847077,0.033667239735543086,0.0
0.8385,-0.9947029892838273,0.28160774046681114,0.03379734783032062,0.0
0.83875,-0.995045810945315,0.2808739445794203,0.033927627362487556,0.0
0.839,-0.9953880268279649,0.2801406492931844,0.03405807735294841,0.0
0.83925,-0.995729637156248,0.2794078565787531,0.03418869681951486,0.0
0.8395,-0.9960706421546349,0.2786755684067757,0.0343194847769166,0.0
0.83975,-0.9964110420475968,0.27794378674790166,0.034450440236815316,0.0
0.84,-0.9967508370596043,0.2772125135727803,0.03458156220781383,0.0
0.84025,-0.9970900274151289,0.2764817508520613,0.034712849695471615,0.0
0.8405,-0.9974286133386407,0.27575150055639386,0.03484430170231234,0.0
0.84075,-0.9977665950546113,0.2750217646564274,0.03497591722783966,0.0
0.841,-0.9981039727875114,0.2742925451228114,0.035107695268546735,0.0
0.84125,-0.9984407467618117,0.27356384392619537,0.03523963481792958,0.0
0.8415,-0.9987769172019834,0.2728356630372287,0.03537173486649792,0.0
0.84175,-0.9991124843324973,0.2721080044265607,0.03550399440178875,0.0
0.842,-0.9994474483778244,0.2713808700648408,0.035636412408377005,0.0
0.84225,-0.9997818095624353,0.2706542619227186,0.03576898786788818,0.0
0.8425,-1.0001155681108012,0.2699281819708433,0.03590171975901035,0.0
0.84275,-1.0004487242473932,0.2692026321798645,0.036034607057507495,0.0
0.843,-1.0007812781966816,0.2684776145204315,0.03616764873622902,0.0
0.84325,-1.0011132301831378,0.2677531309631938,0.03630084376512466,0.0
0.8435,-1.0014445804312326,0.2670291834788008,0.036434191111255565,0.0
0.84375,-1.001775329165437,0.2663057740379019,0.036567689738806086,0.0
0.844,-1.0021054766102218,0.2655829046111466,0.036701338609096634,0.0
0.84425,-1.0024350229900578,0.2648605771691842,0.03683513668059635,0.0
0.8445,-1.002763968529416,0.26413879368266424,0.036969082908934636,0.0
0.84475,-1.0030923134527678,0.26341755612223605,0.03710317624691384,0.0
0.845,-1.0034200579845833,0.26269686645854906,0.03723741564452121,0.0
0.84525,-1.003747202349334,0.2619767266622528,0.03737180004894247,0.0
0.8455,-1.0040737467714904,0.2612571387039966,0.03750632840457335,0.0
0.84575,-1.0043996914755238,0.26053810455442983,0.03764099965303136,0.0
0.846,-1.0047250366859046,0.25981962618420207,0.03777581273316977,0.0
0.84625,-1.005049782627104,0.2591017055639627,0.03791076658108894,0.0
0.8465,-1.0053739295235935,0.25838434466436105,0.03804586013014988,0.0
0.84675,-1.005697477599843,0.2576675454560466,0.03818109231098532,0.0
0.847,-1.0060204270803244,0.25695130990966875,0.038316462051513955,0.0
0.84725,-1.0063427781895076,0.25623563999587695,0.03845196827695063,0.0
0.8475,-1.006664531151864,0.2555205376853207,0.03858760990982257,0.0
0.84775,-1.006985686191865,0.25480600494864925,0.03872338586997848,0.0
0.848,-1.0073062435339806,0.2540920437565121,0.03885929507460251,0.0
0.84825,-1.0076262034026822,0.2533786560795588,0.038995336438228057,0.0
0.8485,-1.0079455660224408,0.2526658438884385,0.03913150887274863,0.0
0.84875,-1.008264331617727,0.2519536091538009,0.0392678112874314,0.0
0.849,-1.008582500413012,0.2512419538462952,0.03940424258893005,0.0
0.84925,-1.0089000726327666,0.25053087993657097,0.039540801681297255,0.0
0.8495,-1.0092170485014618,0.24982038939527765,0.03967748746599775,0.0
0.84975,-1.0095334282435684,0.24911048419306459,0.03981429884192078,0.0
0.85,-1.0098492120835574,0.2484011663005812,0.039951234705392746,0.0
0.85025,-1.0101644002458996,0.24769243768847693,0.040088293950190534,0.0
0.8505,-1.0104789929550657,0.24698430032740123,0.040225475467554395,0.0
0.85075,-1.0107929904355273,0.2462767561880035,0.04036277814620082,0.0
0.851,-1.0111063929117547,0.24556980724093314,0.040500200872334746,0.0
0.85125,-1.011419200608219,0.24486345545683957,0.04063774252966268,0.0
0.8515,-1.0117314137493914,0.24415770280637228,0.04077540199940688,0.0
0.85175,-1.0120430325597423,0.24345255126018064,0.040913178160316255,0.0
0.852,-1.0123540572637428,0.24274800278891406,0.04105106988868146,0.0
0.85225,-1.012664488085864,0.242044059363222,0.041189076058345764,0.0
0.8525,-1.0129743252505765,0.24134072295375386,0.041327195540720396,0.0
0.85275,-1.0132835689823516,0.2406379955311591,0.04146542720479496,0.0
0.853,-1.01359221950566,0.2399358790660871,0.0416037699171532,0.0
0.85325,-1.0139002770449725,0.2392343755291873,0.0417422225419839,0.0
0.8535,-1.0142077418247604,0.2385334868911091,0.04188078394109507,0.0
0.85375,-1.014514614069494,0.23783321512250197,0.0420194529739264,0.0
0.854,-1.014820894003645,0.23713356219401527,0.04215822849756368,0.0
0.85425,-1.0151265818516835,0.2364345300762985,0.04229710936674991,0.0
0.8545,-1.0154316778380807,0.23573612074000105,0.04243609443390062,0.0
0.85475,-1.015736182187308,0.23503833615577233,0.04257518254911585,0.0
0.855,-1.0160400951238358,0.2343411782942617,0.042714372560192615,0.0
0.85525,-1.016343416872135,0.23364464912611874,0.04285366331264018,0.0
0.8555,-1.0166461476566768,0.23294875062199275,0.04299305364969186,0.0
0.85575,-1.0169482877019318,0.23225348475253318,0.0431325424123179,0.0
0.856,-1.017249837232371,0.23155885348838948,0.04327212843924033,0.0
0.85625,-1.0175507964724657,0.23086485880021104,0.04341181056694521,0.0
0.8565,-1.0178511656466864,0.23017150265864733,0.043551587629695465,0.0
0.85675,-1.0181509449795039,0.22947878703434774,0.04369145845954492,0.0
0.857,-1.0184501346953896,0.22878671389796168,0.043831421886352695,0.0
0.85725,-1.018748735018814,0.22809528522013856,0.04397147673779389,0.0
0.8575,-1.019046746174248,0.22740450297152787,0.04411162183937489,0.0
0.85775,-1.019344168386163,0.22671436912277898,0.044251856014447366,0.0
0.858,-1.0196410018790294,0.22602488564454132,0.044392178084218914,0.0
0.85825,-1.0199372468773185,0.2253360545074643,0.04453258686776973,0.0
0.8585,-1.0202329036055007,0.2246478776821974,0.04467308118206348,0.0
0.85875,-1.0205279722880474,0.22396035713939,0.044813659841962616,0.0
0.859,-1.0208224531494292,0.22327349484969156,0.044954321660240826,0.0
0.85925,-1.0211163464141173,0.22258729278375144,0.04509506544759612,0.0
0.8595,-1.0214096523065823,0.22190175291221909,0.04523589001266548,0.0
0.85975,-1.0217023710512956,0.22121687720574393,0.045376794162038214,0.0
0.86,-1.0219945028727275,0.2205326676349754,0.04551777670026813,0.0
0.86025,-1.0222860479953493,0.2198491261705629,0.045658836429889105,0.0
0.8605,-1.022577006643632,0.2191662547831559,0.04579997215142706,0.0
0.86075,-1.022867379042046,0.21848405544340377,0.04594118266341396,0.0
0.861,-1.0231571654150626,0.217802530121956,0.0460824667624018,0.0
0.86125,-1.0234463659871529,0.21712168078946192,0.046223823242976136,0.0
0.8615,-1.0237349809827876,0.21644150941657098,0.04636525089776944,0.0
0.86175,-1.0240230106264372,0.21576201797393268,0.04650674851747416,0.0
0.862,-1.0243104551425732,0.21508320843219636,0.0466483148908583,0.0
0.86225,-1.0245973147556664,0.21440508276201148,0.046789948804776715,0.0
0.8625,-1.0248835896901878,0.21372764293402743,0.046931649044186896,0.0
0.86275,-1.0251692801706076,0.21305089091889368,0.04707341439216006,0.0
0.863,-1.0254543864213979,0.2123748286872596,0.04721524362989893,0.0
0.86325,-1.0257389086670288,0.2116994582097747,0.047357135536746586,0.0
0.8635,-1.026022847131971,0.2110247814570883,0.047499088890204266,0.0
0.86375,-1.0263062020406961,0.21035080039984988,0.047641102465942664,0.0
0.864,-1.0265889736176745,0.20967751700870885,0.047783175037816594,0.0
0.86425,-1.0268711620873776,0.20900493325431463,0.047925305377879424,0.0
0.8645,-1.0271527676742758,0.20833305110731667,0.04806749225639506,0.0
0.86475,-1.0274337906028403,0.20766187253836438,0.0482097344418535,0.0
0.865,-1.027714231097542,0.20699139951810713,0.04835203070098393,0.0
0.86525,-1.0279940893828519,0.20632163401719442,0.04849437979876825,0.0
0.8655,-1.0282733656832406,0.20565257800627562,0.04863678049845599,0.0
0.86575,-1.0285520602231795,0.2049842334560002,0.048779231561576486,0.0
0.866,-1.028830173227139,0.20431660233701754,0.048921731747954444,0.0
0.86625,-1.02910770491959,0.20364968661997707,0.04906427981572259,0.0
0.8665,-1.029384655525004,0.20298348827552826,0.049206874521336985,0.0
0.86675,-1.0296610252678515,0.20231800927432048,0.04934951461958903,0.0
0.867,-1.0299368143726035,0.20165325158700315,0.049492198863620995,0.0
0.86725,-1.0302120230637308,0.20098921718422574,0.049634926004938684,0.0
0.8675,-1.0304866515657045,0.20032590803663763,0.04977769479342675,0.0
0.86775,-1.0307607001029955,0.19966332611488827,0.04992050397736181,0.0
0.868,-1.0310341689000744,0.19900147338962704,0.05006335230342618,0.0
0.86825,-1.0313070581814126,0.19834035183150345,0.05020623851672301,0.0
0.8685,-1.0315793681714802,0.19767996341116684,0.05034916136078782,0.0
0.86875,-1.0318510990947491,0.19702031009926663,0.05049211957760691,0.0
0.869,-1.0321222511756898,0.19636139386645232,0.05063511190762604,0.0
0.86925,-1.032392824638773,0.19570321668337326,0.050778137089768194,0.0
0.8695,-1.0326628197084702,0.19504578052067895,0.05092119386144711,0.0
0.86975,-1.0329322366092515,0.19438908734901872,0.05106428095857929,0.0
0.87,-1.0332010755655885,0.19373313913904205,0.05120739711560063,0.0
0.87025,-1.0334693368019516,0.19307793786139832,0.051350541065479094,0.0
0.8705,-1.0337370205428122,0.19242348548673702,0.05149371153972915,0.0
0.87075,-1.0340041270126408,0.19176978398570754,0.05163690726842529,0.0
0.871,-1.0342706564359085,0.1911168353289593,0.05178012698021717,0.0
0.87125,-1.0345366090370862,0.1904646414871417,0.0519233694023431,0.0
0.8715,-1.034801985040645,0.1898132044309042,0.052066633260644535,0.0
0.87175,-1.0350667846710557,0.1891625261308962,0.052209917279579576,0.0
0.872,-1.035331008152789,0.18851260855776714,0.0523532201822372,0.0
0.87225,-1.035594655710316,0.18786345368216645,0.05249654069035281,0.0
0.8725,-1.0358577275681073,0.18721506347474348,0.05263987752431998,0.0
0.87275,-1.0361202239506344,0.18656743990614777,0.052783229403207566,0.0
0.873,-1.0363821450823678,0.18592058494702868,0.05292659504477104,0.0
0.87325,-1.0366434911877787,0.18527450056803563,0.05306997316546869,0.0
0.8735,-1.0369042624913376,0.18462918873981804,0.053213362480474924,0.0
0.87375,-1.0371644592175158,0.1839846514330254,0.05335676170369452,0.0
0.874,-1.037424081590784,0.183340890618307,0.053500169547777476,0.0
0.87425,-1.037683129835613,0.18269790826631238,0.05364358472413233,0.0
0.8745,-1.0379416041764742,0.18205570634769092,0.053787005942941724,0.0
0.87475,-1.0381995048378378,0.18141428683309202,0.053930431913174814,0.0
0.875,-1.0384568320441754,0.18077365169316517,0.054073861342603724,0.0
0.87525,-1.0387135860199577,0.18013380289855974,0.054217292937816186,0.0
0.8755,-1.0389697669896554,0.17949474241992514,0.05436072540422998,0.0
0.87575,-1.0392253751777396,0.17885647222791085,0.05450415744610848,0.0
0.876,-1.039480410808681,0.17821899429316623,0.0546475877665733,0.0
0.87625,-1.039734874106951,0.17758231058634077,0.0547910150676203,0.0
0.8765,-1.0399887652970201,0.17694642307808384,0.05493443805013243,0.0
0.87675,-1.040242084603359,0.1763113337390449,0.05507785541389465,0.0
0.877,-1.040494832250439,0.17567704453987332,0.05522126585760856,0.0
0.87725,-1.0407470084627315,0.17504355745121858,0.05536466807890772,0.0
0.8775,-1.0409986134647062,0.1744108744437301,0.05550806077436832,0.0
0.87775,-1.041249647480835,0.17377899748805728,0.05565144263952848,0.0
0.878,-1.0415001107355883,0.17314792855484953,0.055794812368898716,0.0
0.87825,-1.0417500034534373,0.17251766961475629,0.055938168655979004,0.0
0.8785,-1.041999325858853,0.171888222638427,0.05608151019327168,0.0
0.87875,-1.0422480781763057,0.17125958959651105,0.05622483567229564,0.0
0.879,-1.042496260630267,0.17063177245965788,0.05636814378360255,0.0
0.87925,-1.0427438734452072,0.17000477319851692,0.056511433216789086,0.0
0.8795,-1.0429909168455977,0.1693785937837376,0.05665470266051287,0.0
0.87975,-1.0432373910559096,0.1687532361859693,0.05679795080250716,0.0
0.88,-1.0434832963006133,0.16812870237586147,0.05694117632959328,0.0
0.88025,-1.04372863280418,0.16750499432406357,0.057084377927697494,0.0
0.8805,-1.0439734007910801,0.166882114001225,0.05722755428186366,0.0
0.88075,-1.0442176004857853,0.16626006337799515,0.05737070407626943,0.0
0.881,-1.0444612321127662,0.16563884442502344,0.0575138259942396,0.0
0.88125,-1.0447042958964936,0.16501845911295931,0.05765691871825984,0.0
0.8815,-1.0449467920614386,0.16439890941245228,0.05779998092999361,0.0
0.88175,-1.0451887208320716,0.1637801972941516,0.057943011310294334,0.0
0.882,-1.045430082432864,0.16316232472870681,0.05808600853922119,0.0
0.88225,-1.0456708770882868,0.1625452936867673,0.058228971296053755,0.0
0.8825,-1.0459111050228105,0.16192910613898248,0.05837189825930578,0.0
0.88275,-1.0461507664609062,0.16131376405600178,0.05851478810674027,0.0
0.883,-1.046389861627045,0.16069926940847465,0.05865763951538372,0.0
0.88325,-1.0466283907456977,0.1600856241670505,0.05880045116154098,0.0
0.8835,-1.0468663540413354,0.15947283030237874,0.05894322172081057,0.0
0.88375,-1.0471037517384283,0.1588608897851088,0.05908594986809668,0.0
0.884,-1.0473405840614483,0.1582498045858901,0.05922863427762759,0.0
0.88425,-1.0475768512348655,0.15763957667537204,0.05937127362296657,0.0
0.8845,-1.0478125534831513,0.1570302080242041,0.05951386657702895,0.0
0.88475,-1.0480476910307763,0.15642170060303565,0.059656411812096355,0.0
0.885,-1.0482822641022116,0.15581405638251616,0.05979890799983023,0.0
0.88525,-1.0485162729219282,0.15520727733329504,0.059941353811287845,0.0
0.8855,-1.0487497177143967,0.15460136542602165,0.060083747916935604,0.0
0.88575,-1.0489825987040882,0.1539963226313455,0.06022608898666504,0.0
0.886,-1.0492149161154738,0.15339215091991598,0.0603683756898068,0.0
0.88625,-1.0494466701730243,0.15278885226238248,0.06051060669514485,0.0
0.8865,-1.0496778611012103,0.15218642862939452,0.060652780670932716,0.0
0.88675,-1.049908489124503,0.15158488199160142,0.060794896284905864,0.0
0.887,-1.0501385544673734,0.15098421431965264,0.060936952204299066,0.0
0.88725,-1.0503680573542922,0.15038442758419757,0.061078947095858815,0.0
0.8875,-1.0505969980097305,0.1497855237558857,0.061220879625859315,0.0
0.88775,-1.0508253766581588,0.14918750480536638,0.06136274846011647,0.0
0.888,-1.0510531935240486,0.14859037270328912,0.061504552264003864,0.0
0.88825,-1.0512804488318706,0.14799412942030327,0.061646289702466106,0.0
0.8885,-1.0515071428060954,0.14739877692705833,0.06178795944003368,0.0
0.88875,-1.0517332756711943,0.14680431719420362,0.06192956014083961,0.0
0.889,-1.0519588476516382,0.1462107521923886,0.062071090468630796,0.0
0.88925,-1.0521838589718975,0.14561808389226275,0.06221254908678597,0.0
0.8895,-1.0524083098564438,0.14502631426447543,0.062353934658329946,0.0
0.88975,-1.0526322005297477,0.14443544527967608,0.06249524584594601,0.0
0.89,-1.0528555312162802,0.14384547890851415,0.06263648131199373,0.0
0.89025,-1.0530783021405123,0.14325641712163903,0.06277763971852246,0.0
0.8905,-1.0533005135269145,0.14266826188970017,0.06291871972728469,0.0
0.89075,-1.0535221655999578,0.14208101518334693,0.06305971999975402,0.0
0.891,-1.0537432585841138,0.14149467897322882,0.06320063919713848,0.0
0.89125,-1.0539637927038528,0.14090925522999526,0.06334147598039364,0.0
0.8915,-1.0541837681836457,0.14032474592429556,0.06348222901023992,0.0
0.89175,-1.0544031852479634,0.13974115302677925,0.06362289694717682,0.0
0.892,-1.0546220441212772,0.13915847850809573,0.06376347845149732,0.0
0.89225,-1.0548403450280577,0.1385767243388944,0.06390397218330257,0.0
0.8925,-1.0550580881927758,0.13799589248982475,0.06404437680251762,0.0
0.89275,-1.0552752738399025,0.1374159849315361,0.06418469096890567,0.0
0.893,-1.0554919021939086,0.13683700363467793,0.0643249133420829,0.0
0.89325,-1.0557079734792651,0.13625895056989965,0.06446504258153407,0.0
0.8935,-1.055923487920443,0.1356818277078507,0.06460507734662668,0.0
0.89375,-1.0561384457419134,0.1351056370191805,0.06474501629662632,0.0
0.894,-1.0563528471681467,0.13453038047453844,0.0648848580907111,0.0
0.89425,-1.0565666924236141,0.133956060044574,0.06502460138798738,0.0
0.8945,-1.0567799817327868,0.13338267769993656,0.06516424484750427,0.0
0.89475,-1.0569927153201348,0.13281023541127557,0.06530378712826801,0.0
0.895,-1.0572048934101301,0.13223873514924045,0.06544322688925819,0.0
0.89525,-1.057416516227243,0.13166817888448057,0.06558256278944197,0.0
0.8955,-1.0576275839959446,0.1310985685876454,0.0657217934877885,0.0
0.89575,-1.0578380969407057,0.1305299062293844,0.06586091764328517,0.0
0.896,-1.0580480552859972,0.12996219378034696,0.06599993391495151,0.0
0.89625,-1.0582574592562901,0.12939543321118244,0.0661388409618553,0.0
0.8965,-1.0584663090760555,0.12882962649254037,0.06627763744312642,0.0
0.89675,-1.058674604969764,0.1282647755950701,0.0664163220179721,0.0
0.897,-1.0588823471618865,0.12770088248942107,0.0665548933456932,0.0
0.89725,-1.0590895358768941,0.1271379491462427,0.06669335008569721,0.0
0.8975,-1.0592961713392577,0.12657597753618444,0.06683169089751484,0.0
0.89775,-1.0595022537734482,0.12601496962989567,0.0669699144408149,0.0
0.898,-1.0597077834039366,0.12545492739802583,0.06710801937541833,0.0
0.89825,-1.0599127604551937,0.1248958528112244,0.067246004361315,0.0
0.8985,-1.0601171851516902,0.12433774784014073,0.06738386805867602,0.0
0.89875,-1.0603210577178972,0.12378061445542426,0.06752160912787275,0.0
0.899,-1.0605243783782856,0.12322445462772443,0.06765922622948817,0.0
0.89925,-1.0607271473573265,0.12266927032769064,0.06779671802433418,0.0
0.8995,-1.0609293648794909,0.12211506352597232,0.06793408317346628,0.0
0.89975,-1.061131031169249,0.12156183619321892,0.06807132033819752,0.0
0.9,-1.0613321464510725,0.12100959030007982,0.06820842818011608,0.0
0.90025,-1.061532710949432,0.12045832781720447,0.06834540536109723,0.0
0.9005,-1.0617327248887982,0.11990805071524228,0.06848225054332158,0.0
0.90075,-1.0619321884936423,0.11935876096484269,0.06861896238928833,0.0
0.901,-1.0621311019884354,0.11881046053665512,0.06875553956183089,0.0
0.90125,-1.0623294655976478,0.11826315140132897,0.06889198072413172,0.0
0.9015,-1.0625272795457512,0.11771683552951369,0.0690282845397392,0.0
0.90175,-1.0627245440572157,0.11717151489185869,0.06916444967257962,0.0
0.902,-1.062921259356513,0.1166271914590134,0.06930047478697632,0.0
0.90225,-1.063117425668113,0.11608386720162725,0.06943635854766073,0.0
0.9025,-1.0633130432164877,0.11554154409034964,0.06957209961979216,0.0
0.90275,-1.0635081122261076,0.11500022409583,0.0697076966689687,0.0
0.903,-1.0637026329214434,0.11445990918871776,0.06984314836124494,0.0
0.90325,-1.063896605526966,0.11392060133966234,0.06997845336314645,0.0
0.9035,-1.064090030267147,0.11338230251931317,0.0701136103416864,0.0
0.90375,-1.0642829073664566,0.11284501469831966,0.0702486179643782,0.0
0.904,-1.0644752370493658,0.11230873984733125,0.07038347489925267,0.0
0.90425,-1.0646670195403456,0.11177347993699735,0.07051817981487307,0.0
0.9045,-1.064858255063867,0.11123923693796739,0.07065273138035044,0.0
0.90475,-1.0650489438444009,0.11070601282089079,0.07078712826535849,0.0
0.905,-1.0652390861064183,0.11017380955641695,0.07092136914014868,0.0
0.90525,-1.0654286820743897,0.10964262911519534,0.0710554526755669,0.0
0.9055,-1.0656177319727866,0.10911247346787536,0.07118937754306698,0.0
0.90575,-1.0658062360260794,0.10858334458510643,0.07132314241472759,0.0
0.906,-1.0659941944587392,0.10805524443753797,0.0714567459632669,0.0
0.90625,-1.0661816074952375,0.1075281749958194,0.07159018686205787,0.0
0.9065,-1.066368475360044,0.10700213823060016,0.07172346378514316,0.0
0.90675,-1.0665547982776307,0.10647713611252968,0.07185657540725265,0.0
0.907,-1.0667405764724678,0.10595317061225734,0.0719895204038159,0.0
0.90725,-1.0669258101690264,0.10543024370043261,0.0721222974509792,0.0
0.9075,-1.067110499591778,0.10490835734770486,0.07225490522562206,0.0
0.90775,-1.0672946449651928,0.10438751352472357,0.07238734240536937,0.0
0.908,-1.0674782465137418,0.10386771420213814,0.07251960766861032,0.0
0.90825,-1.067661304461896,0.10334896135059798,0.07265169969451168,0.0
0.9085,-1.0678438190341268,0.10283125694075254,0.0727836171630345,0.0
0.90875,-1.0680257904549044,0.10231460294325123,0.07291535875494803,0.0
0.909,-1.0682072189487,0.10179900132874348,0.07304692315184691,0.0
0.90925,-1.0683881047399846,0.10128445406787868,0.07317830903616596,0.0
0.9095,-1.068568448053229,0.10077096313130629,0.07330951509119554,0.0
0.90975,-1.0687482491129041,0.10025853048967573,0.07344054000109734,0.0
0.91,-1.0689275081434806,0.09974715811363638,0.07357138245091899,0.0
0.91025,-1.0691062253694301,0.09923684797383772,0.07370204112661227,0.0
0.9105,-1.069284401015223,0.09872760204092915,0.07383251471504448,0.0
0.91075,-1.06946203530533,0.09821942228556009,0.0739628019040175,0.0
0.911,-1.0696391284642224,0.09771231067837996,0.07409290138228242,0.0
0.91125,-1.0698156807163712,0.09720626919003819,0.07422281183955448,0.0
0.9115,-1.0699916922862474,0.0967012997911842,0.07435253196652925,0.0
0.91175,-1.0701671633983212,0.09619740445246742,0.0744820604548968,0.0
0.912,-1.070342094277064,0.09569458514453727,0.07461139599736089,0.0
0.91225,-1.070516485146947,0.09519284383804316,0.07474053728765062,0.0
0.9125,-1.0706903362324407,0.09469218250363454,0.07486948302053786,0.0
0.91275,-1.070863647758016,0.0941926031119608,0.07499823189185362,0.0
0.913,-1.0710364199481441,0.09369410763367139,0.07512678259850247,0.0
0.91325,-1.0712086530272957,0.09319669803941572,0.07525513383847793,0.0
0.9135,-1.0713803472199417,0.0927003762998432,0.07538328431088015,0.0
0.91375,-1.0715515027505529,0.09220514438560329,0.07551123271592952,0.0
0.914,-1.0717221198436007,0.09171100426734538,0.07563897775498374,0.0
0.91425,-1.0718921987235555,0.0912179579157189,0.07576651813055224,0.0
0.9145,-1.0720617396148884,0.0907260073013733,0.07589385254631398,0.0
0.91475,-1.0722307427420703,0.09023515439495797,0.07602097970713095,0.0
0.915,-1.0723992083295721,0.08974540116712233,0.0761478983190651,0.0
0.91525,-1.072567136601865,0.08925674958851582,0.07627460708939471,0.0
0.9155,-1.0727345277834195,0.08876920162978788,0.07640110472662842,0.0
0.91575,-1.0729013820987068,0.08828275926158788,0.076527389940523,0.0
0.916,-1.0730676997721975,0.08779742445456529,0.0766534614420975,0.0
0.91625,-1.073233481028363,0.08731319917936953,0.0767793179436509,0.0
0.9165,-1.0733987260916737,0.08683008540664999,0.07690495815877552,0.0
0.91675,-1.073563435186601,0.08634808510705613,0.07703038080237579,0.0
0.917,-1.0737276085376153,0.08586720025123737,0.07715558459068128,0.0
0.91725,-1.0738912463691879,0.0853874328098431,0.07728056824126517,0.0
0.9175,-1.0740543489057899,0.08490878475352276,0.07740533047305842,0.0
0.91775,-1.0742169163718915,0.08443125805292578,0.07752987000636558,0.0
0.918,-1.074378948991964,0.08395485467870159,0.07765418556288228,0.0
0.91825,-1.0745404469904782,0.08347957660149959,0.07777827586570996,0.0
0.9185,-1.0747014105919055,0.08300542579196922,0.07790213963937265,0.0
0.91875,-1.0748618400207164,0.08253240422075989,0.0780257756098317,0.0
0.919,-1.0750217355013816,0.08206051385852103,0.07814918250450242,0.0
0.91925,-1.0751810972583726,0.08158975667590208,0.07827235905227159,0.0
0.9195,-1.0753399255161598,0.08112013464355244,0.07839530398351058,0.0
0.91975,-1.0754982204992143,0.08065164973212155,0.07851801603009356,0.0
0.92,-1.075655982432007,0.08018430391225881,0.0786404939254135,0.0
0.92025,-1.075813211539009,0.07971809915461364,0.07876273640439657,0.0
0.9205,-1.0759699080446912,0.07925303742983551,0.07888474220352015,0.0
0.92075,-1.076126072173524,0.0787891207085738,0.07900651006082748,0.0
0.921,-1.0762817041499788,0.07832635096147794,0.07912803871594543,0.0
0.92125,-1.0764368041985266,0.07786473015919736,0.0792493269100989,0.0
0.9215,-1.0765913725436382,0.07740426027238148,0.07937037338612796,0.0
0.92175,-1.0767454094097841,0.07694494327167972,0.07949117688850316,0.0
0.922,-1.0768989150214356,0.0764867811277415,0.07961173616334327,0.0
0.92225,-1.0770518896030636,0.07602977581121625,0.07973204995842997,0.0
0.9225,-1.0772043333791392,0.0755739292927534,0.07985211702322537,0.0
0.92275,-1.0773562465741329,0.07511924354300237,0.07997193610888642,0.0
0.923,-1.0775076294125157,0.07466572053261256,0.08009150596828296,0.0
0.92325,-1.0776584821187587,0.07421336223223343,0.08021082535601343,0.0
0.9235,-1.0778088049173329,0.07376217061251436,0.08032989302842064,0.0
0.92375,-1.0779585980327089,0.07331214764410482,0.0804487077436089,0.0
0.924,-1.0781078616893578,0.07286329529765419,0.08056726826145932,0.0
0.92425,-1.0782565961117507,0.07241561554381193,0.08068557334364757,0.0
0.9245,-1.078404801524358,0.07196911035322742,0.0808036217536583,0.0
0.92475,-1.078552478151651,0.07152378169655013,0.08092141225680383,0.0
0.925,-1.0786996262181006,0.07107963154442945,0.08103894362023878,0.0
0.92525,-1.0788462459481776,0.07063666186751483,0.08115621461297695,0.0
0.9255,-1.0789923375663526,0.07019487463645566,0.08127322400590753,0.0
0.92575,-1.0791379012970972,0.06975427182190139,0.0813899705718133,0.0
0.926,-1.0792829373648818,0.06931485539450143,0.08150645308538396,0.0
0.92625,-1.079427445994178,0.0688766273249052,0.08162267032323611,0.0
0.9265,-1.0795714274094554,0.06843958958376213,0.08173862106392549,0.0
0.92675,-1.0797148818351863,0.06800374414172164,0.08185430408796868,0.0
0.927,-1.0798578094958406,0.06756909296943314,0.08196971817785514,0.0
0.92725,-1.08000021061589,0.0671356380375461,0.08208486211806654,0.0
0.9275,-1.080142085419805,0.06670338131670989,0.08219973469509201,0.0
0.92775,-1.0802834341320566,0.06627232477757394,0.08231433469744553,0.0
0.928,-1.0804242569771154,0.06584247039078772,0.0824286609156808,0.0
0.92825,-1.0805645541794529,0.06541382012700059,0.08254271214241116,0.0
0.9285,-1.0807043259635396,0.06498637595686202,0.08265648717232343,0.0
0.92875,-1.0808435725538468,0.0645601398510214,0.08276998480219522,0.0
0.929,-1.0809822941748448,0.06413511378012818,0.08288320383091219,0.0
0.92925,-1.081120491051005,0.06371129971483175,0.08299614305948455,0.0
0.9295,-1.0812581634067984,0.06328869962578157,0.08310880129106368,0.0
0.92975,-1.0813953114666952,0.06286731548362703,0.0832211773309588,0.0
0.93,-1.0815319354551671,0.062447149259017586,0.08333326998665447,0.0
0.93025,-1.0816680355966848,0.06202820292260263,0.08344507806782642,0.0
0.9305,-1.081803612115719,0.0616104784450316,0.08355660038635859,0.0
0.93075,-1.0819386652367409,0.061193977796953916,0.08366783575636072,0.0
0.931,-1.082073195184221,0.060778702949019,0.08377878299418384,0.0
0.93125,-1.082207202182631,0.06036465587187627,0.08388944091843964,0.0
0.9315,-1.0823406864564407,0.05995183853617517,0.08399980835001397,0.0
0.93175,-1.0824736482301218,0.059540252912565095,0.08410988411208664,0.0
0.932,-1.0826060877281454,0.05912990097169549,0.08421966703014716,0.0
0.93225,-1.0827380051749815,0.05872078468421575,0.0843291559320114,0.0
0.9325,-1.0828694007951019,0.05831290602077534,0.0844383496478398,0.0
0.93275,-1.083000274812977,0.057906266952023645,0.08454724701015359,0.0
0.933,-1.083130627453078,0.057500869448610104,0.08465584685385097,0.0
0.93325,-1.0832604589398758,0.05709671548118414,0.08476414801622645,0.0
0.9335,-1.083389769497841,0.05669380702039517,0.08487214933698572,0.0
0.93375,-1.083518559351445,0.05629214603689263,0.0849798496582641,0.0
0.934,-1.0836468287251582,0.055891734501325924,0.08508724782464339,0.0
0.93425,-1.0837745778434518,0.05549257438434448,0.0851943426831685,0.0
0.9345,-1.0839018069307964,0.055094667656597734,0.08530113308336507,0.0
0.93475,-1.0840285162116636,0.054698016288735093,0.08540761787725804,0.0
0.935,-1.0841547059105239,0.05430262225140599,0.08551379591938568,0.0
0.93525,-1.084280376251848,0.05390848751525984,0.08561966606681914,0.0
0.9355,-1.084405527460107,0.05351561405094607,0.08572522717918041,0.0
0.93575,-1.084530159759772,0.0531240038291141,0.08583047811865763,0.0
0.936,-1.084654273375314,0.05273365882041336,0.08593541775002356,0.0
0.93625,-1.0847778685312033,0.05234458099549327,0.08604004494065243,0.0
0.9365,-1.0849009454519114,0.051956772325003245,0.08614435856053837,0.0
0.93675,-1.0850235043619088,0.051570234779592716,0.08624835748231141,0.0
0.937,-1.0851455454856667,0.0511849703299111,0.08635204058125612,0.0
0.93725,-1.085267069047656,0.05080098094660783,0.08645540673532803,0.0
0.9375,-1.0853880752723475,0.050418268600332314,0.08655845482517255,0.0
0.93775,-1.0855085643842122,0.05003683526173398,0.08666118373414045,0.0
0.938,-1.0856285366077207,0.04965668290146226,0.08676359234830722,0.0
0.93825,-1.0857479921673447,0.049277813490166564,0.0868656795564906,0.0
0.9385,-1.0858669312875544,0.04890022899849632,0.08696744425026637,0.0
0.93875,-1.0859853541928208,0.048523931397100956,0.0870688853239876,0.0
0.939,-1.0861032611076151,0.048148922656629886,0.08717000167480271,0.0
0.93925,-1.086220652256408,0.047775204747732544,0.0872707922026712,0.0
0.9395,-1.0863375278636704,0.04740277964105834,0.08737125581038319,0.0
0.93975,-1.0864538881538734,0.04703164930725669,0.08747139140357629,0.0
0.94,-1.0865697333514879,0.04666181571697704,0.08757119789075363,0.0
0.94025,-1.0866850636809846,0.0462932808408688,0.08767067418330132,0.0
0.9405,-1.0867998793668345,0.0459260466495814,0.08776981919550675,0.0
0.94075,-1.0869141806335085,0.045560115113764246,0.0878686318445765,0.0
0.941,-1.0870279677054775,0.04519548820406678,0.08796711105065325,0.0
0.94125,-1.0871412408072125,0.044832167891138405,0.08806525573683532,0.0
0.9415,-1.0872540001631845,0.04447015614562856,0.08816306482919312,0.0
0.94175,-1.0873662459978641,0.044109454938186674,0.08826053725678729,0.0
0.942,-1.087477978535723,0.04375006623946215,0.08835767195168853,0.0
0.94225,-1.0875891980012309,0.04339199202010441,0.08845446784899247,0.0
0.9425,-1.0876999046188596,0.04303523425076289,0.08855092388684072,0.0
0.94275,-1.0878100986130796,0.04267979490208701,0.08864703900643689,0.0
0.943,-1.0879197802083622,0.04232567594472619,0.08874281215206614,0.0
0.94325,-1.088028949629178,0.04197287934932985,0.08883824227111248,0.0
0.9435,-1.088137607099998,0.04162140708654742,0.08893332831407719,0.0
0.94375,-1.0882457528452931,0.04127126112702832,0.08902806923459705,0.0
0.944,-1.0883533870895343,0.04092244344142197,0.08912246398946255,0.0
0.94425,-1.0884605100571925,0.04057495600037779,0.0892165115386363,0.0
0.9445,-1.0885671219727382,0.04022880077454521,0.0893102108452708,0.0
0.94475,-1.0886732230606428,0.039883979734573645,0.08940356087572798,0.0
0.945,-1.0887788135453773,0.03954049485111252,0.08949656059959654,0.0
0.94525,-1.0888838936514127,0.039198348094811264,0.08958920898971057,0.0
0.9455,-1.0889884636032194,0.038857541436319296,0.08968150502216732,0.0
0.94575,-1.0890925236252684,0.03851807684628604,0.0897734476763472,0.0
0.946,-1.0891960739420308,0.0381799562953609,0.08986503593493156,0.0
0.94625,-1.0892991147779774,0.03784318175419332,0.0899562687839206,0.0
0.9465,-1.0894016463575795,0.03750775519343273,0.09004714521265322,0.0
0.94675,-1.0895036689053073,0.03717367858372853,0.09013766421382385,0.0
0.947,-1.089605182645632,0.03684095389573016,0.09022782478350311,0.0
0.94725,-1.0897061878030252,0.036509583100087034,0.09031762592115533,0.0
0.9475,-1.089806684601957,0.036179568167448564,0.09040706662965659,0.0
0.94775,-1.0899066732668987,0.03585091106846419,0.09049614591531552,0.0
0.948,-1.090006154022321,0.03552361377378333,0.0905848627878898,0.0
0.94825,-1.0901051270926945,0.035197678254055405,0.09067321626060654,0.0
0.9485,-1.090203592702491,0.03487310647992983,0.09076120535018073,0.0
0.94875,-1.0903015510761804,0.034549900422056044,0.09084882907683367,0.0
0.949,-1.0903990024382346,0.03422806205108346,0.0909360864643125,0.0
0.94925,-1.0904959470131241,0.033907593337661496,0.09102297653990887,0.0
0.9495,-1.0905923850253196,0.033588496252439586,0.09110949833447757,0.0
0.94975,-1.0906883166992922,0.033270772766067144,0.09119565088245607,0.0
0.95,-1.090783742259513,0.0329544248491936,0.09128143322188387,0.0
0.95025,-1.0908786619304522,0.03263945447246836,0.09136684439442,0.0
0.9505,-1.0909730759365819,0.03232586360654087,0.09145188344536548,0.0
0.95075,-1.0910669845023717,0.032013654222060525,0.0915365494236775,0.0
0.951,-1.0911603878522933,0.03170282828967677,0.09162084138199367,0.0
0.95125,-1.0912532862108177,0.03139338778003903,0.0917047583766486,0.0
0.9515,-1.0913456798024155,0.031085334663796704,0.09178829946769285,0.0
0.95175,-1.0914375688515578,0.030778670911599235,0.09187146371891397,0.0
0.952,-1.0915289535827153,0.030473398494096037,0.09195425019785386,0.0
0.95225,-1.0916198342203591,0.030169519381936533,0.09203665797583072,0.0
0.9525,-1.09171021098896,0.02986703554577015,0.09211868612795548,0.0
0.95275,-1.0918000841129891,0.029565948956246306,0.09220033373315428,0.0
0.953,-1.091889453816917,0.029266261584014422,0.09228159987418505,0.0
0.95325,-1.091978320325215,0.028967975399723924,0.09236248363765975,0.0
0.9535,-1.0920666838623534,0.028671092374024237,0.09244298411406215,0.0
0.95375,-1.092154544652804,0.028375614477564776,0.09252310039776868,0.0
0.954,-1.092241902921037,0.02808154368099497,0.09260283158706661,0.0
0.95425,-1.0923287588915236,0.027788881954964234,0.09268217678417501,0.0
0.9545,-1.0924151127887347,0.027497631270122,0.09276113509526485,0.0
0.95475,-1.092500964837141,0.027207793597117683,0.09283970563047705,0.0
0.955,-1.0925863152612139,0.02691937090660071,0.09291788750394403,0.0
0.95525,-1.0926711642854239,0.0266323651692205,0.09299567983380919,0.0
0.9555,-1.092755512134242,0.026346778355626474,0.0930730817422456,0.0
0.95575,-1.0928393590321392,0.026062612436468062,0.09315009235547822,0.0
0.956,-1.0929227052035864,0.02577986938239468,0.09322671080380163,0.0
0.95625,-1.093005550873054,0.02549855116405575,0.09330293622160113,0.0
0.9565,-1.093087896265014,0.0252186597521007,0.09337876774737408,0.0
0.95675,-1.0931697416039365,0.024940197117178944,0.0934542045237472,0.0
0.957,-1.0932510871142926,0.024663165229939915,0.09352924569749943,0.0
0.95725,-1.0933319330205533,0.024387566061033025,0.09360389041958017,0.0
0.9575,-1.0934122795471897,0.024113401581107703,0.09367813784513102,0.0
0.95775,-1.0934921269186721,0.02384067376081337,0.09375198713350508,0.0
0.958,-1.093571475359472,0.023569384570799448,0.09382543744828808,0.0
0.95825,-1.09365032509406,0.023299535981715358,0.0938984879573177,0.0
0.9585,-1.093728676346907,0.02303112996421052,0.09397113783270594,0.0
0.95875,-1.0938065293424843,0.022764168488934363,0.09404338625085784,0.0
0.959,-1.0938838843052623,0.0224986535265363,0.09411523239249142,0.0
0.95925,-1.0939607414597123,0.022234587047665767,0.09418667544266124,0.0
0.9595,-1.0940371010303052,0.02197197102297218,0.09425771459077614,0.0
0.95975,-1.0941129632415116,0.021710807423104952,0.09432834903062082,0.0
0.96,-1.0941883283178027,0.02145109821871352,0.09439857796037754,0.0
0.96025,-1.0942631964836491,0.021192845380447294,0.09446840058264483,0.0
0.9605,-1.0943375679635223,0.020936050878955705,0.09453781610446099,0.0
0.96075,-1.0944114429818927,0.02068071668488817,0.09460682373732232,0.0
0.961,-1.0944848217632313,0.020426844768894115,0.09467542269720508,0.0
0.96125,-1.0945577045320092,0.020174437101622957,0.09474361220458749,0.0
0.9615,-1.0946300915126972,0.01992349565372413,0.09481139148446927,0.0
0.96175,-1.0947019829297662,0.01967402239584704,0.0948787597663927,0.0
0.962,-1.094773379007687,0.019426019298641115,0.09494571628446491,0.0
0.96225,-1.0948442799709308,0.019179488332755786,0.09501226027737797,0.0
0.9625,-1.0949146860439685,0.018934431468840468,0.09507839098843074,0.0
0.96275,-1.0949845974512706,0.018690850677544585,0.09514410766554904,0.0
0.963,-1.0950540144173084,0.018448747929517555,0.0952094095613083,0.0
0.96325,-1.0951229371665527,0.018208125195408806,0.09527429593295444,0.0
0.9635,-1.0951913659234744,0.017968984445867756,0.09533876604242453,0.0
0.96375,-1.0952593009125446,0.01773132765154383,0.09540281915636983,0.0
0.964,-1.095326742358234,0.017495156783086448,0.09546645454617453,0.0
0.96425,-1.0953936904850132,0.017260473811145035,0.09552967148798053,0.0
0.9645,-1.0954601455173538,0.01702728070636901,0.09559246926270704,0.0
0.96475,-1.0955261076797265,0.0167955794394078,0.09565484715607275,0.0
0.965,-1.095591577196602,0.01656537198091082,0.09571680445861741,0.0
0.96525,-1.0956565542924515,0.0163366603015275,0.09577834046572353,0.0
0.9655,-1.0957210391917456,0.016109446371907254,0.09583945447763842,0.0
0.96575,-1.0957850321189553,0.01588373216269951,0.0959001457994959,0.0
0.966,-1.0958485332985517,0.01565951964455369,0.09596041374133812,0.0
0.96625,-1.0959115429550055,0.015436810788119211,0.0960202576181377,0.0
0.9665,-1.0959740613127877,0.015215607564045502,0.09607967674981976,0.0
0.96675,-1.0960360885963696,0.014995911942981981,0.09613867046128366,0.0
0.967,-1.0960976250302212,0.014777725895578072,0.09619723808242475,0.0
0.96725,-1.0961586708388142,0.014561051392483195,0.09625537894815839,0.0
0.9675,-1.0962192262466195,0.014345890404346773,0.0963130923984401,0.0
0.96775,-1.0962792914781074,0.01413224490181823,0.09637037777828805,0.0
0.968,-1.0963388667577494,0.013920116855546985,0.09642723443780721,0.0
0.96825,-1.0963979523100162,0.013709508236182463,0.09648366173220957,0.0
0.9685,-1.096456548359379,0.013500421014374084,0.09653965902183792,0.0
0.96875,-1.096514655130308,0.01329285716077127,0.09659522567218715,0.0
0.969,-1.0965722728472747,0.013086818646023445,0.09665036105392844,0.0
0.96925,-1.09662940173475,0.01288230744078003,0.09670506454293104,0.0
0.9695,-1.0966860420172049,0.012679325515690445,0.09675933552028426,0.0
0.96975,-1.0967421939191095,0.012477874841404116,0.0968131733723201,0.0
0.97,-1.096797857664936,0.012277957388570463,0.09686657749063943,0.0
0.97025,-1.0968530334791544,0.012079575127838908,0.09691954727212893,0.0
0.9705,-1.0969077215862357,0.011882730029858872,0.09697208211898878,0.0
0.97075,-1.096961922210651,0.011687424065279778,0.09702418143875402,0.0
0.971,-1.0970156355768714,0.01149365920475105,0.09707584464431718,0.0
0.97125,-1.0970688619093676,0.011301437418922106,0.09712707115395203,0.0
0.9715,-1.0971216014326102,0.011110760678442369,0.09717786039133536,0.0
0.97175,-1.0971738543710707,0.010921630953961264,0.09722821178557295,0.0
0.972,-1.0972256209492197,0.010734050216128211,0.09727812477121911,0.0
0.97225,-1.0972769013915284,0.010548020435592631,0.09732759878830333,0.0
0.9725,-1.0973276959224672,0.010363543583003948,0.09737663328235091,0.0
0.97275,-1.0973780047665076,0.010180621629011583,0.0974252277044092,0.0
0.973,-1.09742782814812,0.009999256544264961,0.09747338151106777,0.0
0.97325,-1.0974771662917755,0.009819450299413496,0.09752109416448485,0.0
0.9735,-1.0975260194219452,0.009641204865106619,0.09756836513240996,0.0
0.97375,-1.0975743877630997,0.009464522211993743,0.09761519388820616,0.0
0.974,-1.0976222715397101,0.009289404310724298,0.09766157991087643,0.0
0.97425,-1.0976696709762475,0.009115853131947703,0.09770752268508498,0.0
0.9745,-1.0977165862971825,0.008943870646313377,0.09775302170118283,0.0
0.97475,-1.0977630177269861,0.008773458824470748,0.09779807645523042,0.0
0.975,-1.0978089654901293,0.008604619637069232,0.0978426864490225,0.0
0.97525,-1.0978544298110828,0.008437355054758254,0.09788685119011142,0.0
0.9755,-1.0978994109143179,0.008271667048187235,0.09793057019183249,0.0
0.97575,-1.0979439090243053,0.008107557588005597,0.09797384297332634,0.0
0.976,-1.097987924365516,0.00794502864486276,0.09801666905956474,0.0
0.97625,-1.0980314571624206,0.00778408218940815,0.09805904798137344,0.0
0.9765,-1.0980745076394902,0.0076247201922911845,0.09810097927545791,0.0
0.97675,-1.0981170760211958,0.007466944624161289,0.09814246248442693,0.0
0.977,-1.0981591625320086,0.007310757455667884,0.09818349715681762,0.0
0.97725,-1.0982007673963987,0.007156160657460389,0.09822408284711837,0.0
0.9775,-1.0982418908388378,0.007003156200188229,0.09826421911579653,0.0
0.97775,-1.0982825330837964,0.0068517460545008246,0.09830390552931911,0.0
0.978,-1.0983226943557458,0.006701932191047598,0.09834314166018188,0.0
0.97825,-1.0983623748791564,0.00655371658047797,0.09838192708692994,0.0
0.9785,-1.0984015748784994,0.006407101193441363,0.09842026139418558,0.0
0.97875,-1.0984402945782459,0.0062620880005871985,0.09845814417267196,0.0
0.979,-1.0984785342028665,0.006118678972564899,0.09849557501923845,0.0
0.97925,-1.098516293976832,0.005976876080023886,0.09853255353688528,0.0
0.9795,-1.0985535741246135,0.005836681293613581,0.09856907933478909,0.0
0.97975,-1.0985903748706822,0.005698096583983405,0.09860515202832842,0.0
0.98,-1.0986266964395088,0.0055611239217827815,0.0986407712391082,0.0
0.98025,-1.098662539055564,0.00542576527766113,0.09867593659498475,0.0
0.9805,-1.0986979029433193,0.005292022622267874,0.09871064773009364,0.0
0.98075,-1.0987327883272449,0.005159897926252434,0.09874490428487159,0.0
0.981,-1.098767195431812,0.005029393160264233,0.09877870590608473,0.0
0.98125,-1.0988011244814913,0.004900510294952693,0.09881205224685297,0.0
0.9815,-1.0988345757007543,0.004773251300967233,0.09884494296667667,0.0
0.98175,-1.0988675493140718,0.004647618148957278,0.0988773777314611,0.0
0.982,-1.0989000455459141,0.004523612809572246,0.0989093562135428,0.0
0.98225,-1.0989320646207528,0.004401237253461563,0.09894087809171581,0.0
0.9825,-1.0989636067630584,0.004280493451274648,0.09897194305125745,0.0
0.98275,-1.0989946721973018,0.004161383373660921,0.09900255078395404,0.0
0.983,-1.099025261147954,0.004043908991269806,0.09903270098812733,0.0
0.98325,-1.0990553738394864,0.003928072274750725,0.09906239336866074,0.0
0.9835,-1.0990850104963692,0.003813875194753099,0.09909162763702506,0.0
0.98375,-1.0991141713430737,0.0037013197219263492,0.09912040351130558,0.0
0.984,-1.0991428566040709,0.003590407826919897,0.09914872071622804,0.0
0.98425,-1.099171066503831,0.0034811414803831648,0.099176578983184,0.0
0.9845,-1.0991988012668261,0.0033735226529655734,0.09920397805026049,0.0
0.98475,-1.099226061117526,0.0032675533153165453,0.09923091766226233,0.0
0.985,-1.099252846280402,0.0031632354380855014,0.0992573975707427,0.0
0.98525,-1.0992791569799256,0.0030605709919218627,0.09928341753402803,0.0
0.9855,-1.0993049934405668,0.0029595619474750514,0.0993089773172442,0.0
0.98575,-1.0993303558867973,0.002860210275394489,0.0993340766923454,0.0
0.986,-1.0993552445430874,0.002762517946329597,0.09935871543813923,0.0
0.98625,-1.0993796596339083,0.0026664869309297977,0.09938289334031425,0.0
0.9865,-1.099403601383731,0.002572119199844511,0.09940661019146857,0.0
0.98675,-1.0994270700170263,0.0024794167237231594,0.099429865791135,0.0
0.987,-1.0994500657582649,0.0023883814732151643,0.09945265994580899,0.0
0.98725,-1.0994725888319183,0.002299015418969947,0.09947499246897706,0.0
0.9875,-1.0994946394624567,0.0022113205316369286,0.09949686318114237,0.0
0.98775,-1.0995162178743514,0.002125298781865531,0.0995182719098533,0.0
0.988,-1.0995373242920734,0.002040952140305176,0.09953921848973235,0.0
0.98825,-1.0995579589400934,0.0019582825776052843,0.09955970276250037,0.0
0.9885,-1.0995781220428826,0.0018772920644152783,0.09957972457700759,0.0
0.98875,-1.0995978138249116,0.0017979825713845782,0.0995992837892592,0.0
0.989,-1.0996170345106515,0.001720356069162606,0.09961838026244552,0.0
0.98925,-1.0996357843245732,0.001644414528398783,0.0996370138669671,0.0
0.9895,-1.0996540634911476,0.0015701599197425306,0.0996551844804654,0.0
0.98975,-1.0996718722348455,0.0014975942138432704,0.09967289198784912,0.0
0.99,-1.099689210780138,0.0014267193813504234,0.0996901362813234,0.0
0.99025,-1.099706079351496,0.0013575373929134112,0.09970691726041792,0.0
0.9905,-1.09972247817339,0.001290050219181655,0.09972323483201473,0.0
0.99075,-1.0997384074702916,0.0012242598308045763,0.09973908891037708,0.0
0.991,-1.0997538674666714,0.0011601681984315963,0.09975447941717852,0.0
0.99125,-1.0997688583870002,0.001097777292712136,0.09976940628153064,0.0
0.9915,-1.0997833804557486,0.0010370890842956175,0.09978386944001083,0.0
0.99175,-1.0997974338973886,0.0009781055438314616,0.09979786883669473,0.0
0.992,-1.09981101893639,0.0009208286419690893,0.09981140442318037,0.0
0.99225,-1.0998241357972245,0.0008652603493579224,0.09982447615862045,0.0
0.9925,-1.0998367847043624,0.0008114026366473819,0.09983708400974955,0.0
0.99275,-1.099848965882275,0.000759257474486889,0.09984922795091444,0.0
0.993,-1.0998606795554333,0.000708826833525865,0.09986090796410241,0.0
0.99325,-1.0998719259483076,0.0006601126844137312,0.09987212403897017,0.0
0.9935,-1.0998827052853697,0.0006131169977999088,0.09988287617287517,0.0
0.99375,-1.0998930177910897,0.0005678417443338191,0.09989316437090245,0.0
0.994,-1.0999028636899393,0.0005242888946648831,0.0999029886458962,0.0
0.99425,-1.0999122432063886,0.00048246041944252204,0.099912349018487,0.0
0.9945,-1.0999211565649087,0.0004423582893161573,0.09992124551712456,0.0
0.99475,-1.0999296039899713,0.0004039844749352097,0.09992967817810583,0.0
0.995,-1.0999375857060465,0.00036734094694910064,0.09993764704560304,0.0
0.99525,-1.0999451019376054,0.00033242967600725123,0.09994515217169742,0.0
0.9955,-1.0999521529091187,0.0002992526327590825,0.09995219361640606,0.0
0.99575,-1.099958738845058,0.0002678117878540157,0.09995877144771392,0.0
0.996,-1.099964859969894,0.00023810911194147187,0.0999648857416029,0.0
0.99625,-1.099970516508097,0.00021014657567087217,0.09997053658208199,0.0
0.9965,-1.0999757086841384,0.0001839261496916376,0.09997572406121824,0.0
0.99675,-1.0999804367224892,0.00015944980465318936,0.09998044827916752,0.0
0.997,-1.09998470084762,0.00013671951120494843,0.09998470934420389,0.0
0.99725,-1.099988501284002,0.00011573723999633585,0.09998850737275156,0.0
0.9975,-1.099991838256106,9.650496167677274e-05,0.09999184248941351,0.0
0.99775,-1.099994711988403,7.902464689568011e-05,0.09999471482700528,0.0
0.998,-1.099997122705364,6.329826630247899e-05,0.09999712452658249,0.0
0.99825,-1.0999990706314593,4.932779054659036e-05,0.09999907173747435,0.0
0.9985,-1.1000005559911608,3.711519027743526e-05,0.10000055661731388,0.0
0.99875,-1.1000015790089386,2.666243614443465e-05,0.10000157933206788,0.0
0.999,-1.1000021399092637,1.797149879700953e-05,0.10000214005607,0.0
0.99925,-1.1000022389166075,1.1044348884580857e-05,0.10000223897205163,0.0
0.9995,-1.1000018762554404,5.88295705656959e-06,0.10000187627117185,0.0
0.99975,-1.100001052150234,2.489293962396667e-06,0.10000105215305055,0.0
