t,x,y,gap,dual
0.0,1.4999990981959916,2.3922264271970097e-06,0.499999098197899,0.0
0.00025,1.4999971000337584,6.244156938932468e-06,0.4999971000467551,0.0
0.0005,1.499994006020719,1.1554649354650337e-05,0.4999940060652226,0.0
0.00075,1.499989816789686,1.8321764855500078e-05,0.4999898169015824,0.0
0.001,1.499984532843996,2.654415430924928e-05,0.49998453307886237,0.0
0.00125,1.4999781548734017,3.622021467464265e-05,0.4999781553107092,0.0
0.0015,1.4999706832989315,4.734870611855513e-05,0.4999706840462461,0.0
0.00175,1.4999621186645378,5.992874715587959e-05,0.4999621198617197,0.0
0.002,1.499952461514221,7.39581430053704e-05,0.49995246333754784,0.0
0.00225,1.499941712551168,8.943568079899933e-05,0.4999417152175185,0.0
0.0025,1.4999298721739525,0.0001063599179857988,0.49992987594493954,0.0
0.00275,1.4999169410362008,0.00012472922903583594,0.49991694622228144,0.0
0.003,1.4999029196167317,0.00014454241055261718,0.49990292658135194,0.0
0.00325,1.4998878085121277,0.00016579808973915533,0.49988781767581525,0.0
0.0035,1.4998716083449573,0.00018849427618761183,0.49987162018933495,0.0
0.00375,1.4998543196199368,0.0002126300633094047,0.4998543346919151,0.0
0.004,1.4998359428433599,0.00023820379395544933,0.49983596175911105,0.0
0.00425,1.4998164785898638,0.0002652144668857659,0.49981650203897043,0.0
0.0045,1.4997959273476127,0.00029366037362166253,0.49979595609699534,0.0
0.00475,1.4997742898462931,0.00032353955407415924,0.49977432474415817,0.0
0.005,1.4997515664794108,0.0003548511407061028,0.49975160845947375,0.0
0.00525,1.499727758001109,0.00038759347599892635,0.4997278080864327,0.0
0.0055,1.4997028647338535,0.0004217652812457118,0.4997029240409181,0.0
0.00575,1.499676887398266,0.00045736491547643254,0.4996769571408428,0.0
0.006,1.499649826404264,0.0004943913030572844,0.4996499078975398,0.0
0.00625,1.4996216824804662,0.000532842080353646,0.4996217771445661,0.0
0.0065,1.4995924560189824,0.0005727169996561088,0.49959256538361285,0.0
0.00675,1.4995621476714884,0.0006140139063575134,0.4995622733792031,0.0
0.007,1.4995307580340533,0.0006567310834242335,0.49953090184427285,0.0
0.00725,1.4994982876139495,0.0007008678117230716,0.49949845140728844,0.0
0.0075,1.4994647370024108,0.0007464220575243985,0.49946492278399,0.0
0.00775,1.499430106583553,0.0007933930994639127,0.4994303164874905,0.0
0.008,1.4993943971401098,0.0008417784468832679,0.49939463343247525,0.0
0.00825,1.4993576091616863,0.00089157760474734,0.4993578742453961,0.0
0.0085,1.499319743061406,0.0009427886187296508,0.4993200394792636,0.0
0.00875,1.4992807995538957,0.000995410261630525,0.4992811299928235,0.0
0.009,1.4992407792271347,0.001049440692199255,0.4992411465215836,0.0
0.00925,1.499199682470584,0.0011048790834422562,0.49920008960701745,0.0
0.0095,1.499157509930944,0.0011617238284173936,0.4991579600511089,0.0
0.00975,1.4991142621543059,0.0012199732673749963,0.4991147585589377,0.0
0.01,1.4990699397834177,0.0012796257201017625,0.49907048593594916,0.0
0.01025,1.4990245431858433,0.0013406804559394914,0.49902514271696297,0.0
0.0105,1.498978073049381,0.001403135645531961,0.49897872975985713,0.0
0.01075,1.4989305299316058,0.0014669894810950268,0.49893124779596953,0.0
0.011,1.4988819144330048,0.0015322407841580343,0.49888269760384185,0.0
0.01125,1.49883222695866,0.0015988885322784085,0.49883307977052427,0.0
0.0115,1.4987814681698701,0.0016669308250598647,0.49878239514207223,0.0
0.01175,1.49872963858353,0.0017363662337217534,0.4987306444242796,0.0
0.012,1.4986767388181192,0.001807193396800244,0.4986778284282738,0.0
0.01225,1.4986227693147498,0.0018794106913659903,0.49862394779115826,0.0
0.0125,1.4985677307429501,0.0019530172216164488,0.49856900338300836,0.0
0.01275,1.4985116235629885,0.002028011252107831,0.49851299586724385,0.0
0.013,1.4984544483851145,0.002104391133507022,0.49845592606095046,0.0
0.01325,1.4983962058445446,0.002182155336974745,0.4983977948099234,0.0
0.0135,1.49833689625547,0.0022613032222338347,0.4983386026438543,0.0
0.01375,1.4982765205347075,0.0023418318285024498,0.49827835069519133,0.0
0.014,1.4982150788813335,0.002423741225150877,0.49821703938679285,0.0
0.01425,1.4981525721163464,0.0025070290384974214,0.4981546697632473,0.0
0.0145,1.4980890005973144,0.0025916944973403133,0.49809124241183245,0.0
0.01475,1.4980243650653602,0.002677735343112886,0.498026758304418,0.0
0.015,1.4979586659508133,0.002765150920467363,0.4979612181083839,0.0
0.01525,1.4978919038624348,0.002853939018443441,0.4978946226702834,0.0
0.0155,1.4978240792158601,0.0029440992978422287,0.4978269726505511,0.0
0.01575,1.4977551927865722,0.0030356291806086233,0.4977582690686986,0.0
0.016,1.497685244966636,0.0031285280346367017,0.4976885125680961,0.0
0.01625,1.4976142364319003,0.0032227938855200478,0.4976177040766887,0.0
0.0165,1.4975421675889837,0.0033184257844567355,0.4975458442587988,0.0
0.01675,1.4974690392058339,0.003415421353302861,0.4974729341404016,0.0
0.017,1.4973948516808395,0.0035137797371689317,0.49739897438469094,0.0
0.01725,1.4973196056410352,0.003613499671857312,0.4973239658861084,0.0
0.0175,1.4972433015483144,0.003714579723933298,0.49724790937700836,0.0
0.01775,1.4971659400312003,0.003817018126156313,0.497170805758943,0.0
0.018,1.4970875216534036,0.003920813820933233,0.4970926558738269,0.0
0.01825,1.497008046934889,0.004025965047347313,0.4970134605214387,0.0
0.0185,1.4969275164077072,0.004132470379957454,0.49693322051786515,0.0
0.01875,1.496845930737619,0.004240328456191378,0.4968519368164592,0.0
0.019,1.4967632903234307,0.004349537860655062,0.49676961010685394,0.0
0.01925,1.4966795958618206,0.004460097081810943,0.49668624137962936,0.0
0.0195,1.4965948479175708,0.004572004532619189,0.4966018314965617,0.0
0.01975,1.4965090469708002,0.004685258796754965,0.49651638123859,0.0
0.02,1.4964221935458433,0.00479985864684096,0.4964298914348053,0.0
0.02025,1.4963342882465334,0.004915802725875551,0.4963423629967507,0.0
0.0205,1.4962453316111528,0.005033089518420297,0.49625379677321746,0.0
0.02075,1.4961553242345627,0.0051517171279797935,0.4961641936715355,0.0
0.021,1.4960642666676893,0.005271684561499512,0.49607355456142166,0.0
0.02125,1.4959721594304494,0.00539299017149375,0.495981880282643,0.0
0.0215,1.4958790031383487,0.005515632486037703,0.49588917177440006,0.0
0.02175,1.4957847983323624,0.005639610244465132,0.49579542990540504,0.0
0.022,1.4956895455046997,0.005764921878146367,0.49570065549772235,0.0
0.02225,1.4955932452943888,0.005891566008507709,0.49560484952417627,0.0
0.0225,1.4954958980926119,0.006019541405379414,0.4955080127135927,0.0
0.02275,1.4953975046671317,0.00614884616186373,0.49541014617188095,0.0
0.023,1.49529806543935,0.006279478995899979,0.4953112506642632,0.0
0.02325,1.4951975809965035,0.006411438747058185,0.49521132712556803,0.0
0.0235,1.4950960519136949,0.006544723955499876,0.4951103764804694,0.0
0.02375,1.494993478740735,0.006679332582471886,0.49500839962893584,0.0
0.024,1.4948898620773203,0.006815263755974854,0.49490539752909224,0.0
0.02425,1.4947852023936221,0.00695251547054454,0.49480137100763666,0.0
0.0245,1.4946795003339695,0.0070910868474882705,0.49469632107370987,0.0
0.02475,1.4945727563785738,0.0072309761465305655,0.49459024857152034,0.0
0.025,1.4944649711117908,0.007372182088964507,0.49448315445471613,0.0
0.02525,1.4943561450651135,0.00751470345930727,0.49437503962758544,0.0
0.0255,1.4942462788498148,0.0076585382719969175,0.4942659050734517,0.0
0.02575,1.4941353730195175,0.007803685409555783,0.49415575172541626,0.0
0.026,1.4940234280314684,0.007950142987958486,0.4940445804193492,0.0
0.02625,1.4939104446013616,0.008097909989963625,0.4939323922571741,0.0
0.0265,1.4937964231899752,0.008246984817375846,0.4938191880859415,0.0
0.02675,1.4936813642227555,0.00839736676724101,0.49370496872540914,0.0
0.027,1.4935652684802054,0.00854905330947986,0.4935897353432892,0.0
0.02725,1.493448136475175,0.00870204319588197,0.4934734888497203,0.0
0.0275,1.4933299686941073,0.008856335324601616,0.4933562301324239,0.0
0.02775,1.4932107656994127,0.009011928111007705,0.4932379601553478,0.0
0.028,1.493090528025606,0.009168820281608703,0.4931186798594207,0.0
0.02825,1.492969256356023,0.009327010418587633,0.49299839033657533,0.0
0.0285,1.4928469511021145,0.009486496588820614,0.49287709240660815,0.0
0.02875,1.4927236129310373,0.009647277537034427,0.4927547871521851,0.0
0.029,1.4925992423194714,0.009809351602548588,0.49263147546590424,0.0
0.02925,1.4924738399102573,0.009972717969894518,0.4925071584150529,0.0
0.0295,1.4923474061057806,0.010137375029529494,0.49238183682432335,0.0
0.02975,1.4922199416076474,0.01030332101570508,0.4922555118194347,0.0
0.03,1.4920914469182023,0.010470554654915532,0.4921281843331142,0.0
0.03025,1.4919619225869756,0.010639074696911166,0.4919998553484617,0.0
0.0305,1.4918313691705674,0.01080887922418583,0.49187052585383984,0.0
0.03075,1.491699787191033,0.010979967510913013,0.4917401968145505,0.0
0.031,1.4915671772870276,0.011152337449530592,0.49160886930541525,0.0
0.03125,1.4914335399573169,0.011325987814331029,0.49147654427067144,0.0
0.0315,1.4912988758260504,0.011500916901489688,0.4913432227792556,0.0
0.03175,1.4911631853505671,0.011677123744163964,0.4912089057418434,0.0
0.032,1.4910264691109454,0.011854606811475321,0.49107359419047714,0.0
0.03225,1.4908887277320328,0.012033364406292435,0.49093728920346424,0.0
0.0325,1.4907499617263547,0.012213395139255567,0.4907999917520647,0.0
0.03275,1.4906101717011389,0.012394697197748883,0.49066170290160827,0.0
0.033,1.4904693580420343,0.012577270243873784,0.49052242351097197,0.0
0.03325,1.490327521449439,0.012761112013109255,0.4903821547406688,0.0
0.0335,1.490184662401706,0.012946221150684778,0.4902408975395116,0.0
0.03375,1.4900407816561856,0.013132595978632366,0.49009865313532686,0.0
0.034,1.4898958794484969,0.013320235844012984,0.48995542224609867,0.0
0.03425,1.4897499565850403,0.013509138566185186,0.4898112061499369,0.0
0.0345,1.4896030135268266,0.013699302830922022,0.48966600578997443,0.0
0.03475,1.4894550508707631,0.013890727326227648,0.48951982224812274,0.0
0.035,1.4893060691327218,0.014083410510437488,0.48937265652594975,0.0
0.03525,1.489156068883668,0.014277351058538557,0.48922450968492615,0.0
0.0355,1.4890050506265489,0.014472547495444132,0.48907538271988726,0.0
0.03575,1.4888530150030892,0.014668998293807078,0.4889252767666794,0.0
0.036,1.4886999625264643,0.014866701945251748,0.48877419283551027,0.0
0.03625,1.4885458937859575,0.015065657416549527,0.48862213202022065,0.0
0.0365,1.4883908093331932,0.015265862256654827,0.4884690953654218,0.0
0.03675,1.4882347097290936,0.015467315946537497,0.48831508394729006,0.0
0.037,1.4880775954259295,0.015670017292848115,0.4881600987294932,0.0
0.03725,1.4879194671071296,0.01587396373408012,0.48800414089511057,0.0
0.0375,1.4877603252733174,0.016079154833768428,0.4878472114694892,0.0
0.03775,1.4876001704471982,0.01628558878022801,0.487689311488273,0.0
0.038,1.4874390031728648,0.016493264447618117,0.4875304420185911,0.0
0.03825,1.487276824080931,0.016702179753849578,0.4873706042062249,0.0
0.0385,1.4871136337860644,0.016912333445510797,0.48720979919275864,0.0
0.03875,1.4869494327634563,0.017123724160576614,0.4870480279818443,0.0
0.039,1.4867842214939238,0.0173363507715365,0.4868852915882136,0.0
0.03925,1.486618000599666,0.017550211376502034,0.4867215911616771,0.0
0.0395,1.4864507706814951,0.017765304699189244,0.48655692784052706,0.0
0.03975,1.4862825322856423,0.017981629223037032,0.48639130270832,0.0
0.04,1.4861132858632633,0.01819918370299689,0.486224716759468,0.0
0.04025,1.4859430321557614,0.018417966427250576,0.48605717127557835,0.0
0.0405,1.4857717715237264,0.018637976065569717,0.48588866716472845,0.0
0.04075,1.4855995047126065,0.018859211268029696,0.48571920572226346,0.0
0.041,1.485426232067045,0.01908167020098972,0.48554878783921396,0.0
0.04125,1.485251954313382,0.019305352157225286,0.48537741480528607,0.0
0.0415,1.4850766719596322,0.019530255194126767,0.4852050876786831,0.0
0.04175,1.4849003854702012,0.01975637788681439,0.4850318074831794,0.0
0.042,1.484723095475843,0.019983719023159097,0.4848575754143445,0.0
0.04225,1.484544802600615,0.02021227663488645,0.4846823926534807,0.0
0.0425,1.484365507351324,0.020442049815599717,0.48450626028151755,0.0
0.04275,1.4841852102376585,0.020673036866114103,0.48432917937412734,0.0
0.043,1.4840039117885073,0.02090523646383957,0.4841511510338832,0.0
0.04325,1.4838216127345358,0.02113864683501987,0.48397217656131764,0.0
0.0435,1.4836383134719462,0.021373266895288623,0.48379225693479677,0.0
0.04375,1.483454014502895,0.021609095427862712,0.48361139323947144,0.0
0.044,1.4832687165512581,0.021846130408306408,0.483429586772973,0.0
0.04425,1.4830824201045942,0.022084370642531326,0.4832468386111519,0.0
0.0445,1.4828951257376808,0.02232381469524114,0.48306314991611865,0.0
0.04475,1.4827068340310134,0.022564461031286953,0.48287852185669733,0.0
0.045,1.4825175453913477,0.022806308419745847,0.4826929554351176,0.0
0.04525,1.4823272604888622,0.023049355259452398,0.4825064519138835,0.0
0.0455,1.4821359799724885,0.02329359966618938,0.48231901253219345,0.0
0.04575,1.4819437042539096,0.02353904092249337,0.4821306383127466,0.0
0.046,1.4817504340083723,0.023785676943866463,0.48194133052279686,0.0
0.04625,1.4815561696530928,0.024033506759934653,0.4817510901917108,0.0
0.0465,1.481360911744856,0.024282529491074456,0.48155991849267976,0.0
0.04675,1.4811646610059572,0.024532742245874317,0.48136781673391127,0.0
0.047,1.4809674177570038,0.024784144826092813,0.48117478586850404,0.0
0.04725,1.4807691827103877,0.025036735393449305,0.4809808272168654,0.0
0.0475,1.4805699564934685,0.025290512056663772,0.4807859420156444,0.0
0.04775,1.4803697395203006,0.025545473582774036,0.48059013130169514,0.0
0.048,1.4801685323243312,0.025801619018515964,0.48039339623869615,0.0
0.04825,1.4799663355844785,0.02605894649957463,0.4801957381225017,0.0
0.0485,1.4797631497681696,0.02631745471116176,0.4799971580493958,0.0
0.04875,1.4795589755576248,0.026577141992966347,0.479797657326718,0.0
0.049,1.4793538133356563,0.02683800691211502,0.47959723696881884,0.0
0.04925,1.4791476638206547,0.027100048245692676,0.47939589833182206,0.0
0.0495,1.478940527337782,0.02736326472168571,0.47919364238032935,0.0
0.04975,1.4787324046875803,0.027627654566899196,0.4789904705473871,0.0
0.05,1.4785232963097208,0.02789321614854856,0.4787863839100197,0.0
0.05025,1.4783132028048307,0.02815994834283231,0.47858138371810566,0.0
0.0505,1.478102124637548,0.02842785003432624,0.47837547108831857,0.0
0.05075,1.4778900625447662,0.02869691899179827,0.4781686473904778,0.0
0.051,1.4776770168769868,0.02896715417922735,0.4779609136332781,0.0
0.05125,1.4774629883051311,0.029238554113902637,0.4777522711395845,0.0
0.0515,1.4772479774219693,0.02951111723258748,0.47754272115482843,0.0
0.05175,1.477031984679865,0.029784842435844894,0.4773322647956584,0.0
0.052,1.4768150106885578,0.030059727853966933,0.47712090332298107,0.0
0.05225,1.4765970559946044,0.030335772313314635,0.4769086379508307,0.0
0.0525,1.4763781210560865,0.030612974885357858,0.47669546981238886,0.0
0.05275,1.4761582066340289,0.03089133296321478,0.4764814003113065,0.0
0.053,1.4759373131181697,0.031170845848023987,0.4762664305217279,0.0
0.05325,1.4757154411302906,0.031451511989004644,0.4760505617345101,0.0
0.0535,1.4754925912268035,0.03173332980190935,0.4758337951766467,0.0
0.05375,1.4752687640096838,0.03201629795800187,0.47561613212840537,0.0
0.054,1.4750439599327834,0.03230041460654576,0.4753975737129099,0.0
0.05425,1.474818179652658,0.032585678999950574,0.4751781212822632,0.0
0.0545,1.474591423692619,0.03287208908644601,0.47495777602910794,0.0
0.05475,1.4743636924736947,0.033159644048154746,0.47473653907335844,0.0
0.055,1.4741349867854083,0.03344834184073875,0.47451441187826693,0.0
0.05525,1.4739053069663122,0.03373818131455408,0.4742913954784762,0.0
0.0555,1.4736746537203835,0.03402916108470322,0.4740674912710139,0.0
0.05575,1.4734430275930634,0.03432127917641026,0.47384270048296484,0.0
0.056,1.473210429114637,0.03461453485603272,0.47361702435722175,0.0
0.05625,1.4729768588205943,0.03490892642048493,0.4733904641217195,0.0
0.0565,1.472742317279577,0.0352044520259156,0.47316302103618635,0.0
0.05675,1.472506805009223,0.03550111093885988,0.4729346963380159,0.0
0.057,1.4722703225583675,0.035798901364934466,0.4727054912727988,0.0
0.05725,1.472032870622341,0.03609782167320219,0.47247540723850445,0.0
0.0575,1.4717944495216102,0.03639787109042203,0.4722444452816028,0.0
0.05775,1.4715550600035296,0.03669904732863927,0.47201260684031565,0.0
0.058,1.4713147025718367,0.037001349483496426,0.47177989314559277,0.0
0.05825,1.4710733777837817,0.03730477595103565,0.4715463054667841,0.0
0.0585,1.4708310861438925,0.037609325388572756,0.47131184502926016,0.0
0.05875,1.4705878283233709,0.037914996116086286,0.4710765132185786,0.0
0.059,1.4703436048360423,0.038221786186873885,0.47084031125801107,0.0
0.05925,1.4700984161872253,0.03852969537442874,0.47060324040913026,0.0
0.0595,1.469852262901254,0.03883872141665279,0.4703653019019516,0.0
0.05975,1.4696051456511885,0.039148863000988854,0.4701264971419028,0.0
0.06,1.4693570649795404,0.03946011886007739,0.46988682740738286,0.0
0.06025,1.4691080213625245,0.03977248708050496,0.46964629389533075,0.0
0.0605,1.4688580154133675,0.04008596672202458,0.4694048979679275,0.0
0.06075,1.4686070476644453,0.040400556392114595,0.4691626408966676,0.0
0.061,1.4683551186080592,0.0407162543136792,0.4689195239045003,0.0
0.06125,1.468102228944094,0.04103305911669963,0.46867554843508263,0.0
0.0615,1.4678483790874903,0.04135096964837004,0.46843071565553696,0.0
0.06175,1.4675935697689102,0.04166998363338337,0.4681850270190946,0.0
0.062,1.4673378013044989,0.0419901008102741,0.467938483623608,0.0
0.06225,1.4670810744158533,0.04231131916129982,0.4676910869247466,0.0
0.0625,1.46682338960448,0.042633636885931026,0.46744283816607224,0.0
0.06275,1.4665647474223285,0.042957053201249096,0.4671937386731355,0.0
0.063,1.4663051484701182,0.04328156608151801,0.4669437897862494,0.0
0.06325,1.4660445932835273,0.043607174645252655,0.46669299281628973,0.0
0.0635,1.4657830823987439,0.04393387692343964,0.46644134904464796,0.0
0.06375,1.4655206164554944,0.04426167134019465,0.46618885986966907,0.0
0.064,1.4652571958954042,0.044590557021848554,0.46593552651499004,0.0
0.06425,1.4649928213223067,0.04492053239791005,0.4656813503476136,0.0
0.0645,1.4647274933610976,0.045251595742790585,0.46542633275274303,0.0
0.06475,1.4644612124952907,0.04558374548805233,0.465170474980948,0.0
0.065,1.4641939792024488,0.045916980812833685,0.4649137783022137,0.0
0.06525,1.4639257942084942,0.0462512997341733,0.46465624420068985,0.0
0.0655,1.4636566579245525,0.046586701293783506,0.4643978738800143,0.0
0.06575,1.4633865709294458,0.046923183955392744,0.4641386686954052,0.0
0.066,1.4631155338380264,0.047260745825859374,0.4638786300285107,0.0
0.06625,1.4628435472079175,0.047599385591887255,0.4636177592242341,0.0
0.0665,1.4625706115069637,0.04793910206588947,0.46335605754400633,0.0
0.06675,1.4622967274178507,0.04827989329763227,0.46309352644107693,0.0
0.067,1.4620218954379922,0.04862175846570693,0.462830167222565,0.0
0.06725,1.461746116145095,0.04896469585474961,0.46256598124851034,0.0
0.0675,1.4614693899879434,0.04930870418884581,0.46230096976666024,0.0
0.06775,1.46119171760445,0.04965378184171243,0.4620351342040405,0.0
0.068,1.4609130996014255,0.04999992702453682,0.4617684759528451,0.0
0.06825,1.4606335364087784,0.05034713904161947,0.4615009962677721,0.0
0.0685,1.460353028703846,0.050695416104886704,0.4612326966156155,0.0
0.06875,1.4600715769764658,0.05104475658155394,0.46096357828284473,0.0
0.069,1.4597891818117361,0.05139515898592606,0.4606936426580923,0.0
0.06925,1.459505843775041,0.05174662225893201,0.4604228911273278,0.0
0.0695,1.4592215633750492,0.05209914467199894,0.4601513249982949,0.0
0.06975,1.4589363412420937,0.0524527248015616,0.4598789457129573,0.0
0.07,1.4586501778160788,0.05280736132464625,0.45960575452858143,0.0
0.07025,1.4583630737256197,0.05316305303451685,0.45933175289732797,0.0
0.0705,1.458075029490308,0.0535197981912674,0.459056942145027,0.0
0.07075,1.4577860457396419,0.05387759526401936,0.45878132371670244,0.0
0.071,1.457496122945976,0.05423644243606418,0.45850489889155743,0.0
0.07125,1.4572052618089177,0.05459633889695681,0.4582276692151155,0.0
0.0715,1.4569134627260656,0.05495728330736682,0.45794963591373117,0.0
0.07175,1.45662072633138,0.05531927343662346,0.457670800418158,0.0
0.072,1.4563270531210666,0.05568230880771807,0.4573911640896029,0.0
0.07225,1.4560324436947294,0.056046387414255605,0.45711072833667443,0.0
0.0725,1.4557368986034351,0.056411507710670605,0.4568294945386502,0.0
0.07275,1.4554404184625014,0.05677766847794885,0.45654746415353475,0.0
0.073,1.4551430037414939,0.05714486810003194,0.4562646384802411,0.0
0.07325,1.4548446550261165,0.057513105131043574,0.45598101894216825,0.0
0.0735,1.4545453728628779,0.057882378555959235,0.4556966069425674,0.0
0.07375,1.4542451577409654,0.05825268688073493,0.45541140381057565,0.0
0.074,1.453944010432652,0.05862402772889652,0.4551254111244645,0.0
0.07425,1.4536419312823483,0.058996400562442375,0.4548386301104326,0.0
0.0745,1.4533389209399168,0.05936980379786405,0.45455106226003594,0.0
0.07475,1.4530349799246682,0.05974423594649636,0.45426270894000154,0.0
0.075,1.4527301087320659,0.060119695485838065,0.45397357149364637,0.0
0.07525,1.4524243081013744,0.06049618102670706,0.4536836515152023,0.0
0.0755,1.4521175784080143,0.06087369087606476,0.45339295022455306,0.0
0.07575,1.4518099203051946,0.0612522240447575,0.4531014691503841,0.0
0.076,1.451501334258296,0.061631778852010655,0.4528092096067111,0.0
0.07625,1.4511918209887789,0.06201235365165303,0.45251617316646287,0.0
0.0765,1.4508813808654146,0.06239394732267556,0.4522223610743765,0.0
0.07675,1.4505700145692604,0.06277655846753305,0.4519277748774184,0.0
0.077,1.4502577226058673,0.06316018535506629,0.4516324159345724,0.0
0.07725,1.4499445055619145,0.06354482625559399,0.4513362856874483,0.0
0.0775,1.4496303640060884,0.06393048021008951,0.45103938559513845,0.0
0.07775,1.4493152983996325,0.0643171458529963,0.45074171699372156,0.0
0.078,1.4489993093953384,0.06470482173563141,0.4504432814088277,0.0
0.07825,1.4486823974835534,0.06509350617351117,0.45014408019501895,0.0
0.0785,1.4483645632807587,0.06548319745499498,0.4498441148331749,0.0
0.07875,1.4480458073210034,0.0658738947356099,0.4495433867627332,0.0
0.079,1.4477261300995181,0.06626559631096995,0.44924189734749786,0.0
0.07925,1.4474055322493804,0.06665830082407354,0.4489396481064576,0.0
0.0795,1.4470840143791666,0.06705200633510344,0.4486366405090294,0.0
0.07975,1.4467615769275728,0.06744671192612373,0.4483328759037415,0.0
0.08,1.4464382204736062,0.06784241598722218,0.44802835574923594,0.0
0.08025,1.4461139455673582,0.06823911740743682,0.4477230815003739,0.0
0.0805,1.4457887528308397,0.06863681396799137,0.4474170546334706,0.0
0.08075,1.4454626427586312,0.06903550499531974,0.4471102765721504,0.0
0.081,1.4451356159644693,0.06943518852691,0.4468027487998403,0.0
0.08125,1.4448076729170367,0.06983586365227268,0.4464944727070346,0.0
0.0815,1.4444788142713083,0.07023752827556251,0.4461854498151008,0.0
0.08175,1.444149040513775,0.07064018143606887,0.44587568153357404,0.0
0.082,1.4438183522091705,0.07104382139407761,0.4455651693141607,0.0
0.08225,1.4434867499345039,0.07144844691978847,0.44525391464743214,0.0
0.0825,1.4431542342502794,0.07185405637855524,0.44494191898932844,0.0
0.08275,1.4428208056231338,0.07226064893426809,0.4446291837434928,0.0
0.083,1.4424864647347295,0.07266822232129755,0.444315710458844,0.0
0.08325,1.4421512121323659,0.07307677505860255,0.44400150059057,0.0
0.0835,1.441815048334334,0.07348630619272711,0.44368655559341863,0.0
0.08375,1.4414779738072703,0.0738968145085721,0.44337087685945353,0.0
0.084,1.4411399892548271,0.0743082979653309,0.4430544659769109,0.0
0.08425,1.4408010952278385,0.07472075510558795,0.4427373244126209,0.0
0.0845,1.4404612921385933,0.07513418499969049,0.4424194535242352,0.0
0.08475,1.4401205806656368,0.07554858572027712,0.44210085488535245,0.0
0.085,1.4397789613040146,0.0759639561376062,0.4417815299294632,0.0
0.08525,1.4394364346858737,0.07638029443254624,0.4414614801925101,0.0
0.0855,1.4390930012858476,0.0767975998266408,0.4411407071098372,0.0
0.08575,1.4387486617592842,0.07721587001464769,0.440819212217914,0.0
0.086,1.4384034165330704,0.07763510413572305,0.4404969969035597,0.0
0.08625,1.4380572662718514,0.0780553004733946,0.44017406274702164,0.0
0.0865,1.4377102114099536,0.07847645818448967,0.4398504111475037,0.0
0.08675,1.437362252609093,0.07889857525945132,0.439526043669741,0.0
0.087,1.4370133903563627,0.07932165017279402,0.43920096173176004,0.0
0.08725,1.4366636253168288,0.07974568169025531,0.438875166946993,0.0
0.0875,1.4363129579004532,0.08017066837077635,0.43854866066454834,0.0
0.08775,1.4359613887884333,0.08059660867548502,0.43822144450053147,0.0
0.088,1.4356089184148626,0.0810235014456211,0.43789351984728,0.0
0.08825,1.4352555475631732,0.08145134445999958,0.43756488838772256,0.0
0.0885,1.4349012765598754,0.08188013687172457,0.43723555142756365,0.0
0.08875,1.434546106026053,0.08230987744969553,0.43690551054698634,0.0
0.089,1.4341900364946394,0.08274056426674292,0.4365747671999791,0.0
0.08925,1.4338330685306495,0.08317219662158237,0.4362433229445759,0.0
0.0895,1.4334752027547015,0.08360477224393037,0.4359111793055279,0.0
0.08975,1.4331164396760183,0.08403828991087181,0.4355783377582745,0.0
0.09,1.432756779852408,0.08447274822895423,0.4352447998186211,0.0
0.09025,1.4323962238247088,0.08490814581663386,0.4349105669878188,0.0
0.0905,1.4320347722045188,0.08534448113038451,0.4345756408298109,0.0
0.09075,1.431672425493577,0.08578175276969091,0.43424002280891005,0.0
0.091,1.4313091842990193,0.08621995916183067,0.43390371448594545,0.0
0.09125,1.4309450491250004,0.08665909908518898,0.43356671734161245,0.0
0.0915,1.4305800205449977,0.08709917087722374,0.4332290329008919,0.0
0.09175,1.430214099121791,0.08754017346676335,0.4328906627155287,0.0
0.092,1.4298472853197417,0.08798210520837557,0.4325516082058378,0.0
0.09225,1.4294795798442674,0.08842496456262694,0.43221187104061,0.0
0.0925,1.4291109831669804,0.08886875005070749,0.4318714526604921,0.0
0.09275,1.4287414958640063,0.08931346041827481,0.43153035462598743,0.0
0.093,1.4283711184948267,0.08975909401524262,0.4311885784579892,0.0
0.09325,1.4279998515456516,0.0902056496168342,0.4308461256323819,0.0
0.0935,1.427627695760906,0.090653125337532,0.4305029978427364,0.0
0.09375,1.4272546515445566,0.09110151998045524,0.43015919648769274,0.0
0.094,1.4268807195222895,0.09155083232119665,0.4298147231872913,0.0
0.09425,1.4265059001364726,0.09200106078573356,0.4294695793579757,0.0
0.0945,1.4261301940383166,0.09245220384225661,0.4291237666287189,0.0
0.09475,1.4257536017155648,0.09290426021931353,0.42877728648372737,0.0
0.095,1.4253761237838152,0.0933572286205262,0.42843014053494377,0.0
0.09525,1.4249977608704718,0.0938111066565952,0.4280823303360326,0.0
0.0955,1.424618513346866,0.09426589404801433,0.4277338573247138,0.0
0.09575,1.424238381947287,0.09472158851185242,0.42738472317102905,0.0
0.096,1.4238573671297718,0.0951781889864236,0.427034929351227,0.0
0.09625,1.4234754694812768,0.09563569408572192,0.42668447745049765,0.0
0.0965,1.4230926895820204,0.09609410204677715,0.42633336902351315,0.0
0.09675,1.4227090278765093,0.0965534119492446,0.4259816055476884,0.0
0.097,1.4223244849815018,0.09701362208408426,0.4256291886208585,0.0
0.09725,1.4219390614864214,0.09747473087467284,0.42527611982379576,0.0
0.0975,1.4215527579659977,0.0979367367962638,0.42492240072750453,0.0
0.09775,1.421165575014534,0.0983996383869794,0.4245680329282555,0.0
0.098,1.4207775130530145,0.0988634342578294,0.4242130178559529,0.0
0.09825,1.420388572738272,0.0993281233067762,0.4238573571973814,0.0
0.0985,1.4199987545119797,0.09979370407155841,0.4235010524014007,0.0
0.09875,1.4196080590944788,0.10026017439943047,0.4231441051476823,0.0
0.099,1.4192164869165165,0.10072753357776065,0.42278651692947866,0.0
0.09925,1.4188240384800164,0.10119578025792464,0.4224282892683038,0.0
0.0995,1.418430714506158,0.10166491243296605,0.4220694238589242,0.0
0.09975,1.4180365154811518,0.1021349288115303,0.42170992221383297,0.0
0.1,1.4176414418918135,0.10260582824750486,0.4213497858583075,0.0
0.10025,1.4172454944072506,0.10307760909805808,0.4209890164653012,0.0
0.1005,1.416848673539338,0.10355026964708713,0.42062761554679273,0.0
0.10075,1.4164509798334688,0.10402380871035888,0.42026558468823105,0.0
0.101,1.4160524139115171,0.10449822460263647,0.4199029255162967,0.0
0.10125,1.4156529761854468,0.10497351647517661,0.419539639511302,0.0
0.1015,1.41525266730177,0.10544968251591058,0.4191757283181956,0.0
0.10175,1.4148514877783125,0.10592672116030144,0.41881119347299944,0.0
0.102,1.414449438224441,0.10640463139483103,0.41844603664563373,0.0
0.10225,1.414046519149844,0.10688341122072842,0.4180802593344177,0.0
0.1025,1.4136427312020121,0.10736305911380839,0.4177138632116706,0.0
0.10275,1.4132380748923072,0.10784357402150135,0.4173468498511739,0.0
0.103,1.4128325507426922,0.1083249544860081,0.4169792208083003,0.0
0.10325,1.4124261593435659,0.1088071987200081,0.41661097768276223,0.0
0.1035,1.4120189012577562,0.10929030551118046,0.41624212209208356,0.0
0.10375,1.4116107768887645,0.10977427383019744,0.41587265551088604,0.0
0.104,1.4112017869805058,0.11025910162119601,0.4155025796752496,0.0
0.10425,1.4107919320850222,0.11074478757553408,0.4151318961889525,0.0
0.1045,1.4103812126300834,0.11123133062687174,0.41476060655254643,0.0
0.10475,1.4099696291876782,0.11171872906989222,0.4143887123618566,0.0
0.105,1.4095571824224518,0.11220698140886753,0.4140162153227278,0.0
0.10525,1.4091438728383743,0.1126960860720061,0.41364311697609213,0.0
0.1055,1.4087297010076192,0.11318604175902891,0.41326941895382885,0.0
0.10575,1.408314667475162,0.11367684701976088,0.41289512285025265,0.0
0.106,1.407898772720845,0.11416850036852111,0.41252023019327355,0.0
0.10625,1.4074820173568234,0.11466100070214935,0.41214474267507417,0.0
0.1065,1.4070644019487624,0.11515434628260124,0.411768661891601,0.0
0.10675,1.406645927057399,0.11564853536997077,0.4113919894346818,0.0
0.107,1.4062265932178057,0.11614356708779638,0.41101472694257657,0.0
0.10725,1.4058064009808167,0.11663943980143188,0.4106368760087866,0.0
0.1075,1.405385351064032,0.11713615166124924,0.410258438376236,0.0
0.10775,1.4049634437325,0.11763370165986231,0.40987941540788775,0.0
0.108,1.4045406797517082,0.11813208830303523,0.40949980892663707,0.0
0.10825,1.4041170596848094,0.11863130972439961,0.40911962052369444,0.0
0.1085,1.4036925839279135,0.11913136499282473,0.408738851703635,0.0
0.10875,1.403267253198063,0.11963225243199815,0.40835750422965766,0.0
0.109,1.402841068027401,0.120133970482037,0.40797557969165,0.0
0.10925,1.4024140288710356,0.12063651806544584,0.40759307964526603,0.0
0.1095,1.4019861363264319,0.12113989375214373,0.4072100057595516,0.0
0.10975,1.401557390918434,0.12164409583179037,0.40682635960832836,0.0
0.11,1.4011277932838873,0.12214912304408898,0.40644214291701863,0.0
0.11025,1.4006973439927783,0.12265497356544586,0.40605735729690773,0.0
0.1105,1.4002660435376413,0.12316164608908053,0.40567200432815453,0.0
0.11075,1.3998338925596432,0.12366913896248377,0.4052860857100964,0.0
0.111,1.3994008914283942,0.12417745167518035,0.4048996029735099,0.0
0.11125,1.3989670409402954,0.12468658179416536,0.4045125579063933,0.0
0.1115,1.3985323414439907,0.1251965284016947,0.4041249519856298,0.0
0.11175,1.3980967935766468,0.12570728988952595,0.4037367869157915,0.0
0.112,1.397660397860042,0.12621886511414715,0.40334806432937165,0.0
0.11225,1.3972231549160945,0.1267312521604751,0.40295878589067846,0.0
0.1125,1.3967850653194898,0.12724444934011103,0.40256895323810715,0.0
0.11275,1.3963461295508122,0.12775845607935565,0.4021785680188219,0.0
0.113,1.3959063481927885,0.1282732704610723,0.4017876318614406,0.0
0.11325,1.3954657218325632,0.1287888907076038,0.40139614641234544,0.0
0.1135,1.395024251031849,0.1293053154872439,0.4010041133345137,0.0
0.11375,1.3945819362638385,0.12982254397783066,0.4006115342514758,0.0
0.114,1.3941387781643062,0.13034057429980095,0.40021841085248777,0.0
0.11425,1.393694777222624,0.13085940492524628,0.3998247447144978,0.0
0.1145,1.393249934017474,0.13137903462455824,0.39943053753252666,0.0
0.11475,1.3928042490463177,0.13189946221201154,0.3990357909264848,0.0
0.115,1.392357722981565,0.1324206859251973,0.3986405066375376,0.0
0.11525,1.3919103563914845,0.1329427039959441,0.3982446863033746,0.0
0.1155,1.3914621497734903,0.13346551521156158,0.39784833154493215,0.0
0.11575,1.391013103633366,0.1339891179593451,0.3974514439547632,0.0
0.116,1.3905632186340835,0.1345135111268405,0.3970540253310366,0.0
0.11625,1.390112495234563,0.13503869321608875,0.3966560772333223,0.0
0.1165,1.3896609340031656,0.13556466303187875,0.39625760136068644,0.0
0.11675,1.389208535546329,0.13609141864052532,0.395858599379739,0.0
0.117,1.38875530042837,0.13661895886988162,0.39545907299016925,0.0
0.11725,1.3883012291861743,0.1371472817710142,0.39505902378968205,0.0
0.1175,1.3878463223884765,0.13767638634881507,0.39465845350224993,0.0
0.11775,1.3873905805090718,0.13820627127697094,0.3942573637265048,0.0
0.118,1.3869340041602118,0.13873693496694983,0.39385575617418267,0.0
0.11825,1.3864765938559067,0.1392683761247966,0.3934536324896909,0.0
0.1185,1.3860183503672694,0.13980059282501145,0.3930509945113392,0.0
0.11875,1.385559274007143,0.1403335836363908,0.3926478436716989,0.0
0.119,1.3850993653528612,0.1408673476478839,0.3922441817203792,0.0
0.11925,1.3846386250586082,0.14140188324548575,0.39184001041411465,0.0
0.1195,1.3841770535492728,0.1419371892758292,0.3914353313294401,0.0
0.11975,1.383714651510422,0.14247326371503988,0.3910301462147481,0.0
0.12,1.38325141946253,0.14301010519793067,0.39062445672216883,0.0
0.12025,1.3827873579688905,0.1435477123712232,0.39021826454898645,0.0
0.1205,1.3823224675942853,0.14408608357869923,0.3898115713639032,0.0
0.12075,1.3818567488258076,0.1446252178551859,0.3894043788311201,0.0
0.121,1.3813902023127618,0.14516511332428195,0.3889966886829299,0.0
0.12125,1.3809228285200632,0.1457057691612249,0.3885885025790454,0.0
0.1215,1.3804546280912984,0.14624718311264928,0.38817982220858904,0.0
0.12175,1.3799856014830159,0.14678935411706107,0.38777064920056037,0.0
0.122,1.3795157494011914,0.14733228065213666,0.38736098538487473,0.0
0.12225,1.3790450722129712,0.14787596150555515,0.38695083228861127,0.0
0.1225,1.378573570666127,0.14842039495991344,0.3865401917648157,0.0
0.12275,1.3781012451259915,0.14896557967271917,0.3861290653272651,0.0
0.123,1.377628096254746,0.14951151443927557,0.38571745480108666,0.0
0.12325,1.3771541245351138,0.1500581976982076,0.38530536179591457,0.0
0.1235,1.3766793306332286,0.15060562762778318,0.38489278807635974,0.0
0.12375,1.376203715094391,0.15115380288104774,0.38447973533923796,0.0
0.124,1.3757272784426107,0.15170272213725866,0.3840662052643893,0.0
0.12425,1.3752500211828327,0.1522523844104242,0.38365219955089924,0.0
0.1245,1.3747719438691934,0.15280278765490607,0.38323771983162436,0.0
0.12475,1.3742930472210109,0.1533539303327629,0.38282276795998604,0.0
0.125,1.373813331558102,0.15390581155488547,0.3824073454655612,0.0
0.12525,1.3733327976674339,0.15445842936917842,0.381991454225479,0.0
0.1255,1.372851445953808,0.15501178261371962,0.38157509582597227,0.0
0.12575,1.3723692768987394,0.15556587005443845,0.3811582719230129,0.0
0.126,1.3718862912066712,0.15612069006449047,0.38074098435115933,0.0
0.12625,1.3714024894386654,0.15667624080429476,0.38032323477913477,0.0
0.1265,1.37091787212203,0.15723252119710907,0.37990502492946754,0.0
0.12675,1.370432439856975,0.1577895292792988,0.3794863564974189,0.0
0.127,1.3699461930999082,0.15834726434047752,0.3790672311794825,0.0
0.12725,1.3694591323828806,0.1589057247593857,0.37864765064470984,0.0
0.1275,1.3689712583331595,0.159464909240576,0.37822761669521743,0.0
0.12775,1.3684825715684337,0.16002481570624383,0.3778071310340829,0.0
0.128,1.367993072526236,0.1605854431516036,0.3773861953105122,0.0
0.12825,1.3675027618575442,0.16114678997195853,0.3769648113173689,0.0
0.1285,1.3670116399820387,0.16170885502174315,0.37654298067253467,0.0
0.12875,1.3665197076319178,0.1622716367141095,0.3761207052538298,0.0
0.129,1.3660269652823729,0.1628351330015576,0.375697986630134,0.0
0.12925,1.3655334135626696,0.16339934313166538,0.3752748266771906,0.0
0.1295,1.3650390528936516,0.1639642656559417,0.37485122698308326,0.0
0.12975,1.364543883841959,0.16452989885009828,0.3744271892487143,0.0
0.13,1.3640479070335108,0.16509624149028923,0.37400271529452267,0.0
0.13025,1.3635511230087722,0.1656632920707395,0.373577806823552,0.0
0.1305,1.3630535323299213,0.16623104892704532,0.3731524655421412,0.0
0.13075,1.362555135594656,0.16679951064344323,0.3727266932227491,0.0
0.131,1.3620559332247026,0.16736867634254082,0.3723004915299235,0.0
0.13125,1.3615559259059538,0.16793854391138296,0.3718738622412392,0.0
0.1315,1.361055114167856,0.16850911193234452,0.3714468070642416,0.0
0.13175,1.3605534985558982,0.16908037911723284,0.3710193277394458,0.0
0.132,1.3600510795713063,0.1696523444767024,0.37059142600175266,0.0
0.13225,1.3595478578263762,0.17022500590282164,0.3701631035591726,0.0
0.1325,1.3590438337806336,0.17079836249532576,0.3697343621185267,0.0
0.13275,1.3585390081926363,0.17137241211243293,0.36930520352997465,0.0
0.133,1.3580333814965702,0.17194715404486516,0.36887562950150343,0.0
0.13325,1.357526954241921,0.1725225861194133,0.36844564167330995,0.0
0.1335,1.357019726930103,0.1730987078291335,0.3680152418484113,0.0
0.13375,1.3565117001778741,0.17367551711276974,0.3675844317495922,0.0
0.134,1.3560028746264017,0.1742530120680641,0.3671532131439612,0.0
0.13425,1.3554932506892303,0.17483119240119294,0.3667215877787544,0.0
0.1345,1.3549828290681987,0.17541005553800204,0.36628955739751756,0.0
0.13475,1.3544716101326362,0.17598960099608973,0.3658571236824366,0.0
0.135,1.3539595945879164,0.17656982665580756,0.36542428844002073,0.0
0.13525,1.3534467829841752,0.17715073107628854,0.36499105341063554,0.0
0.1355,1.3529331758019971,0.1777323131670201,0.36455742031230676,0.0
0.13575,1.3524187735599984,0.17831457183432775,0.36412339090200696,0.0
0.136,1.3519035769285423,0.17889750442874686,0.36368896688468544,0.0
0.13625,1.3513875864241065,0.17948111074478135,0.36325415013318496,0.0
0.1365,1.3508708026940859,0.1800653883382708,0.3628189423576327,0.0
0.13675,1.350353226052487,0.18065033695611277,0.36238334522729554,0.0
0.137,1.3498348572792551,0.18123595362823153,0.3619473605149508,0.0
0.13725,1.34931569677566,0.1818222382521597,0.3615109899990563,0.0
0.1375,1.3487957453422883,0.18240918847485688,0.3610742355556933,0.0
0.13775,1.348275003332386,0.18299680303026378,0.36063709876301786,0.0
0.138,1.3477534711944568,0.18358508131100848,0.3601995813838046,0.0
0.13825,1.347231149816679,0.18417402053540144,0.3597616853245076,0.0
0.1385,1.3467080394946933,0.1847636201834817,0.35932341221026065,0.0
0.13875,1.3461841407841693,0.1853538788742526,0.35888476380911105,0.0
0.139,1.3456594544124698,0.18594479436774947,0.358445741942655,0.0
0.13925,1.345133980804901,0.18653636564319953,0.358006348300115,0.0
0.1395,1.3446077205209441,0.18712859191619202,0.35756658473795166,0.0
0.13975,1.3440806741168263,0.18772147114667348,0.3571264529379028,0.0
0.14,1.3435528421763898,0.1883150017388573,0.35668595467048325,0.0
0.14025,1.3430242253261113,0.18890918204564144,0.3562450917418851,0.0
0.1405,1.3424948240176118,0.18950401130362593,0.35580386590916735,0.0
0.14075,1.341964638865278,0.19009948748726657,0.35536227891576555,0.0
0.141,1.3414336704211074,0.19069560924123152,0.35492033253742594,0.0
0.14125,1.3409019192285871,0.1912923756252738,0.3544780286011542,0.0
0.1415,1.3403693857892236,0.19188978456195827,0.35403536873311237,0.0
0.14175,1.339836070697693,0.19248783514599666,0.3535923548180324,0.0
0.142,1.3393019745839112,0.19308652542994764,0.3531489886287369,0.0
0.14225,1.3387670979161435,0.19368585436960473,0.352705271907261,0.0
0.1425,1.3382314412010086,0.19428582056928434,0.35226120638477565,0.0
0.14275,1.337695005090275,0.19488642211037188,0.35181679386167297,0.0
0.143,1.33715779018973,0.19548765759662246,0.3513720361683146,0.0
0.14325,1.3366197968614966,0.19608952649598876,0.35092693502035455,0.0
0.1435,1.3360810258845444,0.1966920261007914,0.35048149223168945,0.0
0.14375,1.3355414777017067,0.19729515544344878,0.35003570953627494,0.0
0.144,1.3350011528050523,0.1978989135978395,0.34958958872466983,0.0
0.14425,1.3344600519464453,0.19850329819902868,0.349143131634595,0.0
0.1445,1.3339181755205995,0.19910830848454708,0.34869633998605587,0.0
0.14475,1.3333755241510623,0.19971394262206843,0.3482492155691288,0.0
0.145,1.3328320982539346,0.20032019969272596,0.34780176010454866,0.0
0.14525,1.3322878986277118,0.2009270777620955,0.3473539755416388,0.0
0.1455,1.331742925621965,0.201534575349136,0.34690586345345875,0.0
0.14575,1.3311971798715856,0.2021426914524156,0.3464574257679629,0.0
0.146,1.330650661967482,0.20275142411407643,0.34600866422723464,0.0
0.14625,1.330103372375131,0.20336077251604934,0.3455595806213936,0.0
0.1465,1.3295553117725198,0.20397073431961132,0.3451101767221165,0.0
0.14675,1.3290064805933248,0.20458130914074957,0.34466045435596815,0.0
0.147,1.3284568794244098,0.205192494551099,0.34421041519181195,0.0
0.14725,1.3279065089977404,0.205804289475779,0.34376006124798786,0.0
0.1475,1.3273553696687461,0.20641669253974726,0.34330939412612693,0.0
0.14775,1.3268034618551088,0.2070297028139123,0.3428584155591079,0.0
0.148,1.3262507864319417,0.20764331795658109,0.3424071275151075,0.0
0.14825,1.325697343861279,0.2082575370040729,0.34195553176692584,0.0
0.1485,1.325143134623893,0.2088723582901224,0.3415036299982621,0.0
0.14875,1.3245881592676412,0.20948778063235807,0.3410514240350029,0.0
0.149,1.3240324183999839,0.21010380239817295,0.34059891569263945,0.0
0.14925,1.323475912621456,0.2107204222004384,0.34014610681877766,0.0
0.1495,1.3229186424480215,0.21133763834295394,0.3396929991296116,0.0
0.14975,1.3223606083620787,0.2119554497180971,0.33923959440158713,0.0
0.15,1.321801811007166,0.21257385473622747,0.3387858944951738,0.0
0.15025,1.3212422509449038,0.21319285190588744,0.33833190120602064,0.0
0.1505,1.320681928672288,0.21381244016242107,0.3378776163348287,0.0
0.15075,1.320120844730715,0.21443261776126832,0.3374230416186519,0.0
0.151,1.3195589997591206,0.21505338304844202,0.33696817890549324,0.0
0.15125,1.3189963942586385,0.21567473492004297,0.3365130299963859,0.0
0.1515,1.318433028788565,0.21629667177675316,0.33605759667100044,0.0
0.15175,1.3178689039886713,0.2169191919251645,0.3356018807735215,0.0
0.152,1.3173040202702708,0.21754229455743257,0.3351458840671797,0.0
0.15225,1.3167383783292514,0.2181659774213145,0.3346896083619384,0.0
0.1525,1.3161719786810195,0.2187902395094241,0.3342330554928181,0.0
0.15275,1.3156048218056497,0.2194150794015357,0.33377622719369904,0.0
0.153,1.3150369082775466,0.22004049592271002,0.33331912533274677,0.0
0.15325,1.3144682387332747,0.22066648686291757,0.3328617516693093,0.0
0.1535,1.3138988136438883,0.22129305187551296,0.3324041081080453,0.0
0.15375,1.3133286336530183,0.22192018826026327,0.3319461963346624,0.0
0.154,1.3127576992363217,0.22254789540923525,0.3314880182169575,0.0
0.15425,1.3121860109382641,0.22317617189644068,0.3310295755558641,0.0
0.1545,1.3116135693180464,0.22380501598457414,0.33057087011518527,0.0
0.15475,1.311040375039246,0.22443442628167531,0.3301119038199123,0.0
0.155,1.3104664285830978,0.2250644009717746,0.32965267834428214,0.0
0.15525,1.3098917305315858,0.22569493921635342,0.32919319562767324,0.0
0.1555,1.3093162814208057,0.2263260394361737,0.32873345744000537,0.0
0.15575,1.3087400817743937,0.22695769984651548,0.3282734655041739,0.0
0.156,1.308163132135327,0.2275899193983406,0.32781322168814553,0.0
0.15625,1.307585433186894,0.22822269634095704,0.3273527278789514,0.0
0.1565,1.3070069853095827,0.22885602967906493,0.326891985795569,0.0
0.15675,1.3064277892308969,0.22948991734750734,0.32643099731531233,0.0
0.157,1.305847845442809,0.23012435812727006,0.3259697642296051,0.0
0.15725,1.305267154446689,0.2307593507539636,0.3255082883323466,0.0
0.1575,1.3046857168450217,0.23139489365486554,0.32504657146417104,0.0
0.15775,1.3041035332095152,0.23203098526320787,0.32458461543676265,0.0
0.158,1.3035206040804503,0.23266762438471034,0.32412242209664544,0.0
0.15825,1.3029369300053144,0.2333048093004777,0.3236599932061126,0.0
0.1585,1.3023525115066725,0.23394253903530426,0.3231973306344078,0.0
0.15875,1.3017673491658588,0.2345808119093462,0.3227344361852664,0.0
0.159,1.301181443530405,0.23521962642650607,0.3222713116619045,0.0
0.15925,1.3005947952156767,0.2358589807590974,0.32180795887558045,0.0
0.1595,1.3000074047295485,0.2364988741664149,0.3213443797260567,0.0
0.15975,1.2994192726589322,0.2371393045174628,0.32088057594337194,0.0
0.16,1.2988303995080308,0.2377802710194672,0.3204165494162372,0.0
0.16025,1.2982407858652891,0.2384217718475341,0.3199523019317938,0.0
0.1605,1.297650432313807,0.23906380545590622,0.3194878353222017,0.0
0.16075,1.2970593393211516,0.23970637060752864,0.31902315136242243,0.0
0.161,1.2964675075866978,0.2403494659173262,0.31855825202939303,0.0
0.16125,1.2958749375072056,0.24099308982150092,0.31809313897046665,0.0
0.1615,1.2952816298263574,0.2416372405262166,0.3176278141321811,0.0
0.16175,1.2946875848879582,0.24228191728983717,0.31716227926123586,0.0
0.162,1.294092803325924,0.24292711836650227,0.3166965362063505,0.0
0.16225,1.2934972857228413,0.24357284232259957,0.31623058682339833,0.0
0.1625,1.2929010326375412,0.24421908751826749,0.3157644329071505,0.0
0.16275,1.292304044676694,0.2448658525301184,0.31529807633974904,0.0
0.163,1.291706322282808,0.2455131361261209,0.3148315188783164,0.0
0.16325,1.2911078660676214,0.24616093686168483,0.3143647624074184,0.0
0.1635,1.2905086765640679,0.24680925341849047,0.3138978087584037,0.0
0.16375,1.2899087543748209,0.24745808375722333,0.3134306596960492,0.0
0.164,1.2893080999910183,0.2481074269512149,0.31296331708498304,0.0
0.16425,1.2887067140222594,0.24875728146400178,0.31249578279223833,0.0
0.1645,1.2881045970237484,0.24940764595309162,0.31202805866855443,0.0
0.16475,1.2875017495110317,0.25005851860623807,0.3115601464368738,0.0
0.165,1.2868981721223953,0.25070989796713405,0.3110920480083208,0.0
0.16525,1.2862938652897462,0.2513617831632189,0.3106237652038164,0.0
0.1655,1.2856888296968378,0.25201417230191225,0.31015529989701696,0.0
0.16575,1.2850830657867842,0.2526670638716766,0.3096866537983405,0.0
0.166,1.2844765741541657,0.2533204569584768,0.3092178288827545,0.0
0.16625,1.2838693554174174,0.2539743495151967,0.3087488269303633,0.0
0.1665,1.2832614100998025,0.25462874024825055,0.3082796497736042,0.0
0.16675,1.2826527387803761,0.25528362745045996,0.3078102992196785,0.0
0.167,1.282043341967663,0.25593901010774545,0.30734077714211394,0.0
0.16725,1.2814332201292782,0.25659488734643787,0.30687108540330876,0.0
0.1675,1.28082237399291,0.25725125651111824,0.3064012257715403,0.0
0.16775,1.2802108040132012,0.2579081167772017,0.3059312001065331,0.0
0.168,1.2795985107766903,0.258565466787509,0.30546101029366857,0.0
0.16825,1.2789854947904171,0.25922330498995905,0.3049906581022739,0.0
0.1685,1.2783717567053117,0.25988162988323893,0.3045201454529529,0.0
0.16875,1.2777572970305044,0.2605404398444193,0.30404947410327354,0.0
0.169,1.277142116328081,0.26119973354773407,0.3035786459222076,0.0
0.16925,1.2765262150923409,0.26185950983926887,0.3031076627474951,0.0
0.1695,1.2759095939395326,0.26251976716451964,0.30263652645665395,0.0
0.16975,1.2752922534428048,0.26318050339770593,0.302165238769603,0.0
0.17,1.274674194190883,0.2638417179375878,0.3016938017292832,0.0
0.17025,1.2740554166678386,0.26450340874504263,0.30122221698617135,0.0
0.1705,1.2734359214096749,0.2651655750155797,0.30075048649225966,0.0
0.17075,1.272815709153285,0.2658282145138742,0.30027861210550344,0.0
0.171,1.2721947801486095,0.26649132648397256,0.29980659550894573,0.0
0.17125,1.2715731351813115,0.2671549093139092,0.2993344387359833,0.0
0.1715,1.2709507747797222,0.26781896094448143,0.2988621434758032,0.0
0.17175,1.2703276994473942,0.2684834806855605,0.2983897116753287,0.0
0.172,1.2697039097393912,0.26914846693689753,0.29791714514524315,0.0
0.17225,1.269079406089297,0.26981391857953696,0.29744444567742767,0.0
0.1725,1.2684541893004866,0.27047983362939476,0.2969716152461239,0.0
0.17275,1.2678282598418757,0.27114621070882805,0.2964986556242297,0.0
0.173,1.2672016182108337,0.2718130482622243,0.29602556857561946,0.0
0.17325,1.2665742649973861,0.2724803451263611,0.29555235603731966,0.0
0.1735,1.2659462007952786,0.2731480998804514,0.2950790198965858,0.0
0.17375,1.2653174261142475,0.273816310610151,0.2946055618544743,0.0
0.174,1.264687941494758,0.27448497645740844,0.29413198386527495,0.0
0.17425,1.2640577475346007,0.2751540955861742,0.293658287732929,0.0
0.1745,1.2634268447592252,0.2758236672237544,0.29318447541679515,0.0
0.17475,1.2627952336982187,0.27649368899832893,0.2927105485400989,0.0
0.175,1.2621629149840086,0.27716415992947674,0.2922365091229788,0.0
0.17525,1.2615298891597568,0.2778350783682342,0.29176235895589997,0.0
0.1755,1.2608961566385428,0.278506443640282,0.2912880999122567,0.0
0.17575,1.260261718192222,0.2791782531651421,0.29081373380559894,0.0
0.176,1.2596265741800359,0.27985050624265284,0.29033926245185704,0.0
0.17625,1.2589907253356234,0.2805232012112029,0.28986468782539365,0.0
0.1765,1.258354172172858,0.28119633604244143,0.2893900116056942,0.0
0.17675,1.2577169151911072,0.2818699101779174,0.2889152357783431,0.0
0.177,1.257078954950968,0.28254392181114696,0.2884403621173319,0.0
0.17725,1.2564402920124795,0.28321836960856217,0.28796539249940145,0.0
0.1775,1.2558009269188517,0.2838932521954902,0.28749032877625114,0.0
0.17775,1.2551608603966091,0.2845685674816707,0.2870151728204786,0.0
0.178,1.2545200927771933,0.28524431470296463,0.28653992641194836,0.0
0.17825,1.2538786246817324,0.28592049230709904,0.28606459143967045,0.0
0.1785,1.2532364566367917,0.28659709887627116,0.2855891697302977,0.0
0.17875,1.2525935893137579,0.2872741325980428,0.2851136631636444,0.0
0.179,1.2519500231674137,0.28795159239417956,0.2846380735721761,0.0
0.17925,1.251305758752963,0.28862947686583595,0.28416240281522587,0.0
0.1795,1.2506607965919034,0.2893077845464802,0.28368665270426763,0.0
0.17975,1.2500151374373072,0.28998651352083726,0.2832108251750298,0.0
0.18,1.249368781732473,0.29066566240680203,0.2827349219811819,0.0
0.18025,1.248721729935438,0.2913452304259181,0.28225894502822024,0.0
0.1805,1.2480739826711904,0.29202521573748186,0.28178289614398033,0.0
0.18075,1.2474255405224568,0.2927056169184752,0.2813067772096458,0.0
0.181,1.2467764040532288,0.29338643245699103,0.28083059006792177,0.0
0.18125,1.2461265737598044,0.29406766074422563,0.2803543364732788,0.0
0.1815,1.2454760502594553,0.29474930065973126,0.2798780184100724,0.0
0.18175,1.2448248341262609,0.2954313503884691,0.27940163766106973,0.0
0.182,1.2441729257943148,0.296113809115532,0.2789251961035466,0.0
0.18225,1.2435203259132912,0.2967966748529349,0.27844869555381724,0.0
0.1825,1.242867035077774,0.2974799460634756,0.2779721378781874,0.0
0.18275,1.2422130537487739,0.29816362181043843,0.2774955249530122,0.0
0.183,1.2415583825101812,0.2988477004405752,0.27701885860777997,0.0
0.18325,1.2409030219237085,0.2995321805215738,0.27654214070174765,0.0
0.1835,1.240246972569759,0.3002170603615042,0.27606537305130074,0.0
0.18375,1.2395902349664354,0.3009023387489762,0.2755885575250141,0.0
0.184,1.2389328097226873,0.30158801421299586,0.27511169601893726,0.0
0.18425,1.2382746973011063,0.302274085336677,0.2746347902996651,0.0
0.1845,1.2376158984087393,0.30296055016179224,0.27415784224263473,0.0
0.18475,1.2369564134679631,0.3036474080612592,0.2736808537627655,0.0
0.185,1.2362962430456985,0.3043346573944774,0.2732038266751804,0.0
0.18525,1.2356353877203947,0.3050222966538101,0.2727267628375287,0.0
0.1855,1.2349738481099735,0.30571032407573995,0.27224966408407814,0.0
0.18575,1.234311624652758,0.306398738426374,0.27177253220149566,0.0
0.186,1.2336487180576086,0.30708753797696176,0.2712953691199904,0.0
0.18625,1.2329851287574556,0.3077767217628917,0.27081817668624475,0.0
0.1865,1.2323208573535762,0.30846628798289544,0.27034095670831615,0.0
0.18675,1.2316559044468303,0.30915623539749504,0.2698637111296198,0.0
0.187,1.2309902704416018,0.30984656267870747,0.2693864416818459,0.0
0.18725,1.2303239561215555,0.31053726768605117,0.26890915026589424,0.0
0.1875,1.2296569618175273,0.3112283498616222,0.2684318387299729,0.0
0.18775,1.228989288168405,0.3119198076208036,0.2679545089706026,0.0
0.188,1.2283209357798839,0.31261163892502,0.2674771627396513,0.0
0.18825,1.2276519051549108,0.3133038429926529,0.2669998019985824,0.0
0.1885,1.2269821968672403,0.3139964176941987,0.26652242844489304,0.0
0.18875,1.2263118115286105,0.31468936218313104,0.2660450441298714,0.0
0.189,1.225640749567674,0.31538267481550974,0.2655676507301359,0.0
0.18925,1.2249690115900336,0.31607635450156124,0.2650902502315242,0.0
0.1895,1.2242965981777179,0.3167703991729667,0.26461284435266297,0.0
0.18975,1.223623509950695,0.31746480725700366,0.26413543497157965,0.0
0.19,1.2229497473616533,0.3181595780347166,0.26365802401882465,0.0
0.19025,1.22227531103721,0.3188547094173373,0.2631806132492387,0.0
0.1905,1.2216002015152263,0.31955020020480873,0.26270320455480545,0.0
0.19075,1.2209244192472308,0.3202460492761361,0.26222579976451166,0.0
0.191,1.2202479649141402,0.32094225504742724,0.2617484008121542,0.0
0.19125,1.2195708390191822,0.3216388157244765,0.26127100940543135,0.0
0.1915,1.2188930421168624,0.3223357301702876,0.2607936274685527,0.0
0.19175,1.218214574763408,0.32303299701595023,0.2603162568685282,0.0
0.192,1.217535437599011,0.323730614358098,0.25983889941614624,0.0
0.19225,1.216855631047256,0.3244285810379708,0.2593615569032297,0.0
0.1925,1.216175155776881,0.3251268956091167,0.2588842312847286,0.0
0.19275,1.2154940122483389,0.32582555670690994,0.2584069243352616,0.0
0.193,1.2148122011349702,0.3265245626862878,0.25792963796226,0.0
0.19325,1.2141297229068986,0.32722391211530777,0.25745237393152554,0.0
0.1935,1.2134465780124906,0.3279236042638587,0.2569751341707691,0.0
0.19375,1.212762767203703,0.3286236366716011,0.2564979204498714,0.0
0.194,1.2120782909725119,0.3293240082063704,0.2560207346329737,0.0
0.19425,1.211393149876585,0.33002471766793207,0.2555435786302731,0.0
0.1945,1.2107073444019,0.33072576364814665,0.25506645422836116,0.0
0.19475,1.2100208751828827,0.33142714428976205,0.2545893632381937,0.0
0.195,1.2093337428119781,0.3321288584358797,0.2541123076142535,0.0
0.19525,1.2086459477825553,0.3328309041702937,0.25363528901431565,0.0
0.1955,1.2079574906518644,0.333533280569867,0.25315830942050055,0.0
0.19575,1.2072683719952408,0.3342359860635469,0.25268137066051666,0.0
0.196,1.2065785922665366,0.3349390195651054,0.25220447457399353,0.0
0.19625,1.2058881522827498,0.33564237871834024,0.2517276230105374,0.0
0.1965,1.2051970523110231,0.3363460627901702,0.25125081772346025,0.0
0.19675,1.2045052931014997,0.33705006994305364,0.25077406063531194,0.0
0.197,1.203812875126257,0.3377543992493912,0.2502973536451487,0.0
0.19725,1.2031197988729456,0.33845904906932134,0.24982069847517985,0.0
0.1975,1.2024260650130003,0.33916401766089876,0.24934409699591198,0.0
0.19775,1.201731674049693,0.3398693038530851,0.24886755107011194,0.0
0.198,1.2010366266006205,0.3405749059329395,0.24839106252304965,0.0
0.19825,1.200340923127584,0.34128082298178697,0.24791463324616325,0.0
0.1985,1.1996445642278637,0.3419870532695768,0.24743826503978528,0.0
0.19875,1.1989475504586622,0.34269359509359276,0.2469619596719852,0.0
0.199,1.198249882327902,0.3434004473707688,0.24648571903302408,0.0
0.19925,1.1975515605233813,0.3441076082788115,0.24600954498244088,0.0
0.1995,1.196852585497929,0.344815076711221,0.24553343935056304,0.0
0.19975,1.1961529578712806,0.3455228506855832,0.2450574038855018,0.0
0.2,1.1954526781348065,0.34623092970723235,0.2445814406239617,0.0
0.20025,1.1947517468113524,0.34693931180696325,0.24410555122379685,0.0
0.2005,1.194050164564496,0.34764799515132694,0.24362973751403882,0.0
0.20075,1.1933479318739835,0.34835697894661877,0.2431540014369613,0.0
0.201,1.1926450493316096,0.3490662615314051,0.2426783447999361,0.0
0.20125,1.1919415174730972,0.34977584136514395,0.24220276938942775,0.0
0.2015,1.1912373367575988,0.35048571735713097,0.24172727704463326,0.0
0.20175,1.1905325079830522,0.35119588729696716,0.24125186961338363,0.0
0.202,1.1898270315585844,0.35190635014007654,0.24077654889848032,0.0
0.20225,1.1891209080778484,0.35261710454303596,0.24030131679531874,0.0
0.2025,1.188414138070291,0.3533281488139153,0.23982617503810633,0.0
0.20275,1.1877067220700095,0.35403948180344,0.23935112551929172,0.0
0.203,1.1869986606861858,0.3547511019065297,0.23887617007298023,0.0
0.20325,1.1862899544362246,0.3554630076425127,0.2384013104799918,0.0
0.2035,1.185580603859199,0.3561751980123802,0.23792654867980811,0.0
0.20375,1.184870609522772,0.35688767105268937,0.23745188636175985,0.0
0.204,1.1841599719704785,0.35760042584160345,0.2369773254911427,0.0
0.20425,1.18344869178393,0.35831346014789034,0.23650286769107387,0.0
0.2045,1.1827367695538502,0.3590267731518111,0.23602851500055588,0.0
0.20475,1.1820242058340948,0.35974036264091325,0.23555426901886367,0.0
0.205,1.1813110011069696,0.3604542282767369,0.23508013182097987,0.0
0.20525,1.1805971559406956,0.3611683680740896,0.23460610508475943,0.0
0.2055,1.1798826709957808,0.36188278034903476,0.23413219066244495,0.0
0.20575,1.1791675467486726,0.3625974638386751,0.23365839035266256,0.0
0.206,1.1784517837262616,0.36331241724533214,0.2331847059918697,0.0
0.20625,1.177735382484542,0.36402763915900493,0.23271113941088784,0.0
0.2065,1.1770183436088448,0.36474312800473996,0.23223769241911718,0.0
0.20675,1.1763006677413603,0.36545888204932453,0.23176436683219248,0.0
0.207,1.1755823552779656,0.3661749004832444,0.2312911645036697,0.0
0.20725,1.1748634068316068,0.36689118113199015,0.2308180870885821,0.0
0.2075,1.174143823040012,0.36760772328219105,0.23034513669934564,0.0
0.20775,1.1734236044313722,0.36832452487389133,0.2298723149417956,0.0
0.208,1.1727027514530786,0.36904158484354355,0.2293996236413347,0.0
0.20825,1.1719812647893022,0.3697589014482716,0.22892706464515822,0.0
0.2085,1.1712591449285323,0.37047647368292047,0.2284546398346372,0.0
0.20875,1.1705363924255074,0.37119429975681584,0.22798235091733887,0.0
0.209,1.1698130078533318,0.3719123780360505,0.2275101996640556,0.0
0.20925,1.1690889917629317,0.3726307075682911,0.22703818803006826,0.0
0.2095,1.1683643447245746,0.37334928673394785,0.22656631778654024,0.0
0.20975,1.1676390673036003,0.37406811362090764,0.22609459060935655,0.0
0.21,1.1669131599948663,0.37478718796417354,0.22562300860880424,0.0
0.21025,1.1661866234484197,0.3755065067008658,0.22515157318787038,0.0
0.2105,1.1654594581089075,0.3762260697275863,0.22468028645772486,0.0
0.21075,1.164731664666732,0.37694587477461283,0.2242091500993344,0.0
0.211,1.164003243516607,0.3776659212282496,0.2237381660201514,0.0
0.21125,1.1632741953137877,0.3783862068394157,0.2232673358711339,0.0
0.2115,1.1625445206098988,0.37910673081514545,0.22279666165288758,0.0
0.21175,1.1618142199451729,0.3798274909814907,0.22232614492700153,0.0
0.212,1.161083293879324,0.3805484862518398,0.22185578760925284,0.0
0.21225,1.1603517429879204,0.3812697154622313,0.22138559160641647,0.0
0.2125,1.1596195677766055,0.38199117678757943,0.22091555855184386,0.0
0.21275,1.1588867689298308,0.3827128684872392,0.22044569027316974,0.0
0.213,1.158153346935805,0.38343478961910193,0.21997598866078194,0.0
0.21325,1.1574193022666055,0.384156938700265,0.2195064554199273,0.0
0.2135,1.1566846355208131,0.3848793143121725,0.2190370923951923,0.0
0.21375,1.1559493472327578,0.3856019150952221,0.2185679013879127,0.0
0.214,1.1552134380536945,0.3863247392550164,0.21809888417168066,0.0
0.21425,1.1544769084617919,0.38704778553981356,0.2176300425263702,0.0
0.2145,1.1537397590625567,0.3877710525278957,0.21716137829801285,0.0
0.21475,1.1530019902878514,0.3884945387822967,0.21669289316220475,0.0
0.215,1.1522636029241298,0.3892182424749606,0.21622458900442965,0.0
0.21525,1.151524597301437,0.3899421629498008,0.21575646765139833,0.0
0.2155,1.1507849740454112,0.39066629801983765,0.21528853071903153,0.0
0.21575,1.1500447337168822,0.39139064670447254,0.2148207801472939,0.0
0.216,1.1493038770649253,0.3921152068885192,0.21435321768820437,0.0
0.21625,1.1485624043553795,0.3928399777825433,0.21388584506237618,0.0
0.2165,1.1478203162471718,0.3935649578921172,0.21341866413467603,0.0
0.21675,1.147077613325541,0.3942901456755763,0.21295167668357107,0.0
0.217,1.1463342961303944,0.39501553966433534,0.21248488446704883,0.0
0.21725,1.1455903652279549,0.39574113835690383,0.2120182892560396,0.0
0.2175,1.1448458210792811,0.39646694045987374,0.21155189278887532,0.0
0.21775,1.1441006643471123,0.397192944590401,0.2110856969644621,0.0
0.218,1.1433548955700559,0.39791914886110646,0.21061970339754543,0.0
0.21825,1.1426085153412515,0.398645552195795,0.21015391401913397,0.0
0.2185,1.1418615240628078,0.3993721533157597,0.20968833051290736,0.0
0.21875,1.1411139224169897,0.4000989504286565,0.20922295465641905,0.0
0.219,1.140365711042966,0.4008259420275877,0.2087577882788727,0.0
0.21925,1.1396168903692967,0.40155312666126974,0.2082928330278333,0.0
0.2195,1.1388674609332412,0.4022805033504042,0.2078280908094423,0.0
0.21975,1.1381174234050224,0.4030080698812384,0.2073635632432711,0.0
0.22,1.1373667782125985,0.403735825634314,0.20689925225029748,0.0
0.22025,1.136615526010571,0.40446376870979606,0.20643515953706304,0.0
0.2205,1.135863667198585,0.40519189802925837,0.2059712868432526,0.0
0.22075,1.1351112025677885,0.4059202116744558,0.2055076359943664,0.0
0.221,1.1343581325656178,0.40664870817383303,0.2050442086401656,0.0
0.22125,1.1336044577163147,0.40737738632975606,0.20458100659406164,0.0
0.2215,1.1328501786513279,0.4081062445611394,0.2041180316398148,0.0
0.22175,1.1320952957805304,0.4088352816552927,0.20365528547610712,0.0
0.222,1.1313398098784262,0.40956449580610155,0.2031927699419822,0.0
0.22225,1.1305837213248537,0.41029388592064464,0.20273048674614436,0.0
0.2225,1.1298270306553508,0.411023450617364,0.20226843764480962,0.0
0.22275,1.1290697386025332,0.4117531881476211,0.20180662445242126,0.0
0.223,1.1283118455893835,0.4124830969048432,0.20134504873892545,0.0
0.22325,1.1275533521387473,0.41321317603190977,0.2008837124241898,0.0
0.2235,1.126794258948559,0.41394342367286896,0.20042261724837895,0.0
0.22375,1.1260345664626268,0.41467383838406136,0.1999617648528833,0.0
0.224,1.125274275305987,0.4154044186885386,0.19950115703628102,0.0
0.22425,1.124513385999439,0.41613516349931956,0.1990407956331297,0.0
0.2245,1.1237518990527189,0.41686607097049944,0.19858068220331915,0.0
0.22475,1.122989815089559,0.4175971399648901,0.198120818658009,0.0
0.225,1.1222271345577202,0.41832836928504946,0.19766120672180088,0.0
0.22525,1.12146385820507,0.4190597565334926,0.19720184797974283,0.0
0.2255,1.1206999864840643,0.41979130088991923,0.196742744288944,0.0
0.22575,1.1199355198577159,0.4205230009240566,0.19628389730245321,0.0
0.226,1.1191704590325582,0.4212548552366897,0.19582530891080885,0.0
0.22625,1.118404804575837,0.4219868617656317,0.19536698063863334,0.0
0.2265,1.117638556949819,0.422719019459052,0.19490891426639556,0.0
0.22675,1.116871716677025,0.42345132757271386,0.19445111173968876,0.0
0.227,1.1161042843987623,0.42418378385864486,0.19399357458150113,0.0
0.22725,1.1153362605320147,0.42491638734237824,0.1935363045545102,0.0
0.2275,1.1145676458767184,0.42564913581444586,0.19307930333853096,0.0
0.22775,1.1137984408224746,0.42638202867007635,0.19262257279970396,0.0
0.228,1.1130286460198882,0.42711506356088336,0.192166114424279,0.0
0.22825,1.112258261874599,0.42784823997769195,0.191709930125747,0.0
0.2285,1.1114872890408396,0.42858155589494373,0.19125402150535709,0.0
0.22875,1.1107157280345739,0.4293150104757899,0.1907983904604511,0.0
0.229,1.109943579437786,0.430048601796031,0.19034303855732548,0.0
0.22925,1.109170843903545,0.43078232813770256,0.18988796750006753,0.0
0.2295,1.1083975218174995,0.4315161885741361,0.18943317902802925,0.0
0.22975,1.1076236138765605,0.4322501812770838,0.18897867484284347,0.0
0.23,1.106849120538067,0.432984305246606,0.1885244567217701,0.0
0.23025,1.1060740424175695,0.43371855860740993,0.18807052626956122,0.0
0.2305,1.1052983800025338,0.4344529402200763,0.18761688523786768,0.0
0.23075,1.1045221338888442,0.43518744853977864,0.1871635353298755,0.0
0.231,1.103745304611806,0.43592208208361427,0.18671047821308195,0.0
0.23125,1.1029678928304865,0.4366568394453054,0.18625771569641936,0.0
0.2315,1.1021898989508507,0.4373917193625019,0.1858052494048812,0.0
0.23175,1.1014113235927265,0.4381267199974843,0.18535308094847247,0.0
0.232,1.1006321672908612,0.4388618401661972,0.18490121209721067,0.0
0.23225,1.099852430734357,0.4395970781785721,0.1844496445756616,0.0
0.2325,1.0990721143649758,0.4403324326261,0.1839983799807825,0.0
0.23275,1.0982912187703278,0.4410679021471253,0.18354742006075875,0.0
0.233,1.09750974448,0.4418034852801398,0.18309676647104123,0.0
0.23325,1.0967276919928945,0.4425391810181267,0.18264642100682638,0.0
0.2335,1.095945061932559,0.44327498740955207,0.18219638522425674,0.0
0.23375,1.0951618548426207,0.44401090316882375,0.18174666085211522,0.0
0.234,1.0943780712922315,0.4447469268379649,0.18129724957654858,0.0
0.23425,1.0935937118053527,0.4454830572589543,0.18084815315306035,0.0
0.2345,1.092808776957785,0.4462192922842476,0.1803993730100948,0.0
0.23475,1.0920232673676349,0.4469556309825222,0.1799509110718418,0.0
0.235,1.0912371834781087,0.4476920718692057,0.17950276889025463,0.0
0.23525,1.0904505258969923,0.4484286135445217,0.1790549481998236,0.0
0.2355,1.0896632952060372,0.44916525399445106,0.17860745047499993,0.0
0.23575,1.0888754920141448,0.4499019922601448,0.17816027761450748,0.0
0.236,1.088087116795391,0.4506388267685111,0.17771343115692062,0.0
0.23625,1.0872981701285056,0.4513757560245608,0.17726691276513007,0.0
0.2365,1.0865086524887726,0.4521127789786945,0.1768207241754396,0.0
0.23675,1.0857185645390715,0.4528498939819485,0.17637486706587024,0.0
0.237,1.0849279067839301,0.4535870994325819,0.1759293429837625,0.0
0.23725,1.0841366797518202,0.45432439396876134,0.17548415358880232,0.0
0.2375,1.083344884105248,0.45506177604305975,0.175039300590613,0.0
0.23775,1.082552520333726,0.4557992443436589,0.17459478562828323,0.0
0.238,1.0817595888818534,0.4565367976738699,0.17415061034270574,0.0
0.23825,1.0809660904631855,0.4572744341232493,0.1737067763432234,0.0
0.2385,1.080172025687462,0.45801215242015303,0.17326328538921598,0.0
0.23875,1.0793773949410745,0.45874995094574444,0.17282013889705317,0.0
0.239,1.0785821988453392,0.4594878287631161,0.17237733876405592,0.0
0.23925,1.077786437972522,0.46022578388744506,0.17193488643026167,0.0
0.2395,1.0769901128981907,0.4609638150363011,0.17149278361126852,0.0
0.23975,1.076193224187545,0.4617019204852184,0.17105103183717918,0.0
0.24,1.0753957723037821,0.4624400995323512,0.17060963294530374,0.0
0.24025,1.07459775780457,0.4631783503178468,0.17016858840159066,0.0
0.2405,1.073799181374918,0.4639166712622895,0.1697278998966072,0.0
0.24075,1.0730000434395741,0.46465506139418267,0.16928756912085574,0.0
0.241,1.072200344577686,0.4653935188415872,0.168847597547372,0.0
0.24125,1.0714000853730035,0.46613204232207295,0.16840798688498615,0.0
0.2415,1.0705992663615298,0.46687063012809205,0.16796873862704365,0.0
0.24175,1.0697978882194867,0.46760928089278764,0.16752985452875824,0.0
0.242,1.0689959514096543,0.4683479931405117,0.16709133610398164,0.0
0.24225,1.0681934564431135,0.46908676576457253,0.16665318505687576,0.0
0.2425,1.067390403938159,0.4698255971240002,0.16621540297330561,0.0
0.24275,1.066586794414615,0.4705644858158564,0.1657779914421036,0.0
0.243,1.0657826284489325,0.4713034301426404,0.16534095198260923,0.0
0.24325,1.0649779066077514,0.4720424289526548,0.1649042863231942,0.0
0.2435,1.0641726293315816,0.47278148095361416,0.16446799601843254,0.0
0.24375,1.0633667973512733,0.47352058421202514,0.16403208262556124,0.0
0.244,1.0625604111156104,0.4742597375823223,0.16359654776121957,0.0
0.24425,1.0617534712408414,0.4749989396840846,0.1631613930976994,0.0
0.2445,1.0609459782128035,0.47573818889027564,0.16272662008510075,0.0
0.24475,1.0601379326640643,0.47647748373622534,0.16229223037102036,0.0
0.245,1.0593293351391342,0.4772168226797078,0.16185822548830608,0.0
0.24525,1.0585201861112061,0.4779562046573673,0.16142460709913387,0.0
0.2455,1.057710486216612,0.4786956279925221,0.16099137676028286,0.0
0.24575,1.056900236023946,0.4794350913452803,0.16055853610265158,0.0
0.246,1.0560894359570732,0.4801745933725883,0.16012608662190653,0.0
0.24625,1.0552780866653428,0.4809141324541173,0.15969402990192338,0.0
0.2465,1.0544661887679325,0.48165370693848075,0.15926236748302536,0.0
0.24675,1.0536537427713686,0.48239331542683317,0.15883110090496166,0.0
0.247,1.0528407492431295,0.48313295659862376,0.15840023179320983,0.0
0.24725,1.0520272086874183,0.4838726292147584,0.15796976174762167,0.0
0.2475,1.0512131216616698,0.4846123316446693,0.15753969225066133,0.0
0.24775,1.0503984887112328,0.4853520627056156,0.15711002495849002,0.0
0.248,1.0495833106001982,0.4860918200125681,0.15668076121875685,0.0
0.24825,1.0487675875888272,0.48683160310935136,0.1562519027283411,0.0
0.2485,1.047951320361058,0.4875714105933966,0.15582345116999563,0.0
0.24875,1.0471345094626123,0.4883112405711927,0.15539540789103135,0.0
0.249,1.0463171555195938,0.48905109120166657,0.1549677743297233,0.0
0.24925,1.0454992590099828,0.48979096194532445,0.15454055233835295,0.0
0.2495,1.0446808205098126,0.49053085060218393,0.15411374315253568,0.0
0.24975,1.043861840560572,0.491270756279782,0.15368734852828037,0.0
0.25,1.0430423197299241,0.4920106773412414,0.1532613699267693,0.0
0.25025,1.0422222586018997,0.49275061227446315,0.1528358088739712,0.0
0.2505,1.0414016577157081,0.4934905596357879,0.1524106668816756,0.0
0.25075,1.0405805175438,0.4942305181373925,0.15198594546551591,0.0
0.251,1.0397588387476109,0.49497048609143945,0.15156164613770295,0.0
0.25125,1.0389366218918301,0.4957104619540331,0.15113777038141207,0.0
0.2515,1.0381138674368664,0.4964504451231946,0.15071431998899976,0.0
0.25175,1.0372905759976643,0.4971904329719621,0.15029129601697555,0.0
0.252,1.0364667481797785,0.4979304247363743,0.14986870031343602,0.0
0.25225,1.0356423844566347,0.4986704189000619,0.14944653428029753,0.0
0.2525,1.0348174855130097,0.49941041354235693,0.14902479933116153,0.0
0.25275,1.0339920516883385,0.5001504079952639,0.14860349710963727,0.0
0.253,1.0331660837588945,0.5008904001318797,0.14818262901594426,0.0
0.25325,1.032339582070529,0.5016303893729201,0.1477621967341416,0.0
0.2535,1.0315125473028584,0.5023703736236484,0.1473422015850352,0.0
0.25375,1.0306849800378188,0.5031103511577371,0.14692264495807228,0.0
0.254,1.0298568807347959,0.5038503212406127,0.14650352856459725,0.0
0.25425,1.0290282500479737,0.5045902821145205,0.146084853839892,0.0
0.2545,1.0281990884962937,0.5053302321022173,0.14566662212926929,0.0
0.25475,1.027369396608087,0.5060701698253212,0.14524883491488172,0.0
0.255,1.0265391750114112,0.5068100943852372,0.14483149397799222,0.0
0.25525,1.0257084240634615,0.5075500041930638,0.1444146005496123,0.0
0.2555,1.0248771445487854,0.5082898972665788,0.14399815606570843,0.0
0.25575,1.0240453369739573,0.5090297723153583,0.1435821620161497,0.0
0.256,1.0232130019156607,0.5097696276394785,0.1431666197685053,0.0
0.25625,1.0223801398291883,0.5105094624100843,0.14275153096698312,0.0
0.2565,1.021546751328092,0.5112492750890425,0.142336897078988,0.0
0.25675,1.0207128369100182,0.5119890643489171,0.14192271955933045,0.0
0.257,1.0198783972140433,0.512728827939327,0.14150899957202356,0.0
0.25725,1.0190434327182878,0.5134685657033131,0.1410957390734966,0.0
0.2575,1.018207944096602,0.5142082747453713,0.14068293896158557,0.0
0.25775,1.01737193183701,0.5149479544527367,0.1402706009911978,0.0
0.258,1.0165353964592434,0.5156876033077396,0.1398587265358069,0.0
0.25825,1.0156983385499334,0.516427219909481,0.13944731707812208,0.0
0.2585,1.0148607586958072,0.5171668024401441,0.13903637390857382,0.0
0.25875,1.0140226574040412,0.5179063497766663,0.13862589855832108,0.0
0.259,1.0131840352200765,0.5186458606821844,0.13821589253867006,0.0
0.25925,1.0123448928224619,0.5193853330431821,0.1378063570766772,0.0
0.2595,1.0115052305948442,0.5201247659837591,0.13739729369749654,0.0
0.25975,1.0106650492292548,0.5208641577898518,0.13698870381534745,0.0
0.26,1.0098243492080439,0.5216035070875407,0.13658058880990542,0.0
0.26025,1.0089831311280264,0.5223428125259559,0.13617295017019404,0.0
0.2605,1.0081413953656462,0.5230820731910768,0.13576578938778883,0.0
0.26075,1.007299142767888,0.5238212865980074,0.13535910764573234,0.0
0.261,1.0064563736807912,0.524560451879772,0.13495290642343338,0.0
0.26125,1.0056130887372934,0.5252995673952086,0.1345471870950774,0.0
0.2615,1.0047692885428567,0.5260386318351138,0.1341419511603814,0.0
0.26175,1.0039249735662565,0.5267776435503322,0.13373719983709176,0.0
0.262,1.003080144400263,0.5275166014269175,0.1333329346979455,0.0
0.26225,1.0022348015308538,0.5282555036966983,0.13292915691381268,0.0
0.2625,1.001388945675954,0.5289943489658526,0.13252586803119204,0.0
0.26275,1.000542577307268,0.5297331357676569,0.13212306934136153,0.0
0.263,0.9996956969639612,0.5304718629357268,0.13172076233263508,0.0
0.26325,0.998848305264838,0.53121052837961,0.13131894812726608,0.0
0.2635,0.9980004026707245,0.5319491312617046,0.13091762829173836,0.0
0.26375,0.9971519897427754,0.532687670402801,0.13051680431877677,0.0
0.264,0.9963030671562372,0.5334261433310203,0.13011647718893649,0.0
0.26425,0.9954536352887615,0.5341645494464373,0.12971664849860742,0.0
0.2645,0.9946036948506496,0.5349028869762265,0.12931731958119985,0.0
0.26475,0.993753246330435,0.5356411549100315,0.12891849193182714,0.0
0.265,0.9929022903208882,0.5363793510119663,0.12852016655285503,0.0
0.26525,0.9920508273281179,0.5371174744111542,0.12812234501414776,0.0
0.2655,0.9911988578862214,0.5378555236879166,0.1277250286468563,0.0
0.26575,0.9903463826717456,0.5385934970277759,0.12732821871521538,0.0
0.266,0.9894934021126005,0.539331393110551,0.12693191649670488,0.0
0.26625,0.9886399168170374,0.5400692106298308,0.12653612343072562,0.0
0.2665,0.9877859273828467,0.540806948390582,0.1261408409977518,0.0
0.26675,0.9869314342352418,0.541544604413005,0.12574607014658046,0.0
0.267,0.98607643806867,0.5422821775922699,0.12535181247839544,0.0
0.26725,0.9852209393990954,0.5430196661802853,0.12495806912479379,0.0
0.2675,0.9843649387961353,0.5437570688105637,0.12456484144426971,0.0
0.26775,0.9835084367554376,0.5444943844723795,0.1241721308994812,0.0
0.268,0.9826514338000809,0.5452316114630165,0.1237799386391949,0.0
0.26825,0.981793930672584,0.5459687479629736,0.12338826594271479,0.0
0.2685,0.980935927748833,0.5467057929172583,0.12299711413598557,0.0
0.26875,0.9800774256856162,0.5474427448498531,0.12260648458277035,0.0
0.269,0.9792184249464562,0.5481796021461918,0.12221637840648869,0.0
0.26925,0.9783589261735433,0.5489163634524346,0.12182679700981192,0.0
0.2695,0.9774989298787045,0.5496530273872153,0.12143774166466481,0.0
0.26975,0.976638436691438,0.5503895925115287,0.12104921371369892,0.0
0.27,0.9757774470438836,0.5511260573800314,0.12066121432069576,0.0
0.27025,0.9749159616073833,0.5518624202124656,0.12027374468904184,0.0
0.2705,0.9740539808231414,0.5525986802088028,0.11988680630049364,0.0
0.27075,0.9731915053547358,0.5533348351668153,0.11950040013557084,0.0
0.271,0.9723285356268221,0.5540708845315834,0.11911452777622866,0.0
0.27125,0.9714650723688543,0.5548068261788046,0.11872919029013529,0.0
0.2715,0.9706011159822427,0.5555426590373074,0.11834438897694532,0.0
0.27175,0.9697366670301406,0.5562783816054093,0.1179601250600395,0.0
0.272,0.9688717262577189,0.557013991849189,0.11757639965121869,0.0
0.27225,0.9680062940784264,0.5577494887237009,0.11719321406236549,0.0
0.2725,0.9671403711131621,0.5584848705018643,0.11681056944156354,0.0
0.27275,0.9662739577887649,0.5592201366003025,0.11642846733681278,0.0
0.273,0.9654070547330598,0.5599552850728742,0.11604690878538104,0.0
0.27325,0.9645396625331912,0.560690314254984,0.11566589492508683,0.0
0.2735,0.9636717817186984,0.5614252230436634,0.11528542712191747,0.0
0.27375,0.9628034128760756,0.5621600096473074,0.11490550644100761,0.0
0.274,0.9619345565150113,0.5628946726585156,0.1145261340700221,0.0
0.27425,0.9610652131963349,0.5636292111163996,0.11414731146281154,0.0
0.2745,0.9601953834452637,0.5643636232897862,0.11376903964977081,0.0
0.27475,0.9593250678666543,0.5650979075603999,0.11339131978226913,0.0
0.275,0.9584542670365401,0.5658320629076456,0.11301415328596476,0.0
0.27525,0.9575829814732568,0.5665660873295906,0.11263754103444357,0.0
0.2755,0.9567112117640413,0.5672999797619482,0.11226148443292194,0.0
0.27575,0.955838958433878,0.5680337384858234,0.11188598449577625,0.0
0.276,0.9549662220802322,0.568767361895766,0.11151104235273368,0.0
0.27625,0.954093003228321,0.5695008490251112,0.11113665939413564,0.0
0.2765,0.9532193025044808,0.570234198066828,0.11076283666318587,0.0
0.27675,0.9523451203027751,0.5709674082156724,0.11038957551349049,0.0
0.277,0.9514704573283446,0.5717004769497507,0.11001687667944116,0.0
0.27725,0.9505953140772547,0.5724334039713241,0.10964474185562278,0.0
0.2775,0.949719691123958,0.5731661871274554,0.10927317184488494,0.0
0.27775,0.9488435890208695,0.5738988249564443,0.10890216778234874,0.0
0.278,0.9479670081949685,0.5746313165476096,0.10853173097722313,0.0
0.27825,0.9470899493725948,0.5753636602441716,0.10816186260498739,0.0
0.2785,0.9462124130440515,0.5760958544014372,0.10779256364048972,0.0
0.27875,0.9453343998065229,0.5768278975411576,0.10742383523171051,0.0
0.279,0.9444559102025689,0.5775597882086956,0.10705567848786912,0.0
0.27925,0.943576944727047,0.5782915252183258,0.10668809461372897,0.0
0.2795,0.9426975040411154,0.5790231071007241,0.1063210848040117,0.0
0.27975,0.9418175886604612,0.5797545317442356,0.10595464978821956,0.0
0.28,0.9409371991007234,0.5804857984250731,0.10558879101802998,0.0
0.28025,0.9400563360213869,0.5812169055333243,0.1052235095996139,0.0
0.2805,0.9391749997072143,0.5819478520130659,0.10485880660728197,0.0
0.28075,0.9382931909773422,0.582678635873151,0.10449468307341325,0.0
0.281,0.9374109103415069,0.5834092557470925,0.1041311400910081,0.0
0.28125,0.9365281583676968,0.5841397102064789,0.10376817876567657,0.0
0.2815,0.9356449354438396,0.5848699980758099,0.10340580018001755,0.0
0.28175,0.9347612423798672,0.5856001174628744,0.10304400539057612,0.0
0.282,0.9338770795983891,0.5863300669913301,0.10268279539370417,0.0
0.28225,0.9329924476503795,0.5870598455500229,0.10232217143168398,0.0
0.2825,0.932107347078535,0.5877894515972883,0.10196213450681935,0.0
0.28275,0.931221778572608,0.5885188830919503,0.10160268547409057,0.0
0.283,0.9303357425007199,0.5892481394379843,0.1012438256832553,0.0
0.28325,0.9294492395410909,0.5899772187349939,0.10088555604558236,0.0
0.2835,0.9285622702186132,0.5907061196174226,0.10052787762374171,0.0
0.28375,0.9276748349770507,0.5914348410254462,0.10017079157215103,0.0
0.284,0.9267869345393489,0.5921633809336981,0.09981429875760006,0.0
0.28425,0.9258985693377877,0.5928917383595262,0.09945840035753206,0.0
0.2845,0.9250097400761597,0.5936199112394434,0.09910309719138222,0.0
0.28475,0.9241204472342588,0.5943478986609065,0.0987483905057982,0.0
0.285,0.9232306913278645,0.5950756989208301,0.09839428114672977,0.0
0.28525,0.9223404729454217,0.5958033108965353,0.09804077033070935,0.0
0.2855,0.9214497926230738,0.5965307327220231,0.09768785882279829,0.0
0.28575,0.9205586509049137,0.5972579635807165,0.09733554795990229,0.0
0.286,0.9196670484561444,0.5979850010381185,0.09698383829598645,0.0
0.28625,0.9187749856573468,0.5987118446003024,0.09663273119780369,0.0
0.2865,0.9178824631571274,0.5994384924423741,0.09628222752764803,0.0
0.28675,0.9169894816236184,0.600164942760081,0.09593232816929165,0.0
0.287,0.9160960414439572,0.6008911946211697,0.0955830342436601,0.0
0.28725,0.9152021432435493,0.6016172462870344,0.09523434662522368,0.0
0.2875,0.9143077875446828,0.6023430967203538,0.09488626648228538,0.0
0.28775,0.913412975001032,0.6030687438196978,0.09453879450319347,0.0
0.288,0.9125177059826246,0.6037941869382735,0.09419193193527176,0.0
0.28825,0.9116219811947861,0.6045194240745175,0.0938456795548872,0.0
0.2885,0.910725801215408,0.6052444536921584,0.09350003828283704,0.0
0.28875,0.9098291665410692,0.6059692746683254,0.09315500919625896,0.0
0.289,0.9089320775967504,0.6066938857655941,0.09281059324555452,0.0
0.28925,0.9080345351676975,0.6074182849963492,0.09246679125963486,0.0
0.2895,0.9071365397280307,0.6081424708354746,0.09212360405936693,0.0
0.28975,0.9062380918217059,0.6088664423827055,0.09178103286713091,0.0
0.29,0.9053391919673359,0.6095901980082274,0.09143907847381882,0.0
0.29025,0.9044398407525787,0.6103137362168596,0.09109774179746721,0.0
0.2905,0.9035400386938157,0.6110370557040525,0.0907570237987465,0.0
0.29075,0.9026397864367244,0.61176015471613,0.09041692528905587,0.0
0.291,0.9017390845065218,0.6124830319604371,0.09007744723304412,0.0
0.29125,0.9008379334534844,0.6132056858956787,0.08973859047183153,0.0
0.2915,0.8999363338502508,0.613928114995069,0.08940035586795592,0.0
0.29175,0.8990342861147802,0.6146503185995371,0.08906274464074149,0.0
0.292,0.8981317909544,0.6153722944518165,0.08872575734289079,0.0
0.29225,0.8972288489195233,0.6160940412793323,0.0883893949471175,0.0
0.2925,0.8963254605238387,0.6168155575783629,0.08805365826046385,0.0
0.29275,0.8954216262423973,0.6175368422490877,0.0877185482823919,0.0
0.293,0.8945173468319467,0.6182578931244436,0.08738406563363865,0.0
0.29325,0.8936126226888739,0.6189787094626027,0.0870502114423588,0.0
0.2935,0.892707454426823,0.6196992897304554,0.08671698656165727,0.0
0.29375,0.8918018425749636,0.6204196322872093,0.08638439170833845,0.0
0.294,0.8908957877345731,0.6211397357890718,0.08605242782258138,0.0
0.29425,0.8899892903792619,0.6218595986389559,0.08572109559001628,0.0
0.2945,0.8890823511244879,0.6225792197136215,0.08539039607888044,0.0
0.29475,0.8881749706080715,0.6232985968385591,0.08506032976768862,0.0
0.295,0.8872671492268651,0.6240177295425227,0.08473089790997146,0.0
0.29525,0.8863588876486759,0.6247366154568539,0.0844021008861442,0.0
0.2955,0.8854501863082955,0.6254552539360603,0.0840739398720074,0.0
0.29575,0.884541045857862,0.6261736434208061,0.08374641569059271,0.0
0.296,0.8836314668236156,0.6268917821150239,0.08341952891952475,0.0
0.29625,0.8827214498463061,0.6276096684837427,0.08309328037479657,0.0
0.2965,0.8818109954111204,0.6283273012629422,0.08276767089728132,0.0
0.29675,0.8809001040363942,0.6290446791491817,0.08244270132752396,0.0
0.297,0.879988776355578,0.6297618002465271,0.08211837225025165,0.0
0.29725,0.8790770128419574,0.6304786638267288,0.08179468479368857,0.0
0.2975,0.8781648141782625,0.6311952677273638,0.08147163941647628,0.0
0.29775,0.8772521807597204,0.6319116110846181,0.08114923709506572,0.0
0.298,0.8763391132703173,0.6326276921853591,0.08082747854002093,0.0
0.29825,0.8754256121283852,0.6333435098362372,0.08050636454490245,0.0
0.2985,0.8745116780090303,0.6340590622551332,0.08018589576147894,0.0
0.29875,0.8735973113743345,0.634774348161848,0.07986607295755199,0.0
0.299,0.872682512982438,0.6354893656401757,0.07954689676136617,0.0
0.29925,0.8717672831767285,0.6362041139183532,0.07922836813344158,0.0
0.2995,0.8708516226142269,0.6369185909801303,0.07891048755026309,0.0
0.29975,0.8699355319042077,0.6376327954913776,0.07859325584559707,0.0
0.3,0.8690190114431982,0.638346726753042,0.07827667405264616,0.0
0.30025,0.8681020618666473,0.6390603825167815,0.07796074247609752,0.0
0.3005,0.8671846836398913,0.6397737618600203,0.07764546206261191,0.0
0.30075,0.8662668774214843,0.6404868630610707,0.07733083343575564,0.0
0.301,0.8653486438444595,0.6411996844051302,0.07701685719615536,0.0
0.30125,0.8644299832914886,0.6419122251604179,0.07670353432303845,0.0
0.3015,0.8635108964020652,0.6426244832288575,0.07639086518339355,0.0
0.30175,0.8625913838393018,0.643336457054275,0.07607885047934504,0.0
0.302,0.8616714459868007,0.6440481458411043,0.07576749113846537,0.0
0.30225,0.8607510834565328,0.6447595475053944,0.07545678749587892,0.0
0.3025,0.8598302968395473,0.6454706609815588,0.07514674047366876,0.0
0.30275,0.8589090867175955,0.6461814847863252,0.07483735073112974,0.0
0.303,0.8579874535551753,0.6468920173490105,0.07452861877567796,0.0
0.30325,0.8570653979966156,0.647602257135766,0.0742205452747755,0.0
0.3035,0.8561429204610871,0.6483122031107484,0.07391313101104768,0.0
0.30375,0.8552200216176971,0.6490218536500976,0.07360637660698655,0.0
0.304,0.8542967019969634,0.6497312073436206,0.07330028269775801,0.0
0.30425,0.8533729621026236,0.6504402627294397,0.07299484986058924,0.0
0.3045,0.8524488026407013,0.651149018046624,0.07269007864650634,0.0
0.30475,0.8515242239581635,0.6518574722093149,0.0723859697248328,0.0
0.305,0.8505992267790266,0.6525656237320092,0.07208252381699798,0.0
0.30525,0.8496738116638873,0.6532734707051944,0.07177974125034181,0.0
0.3055,0.8487479791095094,0.653981012206664,0.07147762289715098,0.0
0.30575,0.8478217296199109,0.6546882467440298,0.07117616928331127,0.0
0.306,0.8468950638340722,0.6553951727122111,0.07087538096689205,0.0
0.30625,0.8459679822388093,0.6561017887402585,0.07057525852289759,0.0
0.3065,0.8450404854170817,0.6568080934895804,0.07027580261694899,0.0
0.30675,0.8441125738960125,0.6575140853829922,0.06997701371869836,0.0
0.307,0.8431842483695835,0.6582197630660929,0.06967889256045567,0.0
0.30725,0.8422555092460389,0.6589251246907466,0.06938143933959329,0.0
0.3075,0.8413263572185699,0.6596301691218045,0.06908465491107352,0.0
0.30775,0.8403967926981171,0.6603348950959997,0.06878853982381705,0.0
0.308,0.8394668162526688,0.6610393009351583,0.06849309448879204,0.0
0.30825,0.8385364285327856,0.6617433854623016,0.06819831968582868,0.0
0.3085,0.8376056300000361,0.6624471469525801,0.06790421570165672,0.0
0.30875,0.8366744212028827,0.6631505843379841,0.06761078329276393,0.0
0.309,0.8357428028628782,0.663853695339867,0.06731802259377995,0.0
0.30925,0.8348107753399141,0.6645564792374117,0.06702593441774085,0.0
0.3095,0.8338783394052882,0.6652589340292465,0.0667345190979105,0.0
0.30975,0.8329454953181461,0.6659610593471541,0.06644377757928499,0.0
0.31,0.8320122439693147,0.6666628523473292,0.06615370975048962,0.0
0.31025,0.8310785856396965,0.6673643124201689,0.06586431641223611,0.0
0.3105,0.8301445210202996,0.6680654382181572,0.06557559821987335,0.0
0.31075,0.829210050686644,0.668766227483097,0.06528755516138474,0.0
0.311,0.8282751750154063,0.669466680200479,0.0650001884720266,0.0
0.31125,0.8273398947071691,0.6701667938560334,0.0647134980647821,0.0
0.3115,0.8264042103241582,0.6708665672307461,0.0644274845518884,0.0
0.31175,0.8254681224185081,0.6715659986765701,0.06414214826196796,0.0
0.312,0.8245316315136701,0.6722650869038347,0.06385748972144523,0.0
0.31225,0.8235947382041324,0.6729638303498504,0.06357350933382855,0.0
0.3125,0.822657443037988,0.6736622275259521,0.06329020750735226,0.0
0.31275,0.8217197465906168,0.6743602776354649,0.06300758510441917,0.0
0.313,0.8207816493915132,0.6750579783100861,0.06272564194995955,0.0
0.31325,0.8198431519497156,0.6757553285710785,0.06244437872815278,0.0
0.3135,0.8189042548826801,0.6764523270407992,0.062163795948567246,0.0
0.31375,0.8179649587204594,0.6771489722376458,0.06188389398138194,0.0
0.314,0.8170252639753457,0.6778452625825722,0.06160467311500639,0.0
0.31425,0.81608517122881,0.6785411971334696,0.061326134092098084,0.0
0.3145,0.8151446811239733,0.6792367736356724,0.0610482768581746,0.0
0.31475,0.8142037940923252,0.679931991434394,0.06077110221304505,0.0
0.315,0.8132625108211986,0.680626848322575,0.06049461015354618,0.0
0.31525,0.812320831754823,0.6813213431899925,0.0602188011863698,0.0
0.3155,0.8113787575060041,0.6820154746787139,0.059943675783396655,0.0
0.31575,0.8104362885541665,0.682709241295612,0.0596692342216425,0.0
0.316,0.8094934256416888,0.683402641276416,0.05939547679830026,0.0
0.31625,0.8085501691988526,0.6840956733872332,0.05912240390741674,0.0
0.3165,0.8076065196692817,0.6847883370123284,0.05885001634813225,0.0
0.31675,0.8066624777828952,0.685480629313659,0.05857831369582178,0.0
0.317,0.8057180440015426,0.6861725498687079,0.0583072968769498,0.0
0.31725,0.8047732189452841,0.6868640966344373,0.05803696588398832,0.0
0.3175,0.8038280030985643,0.6875552685817112,0.057767321257323756,0.0
0.31775,0.802882397065634,0.6882460641677426,0.057498363289630205,0.0
0.318,0.8019364013680388,0.6889364817735029,0.05723009215476482,0.0
0.31825,0.8009900165978507,0.6896265199324603,0.05696250817310511,0.0
0.3185,0.8000432433280338,0.6903161773750099,0.0566956117730808,0.0
0.31875,0.7990960820845476,0.6910054526085858,0.05642940319629042,0.0
0.319,0.7981485334365921,0.6916943439583676,0.05616388259160776,0.0
0.31925,0.7972005979079881,0.6923828503262186,0.05589905044502852,0.0
0.3195,0.796252276026232,0.6930709703592299,0.05563490707329266,0.0
0.31975,0.7953035685277516,0.693758701821146,0.05537145236430274,0.0
0.32,0.7943544757687668,0.6944460441456997,0.05510868700977123,0.0
0.32025,0.793404998402579,0.6951329953316971,0.05484661097669252,0.0
0.3205,0.7924551369206991,0.6958195542343262,0.05458522466743321,0.0
0.32075,0.7915048919634113,0.696505719448048,0.054324528418956186,0.0
0.321,0.7905542639245464,0.6971914896000513,0.05406452239889936,0.0
0.32125,0.7896032536688047,0.6978768626008147,0.05380520664775568,0.0
0.3215,0.7886518614631406,0.6985618375377953,0.05354658152995673,0.0
0.32175,0.7877000878766136,0.6992464133851968,0.05328864755720519,0.0
0.322,0.7867479335593632,0.6999305879482378,0.05303140452006172,0.0
0.32225,0.7857953991526969,0.7006143599190153,0.052774852783954884,0.0
0.3225,0.7848424850205991,0.7012977280805544,0.05251899256225134,0.0
0.32275,0.7838891918648603,0.7019806906598518,0.05226382394427409,0.0
0.323,0.7829355202212991,0.7026632464332394,0.05200934725519213,0.0
0.32325,0.7819814706467003,0.7033453936922385,0.05175556250626312,0.0
0.3235,0.7810270436373621,0.7040271315657805,0.05150247021757326,0.0
0.32375,0.780072239743701,0.7047084583457561,0.051250070384210034,0.0
0.324,0.7791170596039549,0.7053893724492184,0.05099836314345185,0.0
0.32425,0.7781615036987084,0.7060698723549521,0.05074734855053209,0.0
0.3245,0.7772055725573637,0.706749956953665,0.0504970269678191,0.0
0.32475,0.7762492668917549,0.707429624655525,0.050247398563902035,0.0
0.325,0.7752925871460636,0.708108873708909,0.04999846319360701,0.0
0.32525,0.7743355337669833,0.7087877033652958,0.049750221384139204,0.0
0.3255,0.7733781074677886,0.70946611149202,0.049502672919924384,0.0
0.32575,0.7724203088138673,0.7101440969329218,0.04925581812863222,0.0
0.326,0.7714621382556288,0.7108216582793006,0.04900965707703642,0.0
0.32625,0.7705035965236462,0.7114987938223081,0.04876418982842523,0.0
0.3265,0.7695446840261155,0.7121755022573808,0.04851941647658897,0.0
0.32675,0.7685854013327464,0.7128517822150613,0.0482753371843716,0.0
0.327,0.7676257489577374,0.7135276324928839,0.04803195218172007,0.0
0.32725,0.766665727465778,0.7142030515118023,0.04778926147360418,0.0
0.3275,0.765705337606871,0.7148780373425936,0.04754726495488071,0.0
0.32775,0.7647445797288217,0.7155525890284622,0.047305962882837616,0.0
0.328,0.7637834544837236,0.7162267046133977,0.047065355049271895,0.0
0.32825,0.7628219624028372,0.7169003835992029,0.04682544214821216,0.0
0.3285,0.7618601040126798,0.7175736237490611,0.046586223675130434,0.0
0.32875,0.7608978798259649,0.7182464239828761,0.04634769990086851,0.0
0.329,0.7599352905024546,0.7189187824249856,0.046109870651488416,0.0
0.32925,0.7589723366304089,0.7195906980150042,0.04587273625424593,0.0
0.3295,0.758009018671677,0.7202621689140898,0.045636296403499754,0.0
0.32975,0.7570453372194468,0.7209331940421464,0.04540055140482724,0.0
0.33,0.7560812928023743,0.7216037721795985,0.04516550141570197,0.0
0.33025,0.7551168860354078,0.7222739010522616,0.044931145921616844,0.0
0.3305,0.7541521173456189,0.7229435803012123,0.04469748558882625,0.0
0.33075,0.7531869874374504,0.7236128073268233,0.04446451972889376,0.0
0.331,0.7522214968585743,0.7242815815715602,0.044232248946542985,0.0
0.33125,0.751255645960283,0.724949901501752,0.04400067302401767,0.0
0.3315,0.7502894355641772,0.7256177651839053,0.043769791797835245,0.0
0.33175,0.7493228660557207,0.7262851714949576,0.04353960534683088,0.0
0.332,0.7483559380944911,0.7269521190568966,0.04331011376416649,0.0
0.33225,0.7473886520822237,0.7276186064201084,0.04308131690200634,0.0
0.3325,0.746421008791982,0.7282846316908902,0.042853214562421416,0.0
0.33275,0.7454530086820359,0.7289501936571128,0.042625806790644205,0.0
0.333,0.7444846522313888,0.7296152914038103,0.04239909384954821,0.0
0.33325,0.7435159400505711,0.730279922859502,0.042173075281147776,0.0
0.3335,0.7425468726568951,0.7309440871110837,0.04194775136529327,0.0
0.33375,0.7415774506620991,0.7316077822618823,0.04172312175387938,0.0
0.334,0.740607674706375,0.732271006859122,0.04149918642332895,0.0
0.33425,0.7396375452647739,0.7329337594145073,0.041275945201262765,0.0
0.3345,0.7386670628588412,0.7335960384936726,0.04105339798019836,0.0
0.33475,0.7376962281248609,0.7342578429263327,0.040831544914198936,0.0
0.335,0.7367250414420212,0.7349191712671441,0.040610385775451396,0.0
0.33525,0.7357535035256433,0.7355800218437096,0.04038992040765721,0.0
0.3355,0.7347816149409265,0.7362403935286963,0.040170148926840454,0.0
0.33575,0.7338093761643183,0.7369002843735402,0.039951070799232546,0.0
0.336,0.7328367878093704,0.7375596932775039,0.03973268618157899,0.0
0.33625,0.7318638504204529,0.7382186187989674,0.03951499493451571,0.0
0.3365,0.7308905645146488,0.7388770593261569,0.03929799677234591,0.0
0.33675,0.7299169306535305,0.7395350133460425,0.03908169150428309,0.0
0.337,0.7289429494440007,0.7401924800176829,0.038866079443759194,0.0
0.33725,0.7279686213889143,0.7408494572320237,0.03865115992226209,0.0
0.3375,0.7269939470364086,0.7415059438528075,0.03843693298949047,0.0
0.33775,0.726018927081256,0.7421619379552737,0.03822339822879428,0.0
0.338,0.7250435618853945,0.7428174388504161,0.038010555867208584,0.0
0.33825,0.7240678521738158,0.743472444609381,0.0377984054935967,0.0
0.3385,0.7230917983078076,0.744126954195778,0.03758694707513777,0.0
0.33875,0.7221154009558273,0.7447809658007003,0.037376180233872125,0.0
0.339,0.7211386607207331,0.7454344778713278,0.037166104722571314,0.0
0.33925,0.7201615781204431,0.7460874890024911,0.036956720334542004,0.0
0.3395,0.719184153715462,0.7467399980570022,0.036748027079674284,0.0
0.33975,0.7182063880274718,0.7473920035037906,0.0365400246516665,0.0
0.34,0.717228281649616,0.7480435035711537,0.03633271261360238,0.0
0.34025,0.71624983512738,0.7486944969024592,0.0361260907881944,0.0
0.3405,0.7152710489643166,0.7493449827051109,0.03592015937128901,0.0
0.34075,0.7142919238411576,0.7499949587493688,0.03571491763620438,0.0
0.341,0.7133124601988303,0.7506444237096588,0.035510365337457106,0.0
0.34125,0.7123326586267105,0.751293376732022,0.0353065026684618,0.0
0.3415,0.7113525195904593,0.7519418156605369,0.03510332878730482,0.0
0.34175,0.7103720438627228,0.7525897393468597,0.03490084378740188,0.0
0.342,0.7093912318033926,0.7532371466852297,0.034699047504171965,0.0
0.34225,0.7084100840782774,0.7538840356493495,0.03449793930715095,0.0
0.3425,0.7074286011405313,0.754530405123603,0.03429751907642009,0.0
0.34275,0.7064467836513604,0.7551762534673898,0.03409778644594108,0.0
0.343,0.7054646321332854,0.7558215794535101,0.03389874125010439,0.0
0.34325,0.7044821471332803,0.7564663814426638,0.033700383032953196,0.0
0.3435,0.7034993291480163,0.7571106580127633,0.033502711456640855,0.0
0.34375,0.7025161788397227,0.7577544079124365,0.033305726415126635,0.0
0.344,0.7015326967917765,0.7583976291391892,0.033109427191469365,0.0
0.34425,0.7005488834392946,0.7590403209045178,0.03291381385228642,0.0
0.3445,0.6995647394210724,0.7596824815912555,0.03271888598878703,0.0
0.34475,0.6985802651871502,0.760324109601946,0.03252464307199032,0.0
0.345,0.6975954614590325,0.7609652034927379,0.03233108486327407,0.0
0.34525,0.6966103285841996,0.7616057621331365,0.03213821109606352,0.0
0.3455,0.6956248672980561,0.762245783712757,0.03194602125853141,0.0
0.34575,0.6946390780666363,0.7628852668807298,0.03175451498936943,0.0
0.346,0.6936529615028864,0.7635242102878692,0.031563692021699064,0.0
0.34625,0.6926665180848346,0.7641626122879899,0.031373551771894714,0.0
0.3465,0.6916797484962345,0.7648004715856445,0.031184094047924216,0.0
0.34675,0.690692653183639,0.7654377866467925,0.03099531831555624,0.0
0.347,0.6897052327373068,0.7660745559881619,0.030807224168361236,0.0
0.34725,0.6887174876845013,0.7667107785807943,0.030619811489386528,0.0
0.3475,0.6877294186435616,0.7673464522927631,0.03043307939628037,0.0
0.34775,0.6867410260803819,0.7679815767995564,0.030247028243939544,0.0
0.348,0.6857523106102796,0.7686161493107377,0.030061656644204904,0.0
0.34825,0.6847632727617263,0.7692501691147982,0.029876964693596797,0.0
0.3485,0.6837739131386957,0.7698836347212108,0.029692951952448476,0.0
0.34875,0.6827842322883502,0.7705165442210244,0.029509617623799445,0.0
0.349,0.6817942307892313,0.7711488967223374,0.02932696168591531,0.0
0.34925,0.6808039090553013,0.771780690899206,0.029144983678118574,0.0
0.3495,0.6798132677717099,0.7724119248584884,0.02896368288781015,0.0
0.34975,0.6788223074729718,0.7730425971630268,0.028783058837716036,0.0
0.35,0.6778310286992273,0.7736727067130147,0.02860311130197113,0.0
0.35025,0.6768394320817883,0.7743022515755058,0.02842383948238769,0.0
0.3505,0.675847518115047,0.7749312304206555,0.02824524293747155,0.0
0.35075,0.6748552872383975,0.7755596424936186,0.028067321617825547,0.0
0.351,0.6738627402025408,0.7761874854108584,0.027890074444591795,0.0
0.35125,0.6728698773956374,0.77681475846979,0.027713501362562676,0.0
0.3515,0.6718766994951171,0.7774414599011195,0.027537601695254654,0.0
0.35175,0.6708832070805926,0.7780675879599173,0.027362374713277626,0.0
0.352,0.6698894005826705,0.778693141586551,0.027187820102507754,0.0
0.35225,0.6688952806361019,0.7793181193851453,0.027013937422101897,0.0
0.3525,0.6679008477542023,0.7799425197091452,0.026840725955604272,0.0
0.35275,0.6669061025706071,0.7805663411338628,0.026668185226864205,0.0
0.353,0.6659110456434494,0.7811895820981007,0.026496314600572557,0.0
0.35325,0.6649156774475955,0.7818122410884598,0.02632511341745647,0.0
0.3535,0.6639199985658202,0.7824343170207513,0.026154581409335353,0.0
0.35375,0.6629240094950717,0.7830558085681005,0.02598471806224456,0.0
0.354,0.6619277109074826,0.7836767139284859,0.025815522606754904,0.0
0.35425,0.6609311034305971,0.7842970311799391,0.02564699414547733,0.0
0.3545,0.6599341873449927,0.7849167600985538,0.025479132849765218,0.0
0.35475,0.6589369633108522,0.785535898623813,0.025311937726294476,0.0
0.355,0.657939432002399,0.7861544455350327,0.02514540842659696,0.0
0.35525,0.6569415938681846,0.7867723985671304,0.024979543650089697,0.0
0.3555,0.6559434495549095,0.7873897568163102,0.024814343260886496,0.0
0.35575,0.6549449995192145,0.7880065189298406,0.02464980665159411,0.0
0.356,0.653946244468937,0.7886226831683771,0.024485933072151633,0.0
0.35625,0.6529471848176662,0.7892382484140725,0.02432272205639796,0.0
0.3565,0.6519478211284184,0.7898532131644913,0.024160172932126578,0.0
0.35675,0.6509481539856861,0.7904675760682167,0.023998285151168863,0.0
0.357,0.6499481839089682,0.7910813353407065,0.023837057783611115,0.0
0.35725,0.6489479115042851,0.7916944899027953,0.023676490493075963,0.0
0.3575,0.6479473373381843,0.7923070380013684,0.023516582391386764,0.0
0.35775,0.6469464619508063,0.7929189784507003,0.023357333006398084,0.0
0.358,0.6459452858942409,0.7935303092146384,0.023198741208799722,0.0
0.35825,0.6449438097209956,0.7941410295299747,0.02304080685002985,0.0
0.3585,0.643942033926951,0.7947511382040986,0.02288352940825522,0.0
0.35875,0.6429399591953029,0.795360632728503,0.022726907451027456,0.0
0.359,0.6419375859521477,0.7959695126207862,0.022570940952187923,0.0
0.35925,0.6409349148574357,0.7965777759275525,0.022415628883378558,0.0
0.3595,0.6399319464629318,0.7971854211871019,0.02226097052420717,0.0
0.35975,0.6389286811593973,0.7977924473816316,0.022106965394160794,0.0
0.36,0.6379251196894913,0.7983988526018209,0.021953612531780298,0.0
0.36025,0.6369212625317999,0.7990046357742671,0.021800911456762773,0.0
0.3605,0.6359171102943417,0.7996097950883936,0.021648861187839152,0.0
0.36075,0.6349126635591933,0.8002143291116965,0.02149746101667427,0.0
0.361,0.6339079227516606,0.8008182366246004,0.02134671029864288,0.0
0.36125,0.6329028885743728,0.80142151611836,0.021196608329285382,0.0
0.3615,0.6318975614710016,0.8020241661110035,0.021047154258337253,0.0
0.36175,0.6308919420098604,0.802626185412521,0.020898347536534967,0.0
0.362,0.6298860307965519,0.8032275720888578,0.020750187046956192,0.0
0.36225,0.6288798283388104,0.803828324938479,0.020602672181908588,0.0
0.3625,0.6278733352255941,0.8044284427470245,0.020455802368585907,0.0
0.36275,0.6268665519362795,0.8050279242013758,0.020309576883632108,0.0
0.363,0.6258594792005532,0.8056267669412378,0.02016399432511795,0.0
0.36325,0.6248521174069008,0.8062249702547319,0.020019054376010592,0.0
0.3635,0.6238444672423302,0.8068225323376055,0.019874756034550245,0.0
0.36375,0.6228365291520461,0.8074194520268136,0.019731098651721846,0.0
0.364,0.6218283037151036,0.8080157282141869,0.019588081699029036,0.0
0.36425,0.6208197914990254,0.8086113584722909,0.019445703589601404,0.0
0.3645,0.6198109931477234,0.8092063420397793,0.019303964097151516,0.0
0.36475,0.6188019090416859,0.809800677475593,0.019162862291186578,0.0
0.365,0.6177925398562039,0.8103943632724651,0.019022397362179255,0.0
0.36525,0.6167828861311406,0.8109873979435918,0.018882568428558955,0.0
0.3655,0.6157729483632597,0.8115797800222495,0.018743374592907314,0.0
0.36575,0.6147627272128364,0.8121715078808549,0.01860481492265964,0.0
0.366,0.6137522231936039,0.812762580230654,0.01846688866073687,0.0
0.36625,0.61274143684496,0.8133529955658716,0.01832959488703989,0.0
0.3665,0.6117303687242472,0.8139427525215126,0.018192932798985817,0.0
0.36675,0.6107190193602623,0.814531849864423,0.01805690167687546,0.0
0.367,0.6097073893702287,0.8151202857734319,0.017921500378109023,0.0
0.36725,0.6086954793274835,0.8157080589781955,0.01778672816837723,0.0
0.3675,0.6076832896551938,0.8162951679770316,0.017652584032885166,0.0
0.36775,0.6066708210830942,0.8168816112766208,0.017519067141016365,0.0
0.368,0.6056580740191482,0.8174673875852392,0.01738617662617159,0.0
0.36825,0.6046450491396254,0.818052495296314,0.017253911523364973,0.0
0.3685,0.6036317469282722,0.8186369329665553,0.017122270878268564,0.0
0.36875,0.6026181679130023,0.8192206994292093,0.016991253980144227,0.0
0.369,0.6016043127046231,0.8198037929943851,0.01686085974079199,0.0
0.36925,0.60059018188735,0.8203862121875574,0.016731087223621932,0.0
0.3695,0.5995757759316795,0.8209679558272711,0.01660193565588086,0.0
0.36975,0.5985610954404699,0.8215490221444242,0.016473403863256575,0.0
0.37,0.5975461409465623,0.822129410050735,0.01634549117438322,0.0
0.37025,0.5965309130295697,0.8227091177492056,0.01621819636708355,0.0
0.3705,0.5955154122121975,0.823288144090931,0.016091518704369978,0.0
0.37075,0.5944996391413788,0.8238664872670043,0.015965456982127257,0.0
0.371,0.5934835942685943,0.824444146078875,0.015840010370577362,0.0
0.37125,0.5924672781984235,0.825021119064651,0.015715177910883282,0.0
0.3715,0.5914506914663562,0.8255974047369676,0.015590958577540226,0.0
0.37175,0.5904338347182101,0.8261730016835926,0.015467351464796275,0.0
0.372,0.5894167083523261,0.8267479083531839,0.015344355404241838,0.0
0.37225,0.5883993130760761,0.8273221232208172,0.015221969422943182,0.0
0.3725,0.5873816493536328,0.8278956451783088,0.015100192740895135,0.0
0.37275,0.5863637177455008,0.8284684726322951,0.014979024233512606,0.0
0.373,0.5853455188213896,0.8290406040982035,0.014858462864549393,0.0
0.37325,0.5843270531516591,0.8296120382673777,0.014738507736379747,0.0
0.3735,0.5833083212813328,0.830182773561333,0.014619157710928476,0.0
0.37375,0.582289323739765,0.8307528085698763,0.014500411773228583,0.0
0.374,0.581270061154175,0.8313221414813228,0.014382268630160455,0.0
0.37425,0.5802505340703767,0.831890771316921,0.014264727618593431,0.0
0.3745,0.5792307429541239,0.8324586965502547,0.014147787576019644,0.0
0.37475,0.5782106884499303,0.8330259156171564,0.014031447405623787,0.0
0.375,0.5771903710211337,0.8335924272913573,0.013915706179271403,0.0
0.37525,0.576169791317966,0.8341582299951114,0.013800562781440595,0.0
0.3755,0.5751489499614184,0.8347233219291894,0.013686015891618775,0.0
0.37575,0.5741278472870217,0.8352877023082499,0.013572064856675725,0.0
0.376,0.5731064840776021,0.8358513690831231,0.013458708231333105,0.0
0.37625,0.5720848607247149,0.8364143214217918,0.013345945346352472,0.0
0.3765,0.5710629778536251,0.8369765570573122,0.013233774475842397,0.0
0.37675,0.570040836022514,0.8375380751264316,0.013122195008941073,0.0
0.377,0.5690184358119694,0.838098874239229,0.013011205907892842,0.0
0.37725,0.5679957776455318,0.8386589529137325,0.012900805965475826,0.0
0.3775,0.566972862241311,0.8392183094386709,0.012790993944557849,0.0
0.37775,0.565949690086681,0.8397769426549146,0.012681768930420612,0.0
0.378,0.5649262617267095,0.8403348508978681,0.012573129616847423,0.0
0.37825,0.5639025777314792,0.84089203273912,0.012465074902011875,0.0
0.3785,0.5628786387023599,0.8414484868562582,0.012357603784407978,0.0
0.37875,0.5618544450983638,0.8420042115763238,0.01225071488690821,0.0
0.379,0.5608299975687032,0.8425592059750571,0.012144407555676029,0.0
0.37925,0.5598052965663918,0.8431134681267665,0.012038680189907502,0.0
0.3795,0.5587803427501719,0.8436669968243464,0.011933531895554683,0.0
0.37975,0.5577551366123892,0.8442197902696762,0.011828961188836917,0.0
0.38,0.5567296787965379,0.8447718472760997,0.011724967173969647,0.0
0.38025,0.5557039697524697,0.8453231662227267,0.011621548481184574,0.0
0.3805,0.5546780100464552,0.8458737463392865,0.011518704510774302,0.0
0.38075,0.5536518002396491,0.84642358545684,0.011416433486334476,0.0
0.381,0.5526253410058093,0.8469726820573342,0.011314734231228973,0.0
0.38125,0.5515986327525297,0.8475210351413907,0.011213605852687492,0.0
0.3815,0.550571676121022,0.8480686431580367,0.011113047119175823,0.0
0.38175,0.549544471632089,0.8486155044990298,0.011013056680048372,0.0
0.382,0.5485170198996521,0.8491616175310241,0.010913633208841755,0.0
0.38225,0.5474893213661272,0.8497069813557943,0.010814775898492002,0.0
0.3825,0.5464613766713331,0.8502515944123346,0.01071648348794918,0.0
0.38275,0.5454331862962274,0.8507954552091874,0.010618754683418441,0.0
0.383,0.5444047509079191,0.8513385620436367,0.010521588108656,0.0
0.38325,0.5433760709561231,0.8518809136109411,0.010424982600056865,0.0
0.3835,0.5423471471194325,0.8524225084460468,0.01032893697747661,0.0
0.38375,0.5413179798060437,0.852963345209993,0.01023345001693432,0.0
0.384,0.5402885697561999,0.8535034221574804,0.010138520324678213,0.0
0.38425,0.5392589173962747,0.8540427378872408,0.010044146623966466,0.0
0.3845,0.5382290232635274,0.8545812914447097,0.009950328070899905,0.0
0.38475,0.5371988879594678,0.8551190810120559,0.009857063121208265,0.0
0.385,0.5361685120327913,0.8556561050597011,0.009764350440931269,0.0
0.38525,0.5351378960497204,0.8561923624612433,0.009672189042308155,0.0
0.3855,0.5341070405334261,0.85672785166404,0.009580577549041625,0.0
0.38575,0.5330759460518522,0.8572625710280519,0.009489514529350096,0.0
0.386,0.5320446132588579,0.8577965192355066,0.009398998865324026,0.0
0.38625,0.5310130425460429,0.8583296947248513,0.00930902908894149,0.0
0.3865,0.5299812345416495,0.8588620966532687,0.00921960446373582,0.0
0.38675,0.5289491898702483,0.8593937223404282,0.009130722682908488,0.0
0.387,0.5279169089812736,0.8599245716340107,0.009042383494508588,0.0
0.38725,0.5268843924590811,0.8604546425291133,0.008954585135961146,0.0
0.3875,0.5258516409477672,0.8609839334582148,0.00886732624296993,0.0
0.38775,0.5248186548325151,0.8615124430624519,0.008780605489441928,0.0
0.388,0.5237854348717903,0.8620401698254554,0.008694421604744651,0.0
0.38825,0.5227519815192601,0.8625671122403276,0.008608773162781302,0.0
0.3885,0.5217182953344057,0.8630932691873596,0.008523659119191063,0.0
0.38875,0.5206843768396077,0.8636186394319196,0.008439078308199344,0.0
0.389,0.5196502264792802,0.8641432211377662,0.008355029004329051,0.0
0.38925,0.518615845059033,0.8646670129146088,0.008271510045269048,0.0
0.3895,0.5175812329609801,0.8651900133721568,0.008188520045889769,0.0
0.38975,0.5165463908301486,0.8657122208428447,0.008106057513941778,0.0
0.39,0.5155113192246716,0.8662336341673509,0.008024121344096136,0.0
0.39025,0.5144760186493098,0.8667542515023712,0.007942709811763482,0.0
0.3905,0.513440489759736,0.8672740716374463,0.007861821808581082,0.0
0.39075,0.5124047329807908,0.8677930931884177,0.007781455954929406,0.0
0.391,0.5113687489390433,0.8683113148416197,0.007701611030499711,0.0
0.39125,0.510332538201089,0.8688287347091119,0.007622285285018071,0.0
0.3915,0.5092961013326853,0.8693453515335676,0.007543477506402718,0.0
0.39175,0.5082594387822912,0.8698611639661706,0.007465186340386953,0.0
0.392,0.5072225512296153,0.8703761706835778,0.007387410567398556,0.0
0.39225,0.5061854390982905,0.8708903700541129,0.0073101485680162614,0.0
0.3925,0.505148103082206,0.8714037610798755,0.007233399402394536,0.0
0.39275,0.5041105436901674,0.8719163414734723,0.00715716091783869,0.0
0.393,0.5030727614592934,0.8724281102158002,0.007081432068425819,0.0
0.39325,0.5020347569534351,0.8729390658321421,0.00700621142333957,0.0
0.3935,0.5009965307395134,0.8734492071735929,0.006931497831508926,0.0
0.39375,0.4999580833957449,0.8739585321082259,0.00685728929054874,0.0
0.394,0.49891941541489615,0.874467039970277,0.006783585023275807,0.0
0.39425,0.4978805274314855,0.8749747288336849,0.006710383225004168,0.0
0.3945,0.4968414199139186,0.8754815974160195,0.006637682563187086,0.0
0.39475,0.49580209345970516,0.875987643877508,0.006565481280325969,0.0
0.395,0.494762548694764,0.8764928674967862,0.006493778601575739,0.0
0.39525,0.4937227860189246,0.8769972666187442,0.006422572824674733,0.0
0.3955,0.49268280602904646,0.8775008395758164,0.006351862328936031,0.0
0.39575,0.4916426094378945,0.8780035845475709,0.006281645412101078,0.0
0.396,0.490602196578676,0.8785055011791769,0.006211921460831604,0.0
0.39625,0.4895615682697372,0.8790065869455788,0.006142688201052238,0.0
0.3965,0.4885207247869605,0.8795068410582729,0.0060739446058024615,0.0
0.39675,0.4874796669337691,0.8800062613057378,0.006005688657455321,0.0
0.397,0.48643839511445464,0.8805048469567538,0.005937919434327199,0.0
0.39725,0.4853969098888715,0.881002596873941,0.005870635732196483,0.0
0.3975,0.4843552118479284,0.8814995087622819,0.005803835343848762,0.0
0.39775,0.48331330145338214,0.8819955818509442,0.0057375173306171146,0.0
0.398,0.48227117953357457,0.8824908140172951,0.005671679741263036,0.0
0.39825,0.4812288463619243,0.8829852042855677,0.005606321359434618,0.0
0.3985,0.4801863025285975,0.8834787515665496,0.005541441018556359,0.0
0.39875,0.4791435487275759,0.883971453336855,0.005477036337343089,0.0
0.399,0.47810058542921574,0.8844633092256657,0.005413106714933669,0.0
0.39925,0.47705741321717454,0.8849543170326157,0.005349649992541172,0.0
0.3995,0.4760140326444251,0.8854444756398578,0.005286664944656794,0.0
0.39975,0.4749704442276297,0.8859337834499357,0.00522414990275144,0.0
0.4,0.47392664853594013,0.8864222394623482,0.005162103745437241,0.0
0.40025,0.47288264618016385,0.8869098417584667,0.00510052455780885,0.0
0.4005,0.4718384377209457,0.8873965888473947,0.005039410773993058,0.0
0.40075,0.4707940235915409,0.8878824797083595,0.00497876117984597,0.0
0.401,0.4697494044514823,0.8883675125384087,0.004918573973136553,0.0
0.40125,0.4687045807978585,0.8888516860833775,0.004858847756320062,0.0
0.4015,0.4676595532789509,0.8893349988272661,0.004799580967349559,0.0
0.40175,0.46661432237734246,0.8898174491568085,0.004740771876803995,0.0
0.402,0.46556888863861445,0.8902990359504344,0.0046824192163748,0.0
0.40225,0.4645232527052823,0.8907797576062251,0.004624521333667531,0.0
0.4025,0.46347741506815865,0.891259612613382,0.004567076582752572,0.0
0.40275,0.4624313762294481,0.8917385995488871,0.004510083397310627,0.0
0.403,0.46138513687118277,0.8922167170146338,0.0044535403123486805,0.0
0.40325,0.46033869747446055,0.8926939634393918,0.004397445612847495,0.0
0.4035,0.459292058620985,0.8931703375842446,0.004341797921731283,0.0
0.40375,0.45824522086967967,0.8936458378463428,0.004286595524401804,0.0
0.404,0.4571981846670976,0.8941204629004815,0.0042318368983631505,0.0
0.40425,0.4561509506526402,0.8945942114428505,0.004177520624895736,0.0
0.4045,0.45510351939922344,0.8950670818200095,0.00412364493987849,0.0
0.40475,0.45405589147288516,0.8955390726022472,0.00407020827157778,0.0
0.405,0.4530080674349204,0.8960101822486379,0.004017208943332129,0.0
0.40525,0.4519600477913901,0.8964804092889267,0.00396464531298979,0.0
0.4055,0.4509118330956401,0.8969497528232182,0.003912516265885957,0.0
0.40575,0.4498634239078019,0.8974182106866664,0.0038608195572276127,0.0
0.406,0.4488148208595124,0.8978857816221364,0.003809553781169761,0.0
0.40625,0.44776602445855396,0.898352464317071,0.003758717423650859,0.0
0.4065,0.4467170352153129,0.8988182574360408,0.003708308948331851,0.0
0.40675,0.4456678537116332,0.8992831595459805,0.003658326760125563,0.0
0.407,0.4446184806256426,0.8997471686812162,0.0036087688256414285,0.0
0.40725,0.4435689162903156,0.9002102840670148,0.003559634022303859,0.0
0.4075,0.4425191613242241,0.9006725043830031,0.0035109208626706856,0.0
0.40775,0.4414692164812788,0.9011338267939308,0.003462626555104098,0.0
0.408,0.44041908217729997,0.9015942510457648,0.003414750471941508,0.0
0.40825,0.43936875885921367,0.902053775872254,0.003367291088799851,0.0
0.4085,0.4383182472972944,0.9025123989876747,0.003320246103037494,0.0
0.40875,0.4372675478253072,0.9029701197898703,0.0032736145311955678,0.0
0.409,0.43621666111910073,0.9034269362752241,0.003227394275861162,0.0
0.40925,0.4351655877487577,0.9038828470307649,0.0031815837210942277,0.0
0.4095,0.43411432828575336,0.904337850811622,0.003136181399900684,0.0
0.40975,0.43306288327701736,0.9047919458509242,0.0030911853609845164,0.0
0.41,0.4320112532349345,0.9052451311332916,0.0030465943126216644,0.0
0.41025,0.43095943872414644,0.9056974047235471,0.0030024061528466373,0.0
0.4105,0.4299074402635945,0.906148765816269,0.002958619776680216,0.0
0.41075,0.42885525844869754,0.906599212734406,0.002915233322210442,0.0
0.411,0.42780289382536196,0.9070487440778123,0.0028722451531355553,0.0
0.41125,0.4267503469873333,0.9074973576226881,0.002829652905203206,0.0
0.4115,0.4256976185399335,0.9079450525492945,0.0027874554856137657,0.0
0.41175,0.4246447089169312,0.9083918278039391,0.0027456515149424376,0.0
0.412,0.42359161873531725,0.9088376813032326,0.0027042387560962666,0.0
0.41225,0.4225383485303045,0.9092826115966304,0.002663215506934602,0.0
0.4125,0.42148489887876117,0.90972661789489,0.0026225806799460294,0.0
0.41275,0.42043127029665506,0.9101696982260137,0.0025823320865434596,0.0
0.413,0.4193774633536478,0.9106118514451893,0.0025424683081389787,0.0
0.41325,0.4183234785996426,0.9110530758059951,0.0025029873687509863,0.0
0.4135,0.41726931661327704,0.9114933700994641,0.00246388778957507,0.0
0.41375,0.41621497805087415,0.9119327323310955,0.002425167406897799,0.0
0.414,0.4151604633771644,0.9123711615641739,0.0023868249361129745,0.0
0.41425,0.414105773052464,0.9128086563691653,0.0023488586404734058,0.0
0.4145,0.41305090772542385,0.9132452153518784,0.0023112668906279943,0.0
0.41475,0.41199586793441867,0.9136808368060656,0.002274047724307504,0.0
0.415,0.41094065433716764,0.9141155190509522,0.002237199248187549,0.0
0.41525,0.4098852673041158,0.91454926137596,0.0022007203331479985,0.0
0.4155,0.4088297075174836,0.9149820617402824,0.002164608762118103,0.0
0.41575,0.4077739755091816,0.9154139189632176,0.0021288630381617324,0.0
0.416,0.40671807184873465,0.9158448313855629,0.0020934812401498526,0.0
0.41625,0.405661997026165,0.9162747978513508,0.0020584618717562897,0.0
0.4165,0.40460575166892454,0.9167038169418333,0.0020238032498538505,0.0
0.41675,0.40354933632473333,0.9171318867687006,0.0019895032264807266,0.0
0.417,0.40249275141898977,0.9175590066330912,0.0019555606903600697,0.0
0.41725,0.4014359977661357,0.9179851740977156,0.0019219730925688072,0.0
0.4175,0.4003790756164367,0.9184103885373531,0.0018887393143034448,0.0
0.41775,0.39932198573905175,0.918834648532517,0.001855857715296949,0.0
0.418,0.3982647286958336,0.9192579516489019,0.0018233256382589325,0.0
0.41825,0.39720730494421375,0.9196802973687639,0.001791142139589752,0.0
0.4185,0.39614971518198594,0.9201016835802704,0.0017593049061319643,0.0
0.41875,0.39509195986281753,0.9205221092529712,0.0017278125178421533,0.0
0.419,0.39403403951090255,0.9209415728816523,0.0016966631445924918,0.0
0.41925,0.3929759547375138,0.92136007308941,0.0016658551059747229,0.0
0.4195,0.3919177060038024,0.9217776084396476,0.0016353866053251398,0.0
0.41975,0.3908592940224409,0.9221941776162765,0.0016052560530428472,0.0
0.42,0.38980071917926296,0.9226097790186785,0.0015754614673650913,0.0
0.42025,0.3887419821434719,0.9230244113023076,0.0015460012105319443,0.0
0.4205,0.3876830833612477,0.9234380730454461,0.0015168734846013887,0.0
0.42075,0.38662402356153436,0.9238507623185015,0.0014880761304081336,0.0
0.421,0.3855648032095278,0.9242624780807986,0.0014596077037059008,0.0
0.42125,0.38450542280608424,0.9246732190121563,0.0014314665146031302,0.0
0.4215,0.38344588297177395,0.925082983366714,0.001403650523934985,0.0
0.42175,0.38238618432791327,0.9254917698064418,0.0013761580666482587,0.0
0.422,0.381326327228118,0.9258995772586758,0.0013489876187422478,0.0
0.42225,0.38026631243392295,0.9263064037547721,0.0013221369814975237,0.0
0.4225,0.3792061403562208,0.926712247784863,0.0012956042439891124,0.0
0.42275,0.3781458116968057,0.9271171080475469,0.0012693877964524702,0.0
0.423,0.37708532693905106,0.9275209831867528,0.0012434858936418713,0.0
0.42325,0.37602468652030474,0.9279238721357714,0.0012178970394691735,0.0
0.4235,0.3749638911960105,0.9283257727838787,0.0011926188879136657,0.0
0.42375,0.3739029414977093,0.9287266837763042,0.0011676497064667668,0.0
0.424,0.3728418378743701,0.9291266040759041,0.0011429880247675328,0.0
0.42425,0.37178058092652755,0.9295255318460676,0.0011186316854665534,0.0
0.4245,0.37071917114048425,0.9299234660009361,0.0010945791833465446,0.0
0.42475,0.3696576092147801,0.9303204046890201,0.0010708283788560813,0.0
0.425,0.3685958956224198,0.9307163466857205,0.0010473776289052772,0.0
0.42525,0.3675340310364188,0.9311112903389116,0.001024224964846665,0.0
0.4255,0.366472015761623,0.931505234659987,0.00100136889783764,0.0
0.42575,0.3654098505805816,0.9318981780990967,0.0009788075907195548,0.0
0.426,0.3643475359111612,0.9322901188259536,0.0009565388092760418,0.0
0.42625,0.36328507235780094,0.9326810557433518,0.0009345610680779881,0.0
0.4265,0.3622224605533937,0.9330709868707387,0.000912872066939352,0.0
0.42675,0.36115970098535755,0.9334599115168771,0.0008914706525022797,0.0
0.427,0.3600967941347424,0.9338478280701707,0.0008703548099995295,0.0
0.42725,0.35903374063341786,0.9342347349067595,0.0008495225654689964,0.0
0.4275,0.35797054103119486,0.9346206305162141,0.0008289720190417516,0.0
0.42775,0.35690719590722075,0.935005513402615,0.000808701292930758,0.0
0.428,0.35584370576593116,0.9353893824522075,0.0007887088379607832,0.0
0.42825,0.35478007128815037,0.9357722356210232,0.0007689922966203078,0.0
0.4285,0.35371629292154694,0.9361540719710462,0.0007495502602699045,0.0
0.42875,0.3526523712538232,0.9365348899474029,0.0007303807918186411,0.0
0.429,0.35158830681075415,0.9369146881185202,0.000711482045787637,0.0
0.42925,0.35052410014461444,0.9372934650117202,0.0006928521458862136,0.0
0.4295,0.34945975175770094,0.9376712191325751,0.0006744891762373584,0.0
0.42975,0.3483952623942539,0.9380479491895386,0.0006563914938335635,0.0
0.43,0.3473306324053773,0.9384236534880799,0.0006385569390354728,0.0
0.43025,0.34626586258398895,0.938798330590302,0.0006209837446804478,0.0
0.4305,0.34520095319188293,0.9391719797616318,0.0006036706178762508,0.0
0.43075,0.34413590490495594,0.9395445987667443,0.000586614999678936,0.0
0.431,0.3430707183227195,0.9399161865804047,0.0005698154383415588,0.0
0.43125,0.34200539409261665,0.9402867408534732,0.0005532692532130845,0.0
0.4315,0.3409399326134537,0.940656261360374,0.0005369756720350338,0.0
0.43175,0.3398743344779529,0.9410247459559713,0.000520932183995626,0.0
0.432,0.3388086002316957,0.9413921933926162,0.0005051371040138974,0.0
0.43225,0.33774273049064973,0.9417586022223645,0.0004895885810614065,0.0
0.4325,0.33667672577952246,0.9421239707224203,0.0004742844728191642,0.0
0.43275,0.3356105866232504,0.9424882981405389,0.00045922354959149203,0.0
0.433,0.334544313656167,0.9428515822758072,0.0004444032527091135,0.0
0.43325,0.33347790737931327,0.9432138218811232,0.0004298218754181793,0.0
0.4335,0.33241136833757245,0.9435750158081433,0.0004154778177889451,0.0
0.43375,0.3313446971452869,0.9439351622764178,0.0004013689055555325,0.0
0.434,0.3302778942820179,0.9442942598671991,0.00038749325923959077,0.0
0.43425,0.3292109603325386,0.9446523075593447,0.0003738494084435384,0.0
0.4345,0.3281438958169982,0.9450093035921157,0.0003604351620531965,0.0
0.43475,0.3270767013403937,0.9453652465609039,0.000347248691608959,0.0
0.435,0.32600937744626,0.9457201350532856,0.0003342881397712105,0.0
0.43525,0.32494192464349503,0.946073967698311,0.0003215516759815795,0.0
0.4355,0.323874343636124,0.9464267426701554,0.00030903710152019315,0.0
0.43575,0.3228066348401999,0.9467784588221448,0.0002967427651106025,0.0
0.436,0.32173879883198886,0.9471291146646834,0.00028466674210192444,0.0
0.43625,0.32067083625735293,0.9474787085746499,0.00027280700230791766,0.0
0.4365,0.319602747613569,0.9478272392214464,0.000261161743417615,0.0
0.43675,0.31853453335151194,0.9481747053321286,0.0002497292022298758,0.0
0.437,0.31746619418534294,0.9485211054291867,0.0002385075046511531,0.0
0.43725,0.31639773063999854,0.9488664378894995,0.00022749457673310047,0.0
0.4375,0.31532914324385786,0.9492107012364883,0.0002166884834362559,0.0
0.43775,0.314260432456166,0.9495538943697852,0.00020608762412632764,0.0
0.438,0.31319159904408345,0.9498960153097684,0.00019568965936156424,0.0
0.43825,0.3121226433532289,0.9502370633795181,0.0001854933530764935,0.0
0.4385,0.31105356602221335,0.9505770364744421,0.00017549620437518065,0.0
0.43875,0.3099843677075924,0.9509159331360024,0.00016569632985818927,0.0
0.439,0.30891504881333276,0.9512537524457017,0.00015609228028590216,0.0
0.43925,0.3078456099096094,0.9515904925937164,0.00014668180990895507,0.0
0.4395,0.3067760517010498,0.9519261519431552,0.00013746287727278705,0.0
0.43975,0.3057063745714448,0.9522607295173202,0.0001284339695952763,0.0
0.44,0.30463657916786424,0.9525942236651943,0.00011959301245201281,0.0
0.44025,0.3035666660333334,0.9529266329237771,0.000110938077391598,0.0
0.4405,0.30249663572291574,0.9532579555754737,0.00010246699606430987,0.0
0.44075,0.30142648879711587,0.9535881904739796,9.417814523682289e-05,0.0
0.441,0.30035622582596844,0.9539173362184101,8.606966123037019e-05,0.0
0.44125,0.29928584729963603,0.9542453912168796,7.813947336954286e-05,0.0
0.4415,0.29821535376783714,0.9545723544742799,7.038609762188841e-05,0.0
0.44175,0.29714474591734685,0.9548982235678309,6.280672729941372e-05,0.0
0.442,0.29607402424102425,0.9552229978704503,5.540021085082003e-05,0.0
0.44225,0.29500318924530333,0.9555466757456301,4.816443680599747e-05,0.0
0.4425,0.29393224151114516,0.9558692554882313,4.1097249203980724e-05,0.0
0.44275,0.2928611815928708,0.9561907363131041,3.419736275467322e-05,0.0
0.443,0.291790010020625,0.9565111160842292,2.7462193181060357e-05,0.0
0.44325,0.29071872746342287,0.9568303934972349,2.0889990816730375e-05,0.0
0.4435,0.28964733439594603,0.9571485671261186,1.447883231109337e-05,0.0
0.44375,0.28857583135317455,0.9574656359811655,8.227229153279225e-06,0.0
0.444,0.2875042188511968,0.9577815981033992,2.132759094886083e-06,6.45760411141806
0.44425,0.2864337565973343,0.9581006540504946,5.801050548814857e-07,2.0349532839771687
0.4445,0.28536347307784077,0.958419562488056,1.8476340502004973e-07,0.9090589994656952
0.44475,0.2842931229206851,0.9587374972173848,8.41553218222657e-08,0.6190286176780372
0.445,0.28322264435060174,0.9590542481117578,5.854707652019897e-08,0.5358658484365391
0.44525,0.2821520227638564,0.9593697648176882,5.479803966146335e-08,0.5196160744138514
0.4455,0.28108125543770507,0.9596840273250906,5.223066956716593e-08,0.5034027977438177
0.44575,0.28001034294169436,0.9599970376278192,5.220425558505326e-08,0.5033314612445958
0.446,0.27893928572838433,0.9603087959809784,5.4380547398480417e-08,0.4920625538912242
0.44625,0.27786808542808933,0.9606192976246505,5.3934172905556466e-08,0.5001577176508392
0.4465,0.276796742615392,0.9609285470286242,5.460851570937564e-08,0.4870154936668387
0.44675,0.2757252594151706,0.9612365436999653,5.581190754000431e-08,0.4854693811577098
0.447,0.27465363645130286,0.961543285884528,5.5322768366394826e-08,0.4779622328734565
0.44725,0.2735818750900042,0.961848778052289,5.710922046375799e-08,0.48211865450353314
0.4475,0.2725099768370535,0.9621530170486904,5.784581280643408e-08,0.472006022668783
0.44775,0.2714379425956627,0.9624560040793496,5.8234475908136574e-08,0.46904388994525087
0.448,0.27036577371461235,0.9627577406859871,5.9423541864944696e-08,0.4647018669161813
0.44825,0.2692934712294173,0.9630582263048658,6.04501297907234e-08,0.464355922851927
0.4485,0.26822103668769925,0.9633574595232525,5.967045768606738e-08,0.457119034680631
0.44875,0.2671484713384649,0.9636554451567102,6.13593260645473e-08,0.456278509482594
0.449,0.2660757759050797,0.9639521799711896,6.189734746975262e-08,0.4482728290687758
0.44925,0.2650029522094538,0.9642476650069776,6.207556535464676e-08,0.45025329030808525
0.4495,0.2639300009016765,0.9645419007359171,6.182560530199055e-08,0.44204064937964893
0.44975,0.26285692357284,0.9648348896407983,6.32691725677148e-08,0.4401712317803671
0.45,0.26178372142472206,0.9651266298676546,6.424133447424651e-08,0.4343099173489361
0.45025,0.26071039557133346,0.9654171215693527,6.448910561118737e-08,0.43600156948930624
0.4505,0.25963694693804384,0.9657063666883292,6.543883901422021e-08,0.4271460468100974
0.45075,0.2585633770707969,0.9659943648163072,6.640955585446306e-08,0.428099983127197
0.451,0.25748968716168524,0.9662811154275243,6.65132393606882e-08,0.4195337060748029
0.45125,0.25641587818653394,0.9665666208196468,6.753443893003919e-08,0.422155627087184
0.4515,0.2553419514600476,0.9668508795543338,6.773520477842965e-08,0.4130582692295653
0.45175,0.25426790812193917,0.9671338935548518,6.858163481560098e-08,0.4118350936274483
0.452,0.2531937493896459,0.9674156621015726,6.900470306270279e-08,0.4078671918688191
0.45225,0.25211947647793076,0.9676961855368682,6.896105309017742e-08,0.4071902385628738
0.4525,0.2510450903534691,0.9679754657521238,6.984430878098635e-08,0.4008996622692966
0.45275,0.24997059247668724,0.9682535026353435,7.123437617551076e-08,0.3991637932353123
0.453,0.24889598379537423,0.9685302954980877,7.202353757840285e-08,0.3935036334393077
0.45325,0.24782126562859394,0.9688058443456636,7.186803352432491e-08,0.39535720545761216
0.4535,0.24674643895947945,0.9690801514438886,7.25308444415873e-08,0.38620767075874485
0.45375,0.24567150512439664,0.9693532159319135,7.283381209255424e-08,0.3868399868728714
0.454,0.244596465200966,0.9696250389818886,7.350471542544312e-08,0.38002626570618914
0.45425,0.2435213203793897,0.9698956206294538,7.419775460704159e-08,0.3820614900016793
0.4545,0.24244607172488966,0.9701649607044713,7.433676674217793e-08,0.3745150963218904
0.45475,0.2413707204725968,0.9704330607603833,7.505911026051137e-08,0.3741333995738951
0.455,0.2402952677080813,0.9706999206425143,7.580913807814227e-08,0.36789268825217086
0.45525,0.23921971467930903,0.9709655402703776,7.614189523330595e-08,0.3688713696997148
0.4555,0.23814406237886873,0.9712299207916731,7.674365209986433e-08,0.3621191944808119
0.45575,0.23706831204878573,0.9714930623961077,7.743071095411835e-08,0.3616592239133617
0.456,0.23599246478305336,0.9717549650064257,7.772450705267886e-08,0.355500882212696
0.45625,0.23491652185171044,0.9720156295382113,7.815273206368545e-08,0.3571154090580876
0.4565,0.2338404840817394,0.9722750564173873,7.866350482110818e-08,0.35066043851567846
0.45675,0.23276435289558764,0.9725332459239386,7.920312361520132e-08,0.34969278505229046
0.457,0.231688129230695,0.9727901988812179,8.01328861044226e-08,0.34435956280690116
0.45725,0.2306118143915798,0.9730459144419553,8.027457543136052e-08,0.34432406198518817
0.4575,0.2295354093064846,0.9733003941592508,8.06980209322461e-08,0.33938772305193693
0.45775,0.228458915276367,0.9735536384454543,8.144981489266456e-08,0.33760987245675134
0.458,0.22738233320088597,0.9738056470765812,8.186505562335356e-08,0.33354896197633377
0.45825,0.22630566453918485,0.9740564208558602,8.240652205060428e-08,0.33272529049306115
0.4585,0.22522890994032957,0.9743059597986505,8.258603600985737e-08,0.3283824543171771
0.45875,0.22415207081940158,0.9745542650798146,8.321893818497017e-08,0.326252795462236
0.459,0.2230751482540319,0.974801336430536,8.363765524599387e-08,0.3224832535925613
0.45925,0.2219981434033717,0.9750471745405498,8.412702312554643e-08,0.32172913639387146
0.4595,0.22092105720457778,0.9752917797493117,8.458148048617886e-08,0.31772152809999027
0.45975,0.2198438907169695,0.9755351524465489,8.497223946690724e-08,0.31486040378227925
0.46,0.21876664532689993,0.9757772932019044,8.551800689815536e-08,0.31141291264122517
0.46025,0.21768932198203142,0.9760182021911665,8.595673306466267e-08,0.31117935607610925
0.4605,0.2166119216367245,0.9762578798564907,8.62885185526352e-08,0.3065984044810733
0.46075,0.21553444556477128,0.9764963267920218,8.67316085617631e-08,0.30546700396891996
0.461,0.2144568947110237,0.9767335432858802,8.713443899743822e-08,0.30095394524006774
0.46125,0.21337927037547347,0.9769695298046666,8.759635639066232e-08,0.300694465270881
0.4615,0.21230157352508555,0.9772042868222092,8.815246110849273e-08,0.2967551735568192
0.46175,0.211223805151491,0.9774378144216731,8.846204213597275e-08,0.29359370247340494
0.462,0.2101459664497085,0.9776701134102259,8.893531910914021e-08,0.29178674888988543
0.46225,0.209068058522427,0.9779011839303743,8.93133784707345e-08,0.29054771403145274
0.4625,0.20799008212455616,0.9781310265478271,8.967883879940075e-08,0.2864109911182639
0.46275,0.2069120390984129,0.9783596416174262,9.013481672148771e-08,0.2847759090301795
0.463,0.20583392958732474,0.9785870295737694,9.050968263757397e-08,0.28122924525438153
0.46325,0.20475575543711638,0.9788131908189732,9.09529178638735e-08,0.28114548148259827
0.4635,0.2036775169057632,0.97903812576,9.129227129811568e-08,0.2765743305094998
0.46375,0.20259921589718632,0.9792618348014704,9.16904443482025e-08,0.2750869008863607
0.464,0.20152085304170342,0.979484318376878,9.207843221226142e-08,0.27100917896992466
0.46425,0.2004424295734978,0.9797055768825772,9.247407062318302e-08,0.27206289824127833
0.4645,0.1993639464268231,0.9799256107138853,9.283392476966412e-08,0.2675219040585703
0.46475,0.1982854045809586,0.9801444203567437,9.321314142773929e-08,0.2656544900113704
0.465,0.19720680502414897,0.9803620061539283,9.352898944214871e-08,0.2627531096617207
0.46525,0.1961281493836479,0.9805783687154837,9.408668244503815e-08,0.26142381747515236
0.4655,0.195049437996986,0.9807935078579382,9.415960544600921e-08,0.2584872137188126
0.46575,0.19397067253323028,0.9810074248394447,9.469655171123748e-08,0.25712519620556235
0.466,0.19289185350557858,0.9812201193376566,9.487090690818434e-08,0.25377015496646865
0.46625,0.19181298251429602,0.9814315923849157,9.539610590358905e-08,0.2530878872791857
0.4665,0.1907340600546477,0.9816418438771068,9.565768355201953e-08,0.24902988591281025
0.46675,0.18965508757018704,0.9818508745191133,9.601759676236554e-08,0.24860330908087686
0.467,0.18857606576349953,0.9820586846671783,9.635452946632483e-08,0.2449992814881356
0.46725,0.18749699613971244,0.9822652747262298,9.674720091723543e-08,0.24402511089564663
0.4675,0.18641787914786961,0.9824706450837355,9.705861581110753e-08,0.24099005603953913
0.46775,0.18533871636165458,0.9826747963117402,9.754444829646047e-08,0.23979840447397488
0.468,0.18425950861792373,0.9828777283233237,9.767506314872776e-08,0.23667559091709342
0.46825,0.1831802572202305,0.9830794420873636,9.804503120491859e-08,0.2356358218991241
0.4685,0.18210096240162815,0.9832799383018559,9.878724549494677e-08,0.23262006249481565
0.46875,0.18102162598911972,0.9834792157944137,9.848766491238337e-08,0.23170245445124923
0.469,0.17994224874979903,0.9836772768503891,9.893846075748058e-08,0.228576373264332
0.46925,0.17886283176063533,0.9838741212406052,9.951619839299042e-08,0.22756816632718202
0.4695,0.177783375774039,0.984069748616728,9.942209677760161e-08,0.22490840682558022
0.46975,0.17670388235520246,0.9842641607085513,1.0004734996016396e-07,0.22270858643136665
0.47,0.1756243520945624,0.9844573567547528,1.0015858964429469e-07,0.2214614550220511
0.47025,0.17454478628279768,0.984649338071587,1.006916559020965e-07,0.2191735895896231
0.4705,0.1734651855912285,0.9848401042149935,1.0074119427549988e-07,0.2172271076625841
0.47075,0.17238555129022892,0.9850296563134466,1.01055306345188e-07,0.21593510452113848
0.471,0.17130588426497356,0.9852179946102365,1.0144380513388285e-07,0.21319095606008398
0.47125,0.17022618594397768,0.9854051192887163,1.0175071629703325e-07,0.21197229388971323
0.4715,0.1691464568198619,0.9855910311183841,1.0223785107399408e-07,0.20955790077946193
0.47175,0.16806669825843834,0.985775729910851,1.0237237679788791e-07,0.2077707586207895
0.472,0.1669869108260329,0.985959216439003,1.0243411185939522e-07,0.20624391705916237
0.47225,0.16590709643674517,0.9861414915048026,1.0295768881896095e-07,0.2040841964976888
0.4725,0.1648272550015523,0.9863225548606693,1.0310910703026366e-07,0.20258689775964564
0.47275,0.16374738806911632,0.9865024074293747,1.034816994316401e-07,0.20095018411705234
0.473,0.16266749684576623,0.9866810490818294,1.0357363811053233e-07,0.19890758018835158
0.47325,0.16158758202438503,0.9868584809199249,1.0401402916748737e-07,0.19713051866292827
0.4735,0.1605076446552879,0.987034702573932,1.0403899386446369e-07,0.19481286251579744
0.47375,0.15942768579852246,0.9872097152608594,1.0445224418731414e-07,0.1938636469435992
0.474,0.1583477065273584,0.9873835186647817,1.0454665444470379e-07,0.19239855964408176
0.47425,0.15726770777476648,0.98755611391113,1.0501598546319713e-07,0.19016153667934305
0.4745,0.15618769060056584,0.9877275006488959,1.0511662096313046e-07,0.1883095495598827
0.47475,0.15510765577016333,0.9878976799990627,1.0551301743433328e-07,0.1869478314398661
0.475,0.1540276044821575,0.988066651771313,1.0564253694056447e-07,0.18531485670915818
0.47525,0.1529475377852824,0.988234416501484,1.056362988194337e-07,0.1835913733121521
0.4755,0.15186745661031076,0.9884009755678096,1.0644033543449893e-07,0.18143956101618422
0.47575,0.15078736176512492,0.9885663274543817,1.0612235956664051e-07,0.18045156860331132
0.476,0.14970725455682654,0.9887304747844654,1.0691722263089787e-07,0.17857688872733993
0.47625,0.1486271358265141,0.9888934159873188,1.0684352491630023e-07,0.17773186472392122
0.4765,0.14754700660397232,0.9890551522546094,1.0667958494359198e-07,0.17517515681464185
0.47675,0.14646686786907703,0.9892156849329347,1.073503506088258e-07,0.17371697803150274
0.477,0.1453867203101353,0.9893750132651167,1.076579378977982e-07,0.1722493410227182
0.47725,0.1443065657359362,0.9895331377754708,1.0783512860434996e-07,0.17099505890199151
0.4775,0.14322640413125193,0.9896900592263782,1.0808593442490633e-07,0.1692312050820535
0.47775,0.14214623704763282,0.9898457777481673,1.0821633211755e-07,0.16770464322373207
0.478,0.1410660654104312,0.9900002939578165,1.084234657611205e-07,0.16649157339830528
0.47825,0.13998589034697964,0.9901536081697686,1.0863391808335621e-07,0.16403257605036384
0.4785,0.13890571241330166,0.9903057207045267,1.0870057365330865e-07,0.1636109409091686
0.47875,0.1378255332063979,0.9904566320453851,1.0878315181983567e-07,0.1620812212841829
0.479,0.13674535253908152,0.9906063430878308,1.0920343540554711e-07,0.16012470520979025
0.47925,0.13566517275120954,0.9907548530710427,1.0899071356540446e-07,0.15905927981944062
0.4795,0.13458499482624034,0.9909021642400572,1.0996399812945867e-07,0.15706431924381992
0.47975,0.13350481819553348,0.991048274941261,1.0987272980322871e-07,0.15613440731004694
0.48,0.13242464530107156,0.9911931868183288,1.1013908851609244e-07,0.15492828034104045
0.48025,0.13134447640405986,0.9913368999665293,1.103585465234147e-07,0.1525784540359473
0.4805,0.13026431286291382,0.9914794151412167,1.1092720186844929e-07,0.15188566782833515
0.48075,0.12918415578460113,0.991620731205755,1.1033140201455183e-07,0.15044112136360835
0.481,0.12810400542152922,0.9917608504681253,1.1036314329082586e-07,0.1491947552101775
0.48125,0.12702386378277153,0.9918997732343731,1.1105634611929815e-07,0.14747935129846892
0.4815,0.1259437302749705,0.992037498871431,1.111813232590464e-07,0.14637720332104756
0.48175,0.12486360752633048,0.9921740279579678,1.1111940767527528e-07,0.14496232276501875
0.482,0.12378349549891965,0.9923093614892977,1.1132860833207303e-07,0.14385298617401615
0.48225,0.12270339584703412,0.9924434999744068,1.1199691596353034e-07,0.14210481011189013
0.4825,0.12162330893809618,0.9925764422810084,1.1152413148529661e-07,0.14096259065527686
0.48275,0.12054323580539743,0.9927081910378135,1.1212599559939918e-07,0.13996979110035174
0.483,0.11946317785836344,0.9928387446278144,1.1184907044992087e-07,0.13841191638797104
0.48325,0.1183831358529511,0.992968105292669,1.1249143927472005e-07,0.136922881874767
0.4835,0.1173031103203434,0.9930962714409137,1.1202032945689666e-07,0.1361201525204009
0.48375,0.11622310288675013,0.9932232458734691,1.1289402057634845e-07,0.13485839220483428
0.484,0.11514311393769106,0.9933490271171266,1.1318089865319791e-07,0.1336430558782908
0.48425,0.11406314530309149,0.9934736158607497,1.1326392690413911e-07,0.13172592642212438
0.4845,0.11298319674006843,0.9935970125582323,1.1305511815606906e-07,0.13106881072917898
0.48475,0.11190326982860323,0.9937192180160765,1.1302640157140331e-07,0.1296898680628107
0.485,0.11082336570713183,0.9938402330890443,1.1364656482548696e-07,0.12909807223007366
0.48525,0.109743485559813,0.993960056945566,1.1371301833484893e-07,0.12688999161222825
0.4855,0.10866362963568876,0.9940786905355182,1.1369119978787978e-07,0.12627031624312804
0.48575,0.10758379899343393,0.9941961346127594,1.1394239929352068e-07,0.12511395769816594
0.486,0.10650399499323271,0.9943123890507337,1.1398464150325083e-07,0.1244121460567347
0.48625,0.10542421861148332,0.9944274554591775,1.1502042163158421e-07,0.12197789435324313
0.4865,0.10434446978437414,0.9945413318448696,1.145611681074854e-07,0.12178265157508583
0.48675,0.10326475114343188,0.9946540203244632,1.1448815961934145e-07,0.12051712955113636
0.487,0.10218506205081422,0.994765520756409,1.1409604261380935e-07,0.11974294976778854
0.48725,0.10110540492137088,0.9948758349841427,1.1496984808623267e-07,0.11786598546877122
0.4875,0.10002577944367046,0.9949849611109292,1.1469510896588986e-07,0.11703471530314546
0.48775,0.0989461871496752,0.9950929011141014,1.148995620869897e-07,0.11597622589346847
0.488,0.09786662888687658,0.995199654887557,1.1506899055824249e-07,0.11580692421830158
0.48825,0.09678710617326752,0.9953052233072279,1.1573201641468245e-07,0.11288549635887897
0.4885,0.0957076185718684,0.9954096056351632,1.1562171797763199e-07,0.1128905611014363
0.48875,0.0946281682520145,0.9955128023275942,1.149124291277559e-07,0.11188082752617136
0.489,0.09354875629727856,0.9956148157516314,1.1557445445120607e-07,0.11121147340086944
0.48925,0.09246938275155576,0.995715644600696,1.1582450998304239e-07,0.10901844668100534
0.4895,0.09139004890754586,0.9958152899791923,1.1639782648842356e-07,0.10883367286426063
0.48975,0.0903107556109486,0.9959137513178313,1.1632148111395679e-07,0.10784253446204838
0.49,0.08923150438619132,0.9960110286731805,1.1530680832372298e-07,0.1071599109246069
0.49025,0.08815229528142804,0.9961071257183874,1.1653515885612364e-07,0.10466197410462534
0.4905,0.08707313013544161,0.9962020390213232,1.1627090601429302e-07,0.10478017238408045
0.49075,0.08599400942396414,0.996295771432569,1.1691560652948851e-07,0.10354817018962781
0.491,0.08491493433737946,0.9963883214309731,1.1657876997084315e-07,0.10320920955568018
0.49125,0.08383590520145966,0.9964796911570063,1.1694464863154508e-07,0.10125343074988935
0.4915,0.08275692346903081,0.9965698798812963,1.1693433332737868e-07,0.10066805038851585
0.49175,0.08167799027816824,0.9966588886329582,1.1719347514649314e-07,0.10003832199742782
0.492,0.08059910574232987,0.9967467170284365,1.1687670786741933e-07,0.09940230731717686
0.49225,0.07952027204750975,0.9968333664648019,1.170820231877201e-07,0.09696479429776265
0.4925,0.07844148919268278,0.9969188369359933,1.1733228277854835e-07,0.09724757154066589
0.49275,0.0773627581454991,0.997003128489338,1.172826964435103e-07,0.09581790914317705
0.493,0.07628407999077175,0.9970862420557364,1.1747842743048409e-07,0.09566956338736733
0.49325,0.0752054560907491,0.9971681779006695,1.1782177256058901e-07,0.09347926489530194
0.4935,0.07412688689493045,0.9972489359756711,1.1783266407050519e-07,0.09360805461903224
0.49375,0.07304837321555442,0.9973285170203958,1.1784576336992814e-07,0.09293193794554178
0.494,0.07196991685589893,0.9974069210692207,1.1756450679634156e-07,0.09184187773096426
0.49425,0.07089151780822994,0.9974841496252359,1.1802536037386346e-07,0.089657735742293
0.4945,0.06981317736266558,0.9975602019114304,1.1808551536596212e-07,0.08994383252453345
0.49475,0.06873489621757736,0.9976350787137489,1.1811910760606281e-07,0.08898705044283656
0.495,0.06765667582459435,0.9977087807938373,1.1852837267234406e-07,0.08901639472102106
0.49525,0.06657851674853353,0.997781307306744,1.180515880605526e-07,0.08654817733055636
0.4955,0.06550041998115637,0.9978526607837626,1.1882546413488626e-07,0.08631411023741076
0.49575,0.0644223867994466,0.9979228390133561,1.1827270007813695e-07,0.08598516488753083
0.496,0.06334441713617878,0.9979918440050266,1.1794143084387088e-07,0.08559112039372097
0.49625,0.062266513148131045,0.9980596764339257,1.1819150258496336e-07,0.08264906707972668
0.4965,0.06118867509174376,0.998126336314939,1.186024758403903e-07,0.0834835847042347
0.49675,0.06011090419014962,0.9981918239747718,1.1912631259214379e-07,0.08233598651012151
0.497,0.05903320123630103,0.9982561390286621,1.1897830143325905e-07,0.08229699755976569
0.49725,0.05795556653673645,0.9983192825187287,1.1877064465259934e-07,0.07987515010094766
0.4975,0.05687800247896667,0.9983812551000949,1.1885061201866165e-07,0.08029194920630077
0.49775,0.05580050841365766,0.9984420571340883,1.1909667918530431e-07,0.07954105758913484
0.498,0.054723086324514725,0.9985016885357663,1.1909282138233834e-07,0.07889620498314191
0.49825,0.05364573715372996,0.9985601502584509,1.1939946653605205e-07,0.07680162401660756
0.4985,0.052568460981454145,0.9986174415310964,1.188100287041749e-07,0.07722111298970095
0.49875,0.051491259082183265,0.9986735649736815,1.1956954804048792e-07,0.07615904916482093
0.499,0.0504141332837983,0.998728518620771,1.1937059096744917e-07,0.0763074160889302
0.49925,0.04933708326435387,0.998782304118458,1.194025978090707e-07,0.07386075503024027
0.4995,0.048260110883123104,0.9988349218741427,1.1972888080968858e-07,0.07415374603932776
0.49975,0.04718321607117817,0.9988863717283151,1.197516814599453e-07,0.07389305288299927
0.5,0.04610640066953664,0.9989366539806994,1.1942442057488734e-07,0.07282470257586877
0.50025,0.04502966565452925,0.998985769772886,1.1949883504946968e-07,0.07105268216602902
0.5005,0.043953010802795955,0.9990337196220334,1.2005022598238213e-07,0.07139569133692819
0.50075,0.042876438451579284,0.9990805023280781,1.1955320133871794e-07,0.07061196313002527
0.501,0.041799948524369905,0.9991261206960277,1.2037685936938658e-07,0.070628933604
0.50125,0.040723542368025945,0.9991705728201307,1.2024634687968216e-07,0.06805582506649771
0.5015,0.03964722087054982,0.9992138600598421,1.2012921679627198e-07,0.0688816466314662
0.50175,0.03857098504054365,0.9992559826822117,1.199065879919914e-07,0.06818448876678308
0.502,0.037494835732637455,0.9992969411219192,1.1962111390317887e-07,0.06749711631843437
0.50225,0.03641877410787111,0.999336736290571,1.1980369807318425e-07,0.06558845346237527
0.5025,0.03534280029698496,0.9993753684894331,1.2033810414813217e-07,0.06586692450890966
0.50275,0.03426691550924128,0.9994128372460227,1.2037532393094352e-07,0.06554301788637976
0.503,0.033191121572844526,0.9994491439537947,1.209506108601488e-07,0.06511897652374428
0.50325,0.0321154187016618,0.9994842876236081,1.2066241983355042e-07,0.06318292111450745
0.5035,0.031039807318976913,0.9995182696401563,1.2049141839831634e-07,0.06350735780542764
0.50375,0.02996428945013449,0.9995510904602776,1.2054128339933357e-07,0.06280713263897698
0.504,0.028888865182480572,0.9995827500858638,1.204003676757992e-07,0.0629835968668306
0.50425,0.027813535683850994,0.9996132499610486,1.211324558436644e-07,0.06051726215445023
0.5045,0.02673830254992705,0.9996425885001856,1.2078329425513346e-07,0.06075236718292281
0.50475,0.025663165131448316,0.9996707674845752,1.207038744510669e-07,0.06037988756521077
0.505,0.024588125554115558,0.9996977867240662,1.2034962337814648e-07,0.06057311696917171
0.50525,0.0235131847259844,0.999723648187309,1.213004430233866e-07,0.05817746626954861
0.5055,0.022438343041287622,0.9997483491282024,1.204114949970858e-07,0.05880775373090136
0.50575,0.021363601752353942,0.999771892774373,1.205307353924212e-07,0.05783408247729317
0.506,0.020288961812234163,0.9997942787279328,1.208742554936748e-07,0.05859387069126666
0.50625,0.019214424255872616,0.9998155068393039,1.209079021347037e-07,0.055702061924000075
0.5065,0.01813998947593868,0.9998355778668961,1.209933013779363e-07,0.056099630125810526
0.50675,0.017065658529217726,0.9998544921666067,1.2110338198922932e-07,0.05582253304385151
0.507,0.015991432676279324,0.9998722505169475,1.2163642537643682e-07,0.056025503139118936
0.50725,0.014917312748433185,0.9998888517968545,1.2108362601459532e-07,0.053801037896340366
0.5075,0.013843299687783904,0.9999042980692256,1.211217708352308e-07,0.05419715846637878
0.50775,0.012769393862575081,0.9999185887621328,1.2078582911634328e-07,0.05389087172549458
0.508,0.011695597200301222,0.999931725309338,1.211369831111142e-07,0.05407337056541058
0.50825,0.010621909966422555,0.9999437073104398,1.2138053318011544e-07,0.050954869073241184
0.5085,0.009548332865167267,0.9999545352807117,1.216444767138114e-07,0.05217076753715253
0.50875,0.008474867360693982,0.9999642091192926,1.2144816952108783e-07,0.05152552186598102
0.509,0.007401513732980398,0.9999727292566102,1.2083121947448205e-07,0.05192341468752692
0.50925,0.006328273788110784,0.9999800972374273,1.2096004864403653e-07,0.049535531034321185
0.5095,0.0052551478075614595,0.999986313083856,1.2146675421043085e-07,0.05008721582890233
0.50975,0.004182136668030801,0.9999913766494173,1.218201459707302e-07,0.05013342589119252
0.51,0.0031092414799402945,0.9999952872115898,1.2091397794122827e-07,0.04932533954223413
0.51025,0.0020364634885643488,0.9999980481908337,1.217845011503016e-07,0.04752792671743383
0.5105,0.0009638031444034862,0.999999656852807,1.2131110915802878e-07,0.0480622248259842
0.51075,-0.00010873895266849697,1.0000001152611224,1.2117320169480195e-07,0.04773109726346175
0.511,-0.0011811609909580208,0.9999994242282035,1.217990051038953e-07,0.048012787175333534
0.51125,-0.0022534622831119158,0.9999975825070245,1.215560700984497e-07,0.04560219209368713
0.5115,-0.00332564265409549,0.999994591612576,1.2157672535373365e-07,0.046222347997172494
0.51175,-0.0043977006159232395,0.9999904518186583,1.2174958841093542e-07,0.046694782657979536
0.512,-0.005469634906290821,0.9999851628427052,1.2140577254626805e-07,0.04559718596615863
0.51225,-0.006541445386147584,0.9999787259238074,1.2140396310478252e-07,0.04366031120784804
0.5125,-0.007613130565454841,0.9999711410865344,1.2138144889206615e-07,0.04443448508226297
0.51275,-0.008684689691844452,0.9999624086134903,1.2123756087945026e-07,0.04402846238147266
0.513,-0.009756122203752693,0.9999525303093275,1.2239623314869164e-07,0.044323518344720064
0.51325,-0.010827426598342446,0.9999415039091709,1.222034309300568e-07,0.042238190699033826
0.5135,-0.011898602409066539,0.9999293306925198,1.2155923245771305e-07,0.04281636659788967
0.51375,-0.012969648358030819,0.9999160122023222,1.2161855544867706e-07,0.04251597386587591
0.514,-0.014040563805821193,0.9999015482901541,1.2185250897189803e-07,0.042973778299381586
0.51425,-0.015111347752733002,0.9998859394817449,1.2240209024128035e-07,0.04001689147350102
0.5145,-0.016181999476345188,0.9998691848022059,1.219120326911849e-07,0.041102150320416
0.51475,-0.01725251723101867,0.9998512857808415,1.2151419692685295e-07,0.04071620998391623
0.515,-0.018322901456572373,0.9998322432108075,1.2164086404808927e-07,0.040891746643100774
0.51525,-0.019393149993328404,0.999812057257603,1.2205216459726387e-07,0.039092443894049624
0.5155,-0.02046326303960947,0.9997907274348788,1.2189948894736347e-07,0.03947711663508213
0.51575,-0.021533238824082326,0.9997682548369818,1.2187701226018532e-07,0.0392999965549077
0.516,-0.022603076355537155,0.9997446391731586,1.213080942363831e-07,0.040139730035576915
0.51625,-0.023672775426673138,0.9997198827706628,1.2215168720963732e-07,0.03652941039864626
0.5165,-0.024742334720108717,0.9996939834035062,1.2179027852887714e-07,0.03822846161950344
0.51675,-0.02581175355113196,0.999666943279065,1.220531393730795e-07,0.037484075799905515
0.517,-0.026881030731172838,0.9996387614569854,1.2161020568335346e-07,0.03820924175590249
0.51725,-0.0279501653642821,0.9996094395937841,1.2173443764140757e-07,0.035486134437227174
0.5175,-0.029019156580748738,0.9995789775342976,1.2188857745343284e-07,0.036846127944982016
0.51775,-0.030088003417580472,0.9995473755092417,1.2191852727383434e-07,0.036762788426198734
0.518,-0.03115670553680161,0.9995146335615743,1.215018101685672e-07,0.036172194641538855
0.51825,-0.032225260737383764,0.9994807536411964,1.2216437572654115e-07,0.03411344343360547
0.5185,-0.03329366971559759,0.9994457345491323,1.223757855051133e-07,0.035457204346202496
0.51875,-0.034361930242818875,0.9994095762065314,1.2163165807876908e-07,0.03481015577262424
0.519,-0.03543004238951123,0.9993722804019047,1.2136970561904548e-07,0.03529414014290521
0.51925,-0.03649800475208147,0.9993338479121838,1.219669198970763e-07,0.032832786282925845
0.5195,-0.037565815685213555,0.9992942770576975,1.2133417337523156e-07,0.03373812255903892
0.51975,-0.038633475985402656,0.9992535703363974,1.2164836871164653e-07,0.03356021268735992
0.52,-0.03970098337072174,0.9992117267358157,1.214634790525082e-07,0.03424951906282485
0.52025,-0.040768337050856474,0.9991687475275768,1.2167085206016282e-07,0.03165377598364228
0.5205,-0.04183553684394438,0.9991246323905989,1.2159632789554564e-07,0.03258155507393348
0.52075,-0.04290258127349506,0.9990793821062023,1.2161481244277184e-07,0.033061691657279145
0.521,-0.04396946991755352,0.9990329973537062,1.2204317290098743e-07,0.034142688161749826
0.52125,-0.04503620085286286,0.9989854787493186,1.230696247134233e-07,0.03957156954673067
0.5215,-0.04610277460304425,0.9989368298617406,1.2794015336048403e-07,0.06010846912995404
0.52175,-0.047169189732077885,0.9988870590020815,1.445508939212914e-07,0.14064898385969346
0.522,-0.04823544719903594,0.9988362011039511,2.0750111029421703e-07,0.4383608994490072
0.52225,-0.04930155220981041,0.9987843818254849,4.422143085047736e-07,1.5537484465818285
0.5225,-0.05036752812873857,0.9987320715712542,1.3193365338004526e-06,0.0
0.52275,-0.05143334077852302,0.9986786173341287,2.1846296369698592e-06,0.0
0.523,-0.05249898935732489,0.9986240192905171,3.0378891295868016e-06,0.0
0.52325,-0.05356447260614772,0.9985682780751262,3.879344223856052e-06,0.0
0.5235,-0.05462979023190684,0.9985113938700181,4.708823427845843e-06,0.0
0.52375,-0.05569494107454176,0.9984533672141254,5.526465989946772e-06,0.0
0.524,-0.056759924016574814,0.9983941981537541,6.33192067578392e-06,0.0
0.52425,-0.05782473853618342,0.9983338875294763,7.125662859985837e-06,0.0
0.5245,-0.05888938351552042,0.9982724355201924,7.907473863255632e-06,0.0
0.52475,-0.0599538577063754,0.9982098426886381,8.677509526489047e-06,0.0
0.525,-0.06101816056256126,0.9981461095648214,9.435934395174428e-06,0.0
0.52525,-0.062082291023884295,0.9980812363190879,1.0182523664692411e-05,0.0
0.5255,-0.06314624849692052,0.9980152229869574,1.091694688071243e-05,0.0
0.52575,-0.06421003171728046,0.9979480701289347,1.1639355862458345e-05,0.0
0.526,-0.0652736399591376,0.9978797786049327,1.2350234808167215e-05,0.0
0.52625,-0.06633707195531002,0.9978103487727523,1.304953165770506e-05,0.0
0.5265,-0.06740032693366516,0.9977397805991046,1.3736836006916775e-05,0.0
0.52675,-0.06846340382972471,0.9976680748005222,1.4412466206481511e-05,0.0
0.527,-0.06952630256315473,0.9975952315797088,1.5076295690752417e-05,0.0
0.52725,-0.07058902087835861,0.9975212516037288,1.5728511124413203e-05,0.0
0.5275,-0.07165155892690223,0.9974461349943908,1.6368921981202433e-05,0.0
0.52775,-0.07271391545871353,0.9973698822538068,1.699761969531366e-05,0.0
0.528,-0.07377608908220168,0.9972924938723722,1.761467208183376e-05,0.0
0.52825,-0.07483807987473057,0.9972139699579472,1.8219873331171144e-05,0.0
0.5285,-0.0758998861021567,0.997134311367283,1.8813631136760378e-05,0.0
0.52875,-0.07696150690010484,0.9970535183179621,1.9395779182751482e-05,0.0
0.529,-0.07802294179082736,0.9969715910418842,1.99661958157904e-05,0.0
0.52925,-0.07908418946902174,0.9968885301467907,2.0525070461241413e-05,0.0
0.5295,-0.08014524861543748,0.9968043359203733,2.107227062309036e-05,0.0
0.52975,-0.08120611913616216,0.9967190088197384,2.160793042782494e-05,0.0
0.53,-0.08226680003961917,0.9966325491474564,2.2131959545923507e-05,0.0
0.53025,-0.08332728985332238,0.9965449571808023,2.2644202013255565e-05,0.0
0.5305,-0.08438758804280155,0.9964562340340919,2.3145412688219125e-05,0.0
0.53075,-0.08544769382420725,0.9963663792996869,2.3634810019323993e-05,0.0
0.531,-0.08650760586210993,0.9962753933582604,2.4112350872629307e-05,0.0
0.53125,-0.08756732327781691,0.9961832774643469,2.4578900763572165e-05,0.0
0.5315,-0.08862684556289224,0.9960900309666911,2.5033459489121057e-05,0.0
0.53175,-0.08968617117883326,0.9959956547687199,2.547648491924015e-05,0.0
0.532,-0.09074529998355985,0.9959001494727815,2.5908258888485136e-05,0.0
0.53225,-0.09180423039263275,0.9958035152847415,2.632853911999078e-05,0.0
0.5325,-0.09286296150894913,0.9957057523057671,2.673704006839195e-05,0.0
0.53275,-0.09392149287447182,0.9956068615988443,2.7134475094836574e-05,0.0
0.533,-0.09497982305669694,0.9955068431141356,2.7520358791832678e-05,0.0
0.53325,-0.09603795159126349,0.9954056974454346,2.789493727517467e-05,0.0
0.5335,-0.09709587714330326,0.9953034246079895,2.8257798058151096e-05,0.0
0.53375,-0.0981535991545428,0.9952000252203277,2.86092035224339e-05,0.0
0.534,-0.09921111684280248,0.9950954998645258,2.894935888075878e-05,0.0
0.53425,-0.10026842877837083,0.9949898483495971,2.9277635628766063e-05,0.0
0.5345,-0.10132553382852194,0.9948830721556519,2.9595095816681294e-05,0.0
0.53475,-0.10238243190789831,0.9947751707348331,2.9900889914280526e-05,0.0
0.535,-0.10343912148729117,0.9946661449991225,3.0195474855609916e-05,0.0
0.53525,-0.10449560184533624,0.9945559951350447,3.0478667564448614e-05,0.0
0.5355,-0.10555187216935735,0.9944447214883141,3.075043441880254e-05,0.0
0.53575,-0.1066079310471224,0.9943323247165097,3.10109883026044e-05,0.0
0.536,-0.1076637782353842,0.9942188048335794,3.126002571995912e-05,0.0
0.53625,-0.1087194125318689,0.9941041626490374,3.149793264944911e-05,0.0
0.5365,-0.10977483262811205,0.9939883982564268,3.1724370235686195e-05,0.0
0.53675,-0.11083003805659075,0.9938715124589379,3.193979644589007e-05,0.0
0.537,-0.1118850275404597,0.9937535051873922,3.214371336968114e-05,0.0
0.53725,-0.11293980067821252,0.993634376839573,3.233618448605924e-05,0.0
0.5375,-0.11399435634214683,0.9935141280793829,3.251745690580066e-05,0.0
0.53775,-0.11504869357936798,0.9933927591621554,3.2687390826957596e-05,0.0
0.538,-0.11610281145409118,0.9932702707153425,3.2846217800086563e-05,0.0
0.53825,-0.11715670859982907,0.9931466628864172,3.2993641895684434e-05,0.0
0.5385,-0.11821038509171444,0.9930219363307273,3.313003997962305e-05,0.0
0.53875,-0.11926383882794767,0.9928960909556608,3.325479056481839e-05,0.0
0.539,-0.12031706989388624,0.9927691277977999,3.336865139380585e-05,0.0
0.53925,-0.12137007675958245,0.9926410469716984,3.347127268504835e-05,0.0
0.5395,-0.12242285875611003,0.9925118487444067,3.3562558806599085e-05,0.0
0.53975,-0.12347541476302126,0.9923815338004687,3.364277361739276e-05,0.0
0.54,-0.12452774392672694,0.9922501024684891,3.371185985900915e-05,0.0
0.54025,-0.12557984540888611,0.9921175548725074,3.3769559369734026e-05,0.0
0.5405,-0.12663171858074662,0.9919838915092427,3.38160105060048e-05,0.0
0.54075,-0.12768336174907802,0.9918491131612441,3.385150018409e-05,0.0
0.541,-0.12873477482443008,0.9917132195385889,3.387545457189667e-05,0.0
0.54125,-0.12978595641074975,0.9915762116521947,3.38884237729431e-05,0.0
0.5415,-0.13083690557132144,0.9914380899020756,3.3890409797621146e-05,0.0
0.54175,-0.13188762159370526,0.9912988538945413,3.388065718823441e-05,0.0
0.542,-0.13293810388950078,0.9911585048197793,3.3859997908392e-05,0.0
0.54225,-0.13398835054306346,0.9910170428005287,3.382802901019666e-05,0.0
0.5425,-0.1350383614443018,0.9908744685393742,3.3785161656085805e-05,0.0
0.54275,-0.13608813531524788,0.990730781985917,3.373090511704646e-05,0.0
0.543,-0.13713767158740353,0.9905859836562172,3.3665425604567645e-05,0.0
0.54325,-0.13818696898782434,0.9904400741323514,3.3588858564082e-05,0.0
0.5435,-0.13923602628894116,0.9902930538584087,3.350120730849504e-05,0.0
0.54375,-0.14028484368769512,0.9901449231265431,3.340252301020641e-05,0.0
0.544,-0.141333419200933,0.9899956818006288,3.329212927627445e-05,0.0
0.54425,-0.14238175218725502,0.9898453314039202,3.3171178861257644e-05,0.0
0.5445,-0.14342984187805996,0.9896938715957262,3.303896186501731e-05,0.0
0.54475,-0.14447768718153498,0.9895413031433478,3.2895818912637154e-05,0.0
0.545,-0.14552528737854686,0.9893876257127872,3.27410541092199e-05,0.0
0.54525,-0.14657264109275303,0.9892328405963298,3.257548501323093e-05,0.0
0.5455,-0.14761974795742816,0.9890769479103909,3.23989125297075e-05,0.0
0.54575,-0.14866660672882404,0.9889199475502721,3.221079078041811e-05,0.0
0.546,-0.14971321716425479,0.9887618403708629,3.2011671249998486e-05,0.0
0.54625,-0.15075957701314735,0.9886026268850614,3.180146694692354e-05,0.0
0.5465,-0.15180568652004922,0.988442307555367,3.1580413939691354e-05,0.0
0.54675,-0.15285154405421508,0.9882808823040463,3.134793236436728e-05,0.0
0.547,-0.15389714923180975,0.9881183514673282,3.1104040363549856e-05,0.0
0.54725,-0.15494250083065708,0.9879547163356364,3.084957089494189e-05,0.0
0.5475,-0.15598759766875503,0.9877899764797604,3.058366249741873e-05,0.0
0.54775,-0.15703243947179857,0.9876241322705184,3.0306385540690428e-05,0.0
0.548,-0.15807702515746058,0.9874571848967975,3.0018492915173667e-05,0.0
0.54825,-0.15912135308514053,0.9872891341073569,2.971922543415495e-05,0.0
0.5485,-0.16016542353267482,0.9871199801588304,2.940862965172819e-05,0.0
0.54875,-0.16120923451691027,0.9869497239209863,2.908699759296418e-05,0.0
0.549,-0.1622527856032434,0.9867783653583047,2.875397421453485e-05,0.0
0.54925,-0.16329607559330128,0.9866059056929615,2.8410322627792084e-05,0.0
0.5495,-0.1643391039877642,0.9864323442511989,2.805504866554287e-05,0.0
0.54975,-0.16538186954604583,0.9862576821638811,2.7688817572979474e-05,0.0
0.55,-0.1664243715211171,0.9860819198976003,2.7311719603018147e-05,0.0
0.55025,-0.1674666083088283,0.9859050574438015,2.6923233433784333e-05,0.0
0.5505,-0.1685085801477726,0.9857270951989676,2.6523544657264253e-05,0.0
0.55075,-0.16955028562348673,0.9855480337011002,2.611270261887455e-05,0.0
0.551,-0.17059172330755956,0.9853678731592268,2.569042769140495e-05,0.0
0.55125,-0.17163289343951504,0.9851866143482724,2.5257281750734606e-05,0.0
0.5515,-0.17267379354543522,0.9850042572996642,2.48126300841367e-05,0.0
0.55175,-0.1737144240995363,0.9848208027870271,2.4357074525527267e-05,0.0
0.552,-0.17475478326613825,0.984636251101584,2.389034351413244e-05,0.0
0.55225,-0.17579487051839493,0.9844506021602086,2.341202302691414e-05,0.0
0.5525,-0.17683468498579913,0.9842638569751188,2.292271805659496e-05,0.0
0.55275,-0.17787422565017863,0.9840760159041153,2.242236280247667e-05,0.0
0.553,-0.17891349111008736,0.9838870791885839,2.191070768131631e-05,0.0
0.55325,-0.1799524815565121,0.983697047015049,2.1387733519562246e-05,0.0
0.5535,-0.18099119502397087,0.9835059200937195,2.0853550364297035e-05,0.0
0.55375,-0.18202963068490874,0.9833136988061995,2.0308147396175258e-05,0.0
0.554,-0.18306778830110204,0.9831203832819213,1.975137386622805e-05,0.0
0.55425,-0.18410566645046345,0.9829259742203078,1.918342405327067e-05,0.0
0.5545,-0.1851432645715576,0.9827304718303864,1.860416703625134e-05,0.0
0.55475,-0.18618058142379823,0.9825338767310541,1.8013749481182728e-05,0.0
0.555,-0.18721761602509446,0.9823361890149229,1.7411847654802415e-05,0.0
0.55525,-0.18825436754659108,0.9821374092272492,1.6798610893431487e-05,0.0
0.5555,-0.18929083499634203,0.9819375377864574,1.6174033071747473e-05,0.0
0.55575,-0.19032701798325746,0.981736575332647,1.553843941515254e-05,0.0
0.556,-0.19136291445277465,0.9815345218766041,1.4891220822654816e-05,0.0
0.55625,-0.19239852488320253,0.9813313777837536,1.4232598812613517e-05,0.0
0.5565,-0.1934338473218844,0.9811271440532963,1.356295198506885e-05,0.0
0.55675,-0.1944688810007804,0.9809218204524015,1.288167570567822e-05,0.0
0.557,-0.19550362550406675,0.9807154074660716,1.2188939003454635e-05,0.0
0.55725,-0.19653807952420976,0.9805079058606765,1.1485013224232787e-05,0.0
0.5575,-0.19757224202741952,0.9802993159036362,1.0769732445625735e-05,0.0
0.55775,-0.19860611274497586,0.9800896373823917,1.0042611582106176e-05,0.0
0.558,-0.1996396895345356,0.9798788716390661,9.304317762248715e-06,0.0
0.55825,-0.20067297268249007,0.9796670187307512,8.554740420940732e-06,0.0
0.5585,-0.20170596067637092,0.9794540786520542,7.793349892981638e-06,0.0
0.55875,-0.20273865263785495,0.9792400520992359,7.020429720228094e-06,0.0
0.559,-0.20377104777546862,0.9790249398418283,6.236352457777983e-06,0.0
0.55925,-0.20480314514970388,0.9788087418024674,5.4406312697263814e-06,0.0
0.5595,-0.2058349437232394,0.9785914584832653,4.633326242897695e-06,0.0
0.55975,-0.20686644252290876,0.9783730904577439,3.814579684791042e-06,0.0
0.56,-0.207897640734366,0.9781536377677469,2.9840461437391497e-06,0.0
0.56025,-0.20892853784611987,0.9779331012666646,2.1422374822943624e-06,0.0
0.5605,-0.20995913174787972,0.9777114813428582,1.2888761542484417e-06,0.0
0.56075,-0.21098942278099742,0.9774887779980688,4.2381871834251683e-07,1.3166387137625841
0.561,-0.21201954726839284,0.9772656279875861,1.9803491313474808e-07,0.3560747528590626
0.56125,-0.21304940462247415,0.9770415698326252,1.389954860098186e-07,0.10672807564894354
0.5615,-0.2140789674706222,0.9768164837050657,1.2357560064124584e-07,0.040017683334301175
0.56175,-0.2151082284151492,0.9765903384517001,1.195445478163748e-07,0.023366255350596072
0.562,-0.21613718417917482,0.976363126313017,1.1840430835796667e-07,0.018727220657746905
0.56225,-0.21716583408194032,0.976134845535539,1.1808059063866949e-07,0.018678528744855236
0.5625,-0.21819417670478095,0.975905496037417,1.17971950208684e-07,0.018002040109400916
0.56275,-0.2192222115084432,0.9756750780190622,1.1794307086532285e-07,0.018651957825725003
0.563,-0.22024993651282898,0.9754435919538453,1.1780885555978671e-07,0.017020741460115032
0.56325,-0.2212773521008842,0.9752110381973099,1.1778731989764424e-07,0.01756425919556935
0.5635,-0.22230445682738073,0.9749774171304407,1.1771982411090676e-07,0.018043429782210203
0.56375,-0.22333124979618954,0.9747427293007234,1.1773006880488879e-07,0.019060483884588357
0.564,-0.22435772948963262,0.9745069750635551,1.176146249282084e-07,0.017623967992075645
0.56425,-0.2253838963728266,0.9742701547688515,1.1760875251454195e-07,0.01818379370292657
0.5645,-0.22640974841029246,0.9740322689251477,1.175413346654608e-07,0.017989739682114335
0.56475,-0.2274352853520322,0.9737933179275888,1.1753178430495836e-07,0.019548533426271133
0.565,-0.22846050566531773,0.9735533022285732,1.1746449923855096e-07,0.017420148623830678
0.56525,-0.2294854086520955,0.9733122222527445,1.173853907410205e-07,0.018863481899543302
0.5655,-0.23050999395121843,0.9730700783766758,1.1737168348346927e-07,0.018508416475775138
0.56575,-0.23153425996658172,0.9728268710647346,1.1730193039127812e-07,0.01937966954673179
0.566,-0.23255820612090616,0.9725826007640348,1.1727154713980781e-07,0.018700186591458088
0.56625,-0.23358183135127028,0.9723372678532127,1.1719682491140304e-07,0.01892834795655315
0.5665,-0.23460513486728524,0.9720908727835073,1.1712754210968512e-07,0.019091970071493766
0.56675,-0.23562811596311847,0.9718434159643787,1.1709281388938564e-07,0.020260488372077064
0.567,-0.23665077292054804,0.9715948978703048,1.1694574353349196e-07,0.018135576144375765
0.56725,-0.2376731062175181,0.9713453188896728,1.1697397495069595e-07,0.02047646009570511
0.5675,-0.2386951140313311,0.9710946794455716,1.1695495705232872e-07,0.018642917563233028
0.56775,-0.239716795347538,0.9708429800016775,1.1689510870382946e-07,0.020747715278283608
0.568,-0.24073814943493943,0.9705902209688144,1.1681681888475737e-07,0.019182858562035793
0.56825,-0.24175917575144437,0.9703364027729019,1.1680312961281913e-07,0.02022051201695108
0.5685,-0.2427798726080556,0.9700815258553316,1.1667468924336788e-07,0.01898090802005745
0.56875,-0.24380024033605097,0.969825590620192,1.1670485333681313e-07,0.020815199865572766
0.569,-0.24482027634451242,0.9695685975649844,1.1654676024264177e-07,0.020297070750048243
0.56925,-0.24583998130835916,0.9693105470679962,1.1653346954076937e-07,0.020636981025335118
0.5695,-0.24685935368555548,0.9690514395579788,1.1650571374310914e-07,0.02027198551907333
0.56975,-0.24787839254809757,0.9687912755227726,1.1651062781226074e-07,0.021213085498493288
0.57,-0.2488970967136055,0.9685300553124554,1.1639799812890317e-07,0.020411021249258917
0.57025,-0.24991546589445315,0.9682677794073448,1.1636582941676465e-07,0.02052904204294293
0.5705,-0.250933498726903,0.9680044482465706,1.1630422935837714e-07,0.021064948183166177
0.57075,-0.2519511945923409,0.9677400622269655,1.1624777274121811e-07,0.020980912845788822
0.571,-0.2529685521591958,0.9674746218420536,1.1614496542300401e-07,0.02111044547649746
0.57125,-0.2539855708754222,0.9672081274932008,1.1605090222133185e-07,0.02193129583650952
0.5715,-0.25500225009096816,0.966940579686094,1.1609756134234317e-07,0.021022765550427633
0.57175,-0.2560185884446761,0.9666719786960342,1.1601264837679537e-07,0.022087713167620888
0.572,-0.25703458488137443,0.9664023251311455,1.1592200577226208e-07,0.020133531775011027
0.57225,-0.258050239079588,0.9661316193218413,1.1587123127654309e-07,0.022819377461402165
0.5725,-0.2590655499486682,0.9658598618164254,1.1591911830421964e-07,0.021963945422497886
0.57275,-0.2600805163397031,0.9655870529053618,1.1585898751498291e-07,0.02401849648048994
0.573,-0.2610951373623678,0.9653131931130794,1.1577621483738199e-07,0.020612999258974325
0.57325,-0.26210941213745304,0.9650382828874515,1.1568469426848083e-07,0.0227314761059378
0.5735,-0.2631233402946133,0.9647623225845698,1.1564327762059179e-07,0.021782202712667162
0.57375,-0.26413692004969613,0.9644853128247822,1.1559402213201508e-07,0.02454852406501195
0.574,-0.2651501510412544,0.9642072538682811,1.1550469913856887e-07,0.022774296106180224
0.57425,-0.2661630327533722,0.9639281461585241,1.1548053402421488e-07,0.021727244739361037
0.5745,-0.2671755633177925,0.963647990315454,1.1543658984258798e-07,0.021728407680817876
0.57475,-0.26818774273736834,0.9633667865933727,1.1543289613058505e-07,0.02556561668053599
0.575,-0.2691995691408593,0.9630845355300401,1.1530136223569798e-07,0.022830389627036183
0.57525,-0.2702110422673953,0.9628012375961321,1.1523993137529942e-07,0.02391083417456054
0.5755,-0.2712221612843778,0.9625168931523121,1.1518766762641519e-07,0.02312002336875807
0.57575,-0.27223292533406607,0.9622315026848139,1.1519750242605653e-07,0.024883729181140048
0.576,-0.2732433328744932,0.9619450666367992,1.150936119742596e-07,0.023841678650817773
0.57625,-0.2742533836649051,0.9616575854250218,1.1502855978839932e-07,0.024094272136822397
0.5765,-0.2752630768189988,0.9613690594383102,1.1495257501437095e-07,0.024030540767613066
0.57675,-0.2762724110575951,0.961079489340517,1.14971296261146e-07,0.024666372862449763
0.577,-0.2772813850499958,0.9607888753848943,1.1477930050851626e-07,0.024451858537575723
0.57725,-0.27828999914516306,0.9604972181316638,1.1483143325108358e-07,0.02545438512646847
0.5775,-0.2792982518670753,0.9602045179130386,1.1485830109236872e-07,0.024442054578240145
0.57775,-0.28030614145942045,0.9599107752421804,1.1468294958127956e-07,0.02548623573639055
0.578,-0.2813136682018893,0.9596159905624351,1.1463015647805719e-07,0.025867011380597382
0.57825,-0.2823208308095814,0.9593201643621344,1.146303958421413e-07,0.02477546838005511
0.5785,-0.28332762809564327,0.9590232969588381,1.1447604486569674e-07,0.024515040696837947
0.57875,-0.28433405960837094,0.9587253890350672,1.1451690218322597e-07,0.0285994425328434
0.579,-0.285340123887444,0.9584264408111931,1.1437305014183607e-07,0.02462468667264616
0.57925,-0.28634582074089604,0.958126452890827,1.1439246128119862e-07,0.025665154892694945
0.5795,-0.28735114855599536,0.9578254256918995,1.1433915259040361e-07,0.02662571113310579
0.57975,-0.288356107490998,0.9575233593885457,1.1425103663142977e-07,0.02867768039689185
0.58,-0.2893606947788996,0.9572202549642714,1.140983896252834e-07,0.024563732834023078
0.58025,-0.2903649116145097,0.9569161126036836,1.1422871737387652e-07,0.027648417615098064
0.5805,-0.29136875595238604,0.9566109325940555,1.1415184841823134e-07,0.02647138943654784
0.58075,-0.2923722267295649,0.9563047154432375,1.1387088116876498e-07,0.029448056654580713
0.581,-0.29337532352984397,0.9559974620636016,1.1396413746034284e-07,0.02621848151638316
0.58125,-0.29437804542196183,0.9556891722814005,1.1382117492964028e-07,0.027933374845092323
0.5815,-0.29538039137698663,0.955379846902535,1.1373875996589788e-07,0.02581339238201461
0.58175,-0.2963823611728194,0.9550694864426807,1.1397412436053855e-07,0.031023102632685793
0.582,-0.2973839523510833,0.9547580908910565,1.1361893670347456e-07,0.027268685249060214
0.58225,-0.2983851649971308,0.9544456614624998,1.1368747032669546e-07,0.02747916120906119
0.5825,-0.2993859984740443,0.95413219779692,1.134775342581662e-07,0.029284915576665887
0.58275,-0.3003864513137206,0.9538177011261684,1.1355722295824933e-07,0.029668046747953238
0.583,-0.3013865228884711,0.9535021712276492,1.1335731575634611e-07,0.0280903317812749
0.58325,-0.3023862124083257,0.953185609179726,1.135009826125355e-07,0.02872902761329979
0.5835,-0.3033855188613763,0.9528680148992321,1.1343638850469517e-07,0.029290986595001338
0.58375,-0.30438444103461576,0.952549389082215,1.1329242188828914e-07,0.03129286736217256
0.584,-0.3053829782048183,0.95222973211051,1.1304624258912099e-07,0.028878157184166003
0.58425,-0.3063811299842898,0.9519090447614724,1.131545681598567e-07,0.030537673662654998
0.5845,-0.30737889520880485,0.951587327108501,1.1316663695026818e-07,0.02962080553648302
0.58475,-0.308376272448883,0.9512645797835092,1.1308007574761803e-07,0.03184232743021822
0.585,-0.3093732609333273,0.9509408032435065,1.1292695667464159e-07,0.029135491568013882
0.58525,-0.31036986033632497,0.95061599786672,1.1280265854729521e-07,0.03163994974442805
0.5855,-0.3113660695931894,0.9502901642758258,1.1280663714252626e-07,0.030532590071813765
0.58575,-0.31236188783279134,0.9499633028756373,1.1289042123330262e-07,0.03264410892438395
0.586,-0.31335731311965986,0.9496354139879939,1.1259285415121667e-07,0.030586724999826516
0.58625,-0.3143523460012926,0.9493064983667768,1.1263894750257464e-07,0.031469794789748096
0.5865,-0.315346985354635,0.9489765560955391,1.125955966241321e-07,0.032231896060895486
0.58675,-0.3163412291935546,0.948645588023856,1.124824020592996e-07,0.033913350749301706
0.587,-0.31733507784716863,0.9483135944058549,1.1248360420879067e-07,0.030868023177156617
0.58725,-0.3183285296036585,0.9479805758003605,1.1242719888393538e-07,0.03313173726684294
0.5875,-0.3193215840033975,0.947646532504799,1.122893977800743e-07,0.032762167122395415
0.58775,-0.32031424030370786,0.9473114651711081,1.1229298024773016e-07,0.033553531041263324
0.588,-0.3213064965828778,0.9469753741359153,1.1198310345683637e-07,0.03256422046467032
0.58825,-0.32229835337862084,0.9466382602412108,1.1217153206288799e-07,0.03461546522065822
0.5885,-0.3232898087183813,0.9463001233790904,1.119642183411429e-07,0.032681261032044426
0.58875,-0.3242808626777418,0.9459609645157455,1.1214328377029403e-07,0.03527663715471451
0.589,-0.3252715128175723,0.9456207836742436,1.1178365499908693e-07,0.03253790775686329
0.58925,-0.32626175998994444,0.9452795817586669,1.1186078197056304e-07,0.036941915151634794
0.5895,-0.3272516018702384,0.9449373589904819,1.116712657900365e-07,0.03393666747378219
0.58975,-0.3282410391910765,0.9445941159577003,1.1185556725301637e-07,0.034836968309207995
0.59,-0.3292300688837244,0.9442498530630448,1.1163337543251828e-07,0.034458864651859294
0.59025,-0.33021869192738745,0.9439045707573759,1.1159744417454931e-07,0.03706844901585806
0.5905,-0.3312069067985207,0.9435582694705575,1.1149865253301527e-07,0.03457543436615706
0.59075,-0.33219471197989614,0.9432109499091733,1.1134797950340669e-07,0.03710716759167333
0.591,-0.3331821076261505,0.9428626123556807,1.113101850691578e-07,0.03493033753612207
0.59125,-0.3341690920627639,0.9425132575245062,1.1134974786664031e-07,0.03795342088521064
0.5915,-0.3351556646276723,0.9421628855009699,1.1117375908753502e-07,0.03544118116175341
0.59175,-0.33614182478888865,0.9418114972012426,1.1131641874939646e-07,0.04032809530280495
0.592,-0.337127570957243,0.9414590924595716,1.1093715945875715e-07,0.03552261265374987
0.59225,-0.3381129029606665,0.9411056726748547,1.111446337187516e-07,0.037827297622443516
0.5925,-0.3390978194449068,0.9407512375201001,1.1102393915329856e-07,0.037646563275636674
0.59275,-0.34008231949345685,0.940395787908692,1.1097422358830045e-07,0.039085759433542915
0.593,-0.3410664024741905,0.9400393239664592,1.1074999584081979e-07,0.036963224306527834
0.59325,-0.3420500671512916,0.9396818467163274,1.1074319905546304e-07,0.039964763069551
0.5935,-0.3430333132576617,0.9393233562679018,1.1081745610042049e-07,0.03862305600940362
0.59375,-0.34401613903331996,0.9389638530481201,1.1062317595289528e-07,0.03883525902191752
0.594,-0.34499854387150464,0.9386033377916431,1.1049352988123928e-07,0.04015501340091704
0.59425,-0.34598052778927224,0.9382418108258812,1.1059557980530599e-07,0.0397391444478613
0.5945,-0.3469620885203105,0.9378792727720905,1.1058293436505551e-07,0.03937315272062567
0.59475,-0.347943225936462,0.9375157235524386,1.1019155610192399e-07,0.04071858496804714
0.595,-0.348923938727431,0.9371511646464818,1.1020765455782566e-07,0.04013805093149287
0.59525,-0.34990422711896824,0.9367855958062655,1.1033290525652717e-07,0.04285885017780973
0.5955,-0.35088408853012304,0.9364190175215789,1.0997984101202007e-07,0.04051257728371319
0.59575,-0.35186352356451217,0.9360514308840567,1.102376558925755e-07,0.04269240508784053
0.596,-0.3528425299232012,0.9356828356700067,1.0994502885885993e-07,0.04077420003855639
0.59625,-0.3538211077902343,0.9353132327970136,1.0988154852675791e-07,0.04216760274415035
0.5965,-0.3547992561562183,0.9349426225562463,1.0982067277787166e-07,0.042148570776532744
0.59675,-0.35577697360453026,0.9345710053857461,1.0952745532755159e-07,0.04427338586802027
0.597,-0.35675425943548333,0.9341983820961399,1.0936819694329358e-07,0.04259199259643285
0.59725,-0.35773111343280656,0.9338247532543142,1.0965417218677942e-07,0.04362034511579393
0.5975,-0.3587075340027169,0.933450118772134,1.095930046712823e-07,0.04249190181949996
0.59775,-0.359683519818746,0.9330744793702542,1.0924063076345192e-07,0.0453275781686664
0.598,-0.3606590710725328,0.9326978357186535,1.0915057546689866e-07,0.04319044977720234
0.59825,-0.36163418638301004,0.9323201885132131,1.0933510141697411e-07,0.04543626444924808
0.5985,-0.3626088646498726,0.9319415375432137,1.090605334930217e-07,0.044274640604005946
0.59875,-0.36358310524423343,0.9315618839844761,1.0905586700360459e-07,0.046497789669331664
0.599,-0.36455690731116164,0.9311812281674232,1.091798287333745e-07,0.04444219170008974
0.59925,-0.3655302696878088,0.9307995702049835,1.0897590607683583e-07,0.046989732860952094
0.5995,-0.3665031915653441,0.9304169110506435,1.0889829615834401e-07,0.04563920137240064
0.59975,-0.36747567242293816,0.9300332509894409,1.0888433354949711e-07,0.04807661249034204
0.6,-0.36844771054336434,0.9296485904942191,1.0860626153963437e-07,0.045294645632535
0.60025,-0.3694193058469693,0.9292629302534049,1.0853779452979495e-07,0.04819399468944551
0.6005,-0.3703904575356258,0.9288762707516452,1.0869946098779337e-07,0.047406173906562814
0.60075,-0.37136116383559475,0.9284886122246409,1.0851807741296682e-07,0.04875739380898103
0.601,-0.3723314245030167,0.9280999554167,1.0845845732632142e-07,0.04698065436411293
0.60125,-0.3733012384302806,0.9277103006900285,1.0830997632105266e-07,0.04964934178053417
0.6015,-0.3742706050622161,0.9273196487445193,1.0838064223861466e-07,0.04812834279976928
0.60175,-0.37523952312658954,0.926927999789235,1.0825476537412726e-07,0.050602507792536826
0.602,-0.37620799139683925,0.9265353543365604,1.0781320414210427e-07,0.04874516147073809
0.60225,-0.37717601026527026,0.926141713473836,1.0807793437983548e-07,0.05110981346305596
0.6025,-0.3781435774287895,0.9257470769830292,1.078466269621714e-07,0.04905832587090875
0.60275,-0.37911069292884586,0.9253514456250557,1.077066791310699e-07,0.05138929347065454
0.603,-0.3800773552240315,0.9249548202401137,1.0771975200718487e-07,0.05094584896279899
0.60325,-0.38104356391207617,0.9245572006936659,1.0747665624144531e-07,0.053081952374266606
0.6035,-0.38200931789737835,0.9241585882749723,1.0762139912579016e-07,0.05133441875679537
0.60375,-0.382974616448715,0.9237589826945736,1.074764710562448e-07,0.052662648161202426
0.604,-0.3839394583198654,0.9233583850726887,1.074694919722674e-07,0.05205664608387162
0.60425,-0.3849038430209526,0.922956795371808,1.072476421004609e-07,0.053510358690354455
0.6045,-0.38586776945412093,0.9225542145780024,1.0716956100331743e-07,0.05280044032487099
0.60475,-0.38683123678838555,0.9221506432487403,1.0729964294853289e-07,0.05523944591895806
0.605,-0.3877942436773836,0.9217460811755922,1.067959318756806e-07,0.05183595960647451
0.60525,-0.3887567901348883,0.9213405297442895,1.0681272910595396e-07,0.05573302674783936
0.6055,-0.38971887518429954,0.920933989022674,1.0690605933838526e-07,0.054418698222246396
0.60575,-0.39068049713153946,0.9205264596019204,1.0683309059622559e-07,0.057013216319310826
0.606,-0.39164165507884263,0.9201179419197194,1.0651773196812542e-07,0.054811012831825164
0.60625,-0.39260234930008775,0.9197084366615882,1.06571219626872e-07,0.05759795076485856
0.6065,-0.39356257776270565,0.9192979445154534,1.0670277594826416e-07,0.054009411076054586
0.60675,-0.3945223402825482,0.918886465355336,1.0659761517928246e-07,0.05951542238921637
0.607,-0.3954816351700998,0.9184740001798097,1.0638155290010332e-07,0.05647826173570845
0.60725,-0.3964404629134185,0.9180605490242368,1.0615483869713671e-07,0.05838579906785421
0.6075,-0.39739882123957115,0.9176461135141013,1.0638506209303955e-07,0.05735325788033535
0.60775,-0.3983567097824174,0.9172306929155887,1.0612753653660434e-07,0.059453848630699094
0.608,-0.39931412747753825,0.9168142884058321,1.0591411436777776e-07,0.058329767374792375
0.60825,-0.40027107394614597,0.9163969005752429,1.0601095068452082e-07,0.060249725160845445
0.6085,-0.4012275479085498,0.9159785295441049,1.0589323840015652e-07,0.060380287947400434
0.60875,-0.4021835487404425,0.9155591757768178,1.0561328522840085e-07,0.06145921339775421
0.609,-0.4031390749454502,0.9151388408177361,1.0586054588479499e-07,0.057917937043087744
0.60925,-0.4040941264762186,0.9147175234495508,1.0537912320529585e-07,0.0632181847158175
0.6095,-0.40504870192596304,0.9142952258433571,1.0546592599247617e-07,0.059898094569533496
0.60975,-0.40600280025290036,0.9138719478167159,1.0540975181605461e-07,0.06432031966812572
0.61,-0.4069564207810785,0.9134476896568229,1.0507716141638923e-07,0.061253711625829266
0.61025,-0.4079095632145019,0.9130224524775874,1.0524501159459021e-07,0.06444874361687969
0.6105,-0.4088622258136128,0.9125962365521544,1.0533320327077433e-07,0.061069184422697556
0.61075,-0.4098144077989258,0.9121690415557598,1.0460616350904672e-07,0.06615369119537906
0.611,-0.4107661086221839,0.9117408696285185,1.0467178390705101e-07,0.0639883583180289
0.61125,-0.4117173276211927,0.911311720564883,1.0495122637621535e-07,0.06490628264927732
0.6115,-0.4126680632797141,0.910881594231893,1.0458072696728493e-07,0.06420562448469404
0.61175,-0.41361831506694774,0.9104504922194124,1.0467069011532715e-07,0.0689144593030479
0.612,-0.41456808138163126,0.9100184140921943,1.0404365413663186e-07,0.06488052440060045
0.61225,-0.41551736285723173,0.9095853615388799,1.0438081621266804e-07,0.06601904820610541
0.6125,-0.41646615744975896,0.9091513339109878,1.0412654249947195e-07,0.06811495689978139
0.61275,-0.41741446487866346,0.9087163328534834,1.0454230636725015e-07,0.06678521835428304
0.613,-0.4183622830300209,0.9082803576146521,1.0394534033508762e-07,0.06908444200073423
0.61325,-0.41930961270325107,0.9078434099687873,1.0416454765405092e-07,0.06734292721889347
0.6135,-0.42025645172396103,0.9074054894147635,1.0371782477314184e-07,0.07206410490406141
0.61375,-0.4212028002365002,0.9069665972425421,1.0372038694583807e-07,0.0671115496640809
0.614,-0.42214865644989885,0.9065267335251699,1.0336912903419204e-07,0.07123303436271777
0.61425,-0.4230940199594359,0.9060858994593944,1.0346228229707322e-07,0.07010539295078572
0.6145,-0.42403888983461246,0.9056440951510986,1.0358710600399945e-07,0.07231679916930212
0.61475,-0.4249832652547915,0.9052013207498595,1.0341695189097777e-07,0.07206531698884051
0.615,-0.42592714485105176,0.9047575771598,1.0307451492330699e-07,0.07113195372962135
0.61525,-0.42687052850308416,0.9043128649925122,1.0294772856411782e-07,0.07200658215653569
0.6155,-0.4278134148446797,0.9038671848258528,1.0286303386841666e-07,0.0750215117496636
0.61575,-0.42875580341379077,0.9034205373500956,1.0313346510137933e-07,0.07274849502748157
0.616,-0.4296976920478528,0.9029729225363763,1.0269256267569915e-07,0.07591671437007737
0.61625,-0.4306390816827433,0.9025243413646519,1.0271412231865895e-07,0.07315461956019931
0.6165,-0.43157997035628154,0.9020747940343324,1.0242240078284226e-07,0.07781543490645997
0.61675,-0.43252035750903284,0.9016242818996912,1.026854323793458e-07,0.07329210861706857
0.617,-0.4334602415690654,0.9011728040986648,1.0193407629088824e-07,0.07801746920296268
0.61725,-0.43439962274411636,0.9007203630603795,1.0233592107056211e-07,0.0761112026230952
0.6175,-0.43533849966964216,0.900266957367762,1.0191140620285921e-07,0.07923466821830942
0.61775,-0.436276871723632,0.8998125892034154,1.0224495117228116e-07,0.07655141232132887
0.618,-0.4372147370251369,0.8993572575448248,1.0148524887121368e-07,0.07907244415704082
0.61825,-0.43815209559639123,0.8989009648404095,1.0173325892814944e-07,0.07986004082086921
0.6185,-0.4390889466975796,0.8984437101411159,1.0170205655413156e-07,0.08027549803133864
0.61875,-0.44002528880041253,0.8979854946192327,1.0166521202670253e-07,0.08012118250336901
0.619,-0.44096112111545693,0.8975263183703843,1.012514434517442e-07,0.08177137981909781
0.61925,-0.4418964436967833,0.8970661823866479,1.0126680449751291e-07,0.08087045282655704
0.6195,-0.44283125464667517,0.8966050869434631,1.0101241665338989e-07,0.08338686021210352
0.61975,-0.443765553398183,0.8961430335397508,1.0147230611323721e-07,0.08131152106217172
0.62,-0.44469933872470335,0.8956800209422409,1.0088863566792838e-07,0.08451538691229205
0.62025,-0.4456326101841337,0.8952160513736929,1.0094831015550199e-07,0.08267945391998195
0.6205,-0.4465653670658469,0.8947511240687456,1.0054246413204737e-07,0.08718884863534074
0.62075,-0.44749760822792434,0.8942852410272403,1.00844425920954e-07,0.08218229244158928
0.621,-0.44842933230766135,0.8938184016197712,1.0057400379182013e-07,0.08791622107913297
0.62125,-0.44936053923352226,0.8933506068086233,1.0045278364678722e-07,0.08487591993063624
0.6215,-0.45029122802839516,0.8928818571236019,1.0040990106041647e-07,0.0893595758880014
0.62175,-0.4512213968701572,0.8924121530480366,9.995063909862267e-08,0.08556612822064291
0.622,-0.4521510461251239,0.891941495437093,9.98972959909139e-08,0.09029138010601102
0.62225,-0.45308017415468343,0.8914698848405965,9.989486748906984e-08,0.08745898201346947
0.6225,-0.4540087801846295,0.8909973214051908,9.961797520219307e-08,0.09064986895607456
0.62275,-0.45493686385156956,0.8905238061291919,9.968695713347131e-08,0.08982107160071436
0.623,-0.45586442345241807,0.890049339187232,9.93786120062623e-08,0.09037901727335079
0.62325,-0.4567914586210314,0.889573921834411,9.953848723043279e-08,0.09204776754074881
0.6235,-0.45771796822668476,0.8890975536958344,9.92127358045991e-08,0.09266635057117974
0.62375,-0.45864395205405817,0.8886202357485767,9.906880582555289e-08,0.09257613400948568
0.624,-0.45956940824628134,0.8881419687342507,9.88114889910463e-08,0.09422375243636522
0.62425,-0.46049433640926335,0.8876627534884379,9.889783658678653e-08,0.09291604226668455
0.6245,-0.4614187353927486,0.8871825896080257,9.833751812848845e-08,0.09699818989924389
0.62475,-0.46234260538188743,0.8867014791181907,9.891084462587685e-08,0.09563790120597665
0.625,-0.46326594377193686,0.8862194208741092,9.829666769434198e-08,0.0940335293264431
0.62525,-0.46418875094671364,0.8857364167855136,9.826275082502889e-08,0.09786120128110548
0.6255,-0.465111025825408,0.8852524669269554,9.827230695869105e-08,0.09855896921809904
0.62575,-0.46603276739603106,0.8847675719089891,9.82942609528692e-08,0.09750368048305542
0.626,-0.4669539739874935,0.8842817320461687,9.77266376711583e-08,0.09943519544457798
0.62625,-0.467874646376074,0.8837949484749436,9.783567733734344e-08,0.09978797980983786
0.6265,-0.4687947823257273,0.883307221142922,9.7429523782111e-08,0.1020900643507807
0.62675,-0.46971438167879603,0.8828185517470893,9.783235621618758e-08,0.09990693782133538
0.627,-0.47063344297730225,0.8823289392767011,9.736690431694228e-08,0.1021821356876221
0.62725,-0.47155196608444494,0.8818383852984953,9.725197691601295e-08,0.10230725361704276
0.6275,-0.4724699492460149,0.8813468900383393,9.676038748018811e-08,0.10499267189106404
0.62775,-0.47338739222273724,0.8808544551198539,9.710996451417486e-08,0.10221503305574646
0.628,-0.4743042938798112,0.8803610796641195,9.689009550228889e-08,0.10517221589039084
0.62825,-0.47522065368883976,0.8798667647846092,9.673248690944547e-08,0.10493971485905369
0.6285,-0.47613647004313137,0.8793715111204814,9.633772179995503e-08,0.10831168225154572
0.62875,-0.477051742844844,0.8788753197132609,9.647619036989852e-08,0.10624828134451114
0.629,-0.47796647053935715,0.8783781902503689,9.603367701060961e-08,0.10764223861219199
0.62925,-0.4788806531366465,0.8778801242400623,9.624215957515503e-08,0.10916673280761884
0.6295,-0.4797942886742573,0.8773811212888936,9.571929182605743e-08,0.11033452368818299
0.62975,-0.48070737752215476,0.8768811830136636,9.596383021559518e-08,0.1091272683875795
0.63,-0.4816199172091302,0.8763803091974403,9.550076063291613e-08,0.11158496367686109
0.63025,-0.48253190812348795,0.8758785011454515,9.556304392255299e-08,0.11146297401809047
0.6305,-0.48344334908176645,0.875375758765467,9.540280143660596e-08,0.11363142551648331
0.63075,-0.4843542390262917,0.8748720831472645,9.536658152065058e-08,0.11400103715046536
0.631,-0.4852645769974444,0.8743674744225416,9.500827680142265e-08,0.11263791946358691
0.63125,-0.48617436278502124,0.8738619335224485,9.494450226021911e-08,0.11553286477810719
0.6315,-0.4870835944491795,0.873355460944656,9.457168825832696e-08,0.11746951069276773
0.63175,-0.4879922720780368,0.8728480578735857,9.487078300729479e-08,0.11489352456232937
0.632,-0.488900393922151,0.8723397235535302,9.423333757752062e-08,0.1197352080665978
0.63225,-0.48980796033145,0.8718304598364128,9.435130876589426e-08,0.11802174003351913
0.6325,-0.4907149691369172,0.8713202667801829,9.411846302320725e-08,0.11768738081997797
0.63275,-0.4916214201548793,0.8708091450275466,9.390934918585003e-08,0.12238568090096494
0.633,-0.492527312228475,0.8702970952626838,9.365683095730049e-08,0.12000953925111692
0.63325,-0.49343264477559323,0.8697841182549322,9.364936892630737e-08,0.12138448018163622
0.6335,-0.4943374167113006,0.8692702144076124,9.360852493145444e-08,0.12522714779650357
0.63375,-0.49524162707659897,0.8687553840960063,9.329263384039166e-08,0.12138093323872619
0.634,-0.49614527518809837,0.8682396282053482,9.303881332023423e-08,0.1257856421950464
0.63425,-0.4970483601128516,0.8677229475741157,9.301878911571748e-08,0.12425746307768355
0.6345,-0.4979508808997764,0.8672053423305611,9.277776014116057e-08,0.12917030648460348
0.63475,-0.4988528368628208,0.866686813454961,9.273139500720617e-08,0.12516103008992804
0.635,-0.49975422660963176,0.8661673612180287,9.232679287762835e-08,0.12851144297237135
0.63525,-0.5006550499186115,0.8656469867281862,9.23202936320422e-08,0.1270962985787236
0.6355,-0.5015553055898879,0.8651256900165761,9.204600726064882e-08,0.13309829300377504
0.63575,-0.5024549928648957,0.8646034723116515,9.209410922750294e-08,0.13065313129635045
0.636,-0.5033541107399699,0.8640803334531739,9.172968296056183e-08,0.13103120136382665
0.63625,-0.5042526582426403,0.8635562749377055,9.166452330511277e-08,0.13302483966294756
0.6365,-0.5051506348210677,0.8630312968039606,9.156162272816459e-08,0.13333084744867757
0.63675,-0.5060480392693467,0.8625053996581636,9.124391531223353e-08,0.13606713496073566
0.637,-0.5069448708544542,0.8619785845674315,9.116925170360446e-08,0.13302758361621017
0.63725,-0.5078411286500227,0.8614508518508986,9.105157983135825e-08,0.13837926659864294
0.6375,-0.5087368116556832,0.8609222019562489,9.067738893087096e-08,0.14007643193825006
0.63775,-0.5096319193657989,0.8603926359472689,9.061437489243929e-08,0.13664285797790313
0.638,-0.5105264509353447,0.8598621539257749,9.042925186442119e-08,0.13943533737746075
0.63825,-0.5114204047978073,0.8593307569061212,9.010419610433473e-08,0.13881459293659196
0.6385,-0.5123137806223194,0.8587984456883534,9.006612877726639e-08,0.1452707077613278
0.63875,-0.513206577770582,0.8582652202248424,8.985729071930848e-08,0.14193046501531872
0.639,-0.5140987945856921,0.8577310818508153,8.968371179030044e-08,0.14280566585255716
0.63925,-0.5149904309493714,0.8571960306919267,8.950170293786641e-08,0.14366326361263987
0.6395,-0.5158814854460149,0.8566600677376015,8.934108541858166e-08,0.14674680578354585
0.63975,-0.5167719575577123,0.8561231933563651,8.916036109418712e-08,0.14715372894270368
0.64,-0.5176618461829676,0.8555854082936705,8.893929859254968e-08,0.14679928297638986
0.64025,-0.5185511505583277,0.8550467133327633,8.886325897350389e-08,0.14877867045949852
0.6405,-0.5194398695552666,0.8545071087906522,8.852867194875103e-08,0.1521407184635231
0.64075,-0.520328002853195,0.8539665956783342,8.854381516876231e-08,0.1491048515982886
0.641,-0.5212155490814965,0.8534251742629948,8.833507036953847e-08,0.15297989807005924
0.64125,-0.5221025072232446,0.8528828454484005,8.805447548887457e-08,0.15213673682383105
0.6415,-0.5229888767100467,0.8523396096954109,8.770907711230791e-08,0.15543716552145245
0.64175,-0.52387465718663,0.8517954678939983,8.778357840633078e-08,0.15652986337245672
0.642,-0.5247598466909551,0.8512504203233675,8.739990842165923e-08,0.1553690989245218
0.64225,-0.5256444451150396,0.8507044679586103,8.724251632230562e-08,0.15568176781486034
0.6425,-0.5265284515464711,0.8501576114459581,8.729370692961425e-08,0.16210208262654852
0.64275,-0.5274118643120485,0.8496098509744262,8.67449450048241e-08,0.1585476999086049
0.643,-0.5282946835402953,0.8490611878294168,8.666761663889133e-08,0.16101503509730747
0.64325,-0.5291769077035481,0.8485116223209146,8.643017612719461e-08,0.16178584155279752
0.6435,-0.5300585361634207,0.8479611550513113,8.61178275357588e-08,0.16407006496260815
0.64375,-0.5309395686376683,0.8474097869569636,8.628779624153537e-08,0.16529033812453148
0.644,-0.5318200026187796,0.8468575183692764,8.580200017149764e-08,0.16534176128499234
0.64425,-0.5326998390559076,0.8463043499832594,8.566538478582686e-08,0.16605480553250795
0.6445,-0.5335790759169892,0.8457502826100023,8.539565987675246e-08,0.16779797278894723
0.64475,-0.5344577127376098,0.8451953170414352,8.532674122818662e-08,0.17098573363168681
0.645,-0.535335748490148,0.8446394535511601,8.505335102881872e-08,0.169500441346654
0.64525,-0.5362131823160071,0.8440826931432109,8.487667413348277e-08,0.1716016116962919
0.6455,-0.537090013602191,0.843525036266974,8.476019708325566e-08,0.17250963275584194
0.64575,-0.5379662411732432,0.842966483551101,8.45162848595038e-08,0.17501763391490116
0.646,-0.5388418638072139,0.8424070359011111,8.416346042317002e-08,0.1749348213624861
0.64625,-0.5397168817455354,0.8418466937491946,8.410878371556407e-08,0.17620228038017366
0.6465,-0.5405912928723753,0.8412854579213481,8.381967586679195e-08,0.17798194287814892
0.64675,-0.5414650970733551,0.8407233289248921,8.357360159472194e-08,0.17965535973623012
0.647,-0.5423382930734988,0.8401603076011313,8.330114842358682e-08,0.17987936335059573
0.64725,-0.5432108803094414,0.8395963946370008,8.318700084330999e-08,0.18176973747600364
0.6475,-0.5440828578155823,0.8390315906113951,8.310632582109179e-08,0.18515562204668604
0.64775,-0.544954224529901,0.8384658960080156,8.280075181055224e-08,0.1843557949167422
0.648,-0.5458249795289802,0.8378993118642413,8.255018713043683e-08,0.18386014535885853
0.64825,-0.5466951222348554,0.8373318386399553,8.233777237798279e-08,0.18682141060633015
0.6485,-0.5475646514770899,0.8367634770124944,8.200462975338496e-08,0.19032416492972287
0.64875,-0.5484335667581819,0.8361942279006621,8.196073952859706e-08,0.18992877409141065
0.649,-0.549301866552284,0.8356240915873068,8.151946406798061e-08,0.18891020189474766
0.64925,-0.5501695510115365,0.8350530690548784,8.149910035726293e-08,0.19181132695195385
0.6495,-0.5510366181078621,0.8344811609265206,8.12185083631789e-08,0.1950151759813814
0.64975,-0.5519030672481773,0.8339083678872226,8.083513547418875e-08,0.19628968304384373
0.65,-0.5527688983691448,0.8333346905788215,8.076316571070663e-08,0.19555216421105698
0.65025,-0.5536341095705075,0.832760129696617,8.044612420654573e-08,0.19801179582621348
0.6505,-0.554498700376347,0.8321846859532701,8.01270971795276e-08,0.2000726605934211
0.65075,-0.5553626702609804,0.8316083600417393,8.000535567376232e-08,0.20013700262460687
0.651,-0.5562260177069938,0.8310311526902413,7.975792293279937e-08,0.20107304577866997
0.65125,-0.5570887420413376,0.8304530645252383,7.944427671269239e-08,0.2041885703378556
0.6515,-0.5579508427145259,0.8298740963008864,7.929852796628722e-08,0.20575233139964574
0.65175,-0.558812318423867,0.829294248684646,7.906184129602423e-08,0.20754269601238967
0.652,-0.5596731682711997,0.8287135224377296,7.877693297686506e-08,0.20749056586978365
0.65225,-0.5605333918655662,0.8281319180771718,7.856724293375805e-08,0.2070985971351079
0.6525,-0.5613929877929128,0.8275494365293673,7.832156034837112e-08,0.2129479344738594
0.65275,-0.5622519555045147,0.8269660783728225,7.812398483686422e-08,0.2128555594838288
0.653,-0.563110293722211,0.8263818443941888,7.78201250106747e-08,0.2127562323516836
0.65325,-0.5639680021262191,0.8257967351953992,7.764080667271855e-08,0.21578544078733636
0.6535,-0.5648250791989516,0.8252107515269238,7.726386330730861e-08,0.21737825768765764
0.65375,-0.5656815248083027,0.8246238941112978,7.712436067563999e-08,0.21988870720741802
0.654,-0.5665373371508124,0.824036163794819,7.681380465029974e-08,0.22016182705178303
0.65425,-0.5673925161920598,0.8234475609937785,7.656867673233592e-08,0.21919705459864636
0.6545,-0.5682470605330892,0.8228580866971197,7.632366738619112e-08,0.22373736495743984
0.65475,-0.5691009696108722,0.8222677414647499,7.613278496521048e-08,0.2259267386810578
0.655,-0.5699542420052985,0.8216765261712489,7.582033978437153e-08,0.2245716385397385
0.65525,-0.5708068774465657,0.8210844413584192,7.559058023964838e-08,0.23002836757279027
0.6555,-0.5716588747270235,0.8204914878388707,7.533510237855978e-08,0.22945322690545164
0.65575,-0.5725102330683753,0.8198976662579148,7.505158738929651e-08,0.23471033575217487
0.656,-0.5733609514606215,0.8193029774764362,7.47807886725127e-08,0.22903742986598621
0.65625,-0.5742110290729003,0.8187074221090175,7.446267336064238e-08,0.2353333574472464
0.6565,-0.5750604651406845,0.8181110010683593,7.431844406546873e-08,0.23495667485165597
0.65675,-0.5759092585857558,0.8175137147421301,7.39581331732353e-08,0.24134440257049333
0.657,-0.5767574085435427,0.8169155643607553,7.380235444998107e-08,0.2379733034567398
0.65725,-0.5776049143298854,0.8163165501246001,7.353267883480896e-08,0.2395382363956816
0.6575,-0.5784517747593584,0.8157166730968478,7.324521789087157e-08,0.24356104109817486
0.65775,-0.5792979891800667,0.8151159337364127,7.284952352470953e-08,0.24825761208394906
0.658,-0.5801435564727875,0.8145143333007212,7.263460366502272e-08,0.24265527327535086
0.65825,-0.5809884760826123,0.8139118720182383,7.237651211688956e-08,0.24895236667244228
0.6585,-0.5818327467878576,0.813308550926088,7.21220956290125e-08,0.2506870228793706
0.65875,-0.5826763679169812,0.8127043704800068,7.176311211942732e-08,0.25439892617681314
0.659,-0.5835193383331809,0.8120993319802068,7.160574311271262e-08,0.24939115704761924
0.65925,-0.5843616574386261,0.8114934354510949,7.123231671180008e-08,0.2570538685451707
0.6595,-0.5852033241563236,0.8108866822362559,7.101586452229469e-08,0.2571279187939846
0.65975,-0.5860443376524935,0.8102790725656491,7.056619666379049e-08,0.2607098831438582
0.66,-0.5868846969699935,0.8096706080317944,7.052406592045202e-08,0.2584923293057374
0.66025,-0.5877244013245204,0.809061288378026,7.013208613848576e-08,0.2622739985213675
0.6605,-0.5885634497762284,0.8084511149647945,6.985015477134482e-08,0.26482827472515225
0.66075,-0.5894018414080664,0.807840088431875,6.956641729338742e-08,0.27025408962470443
0.661,-0.5902395752563336,0.8072282096466807,6.932407892179526e-08,0.26499446536510557
0.66125,-0.5910766505885823,0.8066154790583665,6.896378512699641e-08,0.2692418851910557
0.6615,-0.59191306642912,0.8060018978212105,6.87504559948593e-08,0.27173161169609367
0.66175,-0.5927488219024295,0.8053874663563353,6.84152952068473e-08,0.27645938467955466
0.662,-0.5935839160414078,0.8047721860946169,6.84472785117407e-08,0.2747265774193222
0.66225,-0.5944183479905234,0.8041560564156692,6.774888983152039e-08,0.27752742917496714
0.6625,-0.5952521169165771,0.8035390794014492,6.740949509698169e-08,0.28016293093625777
0.66275,-0.596085221856485,0.8029212556735611,6.726404921941764e-08,0.2842400617372994
0.663,-0.5969176618837686,0.8023025858218844,6.714263145468635e-08,0.28370616756984557
0.66325,-0.5977494360595873,0.801683069992259,6.651088169107311e-08,0.2817551824296728
0.6635,-0.5985805437326229,0.8010627099235555,6.628265425412394e-08,0.288216270448348
0.66375,-0.5994109838639867,0.800441505908758,6.597913415617995e-08,0.2925088205974608
0.664,-0.6002407555085156,0.7998194592396857,6.597594626178704e-08,0.29205833241676643
0.66425,-0.6010698576894601,0.7991965694780692,6.524416895636875e-08,0.2924379724633049
0.6645,-0.6018982896859243,0.7985728394161624,6.54900143004511e-08,0.29738170948840315
0.66475,-0.6027260502434589,0.7979482671776522,6.436694710565405e-08,0.30116120683757297
0.665,-0.6035531391186222,0.7973228564632109,6.458929635577704e-08,0.2944196041684626
0.66525,-0.6043795547902947,0.7966966061260266,6.423061993388046e-08,0.3032382506184315
0.6655,-0.6052052968514368,0.7960695171880815,6.376654848594399e-08,0.3060070135417262
0.66575,-0.6060303639594875,0.7954415909436569,6.332192037383777e-08,0.3090503827146545
0.666,-0.6068547554080073,0.7948128282205431,6.303262356510686e-08,0.30452938897705745
0.66625,-0.6076784702043146,0.7941832298653965,6.287464260346098e-08,0.3130220499639421
0.6665,-0.608501507558866,0.7935527963620944,6.265775409630692e-08,0.3119722072368268
0.66675,-0.6093238666473652,0.7929215281378539,6.212528069760026e-08,0.3180780874798158
0.667,-0.6101455465890924,0.7922894272089849,6.224481996497389e-08,0.3160212851814575
0.66725,-0.6109665457899576,0.7916564926721307,6.123222395792993e-08,0.3195705838053649
0.6675,-0.6117868645513166,0.7910227271527338,6.125483786867392e-08,0.3215744925867057
0.66775,-0.6126065005575311,0.7903881301049848,6.036809740983529e-08,0.3290204610108287
0.668,-0.613425454104652,0.7897527037971486,6.044920075609639e-08,0.3216327885269241
0.66825,-0.614243723893932,0.7891164477608826,6.023491749829191e-08,0.3285854223758474
0.6685,-0.6150613090864219,0.7884793629640581,5.987765305803805e-08,0.332992752126811
0.66875,-0.6158782084344572,0.7878414503602406,5.926508039877376e-08,0.3360996073902469
0.669,-0.6166944212536123,0.7872027114700302,5.907554601058962e-08,0.33045299403548273
0.66925,-0.6175099467831094,0.7865631462354731,5.869596075847028e-08,0.3412454046616596
0.6695,-0.6183247838074216,0.785922756376855,5.863074226120091e-08,0.33940973792354523
0.66975,-0.619138931573442,0.785281541385017,5.7914964157745885e-08,0.3482618321762849
0.67,-0.6199523890827514,0.7846395041414524,5.8094375976480706e-08,0.34087102915123135
0.67025,-0.6207651557389136,0.7839966431980235,5.756266174827829e-08,0.34993393960927555
0.6705,-0.6215772298720255,0.7833529606028956,5.679034953409712e-08,0.34928009743306526
0.67075,-0.6223886115951512,0.7827084572037519,5.641080713658653e-08,0.3583064359541446
0.671,-0.6231992989680464,0.7820631344679754,5.6264067849198796e-08,0.34818099891293713
0.67125,-0.624009292231384,0.7814169921835362,5.623213716887676e-08,0.36044470097365044
0.6715,-0.6248185901682288,0.7807700302874128,5.540740866116778e-08,0.359400335127148
0.67175,-0.6256271902291913,0.7801222532348546,5.557314808335434e-08,0.3671575701555261
0.672,-0.6264350936899561,0.7794736583202564,5.531075242259931e-08,0.36096556520188927
0.67225,-0.6272422982713199,0.778824246035605,5.347680653855491e-08,0.36777252604270977
0.6725,-0.6280488041449606,0.7781740221481924,5.4567103724423305e-08,0.371121472527358
0.67275,-0.6288546093950927,0.777522982003346,5.365041366722778e-08,0.37456358796893646
0.673,-0.6296597148290601,0.7768711298586481,5.444323147862917e-08,0.375913997147983
0.67325,-0.6304641161035796,0.7762184645815808,5.322582596889447e-08,0.3761010183822706
0.6735,-0.6312678147811556,0.7755649869278455,5.146348103224341e-08,0.3809317296953312
0.67375,-0.6320708105300934,0.7749107017997959,5.264400937399216e-08,0.38889933257560577
0.674,-0.6328731009940469,0.7742556048263225,5.178339645972585e-08,0.3790719600809638
0.67425,-0.6336746861786968,0.7735997003702633,5.215831411220506e-08,0.3942221721811142
0.6745,-0.6344755648642443,0.7729429878077455,5.2405481953954336e-08,0.39849887345068735
0.67475,-0.6352757386934051,0.772285473159485,5.811280878731395e-08,0.43518291737626713
0.675,-0.636075219174017,0.7716271693500517,8.646321991712114e-08,0.6181302553490744
0.67525,-0.6368740653664202,0.7709681520186256,2.3328165554836744e-07,1.5221129415647354
0.6755,-0.6376725942559873,0.7703088059212695,9.969720096147938e-07,6.211808047544086
0.67575,-0.6384724480233859,0.7696511141603573,4.952194365026585e-06,0.0
0.676,-0.6392716623235004,0.7689927076161234,9.02126762247768e-06,0.0
0.67625,-0.6400702371904048,0.768333588172442,1.3205538267335726e-05,0.0
0.6765,-0.6408681726581722,0.7676737577131875,1.7506350619145294e-05,0.0
0.67675,-0.6416654687608766,0.767013218122234,2.1925046816750893e-05,0.0
0.677,-0.6424621255325914,0.7663519712834561,2.6462966802975885e-05,0.0
0.67725,-0.6432581430073903,0.7656900190807279,3.112144830863528e-05,0.0
0.6775,-0.6440535212193466,0.7650273633979234,3.590182683832488e-05,0.0
0.67775,-0.644848260202534,0.7643640061189174,4.0805435655988376e-05,0.0
0.678,-0.6456423599910261,0.7636999491275838,4.583360576826401e-05,0.0
0.67825,-0.6464358206188967,0.7630351943077971,5.098766591093984e-05,0.0
0.6785,-0.647228642120219,0.7623697435434313,5.626894253296655e-05,0.0
0.67875,-0.6480208245290668,0.7617035987183611,6.167875978224657e-05,0.0
0.679,-0.6488123678795137,0.7610367617164605,6.721843948986894e-05,0.0
0.67925,-0.6496032722056333,0.7603692344216039,7.288930115589842e-05,0.0
0.6795,-0.6503935375414989,0.7597010187176654,7.869266193427649e-05,0.0
0.67975,-0.6511831639211842,0.7590321164885193,8.462983661794432e-05,0.0
0.68,-0.6519721513787629,0.7583625296180401,9.07021376237438e-05,0.0
0.68025,-0.6527604999483085,0.7576922599901019,9.691087497798456e-05,0.0
0.6805,-0.6535482096638947,0.757021309488579,0.00010325735630178912,0.0
0.68075,-0.6543352805595948,0.7563496799973459,0.00010974288679488353,0.0
0.681,-0.6551217126694826,0.7556773734002765,0.00011636876922316297,0.0
0.68125,-0.6559075060276316,0.7550043915812454,0.00012313630390248242,0.0
0.6815,-0.6566926606681154,0.7543307364241267,0.00013004678868333563,0.0
0.68175,-0.6574771766250076,0.7536564098127947,0.00013710151893819855,0.0
0.682,-0.6582610539323817,0.7529814136311237,0.00014430178754465395,0.0
0.68225,-0.6590442926243114,0.7523057497629881,0.00015164888487317896,0.0
0.6825,-0.65982689273487,0.7516294200922621,0.0001591440987698256,0.0
0.68275,-0.6606088542981314,0.7509524265028198,0.0001667887145437863,0.0
0.683,-0.661390177348169,0.7502747708785358,0.00017458401495162867,0.0
0.68325,-0.6621708619190565,0.7495964551032841,0.0001825312801839729,0.0
0.6835,-0.6629509080448673,0.7489174810609391,0.00019063178784883839,0.0
0.68375,-0.6637303157596752,0.7482378506353752,0.00019888681295987531,0.0
0.684,-0.6645090850975536,0.7475575657104665,0.0002072976279197114,0.0
0.68425,-0.665287216092576,0.7468766281700874,0.00021586550250685121,0.0
0.6845,-0.6660647087788163,0.7461950398981119,0.0002245917038603551,0.0
0.68475,-0.6668415631903477,0.7455128027784147,0.00023347749646629445,0.0
0.685,-0.6676177793612441,0.7448299186948699,0.00024252414214287477,0.0
0.68525,-0.6683933573255789,0.7441463895313516,0.0002517329000262247,0.0
0.6855,-0.6691682971174258,0.7434622171717344,0.00026110502655596335,0.0
0.68575,-0.669942598770858,0.7427774034998924,0.00027064177546121115,0.0
0.686,-0.6707162623199496,0.7420919503996999,0.0002803443977463793,0.0
0.68625,-0.6714892877987738,0.7414058597550311,0.00029021414167673676,0.0
0.6865,-0.6722616752414043,0.7407191334497605,0.0003002522527641993,0.0
0.68675,-0.673033424681915,0.7400317733677622,0.0003104599737533409,0.0
0.687,-0.6738045361543789,0.7393437813929106,0.0003208385446069606,0.0
0.68725,-0.6745750096928698,0.7386551594090798,0.000331389202492538,0.0
0.6875,-0.6753448453314614,0.7379659093001443,0.0003421131817675782,0.0
0.68775,-0.6761140431042272,0.7372760329499782,0.0003530117139660671,0.0
0.688,-0.6768826030452408,0.7365855322424559,0.0003640860277838165,0.0
0.68825,-0.6776505251885756,0.7358944090614516,0.0003753373490649192,0.0
0.6885,-0.6784178095683054,0.7352026652908398,0.00038676690078820464,0.0
0.68875,-0.6791844562185038,0.7345103028144944,0.0003983759030523615,0.0
0.689,-0.6799504651732441,0.7338173235162899,0.0004101655730623932,0.0
0.68925,-0.6807158364666002,0.7331237292801007,0.00042213712511651735,0.0
0.6895,-0.6814805701326454,0.7324295219898007,0.0004342917705906224,0.0
0.68975,-0.6822446662054535,0.7317347035292647,0.0004466307179267215,0.0
0.69,-0.683008124719098,0.7310392757823665,0.0004591551726167431,0.0
0.69025,-0.6837709457076524,0.7303432406329806,0.0004718663371905407,0.0
0.6905,-0.6845331292051903,0.7296465999649814,0.00048476541120168193,0.0
0.69075,-0.6852946752457852,0.7289493556622428,0.0004978535912134596,0.0
0.691,-0.686055583863511,0.7282515096086396,0.0005111320707857914,0.0
0.69125,-0.686815855092441,0.7275530636880456,0.0005246020404607865,0.0
0.6915,-0.6875754889666488,0.7268540197843354,0.0005382646877494235,0.0
0.69175,-0.688334485520208,0.7261543797813832,0.0005521211971193374,0.0
0.692,-0.6890928447871922,0.7254541455630632,0.0005661727499783886,0.0
0.69225,-0.689850566801675,0.7247533190132498,0.0005804205246640048,0.0
0.6925,-0.6906076515977299,0.7240519020158172,0.0005948656964285259,0.0
0.69275,-0.6913640992094304,0.7233498964546397,0.0006095094374254373,0.0
0.693,-0.6921199096708504,0.7226473042135914,0.0006243529166960471,0.0
0.69325,-0.692875083016063,0.7219441271765469,0.0006393973001572739,0.0
0.6935,-0.6936296192791424,0.7212403672273803,0.0006546437505869918,0.0
0.69375,-0.6943835184941616,0.7205360262499658,0.0006700934276107073,0.0
0.694,-0.6951367806951945,0.719831106128178,0.0006857474876891256,0.0
0.69425,-0.6958894059163143,0.7191256087458909,0.0007016070841043831,0.0
0.6945,-0.6966413941915951,0.7184195359869789,0.0007176733669469471,0.0
0.69475,-0.6973927455551101,0.7177128897353162,0.000733947483102293,0.0
0.695,-0.6981434600409331,0.717005671874777,0.0007504305762382479,0.0
0.69525,-0.6988935376831376,0.716297884289236,0.000767123786791446,0.0
0.6955,-0.699642978515797,0.715589528862567,0.0007840282519533393,0.0
0.69575,-0.7003917825729851,0.7148806074786445,0.0008011451056595398,0.0
0.696,-0.7011399498887754,0.7141711220213427,0.0008184754785744985,0.0
0.69625,-0.7018874804972415,0.713461074374536,0.000836020498079737,0.0
0.6965,-0.7026343744324569,0.7127504664220985,0.0008537812882603024,0.0
0.69675,-0.7033806317284952,0.7120393000479046,0.0008717589698925554,0.0
0.697,-0.70412625241943,0.7113275771358287,0.0008899546604308473,0.0
0.69725,-0.704871236539335,0.7106152995697448,0.0009083694739939752,0.0
0.6975,-0.7056155841222835,0.7099024692335275,0.0009270045213540801,0.0
0.69775,-0.7063592952023494,0.7091890880110507,0.0009458609099222137,0.0
0.698,-0.7071023698136061,0.7084751577861892,0.0009649397437372365,0.0
0.69825,-0.7078448079901271,0.7077606804428167,0.0009842421234504961,0.0
0.6985,-0.7085866097659861,0.7070456578648079,0.0010037691463169462,0.0
0.69875,-0.7093277751752565,0.7063300919360369,0.0010235219061784928,0.0
0.699,-0.7100683042520122,0.7056139845403779,0.0010435014934551123,0.0
0.69925,-0.7108081970303264,0.7048973375617055,0.0010637089951288647,0.0
0.6995,-0.711547453544273,0.7041801528838936,0.0010841454947345674,0.0
0.69975,-0.7122860738279253,0.7034624323908167,0.0011048120723449184,0.0
0.7,-0.7130240579153571,0.7027441779663492,0.0011257098045591718,0.0
0.70025,-0.713761405840642,0.7020253914943652,0.0011468397644904815,0.0
0.7005,-0.7144981176378533,0.7013060748587389,0.0011682030217532446,0.0
0.70075,-0.7152341933410649,0.7005862299433446,0.0011898006424519991,0.0
0.701,-0.71596963298435,0.6998658586320567,0.001211633689166991,0.0
0.70125,-0.7167044366017826,0.6991449628087496,0.0012337032209446264,0.0
0.7015,-0.717438604227436,0.6984235443572974,0.0012560102932821504,0.0
0.70175,-0.7181721358953839,0.6977016051615743,0.0012785559581185435,0.0
0.702,-0.7189050316396997,0.6969791471054548,0.0013013412638200883,0.0
0.70225,-0.7196372914944571,0.6962561720728131,0.0013243672551690455,0.0
0.7025,-0.7203689154937297,0.6955326819475234,0.0013476349733527737,0.0
0.70275,-0.721099903671591,0.69480867861346,0.0013711454559492964,0.0
0.703,-0.7218302560621148,0.6940841639544972,0.001394899736917754,0.0
0.70325,-0.7225599726993743,0.6933591398545094,0.0014188988465844155,0.0
0.7035,-0.7232890536174434,0.6926336081973707,0.0014431438116324635,0.0
0.70375,-0.7240174988503956,0.6919075708669555,0.0014676356550888947,0.0
0.704,-0.7247453084323043,0.691181029747138,0.0014923753963131947,0.0
0.70425,-0.7254724823972432,0.6904539867217926,0.0015173640509862363,0.0
0.7045,-0.7261990207792859,0.6897264436747934,0.0015426026310971785,0.0
0.70475,-0.7269249236125059,0.6889984024900149,0.0015680921449325869,0.0
0.705,-0.7276501909309769,0.6882698650513313,0.0015938335970648865,0.0
0.70525,-0.7283748227687725,0.6875408332426167,0.0016198279883403721,0.0
0.7055,-0.7290988191599661,0.6868113089477457,0.0016460763158674396,0.0
0.70575,-0.7298221801386312,0.6860812940505923,0.0016725795730059279,0.0
0.706,-0.7305449057388418,0.6853507904350308,0.0016993387493549061,0.0
0.70625,-0.7312669959946709,0.6846197999849357,0.001726354830740906,0.0
0.7065,-0.7319884509401926,0.6838883245841811,0.0017536287992079291,0.0
0.70675,-0.7327092706094802,0.6831563661166413,0.0017811616330041247,0.0
0.707,-0.7334294550366074,0.6824239264661908,0.0018089543065722413,0.0
0.70725,-0.7341490042556476,0.6816910075167035,0.0018370077905371929,0.0
0.7075,-0.7348679183006745,0.680957611152054,0.0018653230516958441,0.0
0.70775,-0.7355861972057617,0.6802237392561163,0.0018939010530039102,0.0
0.708,-0.7363038410049827,0.6794893937127651,0.001922742753567741,0.0
0.70825,-0.7370208497324112,0.6787545764058742,0.0019518491086301104,0.0
0.7085,-0.7377372234221207,0.6780192892193183,0.001981221069561556,0.0
0.70875,-0.7384529621081846,0.6772835340369714,0.002010859583847724,0.0
0.709,-0.7391680658246768,0.6765473127427077,0.0020407655950793746,0.0
0.70925,-0.7398825346056705,0.6758106272204019,0.0020709400429412828,0.0
0.7095,-0.7405963684852397,0.6750734793539279,0.002101383863201356,0.0
0.70975,-0.7413095674974577,0.6743358710271602,0.0021320979876988666,0.0
0.71,-0.7420221316763982,0.673597804123973,0.002163083344334904,0.0
0.71025,-0.7427340610561347,0.6728592805282405,0.002194340857061272,0.0
0.7105,-0.7434453556707408,0.6721203021238371,0.0022258714458693873,0.0
0.71075,-0.7441560155542899,0.6713808707946369,0.0022576760267798424,0.0
0.711,-0.7448660407408558,0.6706409884245145,0.00228975551183197,0.0
0.71125,-0.7455754312645122,0.669900656897344,0.0023221108090734077,0.0
0.7115,-0.7462841871593323,0.6691598780969995,0.002354742822548106,0.0
0.71175,-0.7469923084593899,0.6684186539073556,0.0023876524522883358,0.0
0.712,-0.7476997951987587,0.6676769862122864,0.0024208405943022537,0.0
0.71225,-0.7484066474115119,0.6669348768956662,0.00245430814056391,0.0
0.7125,-0.7491128651317235,0.6661923278413693,0.0024880559790037005,0.0
0.71275,-0.7498184483934667,0.66544934093327,0.0025220849934974865,0.0
0.713,-0.7505233972308153,0.6647059180552426,0.002556396063855937,0.0
0.71325,-0.7512277116778429,0.6639620610911613,0.00259099006581498,0.0
0.7135,-0.7519313917686229,0.6632177719249004,0.002625867871025811,0.0
0.71375,-0.7526344375372289,0.6624730524403343,0.0026610303470435692,0.0
0.714,-0.7533368490177347,0.6617279045213371,0.002696478357318677,0.0
0.71425,-0.7540386262442136,0.6609823300517833,0.0027322127611864033,0.0
0.7145,-0.7547397692507394,0.660236330915547,0.0027682344138564297,0.0
0.71475,-0.7554402780713856,0.6594899089965025,0.002804544166403078,0.0
0.715,-0.7561401527402256,0.6587430661785241,0.0028411428657557636,0.0
0.71525,-0.7568393932913333,0.6579958043454863,0.0028780313546892256,0.0
0.7155,-0.757537999758782,0.657248125381263,0.002915210471812868,0.0
0.71575,-0.7582359721766454,0.6565000311697287,0.0029526810515625446,0.0
0.716,-0.758933310578997,0.6557515235947577,0.0029904439241894565,0.0
0.71625,-0.7596300149999105,0.6550026045402242,0.0030284999157508263,0.0
0.7165,-0.7603260854734594,0.6542532758900024,0.0030668498481014606,0.0
0.71675,-0.7610215220337173,0.6535035395279669,0.003105494538882869,0.0
0.717,-0.7617163247147577,0.6527533973379916,0.003144434801513718,0.0
0.71725,-0.7624104935506543,0.6520028512039511,0.0031836714451813908,0.0
0.7175,-0.7631040285754804,0.6512519030097195,0.0032232052748324413,0.0
0.71775,-0.76379692982331,0.6505005546391709,0.0032630370911626017,0.0
0.718,-0.7644891973282164,0.64974880797618,0.003303167690607678,0.0
0.71825,-0.7651808311242732,0.6489966649046208,0.0033435978653344467,0.0
0.7185,-0.765871831245554,0.6482441273083677,0.0033843284032324394,0.0
0.71875,-0.7665621977261323,0.647491197071295,0.003425360087902396,0.0
0.719,-0.767251930600082,0.6467378760772768,0.0034666936986500474,0.0
0.71925,-0.7679410299014762,0.6459841662101876,0.0035083300104743476,0.0
0.7195,-0.7686294956643889,0.6452300693539015,0.003550269794061256,0.0
0.71975,-0.7693173279228933,0.6444755873922929,0.0035925138157726355,0.0
0.72,-0.7700045267110631,0.643720722209236,0.0036350628376375926,0.0
0.72025,-0.7706910920629721,0.6429654756886053,0.003677917617345594,0.0
0.7205,-0.7713770240126937,0.6422098497142747,0.0037210789082349205,0.0
0.72075,-0.7720623225943015,0.6414538461701189,0.003764547459286449,0.0
0.721,-0.7727469878418689,0.6406974669400118,0.003808324015112552,0.0
0.72125,-0.7734310197894698,0.6399407139078279,0.0038524093159510997,0.0
0.7215,-0.7741144184711776,0.6391835889574415,0.0038968040976545826,0.0
0.72175,-0.7747971839210659,0.6384260939727268,0.003941509091683448,0.0
0.722,-0.7754793161732081,0.637668230837558,0.003986525025095888,0.0
0.72225,-0.7761608152616781,0.6369100014358096,0.004031852620540954,0.0
0.7225,-0.7768416812205492,0.6361514076513557,0.0040774925962492325,0.0
0.72275,-0.7775219140838951,0.6353924513680707,0.004123445666024628,0.0
0.723,-0.7782015138857895,0.6346331344698288,0.004169712539237258,0.0
0.72325,-0.7788804806603057,0.6338734588405043,0.004216293920813241,0.0
0.7235,-0.7795588144415174,0.6331134263639716,0.004263190511228476,0.0
0.72375,-0.7802365152634982,0.6323530389241048,0.004310403006499541,0.0
0.724,-0.7809135831603218,0.6315922984047782,0.0043579320981754766,0.0
0.72425,-0.7815900181660616,0.630831206689866,0.004405778473330457,0.0
0.7245,-0.782265820314791,0.6300697656632428,0.004453942814555578,0.0
0.72475,-0.7829409896405839,0.6293079772087827,0.004502425799951304,0.0
0.725,-0.7836155261775137,0.62854584321036,0.0045512281031188095,0.0
0.72525,-0.7842894299596541,0.627783365551849,0.004600350393152874,0.0
0.7255,-0.7849627010210786,0.6270205461171237,0.004649793334634111,0.0
0.72575,-0.7856353393958608,0.6262573867900588,0.004699557587621861,0.0
0.726,-0.7863073451180742,0.6254938894545283,0.004749643807644199,0.0
0.72625,-0.7869787182217926,0.6247300559944067,0.004800052645694386,0.0
0.7265,-0.7876494587410893,0.6239658882935681,0.004850784748219539,0.0
0.72675,-0.788319566710038,0.6232013882358869,0.0049018407571153055,0.0
0.727,-0.7889890421627123,0.6224365577052373,0.004953221309718092,0.0
0.72725,-0.7896578851331857,0.6216713985854936,0.005004927038797735,0.0
0.7275,-0.7903260956555318,0.6209059127605302,0.00505695857254973,0.0
0.72775,-0.7909936737638242,0.6201401021142212,0.0051093165345887925,0.0
0.728,-0.7916606194921365,0.6193739685304409,0.005162001543940642,0.0
0.72825,-0.7923269328745421,0.6186075138930638,0.005215014215036673,0.0
0.7285,-0.7929926139451149,0.6178407400859639,0.0052683551577048515,0.0
0.72875,-0.7936576627379283,0.6170736489930156,0.005322024977164386,0.0
0.729,-0.7943220792870558,0.6163062424980932,0.005376024274017732,0.0
0.72925,-0.794985863626571,0.615538522485071,0.005430353644243713,0.0
0.7295,-0.7956490157905476,0.6147704908378231,0.0054850136791919635,0.0
0.72975,-0.796311535813059,0.6140021494402241,0.0055400049655747186,0.0
0.73,-0.7969734237281789,0.613233500176148,0.005595328085460594,0.0
0.73025,-0.7976346795699809,0.6124645449294692,0.005650983616268368,0.0
0.7305,-0.7982953033725384,0.611695285584062,0.005706972130759658,0.0
0.73075,-0.7989552951699251,0.6109257240238009,0.00576329419703292,0.0
0.731,-0.7996146549962146,0.6101558621325596,0.005819950378517014,0.0
0.73125,-0.8002733828854806,0.6093857017942128,0.005876941233964317,0.0
0.7315,-0.8009314788717963,0.6086152448926347,0.00593426731744473,0.0
0.73175,-0.8015889429892356,0.6078444933116998,0.005991929178339461,0.0
0.732,-0.8022457752718719,0.6070734489352819,0.006049927361333918,0.0
0.73225,-0.8029019757537788,0.6063021136472557,0.006108262406412823,0.0
0.7325,-0.8035575444690299,0.6055304893314952,0.006166934848853556,0.0
0.73275,-0.804212481451699,0.6047585778718749,0.006225945219219486,0.0
0.733,-0.8048667867358592,0.603986381152269,0.006285294043354872,0.0
0.73325,-0.8055204603555844,0.6032139010565518,0.0063449818423779725,0.0
0.7335,-0.8061735023449481,0.6024411394685973,0.006405009132676165,0.0
0.73375,-0.8068259127380242,0.6016680982722804,0.006465376425899949,0.0
0.734,-0.8074776915688857,0.6008947793514748,0.006526084228955398,0.0
0.73425,-0.8081288388716064,0.6001211845900551,0.00658713304400127,0.0
0.7345,-0.80877935468026,0.5993473158718954,0.006648523368441239,0.0
0.73475,-0.80942923902892,0.5985731750808702,0.006710255694919454,0.0
0.735,-0.8100784919516599,0.5977987641008535,0.006772330511314539,0.0
0.73525,-0.8107271134825534,0.5970240848157198,0.006834748300733162,0.0
0.7355,-0.811375103655674,0.5962491391093433,0.006897509541506919,0.0
0.73575,-0.8120224625050952,0.5954739288655984,0.006960614707184343,0.0
0.736,-0.8126691900648908,0.594698455968359,0.007024064266527796,0.0
0.73625,-0.8133152863691342,0.5939227223014998,0.007087858683507031,0.0
0.7365,-0.813960751451899,0.5931467297488949,0.007151998417293859,0.0
0.73675,-0.8146055853472587,0.5923704801944186,0.0072164839222579324,0.0
0.737,-0.815249788089287,0.5915939755219453,0.007281315647961195,0.0
0.73725,-0.8158933597120576,0.5908172176153492,0.007346494039152329,0.0
0.7375,-0.8165363002496437,0.5900402083585045,0.007412019535762759,0.0
0.73775,-0.8171786097361193,0.5892629496352855,0.007477892572901101,0.0
0.738,-0.8178202882055576,0.5884854433295665,0.007544113580848499,0.0
0.73825,-0.8184613356920324,0.5877076913252219,0.007610682985054629,0.0
0.7385,-0.8191017522296173,0.586929695506126,0.007677601206131479,0.0
0.73875,-0.8197415378523857,0.5861514577561528,0.007744868659849358,0.0
0.739,-0.8203806925944113,0.5853729799591767,0.007812485757133558,0.0
0.73925,-0.8210192164897676,0.5845942639990722,0.007880452904057922,0.0
0.7395,-0.8216571095725282,0.5838153117597134,0.007948770501841063,0.0
0.73975,-0.8222943718767667,0.5830361251249745,0.00801743894684237,0.0
0.74,-0.8229310034365567,0.5822567059787298,0.00808645863055757,0.0
0.74025,-0.8235670042859716,0.5814770562048538,0.008155829939614279,0.0
0.7405,-0.8242023744590853,0.5806971776872206,0.008225553255767126,0.0
0.74075,-0.8248371139899711,0.5799170723097045,0.008295628955894863,0.0
0.741,-0.8254712229127026,0.5791367419561799,0.008366057411995476,0.0
0.74125,-0.8261047012613535,0.5783561885105208,0.008436838991181972,0.0
0.7415,-0.8267375490699973,0.5775754138566019,0.00850797405567949,0.0
0.74175,-0.8273697663727075,0.5767944198782972,0.00857946296281975,0.0
0.742,-0.8280013532035579,0.5760132084594809,0.008651306065038833,0.0
0.74225,-0.8286323095966219,0.5752317814840275,0.00872350370987185,0.0
0.7425,-0.8292626355859731,0.5744501408358114,0.008796056239950722,0.0
0.74275,-0.8298923312056851,0.5736682883987063,0.008868963992999301,0.0
0.743,-0.8305213964898315,0.572886226056587,0.008942227301830474,0.0
0.74325,-0.8311498314724857,0.5721039556933278,0.009015846494342616,0.0
0.7435,-0.8317776361877216,0.5713214791928027,0.009089821893514927,0.0
0.74375,-0.8324048106696125,0.5705387984388861,0.009164153817406095,0.0
0.744,-0.8330313549522319,0.5697559153154523,0.009238842579148976,0.0
0.74425,-0.8336572690696538,0.5689728317063756,0.009313888486948585,0.0
0.7445,-0.8342825530559513,0.5681895494955302,0.009389291844078329,0.0
0.74475,-0.8349072069451984,0.5674060705667905,0.009465052948876451,0.0
0.745,-0.8355312307714683,0.5666223968040306,0.00954117209474381,0.0
0.74525,-0.8361546245688347,0.5658385300911251,0.009617649570140108,0.0
0.7455,-0.8367773883713712,0.5650544723119479,0.009694485658580998,0.0
0.74575,-0.8373995222131515,0.5642702253503735,0.009771680638636093,0.0
0.746,-0.838021026128249,0.5634857910902762,0.009849234783924521,0.0
0.74625,-0.8386419001507374,0.5627011714155301,0.009927148363112925,0.0
0.7465,-0.8392621443146902,0.5619163682100098,0.010005421639913248,0.0
0.74675,-0.8398817586541809,0.5611313833575893,0.010084054873079173,0.0
0.747,-0.8405007432032832,0.5603462187421429,0.010163048316403689,0.0
0.74725,-0.8411190979960705,0.559560876247545,0.010242402218716862,0.0
0.7475,-0.8417368230666167,0.5587753577576697,0.010322116823883398,0.0
0.74775,-0.8423539184489951,0.5579896651563917,0.010402192370799535,0.0
0.748,-0.8429703841772793,0.5572038003275848,0.010482629093391704,0.0
0.74825,-0.8435862202855431,0.5564177651551235,0.010563427220612986,0.0
0.7485,-0.8442014268078597,0.5556315615228822,0.010644586976441772,0.0
0.74875,-0.844816003778303,0.5548451913147348,0.010726108579879323,0.0
0.749,-0.8454299512309464,0.554058656414556,0.010807992244948439,0.0
0.74925,-0.8460432691998636,0.5532719587062198,0.010890238180688794,0.0
0.7495,-0.846655957719128,0.5524851000736006,0.010972846591158714,0.0
0.74975,-0.8472680168228135,0.5516980824005728,0.01105581767543029,0.0
0.75,-0.8478794465449933,0.5509109075710105,0.011139151627588051,0.0
0.75025,-0.848490246919741,0.550123577468788,0.011222848636728733,0.0
0.7505,-0.8491004179811303,0.5493360939777796,0.011306908886958178,0.0
0.75075,-0.8497099597632349,0.5485484589818597,0.011391332557389111,0.0
0.751,-0.8503188723001284,0.5477606743649024,0.01147611982214114,0.0
0.75125,-0.850927155625884,0.5469727420107822,0.01156127085033809,0.0
0.7515,-0.8515348097745756,0.5461846638033729,0.011646785806106452,0.0
0.75175,-0.8521418347802767,0.5453964416265495,0.011732664848574936,0.0
0.752,-0.8527482306770608,0.5446080773641857,0.011818908131871586,0.0
0.75225,-0.8533539974990014,0.543819572900156,0.011905515805124,0.0
0.7525,-0.8539591352801723,0.5430309301183348,0.011992488012457114,0.0
0.75275,-0.854563644054647,0.5422421509025961,0.012079824892992974,0.0
0.753,-0.8551675238564991,0.5414532371368145,0.012167526580847854,0.0
0.75325,-0.855770774719802,0.540664190704864,0.01225559320513292,0.0
0.7535,-0.8563733966786296,0.5398750134906191,0.012344024889952898,0.0
0.75375,-0.856975389767055,0.5390857073779539,0.012432821754404078,0.0
0.754,-0.8575767540191521,0.5382962742507428,0.012521983912574752,0.0
0.75425,-0.8581774894689945,0.53750671599286,0.01261151147354389,0.0
0.7545,-0.8587775961506557,0.5367170344881798,0.012701404541380468,0.0
0.75475,-0.8593770740982093,0.5359272316205765,0.012791663215142357,0.0
0.755,-0.8599759233457288,0.5351373092739244,0.012882287588876107,0.0
0.75525,-0.8605741439272878,0.5343472693320979,0.012973277751616497,0.0
0.7555,-0.8611717358769599,0.533557113678971,0.013064633787386093,0.0
0.75575,-0.8617686992288187,0.5327668441984182,0.01315635577519414,0.0
0.756,-0.8623650340169378,0.5319764627743138,0.013248443789037001,0.0
0.75625,-0.8629607402753905,0.531185971290532,0.01334089789789683,0.0
0.7565,-0.8635558180382508,0.5303953716309469,0.013433718165743125,0.0
0.75675,-0.864150267339592,0.5296046656794331,0.01352690465153028,0.0
0.757,-0.8647440882134878,0.5288138553198647,0.013620457409199593,0.0
0.75725,-0.8653372806940116,0.5280229424361161,0.013714376487677482,0.0
0.7575,-0.8659298448152373,0.5272319289120615,0.013808661930876376,0.0
0.75775,-0.8665217806112381,0.5264408166315753,0.013903313777694715,0.0
0.758,-0.8671130881160878,0.5256496074785315,0.01399833206201695,0.0
0.75825,-0.8677037673638598,0.5248583033368046,0.014093716812713764,0.0
0.7585,-0.8682938183886278,0.5240669060902688,0.014189468053642296,0.0
0.75875,-0.8688832412244655,0.5232754176227985,0.014285585803646805,0.0
0.759,-0.8694720359054462,0.5224838398182678,0.014382070076558007,0.0
0.75925,-0.8700602024656438,0.5216921745605512,0.014478920881194846,0.0
0.7595,-0.8706477409391314,0.5209004237335229,0.014576138221364054,0.0
0.75975,-0.8712346513599831,0.5201085892210571,0.014673722095861486,0.0
0.76,-0.8718209337622721,0.519316672907028,0.014771672498471444,0.0
0.76025,-0.8724065881800722,0.5185246766753101,0.014869989417969354,0.0
0.7605,-0.8729916146474568,0.5177326024097777,0.014968672838119979,0.0
0.76075,-0.8735760131984996,0.5169404519943048,0.015067722737680977,0.0
0.761,-0.8741597838672741,0.516148227312766,0.015167139090401127,0.0
0.76125,-0.8747429266878539,0.5153559302490354,0.015266921865024097,0.0
0.7615,-0.8753254416943128,0.5145635626869872,0.015367071025286227,0.0
0.76175,-0.8759073289207239,0.513771126510496,0.015467586529920307,0.0
0.762,-0.8764885884011611,0.5129786236034357,0.015568468332655128,0.0
0.76225,-0.8770692201696979,0.5121860558496809,0.015669716382217702,0.0
0.7625,-0.8776492242604079,0.5113934251331058,0.01577133062233327,0.0
0.76275,-0.8782286007073646,0.5106007333375846,0.015873310991727507,0.0
0.763,-0.8788073495446417,0.5098079823469915,0.015975657424127654,0.0
0.76325,-0.8793854708063127,0.509015174045201,0.016078369848264495,0.0
0.7635,-0.8799629645264512,0.5082223103160872,0.01618144818787237,0.0
0.76375,-0.8805398307391307,0.5074293930435245,0.016284892361692282,0.0
0.764,-0.8811160694784248,0.5066364241113872,0.016388702283472778,0.0
0.76425,-0.8816916807784071,0.5058434054035494,0.016492877861971067,0.0
0.7645,-0.8822666646731512,0.5050503388038858,0.01659741900095657,0.0
0.76475,-0.8828410211967306,0.5042572261962701,0.016702325599210033,0.0
0.765,-0.883414750383219,0.503464069464577,0.01680759755052863,0.0
0.76525,-0.88398785226669,0.5026708704926806,0.016913234743724193,0.0
0.7655,-0.8845603268812169,0.5018776311644553,0.01701923706262809,0.0
0.76575,-0.8851321742608734,0.5010843533637752,0.017125604386092563,0.0
0.766,-0.8857033944397332,0.5002910389745148,0.017232336587991615,0.0
0.76625,-0.8862739874518698,0.4994976898805481,0.01733943353722478,0.0
0.7665,-0.8868439533313568,0.4987043079657497,0.017446895097718018,0.0
0.76675,-0.8874132921122677,0.4979108951139938,0.017554721128427264,0.0
0.767,-0.8879820038286761,0.49711745320915457,0.017662911483339316,0.0
0.76725,-0.8885500885146557,0.49632398413510637,0.01777146601147539,0.0
0.7675,-0.8891175462042797,0.49553048977572345,0.017880384556892892,0.0
0.76775,-0.8896843769316223,0.4947369720148801,0.01798966695868831,0.0
0.768,-0.8902505807307565,0.4939434327364506,0.018099313050999655,0.0
0.76825,-0.8908161576357562,0.49314987382430925,0.018209322663009342,0.0
0.7685,-0.8913811076806948,0.4923562971623303,0.018319695618946197,0.0
0.76875,-0.891945430899646,0.4915627046343881,0.01843043173808856,0.0
0.769,-0.8925091273266832,0.4907690981243569,0.01854153083476784,0.0
0.76925,-0.89307219699588,0.48997547951611087,0.01865299271836962,0.0
0.7695,-0.8936346399413102,0.4891818506935245,0.01876481719333878,0.0
0.76975,-0.8941964561970472,0.4883882135404719,0.01887700405918058,0.0
0.77,-0.8947576457971648,0.4875945699408275,0.018989553110464907,0.0
0.77025,-0.8953182087757362,0.48680092177846535,0.0191024641368287,0.0
0.7705,-0.8958781451668352,0.4860072709372599,0.01921573692297951,0.0
0.77075,-0.8964374550045353,0.48521361930108553,0.0193293712486986,0.0
0.771,-0.8969961383229101,0.4844199687538163,0.01944336688884385,0.0
0.77125,-0.8975541951560333,0.4836263211793267,0.019557723613353728,0.0
0.7715,-0.8981116255379782,0.4828326784614908,0.019672441187250644,0.0
0.77175,-0.8986684295028186,0.48203904248418306,0.01978751937064338,0.0
0.772,-0.8992246070846279,0.4812454151312776,0.0199029579187322,0.0
0.77225,-0.8997801583174798,0.48045179828664886,0.02001875658181107,0.0
0.7725,-0.900335083235448,0.4796581938341711,0.020134915105271878,0.0
0.77275,-0.9008893818726058,0.47886460365771844,0.020251433229608207,0.0
0.773,-0.901443054263027,0.4780710296411654,0.020368310690418667,0.0
0.77325,-0.901996100440785,0.477277473668386,0.020485547218410893,0.0
0.7735,-0.9025485204399535,0.4764839376232548,0.020603142539405983,0.0
0.77375,-0.903100314294606,0.47569042338964596,0.020721096374341164,0.0
0.774,-0.903651482038816,0.47489693285143364,0.020839408439274454,0.0
0.77425,-0.9042020237066573,0.47410346789249225,0.020958078445389328,0.0
0.7745,-0.9047519393322032,0.47331003039669606,0.021077106098997822,0.0
0.77475,-0.9053012289495276,0.4725166222479194,0.02119649110154498,0.0
0.775,-0.9058498925927039,0.47172324533003646,0.021316233149613062,0.0
0.77525,-0.9063979302958055,0.47092990152692155,0.02143633193492578,0.0
0.7755,-0.9069453420929062,0.47013659272244895,0.021556787144352718,0.0
0.77575,-0.9074921280180795,0.469343320800493,0.021677598459913794,0.0
0.776,-0.908038288105399,0.4685500876449279,0.02179876555878324,0.0
0.77625,-0.9085838223889383,0.4677568951396279,0.021920288113294495,0.0
0.7765,-0.9091287309027709,0.4669637451684675,0.022042165790944424,0.0
0.77675,-0.9096730136809705,0.4661706396153207,0.02216439825439842,0.0
0.777,-0.9102166707576106,0.46537758036406196,0.02228698516149441,0.0
0.77725,-0.9107597021667646,0.4645845692985655,0.02240992616524773,0.0
0.7775,-0.9113021079425064,0.4637916083027056,0.022533220913856677,0.0
0.77775,-0.9118438881189094,0.46299869926035664,0.02265686905070563,0.0
0.778,-0.9123850427300472,0.4622058440553928,0.022780870214371918,0.0
0.77825,-0.9129255718099932,0.4614130445716883,0.022905224038629157,0.0
0.7785,-0.9134654753928213,0.4606203026931176,0.023029930152452804,0.0
0.77875,-0.9140047535126048,0.45982762030355484,0.02315498818002526,0.0
0.779,-0.9145434062034175,0.4590349992868744,0.02328039774074142,0.0
0.77925,-0.9150814334993327,0.4582424415269505,0.023406158449212455,0.0
0.7795,-0.9156188354344243,0.4574499489076574,0.02353226991527224,0.0
0.77975,-0.9161556120427656,0.45665752331286946,0.023658731743982253,0.0
0.78,-0.9166917633584303,0.45586516662646087,0.02378554353563689,0.0
0.78025,-0.9172272894154919,0.455072880732306,0.023912704885768132,0.0
0.7805,-0.9177621902480241,0.4542806675142791,0.02404021538515244,0.0
0.78075,-0.9182964658901003,0.4534885288562544,0.024168074619814517,0.0
0.781,-0.9188301163757943,0.4526964666421063,0.02429628217103441,0.0
0.78125,-0.9193631417391794,0.45190448275570894,0.024424837615351525,0.0
0.7815,-0.9198955420143294,0.4511125790809367,0.02455374052457171,0.0
0.78175,-0.9204273172353179,0.4503207575016638,0.024682990465771715,0.0
0.782,-0.9209584674362182,0.44952901990176464,0.02481258700130584,0.0
0.78225,-0.9214889926511041,0.44873736816511334,0.024942529688810833,0.0
0.7825,-0.9220188929140491,0.4479458041755844,0.0250728180812132,0.0
0.78275,-0.9225481682591268,0.44715432981705183,0.02520345172673255,0.0
0.783,-0.9230768187204108,0.4463629469733901,0.025334430168890698,0.0
0.78325,-0.9236048443319747,0.4455716575284734,0.025465752946514764,0.0
0.7835,-0.9241322451278919,0.44478046336617605,0.025597419593745174,0.0
0.78375,-0.9246590211422363,0.44398936637037234,0.02572942964004077,0.0
0.784,-0.925185172409081,0.44319836842493654,0.025861782610185235,0.0
0.78425,-0.9257106989624999,0.442407471413743,0.025994478024293333,0.0
0.7845,-0.9262356008365666,0.4416166772206659,0.026127515397817103,0.0
0.78475,-0.9267598780653545,0.44082598772957954,0.02626089424155209,0.0
0.785,-0.9272835306829373,0.4400354048243582,0.026394614061643784,0.0
0.78525,-0.9278065587233886,0.4392449303888763,0.02652867435959405,0.0
0.7855,-0.9283289622207818,0.43845456630700785,0.026663074632267136,0.0
0.78575,-0.9288507412091905,0.43766431446262744,0.026797814371896767,0.0
0.786,-0.9293718957226886,0.4368741767396091,0.02693289306609281,0.0
0.78625,-0.9298924257953493,0.4360841550218273,0.027068310197846612,0.0
0.7865,-0.9304123314612462,0.4352942511931562,0.02720406524553942,0.0
0.78675,-0.9309316127544531,0.43450446713747004,0.02734015768294773,0.0
0.787,-0.9314502697090434,0.4337148047386433,0.027476586979250373,0.0
0.78725,-0.9319683023590908,0.4329252658805501,0.02761335259903608,0.0
0.7875,-0.9324857107386688,0.43213585244706476,0.027750454002308578,0.0
0.78775,-0.9330024948818509,0.4313465663220616,0.027887890644495927,0.0
0.788,-0.9335186548227108,0.43055740938941484,0.028025661976454508,0.0
0.78825,-0.934034190595322,0.4297683835329988,0.028163767444479237,0.0
0.7885,-0.9345491022337582,0.4289794906366877,0.02830220649030779,0.0
0.78875,-0.9350633897720928,0.4281907325843559,0.02844097855112926,0.0
0.789,-0.9355770532443994,0.4274021112598777,0.02858008305959081,0.0
0.78925,-0.9360900926847517,0.42661362854712737,0.02871951944380524,0.0
0.7895,-0.9366025081272231,0.4258252863299791,0.02885928712735719,0.0
0.78975,-0.9371142996058873,0.4250370864923073,0.028999385529312027,0.0
0.79,-0.9376254671548179,0.42424903091798616,0.029139814064221614,0.0
0.79025,-0.9381360108080883,0.42346112149088994,0.029280572142132533,0.0
0.7905,-0.9386459305997723,0.42267336009489304,0.029421659168593406,0.0
0.79075,-0.9391552265639432,0.4218857486138696,0.029563074544661783,0.0
0.791,-0.9396638987346748,0.4210982889316941,0.029704817666912575,0.0
0.79125,-0.9401719471460408,0.42031098293224056,0.029846887927445387,0.0
0.7915,-0.9406793718321144,0.4195238324993835,0.029989284713890507,0.0
0.79175,-0.9411861728269693,0.4187368395169971,0.030132007409419792,0.0
0.792,-0.9416923501646792,0.4179500058689556,0.030275055392751327,0.0
0.79225,-0.9421979038793177,0.41716333343913337,0.030418428038158307,0.0
0.7925,-0.9427028340049581,0.41637682411140464,0.03056212471547748,0.0
0.79275,-0.9432071405756743,0.4155904797696437,0.030706144790115353,0.0
0.793,-0.9437108236255398,0.41480430229772486,0.03085048762305842,0.0
0.79325,-0.944213883188628,0.41401829357952236,0.030995152570877815,0.0
0.7935,-0.9447163192990126,0.4132324554989105,0.03114013898574086,0.0
0.79375,-0.9452181319907671,0.4124467899397636,0.0312854462154164,0.0
0.794,-0.9457193212979651,0.41166129878595586,0.03143107360328434,0.0
0.79425,-0.9462198872546803,0.4108759839213616,0.031577020488342766,0.0
0.7945,-0.946719829894986,0.41009084722985517,0.031723286205216805,0.0
0.79475,-0.9472191492529561,0.40930589059531075,0.03186987008416642,0.0
0.795,-0.947717845362664,0.40852111590160267,0.03201677145109483,0.0
0.79525,-0.9482159182581833,0.40773652503260516,0.03216398962755629,0.0
0.7955,-0.9487133679735875,0.4069521198721926,0.032311523930765196,0.0
0.79575,-0.9492101945429503,0.40616790230423927,0.03245937367360452,0.0
0.796,-0.9497063980003453,0.4053838742126193,0.032607538164632466,0.0
0.79625,-0.9502019783798459,0.4046000374812071,0.03275601670809314,0.0
0.7965,-0.9506969357155257,0.403816393993877,0.03290480860392386,0.0
0.79675,-0.9511912700414584,0.40303294563450315,0.033053913147763625,0.0
0.797,-0.9516849813917175,0.4022496942869599,0.033203329630962175,0.0
0.79725,-0.9521780698003766,0.4014666418351216,0.03335305734058802,0.0
0.7975,-0.9526705353015092,0.4006837901628624,0.03350309555943798,0.0
0.79775,-0.9531623779291889,0.3999011411540566,0.033653443566044716,0.0
0.798,-0.9536535977174895,0.3991186966925786,0.03380410063468675,0.0
0.79825,-0.9541441947004842,0.3983364586623025,0.033955066035395776,0.0
0.7985,-0.9546341689122468,0.39755442894710274,0.03410633903396665,0.0
0.79875,-0.955123520386851,0.3967726094308536,0.03425791889196583,0.0
0.799,-0.9556122491583701,0.39599100199742926,0.034409804866739835,0.0
0.79925,-0.9561003552608777,0.3952096085307041,0.034561996211425194,0.0
0.7995,-0.9565878387284474,0.39442843091455226,0.03471449217495648,0.0
0.79975,-0.9570746995951529,0.39364747103284825,0.03486729200207561,0.0
0.8,-0.9575609378950678,0.3928667307694661,0.035020394933341414,0.0
0.80025,-0.9580465536622655,0.3920862120082803,0.03517380020513783,0.0
0.8005,-0.9585315469308195,0.39130591663316505,0.035327507049683016,0.0
0.80075,-0.9590159177348037,0.3905258465279946,0.03548151469504002,0.0
0.801,-0.9594996661082915,0.38974600357664324,0.035635822365124525,0.0
0.80125,-0.9599827920853564,0.38896638966298536,0.03579042927971399,0.0
0.8015,-0.9604652957000721,0.388187006670895,0.03594533465445782,0.0
0.80175,-0.9609471769865121,0.3874078564842467,0.03610053770088628,0.0
0.802,-0.9614284359787499,0.3866289409869147,0.036256037626420046,0.0
0.80225,-0.9619090727108592,0.3858502620627731,0.036411833634379054,0.0
0.8025,-0.9623890872169136,0.3850718215956964,0.03656792492399252,0.0
0.80275,-0.9628684795309866,0.3842936214695587,0.03672431069040849,0.0
0.803,-0.9633472496871518,0.38351566356823447,0.03688099012470225,0.0
0.80325,-0.9638253977194826,0.38273794977559783,0.03703796241388724,0.0
0.8035,-0.9643029236620528,0.3819604819755231,0.037195226740924126,0.0
0.80375,-0.9647798275489361,0.38118326205188463,0.03735278228473016,0.0
0.804,-0.9652561094142057,0.3804062918885566,0.03751062822018869,0.0
0.80425,-0.9657317692919354,0.37962957336941344,0.03766876371816008,0.0
0.8045,-0.9662068072161987,0.3788531083783293,0.03782718794548967,0.0
0.80475,-0.9666812232210693,0.3780768987991785,0.037985900065018896,0.0
0.805,-0.9671550173406206,0.3773009465158354,0.03814489923559394,0.0
0.80525,-0.9676281896089262,0.37652525341217413,0.03830418461207685,0.0
0.8055,-0.9681007400600598,0.3757498213720691,0.038463755345354844,0.0
0.80575,-0.9685726687280949,0.3749746522793945,0.038623610582349865,0.0
0.806,-0.969043975647105,0.3741997480180247,0.03878374946602836,0.0
0.80625,-0.9695146608511638,0.3734251104718339,0.03894417113541215,0.0
0.8065,-0.9699847243743448,0.37265074152469646,0.03910487472558777,0.0
0.80675,-0.9704541662507216,0.3718766430604866,0.03926585936771709,0.0
0.807,-0.9709229865143677,0.3711028169630787,0.03942712418904648,0.0
0.80725,-0.9713911851993569,0.3703292651163469,0.039588668312917186,0.0
0.8075,-0.9718587623397624,0.3695559894041655,0.039750490858776466,0.0
0.80775,-0.972325717969658,0.3687829917104089,0.03991259094218602,0.0
0.808,-0.9727920521231175,0.36801027391895136,0.04007496767483443,0.0
0.80825,-0.9732577648342141,0.36723783791366704,0.04023762016454446,0.0
0.8085,-0.9737228561370215,0.36646568557843034,0.040400547515286434,0.0
0.80875,-0.9741873260656133,0.3656938187971155,0.040563748827186163,0.0
0.809,-0.9746511746540631,0.3649222394535968,0.040727223196536544,0.0
0.80925,-0.9751144019364444,0.36415094943174864,0.0408909697158073,0.0
0.8095,-0.9755770079468307,0.36337995061544504,0.04105498747365588,0.0
0.80975,-0.9760389927192958,0.3626092448885605,0.04121927555493787,0.0
0.81,-0.9765003562879131,0.3618388341349692,0.04138383304071658,0.0
0.81025,-0.9769610986867562,0.3610687202385455,0.041548659008274536,0.0
0.8105,-0.9774212199498988,0.36029890508316365,0.04171375253112375,0.0
0.81075,-0.9778807201114142,0.35952939055269795,0.04187911267901545,0.0
0.811,-0.9783395992053763,0.3587601785310226,0.04204473851795232,0.0
0.81125,-0.9787978572658584,0.35799127090201194,0.04221062911019735,0.0
0.8115,-0.9792554943269344,0.3572226695495403,0.04237678351428609,0.0
0.81175,-0.9797125104226776,0.3564543763574818,0.04254320078503526,0.0
0.812,-0.9801689055871616,0.35568639320971096,0.04270987997355591,0.0
0.81225,-0.98062467985446,0.3549187219901019,0.042876820127261794,0.0
0.8125,-0.9810798332586463,0.35415136458252894,0.04304402028988252,0.0
0.81275,-0.9815343658337943,0.3533843228708663,0.04321147950147153,0.0
0.813,-0.9819882776139774,0.35261759873898846,0.04337919679842006,0.0
0.81325,-0.9824415686332693,0.3518511940707694,0.043547171213464964,0.0
0.8135,-0.9828942389257433,0.35108511075008364,0.04371540177570199,0.0
0.81375,-0.9833462885254733,0.35031935066080544,0.04388388751059469,0.0
0.814,-0.9837977174665327,0.34955391568680905,0.04405262743998706,0.0
0.81425,-0.9842485257829952,0.3487888077119687,0.04422162058211376,0.0
0.8145,-0.9846987135089341,0.3480240286201587,0.04439086595161057,0.0
0.81475,-0.9851482806784233,0.3472595802952534,0.044560362559526334,0.0
0.815,-0.9855972273255362,0.3464954646211269,0.04473010941333322,0.0
0.81525,-0.9860455534843463,0.34573168348165373,0.04490010551693846,0.0
0.8155,-0.9864932591889273,0.34496823876070803,0.045070349870695026,0.0
0.81575,-0.9869403444733529,0.3442051323421641,0.04524084147141294,0.0
0.816,-0.9873868093716964,0.3434423661098962,0.0454115793123695,0.0
0.81625,-0.9878326539180315,0.3426799419477787,0.04558256238332259,0.0
0.8165,-0.9882778781464319,0.34191786173968575,0.04575378967051913,0.0
0.81675,-0.9887224820909708,0.34115612736949164,0.045925260156708836,0.0
0.817,-0.9891664657857222,0.3403947407210708,0.04609697282115355,0.0
0.81725,-0.9896098292647595,0.3396337036782974,0.046268926639639885,0.0
0.8175,-0.9900525725621562,0.3388730181250458,0.046441120584489015,0.0
0.81775,-0.990494695711986,0.3381126859451902,0.04661355362456998,0.0
0.818,-0.9909361987483223,0.3373527090226049,0.0467862247253088,0.0
0.81825,-0.9913770817052387,0.33659308924116416,0.04695913284870201,0.0
0.8185,-0.991817344616809,0.3358338284847424,0.047132276953326224,0.0
0.81875,-0.9922569875171068,0.3350749286372138,0.04730565599435099,0.0
0.819,-0.9926960104402054,0.3343163915824526,0.04747926892354881,0.0
0.81925,-0.9931344134201783,0.33355821920433315,0.04765311468930755,0.0
0.8195,-0.9935721964910994,0.33280041338672967,0.04782719223664267,0.0
0.81975,-0.9940093596870422,0.3320429760135165,0.04800150050720653,0.0
0.82,-0.99444590304208,0.3312859089685679,0.04817603843930174,0.0
0.82025,-0.9948818265902868,0.33052921413575814,0.048350804967892014,0.0
0.8205,-0.995317130365736,0.32977289339896154,0.048525799024614624,0.0
0.82075,-0.9957518144025008,0.32901694864205233,0.048701019537789714,0.0
0.821,-0.9961858787346554,0.3282613817489049,0.04887646543243496,0.0
0.82125,-0.996619323396273,0.32750619460339336,0.049052135630274885,0.0
0.8215,-0.9970521484214272,0.32675138908939216,0.04922802904975376,0.0
0.82175,-0.9974843538441915,0.3259969670907755,0.049404144606046696,0.0
0.822,-0.9979159396986398,0.32524293049141767,0.04958048121107139,0.0
0.82225,-0.9983469060188455,0.32448928117519293,0.0497570377735006,0.0
0.8225,-0.9987772528388819,0.32373602102597565,0.049933813198772325,0.0
0.82275,-0.999206980192823,0.32298315192763993,0.05011080638910359,0.0
0.823,-0.9996360881147421,0.3222306757640603,0.05028801624350043,0.0
0.82325,-1.0000645766387128,0.32147859441911086,0.05046544165777056,0.0
0.8235,-1.000492445798809,0.32072690977666596,0.05064308152453556,0.0
0.82375,-1.0009196956291038,0.31997562372059984,0.05082093473324201,0.0
0.824,-1.001346326163671,0.31922473813478686,0.05099900017017345,0.0
0.82425,-1.0017723374365843,0.3184742549031013,0.051177276718462617,0.0
0.8245,-1.0021977294819169,0.3177241759094173,0.05135576325810276,0.0
0.82475,-1.0026225023337427,0.3169745030376093,0.05153445866596096,0.0
0.825,-1.0030466560261353,0.3162252381715515,0.051713361815787895,0.0
0.82525,-1.003470190593168,0.3154763831951183,0.05189247157823229,0.0
0.8255,-1.0038931060689145,0.31472793999218374,0.05207178682085023,0.0
0.82575,-1.0043154024874483,0.3139799104466223,0.05225130640811959,0.0
0.826,-1.0047370798828434,0.31323229644230827,0.05243102920145093,0.0
0.82625,-1.0051581382891732,0.31248509986311584,0.052610954059199466,0.0
0.8265,-1.0055785777405108,0.31173832259291934,0.052791079836676635,0.0
0.82675,-1.00599839827093,0.310991966515593,0.052971405386163406,0.0
0.827,-1.0064175999145046,0.3102460335150112,0.05315192955692272,0.0
0.82725,-1.006836182705308,0.30950052547504814,0.0533326511952088,0.0
0.8275,-1.0072541466774139,0.30875544427957813,0.05351356914428251,0.0
0.82775,-1.0076714918648957,0.3080107918124755,0.053694682244421754,0.0
0.828,-1.0080882183018272,0.30726656995761437,0.053875989332933694,0.0
0.82825,-1.0085043260222817,0.30652278059886917,0.05405748924416787,0.0
0.8285,-1.008919815060333,0.3057794256201142,0.054239180809527276,0.0
0.82875,-1.0093346854500544,0.30503650690522366,0.054421062857481495,0.0
0.829,-1.00974893722552,0.3042940263380719,0.05460313421357821,0.0
0.82925,-1.0101625704208028,0.30355198580253306,0.05478539370045543,0.0
0.8295,-1.0105755850699765,0.30281038718248166,0.05496784013785461,0.0
0.82975,-1.010987981207115,0.30206923236179184,0.05515047234263237,0.0
0.83,-1.0113997588662915,0.30132852322433784,0.055333289128772334,0.0
0.83025,-1.0118109180815797,0.300588261653994,0.05551628930739816,0.0
0.8305,-1.0122214588870533,0.29984844953463463,0.05569947168678602,0.0
0.83075,-1.012631381316786,0.2991090887501339,0.05588283507237568,0.0
0.831,-1.0130406854048508,0.29837018118436626,0.05606637826678362,0.0
0.83125,-1.0134493711853216,0.2976317287212059,0.056250100069816567,0.0
0.8315,-1.013857438692272,0.2968937332445271,0.05643399927848147,0.0
0.83175,-1.0142648879597758,0.29615619663820414,0.0566180746870002,0.0
0.832,-1.0146717190219063,0.2954191207861113,0.05680232508682037,0.0
0.83225,-1.015077931912737,0.2946825075721229,0.056986749266628056,0.0
0.8325,-1.0154835266663418,0.2939463588801132,0.05717134601236107,0.0
0.83275,-1.0158885033167937,0.2932106765939565,0.0573561141072203,0.0
0.833,-1.016292861898167,0.292475462597527,0.05754105233168327,0.0
0.83325,-1.0166966024445347,0.2917407187746991,0.05772615946351567,0.0
0.8335,-1.0170997249899707,0.2910064470093471,0.057911434277784,0.0
0.83375,-1.0175022295685485,0.29027264918534507,0.05809687554686871,0.0
0.834,-1.0179041162143416,0.2895393271865675,0.0582824820404757,0.0
0.83425,-1.0183053849614234,0.2888064828968886,0.05846825252565013,0.0
0.8345,-1.0187060358438678,0.2880741182001827,0.058654185766787714,0.0
0.83475,-1.0191060688957485,0.28734223498032396,0.05884028052564849,0.0
0.835,-1.0195054841511384,0.2866108351211868,0.059026535561367055,0.0
0.83525,-1.019904281644112,0.2858799205066454,0.05921294963046875,0.0
0.8355,-1.020302461408742,0.28514949302057413,0.05939952148687877,0.0
0.83575,-1.0207000234791024,0.28441955454684725,0.05958624988193728,0.0
0.836,-1.0210969678892667,0.28369010696933905,0.059773133564410275,0.0
0.83625,-1.0214932946733086,0.28296115217192375,0.05996017128050313,0.0
0.8365,-1.0218890038653015,0.2822326920384757,0.06014736177387303,0.0
0.83675,-1.022284095499319,0.28150472845286906,0.06033470378564165,0.0
0.837,-1.0226785696094347,0.28077726329897823,0.06052219605440734,0.0
0.83725,-1.0230724262297226,0.2800502984606775,0.06070983731625956,0.0
0.8375,-1.0234656653942555,0.2793238358218411,0.06089762630478779,0.0
0.83775,-1.0238582871371074,0.27859787726634333,0.06108556175109836,0.0
0.838,-1.024250291492352,0.2778724246780585,0.061273642383825155,0.0
0.83825,-1.0246416784940624,0.27714747994086086,0.06146186692914202,0.0
0.8385,-1.0250324481763124,0.2764230449386247,0.06165023411077608,0.0
0.83875,-1.025422600573176,0.2756991215552243,0.061838742650021095,0.0
0.839,-1.0258121357187262,0.27497571167453394,0.0620273912657483,0.0
0.83925,-1.026201053647037,0.27425281718042793,0.06221617867442131,0.0
0.8395,-1.0265893543921814,0.2735304399567805,0.06240510359010676,0.0
0.83975,-1.0269770379882335,0.272808581887466,0.06259416472448964,0.0
0.84,-1.0273641044692665,0.2720872448563586,0.06278336078688307,0.0
0.84025,-1.0277505538693545,0.2713664307473327,0.06297269048424381,0.0
0.8405,-1.0281363862225705,0.2706461414442626,0.06316215252118274,0.0
0.84075,-1.0285216015629883,0.26992637883102244,0.06335174559997947,0.0
0.841,-1.0289061999246818,0.2692071447914866,0.06354146842059416,0.0
0.84125,-1.029290181341724,0.26848844120952936,0.06373131968068035,0.0
0.8415,-1.0296735458481887,0.267770269969025,0.06392129807559854,0.0
0.84175,-1.0300562934781496,0.2670526329538478,0.06411140229842771,0.0
0.842,-1.0304384242656803,0.266335532047872,0.06430163103997977,0.0
0.84225,-1.0308199382448542,0.26561896913497196,0.06449198298881065,0.0
0.8425,-1.031200835449745,0.2649029460990219,0.06468245683123452,0.0
0.84275,-1.0315811159144261,0.2641874648238961,0.0648730512513358,0.0
0.843,-1.0319607796729713,0.2634725271934689,0.06506376493098287,0.0
0.84325,-1.032339826759454,0.2627581350916146,0.0652545965498399,0.0
0.8435,-1.0327182572079479,0.26204429040220734,0.065445544785381,0.0
0.84375,-1.0330960710525265,0.26133099500912155,0.06563660831290163,0.0
0.844,-1.0334732683272632,0.26061825079623147,0.06582778580553184,0.0
0.84425,-1.0338498490662318,0.2599060596474113,0.06601907593425071,0.0
0.8445,-1.0342258133035058,0.2591944234465354,0.06621047736789754,0.0
0.84475,-1.034601161073159,0.2584833440774781,0.06640198877318504,0.0
0.845,-1.0349758924092647,0.25777282342411356,0.06659360881471299,0.0
0.84525,-1.0353500073458966,0.25706286337031614,0.06678533615498017,0.0
0.8455,-1.0357235059171281,0.25635346579996016,0.06697716945439769,0.0
0.84575,-1.0360963881570329,0.25564463259691983,0.06716910737130277,0.0
0.846,-1.0364686540996846,0.25493636564506944,0.06736114856197006,0.0
0.84625,-1.0368403037791567,0.25422866682828327,0.06755329168062629,0.0
0.8465,-1.0372113372295229,0.25352153803043576,0.06774553537946137,0.0
0.84675,-1.0375817544848567,0.2528149811354009,0.06793787830864328,0.0
0.847,-1.0379515555792316,0.25210899802705317,0.06813031911632939,0.0
0.84725,-1.0383207405467214,0.2514035905892668,0.06832285644868019,0.0
0.8475,-1.0386893094213994,0.2506987607059161,0.06851548894987292,0.0
0.84775,-1.039057262237339,0.24999451026087532,0.06870821526211235,0.0
0.848,-1.0394245990286146,0.2492908411380188,0.06890103402564707,0.0
0.84825,-1.039791319829299,0.24858775522122073,0.06909394387877854,0.0
0.8485,-1.040157424673466,0.24788525439435544,0.069286943457878,0.0
0.84875,-1.0405229135951892,0.24718334054129726,0.06948003139739667,0.0
0.849,-1.040887786628542,0.2464820155459204,0.06967320632987928,0.0
0.84925,-1.0412520438075983,0.24578128129209914,0.06986646688597853,0.0
0.8495,-1.0416156851664313,0.24508113966370781,0.07005981169446618,0.0
0.84975,-1.0419787107391152,0.24438159254462072,0.07025323938224726,0.0
0.85,-1.0423411205597228,0.24368264181871208,0.07044674857437228,0.0
0.85025,-1.0427029146623281,0.24298428936985617,0.07064033789405122,0.0
0.8505,-1.0430640930810047,0.24228653708192735,0.07083400596266598,0.0
0.85075,-1.043424655849826,0.24158938683879982,0.07102775139978279,0.0
0.851,-1.0437846030028657,0.24089284052434792,0.07122157282316666,0.0
0.85125,-1.0441439345741972,0.24019690002244592,0.07141546884879268,0.0
0.8515,-1.0445026505978943,0.23950156721696805,0.07160943809086096,0.0
0.85175,-1.0448607511080303,0.23880684399178864,0.07180347916180785,0.0
0.852,-1.045218236138679,0.238112732230782,0.07199759067232026,0.0
0.85225,-1.045575105723914,0.23741923381782237,0.07219177123134823,0.0
0.8525,-1.0459313598978088,0.23672635063678404,0.07238601944611767,0.0
0.85275,-1.0462869986944368,0.2360340845715413,0.07258033392214402,0.0
0.853,-1.046642022147872,0.23534243750596845,0.0727747132632448,0.0
0.85325,-1.0469964302921877,0.23465141132393974,0.07296915607155285,0.0
0.8535,-1.0473502231614575,0.23396100790932944,0.07316366094752946,0.0
0.85375,-1.0477034007897548,0.2332712291460119,0.07335822648997703,0.0
0.854,-1.0480559632111532,0.2325820769178613,0.07355285129605238,0.0
0.85425,-1.0484079104597266,0.23189355310875204,0.07374753396128075,0.0
0.8545,-1.0487592425695484,0.2312056596025583,0.07394227307956691,0.0
0.85475,-1.049109959574692,0.2305183982831544,0.07413706724320934,0.0
0.855,-1.0494600615092313,0.22983177103441466,0.07433191504291425,0.0
0.85525,-1.0498095484072394,0.22914577974021333,0.07452681506780556,0.0
0.8555,-1.0501584203027905,0.2284604262844247,0.07472176590544266,0.0
0.85575,-1.0505066772299578,0.22777571255092305,0.07491676614182907,0.0
0.856,-1.0508543192228148,0.2270916404235826,0.07511181436142689,0.0
0.85625,-1.0512013463154353,0.22640821178627774,0.07530690914717164,0.0
0.8565,-1.0515477585418926,0.22572542852288272,0.07550204908048297,0.0
0.85675,-1.0518935559362605,0.2250432925172718,0.07569723274127904,0.0
0.857,-1.0522387385326126,0.22436180565331926,0.075892458707989,0.0
0.85725,-1.0525833063650225,0.22368096981489938,0.07608772555756649,0.0
0.8575,-1.0529272594675634,0.22300078688588648,0.07628303186550234,0.0
0.85775,-1.0532705978743093,0.2223212587501548,0.0764783762058383,0.0
0.858,-1.0536133216193335,0.22164238729157865,0.07667375715117863,0.0
0.85825,-1.0539554307367098,0.2209641743940323,0.07686917327270537,0.0
0.8585,-1.0542969252605117,0.22028662194139004,0.07706462314018925,0.0
0.85875,-1.0546378052248127,0.21960973181752613,0.07726010532200434,0.0
0.859,-1.0549780706636862,0.21893350590631488,0.07745561838513981,0.0
0.85925,-1.055317721611206,0.21825794609163057,0.07765116089521462,0.0
0.8595,-1.0556567581014455,0.21758305425734747,0.07784673141648923,0.0
0.85975,-1.055995180168479,0.21690883228733987,0.07804232851187987,0.0
0.86,-1.0563329878463792,0.21623528206548204,0.07823795074296913,0.0
0.86025,-1.05667018116922,0.21556240547564828,0.07843359667002225,0.0
0.8605,-1.0570067601710749,0.21489020440171286,0.07862926485199817,0.0
0.86075,-1.0573427248860174,0.21421868072755007,0.07882495384656374,0.0
0.861,-1.0576780753481216,0.21354783633703422,0.07902066221010595,0.0
0.86125,-1.0580128115914602,0.21287767311403955,0.0792163884977446,0.0
0.8615,-1.0583469336501075,0.21220819294244037,0.0794121312633469,0.0
0.86175,-1.0586804415581368,0.2115393977061109,0.07960788905953997,0.0
0.862,-1.0590133353496216,0.21087128928892554,0.07980366043772236,0.0
0.86225,-1.0593456150586356,0.21020386957475845,0.07999944394807934,0.0
0.8625,-1.0596772807192525,0.209537140447484,0.08019523813959584,0.0
0.86275,-1.0600083323655456,0.2088711037909764,0.08039104156006682,0.0
0.863,-1.0603387700315885,0.20820576148911002,0.08058685275611333,0.0
0.86325,-1.0606685937514548,0.2075411154257591,0.08078267027319463,0.0
0.8635,-1.0609978035592182,0.20687716748479784,0.08097849265562096,0.0
0.86375,-1.0613263994889524,0.20621391955010065,0.08117431844656697,0.0
0.864,-1.0616543815747306,0.20555137350554176,0.08137014618808402,0.0
0.86425,-1.0619817498506265,0.20488953123499548,0.08156597442111435,0.0
0.8645,-1.062308504350714,0.20422839462233605,0.08176180168550395,0.0
0.86475,-1.0626346451090662,0.20356796555143775,0.08195762652001415,0.0
0.865,-1.062960172159757,0.2029082459061749,0.08215344746233688,0.0
0.86525,-1.0632850855368599,0.20224923757042176,0.08234926304910672,0.0
0.8655,-1.063609385274448,0.20159094242805262,0.08254507181591264,0.0
0.86575,-1.0639330714065958,0.20093336236294176,0.08274087229731442,0.0
0.866,-1.064256143967376,0.20027649925896346,0.08293666302685199,0.0
0.86625,-1.0645786029908626,0.19962035499999198,0.08313244253706098,0.0
0.8665,-1.0649004485111293,0.19896493146990168,0.08332820935948448,0.0
0.86675,-1.0652216805622494,0.19831023055256677,0.08352396202468682,0.0
0.867,-1.0655422991782966,0.19765625413186155,0.0837196990622664,0.0
0.86725,-1.0658623043933444,0.19700300409166033,0.08391541900086885,0.0
0.8675,-1.0661816962414663,0.19635048231583735,0.08411112036819923,0.0
0.86775,-1.0665004747567361,0.1956986906882669,0.08430680169103688,0.0
0.868,-1.0668186399732273,0.19504763109282328,0.08450246149524654,0.0
0.86825,-1.0671361919250133,0.19439730541338077,0.08469809830579211,0.0
0.8685,-1.067453130646168,0.19374771553381365,0.08489371064675133,0.0
0.86875,-1.0677694561707645,0.1930988633379962,0.08508929704132462,0.0
0.869,-1.068085168532877,0.1924507507098027,0.08528485601185398,0.0
0.86925,-1.0684002677665787,0.19180337953310744,0.08548038607983077,0.0
0.8695,-1.0687147539059432,0.1911567516917847,0.08567588576591079,0.0
0.86975,-1.0690286269850438,0.19051086906970877,0.08587135358992848,0.0
0.87,-1.0693418870379545,0.18986573355075392,0.08606678807090828,0.0
0.87025,-1.0696545340987489,0.18922134701879445,0.08626218772707839,0.0
0.8705,-1.0699665682015,0.1885777113577046,0.08645755107588315,0.0
0.87075,-1.070277989380282,0.1879348284513587,0.08665287663399712,0.0
0.871,-1.0705887976691686,0.187292700183631,0.08684816291733743,0.0
0.87125,-1.0708989931022326,0.18665132843839582,0.08704340844107672,0.0
0.8715,-1.0712085757135483,0.1860107150995274,0.08723861171965663,0.0
0.87175,-1.0715175455371886,0.18537086205090006,0.08743377126679985,0.0
0.872,-1.0718259026072277,0.18473177117638806,0.08762888559552495,0.0
0.87225,-1.0721336469577385,0.1840934443598657,0.08782395321815728,0.0
0.8725,-1.0724407786227954,0.18345588348520725,0.08801897264634384,0.0
0.87275,-1.0727472976364716,0.18281909043628697,0.08821394239106484,0.0
0.873,-1.0730532040328402,0.18218306709697915,0.088408860962647,0.0
0.87325,-1.0733584978459758,0.1815478153511581,0.08860372687077822,0.0
0.8735,-1.073663179109951,0.18091333708269813,0.08879853862451736,0.0
0.87375,-1.0739672478588398,0.18027963417547344,0.08899329473231066,0.0
0.874,-1.0742707041267159,0.1796467085133584,0.08918799370200259,0.0
0.87425,-1.0745735479476526,0.1790145619802272,0.08938263404084923,0.0
0.8745,-1.0748757793557235,0.1783831964599542,0.08957721425553156,0.0
0.87475,-1.0751773983850024,0.17775261383641364,0.089771732852169,0.0
0.875,-1.0754784050695627,0.17712281599347982,0.08996618833633119,0.0
0.87525,-1.075778799443478,0.17649380481502702,0.09016057921305132,0.0
0.8755,-1.076078581540822,0.17586558218492954,0.09035490398684032,0.0
0.87575,-1.0763777513956678,0.1752381499870616,0.09054916116169753,0.0
0.876,-1.0766763090420897,0.17461151010529757,0.09074334924112648,0.0
0.87625,-1.0769742545141607,0.1739856644235117,0.09093746672814529,0.0
0.8765,-1.0772715878459544,0.17336061482557824,0.09113151212530135,0.0
0.87675,-1.077568309071545,0.1727363631953715,0.09132548393468398,0.0
0.877,-1.0778644182250052,0.17211291141676577,0.09151938065793619,0.0
0.87725,-1.0781599153404093,0.17149026137363527,0.09171320079626977,0.0
0.8775,-1.0784548004518304,0.17086841494985439,0.09190694285047618,0.0
0.87775,-1.0787490735933423,0.1702473740292973,0.092100605320941,0.0
0.878,-1.0790427347990186,0.16962714049583838,0.09229418670765632,0.0
0.87825,-1.0793357841029327,0.16900771623335187,0.09248768551023301,0.0
0.8785,-1.0796282215391582,0.16838910312571204,0.09268110022791509,0.0
0.87875,-1.0799200471417687,0.16777130305679316,0.09287442935959223,0.0
0.879,-1.080211260944838,0.16715431791046956,0.09306767140381167,0.0
0.87925,-1.0805018629824394,0.16653814957061552,0.09326082485879228,0.0
0.8795,-1.080791853288647,0.16592279992110526,0.09345388822243761,0.0
0.87975,-1.0810812318975334,0.16530827084581312,0.09364685999234745,0.0
0.88,-1.0813699988431726,0.1646945642286134,0.09383973866583206,0.0
0.88025,-1.0816581541596386,0.16408168195338035,0.09403252273992613,0.0
0.8805,-1.0819456978810045,0.16346962590398822,0.09422521071139811,0.0
0.88075,-1.082232630041344,0.16285839796431134,0.09441780107676734,0.0
0.881,-1.0825189506747308,0.16224800001822398,0.094610292332314,0.0
0.88125,-1.0828046598152383,0.16163843394960042,0.09480268297409356,0.0
0.8815,-1.0830897574969405,0.16102970164231492,0.094994971497949,0.0
0.88175,-1.0833742437539102,0.16042180498024178,0.09518715639952413,0.0
0.882,-1.0836581186202217,0.15981474584725536,0.09537923617427646,0.0
0.88225,-1.083941382129948,0.1592085261272298,0.09557120931748964,0.0
0.8825,-1.0842240343171632,0.1586031477040395,0.09576307432428766,0.0
0.88275,-1.0845060752159403,0.15799861246155866,0.09595482968964597,0.0
0.883,-1.0847875048603535,0.15739492228366164,0.0961464739084057,0.0
0.88325,-1.085068323284476,0.15679207905422266,0.0963380054752867,0.0
0.8835,-1.0853485305223813,0.15619008465711604,0.09652942288489896,0.0
0.88375,-1.0856281266081431,0.155588940976216,0.0967207246317574,0.0
0.884,-1.0859071115758352,0.1549886498953969,0.09691190921029347,0.0
0.88425,-1.0861854854595308,0.154389213298533,0.09710297511486887,0.0
0.8845,-1.0864632482933039,0.15379063306949858,0.09729392083978783,0.0
0.88475,-1.0867404001112275,0.15319291109216793,0.09748474487930991,0.0
0.885,-1.0870169409473756,0.15259604925041526,0.09767544572766362,0.0
0.88525,-1.0872928708358214,0.15200004942811496,0.09786602187905946,0.0
0.8855,-1.087568189810639,0.15140491350914123,0.09805647182770194,0.0
0.88575,-1.0878428979059018,0.1508106433773684,0.09824679406780246,0.0
0.886,-1.088116995155683,0.15021724091667077,0.09843698709359283,0.0
0.88625,-1.0883904815940566,0.14962470801092254,0.09862704939933842,0.0
0.8865,-1.088663357255096,0.14903304654399807,0.09881697947935009,0.0
0.88675,-1.0889356221728748,0.14844225839977163,0.09900677582799755,0.0
0.887,-1.0892072763814666,0.14785234546211745,0.09919643693972269,0.0
0.88725,-1.0894783199149451,0.1472633096149099,0.09938596130905197,0.0
0.8875,-1.0897487528073837,0.1466751527420232,0.09957534743060892,0.0
0.88775,-1.0900185750928557,0.14608787672733167,0.09976459379912739,0.0
0.888,-1.0902877868054353,0.14550148345470953,0.0999536989094656,0.0
0.88825,-1.0905563879791955,0.14491597480803114,0.10014266125661697,0.0
0.8885,-1.0908243786482101,0.1443313526711707,0.1003314793357244,0.0
0.88875,-1.091091758846553,0.14374761892800259,0.10052015164209283,0.0
0.889,-1.0913585286082972,0.143164775462401,0.10070867667120131,0.0
0.88925,-1.0916246879675167,0.14258282415824028,0.10089705291871764,0.0
0.8895,-1.0918902369582848,0.14200176689939467,0.10108527888050944,0.0
0.88975,-1.0921551756146752,0.14142160556973848,0.10127335305265817,0.0
0.89,-1.0924195039707616,0.14084234205314597,0.10146127393147153,0.0
0.89025,-1.0926832220606173,0.14026397823349143,0.10164904001349617,0.0
0.8905,-1.0929463299183162,0.13968651599464915,0.1018366497955312,0.0
0.89075,-1.0932088275779315,0.1391099572204934,0.10202410177464039,0.0
0.891,-1.0934707150735368,0.1385343037948985,0.1022113944481653,0.0
0.89125,-1.0937319924392064,0.13795955760173867,0.10239852631373902,0.0
0.8915,-1.0939926597090128,0.13738572052488826,0.10258549586929644,0.0
0.89175,-1.0942527169170302,0.13681279444822148,0.10277230161309059,0.0
0.892,-1.0945121640973323,0.13624078125561268,0.10295894204370337,0.0
0.89225,-1.0947710012839922,0.1356696828309361,0.10314541566005775,0.0
0.8925,-1.0950292285110839,0.13509950105806606,0.10333172096143328,0.0
0.89275,-1.0952868458126805,0.13453023782087678,0.10351785644747613,0.0
0.893,-1.095543853222856,0.1339618950032426,0.10370382061821393,0.0
0.89325,-1.0958002507756839,0.1333944744890378,0.10388961197406799,0.0
0.8935,-1.0960560385052376,0.1328279781621366,0.10407522901586552,0.0
0.89375,-1.0963112164455908,0.13226240790641336,0.10426067024485386,0.0
0.894,-1.0965657846308172,0.13169776560574237,0.10444593416271153,0.0
0.89425,-1.09681974309499,0.13113405314399784,0.10463101927156315,0.0
0.8945,-1.0970730918721832,0.13057127240505406,0.10481592407399076,0.0
0.89475,-1.09732583099647,0.13000942527278536,0.10500064707304735,0.0
0.895,-1.0975779605019242,0.12944851363106602,0.10518518677226929,0.0
0.89525,-1.0978294804226194,0.1288885393637703,0.1053695416756899,0.0
0.8955,-1.098080390792629,0.12832950435477247,0.10555371028785143,0.0
0.89575,-1.098330691646027,0.12777141048794682,0.10573769111381903,0.0
0.896,-1.0985803830168863,0.12721425964716765,0.1059214826591921,0.0
0.89625,-1.0988294649392807,0.12665805371630925,0.10610508343011849,0.0
0.8965,-1.099077937447284,0.1261027945792459,0.10628849193330736,0.0
0.89675,-1.0993258005749698,0.1255484841198518,0.106471706676041,0.0
0.897,-1.0995730543564115,0.12499512422200137,0.10665472616618832,0.0
0.89725,-1.0998196988256828,0.1244427167695688,0.10683754891221797,0.0
0.8975,-1.100065734016857,0.1238912636464284,0.10702017342321057,0.0
0.89775,-1.1003111599640079,0.12334076673645444,0.10720259820887201,0.0
0.898,-1.1005559767012087,0.12279122792352122,0.10738482177954634,0.0
0.89825,-1.100800184262534,0.12224264909150301,0.10756684264622907,0.0
0.8985,-1.1010437826820563,0.1216950321242741,0.10774865932057853,0.0
0.89875,-1.1012867719938495,0.12114837890570877,0.1079302703149303,0.0
0.899,-1.1015291522319872,0.1206026913196813,0.10811167414230893,0.0
0.89925,-1.1017709234305433,0.12005797125006598,0.10829286931644289,0.0
0.8995,-1.1020120856235907,0.11951422058073707,0.10847385435177381,0.0
0.89975,-1.1022526388452036,0.11897144119556888,0.10865462776347323,0.0
0.9,-1.1024925831294552,0.1184296349784357,0.10883518806745318,0.0
0.90025,-1.1027319185104196,0.11788880381321178,0.10901553378037976,0.0
0.9005,-1.1029706450221695,0.11734894958377141,0.1091956634196849,0.0
0.90075,-1.103208762698779,0.11681007417398889,0.1093755755035819,0.0
0.901,-1.1034462715743216,0.11627217946773849,0.10955526855107567,0.0
0.90125,-1.1036831716828712,0.11573526734889449,0.1097347410819769,0.0
0.9015,-1.103919463058501,0.11519933970133117,0.10991399161691429,0.0
0.90175,-1.1041551457352847,0.11466439840892284,0.11009301867734855,0.0
0.902,-1.1043902197472955,0.11413044535554374,0.11027182078558329,0.0
0.90225,-1.1046246851286077,0.11359748242506819,0.11045039646478116,0.0
0.9025,-1.1048585419132944,0.11306551150137045,0.11062874423897262,0.0
0.90275,-1.1050917901354291,0.1125345344683248,0.11080686263307271,0.0
0.903,-1.1053244298290856,0.11200455320980554,0.11098475017289111,0.0
0.90325,-1.1055564610283373,0.11147556960968695,0.11116240538514699,0.0
0.9035,-1.105787883767258,0.11094758555184331,0.11133982679748056,0.0
0.90375,-1.106018698079921,0.11042060292014888,0.11151701293846705,0.0
0.904,-1.1062489040003998,0.10989462359847799,0.11169396233762852,0.0
0.90425,-1.1064785015627685,0.10936964947070488,0.11187067352544844,0.0
0.9045,-1.1067074908011003,0.10884568242070383,0.1120471450333822,0.0
0.90475,-1.106935871749469,0.10832272433234916,0.11222337539387262,0.0
0.905,-1.1071636444419477,0.10780077708951512,0.11239936314036036,0.0
0.90525,-1.1073908089126105,0.107279842576076,0.11257510680729932,0.0
0.9055,-1.1076173651955308,0.10675992267590609,0.11275060493016809,0.0
0.90575,-1.107843313324782,0.10624101927287968,0.11292585604548311,0.0
0.906,-1.108068653334438,0.10572313425087103,0.11310085869081177,0.0
0.90625,-1.108293385258572,0.10520626949375445,0.11327561140478504,0.0
0.9065,-1.1085175091312576,0.1046904268854042,0.11345011272711081,0.0
0.90675,-1.108741024986569,0.10417560830969455,0.11362436119858765,0.0
0.907,-1.108963932858579,0.10366181565049983,0.11379835536111527,0.0
0.90725,-1.1091862327813615,0.10314905079169426,0.11397209375771,0.0
0.9075,-1.10940792478899,0.10263731561715218,0.11414557493251687,0.0
0.90775,-1.109629008915538,0.10212661201074785,0.11431879743082196,0.0
0.908,-1.1098494851950798,0.10161694185635556,0.11449175979906712,0.0
0.90825,-1.110069353661688,0.10110830703784957,0.11466446058486035,0.0
0.9085,-1.1102886143494364,0.10060070943910415,0.11483689833699096,0.0
0.90875,-1.110507267292399,0.10009415094399363,0.1150090716054426,0.0
0.909,-1.110725312524649,0.09958863343639228,0.11518097894140378,0.0
0.90925,-1.1109427500802602,0.09908415880017436,0.11535261889728399,0.0
0.9095,-1.1111595799933056,0.09858072891921418,0.11552399002672398,0.0
0.90975,-1.1113758022978597,0.09807834567738599,0.1156950908846126,0.0
0.91,-1.1115914170279952,0.09757701095856411,0.11586592002709462,0.0
0.91025,-1.1118064242177863,0.09707672664662279,0.11603647601158773,0.0
0.9105,-1.1120208239013065,0.09657749462543633,0.11620675739679465,0.0
0.91075,-1.112234616112629,0.09607931677887901,0.1163767627427148,0.0
0.911,-1.1124478008858278,0.0955821949908251,0.11654649061065903,0.0
0.91125,-1.1126603782549762,0.09508613114514891,0.11671593956326198,0.0
0.9115,-1.1128723482541476,0.09459112712572468,0.11688510816449504,0.0
0.91175,-1.113083710917416,0.09409718481642673,0.11705399497967983,0.0
0.912,-1.1132944662788549,0.09360430610112933,0.11722259857550066,0.0
0.91225,-1.1135046143725376,0.09311249286370676,0.11739091752001785,0.0
0.9125,-1.1137141552325378,0.09262174698803331,0.11755895038268149,0.0
0.91275,-1.1139230888929292,0.09213207035798326,0.11772669573434325,0.0
0.913,-1.1141314153877855,0.09164346485743088,0.11789415214727073,0.0
0.91325,-1.1143391347511797,0.09115593237025046,0.11806131819515953,0.0
0.9135,-1.114546247017186,0.0906694747803163,0.1182281924531472,0.0
0.91375,-1.1147527522198777,0.09018409397150266,0.11839477349782568,0.0
0.914,-1.1149586503933282,0.08969979182768384,0.11856105990725507,0.0
0.91425,-1.1151639415716113,0.08921657023273409,0.11872705026097607,0.0
0.9145,-1.1153686257888005,0.08873443107052773,0.11889274314002396,0.0
0.91475,-1.1155727030789695,0.088253376224939,0.1190581371269408,0.0
0.915,-1.115776173476192,0.08777340757984223,0.11922323080578989,0.0
0.91525,-1.115979037014541,0.08729452701911168,0.11938802276216642,0.0
0.9155,-1.1161812937280904,0.08681673642662163,0.11955251158321412,0.0
0.91575,-1.116382943650914,0.08634003768624637,0.11971669585763633,0.0
0.916,-1.1165839868170853,0.08586443268186018,0.11988057417570852,0.0
0.91625,-1.1167844232606776,0.08538992329733736,0.12004414512929329,0.0
0.9165,-1.1169842530157645,0.08491651141655214,0.12020740731185264,0.0
0.91675,-1.1171834761164199,0.08444419892337884,0.12037035931846152,0.0
0.917,-1.117382092596717,0.08397298770169173,0.12053299974582043,0.0
0.91725,-1.11758010249073,0.08350287963536512,0.12069532719226994,0.0
0.9175,-1.1177775058325317,0.08303387660827327,0.1208573402578017,0.0
0.91775,-1.117974302656196,0.08256598050429045,0.12101903754407428,0.0
0.918,-1.1181704929957963,0.08209919320729098,0.12118041765442467,0.0
0.91825,-1.1183660768854067,0.08163351660114912,0.12134147919388294,0.0
0.9185,-1.1185610543591002,0.08116895256973912,0.1215022207691836,0.0
0.91875,-1.1187554254509506,0.08070550299693532,0.12166264098878043,0.0
0.919,-1.1189491901950317,0.08024316976661197,0.12182273846286007,0.0
0.91925,-1.1191423486254166,0.07978195476264335,0.12198251180335329,0.0
0.9195,-1.1193349007761793,0.07932185986890378,0.12214195962395102,0.0
0.91975,-1.119526846681393,0.07886288696926748,0.12230108054011546,0.0
0.92,-1.1197181863751315,0.07840503794760878,0.12245987316909446,0.0
0.92025,-1.1199089198914685,0.07794831468780195,0.12261833612993511,0.0
0.9205,-1.1200990472644774,0.07749271907372127,0.12277646804349662,0.0
0.92075,-1.1202885685282316,0.07703825298924101,0.12293426753246273,0.0
0.921,-1.1204774837168052,0.07658491831823548,0.12309173322135813,0.0
0.92125,-1.1206657928642714,0.07613271694457895,0.1232488637365583,0.0
0.9215,-1.1208534960047034,0.0756816507521457,0.12340565770630474,0.0
0.92175,-1.1210405931721756,0.07523172162481,0.12356211376071968,0.0
0.922,-1.121227084400761,0.07478293144644615,0.12371823053181563,0.0
0.92225,-1.1214129697245334,0.07433528210092842,0.12387400665351356,0.0
0.9225,-1.1215982491775662,0.0738887754721311,0.12402944076165223,0.0
0.92275,-1.1217829227939333,0.07344341344392849,0.1241845314940051,0.0
0.923,-1.1219669906077079,0.07299919790019482,0.1243392774902905,0.0
0.92325,-1.1221504526529638,0.07255613072480444,0.12449367739218808,0.0
0.9235,-1.1223333089637744,0.07211421380163158,0.12464772984335082,0.0
0.92375,-1.1225155595742138,0.07167344901455056,0.12480143348941897,0.0
0.924,-1.1226972045183548,0.07123383824743562,0.12495478697803253,0.0
0.92425,-1.1228782438302716,0.07079538338416107,0.125107788958847,0.0
0.9245,-1.1230586775440372,0.07035808630860119,0.12526043808354448,0.0
0.92475,-1.1232385056937257,0.06992194890463024,0.12541273300584965,0.0
0.925,-1.1234177283134104,0.06948697305612256,0.12556467238154112,0.0
0.92525,-1.1235963454371651,0.06905316064695237,0.12571625486846694,0.0
0.9255,-1.1237743570990628,0.06862051356099398,0.12586747912655616,0.0
0.92575,-1.1239517633331777,0.06818903368212167,0.12601834381783528,0.0
0.926,-1.1241285641735832,0.06775872289420973,0.12616884760643954,0.0
0.92625,-1.1243047596543527,0.06732958308113243,0.12631898915862672,0.0
0.9265,-1.1244803498095601,0.06690161612676404,0.12646876714279287,0.0
0.92675,-1.1246553346732786,0.06647482391497886,0.126618180229483,0.0
0.927,-1.1248297142795822,0.0660492083296512,0.12676722709140797,0.0
0.92725,-1.1250034886625442,0.06562477125465528,0.1269159064034553,0.0
0.9275,-1.125176657856238,0.06520151457386543,0.12706421684270497,0.0
0.92775,-1.1253492218947376,0.06477944017115592,0.12721215708844258,0.0
0.928,-1.1255211808121162,0.06435854993040101,0.1273597258221726,0.0
0.92825,-1.1256925346424476,0.06393884573547501,0.127506921727633,0.0
0.9285,-1.1258632834198052,0.06352032947025218,0.1276537434908085,0.0
0.92875,-1.126033427178263,0.06310300301860684,0.12780018979994456,0.0
0.929,-1.126202965951894,0.06268686826441325,0.1279462593455607,0.0
0.92925,-1.126371899774772,0.06227192709154568,0.12809195082046565,0.0
0.9295,-1.1265402286809707,0.06185818138387841,0.1282372629197701,0.0
0.92975,-1.1267079527045638,0.061445633025285745,0.12838219434090137,0.0
0.93,-1.1268750718796243,0.06103428389964195,0.12852674378361573,0.0
0.93025,-1.127041586240226,0.06062413589082133,0.1286709099500145,0.0
0.9305,-1.127207495820443,0.06021519088269814,0.12881469154455716,0.0
0.93075,-1.1273728006543482,0.059807450759146674,0.12895808727407432,0.0
0.931,-1.1275375007760156,0.059400917404041215,0.1291010958477834,0.0
0.93125,-1.1277015962195187,0.05899559270125604,0.12924371597730078,0.0
0.9315,-1.127865087018931,0.05859147853466544,0.1293859463766578,0.0
0.93175,-1.1280279732083258,0.05818857678814368,0.12952778576231272,0.0
0.932,-1.1281902548217773,0.05778688934556507,0.12966923285316723,0.0
0.93225,-1.1283519318933584,0.05738641809080387,0.12981028637057768,0.0
0.9325,-1.1285130044571434,0.05698716490773437,0.129950945038372,0.0
0.93275,-1.1286734725472052,0.056589131680230845,0.13009120758286108,0.0
0.933,-1.1288333361976175,0.056192320292167586,0.13023107273285528,0.0
0.93325,-1.1289925954424542,0.055796732627418875,0.13037053921967767,0.0
0.9335,-1.1291512503157888,0.055402370569858986,0.13050960577717752,0.0
0.93375,-1.1293093008516948,0.055009236003362216,0.13064827114174515,0.0
0.934,-1.1294667470842454,0.05461733081180283,0.1307865340523262,0.0
0.93425,-1.1296235890475148,0.05422665687905512,0.13092439325043626,0.0
0.9345,-1.1297798267755763,0.05383721608899336,0.1310618474801739,0.0
0.93475,-1.1299354603025036,0.05344901032549185,0.13119889548823616,0.0
0.935,-1.1300904896623698,0.053062041472424853,0.13133553602393144,0.0
0.93525,-1.130244914889249,0.05267631141366665,0.1314717678391959,0.0
0.9355,-1.1303987360172147,0.052291822033091545,0.13160758968860642,0.0
0.93575,-1.1305519530803405,0.0519085752145738,0.13174300032939423,0.0
0.936,-1.1307045661126995,0.05152657284198771,0.1318779985214611,0.0
0.93625,-1.130856575148366,0.051145816799207544,0.13201258302739283,0.0
0.9365,-1.1310079802214128,0.05076630897010759,0.13214675261247288,0.0
0.93675,-1.1311587813659139,0.05038805123856213,0.13228050604469876,0.0
0.937,-1.1313089786159432,0.050011045488445455,0.13241384209479534,0.0
0.93725,-1.1314585720055734,0.04963529360363183,0.13254675953622774,0.0
0.9375,-1.1316075615688788,0.04926079746799555,0.13267925714521955,0.0
0.93775,-1.1317559473399328,0.04888755896541089,0.1328113337007646,0.0
0.938,-1.1319037293528091,0.048515579979752144,0.1329429879846422,0.0
0.93825,-1.132050907641581,0.04814486239489357,0.1330742187814311,0.0
0.9385,-1.1321974822403225,0.04777540809470948,0.13320502487852615,0.0
0.93875,-1.1323434531831065,0.04740721896307414,0.13333540506615016,0.0
0.939,-1.132488820504007,0.04704029688386183,0.13346535813737104,0.0
0.93925,-1.1326335842370976,0.04667464374094684,0.13359488288811483,0.0
0.9395,-1.1327777444164515,0.046310261418203436,0.13372397811718084,0.0
0.93975,-1.132921301076143,0.045947151799505925,0.1338526426262574,0.0
0.94,-1.133064254250245,0.04558531676872857,0.13398087521993474,0.0
0.94025,-1.1332066039728312,0.045224758209745655,0.1341086747057212,0.0
0.9405,-1.1333483502779758,0.044865478006431474,0.13423603989405786,0.0
0.94075,-1.1334894931997512,0.044507478042660295,0.13436296959833216,0.0
0.941,-1.1336300327722322,0.04415076020230641,0.13448946263489536,0.0
0.94125,-1.1337699690294913,0.043795326369244096,0.1346155178230739,0.0
0.9415,-1.133909302005603,0.04344117842734764,0.13474113398518806,0.0
0.94175,-1.1340480317346404,0.04308831826049131,0.13486630994656346,0.0
0.942,-1.1341861582506771,0.0427367477525494,0.13499104453554844,0.0
0.94225,-1.1343236815877868,0.0423864687873962,0.1351153365835278,0.0
0.9425,-1.134460601780043,0.042037483248905966,0.13523918492493858,0.0
0.94275,-1.134596918861519,0.041689793020953006,0.13536258839728488,0.0
0.943,-1.134732632866289,0.0413433999874116,0.13548554584115213,0.0
0.94325,-1.134867743828426,0.04099830603215601,0.13560805610022353,0.0
0.9435,-1.1350022517820038,0.040654513039060536,0.13573011802129398,0.0
0.94375,-1.1351361567610962,0.04031202289199945,0.13585173045428656,0.0
0.944,-1.1352694587997765,0.03997083747484704,0.13597289225226583,0.0
0.94425,-1.135402157932118,0.03963095867147759,0.13609360227145495,0.0
0.9445,-1.1355342541921947,0.039292388365765374,0.13621385937124986,0.0
0.94475,-1.1356657476140801,0.03895512844158467,0.1363336624142346,0.0
0.945,-1.1357966382318478,0.03861918078280978,0.1364530102661976,0.0
0.94525,-1.1359269260795712,0.03828454727331497,0.1365719017961451,0.0
0.9455,-1.1360566111913242,0.03795122979697452,0.13669033587631874,0.0
0.94575,-1.1361856936011798,0.037619230237662726,0.1368083113822085,0.0
0.946,-1.1363141733432123,0.03728855047925386,0.13692582719257107,0.0
0.94625,-1.136442050451495,0.036959192405622204,0.13704288218944227,0.0
0.9465,-1.1365693249601012,0.036631157900642045,0.13715947525815486,0.0
0.94675,-1.1366959969031045,0.03630444884818766,0.13727560528735228,0.0
0.947,-1.1368220663145787,0.03597906713213333,0.13739127116900574,0.0
0.94725,-1.1369475332285974,0.035655014636353344,0.13750647179842934,0.0
0.9475,-1.1370723976792338,0.035332293244721966,0.1376212060742945,0.0
0.94775,-1.1371966597005623,0.03501090484111351,0.13773547289864796,0.0
0.948,-1.1373203193266557,0.03469085130940222,0.13784927117692392,0.0
0.94825,-1.137443376591588,0.03437213453346241,0.13796259981796388,0.0
0.9485,-1.1375658315294324,0.034054756397168345,0.13807545773402885,0.0
0.94875,-1.1376876841742625,0.033738718784394314,0.13818784384081728,0.0
0.949,-1.137808934560152,0.0334240235790146,0.13829975705748043,0.0
0.94925,-1.137929582721175,0.033110672664903466,0.13841119630663767,0.0
0.9495,-1.1380496286914044,0.03279866792593522,0.13852216051439203,0.0
0.94975,-1.1381690725049138,0.03248801124598412,0.13863264861034752,0.0
0.95,-1.138287914195777,0.032178704508924474,0.13874265952762355,0.0
0.95025,-1.1384061537980676,0.03187074959863054,0.13885219220287248,0.0
0.9505,-1.1385237913458588,0.031564148398976616,0.1389612455762932,0.0
0.95075,-1.1386408268732249,0.03125890279383697,0.13906981859165057,0.0
0.951,-1.1387572604142386,0.030955014667085896,0.13917791019628778,0.0
0.95125,-1.1388730920029744,0.030652485902597674,0.13928551934114575,0.0
0.9515,-1.138988321673505,0.030351318384246578,0.13939264498077653,0.0
0.95175,-1.1391029494599045,0.030051513995906894,0.13949928607336126,0.0
0.952,-1.1392169753962462,0.029753074621452907,0.13960544158072574,0.0
0.95225,-1.139330399516604,0.029456002144758898,0.13971111046835727,0.0
0.9525,-1.1394432218550514,0.029160298449699147,0.1398162917054202,0.0
0.95275,-1.1395554424456615,0.028865965420147934,0.13992098426477106,0.0
0.953,-1.1396670613225086,0.028573004939979545,0.14002518712297873,0.0
0.95325,-1.1397780785196658,0.028281418893068257,0.14012889926033645,0.0
0.9535,-1.1398884940712068,0.027991209163288358,0.14023211966088156,0.0
0.95375,-1.1399983080112053,0.027702377634514122,0.1403348473124093,0.0
0.954,-1.1401075203737343,0.02741492619061984,0.14043708120649168,0.0
0.95425,-1.1402161311928682,0.027128856715479783,0.14053882033849296,0.0
0.9545,-1.14032414050268,0.02684417109296824,0.14064006370758553,0.0
0.95475,-1.1404315483372436,0.02656087120695949,0.14074081031676755,0.0
0.955,-1.1405383547306323,0.02627895894132782,0.14084105917287948,0.0
0.95525,-1.14064455971692,0.025998436179947508,0.14094080928662067,0.0
0.9555,-1.14075016333018,0.025719304806692836,0.1410400596725654,0.0
0.95575,-1.140855165604486,0.025441566705438082,0.14113880934918122,0.0
0.956,-1.1409595665739114,0.02516522376005753,0.14123705733884306,0.0
0.95625,-1.14106336627253,0.024890277854425463,0.1413348026678536,0.0
0.9565,-1.1411665647344154,0.024616730872416163,0.14143204436645784,0.0
0.95675,-1.141269161993641,0.02434458469790391,0.1415287814688604,0.0
0.957,-1.1413711580842805,0.024073841214762984,0.14162501301324215,0.0
0.95725,-1.1414725530404075,0.023804502306867675,0.14172073804177865,0.0
0.9575,-1.1415733468960951,0.023536569858092257,0.14181595560065507,0.0
0.95775,-1.1416735396854176,0.02327004575231101,0.1419106647400863,0.0
0.958,-1.1417731314424482,0.023004931873398228,0.14200486451433014,0.0
0.95825,-1.1418721222012604,0.022741230105228175,0.14209855398170834,0.0
0.9585,-1.141970511995928,0.022478942331675147,0.1421917322046211,0.0
0.95875,-1.1420683008605246,0.02221807043661342,0.14228439824956562,0.0
0.959,-1.1421654888291233,0.021958616303917274,0.14237655118715242,0.0
0.95925,-1.1422620759357982,0.02170058181746099,0.14246819009212497,0.0
0.9595,-1.1423580622146228,0.021443968861118858,0.14255931404337363,0.0
0.95975,-1.1424534476996704,0.02118877931876515,0.1426499221239561,0.0
0.96,-1.142548232425015,0.020935015074274158,0.1427400134211132,0.0
0.96025,-1.1426424164247297,0.02068267801152015,0.142829587026287,0.0
0.9605,-1.1427359997328883,0.020431770014377414,0.14291864203513804,0.0
0.96075,-1.1428289823835645,0.020182292966720236,0.14300717754756387,0.0
0.961,-1.1429213644108316,0.019934248752422893,0.14309519266771487,0.0
0.96125,-1.1430131458487633,0.019687639255359664,0.14318268650401444,0.0
0.9615,-1.1431043267314331,0.019442466359404838,0.14326965816917392,0.0
0.96175,-1.143194907092915,0.01919873194843269,0.14335610678021316,0.0
0.962,-1.1432848869672823,0.018956437906317507,0.14344203145847634,0.0
0.96225,-1.1433742663886082,0.018715586116933566,0.1435274313296504,0.0
0.9625,-1.1434630453909667,0.01847617846415515,0.14361230552378323,0.0
0.96275,-1.1435512240084313,0.018238216831856544,0.1436966531753021,0.0
0.963,-1.1436388022750754,0.018001703103912026,0.1437804734230299,0.0
0.96325,-1.143725780224973,0.017766639164195876,0.1438637654102055,0.0
0.9635,-1.1438121578921971,0.017533026896582378,0.14394652828450027,0.0
0.96375,-1.143897935310822,0.017300868184945813,0.14402876119803665,0.0
0.964,-1.1439831125149205,0.017070164913160463,0.14411046330740618,0.0
0.96425,-1.1440676895385666,0.01684091896510061,0.14419163377368882,0.0
0.9645,-1.144151666415834,0.01661313222464053,0.1442722717624696,0.0
0.96475,-1.1442350431807957,0.016386806575654514,0.1443523764438579,0.0
0.965,-1.144317819867526,0.016161943902016838,0.1444319469925066,0.0
0.96525,-1.144399996510098,0.015938546087601785,0.1445109825876285,0.0
0.9655,-1.1444815731425853,0.01571661501628363,0.1445894824130165,0.0
0.96575,-1.1445625497990617,0.015496152571936666,0.1446674456570618,0.0
0.966,-1.1446429265136007,0.015277160638435166,0.14474487151277193,0.0
0.96625,-1.1447227033202756,0.015059641099653413,0.14482175917779005,0.0
0.9665,-1.1448018802531603,0.014843595839465689,0.1448981078544136,0.0
0.96675,-1.1448804573463283,0.014629026741746277,0.14497391674961246,0.0
0.967,-1.1449584346338533,0.014415935690369457,0.14504918507504838,0.0
0.96725,-1.1450358121498085,0.01420432456920951,0.1451239120470933,0.0
0.9675,-1.145112589928268,0.013994195262140718,0.14519809688684893,0.0
0.96775,-1.145188768003305,0.013785549653037361,0.14527173882016498,0.0
0.968,-1.1452643464089929,0.013578389625773724,0.145344837077658,0.0
0.96825,-1.1453393251794057,0.013372717064224085,0.1454173908947325,0.0
0.9685,-1.1454137043486168,0.013168533852262729,0.1454893995115969,0.0
0.96875,-1.1454874839506997,0.012965841873763932,0.1455608621732849,0.0
0.969,-1.1455606640197282,0.01276464301260198,0.14563177812967454,0.0
0.96925,-1.1456332445897757,0.012564939152651153,0.14570214663550618,0.0
0.9695,-1.1457052256949156,0.012366732177785729,0.14577196695040273,0.0
0.96975,-1.145776607369222,0.012170023971879993,0.14584123833888962,0.0
0.97,-1.145847389646768,0.011974816418808227,0.14590996007041346,0.0
0.97025,-1.1459175725616273,0.011781111402444712,0.14597813141936067,0.0
0.9705,-1.1459871561478734,0.011588910806663726,0.14604575166507883,0.0
0.97075,-1.1460561404395802,0.011398216515339555,0.1461128200918953,0.0
0.971,-1.146124525470821,0.011209030412346476,0.14617933598913724,0.0
0.97125,-1.1461923112756693,0.011021354381558773,0.14624529865115043,0.0
0.9715,-1.146259497888199,0.010835190306850727,0.14631070737732,0.0
0.97175,-1.1463260853424835,0.010650540072096617,0.1463755614720903,0.0
0.972,-1.1463920736725963,0.010467405561170727,0.14643986024498346,0.0
0.97225,-1.1464574629126112,0.01028578865794734,0.1465036030106217,0.0
0.9725,-1.1465222530966013,0.010105691246300733,0.1465667890887441,0.0
0.97275,-1.1465864442586406,0.009927115210105187,0.14662941780423,0.0
0.973,-1.1466500364328027,0.009750062433234986,0.14669148848711688,0.0
0.97325,-1.146713029653161,0.009574534799564412,0.1467530004726212,0.0
0.9735,-1.146775423953789,0.009400534192967745,0.1468139531011583,0.0
0.97375,-1.1468372193687606,0.009228062497319264,0.14687434571836389,0.0
0.974,-1.146898415932149,0.009057121596493252,0.1469341776751123,0.0
0.97425,-1.1469590136780283,0.008887713374363993,0.1469934483275397,0.0
0.9745,-1.1470190126404711,0.008719839714805763,0.14705215703706043,0.0
0.97475,-1.1470784128535523,0.008553502501692845,0.1471103031703931,0.0
0.975,-1.147137214351344,0.008388703618899521,0.14716788609957487,0.0
0.97525,-1.147195417167921,0.008225444950300073,0.14722490520198828,0.0
0.9755,-1.1472530213373564,0.008063728379768782,0.14728135986037683,0.0
0.97575,-1.1473100268937237,0.007903555791179925,0.14733724946286886,0.0
0.976,-1.1473664338710967,0.007744929068407789,0.14739257340299727,0.0
0.97625,-1.1474222423035487,0.007587850095326651,0.1474473310797202,0.0
0.9765,-1.1474774522251534,0.007432320755810795,0.14750152189744248,0.0
0.97675,-1.1475320636699844,0.0072783429337345005,0.1475551452660364,0.0
0.977,-1.1475860766721155,0.007125918512972049,0.14760820060086366,0.0
0.97725,-1.14763949126562,0.006975049377397721,0.14766068732279414,0.0
0.9775,-1.1476923074845713,0.0068257374108857995,0.14771260485822935,0.0
0.97775,-1.1477445253630432,0.006677984497310564,0.14776395263912323,0.0
0.978,-1.1477961449351095,0.006531792520546294,0.14781473010300328,0.0
0.97825,-1.1478471662348433,0.006387163364467274,0.14786493669299094,0.0
0.9785,-1.1478975892963188,0.006244098912947783,0.14791457185782564,0.0
0.97875,-1.147947414153609,0.006102601049862102,0.14796363505188226,0.0
0.979,-1.1479966408407876,0.005962671659084513,0.14801212573519718,0.0
0.97925,-1.1480452693919283,0.005824312624489297,0.1480600433734871,0.0
0.9795,-1.1480932998411046,0.005687525829950734,0.1481073874381711,0.0
0.97975,-1.14814073222239,0.005552313159343106,0.14815415740639337,0.0
0.98,-1.1481875665698584,0.005418676496540693,0.14820035276104448,0.0
0.98025,-1.1482338029175834,0.005286617725417777,0.14824597299078324,0.0
0.9805,-1.1482794412996378,0.0051561387298486375,0.14829101759005758,0.0
0.98075,-1.148324481750096,0.005027241393707558,0.1483354860591295,0.0
0.981,-1.148368924303031,0.004899927600868818,0.14837937790409428,0.0
0.98125,-1.148412768992517,0.004774199235206698,0.14842269263690433,0.0
0.9815,-1.1484560158526271,0.00465005818059548,0.14846542977539068,0.0
0.98175,-1.148498664917435,0.004527506320909444,0.1485075888432852,0.0
0.982,-1.1485407162210142,0.0044065455400228715,0.14854916937024365,0.0
0.98225,-1.1485821697974385,0.004287177721810044,0.148590170891868,0.0
0.9825,-1.1486230256807812,0.004169404750145241,0.1486305929497278,0.0
0.98275,-1.1486632839051163,0.004053228508902744,0.14867043509138478,0.0
0.983,-1.148702944504517,0.003938650881956834,0.14870969687041358,0.0
0.98325,-1.1487420075130568,0.0038256737531817916,0.14874837784642536,0.0
0.9835,-1.1487804729648095,0.003714299006451898,0.1487864775850909,0.0
0.98375,-1.1488183408938486,0.003604528525641434,0.14882399565816318,0.0
0.984,-1.1488556113342479,0.003496364194624681,0.14886093164349967,0.0
0.98425,-1.1488922843200804,0.0033898078972759193,0.14889728512508582,0.0
0.9845,-1.1489283598854203,0.0032848615174694293,0.14893305569305948,0.0
0.98475,-1.1489638380643408,0.003181526939079493,0.14896824294373112,0.0
0.985,-1.1489987188909154,0.0030798060459803897,0.14900284647960982,0.0
0.98525,-1.1490330023992184,0.002979700722046401,0.14903686590942566,0.0
0.9855,-1.1490666886233225,0.002881212851151808,0.14907030084815154,0.0
0.98575,-1.1490997775973018,0.0027843443171708913,0.14910315091702908,0.0
0.986,-1.1491322693552295,0.0026890970039779322,0.14913541574359135,0.0
0.98625,-1.1491641639311794,0.00259547279544721,0.149167094961685,0.0
0.9865,-1.149195461359225,0.0025034735754530064,0.1491981882114961,0.0
0.98675,-1.14922616167344,0.0024131012278696025,0.14922869513957226,0.0
0.987,-1.1492562649078981,0.0023243576365712783,0.14925861539884733,0.0
0.98725,-1.1492857710966726,0.0022372446854323153,0.14928794864866468,0.0
0.9875,-1.1493146802738368,0.002151764258326994,0.14931669455480168,0.0
0.98775,-1.149342992473465,0.0020679182391295944,0.14934485278949383,0.0
0.988,-1.1493707077296302,0.0019857085117143975,0.14937242303145792,0.0
0.98825,-1.1493978260764064,0.0019051369599556848,0.14939940496591753,0.0
0.9885,-1.1494243475478667,0.001826205467727736,0.14942579828462588,0.0
0.98875,-1.1494502721780853,0.0017489159189048322,0.14945160268589208,0.0
0.989,-1.149475600001135,0.001673270197361254,0.14947681787460265,0.0
0.98925,-1.14950033105109,0.001599270186971282,0.14950144356224992,0.0
0.9895,-1.1495244653620238,0.0015269177716091971,0.14952547946695294,0.0
0.98975,-1.1495480029680096,0.00145621483514928,0.14954892531348363,0.0
0.99,-1.1495709439031212,0.0013871632614658107,0.14957178083329237,0.0
0.99025,-1.1495932882014324,0.0013197649344330702,0.1495940457645315,0.0
0.9905,-1.1496150358970165,0.0012540217379253392,0.14961571985208066,0.0
0.99075,-1.149636187023947,0.0011899355558168982,0.14963680284757186,0.0
0.991,-1.1496567416162975,0.0011275082719820276,0.14965729450941412,0.0
0.99125,-1.149676699708142,0.001066741770295008,0.1496771946028197,0.0
0.9915,-1.1496960613335536,0.0010076379346301203,0.14969650289982783,0.0
0.99175,-1.1497148265266062,0.0009501986488616447,0.14971521917933073,0.0
0.992,-1.149732995321373,0.0008944257968638619,0.14973334322709908,0.0
0.99225,-1.149750567751928,0.0008403212625110524,0.14975087483580762,0.0
0.9925,-1.1497675438523445,0.0007878869296774967,0.14976781380505977,0.0
0.99275,-1.1497839236566958,0.0007371246822374751,0.14978415994141425,0.0
0.993,-1.1497997071990562,0.0006880364040652684,0.14979991305841067,0.0
0.99325,-1.149814894513499,0.000640623979035157,0.14981507297659435,0.0
0.9935,-1.1498294856340974,0.0005948892910214212,0.14982963952354322,0.0
0.99375,-1.1498434805949254,0.0005508342238983416,0.14984361253389356,0.0
0.994,-1.149856879430056,0.0005084606615401988,0.14985699184936507,0.0
0.99425,-1.149869682173564,0.0004677704878212729,0.14986977731878937,0.0
0.9945,-1.1498818888595217,0.00042876558661584456,0.14988196879813254,0.0
0.99475,-1.149893499522003,0.00039144784179819415,0.14989356615052496,0.0
0.995,-1.1499045141950819,0.0003558191372426021,0.1499045692462857,0.0
0.99525,-1.1499149329128318,0.00032188135682334874,0.1499149779629494,0.0
0.9955,-1.1499247557093262,0.0002896363844147145,0.14992479218529264,0.0
0.99575,-1.1499339826186383,0.00025908610389097965,0.14993401180536092,0.0
0.996,-1.1499426136748423,0.00023023239912642467,0.14994263672249564,0.0
0.99625,-1.1499506489120115,0.00020307715399532988,0.14995066684335923,0.0
0.9965,-1.1499580883642195,0.00017762225237197561,0.14995810208196492,0.0
0.99675,-1.1499649320655398,0.00015386957813064215,0.14996494235970026,0.0
0.997,-1.1499711800500463,0.00013182101514560985,0.14997118760535733,0.0
0.99725,-1.1499768323518116,0.00011147844729115899,0.1499768377551569,0.0
0.9975,-1.1499818890049105,9.28437584415699e-05,0.14998189275277962,0.0
0.99775,-1.1499863500434162,7.591883247112281e-05,0.14998635254938897,0.0
0.998,-1.149990215501402,6.070555325409799e-05,0.1499902171036609,0.0
0.99825,-1.1499934854129417,4.720580466477571e-05,0.14999348638181154,0.0
0.9985,-1.1499961598121085,3.542147057743621e-05,0.14999616035762364,0.0
0.99875,-1.1499982387329766,2.5354434866359734e-05,0.1499982390124759,0.0
0.999,-1.149999722209619,1.700658140582649e-05,0.1499997223353684,0.0
0.99925,-1.1500006102761096,1.0379794070116702e-05,0.15000061032295298,0.0
0.9995,-1.150000902966522,5.475956733510545e-06,0.15000090297955926,0.0
0.99975,-1.1500006003149292,2.296953270288204e-06,0.15000060031722318,0.0
