t,x,y,gap,dual
0.0,1.1000007335228408,3.3002544211807116e-06,0.10000073352779171,0.0
0.00025,1.1000010132063989,8.322137280178283e-06,0.10000101323787969,0.0
0.0005,1.1000008390057836,1.5064340786352659e-05,0.10000083910893554,0.0
0.00075,1.1000002104949935,2.352367154401236e-05,0.1000002107465221,0.0
0.001,1.0999991275015581,3.36991989939861e-05,0.09999912801775679,0.0
0.00125,1.099997589743925,4.558844122470873e-05,0.09999759068861147,0.0
0.0015,1.0999955969949369,5.9189595106090565e-05,0.09999559858740148,0.0
0.00175,1.099993149531965,7.450148123666622e-05,0.09999315205492199,0.0
0.002,1.0999902468729843,9.15217471373353e-05,0.09999025068039535,0.0
0.00225,1.099986888547221,0.00011024816976146212,0.0999868940721318,0.0
0.0025,1.0999830747695611,0.00013067916616193997,0.09998308253197341,0.0
0.00275,1.0999788049829426,0.00015281264272459794,0.09997881559755784,0.0
0.003,1.099974079280443,0.00017664745426770878,0.09997409346456054,0.0
0.00325,1.0999688973319728,0.00020218062272192583,0.09996891591295443,0.0
0.0035,1.0999632587352863,0.00022941052087332992,0.0999632826584429,0.0
0.00375,1.0999571636340448,0.0002583355605736415,0.09995719397034497,0.0
0.004,1.0999506116264683,0.00028895351505298095,0.09995064958005084,0.0
0.00425,1.099943602676852,0.0003212635061800029,0.09994364959300217,0.0
0.0045,1.0999361366760354,0.000355262500093545,0.09993619404820286,0.0
0.00475,1.0999282130945716,0.0003909491582021474,0.09992828257239639,0.0
0.005,1.0999198320098245,0.00042832107595813795,0.09991991540632839,0.0
0.00525,1.099910992748967,0.00046737655623019236,0.09991109204829063,0.0
0.0055,1.0999016957801722,0.0005081143567622348,0.09990181314529067,0.0
0.00575,1.0998919404391678,0.0005505316701999163,0.09989207821865764,0.0
0.006,1.0998817267743064,0.0005946268172607461,0.09988188751023697,0.0
0.00625,1.099871054399987,0.0006403979535321014,0.09987124083525267,0.0
0.0065,1.0998599233364814,0.0006878439364328415,0.09986013842261388,0.0
0.00675,1.0998483332494224,0.0007369616242414168,0.09984858015272646,0.0
0.007,1.099836283731637,0.0007877494645072147,0.09983656584141487,0.0
0.00725,1.0998237748788995,0.0008402063812269489,0.09982409581516039,0.0
0.0075,1.099810806213462,0.000894329124079718,0.09981116983257055,0.0
0.00775,1.09979737802934,0.0009501170365950884,0.09979778843321663,0.0
0.008,1.0997834894473755,0.0010075673925058481,0.09978395098905479,0.0
0.00825,1.0997691408865542,0.0010666784452126876,0.09976965817813643,0.0
0.0085,1.0997543319414689,0.001127449010851933,0.09975490986187396,0.0
0.00875,1.0997390622119205,0.0011898766506561742,0.099739705912812,0.0
0.009,1.099723331570523,0.0012539587279860598,0.099724046483054,0.0
0.00925,1.0997071400806924,0.0013196944870799143,0.09970793192465188,0.0
0.0095,1.0996904874489744,0.0013870821002512912,0.09969136223874919,0.0
0.00975,1.0996733733636894,0.0014561186496848677,0.09967433741385379,0.0
0.01,1.0996557974947478,0.001526802977551256,0.09965685742923558,0.0
0.01025,1.0996377599702818,0.0015991328779136893,0.099638922728011,0.0
0.0105,1.0996192604687565,0.0016731071814177767,0.09962053331205811,0.0
0.01075,1.0996002986472497,0.0017487225294985365,0.09960168916549339,0.0
0.011,1.0995808741024007,0.001825977712258009,0.09958239022203563,0.0
0.01125,1.0995609873918326,0.001904871601624336,0.09956263738357385,0.0
0.0115,1.0995406376615868,0.0019854016509697203,0.09954243014490571,0.0
0.01175,1.099519824835511,0.0020675657172120054,0.09952176878600616,0.0
0.012,1.0994985489435471,0.0021513621697977214,0.09950065370064776,0.0
0.01225,1.0994768094330958,0.0022367892279078205,0.09947908470658517,0.0
0.0125,1.099454606465578,0.002323844985014034,0.09945706234208762,0.0
0.01275,1.0994319398538188,0.0024125275074311503,0.09943458680346473,0.0
0.013,1.0994088090834353,0.0025028349343756418,0.09941165796664464,0.0
0.01325,1.099385213921412,0.0025947647489772407,0.09938827599403255,0.0
0.0135,1.0993611547242494,0.0026883160217749946,0.09936444164784053,0.0
0.01375,1.0993366304570422,0.0027834859346285157,0.09934015430102061,0.0
0.014,1.099311641688665,0.0028802735472908125,0.09931541494146945,0.0
0.01425,1.0992861876390805,0.0029786762034120784,0.09929022321040781,0.0
0.0145,1.0992602686535378,0.0030786923613277395,0.09926457988370752,0.0
0.01475,1.0992338839335893,0.003180319502305906,0.09923848459734197,0.0
0.015,1.0992070336979332,0.003283556703209456,0.09921193801542749,0.0
0.01525,1.0991797175733353,0.003388400958812099,0.09918494021054292,0.0
0.0155,1.099151935653989,0.0034948521084459117,0.0991574917377267,0.0
0.01575,1.0991236874594499,0.003602906028476127,0.09912959257146214,0.0
0.016,1.0990949729005486,0.0037125629673653293,0.09910124309776136,0.0
0.01625,1.0990657916763915,0.003823819573611331,0.09907244348558963,0.0
0.0165,1.0990361437425342,0.0039366746436400035,0.09904319417378238,0.0
0.01675,1.0990060284542302,0.004051125718973481,0.09901349500282808,0.0
0.017,1.0989754459751317,0.004167170692610966,0.09898334662897468,0.0
0.01725,1.098944396160558,0.004284808689760666,0.09895274941109333,0.0
0.0175,1.0989128788874005,0.004404037279840622,0.09892170373005049,0.0
0.01775,1.098880893581022,0.004524854498669129,0.09889020952307126,0.0
0.018,1.0988484404761145,0.004647258985343683,0.09885826754539462,0.0
0.01825,1.0988155191769415,0.00477124790015182,0.09882587792180075,0.0
0.0185,1.09878212937452,0.004896820025010129,0.09879304087674368,0.0
0.01875,1.0987482710286827,0.005023973598071052,0.09875975690741123,0.0
0.019,1.0987139437992042,0.005152705818304071,0.09872602621219961,0.0
0.01925,1.0986791477160267,0.005283015756248233,0.09869184937428899,0.0
0.0195,1.0986438821559759,0.00541490056400562,0.098657226320781,0.0
0.01975,1.0986081470584281,0.0055483588843969756,0.09862215755438997,0.0
0.02,1.0985719426124199,0.0056833893464727225,0.09858664383365312,0.0
0.02025,1.098535268369865,0.005819989625649669,0.0985506852811544,0.0
0.0205,1.0984981240761762,0.005958157213981963,0.09851428221769831,0.0
0.02075,1.0984605096772384,0.006097891038066905,0.09847743517811525,0.0
0.021,1.0984224246608996,0.00623918870228124,0.09844014423799718,0.0
0.02125,1.0983838690409229,0.006382048472673318,0.09840241000828787,0.0
0.0215,1.098344842611258,0.006526468397709095,0.0983642328847456,0.0
0.02175,1.0983053451793374,0.0066724466318532905,0.09832561328303657,0.0
0.022,1.0982653765099144,0.00681998119567595,0.09828655158113153,0.0
0.02225,1.0982249364535654,0.006969070305757441,0.09824704824978436,0.0
0.0225,1.0981840249928112,0.007119712562513314,0.09820710389998122,0.0
0.02275,1.0981426415465059,0.0072719050875491575,0.0981667185752535,0.0
0.023,1.0981007860216678,0.007425646388668383,0.0981258928218085,0.0
0.02325,1.0980584584699962,0.007580935460907767,0.09808462733979062,0.0
0.0235,1.098015658575349,0.007737769020465635,0.09804292245160973,0.0
0.02375,1.0979723859150248,0.007896145661433707,0.09800077839145382,0.0
0.024,1.0979286403751196,0.008056063529352286,0.0979581957048945,0.0
0.02425,1.097884421987807,0.008217520455104932,0.0979151750868239,0.0
0.0245,1.0978397301724065,0.008380514758670188,0.0978717166284242,0.0
0.02475,1.0977945650694174,0.008545045081746139,0.09782782115020217,0.0
0.025,1.0977489264037956,0.008711108974779336,0.09778348905431078,0.0
0.02525,1.0977028140189589,0.008878704652488523,0.09773872087188717,0.0
0.0255,1.0976562275537596,0.009047830143629199,0.09769351693351025,0.0
0.02575,1.0976091667756478,0.009218483279823886,0.0976478777020946,0.0
0.026,1.0975616316466876,0.009390662503420799,0.09760180384563522,0.0
0.02625,1.097513621867101,0.009564365919416673,0.09755529577296596,0.0
0.0265,1.0974651372247948,0.009739591468417075,0.0975083539845194,0.0
0.02675,1.0974161778921605,0.009916337906304307,0.09746097937781362,0.0
0.027,1.0973667432211052,0.010094602658554663,0.09741317202343125,0.0
0.02725,1.09731683303524,0.010274383103038076,0.09736493246806321,0.0
0.0275,1.0972664472777538,0.010455679006923901,0.09731626140554384,0.0
0.02775,1.09721558569629,0.010638487394743379,0.0972671593139478,0.0
0.028,1.0971642482475197,0.010822807539369705,0.09721762690706859,0.0
0.02825,1.0971124345874053,0.01100863568687771,0.09716766457364678,0.0
0.0285,1.097060144541139,0.011195970854615211,0.09711727290385963,0.0
0.02875,1.0970073776401783,0.011384811366283998,0.09706645219276777,0.0
0.029,1.0969541340373894,0.011575154570735435,0.09701520335182923,0.0
0.02925,1.0969004134152343,0.011766999821929858,0.09696352684823628,0.0
0.0295,1.0968462156984913,0.011960344617122587,0.09691142337723035,0.0
0.02975,1.0967915405237818,0.012155186315212063,0.0968588933490433,0.0
0.03,1.0967363877540492,0.012351524298793493,0.09680593742753962,0.0
0.03025,1.0966807571443766,0.012549355644466686,0.09675255614831113,0.0
0.0305,1.0966246485210718,0.012748678870821095,0.0966987501392147,0.0
0.03075,1.0965680618958515,0.01294949277428259,0.09664452022208891,0.0
0.031,1.0965109968356934,0.013151794135765726,0.09658986675538617,0.0
0.03125,1.0964534531210646,0.013355581778469627,0.09653479033989054,0.0
0.0315,1.096395430441401,0.013560853618827196,0.09647929147962309,0.0
0.03175,1.0963369289689098,0.013767607336717447,0.09642337116314614,0.0
0.032,1.0962779482087335,0.01397584230282689,0.09636702973813649,0.0
0.03225,1.0962184881433927,0.014185555774517411,0.0963102680081116,0.0
0.0325,1.0961585483528822,0.014396745896590346,0.09625308638995822,0.0
0.03275,1.0960981287340843,0.014609410088937125,0.09619548561262925,0.0
0.033,1.0960372292814213,0.014823548055133529,0.09613746653776856,0.0
0.03325,1.0959758496277026,0.01503915665233535,0.09607902963243409,0.0
0.0335,1.0959139895749672,0.015256234638286514,0.0960201755631418,0.0
0.03375,1.095851648771088,0.015474779164350139,0.09596090482484709,0.0
0.034,1.0957888273851104,0.015694789561791822,0.09590121846881083,0.0
0.03425,1.0957255249442142,0.01591626309949845,0.09584111688023755,0.0
0.0345,1.0956617412843777,0.016139197974339936,0.0957806007707791,0.0
0.03475,1.0955974762426948,0.01636359285144806,0.09571967086493904,0.0
0.035,1.095532729580107,0.016589445123941005,0.09565832779692784,0.0
0.03525,1.0954675011462598,0.01681675316014264,0.09559657230865781,0.0
0.0355,1.0954017907672764,0.01704551522350073,0.0955344051217153,0.0
0.03575,1.095335598211907,0.01727572932639987,0.09547182690108258,0.0
0.036,1.095268923153224,0.017507393243192837,0.09540883821676127,0.0
0.03625,1.0952017656510158,0.01774050585287057,0.09534544004757617,0.0
0.0365,1.095134125076065,0.017975063903989508,0.09528163265366163,0.0
0.03675,1.095066001560781,0.01821106662441707,0.09521741710124165,0.0
0.037,1.0949973950096705,0.01844851220469934,0.09515279421664768,0.0
0.03725,1.0949283050043093,0.018687397875041256,0.09508776449148115,0.0
0.0375,1.0948587314377676,0.018927722653174328,0.09502232876336958,0.0
0.03775,1.0947886741525323,0.019169484142352644,0.0949564877998319,0.0
0.038,1.094718133022333,0.019412681196655512,0.09489024242576272,0.0
0.03825,1.0946471075597515,0.019657310533020222,0.09482359307165167,0.0
0.0385,1.0945755975964886,0.019903371297488093,0.0947565405343398,0.0
0.03875,1.094503603057973,0.020150860597539122,0.09468908567214007,0.0
0.039,1.0944311238621935,0.020399778011395142,0.09462122938538808,0.0
0.03925,1.0943581596208531,0.020650120639089664,0.0945529722270868,0.0
0.0395,1.0942847103214,0.020901886709850714,0.09448431515084832,0.0
0.03975,1.0942107753945898,0.021155074110353667,0.09441525855145305,0.0
0.04,1.0941363551263485,0.021409681589034335,0.09434580369959611,0.0
0.04025,1.094061448901126,0.02166570652488531,0.09427595094238161,0.0
0.0405,1.0939860566367265,0.021923147197341564,0.09420570118173455,0.0
0.04075,1.09391017827922,0.022182002241777354,0.09413505535940536,0.0
0.041,1.0938338135124646,0.022442269383077473,0.09406401414098409,0.0
0.04125,1.0937569621919643,0.022703946989565793,0.09399257838081287,0.0
0.0415,1.093679624021103,0.022967032544372046,0.093920748766946,0.0
0.04175,1.0936017990482334,0.023231524710766394,0.09384852636090324,0.0
0.042,1.093523486949774,0.023497421653999595,0.09377591184628797,0.0
0.04225,1.0934446872039025,0.023764720926379823,0.09370290569932616,0.0
0.0425,1.0933653999322424,0.02403342082705251,0.09362950905946321,0.0
0.04275,1.0932856250451586,0.02430351950974341,0.0935557228559245,0.0
0.043,1.0932053621361284,0.024575015446174575,0.09348154771233497,0.0
0.04325,1.093124610839542,0.02484790591267938,0.09340698427042504,0.0
0.0435,1.0930433712356447,0.025122189760352853,0.09333203365699405,0.0
0.04375,1.0929616432950553,0.025397865261567176,0.09325669688050486,0.0
0.044,1.0928794264878618,0.02567492985518527,0.09318097443355944,0.0
0.04425,1.0927967206781233,0.02595338181804152,0.09310486722576305,0.0
0.0445,1.0927135255638305,0.02623321913016241,0.09302837599765335,0.0
0.04475,1.092629841063438,0.02651444015020843,0.09295150172310618,0.0
0.045,1.092545667249567,0.026797043237579032,0.09287424553426016,0.0
0.04525,1.0924610034585953,0.02708102560649195,0.09279660780296184,0.0
0.0455,1.0923758495060447,0.027366386169418888,0.09271858942548739,0.0
0.04575,1.092290205562076,0.027653122374886152,0.0926401916202435,0.0
0.046,1.0922040710702774,0.027941232830016816,0.09256141491201708,0.0
0.04625,1.0921174459933631,0.028230715303195097,0.09248226032718554,0.0
0.0465,1.0920303304244108,0.028521568895840232,0.09240272906063729,0.0
0.04675,1.091942723645868,0.028813790100983283,0.09232282143290416,0.0
0.047,1.0918546258031618,0.029107378423589125,0.09224253870944654,0.0
0.04725,1.0917660368217206,0.029402331380623536,0.09216188188748942,0.0
0.0475,1.091676955936105,0.02969864714738435,0.09208085129458499,0.0
0.04775,1.0915873832178207,0.029996323438709283,0.09199944808601845,0.0
0.048,1.0914973188343318,0.030295359160746216,0.09191767354925329,0.0
0.04825,1.0914067620530226,0.03059575107617718,0.09183552801645822,0.0
0.0485,1.091315713092591,0.030897499023595287,0.09175301285991577,0.0
0.04875,1.0912241713761688,0.031200600108974186,0.09167012858407286,0.0
0.049,1.091132136868051,0.03150505172841633,0.09158687624515238,0.0
0.04925,1.091039609432297,0.03181085329835298,0.09150325686080674,0.0
0.0495,1.0909465889700662,0.032118003024578456,0.09141927145515871,0.0
0.04975,1.0908530750489867,0.03242649752361615,0.09133492067535309,0.0
0.05,1.0907590674949006,0.0327363360437829,0.09125020550738805,0.0
0.05025,1.0906645661566188,0.03304751658333771,0.09116512692714451,0.0
0.0505,1.090569570976399,0.03336003733356563,0.09107968601314531,0.0
0.05075,1.0904740815191722,0.03367389576941093,0.09099388344819404,0.0
0.051,1.090378097660249,0.033989089937477956,0.09090772024583349,0.0
0.05125,1.0902816192378388,0.034305618912767954,0.09082119741819827,0.0
0.0515,1.090184645948817,0.03462347986821612,0.090734315780306,0.0
0.05175,1.0900871778696164,0.034942671514698986,0.09064707657808757,0.0
0.052,1.0899892144811112,0.03526319138555323,0.09055948042820838,0.0
0.05225,1.089890755787394,0.035585038303239,0.09047152851500884,0.0
0.0525,1.0897918017970198,0.03590821050404713,0.0903832220121501,0.0
0.05275,1.0896923517681678,0.03623270503594256,0.09029456130729274,0.0
0.053,1.0895924058177187,0.036558520580044274,0.0902055477031134,0.0
0.05325,1.0894919638036882,0.03688565543215816,0.09011618223447959,0.0
0.0535,1.0893910253541428,0.037214107244267325,0.09002646568793837,0.0
0.05375,1.0892895902241655,0.037543874369447394,0.08993639900381312,0.0
0.054,1.0891876583463436,0.037874954304214725,0.0898459832735714,0.0
0.05425,1.089085229431035,0.03820734607596421,0.08975521942270048,0.0
0.0545,1.0889823034645723,0.03854104708413786,0.08966410859922669,0.0
0.05475,1.0888788801720963,0.03887605631372537,0.08957265174899942,0.0
0.055,1.0887749591857663,0.03921237125864252,0.08948084967551972,0.0
0.05525,1.0886705406127923,0.0395499900365337,0.08938870368204177,0.0
0.0555,1.0885656238929506,0.03988891075053402,0.08929621440740942,0.0
0.05575,1.088460208995464,0.040229131108418414,0.0892033830080532,0.0
0.056,1.0883542957374353,0.04057064984189651,0.08911021052909174,0.0
0.05625,1.0882478840017988,0.0409134649004983,0.08901669805589152,0.0
0.0565,1.088140973365853,0.041257574156389865,0.08892284636830716,0.0
0.05675,1.0880335638008667,0.04160297590165385,0.08882865665865358,0.0
0.057,1.0879256553219037,0.04194966883191853,0.088734130181791,0.0
0.05725,1.0878172471983945,0.04229765030794397,0.08863926739938321,0.0
0.0575,1.0877083398598302,0.042646918572344816,0.08854406996884778,0.0
0.05775,1.0875989326329183,0.04299747181380553,0.08844853844664713,0.0
0.058,1.0874890253752092,0.043349308012352594,0.08835267391442203,0.0
0.05825,1.0873786180860527,0.043702425233561826,0.08825647760168587,0.0
0.0585,1.0872677104483763,0.04405682208231099,0.08815995044646208,0.0
0.05875,1.0871563022464592,0.044412496019035075,0.08806309344487717,0.0
0.059,1.0870443930166864,0.04476944458971843,0.08796590735090959,0.0
0.05925,1.0869319830699027,0.04512766768910126,0.08786839379188205,0.0
0.0595,1.086819071949467,0.04548716167224143,0.08777055348547536,0.0
0.05975,1.0867056593016713,0.04584792568851981,0.08767238737048944,0.0
0.06,1.086591745223405,0.04620995739290379,0.08757389677662775,0.0
0.06025,1.0864773293027525,0.04657325451435668,0.08747508253058411,0.0
0.0605,1.0863624113590475,0.04693781618925641,0.08737594575310559,0.0
0.06075,1.0862469913511923,0.04730363955891903,0.08727648762172602,0.0
0.061,1.086131069068859,0.047670723311910024,0.08717670921416598,0.0
0.06125,1.0860146441297935,0.048039065426394245,0.08707661140850753,0.0
0.0615,1.0858977164562624,0.04840866413606193,0.08697619540096801,0.0
0.06175,1.0857802857069245,0.04877951672617087,0.08687546208470898,0.0
0.062,1.0856623520024726,0.0491516226626203,0.0867744129146164,0.0
0.06225,1.0855439150505681,0.049524979219143006,0.08667304883758464,0.0
0.0625,1.0854249742588138,0.04989958463016819,0.08657137054636688,0.0
0.06275,1.085305529967716,0.05027543664289169,0.08646937964589596,0.0
0.063,1.0851855816219782,0.05065253396745106,0.0863670768932363,0.0
0.06325,1.0850651291670204,0.05103087459652045,0.0862644635153671,0.0
0.0635,1.0849441724259883,0.05141045615604867,0.08616154060217296,0.0
0.06375,1.084822710783797,0.05179127663238603,0.08605830882486143,0.0
0.064,1.0847007446816548,0.05217333485059328,0.08595476995239926,0.0
0.06425,1.0845782735918803,0.052556628731565525,0.08585092474573663,0.0
0.0645,1.08445529717741,0.05294115592356263,0.08574677414518139,0.0
0.06475,1.084331815376224,0.05332691437537562,0.08564231938235367,0.0
0.065,1.0842078282070133,0.0537139030414977,0.08553756182147843,0.0
0.06525,1.0840833351021146,0.054102119698882234,0.08543250218612664,0.0
0.0655,1.0839583362462868,0.054491563075515614,0.08532714200107927,0.0
0.06575,1.0838328313208763,0.05488223013121285,0.0852214822022288,0.0
0.066,1.0837068199544149,0.05527411954635397,0.0851155237611041,0.0
0.06625,1.0835803019716295,0.05566722870327112,0.08500926778181483,0.0
0.0665,1.0834532772840006,0.05606155660592549,0.08490271554020956,0.0
0.06675,1.083325745596028,0.05645710085423161,0.084795868036035,0.0
0.067,1.0831977066996146,0.056853859702329146,0.08468872639221092,0.0
0.06725,1.0830691604134444,0.057251831402879816,0.08458129176086526,0.0
0.0675,1.0829401068867561,0.05765101428738717,0.08447356563093011,0.0
0.06775,1.0828105454273818,0.05805140571028744,0.08436554860143186,0.0
0.068,1.0826804759764634,0.058453004298030464,0.084257241973549,0.0
0.06825,1.0825498984261408,0.058855808120654274,0.08414864697235269,0.0
0.0685,1.08241881260858,0.05925981540626424,0.084039764773854,0.0
0.06875,1.0822872181846712,0.05966502381502892,0.08393059635419542,0.0
0.069,1.0821551150099182,0.060071431160722,0.08382114289389397,0.0
0.06925,1.0820225028038841,0.06047903621001183,0.08371140549265865,0.0
0.0695,1.0818893815562483,0.060887837242333376,0.08360138549570428,0.0
0.06975,1.0817557508809443,0.06129783187284943,0.08349108383793724,0.0
0.07,1.0816216107827152,0.061709018354960676,0.08338050188220025,0.0
0.07025,1.0814869610330078,0.06212139532404137,0.08326964078267074,0.0
0.0705,1.0813518012866687,0.06253496027474625,0.08315850151420001,0.0
0.07075,1.0812161314304447,0.0629497110163868,0.08304708530260263,0.0
0.071,1.081079950960273,0.0633656459310572,0.08293539301868158,0.0
0.07125,1.0809432601299065,0.06378276285298057,0.08282342625999295,0.0
0.0715,1.0808060585624837,0.06420106077645471,0.08271118606496031,0.0
0.07175,1.0806683459566457,0.0646205371016606,0.08259867345567162,0.0
0.072,1.0805301223827826,0.06504119001095887,0.08248588987320882,0.0
0.07225,1.0803913874404145,0.06546301821894929,0.08237283632293657,0.0
0.0725,1.080252140816281,0.06588601882120315,0.08225951380168817,0.0
0.07275,1.080112382641211,0.06631019054198362,0.08214592384973085,0.0
0.073,1.0799721121940244,0.06673553084098671,0.08203206708186372,0.0
0.07325,1.0798313298049074,0.06716203838334422,0.08191794523801144,0.0
0.0735,1.0796900350630594,0.06758971143138126,0.08180355929616345,0.0
0.07375,1.0795482279862405,0.06801854816039565,0.08168891065873463,0.0
0.074,1.079405907882748,0.06844854556590008,0.08157399994742232,0.0
0.07425,1.0792630748732748,0.06887970280398292,0.08145882873241228,0.0
0.0745,1.0791197287555825,0.0693120179383584,0.08134339819513814,0.0
0.07475,1.0789758693478895,0.06974548905058953,0.0812277095403815,0.0
0.075,1.0788314964501886,0.07018011390610468,0.08111176393600816,0.0
0.07525,1.0786866097103527,0.07061589034098859,0.08099556240396533,0.0
0.0755,1.0785412091811963,0.07105281736924951,0.08087910644907237,0.0
0.07575,1.078395294404963,0.07149089207194947,0.0807623969420892,0.0
0.076,1.0782488654284244,0.07193011366616986,0.08064543539947122,0.0
0.07625,1.0781019217297576,0.0723704790946158,0.08052822262159376,0.0
0.0765,1.0779544635152938,0.07281198737389616,0.08041076027494332,0.0
0.07675,1.0778064902222972,0.07325463594027326,0.08029304915474156,0.0
0.077,1.07765800175574,0.07369842374824032,0.08017509062704731,0.0
0.07725,1.0775089980513712,0.07414334739721085,0.08005688593005766,0.0
0.0775,1.0773594786466916,0.07458940620654175,0.07993843609166706,0.0
0.07775,1.0772094436806192,0.07503659830838671,0.07981974266096992,0.0
0.078,1.0770588927596485,0.07548492158569786,0.07970080664017232,0.0
0.07825,1.0769078257305438,0.07593437405012082,0.07958162928148727,0.0
0.0785,1.076756242274186,0.07638495360431818,0.07946221166540135,0.0
0.07875,1.076604142250357,0.07683665806578688,0.0793425550460547,0.0
0.079,1.0764515257456253,0.07728948679442738,0.0792226610153397,0.0
0.07925,1.0762983921655476,0.07774343706024922,0.07910253033902381,0.0
0.0795,1.0761447414043097,0.07819850655651805,0.07898216430106864,0.0
0.07975,1.0759905731486512,0.07865469358684152,0.07886156402385702,0.0
0.08,1.0758358875451144,0.0791119969145484,0.0787407311239301,0.0
0.08025,1.0756806843035918,0.07957041465542147,0.078619666737205,0.0
0.0805,1.0755249630548462,0.08002994434986022,0.07849837187951758,0.0
0.08075,1.0753687236483387,0.08049058358326988,0.07837684778867193,0.0
0.081,1.0752119659137236,0.08095233136073432,0.07825509578985645,0.0
0.08125,1.0750546897301234,0.08141518587800078,0.07813311719948635,0.0
0.0815,1.0748968946770674,0.0818791444076794,0.0780109129667177,0.0
0.08175,1.0747385807646914,0.0823442060958115,0.07788848461315911,0.0
0.082,1.074579747678154,0.08281036819789733,0.07776583319435226,0.0
0.08225,1.0744203953790539,0.0832776291544235,0.07764296013293026,0.0
0.0825,1.074260523379042,0.08374598664786959,0.07751986634597086,0.0
0.08275,1.0741001319738999,0.08421544025571848,0.07739655368105458,0.0
0.083,1.073939220422922,0.08468598588149234,0.07727302266756575,0.0
0.08325,1.0737777886339614,0.08515762242129199,0.07714927471548161,0.0
0.0835,1.0736158366634605,0.08563034889544952,0.07702531139548374,0.0
0.08375,1.0734533642197306,0.08610416344392036,0.07690113386375219,0.0
0.084,1.0732903710164763,0.08657906238195778,0.07677674313648897,0.0
0.08425,1.073126856715703,0.08705504518290752,0.07665214043177526,0.0
0.0845,1.0729628214698117,0.08753211007487494,0.07652732735895706,0.0
0.08475,1.0727982648405714,0.08801025476563495,0.07640230489759392,0.0
0.085,1.0726331866446195,0.08848947678220043,0.07627707426692809,0.0
0.08525,1.0724675866700473,0.08896977506827852,0.07615163677502967,0.0
0.0855,1.0723014649690192,0.08945114760129513,0.076025993915525,0.0
0.08575,1.072134820872055,0.08993359206112927,0.07590014643895793,0.0
0.086,1.0719676545650287,0.09041710730706143,0.07577409604778351,0.0
0.08625,1.0717999656317474,0.09090169011814453,0.07564784367122224,0.0
0.0865,1.0716317542403253,0.09138734024443806,0.0755213910718604,0.0
0.08675,1.0714630198516453,0.09187405505042534,0.07539473910793126,0.0
0.087,1.0712937623389713,0.09236183218882843,0.07526788907307447,0.0
0.08725,1.0711239814009446,0.09285066983940737,0.07514084213271222,0.0
0.0875,1.070953677087033,0.09334056752831543,0.07501359991990086,0.0
0.08775,1.0707828489520317,0.09383152158085295,0.07488616329916886,0.0
0.088,1.0706114970620533,0.09432353068260113,0.07475853384929332,0.0
0.08825,1.0704396207228832,0.09481659265291853,0.07463071231733354,0.0
0.0885,1.0702672202222132,0.09531070619003401,0.07450270050690255,0.0
0.08875,1.0700942951557515,0.09580586932530366,0.07437449947495578,0.0
0.089,1.0699208454376752,0.09630207996251272,0.07424611058508179,0.0
0.08925,1.069746870987089,0.09679933664702389,0.07411753526416809,0.0
0.0895,1.0695723712169887,0.09729763676749315,0.07398877433205553,0.0
0.08975,1.0693973461703337,0.09779697864389902,0.07385982932039492,0.0
0.09,1.0692217955614787,0.09829736051513294,0.07373070142748284,0.0
0.09025,1.0690457193212453,0.09879878027753364,0.07360139203682436,0.0
0.0905,1.068869117124656,0.09930123642217836,0.07347190233271372,0.0
0.09075,1.0686919888292614,0.09980472629419523,0.07334223357627256,0.0
0.091,1.0685143341725691,0.1003092490693831,0.07321238707960886,0.0
0.09125,1.068336152953922,0.1008148020761439,0.07308236404576052,0.0
0.0915,1.0681574450450029,0.10132138352807374,0.07295216583271391,0.0
0.09175,1.0679782102824404,0.10182899183888594,0.07282179378357534,0.0
0.092,1.0677984484138783,0.10233762501351862,0.07269124911527691,0.0
0.09225,1.0676181592527918,0.1028472808579437,0.07256053309181221,0.0
0.0925,1.06743734266324,0.10335795761179156,0.07242964706951294,0.0
0.09275,1.067255998235538,0.10386965356640587,0.07229859213828127,0.0
0.093,1.0670741259539724,0.10438236683124558,0.07216736976356763,0.0
0.09325,1.0668917256389925,0.10489609519032683,0.07203598121664068,0.0
0.0935,1.0667087967170765,0.10541083696735143,0.0719044274298668,0.0
0.09375,1.0665253394592717,0.10592658922701048,0.07177271005282759,0.0
0.094,1.0663413534498503,0.10644335216011314,0.07164083036077917,0.0
0.09425,1.066156838645668,0.10696112249364376,0.07150878965878071,0.0
0.0945,1.0659717946682825,0.10747989834226246,0.07137658905539945,0.0
0.09475,1.065786221350045,0.10799967825990109,0.07124422991391155,0.0
0.095,1.065600118719967,0.10852046060409748,0.07111171377486736,0.0
0.09525,1.0654134860126092,0.10904224242169391,0.07097904125612642,0.0
0.0955,1.0652263237361268,0.10956502257123191,0.07084621442643124,0.0
0.09575,1.0650386311003466,0.11008879896169788,0.07071323396740037,0.0
0.096,1.0648504082641779,0.11061356945819512,0.07058010150042904,0.0
0.09625,1.0646616549111982,0.1111393326510921,0.07044681824945487,0.0
0.0965,1.0644723707486037,0.11166608626787422,0.07031338537343212,0.0
0.09675,1.064282555883139,0.11219382877952455,0.07017980450639993,0.0
0.097,1.0640922098909869,0.11272255833418399,0.0700460767219735,0.0
0.09725,1.063901332497288,0.11325227210924993,0.06991220313977742,0.0
0.0975,1.0637099236717305,0.11378296935676246,0.06977818534187752,0.0
0.09775,1.063517982894723,0.11431464676948622,0.06964402415312576,0.0
0.098,1.0633255102728256,0.11484730387655873,0.06950972132313016,0.0
0.09825,1.0631325055527512,0.11538093791710935,0.06937527799996501,0.0
0.0985,1.0629389685662005,0.11591554795907655,0.06924069561312107,0.0
0.09875,1.0627448990360833,0.1164511308201952,0.0691059752412373,0.0
0.099,1.0625502968125105,0.11698768553232242,0.06897111832947278,0.0
0.09925,1.0623551618512224,0.11752521049353959,0.06883612636057901,0.0
0.0995,1.0621594937753578,0.11806370293963653,0.06870100035928806,0.0
0.09975,1.061963292143524,0.11860316085063971,0.06856574136740612,0.0
0.1,1.0617665573371404,0.11914358334655617,0.0684303513716844,0.0
0.10025,1.061569288673894,0.11968496745637935,0.0682948310698841,0.0
0.1005,1.0613714861207768,0.12022731196648806,0.06815918200093818,0.0
0.10075,1.0611731494157617,0.12077061461701533,0.06802340535961005,0.0
0.101,1.0609742782624174,0.12131487323884471,0.06788750231633234,0.0
0.10125,1.0607748727953847,0.12186008693115014,0.06775147461426245,0.0
0.1015,1.0605749327429663,0.12240625341881639,0.06761532343760357,0.0
0.10175,1.0603744576507523,0.12295337070530366,0.06747904982061481,0.0
0.102,1.0601734476264184,0.12350143653594614,0.06734265532608052,0.0
0.10225,1.0599719022085807,0.12405044937912635,0.0672061410350111,0.0
0.1025,1.0597698211675706,0.12460040641744285,0.06706950810944656,0.0
0.10275,1.05956720439125,0.1251513071331658,0.06693275809613652,0.0
0.103,1.0593640517942617,0.12570314888965584,0.06679589232183036,0.0
0.10325,1.0591603629293544,0.12625592977406086,0.06665891183815376,0.0
0.1035,1.058956137813638,0.12680964772958703,0.06652181814085689,0.0
0.10375,1.0587513763850929,0.12736430184462222,0.06638461278363184,0.0
0.104,1.0585460781326823,0.12791988942339572,0.06624729666254092,0.0
0.10425,1.0583402428833644,0.1284764080602372,0.06610987104260468,0.0
0.1045,1.0581338706731245,0.1290338572113825,0.06597233762069821,0.0
0.10475,1.0579269613354292,0.12959223430937072,0.06583469764955074,0.0
0.105,1.0577195143075429,0.13015153732790452,0.06569695205335058,0.0
0.10525,1.0575115296065754,0.13071176436417886,0.06555910234676121,0.0
0.1055,1.057303006972731,0.13127291368498106,0.06542114979050573,0.0
0.10575,1.0570939462615137,0.1318349832818626,0.0652830957260464,0.0
0.106,1.0568843472529252,0.1323979709284373,0.06514494139258309,0.0
0.10625,1.0566742098240418,0.13296187557993733,0.06500668827242495,0.0
0.1065,1.0564635337721597,0.13352669503674974,0.06486833762573507,0.0
0.10675,1.0562523186875943,0.1340924270200361,0.06472989049666644,0.0
0.107,1.0560405646694662,0.13465906982447962,0.06459134850580073,0.0
0.10725,1.0558282714433815,0.13522662172059086,0.06445271290042887,0.0
0.1075,1.0556154384385152,0.13579508033691923,0.06431398455223225,0.0
0.10775,1.05540206598031,0.13636444418126814,0.06417516533340173,0.0
0.108,1.0551881534651173,0.13693471141442615,0.06403625615073683,0.0
0.10825,1.05497370080014,0.13750587944549864,0.0638972583205688,0.0
0.1085,1.0547587079260552,0.13807794727510725,0.0637581733972945,0.0
0.10875,1.0545431744471259,0.13865091203452096,0.06361900235987972,0.0
0.109,1.0543271002383818,0.13922477258934407,0.06347974668050416,0.0
0.10925,1.0541104852872714,0.1397995271435093,0.06334040785729345,0.0
0.1095,1.053893329251057,0.14037517361605012,0.06320098702343824,0.0
0.10975,1.053675632063257,0.1409517103150364,0.06306148563694935,0.0
0.11,1.0534573933595617,0.1415291349419192,0.06292190478008797,0.0
0.11025,1.0532386127572515,0.14210744527997576,0.06278224552672174,0.0
0.1105,1.053019290312303,0.14268663961124162,0.06264250945149685,0.0
0.11075,1.0527994255756994,0.14326671632933596,0.06250269764378147,0.0
0.111,1.0525790189144466,0.1438476738234158,0.06236281200129867,0.0
0.11125,1.0523580695738914,0.14442950962941836,0.06222285319469645,0.0
0.1115,1.052136577627305,0.14501222233064937,0.06208282285637767,0.0
0.11175,1.0519145428029901,0.14559580970406216,0.061942722167163566,0.0
0.112,1.0516919649252081,0.1461802701350905,0.06180255248563671,0.0
0.11225,1.0514688438575526,0.14676560148697604,0.06166231513743203,0.0
0.1125,1.0512451790076263,0.14735180157349248,0.06152201098881127,0.0
0.11275,1.0510209706572624,0.1479388687837968,0.06138164185101824,0.0
0.113,1.0507962185401567,0.14852680150146114,0.0612412089918799,0.0
0.11325,1.0505709220758135,0.14911559750716208,0.06110071328368405,0.0
0.1135,1.0503450813051458,0.14970525430707937,0.06096015617414241,0.0
0.11375,1.0501186961083917,0.15029577104019154,0.06081953918136063,0.0
0.114,1.0498917662958647,0.1508871455291967,0.060678863568893515,0.0
0.11425,1.0496642916475665,0.15147937557968305,0.06053813056674118,0.0
0.1145,1.0494362718266181,0.15207245972028716,0.060397341391768,0.0
0.11475,1.0492077067968495,0.1526663962248591,0.060256497522269026,0.0
0.115,1.0489785965312954,0.153261182844318,0.060115600369886835,0.0
0.11525,1.0487489403119383,0.15385681734483114,0.059974650663351614,0.0
0.1155,1.048518738223951,0.15445329772167327,0.05983364995825924,0.0
0.11575,1.0482879900662105,0.15505062257525992,0.05969259961463891,0.0
0.116,1.0480566954436306,0.15564878950810623,0.05955150065466941,0.0
0.11625,1.0478248544553317,0.1562477973884171,0.059410354774328544,0.0
0.1165,1.047592467153013,0.15684764448224087,0.059269163534634295,0.0
0.11675,1.047359532640872,0.1574483280476784,0.05912792740948691,0.0
0.117,1.0471260512265914,0.1580498466033191,0.05898664824856348,0.0
0.11725,1.0468920222525924,0.15865219756199167,0.05884532678166532,0.0
0.1175,1.0466574458746223,0.15925537938016987,0.05870396469754913,0.0
0.11775,1.0464223218565039,0.1598593909335051,0.058562563360894604,0.0
0.118,1.0461866500613652,0.16046422980441832,0.0584211240396455,0.0
0.11825,1.0459504301916596,0.16106989401460226,0.058279647907863996,0.0
0.1185,1.045713661823104,0.1616763809515902,0.0581381359166151,0.0
0.11875,1.045476345092105,0.16228369005450816,0.057996589883376526,0.0
0.119,1.0452384796125962,0.1628918188916515,0.05785501082363953,0.0
0.11925,1.045000065317815,0.16350076526154567,0.057713400102007206,0.0
0.1195,1.0447611021338403,0.16411052773857193,0.057571759194878114,0.0
0.11975,1.0445215896046811,0.16472110438532184,0.057430089121834005,0.0
0.12,1.0442815275519024,0.16533249272806927,0.057288391091953716,0.0
0.12025,1.0440409157943726,0.16594469145871926,0.05714666649244182,0.0
0.1205,1.0437997540048833,0.1665576980756498,0.057004916378781134,0.0
0.12075,1.0435580423234683,0.1671715114344181,0.05686314248026325,0.0
0.121,1.0433157802473652,0.16778612897388712,0.05672134566744225,0.0
0.12125,1.04307296780447,0.16840154905271731,0.05657952747901551,0.0
0.1215,1.0428296045619447,0.16901777012924413,0.05643768901449375,0.0
0.12175,1.042585690472368,0.16963478980225943,0.05629583161584084,0.0
0.122,1.0423412253152762,0.17025260621730354,0.05615395654020783,0.0
0.12225,1.0420962088556074,0.17087121741465694,0.05601206501251532,0.0
0.1225,1.0418506409596517,0.17149062189133701,0.055870158430815,0.0
0.12275,1.0416045214123386,0.17211081747004187,0.05572823800295934,0.0
0.123,1.0413578500012939,0.172731802899591,0.055586305089385224,0.0
0.12325,1.0411106266903474,0.1733535759773872,0.055444361068699655,0.0
0.1235,1.0408628509529336,0.17397613355724673,0.05530240667848285,0.0
0.12375,1.0406145226757992,0.17459947501431827,0.05516044347722637,0.0
0.124,1.0403656416045415,0.175223597840656,0.05501847257356274,0.0
0.12425,1.0401162079508843,0.17584850137272667,0.05487649584070331,0.0
0.1245,1.0398662211689214,0.17647418220994382,0.054734513948794694,0.0
0.12475,1.039615680961571,0.17710063854359248,0.0545925280760049,0.0
0.125,1.0393645874495263,0.17772787011740832,0.05445054007316741,0.0
0.12525,1.0391129401671257,0.17835587309117784,0.05430855060977513,0.0
0.1255,1.0388607390361706,0.17898464657672264,0.05416656123260366,0.0
0.12575,1.0386079839687916,0.17961418896133807,0.05402457335678701,0.0
0.126,1.0383546746323873,0.18024449732348558,0.053882587932036596,0.0
0.12625,1.0381008108253695,0.18087557052950842,0.053740606340414665,0.0
0.1265,1.0378463921850098,0.1815074060777846,0.05359862957035366,0.0
0.12675,1.0375914186616555,0.18214000257839302,0.0534566591082728,0.0
0.127,1.037335890095747,0.1827733578380446,0.05331469619298934,0.0
0.12725,1.037079806383236,0.18340747061262164,0.05317274228134594,0.0
0.1275,1.036823167302078,0.18404233845777185,0.05303079850463921,0.0
0.12775,1.036565972388658,0.18467795885736393,0.05288886574118834,0.0
0.128,1.0363082217049957,0.18531433127209596,0.05274694573206662,0.0
0.12825,1.03604991489264,0.1859514527138515,0.05260503937395167,0.0
0.1285,1.0357910519127245,0.18658932205083545,0.05246314820323206,0.0
0.12875,1.0355316323712778,0.18722793691978268,0.05232127318835533,0.0
0.129,1.035271656157743,0.18786729515603895,0.0521794156097346,0.0
0.12925,1.0350111228862389,0.18850739474409295,0.052037576501637206,0.0
0.1295,1.0347500327738821,0.18914823480841392,0.05189575769497656,0.0
0.12975,1.0344883854008522,0.1897898130935971,0.051753960146271316,0.0
0.13,1.0342261805358994,0.1904321273271279,0.051612184992267274,0.0
0.13025,1.033963418063074,0.1910751759015028,0.05147043360166115,0.0
0.1305,1.0337000976396382,0.191718956577688,0.05132870700434844,0.0
0.13075,1.0334362190617732,0.19236346725648445,0.05118700639021889,0.0
0.131,1.0331717824674662,0.1930087072539095,0.051045333543147775,0.0
0.13125,1.0329067873602789,0.1936546734118707,0.05090368916908394,0.0
0.1315,1.0326412333936617,0.1943013642768534,0.050762074431994764,0.0
0.13175,1.0323751205055949,0.19494877786756604,0.05062049067729468,0.0
0.132,1.0321084488814876,0.19559691287331304,0.05047893961664962,0.0
0.13225,1.0318412178556713,0.19624576639152735,0.05033742182808698,0.0
0.1325,1.0315734274146635,0.19689533748530152,0.05019593889496976,0.0
0.13275,1.0313050772501313,0.19754562330599867,0.05005449175233512,0.0
0.133,1.0310361671658796,0.1981966227757539,0.04991308177573539,0.0
0.13325,1.0307666971241574,0.1988483334926201,0.04977171024610705,0.0
0.1335,1.0304966668285331,0.1995007538286444,0.04963037833463746,0.0
0.13375,1.0302260762169873,0.2001538825772684,0.049489087522211817,0.0
0.134,1.0299549245953052,0.20080771603961978,0.04934783819245059,0.0
0.13425,1.0296832124221744,0.20146225382887906,0.04920663249040724,0.0
0.1345,1.0294109389645136,0.2021174930792995,0.0490654709161209,0.0
0.13475,1.0291381044929047,0.2027734329369224,0.0489243553394465,0.0
0.135,1.0288647084279674,0.2034300705278156,0.04878328640549867,0.0
0.13525,1.0285907506957805,0.2040874043794929,0.04864226552398132,0.0
0.1355,1.028316231075415,0.2047454326274476,0.04850129388329649,0.0
0.13575,1.0280411497026272,0.20540415414733104,0.048360373165105885,0.0
0.136,1.0277655057409376,0.20606356502490542,0.048219503549566056,0.0
0.13625,1.027489299405417,0.20672366536989273,0.04807868703480378,0.0
0.1365,1.0272125304486366,0.2073844518096024,0.047937924479814154,0.0
0.13675,1.0269351986975543,0.2080459238169965,0.04779721737598308,0.0
0.137,1.0266573037597801,0.2087080778747037,0.047656566405926304,0.0
0.13725,1.0263788459328609,0.20937091436469757,0.047515973701776515,0.0
0.1375,1.0260998240908599,0.21003442846411247,0.0473754389613783,0.0
0.13775,1.0258202387796835,0.21069862027374597,0.047234964501886356,0.0
0.138,1.0255400898026714,0.21136348777622516,0.0470945514887382,0.0
0.13825,1.0252593765970879,0.2120290283691304,0.04695420060832034,0.0
0.1385,1.0249780991004478,0.21269524062238077,0.0468139132715899,0.0
0.13875,1.0246962573471556,0.21336212242412955,0.04667369084476247,0.0
0.139,1.0244138506937652,0.2140296718767729,0.04653353407184557,0.0
0.13925,1.0241308792695243,0.21469788714036042,0.04639344446336424,0.0
0.1395,1.0238473430297077,0.21536676715561498,0.04625342351843842,0.0
0.13975,1.0235632415367348,0.21603630921337924,0.04611347201139093,0.0
0.14,1.0232785745243014,0.21670651127284657,0.04597359101869025,0.0
0.14025,1.0229933418139723,0.2173773712378022,0.045833781689029296,0.0
0.1405,1.0227075432225696,0.21804888770047626,0.045694045307593356,0.0
0.14075,1.0224211785505517,0.21872105829388033,0.04555438294231928,0.0
0.141,1.022134247588891,0.21939388154925155,0.045414795837209976,0.0
0.14125,1.0218467502189412,0.2200673556820476,0.04527528525738145,0.0
0.1415,1.0215586862644983,0.22074147848819337,0.045135852321410486,0.0
0.14175,1.0212700554889196,0.2214162480994588,0.044996498157186204,0.0
0.142,1.020980857480474,0.22209166289793814,0.044857223772863275,0.0
0.14225,1.0206910924374029,0.22276772067137074,0.044718030644717466,0.0
0.1425,1.0204007599706628,0.22344441977989504,0.04457891979470863,0.0
0.14275,1.020109859807441,0.2241217583842996,0.044439892314357854,0.0
0.143,1.0198183916885917,0.22479973365565797,0.044300949093679876,0.0
0.14325,1.0195263558107754,0.225478345441104,0.044162092041105216,0.0
0.1435,1.0192337514728038,0.2261575900927113,0.044023321433897866,0.0
0.14375,1.018940578567932,0.22683746624065293,0.04388463861809533,0.0
0.144,1.0186468373952877,0.227517972609931,0.043746045355840035,0.0
0.14425,1.0183525270505136,0.2281991063861284,0.04360754189762095,0.0
0.1445,1.0180576476338459,0.22888086615068914,0.04346912977607986,0.0
0.14475,1.017762198980332,0.22956325001753441,0.04333081016132834,0.0
0.145,1.0174661811940204,0.23024625716246305,0.043192584718117155,0.0
0.14525,1.0171695934982203,0.23092988326136776,0.04305445347807413,0.0
0.1455,1.0168724359942836,0.23161412832429562,0.04291641828306236,0.0
0.14575,1.0165747085156767,0.2322989896417056,0.04277848011084795,0.0
0.146,1.0162764107093416,0.23298446584377075,0.0426406400523478,0.0
0.14625,1.0159775426453876,0.23367055455159402,0.04250289938407836,0.0
0.1465,1.0156781038435554,0.23435725437117583,0.04236525906403665,0.0
0.14675,1.0153780941642765,0.2350445624787909,0.04222772005906883,0.0
0.147,1.0150775135396728,0.23573247836117162,0.0420902839237034,0.0
0.14725,1.0147763614209566,0.23642099845035602,0.04195295105250274,0.0
0.1475,1.0144746379182195,0.2371101217090228,0.04181572305094816,0.0
0.14775,1.0141723430389007,0.23779984718873948,0.0416786014448034,0.0
0.148,1.0138694761584297,0.2384901714230807,0.04154158656828444,0.0
0.14825,1.0135660372999595,0.2391810932471543,0.04140467990827035,0.0
0.1485,1.0132620261158252,0.23987261072727506,0.041267882413294155,0.0
0.14875,1.0129574426341073,0.24056472203947976,0.041131195420520905,0.0
0.149,1.012652286587386,0.24125742556473995,0.04099462002490073,0.0
0.14925,1.0123465574319859,0.2419507186493064,0.04085815681067184,0.0
0.1495,1.012040255363452,0.24264459927246662,0.040721807224301854,0.0
0.14975,1.0117333801311936,0.24333906653785675,0.0405855725384654,0.0
0.15,1.0114259313789908,0.24403411766601835,0.04044945348195128,0.0
0.15025,1.011117908907952,0.24472975106841943,0.040313451211893225,0.0
0.1505,1.010809312833377,0.24542596523761517,0.04017756720835841,0.0
0.15075,1.010500142622842,0.24612275758271096,0.04004180206417751,0.0
0.151,1.010190398225113,0.24682012716272084,0.0399061572271,0.0
0.15125,1.009880079352964,0.24751807096497203,0.03977063342266507,0.0
0.1515,1.0095691859443754,0.2482165876970015,0.03963523200030683,0.0
0.15175,1.0092577174873796,0.24891567522651314,0.03949995367066084,0.0
0.152,1.0089456741539031,0.24961533212490394,0.03936479997434006,0.0
0.15225,1.0086330555003222,0.25031555574847175,0.0392297715604486,0.0
0.1525,1.0083198612836703,0.2510163441114628,0.03909486942733209,0.0
0.15275,1.0080060916084612,0.25171769652877174,0.03896009522287058,0.0
0.153,1.0076917461065733,0.2524196099494276,0.038825449562310155,0.0
0.15325,1.0073768244163936,0.2531220830924923,0.03869093349289421,0.0
0.1535,1.0070613267082678,0.25382511383905637,0.03855654837222344,0.0
0.15375,1.0067452524270841,0.2545287004101624,0.03842229493446436,0.0
0.154,1.0064286015948802,0.2552328405771789,0.038288174360722405,0.0
0.15425,1.006111373956788,0.25593753317707524,0.0381541878227829,0.0
0.1545,1.005793569434143,0.25664277562155746,0.038020336310330416,0.0
0.15475,1.0054751875278107,0.25734856670891304,0.03788662074487603,0.0
0.155,1.0051562281586612,0.25805490289721433,0.0377530418724088,0.0
0.15525,1.0048366910835433,0.2587617840748777,0.03761960112814844,0.0
0.1555,1.004516576400647,0.2594692072593716,0.037486299562304426,0.0
0.15575,1.0041958835106009,0.26017717127203355,0.037353137996291697,0.0
0.156,1.0038746124646387,0.2608856741486818,0.03722011768333955,0.0
0.15625,1.0035527629323902,0.26159471354948494,0.03708723940962244,0.0
0.1565,1.0032303350734146,0.2623042878498296,0.036954504612387584,0.0
0.15675,1.0029073280555103,0.2630143950353272,0.03682191366851528,0.0
0.157,1.002583741915963,0.26372503311650064,0.036689467799549735,0.0
0.15725,1.0022595768417624,0.26443620027311,0.03655716841180978,0.0
0.1575,1.0019348321710524,0.2651478947339996,0.036425016100782415,0.0
0.15775,1.0016095078887695,0.2658601147365829,0.036293012087282195,0.0
0.158,1.0012836037061064,0.2665728579425064,0.036161157176972436,0.0
0.15825,1.0009571195324973,0.26728612238498783,0.03602945245895239,0.0
0.1585,1.0006300551636578,0.2679999069995489,0.035897899142860235,0.0
0.15875,1.0003024106007032,0.26871420950475056,0.035766498320611184,0.0
0.159,0.9999741853451489,0.26942902796058377,0.03563525068649498,0.0
0.15925,0.9996453790358473,0.27014435971516093,0.035504156878975124,0.0
0.1595,0.9993159918874035,0.27086020393795707,0.03537321856382625,0.0
0.15975,0.9989860233413594,0.27157655795438984,0.03524243617702294,0.0
0.16,0.9986554736381699,0.27229342059956707,0.035111811317642294,0.0
0.16025,0.9983243421629346,0.2730107896117602,0.03498134446930634,0.0
0.1605,0.9979926288116054,0.27372866279023356,0.03485103662084055,0.0
0.16075,0.997660333460793,0.2744470386041087,0.034720888916265125,0.0
0.161,0.997327455851817,0.2751659150137016,0.03459090223198169,0.0
0.16125,0.9969939958979239,0.27588529040258436,0.03446107771971185,0.0
0.1615,0.9966599530844498,0.2766051620749863,0.034331415828034784,0.0
0.16175,0.9963253276608697,0.2773255291218959,0.03420191821581864,0.0
0.162,0.9959901193826362,0.27804638927452174,0.034072585700073876,0.0
0.16225,0.995654327696684,0.27876774069699195,0.03394341891345354,0.0
0.1625,0.9953179526387181,0.2794895814891021,0.033814419035584464,0.0
0.16275,0.9949809937963572,0.2802119089152768,0.03368558658517129,0.0
0.163,0.9946434513448743,0.28093472234620265,0.0335569232137054,0.0
0.16325,0.9943053248055911,0.2816580193449738,0.03342842945125413,0.0
0.1635,0.9939666141899437,0.28238179800467833,0.0333001064398355,0.0
0.16375,0.993627319087782,0.2831060566705901,0.03317195498191117,0.0
0.164,0.9932874393110005,0.2838307928767847,0.03304397586843755,0.0
0.16425,0.9929469748144086,0.2845560053043812,0.03291617033904193,0.0
0.1645,0.9926059252519224,0.2852816919992449,0.032788539167228015,0.0
0.16475,0.9922642905008026,0.2860078507929984,0.03266108327867712,0.0
0.165,0.9919220701945086,0.2867344788738251,0.032533803182251075,0.0
0.16525,0.9915792644775365,0.28746157652736315,0.032406700734458393,0.0
0.1655,0.9912358727785957,0.2881891404538237,0.03227977610658339,0.0
0.16575,0.9908918952410666,0.28891716875448026,0.03215303054127472,0.0
0.166,0.9905473314597266,0.28964566006656867,0.032026464901643736,0.0
0.16625,0.9902021812044417,0.29037461178654667,0.03190007986830867,0.0
0.1665,0.9898564443048663,0.2911040221923713,0.031773876422760194,0.0
0.16675,0.9895101204081271,0.2918338892718708,0.03164785528670233,0.0
0.167,0.9891632095686198,0.29256421159496426,0.03152201773412289,0.0
0.16725,0.988815711844552,0.29329498828239764,0.031396365197308373,0.0
0.1675,0.9884676264706691,0.29402621515772864,0.03127089737882982,0.0
0.16775,0.9881189536254062,0.29475789171661404,0.031145615925796788,0.0
0.168,0.9877696928415212,0.2954900158896123,0.031020521418791303,0.0
0.16825,0.9874198441987936,0.29622258584197425,0.030895615026310885,0.0
0.1685,0.9870694072234727,0.29695559906389235,0.03077089718903725,0.0
0.16875,0.9867183819285756,0.29768905412862523,0.030646369121699157,0.0
0.169,0.9863667679470964,0.29842294944690195,0.030522031626199375,0.0
0.16925,0.9860145652828471,0.29915728268409225,0.030397885640712996,0.0
0.1695,0.9856617735526427,0.29989205215385084,0.030273931917133012,0.0
0.16975,0.9853083924966874,0.30062725544678415,0.030150171111897883,0.0
0.17,0.9849544220693254,0.30136289108074266,0.03002660435275284,0.0
0.17025,0.9845998620166192,0.30209895700339473,0.029903232398891255,0.0
0.1705,0.9842447122405638,0.3028354513357243,0.029780056205800598,0.0
0.17075,0.983888972167172,0.3035723718628702,0.029657076171782037,0.0
0.171,0.9835326421328574,0.3043097177093017,0.029534293956813507,0.0
0.17125,0.9831757216449937,0.30504748642434265,0.029411709961550514,0.0
0.1715,0.9828182103597278,0.3057856751943149,0.02928932461613587,0.0
0.17175,0.9824601083806428,0.30652428370196105,0.029167139515397178,0.0
0.172,0.9821014154274863,0.30726330896622756,0.029045155093569086,0.0
0.17225,0.9817421314663193,0.308002749939007,0.028923372591964203,0.0
0.1725,0.9813822559916829,0.3087426041391268,0.028801792371074164,0.0
0.17275,0.9810217887422006,0.3094828696797691,0.028680415198117704,0.0
0.173,0.9806607297733834,0.31022354448703027,0.02855924208271121,0.0
0.17325,0.9802990789274375,0.31096462688608995,0.02843827394763343,0.0
0.1735,0.9799368357187106,0.3117061151455971,0.028317511383307847,0.0
0.17375,0.9795740001644972,0.31244800739844436,0.02819695541541689,0.0
0.174,0.9792105718660835,0.3131903009800965,0.028076606426926665,0.0
0.17425,0.9788465508628015,0.3139329945988294,0.02795646563159071,0.0
0.1745,0.9784819370571114,0.31467608739063735,0.027836534241956645,0.0
0.17475,0.9781167299678231,0.31541957570499335,0.027716812249787726,0.0
0.175,0.977750929429984,0.3161634582464501,0.02759730066381172,0.0
0.17525,0.9773845352221997,0.3169077334049035,0.027478000340322994,0.0
0.1755,0.9770175475541478,0.3176523995416147,0.02735891253410916,0.0
0.17575,0.9766499656244036,0.3183974540415164,0.02724003723290913,0.0
0.176,0.9762817896545464,0.3191428954897759,0.02712137576465712,0.0
0.17625,0.9759130190932765,0.3198887216514379,0.027002928464931353,0.0
0.1765,0.9755436538635109,0.32063493004979193,0.02688469604011745,0.0
0.17675,0.9751736940149023,0.3213815199632961,0.026766679860906306,0.0
0.177,0.9748031391772827,0.32212848933403393,0.026648880479841264,0.0
0.17725,0.9744319890137731,0.3228758354695742,0.02653129827760914,0.0
0.1775,0.9740602436942538,0.32362355722659686,0.026413934598369382,0.0
0.17775,0.9736879023321272,0.3243716517211226,0.026296789232153506,0.0
0.178,0.9733149654076527,0.32512011817841824,0.026179863927785707,0.0
0.17825,0.9729414325156078,0.3258689544472162,0.026063159156416216,0.0
0.1785,0.9725673034512425,0.32661815823416873,0.02594667552982588,0.0
0.17875,0.9721925779466716,0.32736772810100945,0.02583041386800944,0.0
0.179,0.971817255776223,0.3281176617923336,0.02571437476740912,0.0
0.17925,0.9714413370999218,0.3288679574759925,0.025598559320807013,0.0
0.1795,0.9710648213864594,0.32961861406073467,0.025482968200660094,0.0
0.17975,0.9706877082553476,0.3303696280288051,0.025367601439556742,0.0
0.18,0.9703099975530698,0.3311209978593723,0.02525245992137215,0.0
0.18025,0.9699316894908847,0.3318727229130758,0.02513754515790767,0.0
0.1805,0.9695527838069502,0.33262480063696387,0.0250228575922522,0.0
0.18075,0.9691732799962729,0.3333772287153778,0.024908397509103786,0.0
0.181,0.9687931780120813,0.33413000569554185,0.024794165903012422,0.0
0.18125,0.9684124776269378,0.3348831292878316,0.024680163321782578,0.0
0.1815,0.9680311784614695,0.3356365978624325,0.02456639038091102,0.0
0.18175,0.967649280617028,0.33639040928258623,0.024452847980793058,0.0
0.182,0.9672667839454903,0.33714456254853076,0.024339537155669833,0.0
0.18225,0.9668836879807294,0.3378990547019072,0.02422645799240075,0.0
0.1825,0.9664999925227384,0.33865388407868124,0.024113611250251132,0.0
0.18275,0.9661156974811362,0.3394090488072834,0.024000997720083905,0.0
0.183,0.9657308027233285,0.3401645475599082,0.023888618329787503,0.0
0.18325,0.9653453081227639,0.3409203773781968,0.0237764734678787,0.0
0.1835,0.9649592131663596,0.34167653758150607,0.02366456391159999,0.0
0.18375,0.9645725178536502,0.342433025399302,0.02355289022241025,0.0
0.184,0.9641852219621256,0.34318983939778036,0.023441453194088524,0.0
0.18425,0.963797325317163,0.34394697700761867,0.023330253281508728,0.0
0.1845,0.9634088274838781,0.344704436760054,0.023219291059314973,0.0
0.18475,0.9630197286294546,0.3454622168921162,0.023108567567276417,0.0
0.185,0.9626300285086948,0.3462203157606041,0.022998083493817267,0.0
0.18525,0.9622397268327916,0.3469787316970212,0.022887839474748484,0.0
0.1855,0.9618488231641642,0.34773746094111857,0.02277783529174293,0.0
0.18575,0.9614573176596757,0.34849650380903086,0.022668072665054106,0.0
0.186,0.9610652097992691,0.34925585667924963,0.022558551336435473,0.0
0.18625,0.9606724996240423,0.35001551850960766,0.022449272448983315,0.0
0.1865,0.9602791868741996,0.3507754876524416,0.02234023665391449,0.0
0.18675,0.9598852711606973,0.3515357611932757,0.02223144404238586,0.0
0.187,0.9594907526819618,0.3522963388795688,0.022122896167650508,0.0
0.18725,0.959095630874792,0.3530572166992698,0.02201459257025795,0.0
0.1875,0.9586999057171504,0.35381839458393927,0.02190653465374659,0.0
0.18775,0.9583035769698824,0.3545798699482674,0.021798722746217525,0.0
0.188,0.9579066444750097,0.3553416406618197,0.02169115740403993,0.0
0.18825,0.9575091080596749,0.356103705462246,0.021583839467508525,0.0
0.1885,0.9571109673784441,0.35686606134730425,0.02147676900536477,0.0
0.18875,0.9567122223122055,0.35762870795174706,0.02136994721442398,0.0
0.189,0.9563128726919139,0.3583916419207327,0.021263374196342832,0.0
0.18925,0.9559129183660993,0.35915486233558624,0.02115705091748099,0.0
0.1895,0.955512359075616,0.35991836710269354,0.02105097782829546,0.0
0.18975,0.9551111943806525,0.36068215377137847,0.02094515507954542,0.0
0.19,0.9547094244748919,0.3614462207612945,0.02083958371714889,0.0
0.19025,0.95430704890504,0.3622105662053343,0.020734264076912146,0.0
0.1905,0.9539040673876826,0.3629751879953744,0.020629196564081242,0.0
0.19075,0.9535004801347284,0.3637400847920844,0.020524382316125855,0.0
0.191,0.9530962867506254,0.36450525480013596,0.02041982173747603,0.0
0.19125,0.9526914868344285,0.36527069547290125,0.020315514955080438,0.0
0.1915,0.9522860804557816,0.3660364053468186,0.020211462917887335,0.0
0.19175,0.9518800673382444,0.3668023822274762,0.020107665986101697,0.0
0.192,0.9514734471051405,0.3675686239483582,0.020004124431576953,0.0
0.19225,0.9510662197829696,0.36833512900834364,0.019900839137737325,0.0
0.1925,0.9506583850197892,0.36910189593754694,0.019797810643426228,0.0
0.19275,0.9502499428200615,0.36986892198068233,0.019695039350825727,0.0
0.193,0.9498408926841861,0.37063620552504517,0.019592525600837796,0.0
0.19325,0.9494312345098805,0.3714037446890188,0.019490270003584387,0.0
0.1935,0.9490209685218858,0.37217153846317785,0.019388273787896093,0.0
0.19375,0.948610093981447,0.37293958400854876,0.019286536614684824,0.0
0.194,0.9481986106761902,0.3737078788197863,0.019185058750490924,0.0
0.19425,0.9477865188827401,0.3744764219250243,0.01908384147411124,0.0
0.1945,0.9473738179888933,0.3752452120927927,0.018982885140578665,0.0
0.19475,0.946960508052392,0.3760142460508149,0.018882189972916796,0.0
0.195,0.9465465885477862,0.37678352216481414,0.0187817562492838,0.0
0.19525,0.9461320593199787,0.37755303872761203,0.018681584561887288,0.0
0.1955,0.9457169206098897,0.37832279410046965,0.018581675892433758,0.0
0.19575,0.9453011717250703,0.37909278622659315,0.018482030196818044,0.0
0.196,0.9448848129151806,0.3798630132846199,0.01838264838882009,0.0
0.19625,0.9444678434343068,0.38063347261820013,0.018283530142189974,0.0
0.1965,0.9440502634905457,0.381404163341756,0.018184676672652333,0.0
0.19675,0.9436320725714644,0.3821750829283701,0.018086087910459625,0.0
0.197,0.9432132708662841,0.382946229907418,0.01798776482754416,0.0
0.19725,0.9427938581212523,0.38371760240620745,0.017889707830629487,0.0
0.1975,0.9423738338270979,0.38448919812618954,0.01779191692491988,0.0
0.19775,0.941953198053465,0.3852610152865452,0.01769439284235519,0.0
0.198,0.9415319503600763,0.386033052317714,0.017597135919013907,0.0
0.19825,0.9411100909118844,0.38680530718707473,0.017500146871862965,0.0
0.1985,0.9406876192476901,0.38757777748635647,0.017403425690689645,0.0
0.19875,0.9402645352560057,0.38835046182749977,0.017306973072447107,0.0
0.199,0.9398408386781512,0.3891233585438698,0.017210789468786514,0.0
0.19925,0.9394165291832905,0.3898964651561556,0.017114874949749836,0.0
0.1995,0.938991606766681,0.39066977994379215,0.017019230171978705,0.0
0.19975,0.9385660711476049,0.3914433005505771,0.016923855288772494,0.0
0.2,0.9381399221552513,0.3922170264100515,0.016828751239560402,0.0
0.20025,0.9377131598808361,0.39299095458542865,0.01673391828918014,0.0
0.2005,0.9372857835051747,0.3937650829856949,0.016639356182732268,0.0
0.20075,0.9368577933377153,0.3945394110652245,0.01654506630119834,0.0
0.201,0.9364291889932268,0.3953139351679056,0.016451048175192495,0.0
0.20125,0.9359999703483197,0.3960886549188274,0.016357302845540378,0.0
0.2015,0.9355701372398073,0.3968635679655108,0.01626383054462166,0.0
0.20175,0.9351396891665082,0.39763867116957385,0.016170630880433468,0.0
0.202,0.9347086261101971,0.3984139637480979,0.01607770482098614,0.0
0.20225,0.9342769478672395,0.3991894438473622,0.01598505274206219,0.0
0.2025,0.9338446542236802,0.3999651088991669,0.015892674724484523,0.0
0.20275,0.9334117450077777,0.4007409580807888,0.015800571570016908,0.0
0.203,0.93297822011818,0.40151698862355545,0.01570874337489858,0.0
0.20325,0.9325440791341357,0.4022931987637577,0.015617190332907649,0.0
0.2035,0.9321093221462107,0.40306958706646867,0.015525913234025746,0.0
0.20375,0.931673948788049,0.4038461513365377,0.01543491214338788,0.0
0.204,0.931237958964342,0.4046228899181159,0.01534418758456546,0.0
0.20425,0.9308013523188698,0.4053998003434174,0.01525373951397957,0.0
0.2045,0.9303641286857491,0.4061768812281059,0.015163568490016432,0.0
0.20475,0.9299262878047188,0.4069541302241646,0.015073674595480258,0.0
0.205,0.9294878295665221,0.4077315457709574,0.014984058362030872,0.0
0.20525,0.9290487539706938,0.40850912580796717,0.014894720216283464,0.0
0.2055,0.9286090603715564,0.4092868684628854,0.014805660065167592,0.0
0.20575,0.9281687488533521,0.4100647718827304,0.014716878487409657,0.0
0.206,0.9277278192178393,0.41084283405385236,0.014628375733740873,0.0
0.20625,0.9272862713793799,0.4116210539947218,0.014540152571793863,0.0
0.2065,0.9268441049338669,0.412399428290982,0.014452208487610196,0.0
0.20675,0.9264013195897967,0.41317795545936065,0.014364543847671163,0.0
0.207,0.9259579153941253,0.4139566346008934,0.014277159562972486,0.0
0.20725,0.9255138919778005,0.41473546317155296,0.014190055490596043,0.0
0.2075,0.9250692492293346,0.4155144386317744,0.014103231718153753,0.0
0.20775,0.9246239869682462,0.41629355977053706,0.014016688809154187,0.0
0.208,0.9241781049241382,0.41707282459502437,0.013930426921316519,0.0
0.20825,0.9237316028630644,0.4178522314527271,0.013844446381193976,0.0
0.2085,0.9232844807728426,0.4186317784110827,0.013758747598068055,0.0
0.20875,0.9228367382174731,0.41941146278658437,0.013673330279852847,0.0
0.209,0.9223883751070403,0.42019128360662705,0.013588195152050453,0.0
0.20925,0.9219393913403771,0.4209712383342463,0.013503342278521346,0.0
0.2095,0.9214897865774425,0.42175132538909565,0.013418771897382609,0.0
0.20975,0.9210395606561654,0.4225315430740437,0.013334484356589238,0.0
0.21,0.9205887134967661,0.4233118891351637,0.01325047984237937,0.0
0.21025,0.9201372444919684,0.42409236152570884,0.013166758142866275,0.0
0.2105,0.9196851539507556,0.42487295879476505,0.013083320123494557,0.0
0.21075,0.9192324414425208,0.42565367896624196,0.013000165754119664,0.0
0.211,0.918779106844525,0.4264345199204911,0.012917295219033509,0.0
0.21125,0.918325149862568,0.4272154800187735,0.012834708744609902,0.0
0.2115,0.9178705705053893,0.4279965577588456,0.012752406885962353,0.0
0.21175,0.9174153681214534,0.42877774967688254,0.012670388765956497,0.0
0.212,0.9169595429226689,0.4295590554764601,0.012588655624177214,0.0
0.21225,0.916503094710329,0.43034047246588614,0.012507207310531898,0.0
0.2125,0.916046022868418,0.43112199937687024,0.012426043896420325,0.0
0.21275,0.9155883275560299,0.43190363327782677,0.012345165442812611,0.0
0.213,0.9151300083065728,0.4326853721919264,0.012264571844759375,0.0
0.21325,0.9146710652402739,0.43346721547646894,0.01218426409458706,0.0
0.2135,0.9142114980883171,0.43424916115722567,0.012104242260963627,0.0
0.21375,0.9137513067171774,0.43503120681700125,0.012024506339646912,0.0
0.214,0.9132904906106099,0.43581335000065735,0.01194505595835782,0.0
0.21425,0.9128290497993916,0.436595590097852,0.011865892028460445,0.0
0.2145,0.9123669840308857,0.4373779239854514,0.011787014118800343,0.0
0.21475,0.911904293216292,0.438160350500425,0.01170842278640749,0.0
0.215,0.9114409769029663,0.43894286705894103,0.011630117641698412,0.0
0.21525,0.9109770351216859,0.4397254726497124,0.011552099407692529,0.0
0.2155,0.9105124677685872,0.44050816529330916,0.011474368262547774,0.0
0.21575,0.9100472743015757,0.4412909425130209,0.011396923768189904,0.0
0.216,0.9095814545698317,0.44207380209286384,0.011319765946563143,0.0
0.21625,0.9091150085254682,0.44285674270429354,0.011242895295150657,0.0
0.2165,0.9086479360037174,0.4436397627740263,0.011166312096091424,0.0
0.21675,0.9081802366602609,0.44442285970224304,0.011090016015491644,0.0
0.217,0.907711910501142,0.4452060324795184,0.011014007727779829,0.0
0.21725,0.907242957144291,0.44598927849598624,0.010938286851026602,0.0
0.2175,0.9067733765397747,0.44677259638628186,0.01086285384471597,0.0
0.21775,0.906303168450485,0.4475559834300782,0.010787708397491658,0.0
0.218,0.9058323324136417,0.4483394384937185,0.01071285069242145,0.0
0.21825,0.9053608685834114,0.44912295877617225,0.01063828072261952,0.0
0.2185,0.9048887766500648,0.44990654394641183,0.010563999157428672,0.0
0.21875,0.9044160564385137,0.4506901908645773,0.010490005534612878,0.0
0.219,0.9039427076098328,0.45147389756090206,0.010416299759573144,0.0
0.21925,0.9034687299140813,0.4522576626079058,0.01034288205545808,0.0
0.2195,0.9029941232963985,0.4530414843631263,0.010269752720418746,0.0
0.21975,0.9025188874459396,0.4538253597395112,0.01019691117096233,0.0
0.22,0.9020430224705649,0.4546092880683261,0.010124358277644241,0.0
0.22025,0.901566527941899,0.45539326726748186,0.010052093794059136,0.0
0.2205,0.9010894037641677,0.45617729520355965,0.00998011774257157,0.0
0.22075,0.9006116494577618,0.45696136973572266,0.00990842979439388,0.0
0.221,0.9001332650055716,0.4577454889198549,0.009837030117269663,0.0
0.22125,0.8996542503974609,0.45852965171083326,0.009765919288364344,0.0
0.2215,0.8991746049479552,0.45931385477426545,0.009695096239902723,0.0
0.22175,0.8986943289267053,0.4600980977999569,0.009624562124040281,0.0
0.222,0.8982134218691655,0.4608823775409263,0.00955431609878854,0.0
0.22225,0.8977318835858341,0.46166669273594607,0.00948435846639839,0.0
0.2225,0.8972497142270655,0.4624510419367027,0.009414689742968108,0.0
0.22275,0.8967669132228693,0.46323542270256723,0.009345309345468289,0.0
0.223,0.8962834804159172,0.4640198330180283,0.009276217247066842,0.0
0.22325,0.8957994157971889,0.46480427124694756,0.009207413722268853,0.0
0.2235,0.8953147189398898,0.4655887354638253,0.009138898537370599,0.0
0.22375,0.8948293896830641,0.4663732234831741,0.009070671569960886,0.0
0.224,0.8943434278893747,0.46715773345945877,0.009002732870380337,0.0
0.22425,0.8938568334893624,0.46794226393097915,0.00893508272261001,0.0
0.2245,0.8933696060638567,0.468726812672827,0.008867720742971485,0.0
0.22475,0.8928817455930513,0.46951137834008705,0.008800647305553078,0.0
0.225,0.8923932518814013,0.47029595839319427,0.008733862068898368,0.0
0.22525,0.8919041245081551,0.47108055098735235,0.00866736481022623,0.0
0.2255,0.891414363314869,0.4718651543105068,0.008601155549869288,0.0
0.22575,0.8909239683992674,0.47264976656732927,0.008535234537916159,0.0
0.226,0.8904329391471002,0.473434385624401,0.008469601232331314,0.0
0.22625,0.889941275543304,0.47421900933790084,0.008404255610349631,0.0
0.2265,0.8894489773525365,0.47500363642130594,0.00833919785305226,0.0
0.22675,0.8889560446502998,0.4757882647062388,0.008274427996901812,0.0
0.227,0.8884624768746932,0.47657289274737025,0.008209945852505118,0.0
0.22725,0.8879682741798831,0.4773575185236041,0.008145751586055683,0.0
0.2275,0.8874734360599454,0.47814213937785155,0.00808184447537541,0.0
0.22775,0.8869779623447194,0.4789267534489454,0.008018224465380142,0.0
0.228,0.8864818527146205,0.4797113595846412,0.007954891702446787,0.0
0.22825,0.8859851073520808,0.48049595584492977,0.007891846396730573,0.0
0.2285,0.8854877258496465,0.4812805395749393,0.007829087893340914,0.0
0.22875,0.8849897081045697,0.4820651101089197,0.007766616749799171,0.0
0.229,0.8844910538415256,0.48284966470831137,0.007704432378175641,0.0
0.22925,0.8839917627782157,0.48363420100166366,0.00764253435345541,0.0
0.2295,0.8834918346168124,0.4844187179293442,0.007580922861727402,0.0
0.22975,0.8829912694656414,0.4852032134271127,0.007519597959534163,0.0
0.23,0.8824900670596989,0.4859876853392393,0.007458559326597447,0.0
0.23025,0.8819882271108277,0.486772132225596,0.007397806962847309,0.0
0.2305,0.8814857493695527,0.48755655124647035,0.007337340221712507,0.0
0.23075,0.8809826337578599,0.48834094194512545,0.007277159754348839,0.0
0.231,0.880478880113678,0.4891253013989001,0.007217264940788004,0.0
0.23125,0.8799744880722322,0.4899096280572053,0.007157655643413419,0.0
0.2315,0.8794694576406812,0.4906939194972608,0.007098331621286258,0.0
0.23175,0.8789637883378347,0.49147817492350043,0.007039292994733604,0.0
0.232,0.8784574801847995,0.4922623915185227,0.006980539333388824,0.0
0.23225,0.8779505328945341,0.49304656713478323,0.006922070258265078,0.0
0.2325,0.8774429460795758,0.49383070045340105,0.006863885704071926,0.0
0.23275,0.8769347197848347,0.49461478909586276,0.006805985459190422,0.0
0.233,0.8764258537500496,0.49539883138362484,0.006748369384209418,0.0
0.23325,0.8759163479980927,0.49618282641958444,0.006691037967480495,0.0
0.2335,0.8754062021549842,0.49696677133240996,0.006633990375833232,0.0
0.23375,0.8748954158948159,0.49775066420738767,0.006577226283536852,0.0
0.234,0.8743839891670042,0.4985345033291537,0.006520745698393338,0.0
0.23425,0.8738719217319293,0.4993182868198147,0.006464548379191415,0.0
0.2345,0.8733592134360748,0.5001020129435574,0.006408634225619769,0.0
0.23475,0.8728458639405154,0.5008856789997651,0.006353002492227144,0.0
0.235,0.8723318732346499,0.5016692841173693,0.006297653623373645,0.0
0.23525,0.87181724099257,0.5024528258970236,0.006242587025515167,0.0
0.2355,0.87130196693737,0.5032363024545106,0.00618780239924277,0.0
0.23575,0.8707860508492367,0.504019711444414,0.006133299259158731,0.0
0.236,0.8702694926798173,0.5048030515947204,0.006079077800810184,0.0
0.23625,0.8697522920989265,0.5055863202974251,0.006025137301860273,0.0
0.2365,0.8692344492063349,0.5063695171229483,0.005971478501437533,0.0
0.23675,0.8687159634869133,0.507152638624575,0.005918100086117706,0.0
0.237,0.8681968348988178,0.5079356840435594,0.005865002499402916,0.0
0.23725,0.8676770632055906,0.5087186507711579,0.005812185080050547,0.0
0.2375,0.8671566482337241,0.5095015369986555,0.0057596476196184465,0.0
0.23775,0.866635589575484,0.5102843407778579,0.005707389632759963,0.0
0.238,0.8661138874713252,0.5110670610282995,0.0056554116290505885,0.0
0.23825,0.8655915413031856,0.5118496945119233,0.005603712278138717,0.0
0.2385,0.865068550925173,0.5126322404402259,0.005552291896619543,0.0
0.23875,0.8645449162786143,0.5134146960337489,0.0055011498584289775,0.0
0.239,0.8640206372823336,0.5141970601856087,0.005450286365910939,0.0
0.23925,0.8634957134357997,0.5149793306586332,0.005399700680089881,0.0
0.2395,0.8629701446329179,0.5157615050980979,0.005349392335229242,0.0
0.23975,0.8624439305833,0.5165435818582012,0.005299361065584485,0.0
0.24,0.861917071314096,0.5173255595661317,0.0052496070146357265,0.0
0.24025,0.8613895666039113,0.5181074362342741,0.005200129792732655,0.0
0.2405,0.8608614162313515,0.518889209375132,0.005150928747418515,0.0
0.24075,0.860332619916349,0.5196708778866679,0.00510200388598836,0.0
0.241,0.8598031775431387,0.5204524394628862,0.005053354731054727,0.0
0.24125,0.8592730889415598,0.5212338921154327,0.005004980917493906,0.0
0.2415,0.8587423537560426,0.5220152339931872,0.004956881988192663,0.0
0.24175,0.8582109717015918,0.5227964625755561,0.0049090571939856,0.0
0.242,0.8576789426689508,0.5235775768412054,0.004861506710570396,0.0
0.24225,0.8571462667504512,0.5243585746273425,0.0048142302880935794,0.0
0.2425,0.8566129434255707,0.5251394542769958,0.004767227412678432,0.0
0.24275,0.8560789726432603,0.5259202136426211,0.004720497710602345,0.0
0.243,0.8555443540059215,0.5267008502664794,0.004674040344848418,0.0
0.24325,0.8550090875584644,0.5274813635776496,0.004627855839810069,0.0
0.2435,0.8544731730449051,0.5282617508253082,0.004581943316944281,0.0
0.24375,0.8539366102887591,0.5290420098232289,0.004536302255551794,0.0
0.244,0.8533993989553785,0.5298221392767033,0.004490932465367692,0.0
0.24425,0.8528615388714407,0.5306021373762775,0.004445833618934358,0.0
0.2445,0.8523230301216529,0.5313820017162811,0.004401005288106052,0.0
0.24475,0.8517838719850204,0.5321617304690278,0.004356446661036628,0.0
0.245,0.8512440645237476,0.5329413216937695,0.00431215752653924,0.0
0.24525,0.8507036077454586,0.5337207738324707,0.004268137825486518,0.0
0.2455,0.8501625011959284,0.534500084705229,0.004224386773002964,0.0
0.24575,0.8496207446582247,0.535279252957082,0.004180904219896142,0.0
0.246,0.8490783383172911,0.5360582765450062,0.004137689986813742,0.0
0.24625,0.8485352815184299,0.5368371529067417,0.004094742901573634,0.0
0.2465,0.8479915741836273,0.537615880408751,0.004052062770702358,0.0
0.24675,0.8474472160937196,0.5383944569700674,0.004009649037841401,0.0
0.247,0.8469022070720378,0.5391728810300549,0.0039675014569637845,0.0
0.24725,0.8463565470848273,0.5399511509741473,0.003925619870146502,0.0
0.2475,0.845810235793163,0.54072926474295,0.0038840036189127236,0.0
0.24775,0.8452632731250738,0.5415072202190316,0.00384265223363367,0.0
0.248,0.8447156583341808,0.5422850148397771,0.0038015644313003083,0.0
0.24825,0.8441673918297035,0.5430626479074334,0.003760740904323656,0.0
0.2485,0.8436184735293502,0.5438401172428371,0.0037201811275360264,0.0
0.24875,0.8430689027008746,0.54461742092235,0.003679884162958169,0.0
0.249,0.8425186793615715,0.5453945563900362,0.00363984935486239,0.0
0.24925,0.8419678033300286,0.546171522071873,0.0036000764082773085,0.0
0.2495,0.8414162743816895,0.5469483164801261,0.0035605650357166674,0.0
0.24975,0.8408640922832582,0.5477249373456203,0.0035213145128565326,0.0
0.25,0.8403112569169231,0.5485013829407279,0.003482324502624312,0.0
0.25025,0.8397577681572486,0.5492776515221891,0.0034435946490338765,0.0
0.2505,0.8392036256243962,0.5500537406214789,0.003405123981740976,0.0
0.25075,0.838648829245745,0.5508296488631856,0.0033669123815072144,0.0
0.251,0.8380933787218865,0.551605374093441,0.003328959108742424,0.0
0.25125,0.8375372737817735,0.5523809142606524,0.0032912634989101797,0.0
0.2515,0.8369805146880829,0.553156268609797,0.0032538260429619825,0.0
0.25175,0.8364231006126097,0.5539314334981498,0.003216644726216078,0.0
0.252,0.8358650317537801,0.5547064079512438,0.0031797198562775186,0.0
0.25225,0.8353063076876808,0.5554811901406538,0.003143050747451248,0.0
0.2525,0.8347469282214632,0.5562557773873351,0.0031066364310214922,0.0
0.25275,0.8341868933040786,0.5570301687465786,0.003070477012533823,0.0
0.253,0.8336262027595076,0.5578043619123889,0.003034571735053948,0.0
0.25325,0.8330648564870486,0.5585783554636095,0.002998920391351856,0.0
0.2535,0.8325028540427972,0.5593521471437128,0.0029635220204593526,0.0
0.25375,0.8319401951563563,0.5601257343071353,0.0029283755831739366,0.0
0.254,0.8313768798672427,0.5608991163029913,0.002893481406309739,0.0
0.25425,0.8308129079012474,0.5616722907947889,0.002858838611891734,0.0
0.2545,0.8302482790203314,0.5624452554802559,0.0028244463656001972,0.0
0.25475,0.8296829929794818,0.5632180085956833,0.002790304124385745,0.0
0.255,0.8291170497674472,0.5639905487872312,0.0027564117652889575,0.0
0.25525,0.8285504491985378,0.5647628740743471,0.0027227686653052974,0.0
0.2555,0.8279831908432627,0.5655349818590736,0.0026893736473589946,0.0
0.25575,0.8274152745698622,0.5663068705763123,0.0026562263574971823,0.0
0.256,0.8268466999322008,0.5670785378356413,0.0026233257123933207,0.0
0.25625,0.826277467223548,0.5678499827831018,0.002590672103092384,0.0
0.2565,0.8257075760264989,0.56862120313167,0.0025582645205537435,0.0
0.25675,0.8251370262187798,0.5693921966069695,0.0025261022008760126,0.0
0.257,0.8245658173672723,0.5701629618748711,0.00249418465369855,0.0
0.25725,0.8239939496344171,0.5709334968354369,0.00246251144013665,0.0
0.2575,0.8234214224430652,0.5717037992555731,0.002431081432243687,0.0
0.25775,0.8228482356996736,0.5724738672123806,0.002399894071803965,0.0
0.258,0.8222743894048925,0.5732436990868308,0.0023689490471769936,0.0
0.25825,0.8216998832339293,0.5740132934261482,0.002338245871415623,0.0
0.2585,0.8211247168107576,0.5747826473069324,0.002307783169776867,0.0
0.25875,0.8205488901587152,0.5755517598220337,0.002277561045312071,0.0
0.259,0.8199724031739386,0.5763206284274247,0.0022475785542341864,0.0
0.25925,0.8193952552082386,0.5770892512388883,0.0022178346812808947,0.0
0.2595,0.8188174464973272,0.5778576265626327,0.0021883292400697307,0.0
0.25975,0.8182389766424905,0.578625752699665,0.0021590615187809803,0.0
0.26,0.8176598455205237,0.5793936276173639,0.0021300308344498475,0.0
0.26025,0.8170800528906916,0.5801612489803603,0.002101236228309933,0.0
0.2605,0.8164995988862387,0.5809286160953633,0.0020726779929001182,0.0
0.26075,0.815918482895146,0.5816957256443516,0.002044354289182815,0.0
0.261,0.8153367047811919,0.5824625766941409,0.0020162650439514707,0.0
0.26125,0.814754264344554,0.5832291669684935,0.001988409349328757,0.0
0.2615,0.8141711614103286,0.5839954938497414,0.001960786113431867,0.0
0.26175,0.8135873959468078,0.5847615568774245,0.0019333956133098518,0.0
0.262,0.8130029675451418,0.5855273533412628,0.0019062365052084917,0.0
0.26225,0.8124178761893361,0.5862928815987942,0.001879308382706002,0.0
0.2625,0.8118321212775079,0.5870581393864285,0.0018526099969962129,0.0
0.26275,0.8112457029289537,0.5878231244171417,0.0018261406652466672,0.0
0.263,0.8106586208307824,0.5885878357793217,0.0017999001570383477,0.0
0.26325,0.8100708748515153,0.5893522709263408,0.0017738874260671,0.0
0.2635,0.8094824648076937,0.5901164280178648,0.0017481017939104948,0.0
0.26375,0.8088933907204243,0.5908803060559933,0.001722543240397112,0.0
0.264,0.8083036517464386,0.5916439015932724,0.0016972095993568193,0.0
0.26425,0.8077132483095539,0.5924072140651049,0.001672101423988881,0.0
0.2645,0.807122180040718,0.5931702406604131,0.0016472172969950183,0.0
0.26475,0.8065304466232277,0.5939329802823607,0.0016225568533041468,0.0
0.265,0.8059380478977083,0.5946954303653484,0.0015981189811589136,0.0
0.26525,0.8053449837845648,0.5954575896938934,0.001573903429508361,0.0
0.2655,0.8047512539994521,0.5962194559649845,0.0015499091332755732,0.0
0.26575,0.8041568581231999,0.5969810265363975,0.0015261347119341906,0.0
0.266,0.8035617962616222,0.5977423004399895,0.0015025801996195742,0.0
0.26625,0.8029660682510666,0.5985032759711828,0.0014792449725629098,0.0
0.2665,0.8023696737058366,0.599263950943012,0.00145612793703509,0.0
0.26675,0.8017726125517299,0.6000243234016978,0.0014332283840452487,0.0
0.267,0.8011748844902691,0.6007843909553401,0.0014105451579660144,0.0
0.26725,0.800576489230135,0.6015441519982971,0.0013880775760208852,0.0
0.2675,0.7999774267876916,0.6023036053132245,0.0013658254320270125,0.0
0.26775,0.7993776968617645,0.6030627481169404,0.0013437873210055962,0.0
0.268,0.7987772993938655,0.6038215792769108,0.001321963020596062,0.0
0.26825,0.7981762338441314,0.6045800961642982,0.001300351019430046,0.0
0.2685,0.797574500326931,0.6053382971314392,0.0012789509151502898,0.0
0.26875,0.7969720985277924,0.606096180225677,0.0012577617756326376,0.0
0.269,0.7963690282958957,0.6068537439142716,0.00123678304970265,0.0
0.26925,0.795765289311376,0.6076109864703341,0.0012160139311947482,0.0
0.2695,0.7951608814816211,0.608367905065677,0.001195453122230905,0.0
0.26975,0.7945558045950918,0.6091244982716972,0.0011751000751569762,0.0
0.27,0.7939500584681447,0.6098807643544433,0.0011549540761062183,0.0
0.27025,0.7933436426611529,0.6106367011239655,0.001135013926905959,0.0
0.2705,0.7927365574271228,0.611392306991732,0.001115279341034725,0.0
0.27075,0.7921288022466477,0.6121475798648675,0.0010957491085070714,0.0
0.271,0.791520377121028,0.6129025186153001,0.0010764230181392609,0.0
0.27125,0.7909112816753527,0.6136571201072485,0.0010572993289001964,0.0
0.2715,0.7903015158628506,0.614411383057174,0.0010383776885622975,0.0
0.27175,0.7896910794589651,0.615165305633667,0.001019657265744378,0.0
0.272,0.7890799718500965,0.6159188853682025,0.0010011365269062544,0.0
0.27225,0.7884681932373674,0.6166721208333001,0.0009828152171438287,0.0
0.2725,0.7878557432485636,0.6174250098092529,0.000964692138390344,0.0
0.27275,0.7872426220025162,0.6181775508191123,0.0009467669332434703,0.0
0.273,0.7866288290978147,0.6189297422769471,0.0009290387648901444,0.0
0.27325,0.7860143642231492,0.6196815811894396,0.0009115059936943837,0.0
0.2735,0.7853992273323982,0.6204330667275428,0.0008941685229622021,0.0
0.27375,0.7847834180769659,0.6211841960046769,0.0008770247410732068,0.0
0.274,0.7841669363983641,0.6219349678485031,0.0008600743226370167,0.0
0.27425,0.7835497821992377,0.6226853804971739,0.0008433165432955025,0.0
0.2745,0.7829319550873812,0.6234354317246584,0.0008267501554204415,0.0
0.27475,0.7823134549115096,0.6241851194049843,0.0008103741579605916,0.0
0.275,0.7816942815764989,0.6249344421519538,0.0007941880512558619,0.0
0.27525,0.7810744347009297,0.625683397739536,0.0007781905848405213,0.0
0.2755,0.7804539141281239,0.626431984241492,0.0007623808670278454,0.0
0.27575,0.7798327195899155,0.6271801993049593,0.0007467576481137161,0.0
0.276,0.7792108510460416,0.6279280418602582,0.0007313206562262753,0.0
0.27625,0.7785883082175502,0.6286755096051166,0.0007160686579985587,0.0
0.2765,0.7779650907203255,0.6294226003756194,0.0007010004207503862,0.0
0.27675,0.7773411989808814,0.6301693133285937,0.0006861161693338946,0.0
0.277,0.776716632016381,0.6309156453472298,0.0006714135992800241,0.0
0.27725,0.7760913901288333,0.6316615951505895,0.0006568925562309147,0.0
0.2775,0.7754654728586203,0.6324071608336226,0.0006425518982724476,0.0
0.27775,0.7748388802712931,0.6331523405812902,0.0006283909442292845,0.0
0.278,0.7742116120872495,0.6338971322999782,0.0006144085654942177,0.0
0.27825,0.7735836680819332,0.6346415342203926,0.0006006038778469946,0.0
0.2785,0.7729550480238139,0.6353855443199592,0.0005869758278225223,0.0
0.27875,0.7723257515950728,0.6361291605794435,0.0005735232937165158,0.0
0.279,0.7716957786288958,0.6368723809294039,0.0005602452348112408,0.0
0.27925,0.7710651291814443,0.637615204459351,0.0005471415167490612,0.0
0.2795,0.7704338028407065,0.6383576278337699,0.0005342100963618979,0.0
0.27975,0.7698017992419075,0.639099649768383,0.00052145026988204,0.0
0.28,0.7691691184672429,0.6398412689971167,0.000508861687649409,0.0
0.28025,0.7685357600674152,0.6405824826523627,0.0004964425641222903,0.0
0.2805,0.7679017244446698,0.641323290102207,0.0004841931947836553,0.0
0.28075,0.7672670108991184,0.6420636884158029,0.00047211155342719024,0.0
0.281,0.766631619104853,0.6428036758034068,0.0004601966283814818,0.0
0.28125,0.7659955491267745,0.6435432506073084,0.0004484477894151073,0.0
0.2815,0.7653588008767329,0.6442824112713339,0.0004368643513066317,0.0
0.28175,0.7647213736892446,0.6450211545060967,0.00042544406744426944,0.0
0.282,0.7640832676373002,0.6457594797031163,0.0004141869794398456,0.0
0.28225,0.7634444826936537,0.6464973847100026,0.00040309205452460084,0.0
0.2825,0.7628050183847392,0.6472348675079047,0.00039215800150960156,0.0
0.28275,0.7621648746363547,0.6479719260541543,0.00038138381508323604,0.0
0.283,0.7615240512153889,0.6487085585006156,0.0003707684910854159,0.0
0.28325,0.7608825478029075,0.6494447629188045,0.00036031090487886885,0.0
0.2835,0.7602403644240141,0.6501805378209866,0.00035001047670579766,0.0
0.28375,0.759597500988793,0.6509158811845879,0.00033986618885073483,0.0
0.284,0.7589539570717498,0.6516507909111482,0.00032987671567252796,0.0
0.28425,0.7583097324143893,0.6523852653809001,0.00032004116707073926,0.0
0.2845,0.7576648268762121,0.6531193018761172,0.0003103580232022285,0.0
0.28475,0.7570192402175984,0.653852899508621,0.00030082687932475594,0.0
0.285,0.7563729725115387,0.654586055538374,0.0002914463551251245,0.0
0.28525,0.7557260231842307,0.655318768642033,0.00028221550338614065,0.0
0.2855,0.755078392410482,0.6560510375431221,0.000273133972219064,0.0
0.28575,0.7544300797054753,0.656782859155328,0.00026419972158198135,0.0
0.286,0.7537810848511626,0.6575142317301896,0.00025541178597832115,0.0
0.28625,0.7531314078191826,0.658245153816793,0.00024676953589675144,0.0
0.2865,0.7524810485072528,0.6589756234022275,0.00023827191371195156,0.0
0.28675,0.7518300062026526,0.6597056382247644,0.00022991723514476092,0.0
0.287,0.7511782812849397,0.6604351968468762,0.00022170517759101394,0.0
0.28725,0.7505258731798463,0.6611642969510427,0.00021363411780050967,0.0
0.2875,0.7498727818320461,0.6618929371428806,0.0002057034291298443,0.0
0.28775,0.7492190069992226,0.6626211147686405,0.0001979115085859462,0.0
0.288,0.748564548801788,0.6633488294381635,0.00019025852075071903,0.0
0.28825,0.7479094066185183,0.664076077950952,0.00018274221023384385,0.0
0.2885,0.7472535801542826,0.6648028579069205,0.00017536109154470125,0.0
0.28875,0.7465970696501856,0.665529168586005,0.00016811519315229617,0.0
0.289,0.745939874832203,0.666255008281766,0.00016100350154557574,0.0
0.28925,0.7452819951975727,0.6669803741139475,0.00015402404772446587,0.0
0.2895,0.7446234307428519,0.6677052642738346,0.0001471759447437826,0.0
0.28975,0.7439641812115916,0.66842967737783,0.0001404583983510843,0.0
0.29,0.7433042464920234,0.669153611681935,0.00013387047937363228,0.0
0.29025,0.7426436262840888,0.6698770645755445,0.00012741053564235827,0.0
0.2905,0.741982320453797,0.670600034638241,0.0001210778314848504,0.0
0.29075,0.741320328850513,0.671322520070234,0.00011487136252630314,0.0
0.291,0.7406576511375427,0.6720445184848245,0.00010878958945337303,0.0
0.29125,0.739994287203583,0.6727660280327541,0.00010283149729528596,0.0
0.2915,0.7393302366209085,0.6734870466471818,9.699568765419997e-05,0.0
0.29175,0.738665499748155,0.6742075740063882,9.12825166365927e-05,0.0
0.292,0.7380000759182579,0.6749276065836938,8.56894207355019e-05,0.0
0.29225,0.7373339649563135,0.6756471428147393,8.021551869474841e-05,0.0
0.2925,0.7366671668474432,0.6763661805069745,7.48596203345997e-05,0.0
0.29275,0.7359996813369634,0.6770847191928766,6.962152272582678e-05,0.0
0.293,0.7353315079809697,0.6778027547391474,6.449840074984614e-05,0.0
0.29325,0.7346626468836952,0.6785202870907341,5.94905903594789e-05,0.0
0.2935,0.7339930977850635,0.6792373135488816,5.459636622617836e-05,0.0
0.29375,0.7333228604254636,0.6799538323777767,4.981465315512246e-05,0.0
0.294,0.7326519347625862,0.6806698417262993,4.514445452219462e-05,0.0
0.29425,0.7319803202981312,0.6813853396429153,4.0584368477425414e-05,0.0
0.2945,0.7313080171282422,0.6821003245201211,3.613366042731769e-05,0.0
0.29475,0.7306350247955322,0.6828147934865854,3.179032573563667e-05,0.0
0.295,0.7299613432091547,0.6835287459129944,2.7554154936382247e-05,0.0
0.29525,0.729286972133302,0.6842421786018349,2.342307625213813e-05,0.0
0.2955,0.7286119115886152,0.6849550910755369,1.9397061433501506e-05,0.0
0.29575,0.7279361612374693,0.6856674804493821,1.5474171748408594e-05,0.0
0.296,0.7272597209135157,0.6863793455789278,1.165378237555359e-05,0.0
0.29625,0.726582590260719,0.687090683825673,7.934103528395298e-06,0.0
0.2965,0.7259047689893414,0.6878014932064644,4.313839951031184e-06,0.0
0.29675,0.7252262572410513,0.6885117721961675,7.923219713656948e-07,6.567654660030311
0.297,0.724549083090134,0.6892234459979006,1.6615997355806655e-07,1.465986329408838
0.29725,0.7238715216091766,0.6899348742973421,5.528423541178995e-08,0.5583193682294427
0.2975,0.7231932662848013,0.6906457638054777,3.573106499565881e-08,0.39584250860659526
0.29775,0.7225142626678178,0.6913560624354836,3.2412357908739864e-08,0.3597643608740728
0.298,0.7218345034259173,0.6920657595131274,3.291331074350978e-08,0.35511901975086924
0.29825,0.721153986353247,0.6927748495142845,3.207635890234428e-08,0.3545464001303531
0.2985,0.7204727122745712,0.6934833364127639,3.350722721506827e-08,0.3443976042893736
0.29875,0.7197906818047861,0.6941912137109756,3.340325749334738e-08,0.3498454198833465
0.299,0.7191078960683135,0.6948984831951278,3.406734228050823e-08,0.33830200042076486
0.29925,0.7184243548084979,0.6956051429426964,3.4235167145624246e-08,0.34655761329861534
0.2995,0.717740060619752,0.6963111922033945,3.550307847710599e-08,0.34750094970500933
0.29975,0.7170550106743607,0.6970166282450212,3.4191632192204224e-08,0.33632246033895363
0.3,0.7163692108011267,0.697721452527939,3.575076257256171e-08,0.3296584295470312
0.30025,0.7156826563906389,0.6984256618494129,3.489407518486587e-08,0.3381978021213328
0.3005,0.7149953528608702,0.6991292568779089,3.621764821382101e-08,0.3339812076711711
0.30075,0.7143072973454674,0.6998322348249187,3.597051234649484e-08,0.33165942679955324
0.301,0.7136184924627369,0.7005345962501066,3.6664043800982427e-08,0.3182803117875712
0.30125,0.7129289392416189,0.7012363381189459,3.715332352882683e-08,0.3331762737023488
0.3015,0.7122386368965707,0.7019374608207554,3.739588660955917e-08,0.3238831082263143
0.30175,0.7115475870702516,0.7026379627227031,3.766230327606479e-08,0.32501891144379647
0.302,0.7108557903884858,0.7033378427886064,3.791368397010331e-08,0.3158970018904895
0.30225,0.7101632476167055,0.7040370993739629,3.7780204076298673e-08,0.3205390853527268
0.3025,0.7094699597720857,0.704735732897272,3.852062935294498e-08,0.3146113553698836
0.30275,0.7087759270712956,0.7054337404634854,3.849003848976906e-08,0.31541494462961794
0.303,0.7080811505950062,0.7061311223097235,3.8861168061288254e-08,0.30825633317757317
0.30325,0.7073856310337625,0.7068278768053631,3.921110525162419e-08,0.31221558948497935
0.3035,0.7066893689196754,0.7075240027167077,3.928217973125925e-08,0.31122442297664915
0.30375,0.7059923649152959,0.7082194999136351,3.968830508682686e-08,0.30114957978186857
0.304,0.7052946204177806,0.7089143662398663,4.012576537704149e-08,0.3081301326388106
0.30425,0.7045961352593508,0.7096086007173028,4.001719022816985e-08,0.30089233811716565
0.3045,0.7038969111532772,0.7103022028663765,4.0463975059523705e-08,0.30408521337971794
0.30475,0.7031969480922101,0.7109951716229137,4.09386466948547e-08,0.2943587040408421
0.305,0.7024962470345286,0.7116875053633097,4.119392338353123e-08,0.2987972449962304
0.30525,0.7017948088705879,0.7123792026536506,4.106557716099246e-08,0.2965545763164235
0.3055,0.7010926340421679,0.7130702642436515,4.162834721377351e-08,0.29251037389917023
0.30575,0.7003897234096518,0.7137606870675332,4.153048194233122e-08,0.2903979959034651
0.306,0.6996860780088494,0.7144504714870388,4.198372804964379e-08,0.2911095141537299
0.30625,0.6989816981674721,0.7151396151912621,4.17944938657655e-08,0.28587482590210783
0.3065,0.6982765851659535,0.7158281184264549,4.226049088451589e-08,0.29013555206406616
0.30675,0.6975707391123341,0.7165159796489685,4.257902364024346e-08,0.28211761809490077
0.307,0.6968641608432011,0.7172031981909657,4.308152323773129e-08,0.2763286963127241
0.30725,0.6961568516361751,0.7178897705474014,4.2368295094519226e-08,0.28805370514835243
0.3075,0.695448812166598,0.7185756999524803,4.345306359176959e-08,0.27685900281645676
0.30775,0.6947400424718251,0.7192609826186929,4.3865679533183766e-08,0.2812597208613614
0.308,0.6940305435185545,0.7199456172591544,4.35736615678195e-08,0.26807627944630813
0.30825,0.6933203169021649,0.7206296035443671,4.3666914084639075e-08,0.2792691024309123
0.3085,0.6926093624512499,0.7213129411401256,4.4005671773206245e-08,0.2707127216730971
0.30875,0.6918976812377272,0.7219956284801212,4.4423273504179406e-08,0.27465445711368824
0.309,0.691185274002168,0.7226776640241447,4.453842228357985e-08,0.2642965426374331
0.30925,0.6904721414067208,0.7233590474157126,4.4768473816958476e-08,0.2690749237928784
0.3095,0.6897582842706577,0.724039777189547,4.4836344192944466e-08,0.26486272519874304
0.30975,0.6890437035165095,0.7247198527822963,4.518626917082713e-08,0.26906216602481864
0.31,0.688328399526957,0.7253992730517147,4.546964804674758e-08,0.2569829188351165
0.31025,0.6876123733008191,0.7260780363768049,4.541258991075381e-08,0.2644457283482553
0.3105,0.6868956254938908,0.726756142494059,4.5487743127736735e-08,0.2556523095372554
0.31075,0.6861781571871365,0.7274335906035136,4.60695264159483e-08,0.26102849766094033
0.311,0.6854599686019192,0.728110378905862,4.62130900213964e-08,0.2518483530470234
0.31125,0.6847410608152318,0.7287865067824981,4.6417301557966084e-08,0.25765351196841224
0.3115,0.6840214345421807,0.7294619730522165,4.6521186680692495e-08,0.25206757698962984
0.31175,0.6833010903848953,0.7301367771972456,4.676858234020642e-08,0.25439716534381474
0.312,0.6825800293127025,0.7308109179649355,4.711663970091706e-08,0.2448135903786672
0.31225,0.6818582520318994,0.73148439387964,4.717672963394648e-08,0.2513264565628609
0.3125,0.6811357592296929,0.7321572046474984,4.7409323356006894e-08,0.24606098597780962
0.31275,0.6804125517247772,0.7328293489381286,4.760485095012257e-08,0.24837858630625537
0.313,0.6796886301042224,0.7335008259315545,4.776761253211248e-08,0.2405177109748684
0.31325,0.6789639953588766,0.7341716343916715,4.7869512354026256e-08,0.24311912241559264
0.3135,0.6782386481578889,0.7348417738038296,4.819109866716076e-08,0.24112795213010219
0.31375,0.677512589243326,0.7355112426355878,4.8313270051281165e-08,0.2404604905902511
0.314,0.6767858193208945,0.736180040523891,4.8649805073353036e-08,0.23783182918722223
0.31425,0.6760583392939319,0.736848165904533,4.8862870416499504e-08,0.23830301196662068
0.3145,0.6753301497572992,0.7375156177825332,4.8822182741048437e-08,0.23110050046817607
0.31475,0.6746012516516872,0.738182395720902,4.904113559689449e-08,0.2379039996802898
0.315,0.6738716455676058,0.738848498720272,4.938059516845783e-08,0.22771335185517602
0.31525,0.6731413324609388,0.7395139249733731,4.9348404695948034e-08,0.23508866208280585
0.3155,0.6724103128531034,0.7401786747854341,4.9719163675021605e-08,0.22892285250498606
0.31575,0.671678587661069,0.7408427460431772,4.9743580810002186e-08,0.22804562508847012
0.316,0.6709461575968628,0.741506138683667,5.004977654543552e-08,0.22310302311875893
0.31625,0.6702130235634272,0.7421688508179827,5.003925673818799e-08,0.22972064519013705
0.3165,0.6694791861131493,0.7428308825567779,5.035940175979192e-08,0.2231493189590683
0.31675,0.6687446461048429,0.743492232161471,5.048916773553458e-08,0.22353504555227457
0.317,0.6680094042571212,0.7441528994902065,5.0997816414266595e-08,0.21839489135117277
0.31725,0.6672734615185938,0.74481288197601,5.08022068856917e-08,0.22394826916782803
0.3175,0.6665368184142807,0.7454721805794248,5.115983592318685e-08,0.21778078246040133
0.31775,0.6657994758525096,0.7461307932492451,5.134011082930101e-08,0.2183040904846868
0.318,0.6650614345019679,0.746788719367331,5.151805559933109e-08,0.21329895160505913
0.31825,0.6643226953555974,0.7474459577794583,5.168268746302829e-08,0.2189335213675324
0.3185,0.6635832588374716,0.7481025078567856,5.183548390519377e-08,0.21122030239342127
0.31875,0.6628431260022557,0.7487583684001682,5.196886077030172e-08,0.2149117689859023
0.319,0.6621022974922498,0.7494135388309964,5.22638550215504e-08,0.2047214919338191
0.31925,0.661360774168612,0.7500680176133052,5.232762823048631e-08,0.21563233867403722
0.3195,0.6606185566438137,0.7507218045019715,5.256842472434187e-08,0.20685475517863547
0.31975,0.6598756458701335,0.7513748980646126,5.2727064936419765e-08,0.20923951125077295
0.32,0.6591320423324297,0.752027297728587,5.2879139067485426e-08,0.2032788095650588
0.32025,0.6583877473428856,0.7526790021594252,5.307147232791465e-08,0.20815499867518603
0.3205,0.6576427610256899,0.7533300109320737,5.325020402402458e-08,0.20242102604281928
0.32075,0.6568970845735278,0.7539803226154947,5.3306281611043005e-08,0.20414862724117752
0.321,0.6561507186804295,0.7546299367239876,5.351244536377919e-08,0.19759644980431038
0.32125,0.6554036641265171,0.7552788521216058,5.3706296077038473e-08,0.20396478465022713
0.3215,0.6546559215404028,0.7559270679137888,5.380632450702194e-08,0.1969118736783776
0.32175,0.6539074919695413,0.7565745832369397,5.402702085710587e-08,0.2002247898351127
0.322,0.653158375904545,0.7572213971911248,5.4189169595986186e-08,0.19290903985574662
0.32225,0.6524085744004289,0.7578675086347992,5.42977571793557e-08,0.1982064191591265
0.3225,0.6516580878349111,0.7585129172088714,5.4506680946531105e-08,0.1923739984170674
0.32275,0.6509069173280148,0.7591576214081768,5.4583788378081977e-08,0.19640840470852045
0.323,0.6501550638763529,0.75980162066165,5.4922065784168694e-08,0.18969170385606873
0.32325,0.6494025275918709,0.7604449138995886,5.495923005582881e-08,0.1922630305243961
0.3235,0.6486493098760693,0.761087500416277,5.524629731468167e-08,0.18983605867476697
0.32375,0.6478954110055765,0.7617293791229409,5.531055147223185e-08,0.1900927588358619
0.324,0.6471408321034452,0.7623705492848828,5.549623516287738e-08,0.18296659344256994
0.32425,0.6463855738805933,0.7630110098698406,5.5651767416620146e-08,0.19076642780646672
0.3245,0.6456296370888912,0.7636507600852844,5.5833181411557575e-08,0.18416015593382487
0.32475,0.6448730224037486,0.7642897990478379,5.59763633223298e-08,0.18595867285684817
0.325,0.6441157307695685,0.7649281257543569,5.609744269108319e-08,0.17913561986598242
0.32525,0.6433577631385248,0.7655657393806852,5.635204902709745e-08,0.1859121143051272
0.3255,0.6425991196908983,0.7662026391335577,5.642137157479965e-08,0.17997442023827148
0.32575,0.641839801774475,0.7668388239944011,5.656350499094742e-08,0.18258394990947685
0.326,0.6410798100509231,0.7674742930865961,5.670184743955531e-08,0.1754818552286207
0.32625,0.640319145337223,0.7681090456169102,5.6921954483257764e-08,0.18118596958110242
0.3265,0.6395578081169657,0.7687430806977881,5.7022050192756524e-08,0.17557365451347068
0.32675,0.638795799347783,0.7693763974001442,5.707039729685448e-08,0.17711488252893925
0.327,0.6380331202281824,0.7700089949030627,5.7369865968937006e-08,0.1724114622160367
0.32725,0.6372697709561024,0.7706408722567328,5.7483529047885895e-08,0.17701033877658023
0.3275,0.6365057525530149,0.7712720286746402,5.762448584967217e-08,0.1732995015143424
0.32775,0.6357410657600018,0.7719024632688953,5.774712397155213e-08,0.1729732651881468
0.328,0.6349757113046018,0.7725321751738794,5.781283340944299e-08,0.1670849561114431
0.32825,0.6342096906260863,0.773161163412476,5.8146683024062895e-08,0.17378733626080367
0.3285,0.633443003354233,0.7737894273106732,5.8158103444228004e-08,0.1681579805064227
0.32875,0.6326756512406274,0.774416965876216,5.835483629645921e-08,0.16946817487204502
0.329,0.6319076344227654,0.7750437782933117,5.8356472099063694e-08,0.1620112036987221
0.32925,0.6311389543305665,0.7756698637264198,5.8583420114999285e-08,0.17157832838898193
0.3295,0.6303696114811644,0.7762952212669195,5.8820383230795414e-08,0.162804129556303
0.32975,0.629599606351078,0.7769198501055073,5.890269649810875e-08,0.16722462077723788
0.33,0.6288289401904742,0.7775437493070232,5.9053747225590314e-08,0.1621960430685127
0.33025,0.6280576138105758,0.778166918093506,5.9340288016684895e-08,0.1631525804716974
0.3305,0.6272856271764535,0.7787893556213519,5.9245636840898896e-08,0.16067830367573036
0.33075,0.6265129822490335,0.7794110610414022,5.950012926803083e-08,0.16203567265815885
0.331,0.6257396789103025,0.7800320334302551,5.94700517719815e-08,0.15645250565248756
0.33125,0.624965719091854,0.7806522719906095,5.990204754446893e-08,0.16275138973925304
0.3315,0.6241911019613031,0.7812717759238971,5.981147110922791e-08,0.15812186607741766
0.33175,0.6234158297334895,0.7818905443444183,6.004875108267527e-08,0.15791030561052916
0.332,0.6226399023113011,0.7825085763461597,6.000275831752333e-08,0.154866916715449
0.33225,0.6218633213985783,0.7831258712304221,6.034563782009172e-08,0.15716266021165778
0.3325,0.6210860869184257,0.7837424280072305,6.04111538571317e-08,0.1527181630246681
0.33275,0.6203081998420495,0.7843582459934305,6.042458555732821e-08,0.15491832583320908
0.333,0.6195296614223688,0.784973324298447,6.062113300231431e-08,0.14796735985647097
0.33325,0.618750472083903,0.7855876620821549,6.075987757370171e-08,0.15610976058521314
0.3335,0.6179706327721641,0.786201258507587,6.092386950484752e-08,0.15265723608045478
0.33375,0.6171901442798894,0.7868141127657798,6.11218142765324e-08,0.14908590454303522
0.334,0.6164090073326061,0.7874262239516323,6.124374563043489e-08,0.1478420049727642
0.33425,0.6156272229508417,0.7880375912935573,6.146495645786842e-08,0.152101221584992
0.3345,0.6148447912164813,0.7886482140258985,6.138613706241358e-08,0.14565433601785605
0.33475,0.6140617141393728,0.789258091223403,6.166669508367306e-08,0.14666099400503257
0.335,0.6132779911103278,0.7898672222919337,6.161574517271617e-08,0.1448422705751506
0.33525,0.6124936248344568,0.790475605980129,6.205625036059814e-08,0.14896959131509785
0.3355,0.6117086138276169,0.7910832418084566,6.185053869067758e-08,0.1445215808701411
0.33575,0.6109229606289335,0.7916901289302494,6.203460611864386e-08,0.14575054434223672
0.336,0.6101366653542178,0.7922962663010297,6.20020566000079e-08,0.1392691931035036
0.33625,0.6093497293459293,0.792901653518161,6.240289351922002e-08,0.14500485978758035
0.3365,0.6085621526580555,0.7935062894051867,6.248669515152017e-08,0.1409618780759481
0.33675,0.6077739363501771,0.7941101733346522,6.255008822009245e-08,0.14088480494181288
0.337,0.6069850812843005,0.794713304328458,6.24891807188277e-08,0.13938147283447685
0.33725,0.6061955887082107,0.7953156818148912,6.275498765084819e-08,0.13891994357821566
0.3375,0.6054054588580188,0.7959173048582568,6.28939578195542e-08,0.1401032756707807
0.33775,0.6046146929562032,0.7965181726577403,6.315627287811765e-08,0.13912893901791482
0.338,0.6038232909516182,0.7971182843945448,6.300587052088247e-08,0.13369592310429146
0.33825,0.6030312548688528,0.7977176393072245,6.320529521985918e-08,0.13826430461551328
0.3385,0.6022385852756766,0.7983162365099115,6.35350965172421e-08,0.1358466937773678
0.33875,0.601445282337414,0.7989140754340299,6.37862691554858e-08,0.13375290999032122
0.339,0.6006513463743126,0.799511154940282,6.338760694113432e-08,0.13489564191629227
0.33925,0.5998567802691426,0.800107474466266,6.376582240008588e-08,0.13440335126027364
0.3395,0.5990615827294676,0.8007030331914272,6.363214133386919e-08,0.13276838906922991
0.33975,0.5982657562549406,0.8012978303482222,6.401403007672002e-08,0.13095812436408297
0.34,0.5974693001954544,0.8018918650631434,6.396524421248273e-08,0.12974592967405196
0.34025,0.5966722165943494,0.8024851366991665,6.433934518490503e-08,0.13366309277121557
0.3405,0.5958745054297294,0.8030776442417973,6.445103761798521e-08,0.1293308271420869
0.34075,0.595076167759419,0.8036693869354405,6.446620948175052e-08,0.12819343473864628
0.341,0.5942772041431384,0.8042603641790369,6.437678923276735e-08,0.12829660912502017
0.34125,0.593477616355436,0.8048505750888317,6.466787461079093e-08,0.12892475565028935
0.3415,0.5926774042888161,0.8054400188545384,6.47634619266313e-08,0.12777130349261387
0.34175,0.5918765690115783,0.8060286948928549,6.49677960318229e-08,0.12763258392650811
0.342,0.5910751113529616,0.8066166019055477,6.486528247862111e-08,0.1258487027497458
0.34225,0.5902730324814129,0.8072037396979255,6.512855743601165e-08,0.12474817922794013
0.3425,0.5894703326613749,0.8077901071828079,6.517515993564871e-08,0.12346465435041186
0.34275,0.5886670130822875,0.808375703564457,6.520227424644531e-08,0.12491433965636
0.343,0.5878630741843595,0.8089605284261818,6.527052431870572e-08,0.12428289264759314
0.34325,0.5870585173746932,0.8095445805225836,6.533782714868153e-08,0.1216518377841247
0.3435,0.5862533431947046,0.8101278593670481,6.546479980329423e-08,0.12206674463199646
0.34375,0.5854475524004444,0.8107103642122128,6.56263827725212e-08,0.12207936316918165
0.344,0.5846411462214955,0.8112920940300373,6.584541134557753e-08,0.11973755586549122
0.34425,0.5838341247576082,0.8118730483375352,6.592417989281785e-08,0.12218552965490154
0.3445,0.5830264891528342,0.8124532262584847,6.595584811641686e-08,0.11872590157539945
0.34475,0.5822182405415424,0.8130326270377006,6.612355485380306e-08,0.11953507385714843
0.345,0.5814093793070183,0.813611249823443,6.609271641089265e-08,0.11503629850152042
0.34525,0.5805999066968326,0.814189093961236,6.619089232273723e-08,0.12069877341939568
0.3455,0.5797898234953925,0.8147661587306491,6.642075556229088e-08,0.11784586262481726
0.34575,0.5789791301678453,0.815342443308955,6.651546335945113e-08,0.11547324487990195
0.346,0.578167827702475,0.8159179470150623,6.662573426297058e-08,0.11585501543181563
0.34625,0.5773559174078287,0.8164926688653864,6.683837616705546e-08,0.11642270928059163
0.3465,0.5765433991645974,0.8170666083761587,6.6821791433469e-08,0.11608701550943798
0.34675,0.575730274808862,0.8176397644463389,6.686767384245229e-08,0.11235263256624484
0.347,0.5749165440870381,0.8182121369819675,6.68847883744661e-08,0.11262908070612249
0.34725,0.5741022093404737,0.8187837245173597,6.715206413154817e-08,0.11607160242313516
0.3475,0.5732872700623447,0.8193545266550277,6.718280798345688e-08,0.11118792971539075
0.34775,0.5724717277054518,0.8199245426837319,6.735859381379328e-08,0.1124027071653541
0.348,0.5716555826841436,0.8204937717097556,6.731422175221269e-08,0.11208415716027503
0.34825,0.5708388366377335,0.8210622130946916,6.759293458280524e-08,0.11038550321258801
0.3485,0.5700214895220512,0.8216298658390243,6.747779335292137e-08,0.11145017306886214
0.34875,0.5692035427804338,0.8221967295985223,6.763814908161692e-08,0.10933885496338057
0.349,0.5683849969567262,0.8227628033883023,6.770243565767942e-08,0.10811194516601619
0.34925,0.5675658531336509,0.8233280865996164,6.791355500190832e-08,0.11083117718274554
0.3495,0.566746111648364,0.8238925784383003,6.793712303831967e-08,0.1081365414775812
0.34975,0.5659257738553571,0.8244562780583908,6.797183749185365e-08,0.10743395809536996
0.35,0.5651048401725555,0.8250191849595563,6.796888785132182e-08,0.10662888933702613
0.35025,0.5642833124387252,0.8255812982390118,6.834941368438763e-08,0.1066744950768223
0.3505,0.5634611900919667,0.8261426169891318,6.817275122195099e-08,0.10723794375494623
0.35075,0.5626384749955616,0.8267031410978293,6.852317202543645e-08,0.10572469780733264
0.351,0.5618151674319954,0.8272628690582402,6.843955357993536e-08,0.10552326194347185
0.35125,0.5609912688219083,0.827821800713398,6.871539137698335e-08,0.10297166402944963
0.3515,0.5601667790742869,0.8283799350438299,6.85808378975139e-08,0.10567874560721159
0.35175,0.559341699931017,0.8289372713738867,6.857724987874292e-08,0.10370542011563344
0.352,0.5585160319378758,0.8294938092636468,6.876917035825159e-08,0.10235361475963915
0.35225,0.5576897762378366,0.8300495475854461,6.898350357609218e-08,0.10372761678257202
0.3525,0.5568629328609104,0.8306044859417394,6.903049554196627e-08,0.10122533511454744
0.35275,0.5560355035069787,0.8311586232718585,6.909971284052574e-08,0.10140660257720015
0.353,0.5552074884270275,0.83171195918681,6.912990246910056e-08,0.10234238488044849
0.35325,0.5543788891321881,0.8322644926630964,6.92315977879332e-08,0.10122680528380563
0.3535,0.5535497058747169,0.8328162232799573,6.931613616423249e-08,0.1002813152826039
0.35375,0.5527199399451432,0.8333671502031847,6.952536768523032e-08,0.10031291282437499
0.354,0.5518895914070904,0.8339172726994926,6.940502017549477e-08,0.0981562147929932
0.35425,0.5510586624311529,0.8344665900358237,6.966321097756634e-08,0.09871876201389279
0.3545,0.5502271526107034,0.8350151015966161,6.968224219860986e-08,0.10050718269731226
0.35475,0.5493950634970398,0.835562806609225,6.979179834054605e-08,0.09671146182257909
0.355,0.5485623955864011,0.8361097041308981,6.959667220307608e-08,0.09736707936666816
0.35525,0.5477291502311985,0.8366557940033843,6.982620970319431e-08,0.09783609474761035
0.3555,0.5468953280099348,0.8372010750652409,6.99447422203292e-08,0.09542899195376339
0.35575,0.5460609296619834,0.8377455469191784,7.014310887676345e-08,0.09717767538909332
0.356,0.5452259556536202,0.8382892086933249,7.006503954798404e-08,0.09410139562858237
0.35625,0.544390408150548,0.8388320596701853,7.040842020522575e-08,0.09774292860436652
0.3565,0.5435542866116143,0.8393740991359816,7.039709837286523e-08,0.09525654257207154
0.35675,0.5427175924299117,0.8399153262260005,7.018112180290359e-08,0.09390198188540741
0.357,0.5418803270359884,0.8404557406772756,7.043300631615068e-08,0.09257461495708962
0.35725,0.5410424902932434,0.8409953417488651,7.057299988844079e-08,0.09322025953983891
0.3575,0.5402040838553273,0.8415341282295089,7.059448403623492e-08,0.09621568982027197
0.35775,0.5393651078568209,0.8420721000173845,7.060054163510188e-08,0.09016810057034313
0.358,0.5385255642506938,0.842609256121492,7.092656861829028e-08,0.09463059455707307
0.35825,0.5376854527198986,0.8431455957749066,7.087060982513549e-08,0.09092901623698575
0.3585,0.5368447745726627,0.8436811185090666,7.085733888523293e-08,0.09312613554718221
0.35875,0.536003530751375,0.8442158235229119,7.083220188164319e-08,0.0889127293280427
0.359,0.5351617225203525,0.8447497101459726,7.102132526526361e-08,0.09213613663391261
0.35925,0.534319350377217,0.8452827777994827,7.131596779785809e-08,0.09063987081654859
0.3595,0.5334764147408501,0.8458150255229453,7.124256362622816e-08,0.09044052975551027
0.35975,0.5326329168958022,0.8463464528233425,7.118378997361674e-08,0.08806627774132338
0.36,0.5317888578589339,0.8468770591250635,7.130761026097332e-08,0.09090911562951495
0.36025,0.5309442386590391,0.8474068434412452,7.143813829380008e-08,0.08800222121904502
0.3605,0.5300990594846307,0.847935805488344,7.154782588614239e-08,0.08922711428982313
0.36075,0.5292533216574277,0.8484639443262877,7.16535686340336e-08,0.08805125227793972
0.361,0.5284070257498473,0.848991259144705,7.148295311232289e-08,0.08582053967047977
0.36125,0.5275601732217439,0.8495177496179167,7.16428203428876e-08,0.087648459838039
0.3615,0.5267127643339463,0.850043414887208,7.165270399234203e-08,0.08881364764026503
0.36175,0.5258648004687934,0.8505682542997602,7.179731009721024e-08,0.08483622298302568
0.362,0.525016282069113,0.8510922671603749,7.182892813872854e-08,0.0883218375088877
0.36225,0.5241672104311661,0.8516154528761142,7.203428697977188e-08,0.08493963688699667
0.3625,0.523317585943375,0.8521378106505624,7.204896501633584e-08,0.08599100755773334
0.36275,0.5224674098123765,0.8526593399528989,7.216248087971167e-08,0.08344444166190366
0.363,0.5216166825007877,0.8531800399940047,7.205364704887529e-08,0.08854851344584994
0.36325,0.5207654060316642,0.8536999100813709,7.229612974946065e-08,0.0824201039529732
0.3635,0.5199135793690408,0.8542189497982378,7.210336350205182e-08,0.08365440443262998
0.36375,0.5190612051684348,0.8547371582766847,7.22249025031374e-08,0.08196459182855899
0.364,0.5182082836789146,0.8552545349613115,7.242266519824625e-08,0.08529867109992517
0.36425,0.5173548158014398,0.8557710791366482,7.265981993853643e-08,0.08414733504120107
0.3645,0.5165008018590531,0.8562867899754495,7.250374967071593e-08,0.0826700486862484
0.36475,0.515646243535373,0.8568016671542116,7.265518608967625e-08,0.07904420921040946
0.365,0.5147911412004686,0.8573157097096484,7.258671685939078e-08,0.08619000543896413
0.36525,0.5139354965042386,0.8578289172526077,7.292091708244186e-08,0.08029585927471505
0.3655,0.5130793090661621,0.8583412890248978,7.291836401357443e-08,0.08157510630490324
0.36575,0.5122225807838765,0.8588528242277819,7.297446336096414e-08,0.08000117831021487
0.366,0.5113653120658597,0.8593635223939443,7.300276783084314e-08,0.08285810497977361
0.36625,0.5105075042855276,0.8598733826734666,7.308107119463614e-08,0.07866690533983786
0.3665,0.5096491575612707,0.8603824047410251,7.309542837674599e-08,0.08166681225756772
0.36675,0.5087902736748355,0.8608905876247089,7.322346262661483e-08,0.08048825918395196
0.367,0.5079308522702088,0.8613979308937996,7.30180271801828e-08,0.07702543917437048
0.36725,0.5070708959368062,0.8619044338551021,7.33026168653339e-08,0.07937991145811357
0.3675,0.5062104041969487,0.8624100957159833,7.325504203237188e-08,0.0800730904856979
0.36775,0.5053493787430774,0.862914916162318,7.356571463112971e-08,0.07877443619624172
0.368,0.5044878192112119,0.8634188940245877,7.314556071946754e-08,0.07758650399072842
0.36825,0.5036257284537768,0.8639220293944092,7.36167731218984e-08,0.07599681271175633
0.3685,0.5027631056719928,0.8644243208715277,7.346957198173243e-08,0.07975909279571243
0.36875,0.5018999524621195,0.8649257684961139,7.364503273876721e-08,0.07767989654846953
0.369,0.5010362697836646,0.8654263709379062,7.357673914576424e-08,0.07627773148071595
0.36925,0.5001720584630078,0.8659261282264588,7.380619138075417e-08,0.07736217475599393
0.3695,0.49930731924132826,0.8664250392460499,7.384023770207193e-08,0.07720513120801292
0.36975,0.49844205315341183,0.8669231035273973,7.389067890883894e-08,0.07402215931398519
0.37,0.4975762603306048,0.8674203205875295,7.370637833403748e-08,0.07887260015769237
0.37025,0.49670994351463094,0.8679166895898316,7.402743729123529e-08,0.07367492505226134
0.3705,0.4958431016626739,0.8684122099814999,7.395570400525742e-08,0.07532418277490502
0.37075,0.4949757366335582,0.8689068812110016,7.403587876098072e-08,0.07534385021047371
0.371,0.49410784909167843,0.8694007024897904,7.40118701880732e-08,0.07702094337293947
0.37125,0.4932394403699618,0.8698936733525695,7.423764736280702e-08,0.07252367568626229
0.3715,0.49237051074612653,0.8703857929298308,7.419324310475872e-08,0.07526056747512276
0.37175,0.4915010613745445,0.8708770607804235,7.416292380213463e-08,0.07200309245795973
0.372,0.49063109276904254,0.8713674766343886,7.426396053666906e-08,0.07429056175343227
0.37225,0.48976060685579625,0.8718570392115694,7.44252581785787e-08,0.07331243031707639
0.3725,0.4888896033884897,0.872345748289526,7.443008120944228e-08,0.07416249346203403
0.37275,0.48801808407424346,0.8728336031192964,7.455885153717645e-08,0.07001721001275603
0.373,0.4871460492521828,0.8733206030590005,7.45146704339561e-08,0.07784521811924025
0.37325,0.4862735005985783,0.873806747616424,7.478219132828201e-08,0.06951413739291219
0.3735,0.4854004377124252,0.8742920359258171,7.450735917124973e-08,0.0729036200475947
0.37375,0.4845268629257514,0.8747764678386507,7.479046515435073e-08,0.07131423251505009
0.374,0.48365277586166416,0.8752600421368592,7.448005212573605e-08,0.07253477793764436
0.37425,0.4827781786891805,0.8757427588800919,7.477467578453911e-08,0.06968107775903695
0.3745,0.4819030713711041,0.8762246169716843,7.479203634197518e-08,0.07171367265623978
0.37475,0.4810274554774611,0.8767056159472217,7.49782562703416e-08,0.07084792252418962
0.375,0.48015133097222384,0.8771857551506241,7.483678143849204e-08,0.0701686840722928
0.37525,0.4792746999884443,0.8776650341349992,7.509609845079979e-08,0.0697291033431944
0.3755,0.4783975623505808,0.8781434521562191,7.511390709424859e-08,0.07208923064097726
0.37575,0.47751991941998434,0.878621008617485,7.511343480537391e-08,0.06883751034768192
0.376,0.4766417721529145,0.8790977028530331,7.506127253087413e-08,0.07002362259388842
0.37625,0.4757631219618972,0.8795735343794568,7.529984746845741e-08,0.06987832345518336
0.3765,0.47488396845218717,0.8800485026739793,7.527580248023469e-08,0.06902476487904255
0.37675,0.4740043134023488,0.8805226069460814,7.523357492544847e-08,0.06813054163924619
0.377,0.47312415799378027,0.8809958465727806,7.52779041324203e-08,0.06976917492101624
0.37725,0.472243502461815,0.8814682212497758,7.534532020514462e-08,0.06792509313799108
0.3775,0.47136234833391233,0.8819397300692386,7.54507281097716e-08,0.06946191510080528
0.37775,0.4704806962315644,0.8824103726778202,7.566797077807053e-08,0.06705956241161753
0.378,0.46959854630384806,0.8828801481934287,7.538236612703031e-08,0.06675029821107115
0.37825,0.4687159010849058,0.8833490563482087,7.564055004571912e-08,0.06833323967176082
0.3785,0.4678327601589131,0.8838170963382873,7.562887138767849e-08,0.06969859402839543
0.37875,0.46694912503206826,0.8842842677097283,7.574356941653093e-08,0.0645347494347986
0.379,0.4660649962391154,0.8847505697963184,7.573713545205862e-08,0.0689152153839756
0.37925,0.46518037544562674,0.8852160019805559,7.593108408698868e-08,0.06623422230022263
0.3795,0.46429526257250914,0.8856805636102635,7.580213168267846e-08,0.06674493617086287
0.37975,0.46340965924674943,0.8861442543024605,7.5858223258507e-08,0.06590688170726502
0.38,0.4625235659665689,0.8866070733844681,7.582489858215524e-08,0.06585100834606727
0.38025,0.46163698407132614,0.8870690203056135,7.592421247260006e-08,0.06484750747171364
0.3805,0.4607499144441686,0.8875300942516923,7.59313603104772e-08,0.0678005444152477
0.38075,0.4598623578128863,0.8879902951088229,7.617033781492921e-08,0.06413655622707959
0.381,0.45897431459283666,0.8884496219382227,7.608906460454534e-08,0.06511546919182501
0.38125,0.4580857865343333,0.8889080741339512,7.604265150895628e-08,0.0650549179446166
0.3815,0.457196774290528,0.8893656514749412,7.622255226991115e-08,0.06606189519235278
0.38175,0.45630727900993256,0.8898223527891301,7.620031294841567e-08,0.06502708593298283
0.382,0.45541730070498754,0.8902781781741395,7.615723807141705e-08,0.06308657758106986
0.38225,0.4545268415545394,0.8907331266055944,7.62630587569646e-08,0.06475412036854879
0.3825,0.4536359014520129,0.8911871977386784,7.624974629472092e-08,0.06401089552294748
0.38275,0.452744482068738,0.8916403910032983,7.64560992294605e-08,0.06237574935679526
0.383,0.4518525835985683,0.8920927054798542,7.623753051078097e-08,0.06437664357692963
0.38325,0.45096020772954404,0.8925441412657449,7.653163680565456e-08,0.06374330064109363
0.3835,0.45006735513736995,0.8929946970824335,7.658884437766744e-08,0.06546832839297212
0.38375,0.44917402647953586,0.8934443726751122,7.656432887692688e-08,0.06097466524584029
0.384,0.44828022239445975,0.8938931676156274,7.644996036226814e-08,0.062378076487908024
0.38425,0.4473859450697688,0.8943410811471981,7.663675183344765e-08,0.0633916926710093
0.3845,0.4464911941447274,0.8947881128931946,7.671187152169523e-08,0.06390365378218128
0.38475,0.4455959712367804,0.8952342620794801,7.679171742935864e-08,0.060832486147856836
0.385,0.44470027693718933,0.8956795281741611,7.674914748179162e-08,0.06343685500100602
0.38525,0.4438041124252905,0.8961239107111982,7.677696278740598e-08,0.062363979244405364
0.3855,0.4429074786610455,0.8965674091334642,7.688708558717394e-08,0.06151718188061298
0.38575,0.44201037612267874,0.8970100229041387,7.689529479826263e-08,0.06209765070026456
0.386,0.44111280617616166,0.8974517512694684,7.6814618887866e-08,0.06034210602738961
0.38625,0.44021476986301167,0.8978925939152305,7.690667969129095e-08,0.06156634896781867
0.3865,0.4393162676211937,0.8983325503209659,7.698139059542086e-08,0.061864516194246856
0.38675,0.4384173008577651,0.8987716196593544,7.699825066431742e-08,0.06051521554967289
0.387,0.4375178700494194,0.8992098016021618,7.695498704940462e-08,0.060408979485988896
0.38725,0.43661797684362824,0.8996470955453173,7.711307126179179e-08,0.060736997318935254
0.3875,0.4357176214575384,0.900083500901292,7.712166749662686e-08,0.06150266566667618
0.38775,0.4348168049272101,0.9005190172268667,7.711717175951094e-08,0.05811131673082354
0.388,0.43391552883328666,0.9009536437820115,7.720337436012414e-08,0.0638993864229028
0.38825,0.43301379353716385,0.9013873802544143,7.733767781736844e-08,0.05875492356473486
0.3885,0.43211159975408686,0.9018202259252359,7.726493689297342e-08,0.05901598071462399
0.38875,0.43120894881861566,0.9022521804587749,7.73419317479096e-08,0.05824167291528291
0.389,0.4303058415242599,0.9026832429793478,7.720280392753409e-08,0.06211687343710389
0.38925,0.42940227938419184,0.9031134133269418,7.743568652962551e-08,0.057308430889444456
0.3895,0.4284982624847853,0.9035426906642239,7.740260965505286e-08,0.06117815369786415
0.38975,0.4275937919928692,0.9039710746443187,7.73722197422444e-08,0.057495746248262626
0.39,0.4266888692406549,0.9043985645941701,7.738692908709766e-08,0.05974187132286487
0.39025,0.4257834949788233,0.9048251602380759,7.75981177092433e-08,0.05885984452911134
0.3905,0.42487766988237413,0.9052508606263251,7.751468600325495e-08,0.05961561281377015
0.39075,0.42397139520193333,0.9056756655598949,7.756841324813024e-08,0.05646827385105166
0.391,0.42306467172816276,0.9060995743151711,7.751929320676254e-08,0.060235094949797056
0.39125,0.42215750038312905,0.9065225865876005,7.756159958738351e-08,0.05732817603656453
0.3915,0.42124988263437235,0.9069447016116702,7.77004738328202e-08,0.05851887746592809
0.39175,0.42034181861550035,0.9073659190011509,7.772089172242147e-08,0.05711151279220173
0.392,0.419433309504403,0.9077862381019849,7.760458187178187e-08,0.058095227196447885
0.39225,0.4185243567461754,0.9082056585877218,7.774027577234222e-08,0.05699638266288758
0.3925,0.41761496064194076,0.908624179769231,7.770663579265147e-08,0.05820537664548049
0.39275,0.41670512290182005,0.9090418012863942,7.796931345005476e-08,0.056351153548450605
0.393,0.41579484350640145,0.9094585223098566,7.784426725443438e-08,0.05873030100474871
0.39325,0.4148841240875569,0.9098743426718645,7.793622547325185e-08,0.05793503125020863
0.3935,0.41397296542922624,0.910289261664224,7.800372969768432e-08,0.05603241126469206
0.39375,0.4130613684197869,0.9107032787587532,7.801138202090385e-08,0.05716453621146361
0.394,0.4121493336978704,0.911116393436839,7.782847255555225e-08,0.05402549565493242
0.39425,0.41123686298502804,0.9115286054429497,7.800926460355129e-08,0.05871466146834926
0.3945,0.4103239568644971,0.9119399139148373,7.80839661818078e-08,0.05548490901910302
0.39475,0.4094106160923351,0.9123503184368681,7.80604769712312e-08,0.057021917391175056
0.395,0.40849684192302077,0.9127598186346861,7.818755021204993e-08,0.05547168379568059
0.39525,0.40758263496464053,0.9131684138699114,7.8207201603675e-08,0.05672382418441642
0.3955,0.40666799631177014,0.9135761036319948,7.817582048375016e-08,0.05523056187127934
0.39575,0.40575292733337415,0.9139828874837015,7.83263203185669e-08,0.056962297592874335
0.396,0.4048374278413272,0.9143887648153437,7.810085289605695e-08,0.05493699559943315
0.39625,0.4039215005076642,0.9147937352015489,7.826817927103491e-08,0.05552178851668374
0.3965,0.40300514503867135,0.9151977981752762,7.835625392971224e-08,0.05489937447516062
0.39675,0.4020883623864139,0.9156009531679026,7.830427684041297e-08,0.05576984728980637
0.397,0.40117115404992776,0.9160031995855389,7.824634473685421e-08,0.05435377827363493
0.39725,0.40025352088414934,0.9164045371697522,7.836272986061488e-08,0.05561495037181228
0.3975,0.3993354636527704,0.9168049652116077,7.838371218760187e-08,0.054327823994017865
0.39775,0.39841698335590564,0.9172044833465601,7.844872218498722e-08,0.05560249984488101
0.398,0.39749808100185896,0.9176030909836896,7.849148775385117e-08,0.05388278445902003
0.39825,0.3965787575245088,0.9180007875967107,7.847392913262752e-08,0.05518038445175469
0.3985,0.39565901410228826,0.9183975727893684,7.857289596735484e-08,0.05304825142094594
0.39875,0.39473885121528196,0.9187934459769029,7.851443317719031e-08,0.05654134636990783
0.399,0.3938182701060674,0.9191884069196057,7.864236595267471e-08,0.052805402144057566
0.39925,0.39289727186181267,0.9195824547254698,7.863768480831368e-08,0.054750290583258546
0.3995,0.39197585748723257,0.9199755891447013,7.873749274800446e-08,0.053353454237448854
0.39975,0.3910540273912475,0.9203678096200069,7.866181883642298e-08,0.05448559496947442
0.4,0.3901317827701218,0.9207591157393031,7.857220540863352e-08,0.05234239699469678
0.40025,0.38920912559925114,0.9211495069084936,7.876374419346632e-08,0.05537293481503456
0.4005,0.388286055312307,0.9215389827421391,7.87317011585742e-08,0.053114933479607336
0.40075,0.38736257360776877,0.9219275427259035,7.87343252817152e-08,0.053544249870155276
0.401,0.3864386817201003,0.9223151863006557,7.880518815284177e-08,0.05255827117211879
0.40125,0.38551437995477045,0.9227019131680088,7.885790420658623e-08,0.05342666959002313
0.4015,0.384589669887619,0.9230877226193936,7.89174601223408e-08,0.05317902208352195
0.40175,0.38366455196925797,0.9234726143258691,7.892381037599705e-08,0.053105894786519184
0.402,0.3827390272769907,0.9238565877345162,7.885069730484418e-08,0.051644520427756045
0.40225,0.381813097399359,0.9242396424041761,7.896854281597143e-08,0.05586984432862092
0.4025,0.3808867625285289,0.9246217778699635,7.89904348597048e-08,0.05049887286504207
0.40275,0.3799600238140003,0.9250029936283867,7.895910325572686e-08,0.05395622304442248
0.403,0.37903288249176753,0.9253832892412415,7.900847553976575e-08,0.05085325306297211
0.40325,0.37810533965438253,0.925762664170116,7.91232503960515e-08,0.05346001071698836
0.4035,0.37717739536450323,0.926141117994979,7.900746701317019e-08,0.05131782204614212
0.40375,0.37624905167713013,0.9265186502742664,7.909699095698386e-08,0.05372528138041232
0.404,0.37532030878072187,0.9268952604849708,7.90463761113358e-08,0.05033470228770967
0.40425,0.3743911684283532,0.9272709481082781,7.910138322131388e-08,0.05289152510435662
0.4045,0.3734616308563104,0.9276457128668383,7.916103661465002e-08,0.0517527512830378
0.40475,0.3725316973822207,0.9280195541254517,7.919683708834668e-08,0.052899097739649084
0.405,0.3716013688748894,0.9283924713880347,7.913983401941493e-08,0.049787476165313184
0.40525,0.37067064636968183,0.9287644643575481,7.916673738783686e-08,0.053642827237676424
0.4055,0.36973953097972556,0.9291355324191204,7.918643163407069e-08,0.05056890861885148
0.40575,0.36880802352077385,0.9295056752957425,7.931014378570467e-08,0.05286823978449347
0.406,0.36787612466586855,0.9298748922551882,7.91728844706796e-08,0.04972380046853276
0.40625,0.3669438361955315,0.9302431830823599,7.929654377569761e-08,0.051389576990812806
0.4065,0.36601115831544473,0.9306105471973265,7.92831573726005e-08,0.051197843620183474
0.40675,0.36507809249985884,0.9309769842363192,7.94005405868603e-08,0.051718440632799324
0.407,0.3641446388072936,0.9313424936356964,7.921182265668847e-08,0.05008318937704481
0.40725,0.36321080000320194,0.931707075047032,7.94658276959126e-08,0.05130355305244806
0.4075,0.36227657523478346,0.9320707279309883,7.941481983131382e-08,0.050947979017283755
0.40775,0.3613419664729046,0.9324334518699415,7.945029700806572e-08,0.0524832211332349
0.408,0.3604069742243505,0.9327952464010365,7.938895785208899e-08,0.049154083920431385
0.40825,0.3594716004707905,0.9331561110724378,7.958843051270037e-08,0.05012724060034089
0.4085,0.35853584447283926,0.9335160454894433,7.94790471214668e-08,0.05036607150442509
0.40875,0.35759970863608814,0.9338750491653934,7.953513736502771e-08,0.052755866565973586
0.409,0.3566631930845791,0.9342331215708669,7.937066381913382e-08,0.04642956533805224
0.40925,0.35572630004548245,0.9345902624566991,7.961146208934622e-08,0.05208505622239962
0.4095,0.3547890287265374,0.934946471281246,7.953298353235994e-08,0.05123630277278459
0.40975,0.35385138187040427,0.9353017475255256,7.968794513146804e-08,0.050878306715434175
0.41,0.3529133587627424,0.9356560908614463,7.95796584185382e-08,0.04784094376511656
0.41025,0.3519749617050323,0.9360095007611884,7.959123093925768e-08,0.051111241978501386
0.4105,0.3510361914403473,0.9363619768773375,7.972128668320977e-08,0.04951017156537987
0.41075,0.35009704845917955,0.9367135187081913,7.973525195659192e-08,0.04972432709238095
0.411,0.3491575337968471,0.9370641258244561,7.965712112145695e-08,0.049747574315495695
0.41125,0.34821764927903587,0.9374137977814376,7.977021465599421e-08,0.05059229280962509
0.4115,0.34727739475584973,0.9377625342141647,7.974208804384375e-08,0.04806887054583233
0.41175,0.3463367718790879,0.9381103346288093,7.974649873787598e-08,0.05075219552542997
0.412,0.3453957815784468,0.938457198613376,7.978072247283308e-08,0.049362868311322056
0.41225,0.3444544248408121,0.9388031256827638,7.979206784192172e-08,0.048545879981271266
0.4125,0.34351270250968896,0.939148115508724,7.982454564015029e-08,0.04983839068302622
0.41275,0.3425706157519568,0.9394921676047457,7.98836661264346e-08,0.049455853606919
0.413,0.3416281647991418,0.9398352816030617,7.976496485539997e-08,0.04867791001917105
0.41325,0.3406853522974771,0.9401774569380921,7.990231387644542e-08,0.04914294195066824
0.4135,0.33974217759449155,0.9405186933518086,7.989041694855814e-08,0.04822547015921796
0.41375,0.3387986423909402,0.940858990346873,7.990123762624535e-08,0.05020702889064956
0.414,0.33785474788184294,0.9411983474662613,7.996975925905758e-08,0.04877195510448186
0.41425,0.3369104948090538,0.941536764298784,8.001934959089851e-08,0.04883038842167208
0.4145,0.33596588391610027,0.9418742405043099,8.004054530275084e-08,0.048628380972414675
0.41475,0.33502091626584524,0.9422107756157783,8.001104334631748e-08,0.049214971056895415
0.415,0.33407559275290966,0.9425463691951576,7.987808792186968e-08,0.04719804455713878
0.41525,0.33312991547101234,0.9428810208395624,8.002058637934795e-08,0.049597836984879656
0.4155,0.33218388388790077,0.9432147301471171,7.99406714158124e-08,0.04816452431620597
0.41575,0.33123750026623083,0.9435474967240878,8.007845364588206e-08,0.04833285459708497
0.416,0.33029076433006477,0.9438793201394413,7.999431295147019e-08,0.047806943638186494
0.41625,0.3293436784211039,0.9442101999566508,8.010905783173428e-08,0.05038045865600366
0.4165,0.328396242497651,0.9445401357708622,8.008430429917723e-08,0.04600444491527168
0.41675,0.32744845777729725,0.944869127225955,8.004273088779712e-08,0.04811877553500823
0.417,0.3265003261588523,0.9451971738855702,8.02515496278744e-08,0.04994733460770072
0.41725,0.32555184732559894,0.9455242752413278,8.018387087638246e-08,0.0476883958375539
0.4175,0.32460302288526927,0.9458504310490916,8.019100028455739e-08,0.04733704081668112
0.41775,0.3236538534346769,0.9461756408429484,8.008383645119466e-08,0.047732194509835624
0.418,0.3227043410533761,0.9464999042444345,8.023470554618939e-08,0.04627884305702913
0.41825,0.3217544858768733,0.9468232207936333,8.030795695113113e-08,0.04894092188939088
0.4185,0.32080428859825966,0.9471455901127723,8.022655051398431e-08,0.04863970247296037
0.41875,0.31985375100092844,0.9474670118538564,8.029031661749286e-08,0.04742278788771176
0.419,0.31890287349415164,0.9477874855418347,8.023626696385122e-08,0.04788715216207733
0.41925,0.3179516580176269,0.9481070107751282,8.035855025845251e-08,0.04767234379335063
0.4195,0.3170001040612064,0.9484255872404853,8.025363418262543e-08,0.04742652344612954
0.41975,0.3160482137730795,0.9487432145166723,8.026028797125662e-08,0.04764680669866896
0.42,0.3150959880215223,0.949059892173941,8.03002326854596e-08,0.04634393634639481
0.42025,0.3141434276805981,0.9493756198432186,8.035380205662079e-08,0.04758266373870869
0.4205,0.3131905335414486,0.9496903971687004,8.038720733516413e-08,0.0476562498857571
0.42075,0.31223730664517235,0.9500042237087638,8.036275778167123e-08,0.04758929705140263
0.421,0.3112837480682899,0.9503170990984082,8.032512499589473e-08,0.04582670623614016
0.42125,0.3103298596157984,0.9506290229074181,8.048153365969313e-08,0.0477689887484517
0.4215,0.30937564046332655,0.950939994863928,8.037194709764606e-08,0.04644019954412583
0.42175,0.30842109347809227,0.9512500144879675,8.048278710148793e-08,0.04855889460569754
0.422,0.30746621841793953,0.9515590813808634,8.041330712416084e-08,0.04592960067962165
0.42225,0.30651101711557516,0.951867195205298,8.046060928634802e-08,0.04795716099390093
0.4225,0.3055554901156421,0.9521743555790008,8.048104449542848e-08,0.04606150180024655
0.42275,0.3045996384903519,0.95248056215308,8.052394684376907e-08,0.04716647455869444
0.423,0.3036434630574768,0.9527858144847993,8.047049648851612e-08,0.0464209945521858
0.42325,0.3026869655321178,0.9530901121987139,8.05369959611113e-08,0.04740931207037586
0.4235,0.30173014605396264,0.9533934549516582,8.049119926134551e-08,0.04636647025942971
0.42375,0.3007730065788132,0.9536958423884957,8.063777734435007e-08,0.04719276715577476
0.424,0.2998155467066991,0.9539972740935062,8.051243538531594e-08,0.04543751328985624
0.42425,0.2988577692071246,0.954297749685824,8.063544010283863e-08,0.04703495420040022
0.4245,0.297899673383528,0.9545972688403345,8.053971600752163e-08,0.04677254999823578
0.42475,0.2969412614197447,0.9548958311658806,8.05557602845397e-08,0.047284952096891625
0.425,0.29598253399519986,0.9551934362916832,8.058246336872799e-08,0.04496951553009331
0.42525,0.29502349214031653,0.9554900838240558,8.06003810360778e-08,0.04661315242152447
0.4255,0.29406413659130815,0.9557857734625009,8.059124811943263e-08,0.04662232178667721
0.42575,0.2931044688911681,0.9560805047953307,8.066683077068149e-08,0.046668456109895395
0.426,0.29214448917139313,0.9563742774553171,8.056569389403023e-08,0.04506455085562182
0.42625,0.29118419989093525,0.9566670910893609,8.071974844092722e-08,0.04683252682952739
0.4265,0.29022360036858774,0.9569589453591099,8.065685941360812e-08,0.04587094606496714
0.42675,0.2892626928224674,0.9572498398713277,8.069629053863991e-08,0.04685793790784554
0.427,0.2883014776622381,0.9575397742639616,8.065985102057027e-08,0.044066856662547185
0.42725,0.2873399564557886,0.9578287482174876,8.074394375334748e-08,0.04770709031547049
0.4275,0.28637812956418207,0.958116761338282,8.072501578304525e-08,0.04598741176513519
0.42775,0.2854159982413681,0.9584038132835976,8.068432544305892e-08,0.0465417517013461
0.428,0.28445356409958356,0.9586899036895794,8.078264213118302e-08,0.044775061634087406
0.42825,0.2834908272683805,0.9589750321915165,8.075601209966976e-08,0.04568138793803508
0.4285,0.2825277890880731,0.9592591984965377,8.075360402592935e-08,0.046355358532699946
0.42875,0.2815644507658679,0.9595424022085353,8.078560242985589e-08,0.04597129230736359
0.429,0.2806008128636745,0.9598246429982753,8.074325741347366e-08,0.04485106786395738
0.42925,0.27963687744622945,0.960105920459233,8.08643709770962e-08,0.04640789758362563
0.4295,0.27867264407074077,0.9603862343065313,8.079942537264628e-08,0.04568582037304038
0.42975,0.27770811483275365,0.9606655841842336,8.083999514241214e-08,0.04546158004655279
0.43,0.2767432901998575,0.9609439697421323,8.082720204249938e-08,0.04527571235241363
0.43025,0.27577817173229846,0.961221390617889,8.089269543098965e-08,0.04552902617032986
0.4305,0.27481275960439216,0.961497846520972,8.085292080295403e-08,0.04567659223753999
0.43075,0.27384705565176115,0.9617733370600305,8.088435965447616e-08,0.047351377521121514
0.431,0.2728810603681626,0.962047861851002,8.079986546505324e-08,0.04287363906042857
0.43125,0.2719147754700444,0.9623214206669966,8.089673242395179e-08,0.04553289033552563
0.4315,0.270948200972899,0.9625940131473166,8.087875014162194e-08,0.04558889567252172
0.43175,0.26998133872537144,0.962865638910157,8.092690095828914e-08,0.04650657565641633
0.432,0.26901418929117776,0.9631362976162031,8.091291525680333e-08,0.04430296682000474
0.43225,0.26804675400575917,0.9634059889364011,8.092577119533928e-08,0.04541001662958948
0.4325,0.2670790334417019,0.9636747125822629,8.088732705857637e-08,0.044978199770282216
0.43275,0.26611102927493907,0.9639424681931404,8.094402215164109e-08,0.04498107599183796
0.433,0.2651427418434922,0.9642092554690433,8.094222248011818e-08,0.04587146350283146
0.43325,0.26417417296071477,0.9644750739809498,8.099501491720673e-08,0.04455604655471152
0.4335,0.26320532278049996,0.9647399235223415,8.098893689023612e-08,0.04506753625274453
0.43375,0.26223619279526333,0.965003803717261,8.100026493984558e-08,0.045458606446842416
0.434,0.261266783909471,0.9652667142305036,8.09878721863555e-08,0.04407833861541568
0.43425,0.2602970973612244,0.9655286547266044,8.099641934933288e-08,0.046167199479319986
0.4345,0.2593271341514651,0.9657896249082459,8.104380788687138e-08,0.04451753883549819
0.43475,0.2583568948538286,0.9660496244689248,8.102752824257209e-08,0.044974523991550226
0.435,0.2573863810679594,0.9663086530694204,8.107804583268319e-08,0.04434958712199974
0.43525,0.2564155936020569,0.9665667103486975,8.109829585656314e-08,0.045813147749550656
0.4355,0.25544453302667736,0.9668237960296325,8.101117954240067e-08,0.044070728646221836
0.43575,0.25447320134075124,0.9670799098211992,8.109019122848338e-08,0.045331804640095404
0.436,0.2535015985917293,0.9673350513821808,8.106056093026837e-08,0.04401152769426923
0.43625,0.2525297265128401,0.9675892203666914,8.107123239398106e-08,0.045605205915303516
0.4365,0.2515575859541767,0.9678424165023761,8.111612270766955e-08,0.043833624823608926
0.43675,0.2505851773040373,0.968094639487742,8.104469517711266e-08,0.04569709062587585
0.437,0.2496125025234907,0.9683458889844315,8.106454107981165e-08,0.04433183289626396
0.43725,0.2486395624734854,0.9685961646405492,8.109169069570044e-08,0.043875087357571334
0.4375,0.24766635766896036,0.9688454662511212,8.109817772883332e-08,0.044685494016210976
0.43775,0.24669288942002024,0.9690937934470103,8.109395421840304e-08,0.045239051389142054
0.438,0.2457191589647831,0.9693411459183496,8.112632654544427e-08,0.04410905241219117
0.43825,0.2447451672527876,0.9695875233511448,8.116589755857717e-08,0.044428388118968654
0.4385,0.2437709149077276,0.9698329254826141,8.115255489826723e-08,0.04440876031613122
0.43875,0.24279640336225944,0.9700773519796617,8.115475758074808e-08,0.045201231488463396
0.439,0.24182163319795133,0.9703208025624493,8.108397686612534e-08,0.04420980634410159
0.43925,0.24084660641130284,0.9705632768740844,8.111819749245797e-08,0.04359716489353302
0.4395,0.23987132315695722,0.9708047747344646,8.116014860171106e-08,0.04452424140380388
0.43975,0.23889578472302792,0.9710452957372367,8.11659210953053e-08,0.044770765878713974
0.44,0.23791999221513077,0.9712848396281168,8.119352901125865e-08,0.04418737548110693
0.44025,0.23694394641768213,0.9715234060650171,8.113807536958006e-08,0.04438702756128397
0.4405,0.23596764904891054,0.9717609948298328,8.123516481717274e-08,0.043925577299647946
0.44075,0.23499110022925085,0.9719976056017128,8.124120509656052e-08,0.04429838470666245
0.441,0.2340143010854939,0.9722332380813117,8.117129901563658e-08,0.04404061448289041
0.44125,0.23303725359969718,0.9724678919460135,8.121560313156806e-08,0.04426768262699946
0.4415,0.2320599578243356,0.9727015669846757,8.121993477772094e-08,0.04422213560011615
0.44175,0.23108241524526812,0.9729342628492903,8.123083583555513e-08,0.04450429301686369
0.442,0.23010462693637973,0.9731659792696128,8.127265416213447e-08,0.044117027326330834
0.44225,0.22912659377546873,0.9733967159160901,8.126568573629811e-08,0.04374945926177304
0.4425,0.22814831649726175,0.9736264725871147,8.122147776568056e-08,0.044120578118421745
0.44275,0.2271697969286327,0.9738552489511003,8.127309958361195e-08,0.044413848134389235
0.443,0.2261910352002922,0.9740830447432087,8.12305867015084e-08,0.04291306753072769
0.44325,0.22521203347107388,0.9743098596508522,8.131651640930215e-08,0.04478137893029649
0.4435,0.22423279145915276,0.9745356934546552,8.129135142809218e-08,0.043356792098943886
0.44375,0.22325331089230194,0.9747605458383404,8.127371375898917e-08,0.04510934128203262
0.444,0.22227359313907916,0.9749844165238637,8.133566464785247e-08,0.04327527692744685
0.44425,0.22129363860527462,0.9752073051897021,8.129125816935812e-08,0.04403824037653328
0.4445,0.22031344866230387,0.9754292116833643,8.133335027693533e-08,0.04381098791165105
0.44475,0.21933302429891643,0.975650135621852,8.134352036393011e-08,0.043994772170361636
0.445,0.2183523660867436,0.9758700767619984,8.124757067129451e-08,0.0433682831381556
0.44525,0.21737147640653376,0.9760890348509159,8.135567108880082e-08,0.04392166278180449
0.4455,0.2163903546205195,0.9763070096370989,8.13196610049971e-08,0.0439293542619314
0.44575,0.21540900289607226,0.9765240008197303,8.135282314469805e-08,0.04445342601282189
0.446,0.21442742177442378,0.9767400081151282,8.133078033267793e-08,0.04267906692708145
0.44625,0.21344561276830376,0.9769550312793438,8.137602680591272e-08,0.04412396273894157
0.4465,0.21246357629308094,0.977169070041551,8.134855433716837e-08,0.04386992825132286
0.44675,0.21148131354042635,0.9773821241742143,8.131603856931235e-08,0.043767654106697376
0.447,0.21049882617983473,0.977594193377631,8.1374371463383e-08,0.04330641891684902
0.44725,0.2095161144340878,0.977805277369626,8.132972117991244e-08,0.043355567481767186
0.4475,0.20853317998094564,0.9780153759586577,8.13822567113931e-08,0.044360040271662904
0.44775,0.20755002324531222,0.9782244888456555,8.136323348395536e-08,0.043765845870980535
0.448,0.2065666460366599,0.9784326157708236,8.142948226819158e-08,0.04309000629616025
0.44825,0.20558304859760312,0.978639756436757,8.137463658464128e-08,0.043456554007961154
0.4485,0.20459923238943453,0.9788459107016548,8.13958456191699e-08,0.0437374537109383
0.44875,0.20361519857334068,0.979051078197068,8.14044478492093e-08,0.04383643871893348
0.449,0.20263094756085195,0.9792552587529787,8.135238283024648e-08,0.04338386823112081
0.44925,0.20164648168404398,0.97945845204816,8.14320622044562e-08,0.04309522233893806
0.4495,0.20066180045306908,0.9796606578958658,8.139501073145539e-08,0.04410363985442887
0.44975,0.19967690577860261,0.9798618760142164,8.138370488630642e-08,0.04311301924663561
0.45,0.19869179879211982,0.9800621061510628,8.141024943064679e-08,0.04369953396600591
0.45025,0.1977064804669979,0.9802613480725086,8.14717864283665e-08,0.04344922527456155
0.4505,0.1967209513793895,0.9804596015314193,8.147337760000539e-08,0.04339924399115516
0.45075,0.19573521288067983,0.9806568662732059,8.146511154549785e-08,0.04300843349674377
0.451,0.19474926542220972,0.980853142106036,8.138088380960085e-08,0.044178466756459506
0.45125,0.19376311204005248,0.9810484286763597,8.149789687550424e-08,0.043247507563594224
0.4515,0.19277675122144253,0.9812427258543069,8.142673890709773e-08,0.04234876152978945
0.45175,0.1917901855803106,0.9814360333731916,8.144411389743311e-08,0.044098547053948375
0.452,0.19080341574136536,0.9816283509810801,8.145420027361183e-08,0.04342870211586628
0.45225,0.1898164427249469,0.9818196784349804,8.144545748933751e-08,0.04346001205156826
0.4525,0.1888292677281305,0.9820100154974496,8.1444018418253e-08,0.04264254615518246
0.45275,0.18784189152621528,0.9821993619752473,8.143836138785332e-08,0.04323583706122516
0.453,0.1868543154690902,0.982387717615767,8.146586583102078e-08,0.04287811989626106
0.45325,0.1858665404694264,0.982575082129943,8.144436525192589e-08,0.043880280045450276
0.4535,0.18487856774777672,0.9827614553643572,8.148116603656774e-08,0.042958667309231494
0.45375,0.18389039771254453,0.9829468370874451,8.145554186711479e-08,0.04363517854883806
0.454,0.18290203262633722,0.9831312269896643,8.151052099947265e-08,0.04271323688274589
0.45425,0.18191347217865683,0.9833146249220452,8.147283558912477e-08,0.04398648564286682
0.4545,0.18092471810032623,0.9834970306350829,8.144385055253167e-08,0.042389028386349746
0.45475,0.1799357713756657,0.9836784439247482,8.14313816377421e-08,0.04306370220479199
0.455,0.17894663361032168,0.9838588645746414,8.154128128268212e-08,0.04309556231981496
0.45525,0.17795730490092154,0.9840382922623139,8.1503062077104e-08,0.04384508257059305
0.4555,0.17696778664349108,0.9842167269009431,8.151054764482524e-08,0.04249354758319434
0.45575,0.17597807998629839,0.9843941682002245,8.151113473076066e-08,0.043682829040833225
0.456,0.17498818596019225,0.9845706159332382,8.149239416610499e-08,0.042349935809375606
0.45625,0.1739981060517266,0.9847460698910382,8.153771346997019e-08,0.04369557394330331
0.4565,0.17300783996893057,0.9849205299144446,8.146882946036271e-08,0.04279442516962669
0.45675,0.1720173902652519,0.9850939957389246,8.149727093176296e-08,0.04343741228919291
0.457,0.17102675743483797,0.9852664671459935,8.152050767762375e-08,0.04305821071278456
0.45725,0.1700359423668374,0.9854379439214855,8.150838848308695e-08,0.042520371478736864
0.4575,0.16904494627099048,0.9856084258907355,8.152328434540834e-08,0.042821410764996716
0.45775,0.16805376985982862,0.9857779128293427,8.149313446281781e-08,0.04346385206457638
0.458,0.16706241490626428,0.9859464045184685,8.152860075938406e-08,0.04300872216635786
0.45825,0.16607088187127061,0.9861139007239812,8.150328034695065e-08,0.04288916383458416
0.4585,0.16507917196470304,0.9862804013129062,8.151524633071006e-08,0.04298411738181354
0.45875,0.16408728638972678,0.9864459060024232,8.15118397223813e-08,0.042794997276098395
0.459,0.1630952256198094,0.9866104146663044,8.147399355173945e-08,0.04234864816908284
0.45925,0.16210299186790422,0.9867739270555833,8.154460839904232e-08,0.043455068362850374
0.4595,0.1611105850973655,0.9869364429679444,8.154431374585158e-08,0.04281425613950427
0.45975,0.1601180066299166,0.9870979622172769,8.153031605395711e-08,0.043250794734274206
0.46,0.15912525789348494,0.9872584845632763,8.152091912627668e-08,0.04255124959433203
0.46025,0.15813233971831409,0.9874180098703578,8.154055985976072e-08,0.042964230446634284
0.4605,0.15713925294118986,0.987576537925995,8.153840136415624e-08,0.04305363450182335
0.46075,0.15614599896883716,0.9877340685108803,8.154551300876278e-08,0.04341027037110905
0.461,0.1551525783794006,0.9878906014527752,8.150824770680742e-08,0.04183595186763025
0.46125,0.15415899306089642,0.9880461365468411,8.15433409684374e-08,0.04319991064263508
0.4615,0.15316524313906776,0.9882006736072119,8.151179531346031e-08,0.04232415507231412
0.46175,0.15217133028772362,0.9883542124767869,8.154106923008442e-08,0.04317060785289852
0.462,0.1511772552978564,0.9885067529303481,8.155414343846701e-08,0.04293399650979816
0.46225,0.1501830196556213,0.9886582947514948,8.158690389947765e-08,0.04296905748232665
0.4625,0.14918862331825766,0.9888088378087643,8.152815467177277e-08,0.04238742225988106
0.46275,0.14819406869884538,0.9889583818780415,8.15421727917709e-08,0.04309547775499112
0.463,0.14719935584901997,0.9891069268416727,8.154426889284139e-08,0.04210356287853342
0.46325,0.14620448654901708,0.9892544724249612,8.154992170439357e-08,0.04321454361831854
0.4635,0.14520946142674748,0.989401018507177,8.155543929078135e-08,0.043073290122430524
0.46375,0.1442142816719775,0.9895465648727153,8.15447744884068e-08,0.04249682316050445
0.464,0.14321894799760967,0.9896911114220355,8.154665964710262e-08,0.042499316335023525
0.46425,0.14222346231886007,0.989834657838474,8.154608321930823e-08,0.04280415406257335
0.4645,0.14122782486576793,0.9899772040910134,8.156808473103183e-08,0.043015338097833665
0.46475,0.14023203682547436,0.9901187498932931,8.152123598392791e-08,0.04249932736835159
0.465,0.13923609974431295,0.9902592951555014,8.155693609346315e-08,0.042382909796440896
0.46525,0.1382400142941549,0.9903988396386829,8.155484554350778e-08,0.04285765324375247
0.4655,0.1372437811930588,0.9905373832261553,8.15223404337928e-08,0.042723765059647666
0.46575,0.13624740215368092,0.9906749257011813,8.150333075107596e-08,0.04307988423521769
0.466,0.1352508784274804,0.9908114669390072,8.156661301939039e-08,0.04156816041130076
0.46625,0.1342542103581863,0.9909470067018549,8.154512975977468e-08,0.04357483748329385
0.4665,0.13325739907997242,0.9910815449426447,8.156772590695027e-08,0.04234597023846565
0.46675,0.1322604455154479,0.9912150813805111,8.150205577095448e-08,0.04306057133399104
0.467,0.13126335177141854,0.9913476158782699,8.15128951003885e-08,0.04189668775012518
0.46725,0.13026611812115618,0.9914791483342293,8.155595865311227e-08,0.04293197318635071
0.4675,0.12926874557753903,0.9916096785043449,8.154333719367912e-08,0.04225749673707264
0.46775,0.12827123530356857,0.9917392063130245,8.157234243633127e-08,0.042640784131605776
0.468,0.12727358801366165,0.9918677315230504,8.152127328742154e-08,0.042657191736243424
0.46825,0.1262758059352933,0.9919952540024068,8.156395048253273e-08,0.04294310708242822
0.4685,0.125277888734615,0.9921217736023306,8.153081498818437e-08,0.042435362557986085
0.46875,0.12427983823665573,0.9922472901858512,8.153664388110826e-08,0.04282939893932596
0.469,0.12328165555061121,0.9923718035589753,8.154709307817143e-08,0.042077033813459015
0.46925,0.12228334142034214,0.9924953135869767,8.154051434061671e-08,0.0427261515585271
0.4695,0.12128489683962647,0.9926178201217754,8.151234864861578e-08,0.04257276161303449
0.46975,0.12028632363097327,0.9927393230212622,8.156268127557098e-08,0.04263399709276677
0.47,0.11928762152844528,0.9928598221364573,8.153137232014274e-08,0.042477933408034484
0.47025,0.11828879297104322,0.9929793172756778,8.153990549431e-08,0.042719521403260456
0.4705,0.11728983796230344,0.9930978083379711,8.150744923440811e-08,0.0420380346338051
0.47075,0.11629075817166377,0.9932152952009295,8.152860164756248e-08,0.042706312070773765
0.471,0.11529155493154424,0.9933317776432399,8.155720276903367e-08,0.04239862087661396
0.47125,0.11429222811403861,0.9934472555683374,8.15017631161652e-08,0.042393573673674
0.4715,0.11329278016887,0.9935617288690407,8.15558112154946e-08,0.04274214825183119
0.47175,0.11229321131476362,0.9936751973285837,8.154668762472284e-08,0.04228703440500544
0.472,0.1112935225374666,0.9937876608714559,8.152957531315508e-08,0.04248836261760486
0.47225,0.11029371566711887,0.9938991192955893,8.1526100315088e-08,0.042678510665515805
0.4725,0.10929379093699007,0.9940095725343429,8.151363939390421e-08,0.04220100304308218
0.47275,0.10829375010944525,0.9941190203990198,8.15159335587623e-08,0.042639665763330684
0.473,0.1072935936743054,0.9942274628320857,8.154653330372241e-08,0.042220759519281205
0.47325,0.10629332317067508,0.9943348995894152,8.154607566979166e-08,0.042759186146957825
0.4735,0.10529293917841241,0.9944413306032135,8.152635611047288e-08,0.04210416220162929
0.47375,0.10429244317151576,0.9945467557391241,8.152694719321119e-08,0.04263903567559428
0.474,0.10329183568974452,0.99465117487792,8.150308850041199e-08,0.04220267417926425
0.47425,0.10229111890485854,0.994754587853024,8.153072039718268e-08,0.04270496745989192
0.4745,0.1012902926542255,0.9948569945702255,8.151563690717012e-08,0.041993549567719064
0.47475,0.10028935857825953,0.9949583949161661,8.152909281022858e-08,0.04281390712087981
0.475,0.09928831738912171,0.9950587887160869,8.148554120346319e-08,0.042213696315071624
0.47525,0.09828717088755923,0.9951581758859751,8.149688746073025e-08,0.042287447183895335
0.4755,0.09728591959303814,0.995256556306247,8.151081321017273e-08,0.04266638184450294
0.47575,0.0962845645953918,0.9953539298513544,8.152492636526176e-08,0.04230845033832271
0.476,0.09528310676349502,0.9954502963628089,8.148165053789569e-08,0.042110343739181495
0.47625,0.09428154815417855,0.9955456557646825,8.151713681847639e-08,0.042798699418607894
0.4765,0.09327988839770536,0.9956400079435026,8.149860986073065e-08,0.04197913025397442
0.47675,0.09227812947230361,0.9957333527662285,8.149498764709051e-08,0.042679431322011664
0.477,0.0912762722034223,0.995825690119674,8.148483576775334e-08,0.04195579152993
0.47725,0.09027431802228136,0.995917019886702,8.149719543659728e-08,0.04272871108144259
0.4775,0.08927226751373701,0.9960073419497769,8.14824487882504e-08,0.042396545987435454
0.47775,0.08827012170337109,0.9960966562474283,8.148641428284975e-08,0.04243636474519867
0.478,0.08726788193343817,0.9961849626024869,8.146622998417286e-08,0.04181857872935029
0.47825,0.08626554954835086,0.9962722609500223,8.14886709221696e-08,0.042658513191320635
0.4785,0.08526312487523291,0.9963585511531285,8.145972230089171e-08,0.04230529729469666
0.47875,0.08426060954168695,0.9964438331348857,8.145643692891724e-08,0.042230859361410335
0.479,0.08325800420034325,0.9965281068180818,8.147092400712097e-08,0.04257642848033808
0.47925,0.0822553105971906,0.9966113719921599,8.145276453319639e-08,0.042182782793214246
0.4795,0.08125252926564255,0.9966936286629807,8.146471852654713e-08,0.0423689408491488
0.47975,0.08024966093329547,0.9967748766835242,8.143367846713545e-08,0.042192149432623845
0.48,0.07924670768526516,0.9968551159897204,8.147691321624961e-08,0.04237948426314866
0.48025,0.07824366973486718,0.9969343464118534,8.145460084207912e-08,0.042381079045497205
0.4805,0.07724054854644495,0.9970125678999259,8.144507668284007e-08,0.04228700911748481
0.48075,0.0762373451839995,0.9970897803732798,8.146276653242523e-08,0.04210821519374848
0.481,0.0752340603320025,0.997165983706039,8.144723273595389e-08,0.04221587320521564
0.48125,0.07423069567255425,0.9972411778188301,8.145875618481568e-08,0.042452390278364
0.4815,0.07322725165625314,0.9973153626287031,8.146017171917208e-08,0.042202542041617164
0.48175,0.07222372953475567,0.9973885380022094,8.142304386282717e-08,0.042520817599921636
0.482,0.07122013070371583,0.9974607039010869,8.142214968920314e-08,0.04220136540064062
0.48225,0.07021645633999896,0.9975318602106396,8.143811958127856e-08,0.042217610068660136
0.4825,0.06921270666794778,0.9976020068501817,8.141790353022316e-08,0.04225606778971772
0.48275,0.06820888341747643,0.99767114373371,8.140799079292549e-08,0.04217420246420338
0.483,0.06720498729751767,0.9977392708002777,8.140736129647053e-08,0.04228606666309379
0.48325,0.06620102038930042,0.9978063879063748,8.142367247110371e-08,0.042343042608703904
0.4835,0.06519698222276614,0.9978724950266795,8.141085983126573e-08,0.04222645252666235
0.48375,0.06419287491262092,0.9979375920579587,8.141598883959489e-08,0.04231630509977279
0.484,0.06318869900412799,0.9980016789108297,8.139533114182029e-08,0.042238427174615366
0.48425,0.062184456560622436,0.9980647555184512,8.142291951784841e-08,0.042278008916741175
0.4845,0.061180146670557094,0.9981268218038645,8.137545393083201e-08,0.042169965079681515
0.48475,0.060175772453211505,0.9981878776930667,8.138186147199633e-08,0.04225210088768221
0.485,0.059171333780171,0.998247923120704,8.137805829200317e-08,0.04202679144400864
0.48525,0.0581668327966085,0.9983069579889507,8.140336738016174e-08,0.04243455028398485
0.4855,0.05716226891806802,0.998364982235324,8.137079676728831e-08,0.04206543208342748
0.48575,0.05615764473398793,0.9984219957915783,8.137125040441617e-08,0.042414297552288094
0.486,0.05515296043919835,0.9984779986024825,8.136921025858612e-08,0.04211743728736971
0.48625,0.054148217866206494,0.9985329905647811,8.13721623416086e-08,0.04239115064867085
0.4865,0.05314341721706354,0.9985869716317437,8.135307849599371e-08,0.04209615117766028
0.48675,0.05213856040982496,0.9986399417399313,8.135996787395072e-08,0.0422435177352148
0.487,0.05113364729761729,0.9986919008354522,8.134013973482013e-08,0.04221468513463074
0.48725,0.05012868049076502,0.9987428488230758,8.134148599125979e-08,0.04237671858400814
0.4875,0.04912366021335777,0.9987927856546048,8.133421802725138e-08,0.04206879703244052
0.48775,0.04811858755609192,0.998841711290477,8.134103768320244e-08,0.04206461608456674
0.488,0.04711346327723797,0.9988896256446088,8.132119799775239e-08,0.04221270249006687
0.48825,0.04610828937821765,0.998936528658434,8.131877060613135e-08,0.04240487472257917
0.4885,0.04510306619958775,0.9989824202961494,8.13206750827078e-08,0.042104405397399805
0.48875,0.04409779488017514,0.9990273004758494,8.130467521461071e-08,0.04227057675421416
0.489,0.0430924768089135,0.9990711691712699,8.131338424810508e-08,0.04218580356614462
0.48925,0.04208711290261391,0.9991140262886773,8.129962125735801e-08,0.04210439009318276
0.4895,0.0410817039613509,0.9991558718130641,8.128944273266825e-08,0.042265284390302756
0.48975,0.04007625160033953,0.9991967056878126,8.129985218374713e-08,0.04217156531281763
0.49,0.0390707562240308,0.9992365278383,8.127912631827883e-08,0.042040363552948726
0.49025,0.038065219720913035,0.999275338237507,8.128103945459486e-08,0.042369857511073715
0.4905,0.03705964247718319,0.9993131368408166,8.128158146547548e-08,0.04214399344747459
0.49075,0.03605402559946774,0.9993499235912063,8.127183526163151e-08,0.04208435685140831
0.491,0.035048370667755194,0.9993856984526885,8.127911299560253e-08,0.042258882611812834
0.49125,0.034042678283633165,0.9994204613577848,8.126266193286824e-08,0.04232875264788981
0.4915,0.033036949590618425,0.9994542122913186,8.125255335222903e-08,0.04207391165092892
0.49175,0.032031185798433635,0.9994869512030459,8.124440342704986e-08,0.04215207571411731
0.492,0.031025388121945094,0.9995186780593819,8.124884254279152e-08,0.04213043284808082
0.49225,0.030019557455268853,0.9995493928018966,8.124022188304991e-08,0.0421838026149781
0.4925,0.029013694720312167,0.9995790954102204,8.123121575387415e-08,0.042232999868621425
0.49275,0.028007800875993496,0.9996077858479059,8.121882788536539e-08,0.04214935981395043
0.493,0.02700187778794898,0.9996354640798968,8.12251497173122e-08,0.042097821601629885
0.49325,0.025995925536243192,0.9996621300608555,8.121114314363354e-08,0.04227339465996041
0.4935,0.024989946190766957,0.9996877837695792,8.121437189423375e-08,0.04212372326808618
0.49375,0.023983939737041684,0.9997124251761427,8.120843397740884e-08,0.04214184480928838
0.494,0.02297790773893509,0.9997360542374211,8.11931299971036e-08,0.042267801598734764
0.49425,0.021971852049837537,0.9997586709339867,8.119509242732192e-08,0.0421028873698146
0.4945,0.02096577222210125,0.9997802752408319,8.118274807955572e-08,0.04228405442120844
0.49475,0.01995967050311583,0.9998008671234848,8.117372929383748e-08,0.042093036112579495
0.495,0.018953547472716523,0.9998204465703331,8.117094707493777e-08,0.04206770569990285
0.49525,0.01794740450964838,0.9998390135448276,8.116746008646203e-08,0.04218445699232448
0.4955,0.016941242139105563,0.9998565680292083,8.115817817788695e-08,0.042220804454480676
0.49575,0.01593506219152309,0.9998731099977403,8.115179728207522e-08,0.04210079012404741
0.496,0.014928865033334475,0.9998886394412683,8.114744387555106e-08,0.042139247175662566
0.49625,0.013922652174350958,0.999903156325565,8.113669447418204e-08,0.04223490651366726
0.4965,0.012916424492430119,0.9999166606493824,8.11329372574221e-08,0.04213773998127406
0.49675,0.011910183195014985,0.9999291523832924,8.112485083699994e-08,0.042193453677369055
0.497,0.0109039290433653,0.9999406315202408,8.111683702516359e-08,0.042092589976544116
0.49725,0.009897663859895545,0.9999510980418678,8.111250693332295e-08,0.04218752411560859
0.4975,0.008891387816535447,0.9999605519388189,8.110554250428947e-08,0.04215745531924873
0.49775,0.007885102192112909,0.9999689931967475,8.109574523018637e-08,0.04216311021946548
0.498,0.00687880872844355,0.999976421809548,8.109227156438692e-08,0.04216110469135563
0.49825,0.005872507878805777,0.9999828377617758,8.108343707569077e-08,0.042147920127936514
0.4985,0.0048662007908389085,0.9999882410526081,8.107680971036757e-08,0.04215289980971334
0.49875,0.003859888541049768,0.9999926316726118,8.106952931186129e-08,0.042163874565161415
0.499,0.0028535723722894375,0.9999960096174947,8.106309490329977e-08,0.0421490376977839
0.49925,0.0018472533008804248,0.9999983748819421,8.105563820137718e-08,0.04215542606143404
0.4995,0.0008409321141727259,0.9999997274648309,8.104827498023326e-08,0.04215892241633407
0.49975,-0.00016538940342383738,1.0000000673640532,8.104087956262163e-08,0.04215378903347777
0.5,-0.0011717113915316844,0.9999993945798403,8.103381277102528e-08,0.04214911041295307
0.50025,-0.0021780311979213707,0.9999977091135153,8.102608561877389e-08,0.042150617424414526
0.5005,-0.0031843491413813714,0.9999950109665844,8.101875348387466e-08,0.042163895019849254
0.50075,-0.004190663640610676,0.9999913001437493,8.101246407044016e-08,0.0421562861239891
0.501,-0.005196973427334283,0.9999865766464703,8.100296233770621e-08,0.042173765043675655
0.50125,-0.00620327767964568,0.9999808404868672,8.099739279288087e-08,0.04211530851274307
0.5015,-0.0072095750266360755,0.9999740916672001,8.098885007079559e-08,0.042175819224097966
0.50175,-0.008215864552584882,0.9999663301976852,8.097968295928126e-08,0.04214569451361564
0.502,-0.009222145659720302,0.9999575560897002,8.097572412602005e-08,0.04220196464053779
0.50225,-0.010228416419430175,0.9999477693507761,8.096601789020497e-08,0.04215612359596584
0.5025,-0.011234676234762615,0.9999369699943413,8.095577896938266e-08,0.04214142356883945
0.50275,-0.012240924432905092,0.9999251580355325,8.095167514099444e-08,0.042156414415301546
0.503,-0.01324715878536335,0.9999123334883724,8.093902015282595e-08,0.042149060375375795
0.50325,-0.014253379238510888,0.9998984963708576,8.093220604799001e-08,0.04216617117334576
0.5035,-0.015259584429803784,0.9998836466957673,8.092329495390516e-08,0.04210535110098367
0.50375,-0.01626577338244397,0.9998677844878084,8.092014058824759e-08,0.04220945471276597
0.504,-0.01727194498411997,0.9998509097576921,8.091340619742482e-08,0.042225866550155075
0.50425,-0.018278097141369187,0.9998330225334712,8.089175973502449e-08,0.04204270373962074
0.5045,-0.019284230859714188,0.9998141228406381,8.089571945646412e-08,0.04221404500545055
0.50475,-0.0202903433508833,0.9997942106904845,8.088174952014526e-08,0.04215172844928832
0.505,-0.02129643442899989,0.9997732861188013,8.087808445189637e-08,0.04229799659510498
0.50525,-0.02230250239814069,0.9997513491455448,8.086577474308854e-08,0.042088102227329165
0.5055,-0.023308546544589342,0.9997283997996536,8.085399527679726e-08,0.042106348714135836
0.50575,-0.024314565984131616,0.9997044381160799,8.085398861545912e-08,0.04224498873857128
0.506,-0.025320559142553253,0.9996794641099316,8.083920244317255e-08,0.042197849493771054
0.50625,-0.026326525183861804,0.9996534778258701,8.08288036502347e-08,0.04207036569873074
0.5065,-0.027332463435601705,0.9996264792905583,8.082814439980268e-08,0.04223162841695708
0.50675,-0.028338372240281774,0.9995984685338496,8.081821989414095e-08,0.0421089164560903
0.507,-0.029344250609441448,0.9995694455976661,8.080812441413343e-08,0.04233666226936667
0.50725,-0.030350097542516608,0.999539410516662,8.079841484764927e-08,0.042076692285443314
0.5075,-0.031355912177290134,0.9995083633250279,8.079256974546922e-08,0.04212811839731737
0.50775,-0.03236169324893512,0.9994763040599968,8.078368129993407e-08,0.04216505955953729
0.508,-0.03336743952750342,0.9994432327665164,8.077169999509692e-08,0.0422514920797145
0.50825,-0.034373150486189274,0.999409149482458,8.077179480814323e-08,0.04225778373854238
0.5085,-0.03537882449164024,0.999374054243542,8.075878876745435e-08,0.0420659629820817
0.50875,-0.03638446075807872,0.9993379470985073,8.074785440292942e-08,0.04221615439817736
0.509,-0.03739005780524986,0.9993008280901213,8.072213786292082e-08,0.04211948135416019
0.50925,-0.03839561502378075,0.9992626972850123,8.071918289331848e-08,0.0423463917867332
0.5095,-0.03940113177187364,0.9992235547009047,8.072700508066077e-08,0.04205969030793962
0.50975,-0.04040660586625251,0.9991834003935143,8.070978507745963e-08,0.0420951275167533
0.51,-0.041412036589554994,0.9991422344243563,8.069249179953886e-08,0.04232362855431039
0.51025,-0.04241742368578372,0.9991000568411061,8.070601720255866e-08,0.04234353559458519
0.5105,-0.04342276473965426,0.9990568676684675,8.06665791941441e-08,0.042044485764971745
0.51075,-0.04442806024452262,0.9990126669976536,8.067942447453902e-08,0.04214968245624457
0.511,-0.045433307556850995,0.998967454872421,8.066491563596401e-08,0.04238449518094726
0.51125,-0.04643850653794601,0.9989212313357299,8.065137957480317e-08,0.04205973736199779
0.5115,-0.04744365613497157,0.9988739964496783,8.064539946950333e-08,0.04230504990422925
0.51175,-0.048448754803256555,0.9988257502753394,8.062753709126014e-08,0.042043317661570094
0.512,-0.049453801699313835,0.9987764928769934,8.061308776063925e-08,0.04228092792046415
0.51225,-0.050458795945104384,0.9987262243337409,8.063007639336206e-08,0.0422611000589124
0.5125,-0.051463735996994116,0.9986749446531561,8.060037304247203e-08,0.042382622988599634
0.51275,-0.052468621062750194,0.9986226539364971,8.057569633734829e-08,0.04204858244997723
0.513,-0.05347345072244402,0.9985693522379147,8.058050382508952e-08,0.042250962635186934
0.51325,-0.05447822253950818,0.9985150396514275,8.057057465649109e-08,0.0422494204013782
0.5135,-0.05548293660046271,0.9984597161959902,8.055999090039734e-08,0.04217175639778884
0.51375,-0.05648759108696673,0.9984033819713269,8.053929256846004e-08,0.042222887064332505
0.514,-0.05749218563085555,0.9983460370453412,8.054637201659887e-08,0.0422383281798371
0.51425,-0.05849671833596659,0.9982876814787998,8.052419420145895e-08,0.0422482424232326
0.5145,-0.059501188791309875,0.9982283153427274,8.050977595708275e-08,0.04209499075982216
0.51475,-0.06050559587998145,0.9981679387166763,8.050734168207896e-08,0.04235461783422079
0.515,-0.06150993814367406,0.9981065516777521,8.049624256045718e-08,0.04211824086384198
0.51525,-0.0625142142866153,0.9980441543091785,8.046929478311426e-08,0.04240795547900195
0.5155,-0.0635184246354258,0.997980746669365,8.049545141552983e-08,0.04239542886829288
0.51575,-0.06452256668233576,0.9979163288305906,8.047899657803725e-08,0.04224861460117643
0.516,-0.06552663968765059,0.9978509008743959,8.044229593551222e-08,0.041828728882560555
0.51625,-0.06653064261217168,0.9977844629343162,8.04397519704736e-08,0.04255375911051651
0.5165,-0.0675345750094551,0.9977170150214927,8.044254928840644e-08,0.04232468566262993
0.51675,-0.06853843509935792,0.9976485572388017,8.042326249402265e-08,0.042230632618185854
0.517,-0.06954222195921213,0.997579089691401,8.041227106403426e-08,0.04228409599924237
0.51725,-0.07054593456346225,0.9975086124480801,8.039575982721203e-08,0.04218075266455073
0.5175,-0.07154957164904274,0.9974371256219448,8.038606114091351e-08,0.042302512346180286
0.51775,-0.07255313266206279,0.9973646292557105,8.03747264299659e-08,0.04223831894749993
0.518,-0.07355661620304357,0.9972911234747592,8.037439136465707e-08,0.04266464997855173
0.51825,-0.07456002098335546,0.9972166083615202,8.03605426646925e-08,0.041819285830802244
0.5185,-0.0755633463049057,0.9971410840022771,8.035501242176224e-08,0.04246671664881335
0.51875,-0.0765665911630467,0.9970645504722189,8.034534526579762e-08,0.042375693738389786
0.519,-0.07756975407640557,0.9969870078749549,8.03094613033295e-08,0.04220005268926361
0.51925,-0.07857283437908791,0.9969084563610013,8.033321563516438e-08,0.04228747968944106
0.5195,-0.07957583031902643,0.9968288959530522,8.028896858469636e-08,0.0424087903208594
0.51975,-0.08057874164696363,0.9967483267834104,8.027546494204785e-08,0.04224512839451034
0.52,-0.08158156726579506,0.9966667489671257,8.030711828865833e-08,0.042208923982093784
0.52025,-0.08258430516050907,0.9965841625555876,8.025772957331867e-08,0.042335676538980065
0.5205,-0.08358695526227855,0.9965005676918646,8.025010989065606e-08,0.04247413992039982
0.52075,-0.08458951629190306,0.9964159644630866,8.025169728753667e-08,0.04244704140028876
0.521,-0.08559198717232956,0.9963303529582737,8.024702990994115e-08,0.04217576671032384
0.52125,-0.08659436577686819,0.9962437333141003,8.017595387599386e-08,0.04241643882249193
0.5215,-0.08759665301825605,0.9961561056324265,8.020437824995952e-08,0.04207131212544922
0.52175,-0.08859884607268259,0.9960674700142511,8.017299779616849e-08,0.04239976888666008
0.522,-0.08960094519412216,0.9959778265739794,8.020335062752793e-08,0.04276609063507568
0.52225,-0.09060294843759209,0.9958871753944556,8.019036279449665e-08,0.042160562661560465
0.5225,-0.0916048545537117,0.9957955166195172,8.014866570427159e-08,0.04212913837884242
0.52275,-0.09260666329087598,0.9957028503327149,8.012327801232288e-08,0.042624306534269005
0.523,-0.093608373414692,0.995609176690954,8.014228858321815e-08,0.04204984987407145
0.52325,-0.09460998292190226,0.9955144958021869,8.011037944122279e-08,0.04241240445412326
0.5235,-0.09561149232854417,0.9954188077116004,8.010563457006015e-08,0.04262249934938817
0.52375,-0.09661289934528866,0.9953221126261421,8.010123164758909e-08,0.04221097227207391
0.524,-0.09761420324351852,0.9952244106323005,8.009663532426714e-08,0.04285426233216865
0.52425,-0.09861540290065562,0.9951257018513737,8.008722063301832e-08,0.04208727836182953
0.5245,-0.09961649723134376,0.9950259863605011,8.00266619638279e-08,0.04231033714974186
0.52475,-0.10061748562361973,0.9949252643682287,8.004570140052181e-08,0.04248273048851056
0.525,-0.10161836678793525,0.9948235359251733,8.004965268426645e-08,0.04208086826894337
0.52525,-0.1026191387046822,0.9947208012289543,8.001302864713011e-08,0.04275056529145675
0.5255,-0.10361980197617839,0.9946170603174864,8.001808726731952e-08,0.042396273995648374
0.52575,-0.10462035409841426,0.9945123133929771,7.999096118815885e-08,0.04262881793006632
0.526,-0.10562079526490667,0.9944065605181713,7.99969823717106e-08,0.04226751318071324
0.52625,-0.10662112315338135,0.9942998019074727,7.998786077934028e-08,0.04238820744751032
0.5265,-0.10762133730185246,0.9941920376109595,7.994583217652007e-08,0.04281416695483872
0.52675,-0.10862143670905976,0.9940832678088861,7.992516382060444e-08,0.042008070545336805
0.527,-0.1096214206932834,0.9939734926121527,7.994520423437734e-08,0.04261528321765798
0.52725,-0.110621287120928,0.993862712172433,7.990551442738081e-08,0.04217452904346318
0.5275,-0.11162103570903192,0.9937509266479373,7.99131922857299e-08,0.04291186890686031
0.52775,-0.1126206654143674,0.9936381360865371,7.98819479452817e-08,0.042055115155742506
0.528,-0.11362017498237408,0.9935243407284732,7.989148320675099e-08,0.0432547982192862
0.52825,-0.11461956273777929,0.9934095406789916,7.983711913794878e-08,0.0416711593996614
0.5285,-0.11561882924742295,0.9932937360691138,7.98953383451817e-08,0.04316334437919957
0.52875,-0.11661797157356989,0.9931769270326647,7.984198724386715e-08,0.042144725122362184
0.529,-0.11761698994200537,0.9930591137043264,7.981711691584792e-08,0.0423819446184111
0.52925,-0.11861588229347575,0.9929402963219922,7.979612948183501e-08,0.04259323688693714
0.5295,-0.11961464867866181,0.9928204749164661,7.97959351928057e-08,0.04275359710004559
0.52975,-0.12061328733528998,0.9926996496761471,7.977448213125626e-08,0.042680422396973124
0.53,-0.12161179751989266,0.9925778207532262,7.97736183777431e-08,0.04218778414582136
0.53025,-0.12261017737889546,0.9924549883401657,7.973907822922399e-08,0.04253379192529755
0.5305,-0.12360842705689938,0.9923311525273543,7.975787075231722e-08,0.042619407107844356
0.53075,-0.12460654451993351,0.9922063134767164,7.972012383561378e-08,0.04265962853776394
0.531,-0.12560452962649366,0.9920804713429942,7.974141191802175e-08,0.04255978747862762
0.53125,-0.12660238020014702,0.9919536263234288,7.97242682981647e-08,0.04269513994048496
0.5315,-0.12760009582919127,0.9918257785136745,7.968993442908356e-08,0.042759737439018536
0.53175,-0.12859767544927858,0.991696928097299,7.966428561267946e-08,0.04209520761372231
0.532,-0.12959511775261523,0.9915670752290625,7.961181247573279e-08,0.042491056994312104
0.53225,-0.13059242215216926,0.991436220127889,7.96525201351983e-08,0.04278579629082481
0.5325,-0.13158958709427235,0.9913043628753688,7.96436878669482e-08,0.04269009131304217
0.53275,-0.13258661193557864,0.9911715036583519,7.966445392249e-08,0.04260729343036126
0.533,-0.13358349499783873,0.9910376426065035,7.959944348101544e-08,0.042603773005933376
0.53325,-0.13458023568052369,0.9909027799603245,7.958445902289668e-08,0.04251043061590528
0.5335,-0.13557683307874502,0.9907669158551886,7.96104289157995e-08,0.04324276697151116
0.53375,-0.13657328584254175,0.9906300504131503,7.959369141552486e-08,0.04198866262936001
0.534,-0.1375695926096151,0.9904921838539616,7.954327974069031e-08,0.04352015278760126
0.53425,-0.13856575302580865,0.9903533163207303,7.952953584577926e-08,0.042659824492723444
0.5345,-0.13956176555350006,0.9902134479953082,7.949758029646148e-08,0.04200885453563325
0.53475,-0.1405576292575678,0.9900725790783612,7.9492689764038e-08,0.0424902281754921
0.535,-0.14155334338834066,0.9899307097032104,7.951895653057761e-08,0.04322691083364046
0.53525,-0.1425489058542766,0.9897878400756119,7.946089519705879e-08,0.042369433885025024
0.5355,-0.14354431676856655,0.9896439703339658,7.944746172050543e-08,0.042819129104317386
0.53575,-0.1445395749987455,0.9894991006564052,7.94703232109839e-08,0.04312791221929111
0.536,-0.14553467844689116,0.9893532312662703,7.942382196368669e-08,0.04266220756061917
0.53625,-0.1465296266500502,0.9892063623208198,7.937109280931054e-08,0.042454940908276645
0.5365,-0.14752441921449158,0.9890584939664668,7.937589119322297e-08,0.042825385258262134
0.53675,-0.14851905418000624,0.9889096264406531,7.936075463454983e-08,0.04252854421175306
0.537,-0.14951353132463288,0.9887597599088673,7.943209823224606e-08,0.04338597710619475
0.53725,-0.15050784800231298,0.9886088945303082,7.932735957005832e-08,0.04227410544554993
0.5375,-0.15150200495910845,0.9884570305113545,7.933697410145157e-08,0.043383369974210606
0.53775,-0.1524960002293165,0.9883041680275119,7.93132428622556e-08,0.04267724306720563
0.538,-0.15348983295016297,0.9881503072779241,7.92962591145141e-08,0.04233079486518527
0.53825,-0.1544835019054389,0.9879954484830238,7.92920662462393e-08,0.04299673780020113
0.5385,-0.15547700610280887,0.9878395917815821,7.925894451865645e-08,0.04350558785020952
0.53875,-0.15647034485709604,0.9876827373664075,7.925564604605029e-08,0.04247461539444598
0.539,-0.15746351668273784,0.9875248854568818,7.924135791981257e-08,0.042708841940894186
0.53925,-0.15845652030795776,0.9873660362863301,7.92199392751769e-08,0.04244633170009396
0.5395,-0.15944935556749726,0.9872061899507467,7.923397671305565e-08,0.043717606536697505
0.53975,-0.16044202052481707,0.9870453467215746,7.92173964203613e-08,0.043171636777420454
0.54,-0.16143451428091815,0.986883506733126,7.913149069338488e-08,0.04200509140933341
0.54025,-0.1624268363044905,0.9867206702989026,7.91734975358338e-08,0.04270364808013339
0.5405,-0.16341898516522063,0.9865568375101108,7.917518773936649e-08,0.04385636299636986
0.54075,-0.16441095936150743,0.9863920086079156,7.910186150539289e-08,0.04285180317179294
0.541,-0.16540275917896088,0.9862261837722518,7.915099309308005e-08,0.042554924922028566
0.54125,-0.16639438189521627,0.9860593632681778,7.910756449902578e-08,0.043044559704115165
0.5415,-0.16738582749273734,0.9858915472439463,7.908624222174865e-08,0.04319112388236451
0.54175,-0.16837709482770394,0.9857227359137186,7.907991883548959e-08,0.04343186738060595
0.542,-0.16936818251790128,0.9855529294864419,7.903435927936187e-08,0.04264342710322239
0.54225,-0.17035908967837798,0.985382128212211,7.901803278365094e-08,0.04240716137524163
0.5425,-0.1713498154504418,0.9852103322599994,7.902337628706846e-08,0.04332158705619861
0.54275,-0.17234035852225071,0.985037541866327,7.903081367111042e-08,0.0433865484538289
0.543,-0.17333071782198103,0.9848637571938429,7.898732490296823e-08,0.0429205485904613
0.54325,-0.17432089245178162,0.9846889785320054,7.899379173004206e-08,0.043149593518291576
0.5435,-0.17531088128883987,0.9845132060285878,7.897147602520249e-08,0.043483963144776615
0.54375,-0.1763006832059871,0.9843364399224047,7.892900266703862e-08,0.042615102569406406
0.544,-0.17729029749263778,0.9841586804319028,7.892724296354459e-08,0.04276079760503013
0.54425,-0.1782797224029551,0.9839799278456738,7.891162279172192e-08,0.04352693002604073
0.5445,-0.17926895768429477,0.9838001822582948,7.890033071333846e-08,0.04308499704682459
0.54475,-0.18025800170901615,0.9836194439708171,7.886879038743189e-08,0.04302678973285967
0.545,-0.18124685405510932,0.9834377131722799,7.889719566556153e-08,0.04335698636608488
0.54525,-0.18223551251926295,0.9832549901398324,7.88290170916639e-08,0.04301667307533329
0.5455,-0.18322397764521806,0.9830712750071487,7.886415498425947e-08,0.043741762034188836
0.54575,-0.184212246853082,0.9828865680741599,7.87956273562429e-08,0.042960387451999565
0.546,-0.18520032010762097,0.9827008695453106,7.878653418558201e-08,0.04340614003782459
0.54625,-0.1861881958345677,0.9825141796838355,7.877396268618497e-08,0.04270613627141067
0.5465,-0.18717587319206608,0.9823264986735724,7.875074303775875e-08,0.043422169745565974
0.54675,-0.18816335115540442,0.982137826732641,7.870857055003455e-08,0.04352145420346439
0.547,-0.18915062909471694,0.9819481641609972,7.879303698388185e-08,0.04331552408453239
0.54725,-0.19013770455057255,0.9817575111375434,7.868336915350937e-08,0.042783616377601974
0.5475,-0.1911245781522554,0.9815658678992755,7.869936458071436e-08,0.044038580710129206
0.54775,-0.19211124796297446,0.9813732347063496,7.86959446497093e-08,0.043185008318029676
0.548,-0.19309771271018325,0.9811796117649112,7.859852013680779e-08,0.04389499298203868
0.54825,-0.19408397212631456,0.980984999367398,7.861008799459057e-08,0.042623213880131204
0.5485,-0.1950700247349278,0.9807893976990557,7.859447781477513e-08,0.04324690292772825
0.54875,-0.1960558695662573,0.980592807023726,7.858902284496594e-08,0.04332851786649589
0.549,-0.19704150562591385,0.98039522758994,7.861022566224563e-08,0.04417035288464961
0.54925,-0.19802693128934834,0.9801966596529263,7.855531247713543e-08,0.04342096382562959
0.5495,-0.19901214646229254,0.9799971034058037,7.856164430108947e-08,0.043325052927683266
0.54975,-0.1999971492651973,0.9797965591128429,7.848178307234832e-08,0.04291878226339925
0.55,-0.20098193948926985,0.9795950270802664,7.854062511469806e-08,0.04350381680516087
0.55025,-0.20196651498275742,0.9793925075179124,7.847824923246094e-08,0.04388008280074549
0.5505,-0.2029508757948818,0.9791890006464004,7.848639982377392e-08,0.04383325914279792
0.55075,-0.20393502003778058,0.9789845066984639,7.837671933685897e-08,0.0432721703131146
0.551,-0.20491894785454093,0.9787790260079496,7.847143823624947e-08,0.04303129480535043
0.55125,-0.20590265652511164,0.97857255881285,7.841281046694348e-08,0.04358468424578233
0.5515,-0.20688614624455812,0.9783651053270599,7.841477378534023e-08,0.044429490077680565
0.55175,-0.20786941527256778,0.9781566657857165,7.831339154940054e-08,0.04322385393172386
0.552,-0.20885246381125983,0.9779472405164393,7.843687299669e-08,0.04350495464850115
0.55225,-0.2098352888617967,0.9777368297406541,7.834150617114233e-08,0.04363106033611825
0.5525,-0.21081789097041284,0.9775254337033185,7.834503379378077e-08,0.043998611788400754
0.55275,-0.21180026822307255,0.9773130526907794,7.828956483102445e-08,0.043367932669311604
0.553,-0.2127824200281363,0.9770996869651767,7.827023518203191e-08,0.04435259503128701
0.55325,-0.2137643452349991,0.9768853367599357,7.823515746352427e-08,0.04321145695766707
0.5535,-0.2147460428725441,0.9766700023823878,7.824151193602802e-08,0.043991996588197246
0.55375,-0.21572751167175944,0.9764536840448403,7.818841196716164e-08,0.04398566938975781
0.554,-0.21670875108811932,0.9762363820770266,7.824450420912399e-08,0.043576775631578246
0.55425,-0.21768975935610513,0.9760180966943004,7.820163872018782e-08,0.0440358218572648
0.5545,-0.2186705356641382,0.9757988281930351,7.813526781141888e-08,0.04364211486702994
0.55475,-0.21965107970582196,0.9755785768440274,7.820647240919243e-08,0.04375681063741701
0.555,-0.22063138917982048,0.9753573428685623,7.808951685284171e-08,0.044248701168277116
0.55525,-0.2216114636750106,0.9751351266345893,7.801441559429634e-08,0.04323905803742689
0.5555,-0.22259130304255378,0.974911928342389,7.81072257982629e-08,0.04452806569828132
0.55575,-0.22357090475786248,0.9746877482820386,7.805267698834939e-08,0.04350500630965196
0.556,-0.2245502687478771,0.9744625867494261,7.808456015112597e-08,0.044280453885003984
0.55625,-0.22552939327096766,0.9742364440243567,7.804719404091998e-08,0.04417796297171088
0.5565,-0.22650827778383278,0.9740093203419977,7.800883605746378e-08,0.0441364662619482
0.55675,-0.2274869211658234,0.9737812159980507,7.796607093268904e-08,0.04406220588643035
0.557,-0.2284653222901981,0.9735521313033709,7.79272468776071e-08,0.04334174443112771
0.55725,-0.2294434801833205,0.9733220665551343,7.792089240510336e-08,0.04441141444013041
0.5575,-0.230421393981852,0.9730910219913533,7.794235501457081e-08,0.04477988198638104
0.55775,-0.23139906231421006,0.9728589978899056,7.790762035497778e-08,0.04344397303945768
0.558,-0.23237648444433154,0.9726259945351681,7.788411271469897e-08,0.04411117326465876
0.55825,-0.233353658715032,0.9723920123405008,7.784964695112251e-08,0.04449537070046424
0.5585,-0.23433058516138508,0.972157051392006,7.785663513892871e-08,0.04439767882886775
0.55875,-0.23530726190198129,0.9719211121107675,7.783521627224843e-08,0.0441056841824295
0.559,-0.23628368796063287,0.9716841947618162,7.777309551926237e-08,0.043657579677480365
0.55925,-0.23725986243051977,0.9714462996686346,7.773021293289162e-08,0.04502528292384993
0.5595,-0.2382357847980766,0.9712074270512666,7.775894528272431e-08,0.043988435467586164
0.55975,-0.23921145313754932,0.9709675772446763,7.768628407234246e-08,0.04403577225080098
0.56,-0.24018686741706363,0.9707267505385717,7.774539523275337e-08,0.04518943350475465
0.56025,-0.2411620254270943,0.9704849472605863,7.768373766481318e-08,0.04402612623937499
0.5605,-0.24213692702478343,0.9702421676643038,7.767146303905292e-08,0.044706304951521454
0.56075,-0.2431115707218763,0.9699984120569638,7.760594145089783e-08,0.04450782049897367
0.561,-0.24408595620612936,0.969753680728553,7.765181520014153e-08,0.045005044829801236
0.56125,-0.2450600810258905,0.9695079740534336,7.753280151234776e-08,0.043577331516308715
0.5615,-0.24603394581231194,0.9692612922626073,7.758527442724983e-08,0.04442025332745986
0.56175,-0.24700754841269026,0.9690136356902701,7.756325848262691e-08,0.044405107461800895
0.562,-0.2479808882954566,0.9687650045999983,7.754871611531655e-08,0.04543957445543743
0.56225,-0.248953964040588,0.9685153993929592,7.753640973717779e-08,0.044006606786665424
0.5625,-0.24992677485598672,0.9682648202838264,7.749458985628621e-08,0.04460785105869188
0.56275,-0.2508993197360127,0.9680132676093917,7.745589969410105e-08,0.04480792668980217
0.563,-0.2518715977909424,0.967760741685784,7.74609874021337e-08,0.044664467190289
0.56325,-0.252843607686998,0.9675072428782314,7.748500374660239e-08,0.044574696133333494
0.5635,-0.253815348453331,0.967252771397025,7.744285257516026e-08,0.04532439454971382
0.56375,-0.2547868191544086,0.9669973275931341,7.739353913294167e-08,0.04381563207166015
0.564,-0.2557580188431115,0.9667409118363646,7.741037655328853e-08,0.04631673323586098
0.56425,-0.2567289460846993,0.9664835243760015,7.73240058649094e-08,0.04449613247922013
0.5645,-0.25769960056187774,0.9662251655289286,7.731557549739421e-08,0.04420188839107
0.56475,-0.2586699808817862,0.9659658356621765,7.733795248654474e-08,0.04362158494119911
0.565,-0.2596400858274473,0.9657055351202309,7.736516494105672e-08,0.04740877885956692
0.56525,-0.26060991410223977,0.9654442641307932,7.723570982776096e-08,0.044846216231278074
0.5655,-0.2615794658248688,0.9651820230310287,7.726174366951e-08,0.044925828468933914
0.56575,-0.262548738721713,0.9649188122081306,7.717875294410703e-08,0.043434472530597255
0.566,-0.2635177326881757,0.9646546319896101,7.723006056892245e-08,0.0468860118922458
0.56625,-0.26448644607249605,0.9643894826640942,7.721458628040523e-08,0.04473450009928938
0.5665,-0.265454877864001,0.9641233645133371,7.70911514624828e-08,0.045347914257212275
0.56675,-0.2664230276513927,0.9638562779265186,7.708064564404538e-08,0.04538431048598941
0.567,-0.2673908939090101,0.9635882232108997,7.702809612375461e-08,0.04448811010402007
0.56725,-0.26835847562699655,0.9633192007822815,7.701832638318251e-08,0.044144344217680626
0.5675,-0.2693257720806285,0.963049210885084,7.704660176521827e-08,0.047147735147906836
0.56775,-0.27029278194487577,0.9627782538260636,7.700592918880034e-08,0.044002877896517543
0.568,-0.27125950439389773,0.9625063300177338,7.702411197740844e-08,0.04548234688200392
0.56825,-0.2722259379511627,0.962233439786446,7.696832016179656e-08,0.04549053265184418
0.5685,-0.27319208225694286,0.9619595834202722,7.69709909143046e-08,0.046286355423313136
0.56875,-0.2741579358544593,0.9616847612439735,7.690042513885942e-08,0.04509662473167217
0.569,-0.2751234983862265,0.9614089736433743,7.698313830850623e-08,0.04650130373916268
0.56925,-0.27608876726845466,0.9611322209808173,7.68096639625071e-08,0.0445873062822382
0.5695,-0.2770537435124122,0.9608545035447236,7.68882064683396e-08,0.0450273557051104
0.56975,-0.27801842451755127,0.9605758217181376,7.682034541822702e-08,0.04550577571901093
0.57,-0.27898281010069026,0.9602961758288037,7.68215482338519e-08,0.04712410832459161
0.57025,-0.27994689888517854,0.960015566227388,7.67971575221793e-08,0.043972720694975265
0.5705,-0.2809106899402872,0.9597339932569962,7.676787117105732e-08,0.04715868078801229
0.57075,-0.2818741824406306,0.9594514572446294,7.676770552578205e-08,0.044838151963646385
0.571,-0.2828373749290257,0.9591679585568366,7.668941282013009e-08,0.047088339342650984
0.57125,-0.28380026694519245,0.9588834975487587,7.669474855198644e-08,0.044810985286073704
0.5715,-0.28476285688987923,0.9585980745626336,7.660963419198197e-08,0.046320011234322084
0.57175,-0.28572514445605013,0.9583116899653593,7.664934376094834e-08,0.04572751823483182
0.572,-0.28668712797632373,0.9580243440997704,7.661755119237057e-08,0.04673159206264189
0.57225,-0.2876488063375504,0.9577360373522301,7.65152821102788e-08,0.044615557469537895
0.5725,-0.28861017946994905,0.9574467700445338,7.658119027809107e-08,0.04671466739537462
0.57275,-0.2895712457888312,0.9571565425259214,7.664393297801553e-08,0.046196882222433185
0.573,-0.29053200358453485,0.956865355160562,7.65066934249603e-08,0.04593979563331868
0.57325,-0.2914924528814993,0.9565732083702969,7.652935529733895e-08,0.04725399830454198
0.5735,-0.29245259216614633,0.956280102398581,7.645406641110242e-08,0.04555859565768055
0.57375,-0.2934124205400374,0.9559860376976848,7.640003851783206e-08,0.04586188040210607
0.574,-0.2943719371390146,0.9556910146117185,7.639227295186402e-08,0.04652808867239143
0.57425,-0.29533114086879664,0.9553950335390597,7.643898003451e-08,0.046389461359475935
0.5745,-0.2962900302974768,0.9550980947750753,7.634832632774646e-08,0.04567091661544331
0.57475,-0.2972486047553209,0.9548001987300442,7.626195541732272e-08,0.047882912085937805
0.575,-0.29820686403443575,0.9545013457251391,7.637417409611658e-08,0.0464497154353513
0.57525,-0.2991648054096032,0.9542015362025189,7.624350351065345e-08,0.04541017299693343
0.5755,-0.30012242938155864,0.9539007705145786,7.630309473150021e-08,0.0480763771589547
0.57575,-0.30107973429799134,0.953599048974903,7.630539133884895e-08,0.045431555585264245
0.576,-0.3020367187433723,0.9532963720215119,7.618931685549057e-08,0.0473193486291411
0.57625,-0.30299338236295625,0.9529927400232193,7.614635100239298e-08,0.04654667828408777
0.5765,-0.30394972417178023,0.9526881533015149,7.613257313465738e-08,0.04702711667465095
0.57675,-0.3049057430764782,0.9523826122682275,7.615593311527391e-08,0.04571255231425275
0.577,-0.30586143765955814,0.9520761173458561,7.613376307169517e-08,0.048282444052603485
0.57725,-0.30681680711091275,0.9517686688605917,7.607519592056633e-08,0.04680869927570965
0.5775,-0.30777185093259024,0.9514602671876132,7.613159547226189e-08,0.04757451658152178
0.57775,-0.30872656718557656,0.9511509126943852,7.600277318609017e-08,0.046911902185050244
0.578,-0.3096809558142761,0.9508406057878802,7.600455043110799e-08,0.04613730141575555
0.57825,-0.31063501501282076,0.9505293469246106,7.595846818198027e-08,0.04753238806286134
0.5785,-0.3115887441320012,0.9502171363721751,7.586254446856344e-08,0.047322546341047295
0.57875,-0.3125421424363573,0.9499039745856128,7.586612360555023e-08,0.04617332822495213
0.579,-0.3134952088465473,0.9495898619717951,7.59646736625541e-08,0.0493577768369482
0.57925,-0.3144479413015162,0.949274798830724,7.574193383597105e-08,0.04640865830788219
0.5795,-0.31540034067950606,0.9489587856114545,7.584495453905049e-08,0.04742879647536191
0.57975,-0.3163524042673336,0.9486418227212731,7.575082805466593e-08,0.046782802564711734
0.58,-0.3173041321945435,0.9483239105282463,7.579365601806387e-08,0.04846013275979652
0.58025,-0.31825552279539693,0.9480050494673664,7.580269478779655e-08,0.047673792473636324
0.5805,-0.31920657531507257,0.9476852398245912,7.575288218930609e-08,0.04666442245784834
0.58075,-0.32015728855937287,0.9473644820986792,7.567989124268593e-08,0.04749924266950956
0.581,-0.3211076618826981,0.9470427766681512,7.567954463105764e-08,0.04978598481828242
0.58125,-0.32205769398490247,0.9467201238707297,7.559833870018906e-08,0.0473756339797739
0.5815,-0.3230073845734296,0.9463965241596094,7.571517590676535e-08,0.047441389341155604
0.58175,-0.323956731262628,0.9460719779194593,7.556739944902802e-08,0.04669332968795069
0.582,-0.3249057341507787,0.945746485587362,7.55424485188172e-08,0.050293003144990085
0.58225,-0.3258543917062795,0.9454200475315901,7.543444890956152e-08,0.04671917975768977
0.5825,-0.32680270372315184,0.9450926641768378,7.552081471295935e-08,0.04814693978649292
0.58275,-0.3277506683487135,0.9447643358866618,7.548319391759151e-08,0.04774956545453744
0.583,-0.32869828469745893,0.9444350631377091,7.542348723355019e-08,0.04973617565288914
0.58325,-0.32964555189198563,0.9441048462775936,7.532350232430929e-08,0.048189581201586555
0.5835,-0.3305924693314287,0.94377368570962,7.530828316504312e-08,0.047341289245986996
0.58375,-0.33153903574381255,0.9434415818738774,7.531530776816453e-08,0.04692545673563942
0.584,-0.3324852499279055,0.9431085352518142,7.534221935223684e-08,0.05128113064503383
0.58425,-0.3334311108574113,0.9427745461115853,7.524175371642627e-08,0.04727728815761587
0.5845,-0.33437661778489713,0.9424396149750305,7.519777267539496e-08,0.049613320540238745
0.58475,-0.33532177002723024,0.9421037421981768,7.525899881066778e-08,0.04813163778458734
0.585,-0.33626656572064756,0.9417669282123609,7.514804956088028e-08,0.04890227682911846
0.58525,-0.33721100433156437,0.9414291734856066,7.506604449147858e-08,0.04838843902617153
0.5855,-0.33815508564881,0.9410904783907523,7.52339417431358e-08,0.04892802530132773
0.58575,-0.33909880709385387,0.9407508433277784,7.509719757159417e-08,0.048962099061474945
0.586,-0.3400421688907882,0.9404102687203987,7.50693589512963e-08,0.048848047678942
0.58625,-0.34098516940272816,0.9400687550881983,7.502283816407385e-08,0.049458181984182614
0.5865,-0.3419278082589725,0.9397263026856778,7.50100366264661e-08,0.049841443453079615
0.58675,-0.3428700841074133,0.939382911991385,7.495861664708059e-08,0.04878640808852349
0.587,-0.3438119958520421,0.9390385835397304,7.493403098024487e-08,0.05047375321458895
0.58725,-0.34475354257882174,0.938693317671893,7.488125364218945e-08,0.048414145134074285
0.5875,-0.34569472349804115,0.9383471148675361,7.491730524833429e-08,0.04986231216778104
0.58775,-0.34663553711755074,0.9379999755014911,7.481678254706026e-08,0.04924596647151618
0.588,-0.3475759830827293,0.9376519000145077,7.480836816675662e-08,0.04981982807080084
0.58825,-0.34851606011979186,0.9373028888456272,7.479988739511612e-08,0.04967695541749315
0.5885,-0.3494557669240185,0.9369529424416096,7.469321916531158e-08,0.04890477783571016
0.58875,-0.35039510314418776,0.9366020612437775,7.471675655956744e-08,0.04929717099244393
0.589,-0.3513340675613023,0.9362502456190693,7.472546581510642e-08,0.050933442643724076
0.58925,-0.35227265844763167,0.9358974961246123,7.457103734509474e-08,0.05007385767600612
0.5895,-0.3532108763117417,0.9355438130752208,7.46641133364534e-08,0.0502338880965603
0.58975,-0.3541487188192224,0.9351891969654441,7.458108153279852e-08,0.05039199660504668
0.59,-0.3550861859134356,0.9348336482111748,7.46271797691378e-08,0.05024097704860661
0.59025,-0.3560232754667041,0.9344771673272616,7.446500904784159e-08,0.048290133526683994
0.5905,-0.3569599880430567,0.9341197546535467,7.454884798363537e-08,0.05247463593681453
0.59075,-0.35789632130108956,0.9337614107219601,7.447715621999862e-08,0.04927511648017258
0.591,-0.35883227504203247,0.9334021358920607,7.444984806426191e-08,0.05181325110459313
0.59125,-0.3597678477889019,0.9330419306930766,7.436705851127101e-08,0.05014915350310566
0.5915,-0.3607030391398881,0.9326807955195122,7.438782811952649e-08,0.05087519001345542
0.59175,-0.36163784768082075,0.9323187307989035,7.433684467983426e-08,0.049973855239054295
0.592,-0.3625722725604534,0.9319557371008281,7.437239712970722e-08,0.05184589264115673
0.59225,-0.36350631244400233,0.9315918147465103,7.424466375027805e-08,0.04949718366271284
0.5925,-0.36443996707063037,0.9312269642720139,7.429285364679572e-08,0.05282033646446963
0.59275,-0.36537323471151906,0.9308611860491586,7.416819980399225e-08,0.049687481521081274
0.593,-0.3663061152039245,0.9304944805723961,7.420573933103469e-08,0.05327213564440075
0.59325,-0.3672386064899982,0.930126848326343,7.403710311493228e-08,0.049962751830288143
0.5935,-0.3681707089963764,0.9297582897338048,7.414580927012082e-08,0.05174824893249352
0.59375,-0.3691024203544633,0.9293888052423248,7.401063673029284e-08,0.050536122012703626
0.594,-0.37003374053324517,0.9290183953813712,7.40449985769942e-08,0.05261196052944142
0.59425,-0.3709646681470318,0.928647060532195,7.4024259166805e-08,0.05098374967793609
0.5945,-0.3718952020919199,0.9282748011899108,7.393157641644166e-08,0.052480860043893074
0.59475,-0.3728253416875704,0.9279016177768994,7.383871758470661e-08,0.050672976975855495
0.595,-0.37375508639425564,0.9275275109242682,7.406347024563331e-08,0.05384030857093753
0.59525,-0.3746844337837629,0.9271524807960096,7.378302435689932e-08,0.05099955136031602
0.5955,-0.37561338439154446,0.9267765281099987,7.379484401326408e-08,0.052439059270330275
0.59575,-0.3765419368398888,0.9263996532244315,7.384673827992572e-08,0.05201190945498215
0.596,-0.37747008961206413,0.9260218566447783,7.376778832224318e-08,0.05267503888618441
0.59625,-0.37839784222544637,0.9256431388260902,7.372834232022285e-08,0.052272275814913755
0.5965,-0.3793251932795406,0.925263500249375,7.357514020256417e-08,0.053199642507590864
0.59675,-0.38025214261266715,0.9248829413490107,7.357995812640183e-08,0.050263914914284315
0.597,-0.3811786889749269,0.9245014627231994,7.375298705092348e-08,0.05529705884197894
0.59725,-0.3821048303675596,0.9241190646638913,7.353274056320913e-08,0.05219944359901322
0.5975,-0.38303056722656087,0.9237357477706625,7.356966014171462e-08,0.05189702011549862
0.59775,-0.3839558973723306,0.9233515125294043,7.340866248206623e-08,0.05401794931091786
0.598,-0.38488082132463175,0.9229663592762098,7.348954977892674e-08,0.052762569801109646
0.59825,-0.38580533656532623,0.9225802887140375,7.342297791979036e-08,0.052974979587903495
0.5985,-0.38672944305332774,0.9221933010759995,7.33368903382825e-08,0.05446488403087903
0.59875,-0.3876531396113385,0.9218053970707956,7.335968477129029e-08,0.052460903077008424
0.599,-0.3885764253601127,0.9214165769759658,7.333587181967971e-08,0.05523431781767164
0.59925,-0.3894992988061361,0.921026841419085,7.319244121894997e-08,0.052366445802603995
0.5995,-0.39042175957107234,0.9206361909068759,7.317704420195525e-08,0.05400720324154851
0.59975,-0.39134380657705387,0.9202446257794519,7.311108829455293e-08,0.053991450872295316
0.6,-0.39226543921248597,0.9198521466853923,7.328114182136858e-08,0.054989373673631305
0.60025,-0.3931866551611378,0.9194587539994217,7.305148352898527e-08,0.051672684961622715
0.6005,-0.39410745528683605,0.9190644482516593,7.317639361126282e-08,0.05567257186144277
0.60075,-0.3950278371863995,0.9186692299645701,7.311792771247383e-08,0.05367621937819647
0.601,-0.3959478003184886,0.9182730995185144,7.293819193066042e-08,0.05567312872376219
0.60125,-0.3968673442693884,0.9178760575019087,7.294133963497984e-08,0.0532791362333374
0.6015,-0.39778646743373797,0.9174781043791037,7.284424019537994e-08,0.05578493890121025
0.60175,-0.3987051695689213,0.9170792406982388,7.298031756697299e-08,0.0535858753489335
0.602,-0.399623448470063,0.9166794669731476,7.286863690225687e-08,0.056793923771344706
0.60225,-0.4005413040892094,0.9162787835554163,7.273763635851083e-08,0.05365246712810543
0.6025,-0.40145873581249525,0.9158771910754583,7.284621661440838e-08,0.05523674601592749
0.60275,-0.4023757418971114,0.915474689987572,7.28375433300954e-08,0.05479242844571337
0.603,-0.403292321566878,0.9150712807597212,7.275301672216017e-08,0.057920081372447814
0.60325,-0.4042084736151921,0.9146669639379006,7.253084755021177e-08,0.05359850723975862
0.6035,-0.40512419800039984,0.9142617401401637,7.264479107149668e-08,0.057275137316342796
0.60375,-0.40603949307592435,0.913855609581787,7.255072409506624e-08,0.05365154726816274
0.604,-0.4069543580677753,0.9134485730070544,7.25394868617002e-08,0.057666034289331085
0.60425,-0.4078687914543764,0.913040630847334,7.231027310261595e-08,0.054930620532125454
0.6045,-0.40878279369186055,0.9126317837308314,7.254711809068226e-08,0.057151552853584135
0.60475,-0.40969636203304316,0.9122220319327471,7.230330756335945e-08,0.05427917856181607
0.605,-0.41060949717931156,0.9118113761590516,7.243345256924272e-08,0.059287956783039095
0.60525,-0.4115221970099796,0.9113998168950275,7.243410249380133e-08,0.055031395025745194
0.6055,-0.4124344606680909,0.9109873544672089,7.217286901450848e-08,0.056663369449480784
0.60575,-0.4133462879679912,0.9105739896337794,7.218724529245435e-08,0.05471274157496956
0.606,-0.4142576772629832,0.9101597228551224,7.213951502826887e-08,0.059357848155356795
0.60625,-0.4151686277889297,0.9097445545893414,7.205254837217012e-08,0.05800810204941663
0.6065,-0.4160791388711573,0.909328485403243,7.208475727438213e-08,0.05625457344206301
0.60675,-0.41698920920389815,0.9089115157421966,7.202063234679201e-08,0.057918803678245596
0.607,-0.417898838340002,0.9084936461320174,7.207408270204496e-08,0.05666718724174904
0.60725,-0.418808024350362,0.9080748771927283,7.192441842107655e-08,0.05876665515490151
0.6075,-0.41971676756824267,0.9076552093173694,7.198944329545043e-08,0.05668929873126092
0.60775,-0.4206250660459177,0.9072346430809937,7.189621276104674e-08,0.05913322290879514
0.608,-0.4215329190310731,0.9068131791761591,7.18772124042033e-08,0.057009686079279115
0.60825,-0.42244032584589775,0.9063908179110634,7.184713468610937e-08,0.057501641425675855
0.6085,-0.42334728514547004,0.9059675598906082,7.17070887112925e-08,0.05869221659497338
0.60875,-0.4242537964288679,0.905543405686008,7.168285809378006e-08,0.05972228487081537
0.609,-0.4251598588704142,0.9051183556983188,7.170836680003845e-08,0.056999721351036585
0.60925,-0.42606547091175173,0.9046924105765708,7.16290469160441e-08,0.06067724762389879
0.6095,-0.4269706319631475,0.9042655708211284,7.156573267330657e-08,0.05786044573588353
0.60975,-0.42787534135260635,0.9038378369269552,7.15992007904731e-08,0.060596070745698914
0.61,-0.42877959730715826,0.9034092095255559,7.146123692791662e-08,0.05779187904039244
0.61025,-0.42968339969696956,0.902979689041171,7.139801527777934e-08,0.060159460531056155
0.6105,-0.43058674727349494,0.9025492761273015,7.138273971918352e-08,0.05915196721549425
0.61075,-0.4314896391734102,0.9021179711678822,7.130902535124051e-08,0.06156757987214634
0.611,-0.4323920744338315,0.9016857748850906,7.133165658146368e-08,0.05790262542002133
0.61125,-0.43329405198799975,0.9012526876104925,7.12066552388535e-08,0.06107924255318596
0.6115,-0.43419557091824046,0.9008187101978496,7.12237646638414e-08,0.05947076120927803
0.61175,-0.4350966303344076,0.9003838428274733,7.107655974891713e-08,0.06073625010470743
0.612,-0.43599722982746475,0.8999480863169572,7.124138590164364e-08,0.06007508381655232
0.61225,-0.43689736733276163,0.8995114410466858,7.107808919215586e-08,0.06113554379372255
0.6125,-0.4377970429059245,0.899073907635615,7.108417077184015e-08,0.06158227256386237
0.61275,-0.43869625504548293,0.8986354866121322,7.099477516980812e-08,0.0622387748118215
0.613,-0.43959500300471,0.8981961785205443,7.088780784592075e-08,0.0595813894661732
0.61325,-0.44049328583535186,0.8977559839462419,7.078865249532384e-08,0.062287055047065505
0.6135,-0.4413911029840178,0.8973149034605306,7.088291198442676e-08,0.05954666813530295
0.61375,-0.44228845262823535,0.8968729375924979,7.075703511993936e-08,0.06379883236026233
0.614,-0.44318533502304175,0.8964300868470428,7.089203868382299e-08,0.061017992323538515
0.61425,-0.4440817477711576,0.8959863517181184,7.05843123949279e-08,0.06235565937508763
0.6145,-0.44497769144933796,0.895541732983416,7.070125862540522e-08,0.061247223643326326
0.61475,-0.4458731640631642,0.8950962310207647,7.060963524985198e-08,0.06356605432403532
0.615,-0.4467681651649454,0.8946498465025083,7.062590423601023e-08,0.06355626315052357
0.61525,-0.4476626933760599,0.89420257989749,7.046801497878619e-08,0.06250301872174642
0.6155,-0.44855674857689637,0.8937544317414478,7.047567507356689e-08,0.061556822089831
0.61575,-0.4494503290961927,0.8933054026153152,7.033319060489873e-08,0.06485400256045244
0.616,-0.4503434345692767,0.8928554932537285,7.044650307541644e-08,0.06304356085860498
0.61625,-0.4512360628837655,0.8924047040937264,7.016772407553162e-08,0.06381327865912574
0.6165,-0.4521282148915599,0.8919530354749913,7.009703728577676e-08,0.06252176521881117
0.61675,-0.45301988856186004,0.8915004885105858,7.022360404285166e-08,0.06442996568373134
0.617,-0.4539110834533591,0.8910470631772747,7.023932169225588e-08,0.06438929328286017
0.61725,-0.45480179750882854,0.8905927602944246,6.985304956685923e-08,0.06448109511202534
0.6175,-0.45569203145307596,0.8901375807376058,7.008561198063035e-08,0.0633982870262254
0.61775,-0.4565817833901958,0.8896815245386682,7.001460788913505e-08,0.06724883202701527
0.618,-0.45747105208232103,0.8892245927740571,6.994374412983007e-08,0.062248497228027354
0.61825,-0.4583598375013409,0.8887667854774612,6.980109512610966e-08,0.0666346951314717
0.6185,-0.45924813844377965,0.8883081037320883,6.99100852763479e-08,0.06497177279462284
0.61875,-0.46013595372987154,0.8878485477542295,6.983209410726943e-08,0.06661318182472736
0.619,-0.4610232826282429,0.8873881181784331,6.970478838574934e-08,0.06391517997670988
0.61925,-0.4619101240422623,0.8869268158785157,6.970856802901437e-08,0.0655027963214689
0.6195,-0.4627964771265592,0.8864646411675771,6.964055510039202e-08,0.06740642906451508
0.61975,-0.4636823410837826,0.8860015946081927,6.95405963924145e-08,0.0669325158897566
0.62,-0.4645677149736048,0.8855376770491622,6.963470888798895e-08,0.0679885984753365
0.62025,-0.4654525973876247,0.8850728886015222,6.927616191809705e-08,0.06507374677951673
0.6205,-0.4663369885901208,0.884607230386725,6.94898849573633e-08,0.06720549116664644
0.62075,-0.46722088678877155,0.88414070252374,6.945542696534801e-08,0.06809685653310202
0.621,-0.4681042907270406,0.8836733059086334,6.92862769380298e-08,0.06584211707263823
0.62125,-0.46898719998550575,0.8832050410299086,6.91254411488984e-08,0.06873285838908448
0.6215,-0.4698696137356142,0.8827359086557148,6.917114037108263e-08,0.06714293537355648
0.62175,-0.4707515312827786,0.8822659090283914,6.921938489057311e-08,0.06818120328449333
0.622,-0.47163295097777785,0.8817950429898624,6.914474770525203e-08,0.06782857373441523
0.62225,-0.4725138722630362,0.8813233109289431,6.893387927142669e-08,0.06867787561230417
0.6225,-0.47339429461200694,0.8808507136660663,6.896860660354776e-08,0.06972214656213498
0.62275,-0.47427421680468795,0.88037725168223,6.900262605746832e-08,0.0688987083513574
0.623,-0.4751536374657198,0.8799029257222654,6.894575110827361e-08,0.06934235352659698
0.62325,-0.4760325560649079,0.8794277359994869,6.863943391444138e-08,0.06966472420435871
0.6235,-0.4769109721432947,0.8789516835285456,6.866416102369044e-08,0.06935499138528547
0.62375,-0.4777888842707194,0.8784747687943051,6.867043089719971e-08,0.07087985824808718
0.624,-0.4786662918676808,0.8779969922446311,6.868048485486611e-08,0.06927664753893144
0.62425,-0.4795431932718017,0.87751835459148,6.842912503302045e-08,0.07036817882017889
0.6245,-0.48041958843922083,0.8770388567193084,6.857580858721235e-08,0.07169366085528972
0.62475,-0.48129547603757233,0.876558498656851,6.84108905080194e-08,0.06991174824705368
0.625,-0.4821708552539065,0.8760772813878235,6.831007937080358e-08,0.07133679648906903
0.62525,-0.48304572539407076,0.8755952053517078,6.822818932050723e-08,0.07291611159480783
0.6255,-0.4839200849665217,0.8751122715587369,6.823334675054582e-08,0.06958315573430114
0.62575,-0.48479393399459403,0.8746284801304384,6.834661525623176e-08,0.073686232273986
0.626,-0.4856672706953246,0.8741438316407169,6.811007757789866e-08,0.0712363001121169
0.62625,-0.48654009449866464,0.8736583271921159,6.811344555046617e-08,0.07308691812540412
0.6265,-0.4874124044345121,0.8731719669358676,6.791963991226169e-08,0.07251263241376903
0.62675,-0.4882841996673735,0.8726847519586072,6.797292928517606e-08,0.07398834556068654
0.627,-0.48915547933585224,0.8721966823502393,6.783352346495519e-08,0.07066779308651057
0.62725,-0.4900262423938031,0.8717077591368891,6.778702132947956e-08,0.07587669140492105
0.6275,-0.4908964882145309,0.871217982727825,6.778484773484195e-08,0.07264653064501704
0.62775,-0.491766215947191,0.8707273538431595,6.793886275779926e-08,0.07437740478458585
0.628,-0.49263542390525883,0.8702358728623666,6.765141735698421e-08,0.07424219224277886
0.62825,-0.4935041117021086,0.8697435406726388,6.740433056151574e-08,0.07492814599831603
0.6285,-0.494372278719683,0.8692503579500439,6.738138336181976e-08,0.07487403541196687
0.62875,-0.4952399240506072,0.868756324851636,6.717168399283935e-08,0.07370742083510987
0.629,-0.4961070467008162,0.8682614429888166,6.758361159597825e-08,0.07572452085107749
0.62925,-0.49697364484887174,0.8677657117953412,6.712102162964584e-08,0.078564414537362
0.6295,-0.49783971919161635,0.8672691327138485,6.728150703239066e-08,0.0733797279630502
0.62975,-0.4987052679458738,0.8667717058846026,6.719953260514444e-08,0.07790852158225213
0.63,-0.4995702899864402,0.8662734325458536,6.728595347560429e-08,0.0741627044083456
0.63025,-0.5004347850974469,0.865774312513647,6.717200062844597e-08,0.0776330219943729
0.6305,-0.5012987516450796,0.8652743470986058,6.707391464466639e-08,0.07961887680732266
0.63075,-0.502162189433617,0.8647735366146364,6.706287258850807e-08,0.07531536009709706
0.631,-0.5030250968438759,0.8642718818256503,6.688461851034333e-08,0.07820841770748299
0.63125,-0.5038874736135952,0.8637693830893021,6.66135804294754e-08,0.07787326200883724
0.6315,-0.5047493188258145,0.8632660416249935,6.67390021025227e-08,0.07976091278068015
0.63175,-0.5056106313999955,0.8627618574851258,6.665794116678114e-08,0.07842136653147466
0.632,-0.5064714104912791,0.862256831637587,6.66753556810562e-08,0.07635836316851834
0.63225,-0.5073316546772304,0.8617509646951653,6.649529016300448e-08,0.08084828146269829
0.6325,-0.5081913641388677,0.8612442571457347,6.652591366673732e-08,0.08047432442934772
0.63275,-0.5090505368964044,0.8607367096534267,6.622976034265093e-08,0.08015574486218612
0.633,-0.5099091732653164,0.8602283231352646,6.645211159117537e-08,0.07887220401881863
0.63325,-0.5107672709872162,0.8597190978310429,6.614357328516007e-08,0.08121980301881415
0.6335,-0.51162483024986,0.8592090348073511,6.62113868177272e-08,0.07992869041836698
0.63375,-0.5124818494151782,0.8586981343076119,6.592168522168151e-08,0.0817719396156827
0.634,-0.5133383286834707,0.8581863974214091,6.620733561391035e-08,0.08264209395482024
0.63425,-0.5141942657020593,0.8576738242056159,6.580418054902282e-08,0.08157437291479207
0.6345,-0.5150496606832238,0.8571604160399445,6.589783518862191e-08,0.08228992381488874
0.63475,-0.5159045124030386,0.856646172997305,6.581437062003204e-08,0.08332355419402876
0.635,-0.5167588200593578,0.8561310961006913,6.590985313081887e-08,0.08143948888760383
0.63525,-0.5176125822363673,0.8556151854698442,6.544799591168271e-08,0.08233920064471202
0.6355,-0.5184657987997335,0.8550984426630692,6.558492393615722e-08,0.08409948103689062
0.63575,-0.5193184686948875,0.8545808675007946,6.551300457680043e-08,0.0848739822588879
0.636,-0.5201705909500022,0.8540624611841584,6.564660615104856e-08,0.08381400491158171
0.63625,-0.5210221641428774,0.8535432237668452,6.518321082893408e-08,0.08425222958925287
0.6365,-0.5218731883510652,0.853023156711028,6.530247453895299e-08,0.08341233673747377
0.63675,-0.5227236623056171,0.8525022600519325,6.52639227105567e-08,0.08720790256197823
0.637,-0.5235735847880818,0.8519805349521449,6.531259066910877e-08,0.08745167197156546
0.63725,-0.5244229553478732,0.8514579814294585,6.511786065921399e-08,0.08442255215593125
0.6375,-0.5252717728753143,0.8509346006098987,6.494734972051219e-08,0.08551171876124754
0.63775,-0.5261200368410895,0.8504103932050183,6.501838933914428e-08,0.08643484499393352
0.638,-0.5269677460854159,0.8498853596596451,6.4989071679733e-08,0.08880310905178679
0.63825,-0.5278148993684937,0.8493595007884487,6.478748582061655e-08,0.08606223433081539
0.6385,-0.5286614965446113,0.8488328170997158,6.4657111664701e-08,0.08765457731210763
0.63875,-0.5295075365233789,0.8483053095383463,6.471300140198366e-08,0.09089834899974782
0.639,-0.5303530180069539,0.8477769786744561,6.463973467596418e-08,0.0857998815053209
0.63925,-0.5311979402640219,0.8472478248780853,6.425069098980885e-08,0.08908230935388518
0.6395,-0.532042303254916,0.8467178493448194,6.442595412714525e-08,0.08873259999506225
0.63975,-0.5328861049934642,0.8461870524146311,6.428463139585006e-08,0.09187763802471427
0.64,-0.5337293453869025,0.8456554348742401,6.432973376213624e-08,0.09025606840451743
0.64025,-0.5345720226200399,0.8451229972890779,6.395747553789022e-08,0.08841224772490602
0.6405,-0.5354141372753924,0.8445897406756495,6.422445486542472e-08,0.09239891983574225
0.64075,-0.5362556870296414,0.8440556651694374,6.38881250125678e-08,0.09247248373481588
0.641,-0.5370966719890635,0.8435207720242333,6.394904117357214e-08,0.09187286034427243
0.64125,-0.5379370905967846,0.8429850614861039,6.366422966586072e-08,0.09213607135586985
0.6415,-0.5387769430247085,0.8424485345667534,6.386435802419044e-08,0.08914805635167855
0.64175,-0.5396162271349534,0.8419111917836015,6.371892080636599e-08,0.09595772602307114
0.642,-0.5404549428771223,0.8413730338025007,6.364516669243869e-08,0.09139853873435363
0.64225,-0.5412930887853307,0.8408340614809973,6.345669456564451e-08,0.09456249664223168
0.6425,-0.5421306651135607,0.8402942752436872,6.353189041519158e-08,0.09433982620651184
0.64275,-0.542967669410691,0.8397536760346361,6.321947898513258e-08,0.0950209514325888
0.643,-0.5438041023179212,0.839212264611627,6.33861858556628e-08,0.09567410452051521
0.64325,-0.5446399616630657,0.8386700413004498,6.300762001032467e-08,0.09361502775838494
0.6435,-0.5454752476641627,0.8381270072642333,6.305998789812861e-08,0.0973053437540469
0.64375,-0.5463099591492673,0.8375831629359315,6.314971456866658e-08,0.09633385759996443
0.644,-0.5471440949910595,0.8370385087033706,6.286797216148443e-08,0.09767510306565719
0.64425,-0.5479776543801123,0.8364930460079272,6.285977294240297e-08,0.0968455424319879
0.6445,-0.5488106367799602,0.8359467749506335,6.279659325869602e-08,0.09603396769203582
0.64475,-0.5496430408300456,0.8353996964394385,6.257200046988487e-08,0.10018031776327238
0.645,-0.5504748661259303,0.8348518112835921,6.251992568095943e-08,0.09958794576810046
0.64525,-0.5513061115036493,0.8343031199223923,6.224675397348278e-08,0.09808928419248762
0.6455,-0.5521367767493247,0.8337536233467605,6.234149085848628e-08,0.09885589262571311
0.64575,-0.552966860095616,0.8332033222046383,6.224842352686721e-08,0.10013603453298478
0.646,-0.5537963613720032,0.8326522171858712,6.232670690664577e-08,0.09863136255651717
0.64625,-0.5546252789827832,0.8321003089837617,6.21487989960201e-08,0.1027283743285533
0.6465,-0.5554536127989155,0.8315475981095887,6.194659474267894e-08,0.10046983955253752
0.64675,-0.5562813616825409,0.8309940856882678,6.190212920031968e-08,0.10408073211271625
0.647,-0.5571085250929813,0.8304397723749757,6.213673708899137e-08,0.10284369296634667
0.64725,-0.5579351013949392,0.8298846582209869,6.165957056047944e-08,0.10084350460318561
0.6475,-0.5587610904998205,0.8293287449298931,6.17117681400714e-08,0.10272485847669462
0.64775,-0.5595864913670184,0.8287720325600556,6.163708610174012e-08,0.10530563141457586
0.648,-0.5604113028107758,0.8282145220708722,6.144357511672638e-08,0.10553367333904136
0.64825,-0.5612355242942044,0.8276562140878987,6.122405027397804e-08,0.10236161868959195
0.6485,-0.5620591552401538,0.8270971095296092,6.129075313943133e-08,0.10616527550031518
0.64875,-0.5628821943034706,0.8265372088264399,6.11192441102304e-08,0.10501741847536612
0.649,-0.5637046411128411,0.82597651302528,6.124077689406704e-08,0.10836463630564355
0.64925,-0.5645264938368442,0.8254150226398593,6.092163817861262e-08,0.10687341022153249
0.6495,-0.5653477529713005,0.8248527383544138,6.088023485339988e-08,0.10517658463422355
0.64975,-0.5661684166649777,0.8242896611964028,6.079210246312527e-08,0.10978093339178047
0.65,-0.5669884847202569,0.8237257916225833,6.079481051912694e-08,0.10924749297646827
0.65025,-0.5678079554157733,0.8231611304161746,6.043073574879543e-08,0.10784124881828508
0.6505,-0.568626829241918,0.8225956784249276,6.054854040371538e-08,0.10880267756102537
0.65075,-0.5694451041362604,0.8220294362707318,6.036016486632434e-08,0.11005544636041867
0.651,-0.5702627799066079,0.8214624048710396,6.038166033839332e-08,0.11172016274126811
0.65125,-0.5710798554395922,0.8208945846529971,6.020075926649326e-08,0.1096714799582102
0.6515,-0.5718963301628055,0.820325976553167,6.013079412170441e-08,0.11185156877121699
0.65175,-0.5727122028705738,0.8197565813122343,5.99607916651479e-08,0.1129768411700046
0.652,-0.5735274730793771,0.8191863998027943,5.999933772038446e-08,0.11350961897559
0.65225,-0.5743421397079018,0.8186154324151573,5.981625128548274e-08,0.11182076836362291
0.6525,-0.5751562017307237,0.8180436803192171,5.964975935413008e-08,0.11448471936169462
0.65275,-0.5759696591898656,0.817471143846314,5.966434368787077e-08,0.11511351634677332
0.653,-0.5767825101623575,0.8168978241721662,5.958320303811604e-08,0.11580936082366959
0.65325,-0.5775947543461655,0.8163237215604582,5.9315260036996165e-08,0.11369490630101618
0.6535,-0.5784063910927737,0.8157488372784063,5.938901748159253e-08,0.1163146221219273
0.65375,-0.579217419273849,0.8151731717478764,5.936387359462003e-08,0.11836981491876414
0.654,-0.5800278377852203,0.8145967256928004,5.905761302216206e-08,0.11705168677270862
0.65425,-0.5808376460178408,0.8140195000399757,5.8738437447303227e-08,0.11868245522340402
0.6545,-0.5816468439750733,0.81344149562657,5.895667531952142e-08,0.11817095030212169
0.65475,-0.5824554295388747,0.8128627130640137,5.884455034355085e-08,0.11940574191334806
0.655,-0.5832634026109426,0.812283152857095,5.86203767749538e-08,0.1188323858210621
0.65525,-0.5840707618417724,0.8117028163840416,5.848210515857488e-08,0.1198926615895911
0.6555,-0.5848775073214276,0.811121703867147,5.852743334422428e-08,0.12126849907524091
0.65575,-0.5856836369149825,0.8105398163323129,5.8204988606647134e-08,0.12282101723134504
0.656,-0.5864891513049922,0.8099571544975261,5.83600880954549e-08,0.12324143275224186
0.65625,-0.587294048105079,0.8093737190801278,5.8038622574585474e-08,0.12116697752521745
0.6565,-0.5880983275925363,0.8087895109042088,5.7932902031154754e-08,0.12374506519474124
0.65675,-0.5889019887142388,0.8082045305955209,5.779335410238673e-08,0.12377571426042805
0.657,-0.5897050305639716,0.8076187793560192,5.79204788575538e-08,0.1259785250852969
0.65725,-0.5905074516352045,0.8070322575131037,5.7551698295910114e-08,0.12324146058921433
0.6575,-0.5913092524186896,0.806444965852887,5.747270526157422e-08,0.12627797922117698
0.65775,-0.5921104312299689,0.8058569055253655,5.74771272798813e-08,0.12858008280851174
0.658,-0.5929109876420772,0.8052680769489973,5.7509918161002815e-08,0.12859803590056668
0.65825,-0.5937109200096629,0.8046784810505869,5.72022984535181e-08,0.12549421633494032
0.6585,-0.5945102288925477,0.8040881185455252,5.7321974500368356e-08,0.13020423860606206
0.65875,-0.5953089118595677,0.80349699026638,5.695327520705007e-08,0.13043865778077562
0.659,-0.5961069694938285,0.8029050969912356,5.6926809266499845e-08,0.1301383109939991
0.65925,-0.5969044000933224,0.8023124395025363,5.67156384079226e-08,0.13031064543178855
0.6595,-0.597701203482197,0.8017190186317351,5.6739948073314395e-08,0.1301006700612969
0.65975,-0.5984973783527122,0.8011248348785098,5.647709300227177e-08,0.13132139201013635
0.66,-0.5992929239176449,0.8005298896648674,5.645230083395347e-08,0.13467204260224502
0.66025,-0.6000878396305751,0.7999341831260036,5.630297716940902e-08,0.13521837073532053
0.6605,-0.600882124311571,0.7993377164877763,5.61585378200391e-08,0.13359104328964538
0.66075,-0.6016757777355864,0.7987404901801238,5.608345210461607e-08,0.1357034265225342
0.661,-0.6024687985068435,0.7981425052886978,5.596139773800246e-08,0.13375153638983273
0.66125,-0.6032611858186456,0.797543762555021,5.5752867655911587e-08,0.1381572001488313
0.6615,-0.6040529395801242,0.7969442627269716,5.585441109623446e-08,0.13772525149047846
0.66175,-0.604844057757974,0.7963440066182116,5.554093718274089e-08,0.1366533446657146
0.662,-0.6056345406716614,0.7957429949923694,5.546699877179151e-08,0.14077983666104463
0.66225,-0.6064243866798478,0.7951412287407731,5.520170653916523e-08,0.13707162514359048
0.6625,-0.6072135958691156,0.7945387086054378,5.524034785153731e-08,0.14174699123850026
0.66275,-0.6080021666316371,0.7939354354016929,5.510761891258653e-08,0.14174624711185344
0.663,-0.6087900985614504,0.7933314099113031,5.502915678690101e-08,0.14314805795320107
0.66325,-0.6095773903037909,0.7927266330491918,5.475754250028331e-08,0.13905929708179027
0.6635,-0.6103640419141123,0.7921211055322136,5.4745652677823387e-08,0.1428560198909149
0.66375,-0.6111500517219036,0.7915148282142629,5.450136830731367e-08,0.14665848537854964
0.664,-0.6119354198919691,0.7909078017756298,5.451395823641292e-08,0.14465102011872885
0.66425,-0.6127201445091828,0.790300027333636,5.434544836369071e-08,0.14479931297959583
0.6645,-0.6135042256570687,0.7896915053645578,5.427200888696859e-08,0.14666080470317105
0.66475,-0.6142876619338458,0.7890822368836306,5.4084710932045255e-08,0.14687253462781535
0.665,-0.615070453085936,0.7884722226675518,5.408882253199465e-08,0.14957035192056878
0.66525,-0.6158525976227054,0.7878614635268395,5.385464207918744e-08,0.1493423549930072
0.6655,-0.6166340952403454,0.787249960307604,5.370860023390378e-08,0.14797196067197396
0.66575,-0.6174149450042009,0.7866377138181457,5.355778842641712e-08,0.15076284125778977
0.666,-0.6181951461449962,0.7860247249434766,5.3469849214948795e-08,0.15185865627887504
0.66625,-0.6189746976781905,0.7854109944413654,5.32775894512838e-08,0.15140446247296543
0.6665,-0.6197535991970676,0.7847965231782572,5.325519891741237e-08,0.15563458508728414
0.66675,-0.6205318494898424,0.7841813118829281,5.3068855976334817e-08,0.15202976343754446
0.667,-0.6213094477499924,0.7835653615286848,5.282548820595423e-08,0.15724916005813178
0.66725,-0.6220863934592771,0.7829486729063468,5.266648872570556e-08,0.15266249033752038
0.6675,-0.6228626860481902,0.7823312468514414,5.273564718244472e-08,0.1568190835867684
0.66775,-0.623638324260115,0.781713084131335,5.269404268481992e-08,0.1587253035881675
0.668,-0.6244133070892215,0.7810941856472051,5.246098311317837e-08,0.16101685025842663
0.66825,-0.6251876340880429,0.7804745522655092,5.2275324513573196e-08,0.15627877310128307
0.6685,-0.6259613043614042,0.7798541847974718,5.20519785052187e-08,0.1596684237491316
0.66875,-0.6267343173967157,0.7792330840878728,5.196991126332762e-08,0.16038363790933077
0.669,-0.6275066720189083,0.7786112510257149,5.182603590725421e-08,0.16618971649586703
0.66925,-0.6282783676166588,0.7779886863742824,5.167071615019836e-08,0.15776846635470007
0.6695,-0.6290494034414381,0.7773653910301671,5.1570755665864e-08,0.16700190033202128
0.66975,-0.6298197784181337,0.7767413658268908,5.1336644046884317e-08,0.16259331884695075
0.67,-0.6305894922131645,0.776116611679557,5.130730529323557e-08,0.1680019111986979
0.67025,-0.6313585436788003,0.7754911293854946,5.12159015197966e-08,0.16386973260779428
0.6705,-0.6321269316617946,0.7748649198342105,5.086091503514467e-08,0.16964756525103794
0.67075,-0.6328946562391561,0.7742379838106686,5.073564302016109e-08,0.16703038697176525
0.671,-0.6336617165171611,0.7736103221892953,5.078864884211498e-08,0.17282682760721957
0.67125,-0.6344281107145946,0.7729819359297032,5.0469259438301606e-08,0.1672375571238872
0.6715,-0.6351938392477788,0.7723528258019003,5.047125561929988e-08,0.17154334155873197
0.67175,-0.6359589003471314,0.7717229927119689,5.020552373835585e-08,0.17187977994727932
0.672,-0.6367232939402391,0.7710924375011371,5.0108775351276336e-08,0.17705289108651634
0.67225,-0.6374870186215702,0.7704611610958549,4.9834094184575406e-08,0.17000633569355714
0.6725,-0.6382500743638093,0.7698291642617328,4.9786661682205136e-08,0.1777009029332629
0.67275,-0.6390124598291617,0.7691964479366085,4.96676044736688e-08,0.17404831994961156
0.673,-0.6397741742287707,0.7685630129976734,4.947908238683851e-08,0.17890234398531163
0.67325,-0.6405352167511325,0.767928860383047,4.925381147380392e-08,0.17820733619331244
0.6735,-0.6412955870883306,0.7672939907611334,4.9138555224814695e-08,0.1796358907252563
0.67375,-0.642055284116059,0.7666584052471143,4.9098699772542886e-08,0.18043882180063428
0.674,-0.6428143068679485,0.7660221045098834,4.8855934631220066e-08,0.18274390638911517
0.67425,-0.6435726547761789,0.7653850897358492,4.8782805128766427e-08,0.18040137633383294
0.6745,-0.6443303270714759,0.7647473614147716,4.8587444068104446e-08,0.18522653289396923
0.67475,-0.6450873229905677,0.7641089206990268,4.8487483139680876e-08,0.18301580534590978
0.675,-0.6458436415025406,0.7634697683184063,4.8202710489775313e-08,0.19000765475106624
0.67525,-0.6465992820552806,0.7628299054006096,4.806395237366701e-08,0.18432924387390776
0.6755,-0.6473542438675417,0.7621893326093144,4.78983732676852e-08,0.18569239802721638
0.67575,-0.6481085263005677,0.761548051015742,4.793468333375017e-08,0.1897484944517964
0.676,-0.6488621280610504,0.7609060612503554,4.76397210569246e-08,0.19623967985647936
0.67625,-0.649615048603664,0.7602633645246559,4.740534409464203e-08,0.1853896020348907
0.6765,-0.6503672877324117,0.7596199613975817,4.735303749114905e-08,0.19310184633784938
0.67675,-0.6511188438159867,0.7589758530884065,4.717176982360627e-08,0.19160295680615572
0.677,-0.6518697164485898,0.758331040282638,4.693945543365885e-08,0.19745718630025902
0.67725,-0.6526199047105159,0.7576855241359652,4.67547764948506e-08,0.19431643284113714
0.6775,-0.6533694083319128,0.7570393052169055,4.669364339626725e-08,0.19798259597431875
0.67775,-0.6541182258965678,0.7563923846090819,4.6472342196679506e-08,0.19731492273814338
0.678,-0.654866356890944,0.7557447633881179,4.638808870360833e-08,0.20304637571928863
0.67825,-0.6556138006019196,0.7550964420241968,4.614864623775361e-08,0.19645475198543566
0.6785,-0.6563605561454611,0.7544474218320892,4.598633163155341e-08,0.20198267618473825
0.67875,-0.6571066225712783,0.7537977036284201,4.5711254781366506e-08,0.20087589507169845
0.679,-0.6578519997950688,0.7531472882501817,4.571648570816933e-08,0.20878494588278737
0.67925,-0.6585966861578179,0.7524961768333966,4.5583467889187546e-08,0.20261795229579582
0.6795,-0.6593406814481432,0.7518443698323808,4.533057462730028e-08,0.20595587894821113
0.67975,-0.6600839846895827,0.7511918685477298,4.510795248435784e-08,0.20633769457805914
0.68,-0.6608265953251,0.7505386738008235,4.4979830082780836e-08,0.21526720458222967
0.68025,-0.6615685122103869,0.7498847866685985,4.481263604638741e-08,0.20438863856025746
0.6805,-0.6623097348053177,0.7492302078704639,4.460175362375196e-08,0.21379105825737096
0.68075,-0.6630502624034846,0.7485749383419561,4.439349554630212e-08,0.21104621979873764
0.681,-0.6637900940673306,0.7479189792688995,4.426627309150888e-08,0.21916861797242204
0.68125,-0.6645292291430085,0.7472623313364295,4.410987752834217e-08,0.21132982974327313
0.6815,-0.6652676668540078,0.7466049953686098,4.3835367558031635e-08,0.21600312035460834
0.68175,-0.666005406398763,0.7459469728424084,4.38225662424685e-08,0.2160158704299118
0.682,-0.6667424469647828,0.7452882640597412,4.3564883478453e-08,0.22262365755726324
0.68225,-0.6674787878344199,0.7446288703353119,4.337287373701315e-08,0.21771191384780808
0.6825,-0.6682144283364717,0.7439687927579636,4.341738879531931e-08,0.22384058228464773
0.68275,-0.6689493675673027,0.7433080315316652,4.305408585203452e-08,0.22076737537486654
0.683,-0.6696836048528043,0.7426465881443854,4.274557086070274e-08,0.2298881761172214
0.68325,-0.6704171392266476,0.741984463943318,4.265104669443076e-08,0.22222725497646864
0.6835,-0.6711499701925264,0.7413216591799132,4.24293433720635e-08,0.22605764298631778
0.68375,-0.671882096862298,0.7406581753739983,4.2416208545503764e-08,0.2269390429517661
0.684,-0.672613518538067,0.739994012751923,4.2114425058414895e-08,0.23492204871297787
0.68425,-0.6733442342708227,0.7393291732185787,4.209891302231483e-08,0.22755396317156862
0.6845,-0.6740742435388237,0.7386636566055941,4.169619138849612e-08,0.23633254066218037
0.68475,-0.6748035454006821,0.7379974647908509,4.146152599027175e-08,0.23033652165421775
0.685,-0.6755321392511848,0.7373305985404247,4.1352630653079814e-08,0.24016391653672167
0.68525,-0.6762600241197569,0.7366630588698371,4.126295882755926e-08,0.23215664907267894
0.6855,-0.6769871994617159,0.7359948464241955,4.109899531812289e-08,0.24035631901510943
0.68575,-0.6777136644284157,0.7353259621792928,4.080394622185679e-08,0.23816094641732818
0.686,-0.6784394182685638,0.7346564072779347,4.0507554199820106e-08,0.24596425239822348
0.68625,-0.6791644601321236,0.7339861831290264,4.046543700120253e-08,0.23729015969459819
0.6865,-0.6798887894387439,0.7333152900556147,4.031691469563725e-08,0.2468962276751028
0.68675,-0.6806124052733024,0.7326437292970831,4.014512300365425e-08,0.2430177904035864
0.687,-0.6813353070165474,0.7319715013487657,3.968704853640759e-08,0.25250588711575644
0.68725,-0.6820574936754724,0.7312986083490429,3.9626056214103755e-08,0.2458141377131862
0.6875,-0.6827789648252797,0.7306250503333875,3.949127203028979e-08,0.25148429901157204
0.68775,-0.683499719448342,0.7299508281088237,3.8971359250794535e-08,0.24871398299283534
0.688,-0.6842197569374058,0.7292759437646523,3.8968652749105104e-08,0.25764470515505894
0.68825,-0.6849390764468453,0.7286003974483464,3.8802872026622026e-08,0.25163975562002905
0.6885,-0.6856576772021855,0.7279241902482353,3.8527422141498846e-08,0.25821416958467747
0.68875,-0.6863755586432119,0.7272473234940083,3.851598928683586e-08,0.2549178576665867
0.689,-0.6870927197563006,0.7265697974592272,3.80610256645042e-08,0.26579913240521824
0.68925,-0.6878091599917544,0.7258916144277947,3.8232575771957045e-08,0.2576295874393354
0.6895,-0.6885248783094149,0.7252127738908664,3.773273893337148e-08,0.2641463284017607
0.68975,-0.6892398744548428,0.7245332777212024,3.753197752587312e-08,0.2606175744265981
0.69,-0.6899541472273144,0.7238531269861453,3.736189491121422e-08,0.2748835726547558
0.69025,-0.6906676959609861,0.7231723221943298,3.6915997592146255e-08,0.2579130839328243
0.6905,-0.6913805200981651,0.7224908651407173,3.689149496999278e-08,0.2744249055467852
0.69075,-0.6920926189171757,0.7218087565736929,3.7113047079984085e-08,0.26638303091355564
0.691,-0.6928039913001971,0.7211259959408962,3.61916159263842e-08,0.27915691569493734
0.69125,-0.6935146368229006,0.7204425871465219,3.643098600569772e-08,0.26917577646707025
0.6915,-0.694224554537554,0.7197585289362257,3.604965193026999e-08,0.2769659294992335
0.69175,-0.6949337440119183,0.7190738228519956,3.563870221157117e-08,0.2756864976777008
0.692,-0.6956422042997833,0.7183884711040153,3.590911235029637e-08,0.28729462607225936
0.69225,-0.6963499344076958,0.7177024729918884,3.544413651468403e-08,0.27625802640455155
0.6925,-0.697056933870988,0.7170158309270874,3.5428841638207587e-08,0.27913593030586525
0.69275,-0.697763202185468,0.7163285450519008,3.539014503672888e-08,0.2897793403575154
0.693,-0.6984687375265831,0.7156406158114919,3.415051441635342e-08,0.2877078543355668
0.69325,-0.6991735408253064,0.7149520470008639,3.4850460295388075e-08,0.2872772071622373
0.6935,-0.6998776098386937,0.7142628363873121,3.409878490678864e-08,0.28563491756647136
0.69375,-0.7005809449847847,0.713572986883177,3.4042575647319495e-08,0.2980545111601299
0.694,-0.7012835442463562,0.7128824995555191,3.380162727495417e-08,0.29076060212387694
0.69425,-0.7019854081272214,0.7121913747873094,3.3772489027583674e-08,0.2946074042864085
0.6945,-0.7026865353375988,0.711499613082947,3.318097041571377e-08,0.2954313597005917
0.69475,-0.7033869252421494,0.7108072172847787,3.337286713644971e-08,0.3042131052058972
0.695,-0.7040865767575222,0.7101141868388324,3.2959950768685076e-08,0.3010757941969172
0.69525,-0.7047854896125934,0.7094205238900173,3.304242435220317e-08,0.300574762109503
0.6955,-0.7054836626574084,0.7087262281022104,3.2338248745489295e-08,0.3025790463256951
0.69575,-0.7061810955444521,0.7080313025294644,3.253296587679699e-08,0.3097921515970483
0.696,-0.7068777870793208,0.7073357463831559,3.1988786508563294e-08,0.3124862911388272
0.69625,-0.7075737368336306,0.706639561712862,3.1617226392555153e-08,0.3051917318651375
0.6965,-0.7082689439023976,0.7059427498050733,3.1449482573719933e-08,0.31203386638210545
0.69675,-0.7089634081010144,0.7052453106991453,3.114466928799686e-08,0.31539688112433517
0.697,-0.7096571285808179,0.704547246425177,3.1295434688161095e-08,0.3208887017792236
0.69725,-0.7103501034343367,0.7038485576233313,3.0758807945119315e-08,0.31590439068972276
0.6975,-0.7110423325984899,0.703149245597062,3.016540905953491e-08,0.3179583252310557
0.69775,-0.7117338160731584,0.7024493108232474,2.9609057428103824e-08,0.3248595379260838
0.698,-0.7124245521579472,0.7017487556970414,2.9319898287027968e-08,0.3231798677884292
0.69825,-0.7131145412716515,0.7010475801915135,2.933272691407751e-08,0.32690743516268683
0.6985,-0.7138037813778514,0.7003457854201195,2.873252125112913e-08,0.32795303774683604
0.69875,-0.7144922725095834,0.6996433736909533,2.891278350070081e-08,0.3326305669810798
0.699,-0.7151800128944761,0.6989403439367825,2.761310491372626e-08,0.3312527220423813
0.69925,-0.7158670042582074,0.6982366993215123,2.8032509646891413e-08,0.33247921571695904
0.6995,-0.7165532425128944,0.6975324408869463,2.77227216738396e-08,0.33810692669948
0.69975,-0.7172387299882634,0.6968275672461285,2.713466695780653e-08,0.33824975451755906
0.7,-0.7179234632678436,0.6961220823991209,2.6357091176265612e-08,0.3475567288270892
0.70025,-0.7186074444550918,0.6954159875632513,2.7492424559127926e-08,0.3390030626515108
0.7005,-0.7192906705358806,0.6947092804065086,2.6501442373927375e-08,0.34306781470226366
0.70075,-0.7199731418932305,0.6940019642612018,2.5723007723854607e-08,0.3486687355433354
0.701,-0.7206548560699864,0.6932940424861719,2.546203514697254e-08,0.3503543865941607
0.70125,-0.7213358160359817,0.6925855129464651,2.611980653988155e-08,0.35128376299167524
0.7015,-0.7220160169086861,0.6918763765581903,2.4555987243601862e-08,0.3541849317723871
0.70175,-0.7226954609717207,0.6911666374143292,2.4991879010727303e-08,0.36731182807264057
0.702,-0.7233741487240266,0.6904562968607593,2.845844115917373e-08,0.388656251659
0.70225,-0.7240520884889319,0.6897453650961688,4.775841433435346e-08,0.5546316357617802
0.7025,-0.7247293357831184,0.6890338971548886,1.6078653386486508e-07,1.4462235126238447
0.70275,-0.7254062008722194,0.6883221889893102,7.960591343891821e-07,6.436995754663276
0.703,-0.726084432513827,0.6876119002101296,4.364215232532942e-06,0.0
0.70325,-0.7267619737066514,0.6869010819013326,8.031339353120615e-06,0.0
0.7035,-0.7274388246504329,0.6861897359602477,1.1798603395396512e-05,0.0
0.70375,-0.7281149855449118,0.6854778642842037,1.5667176620048906e-05,0.0
0.704,-0.7287904565898287,0.6847654687705296,1.963822563721962e-05,0.0
0.70425,-0.7294652379849239,0.6840525513165538,2.3712914392959306e-05,0.0
0.7045,-0.730139329929938,0.6833391138196054,2.7892404158125217e-05,0.0
0.70475,-0.7308127326246114,0.6826251581770132,3.2177853514836485e-05,0.0
0.705,-0.7314854462686846,0.6819106862861057,3.657041834448371e-05,0.0
0.70525,-0.7321574710618978,0.6811957000442119,4.107125181507243e-05,0.0
0.7055,-0.7328288072039916,0.6804802013486606,4.568150436945473e-05,0.0
0.70575,-0.7334994548947065,0.6797641920967805,5.040232371289477e-05,0.0
0.706,-0.7341694143337827,0.6790476741859004,5.5234854800412236e-05,0.0
0.70625,-0.7348386857209608,0.678330649513349,6.0180239824791926e-05,0.0
0.7065,-0.7355072692559814,0.6776131199764552,6.52396182043713e-05,0.0
0.70675,-0.7361751651385846,0.6768950874725478,7.041412657060597e-05,0.0
0.707,-0.736842373568511,0.6761765538989555,7.570489875630138e-05,0.0
0.70725,-0.7375088947455011,0.675457521153007,8.111306578295618e-05,0.0
0.7075,-0.7381747288692952,0.6747379911320313,8.66397558496601e-05,0.0
0.70775,-0.7388398761396341,0.674017965733357,9.22860943197712e-05,0.0
0.708,-0.7395043367562577,0.6732974468543129,9.80532037091475e-05,0.0
0.70825,-0.7401681109189067,0.672576436392228,0.00010394220367504481,0.0
0.7085,-0.7408311988273215,0.6718549362444308,0.00010995421100301606,0.0
0.70875,-0.7414936006812427,0.6711329483082502,0.00011609033959580906,0.0
0.709,-0.7421553166804105,0.6704104744810151,0.00012235170046070998,0.0
0.70925,-0.7428163470245656,0.669687516660054,0.00012873940169821907,0.0
0.7095,-0.7434766919134481,0.6689640767426959,0.0001352545484893941,0.0
0.70975,-0.7441363515467987,0.6682401566262695,0.00014189824308519228,0.0
0.71,-0.7447953261243576,0.6675157582081037,0.0001486715847938136,0.0
0.71025,-0.7454536158458657,0.666790883385527,0.00015557566996893257,0.0
0.7105,-0.746111220911063,0.6660655340558685,0.00016261159199837394,0.0
0.71075,-0.7467681415196898,0.6653397121164568,0.00016978044129145609,0.0
0.711,-0.7474243778714871,0.6646134194646207,0.00017708330526922111,0.0
0.71125,-0.7480799301661949,0.663886657997689,0.00018452126835044602,0.0
0.7115,-0.7487347986035539,0.6631594296129906,0.00019209541194209478,0.0
0.71175,-0.7493889833833043,0.662431736207854,0.0001998068144255516,0.0
0.712,-0.7500424847051868,0.6617035796796084,0.00020765655114751702,0.0
0.71225,-0.7506953027689415,0.660974961925582,0.00021564569440579717,0.0
0.7125,-0.7513474377743091,0.6602458848431043,0.00022377531344108803,0.0
0.71275,-0.7519988899210299,0.6595163503295035,0.00023204647442165438,0.0
0.713,-0.7526496594088445,0.6587863602821087,0.0002404602404353362,0.0
0.71325,-0.7532997464374931,0.6580559165982484,0.0002490176714757819,0.0
0.7135,-0.7539491512067164,0.6573250211752516,0.00025771982443245633,0.0
0.71375,-0.7545978739162547,0.656593675910447,0.00026656775307887237,0.0
0.714,-0.7552459147658483,0.6558618827011635,0.00027556250806104465,0.0
0.71425,-0.755893273955238,0.6551296434447297,0.0002847051368861653,0.0
0.7145,-0.7565399516841639,0.6543969600384745,0.0002939966839117236,0.0
0.71475,-0.7571859481523666,0.6536638343797267,0.00030343819033507025,0.0
0.715,-0.7578312635595865,0.652930268365815,0.0003130306941796501,0.0
0.71525,-0.7584758981055639,0.6521962638940684,0.00032277523028700905,0.0
0.7155,-0.7591198519900396,0.6514618228618152,0.0003326728303032489,0.0
0.71575,-0.7597631254127537,0.6507269471663846,0.0003427245226699238,0.0
0.716,-0.7604057185734467,0.6499916387051052,0.0003529313326111616,0.0
0.71625,-0.7610476316718593,0.649255899375306,0.00036329428212411585,0.0
0.7165,-0.7616888649077315,0.6485197310743156,0.00037381438996630934,0.0
0.71675,-0.762329418480804,0.6477831356994628,0.0003844926716474184,0.0
0.717,-0.7629692925908171,0.6470461151480763,0.00039533013941528417,0.0
0.71725,-0.7636084874375115,0.646308671317485,0.0004063278022470307,0.0
0.7175,-0.7642470032206274,0.6455708061050176,0.0004174866658379628,0.0
0.71775,-0.7648848401399053,0.6448325214080031,0.00042880773258979765,0.0
0.718,-0.7655219983950856,0.64409381912377,0.0004402920016011169,0.0
0.71825,-0.7661584781859089,0.6433547011496472,0.00045194046865626447,0.0
0.7185,-0.7667942797121154,0.6426151693829635,0.00046375412621357803,0.0
0.71875,-0.7674294031734457,0.6418752257210476,0.0004757339633965074,0.0
0.719,-0.7680638487696402,0.6411348720612285,0.00048788096598184616,0.0
0.71925,-0.7686976167004393,0.6403941103008348,0.0005001961163892954,0.0
0.7195,-0.7693307071655835,0.6396529423371953,0.0005126803936710278,0.0
0.71975,-0.7699631203648132,0.6389113700676388,0.0005253347735014735,0.0
0.72,-0.7705948564978689,0.6381693953894938,0.0005381602281659958,0.0
0.72025,-0.7712259157644907,0.6374270202000897,0.0005511577265515655,0.0
0.7205,-0.7718562983644196,0.6366842463967548,0.0005643282341358802,0.0
0.72075,-0.7724860044973957,0.635941075876818,0.0005776727129760406,0.0
0.721,-0.7731150343631594,0.635197510537608,0.0005911921216994465,0.0
0.72125,-0.7737433881614514,0.6344535522764538,0.0006048874154940265,0.0
0.7215,-0.7743710660920118,0.6337092029906841,0.0006187595460955819,0.0
0.72175,-0.7749980683545812,0.6329644645776276,0.000632809461779793,0.0
0.722,-0.7756243951489001,0.6322193389346131,0.0006470381073520048,0.0
0.72225,-0.7762500466747089,0.6314738279589696,0.0006614464241350149,0.0
0.7225,-0.7768750231317479,0.6307279335480256,0.0006760353499610794,0.0
0.72275,-0.7774993247197578,0.6299816575991098,0.0006908058191608113,0.0
0.723,-0.7781229516384789,0.6292350020095513,0.0007057587625538542,0.0
0.72325,-0.7787459040876514,0.6284879686766787,0.0007208951074377801,0.0
0.7235,-0.7793681822670162,0.6277405594978208,0.0007362157775794298,0.0
0.72375,-0.7799897863763133,0.6269927763703065,0.0007517216932040327,0.0
0.724,-0.7806107166152835,0.6262446211914643,0.0007674137709854367,0.0
0.72425,-0.7812309731836669,0.6254960958586233,0.0007832929240372266,0.0
0.7245,-0.7818505562812043,0.6247472022691121,0.0007993600619013996,0.0
0.72475,-0.7824694661076358,0.6239979423202595,0.0008156160905397059,0.0
0.725,-0.783087702862702,0.6232483179093944,0.0008320619123234341,0.0
0.72525,-0.7837052667461434,0.6224983309338454,0.000848698426024308,0.0
0.7255,-0.7843221579577003,0.6217479832909415,0.0008655265268040502,0.0
0.72575,-0.7849383766971132,0.6209972768780112,0.000882547106204834,0.0
0.726,-0.7855539231641226,0.6202462135923835,0.0008997610521410682,0.0
0.72625,-0.7861687975584688,0.6194947953313872,0.0009171692488874061,0.0
0.7265,-0.7867830000798923,0.6187430239923508,0.0009347725770718629,0.0
0.72675,-0.7873965309281336,0.6179909014726035,0.0009525719136647126,0.0
0.727,-0.788009390302933,0.6172384296694738,0.0009705681319698289,0.0
0.72725,-0.7886215784040309,0.6164856104802905,0.0009887621016140269,0.0
0.7275,-0.7892330954311682,0.6157324458023825,0.0010071546885404015,0.0
0.72775,-0.7898439415840848,0.6149789375330784,0.0010257467549958932,0.0
0.728,-0.7904541170625212,0.6142250875697071,0.0010445391595241826,0.0
0.72825,-0.7910636220662182,0.6134708978095975,0.0010635327569565867,0.0
0.7285,-0.7916724567949158,0.6127163701500782,0.00108272839840029,0.0
0.72875,-0.7922806214483546,0.6119615064884779,0.0011021269312330162,0.0
0.729,-0.7928881162262753,0.6112063087221257,0.0011217291990908151,0.0
0.72925,-0.793494941328418,0.6104507787483502,0.0011415360418609577,0.0
0.7295,-0.7941010969545232,0.6096949184644801,0.0011615482956714995,0.0
0.72975,-0.7947065833043315,0.6089387297678442,0.0011817667928837317,0.0
0.73,-0.7953114005775832,0.6081822145557715,0.0012021923620819663,0.0
0.73025,-0.7959155489740188,0.6074253747255907,0.0012228258280662097,0.0
0.7305,-0.7965190286933785,0.6066682121746304,0.0012436680118410592,0.0
0.73075,-0.7971218399354032,0.6059107288002195,0.001264719730609265,0.0
0.731,-0.7977239828998329,0.6051529264996867,0.0012859817977619592,0.0
0.73125,-0.7983254577864083,0.604394807170361,0.0013074550228697746,0.0
0.7315,-0.7989262647948696,0.6036363727095708,0.0013291402116737405,0.0
0.73175,-0.7995264041249575,0.6028776250146455,0.001351038166079066,0.0
0.732,-0.8001258759764123,0.6021185659829131,0.001373149684142927,0.0
0.73225,-0.8007246805489745,0.601359197511703,0.001395475560068915,0.0
0.7325,-0.8013228180423844,0.6005995214983437,0.001418016584197268,0.0
0.73275,-0.8019202886563827,0.5998395398401641,0.001440773542996876,0.0
0.733,-0.8025170925907095,0.599079254434493,0.0014637472190559553,0.0
0.73325,-0.8031132300451054,0.598318667178659,0.0014869383910751655,0.0
0.7335,-0.8037087012193109,0.597557779969991,0.0015103478338582832,0.0
0.73375,-0.8043035063130664,0.5967965947058178,0.0015339763183037647,0.0
0.734,-0.8048976455261123,0.5960351132834683,0.0015578246113980843,0.0
0.73425,-0.805491119058189,0.5952733376002709,0.0015818934762048542,0.0
0.7345,-0.806083927109037,0.5945112695535547,0.0016061836718594957,0.0
0.73475,-0.8066760698783968,0.5937489110406484,0.001630695953559469,0.0
0.735,-0.8072675475660087,0.5929862639588809,0.0016554310725567234,0.0
0.73525,-0.8078583603716132,0.5922233302055808,0.0016803897761499265,0.0
0.7355,-0.8084485084949506,0.5914601116780769,0.0017055728076755816,0.0
0.73575,-0.8090379921357618,0.5906966102736981,0.001730980906501589,0.0
0.736,-0.8096268114937866,0.5899328278897731,0.001756614808018142,0.0
0.73625,-0.8102149667687659,0.5891687664236307,0.0017824752436306213,0.0
0.7365,-0.8108024581604399,0.5884044277725997,0.0018085629407509352,0.0
0.73675,-0.8113892858685492,0.5876398138340089,0.0018348786227913028,0.0
0.737,-0.8119754500928341,0.5868749265051869,0.0018614230091551498,0.0
0.73725,-0.8125609510330352,0.5861097676834627,0.0018881968152300033,0.0
0.7375,-0.8131457888888927,0.585344339266165,0.001915200752380608,0.0
0.73775,-0.8137299638601472,0.5845786431506226,0.001942435527939601,0.0
0.738,-0.8143134761465392,0.5838126812341644,0.001969901845202404,0.0
0.73825,-0.814896325947809,0.5830464554141188,0.0019976004034170103,0.0
0.7385,-0.815478513463697,0.582279967587815,0.0020255318977795422,0.0
0.73875,-0.8160600388939439,0.5815132196525816,0.002053697019424705,0.0
0.739,-0.8166409024382898,0.5807462135057475,0.0020820964554189025,0.0
0.73925,-0.8172211042964752,0.5799789510446411,0.00211073088875402,0.0
0.7395,-0.8178006446682409,0.5792114341665917,0.0021396009983389863,0.0
0.73975,-0.8183795237533269,0.578443664768928,0.0021687074589937794,0.0
0.74,-0.8189577417514737,0.5776756447489784,0.0021980509414400995,0.0
0.74025,-0.819535298862422,0.5769073760040718,0.002227632112297595,0.0
0.7405,-0.820112195285912,0.5761388604315374,0.0022574516340740924,0.0
0.74075,-0.8206884312216842,0.5753700999287035,0.002287510165159823,0.0
0.741,-0.8212640068694792,0.574601096392899,0.002317808359820317,0.0
0.74125,-0.8218389224290371,0.5738318517214529,0.0023483468681895214,0.0
0.7415,-0.8224131781000986,0.5730623678116937,0.0023791263362626935,0.0
0.74175,-0.8229867740824041,0.5722926465609504,0.002410147405890406,0.0
0.742,-0.8235597105756939,0.5715226898665516,0.0024414107147705533,0.0
0.74225,-0.8241319877797085,0.5707524996258263,0.0024729168964428005,0.0
0.7425,-0.8247036058941886,0.5699820777361031,0.0025046665802819224,0.0
0.74275,-0.8252745651188741,0.5692114260947108,0.002536660391489587,0.0
0.743,-0.8258448656535059,0.5684405465989781,0.0025688989510905813,0.0
0.74325,-0.8264145076978243,0.567669441146234,0.00260138287592393,0.0
0.7435,-0.8269834914515697,0.5668981116338072,0.002634112778637343,0.0
0.74375,-0.8275518171144824,0.5661265599590264,0.0026670892676805558,0.0
0.744,-0.8281194848863034,0.5653547880192206,0.002700312947300443,0.0
0.74425,-0.8286864949667724,0.5645827977117183,0.002733784417531915,0.0
0.7445,-0.8292528475556302,0.5638105909338484,0.0027675042741943656,0.0
0.74475,-0.8298185428526172,0.5630381695829397,0.0028014731088841227,0.0
0.745,-0.830383581057474,0.5622655355563209,0.002835691508968452,0.0
0.74525,-0.8309479623699407,0.561492690751321,0.0028701600575795627,0.0
0.7455,-0.831511686989758,0.5607196370652686,0.00290487933360839,0.0
0.74575,-0.8320747551166662,0.5599463763954925,0.002939849911699488,0.0
0.746,-0.8326371669504058,0.5591729106393215,0.0029750723622439246,0.0
0.74625,-0.8331989226907172,0.5583992416940844,0.0030105472513737297,0.0
0.7465,-0.8337600225373409,0.55762537145711,0.003046275140956567,0.0
0.74675,-0.8343204666900172,0.5568513018257271,0.0030822565885886277,0.0
0.747,-0.8348802553484868,0.5560770346972643,0.0031184921475910787,0.0
0.74725,-0.8354393887124898,0.5553025719690505,0.0031549823670025123,0.0
0.7475,-0.8359978669817669,0.5545279155384145,0.0031917277915738396,0.0
0.74775,-0.8365556903560585,0.5537530673026851,0.003228728961762517,0.0
0.748,-0.8371128590351048,0.5529780291591911,0.003265986413727884,0.0
0.74825,-0.8376693732186464,0.5522028030052613,0.0033035006793245003,0.0
0.7485,-0.8382252331064239,0.5514273907382243,0.0033412722860977073,0.0
0.74875,-0.8387804388981777,0.550651794255409,0.0033793017572769646,0.0
0.749,-0.8393349907936479,0.5498760154541442,0.00341758961177252,0.0
0.74925,-0.8398888889925753,0.5491000562317587,0.003456136364167639,0.0
0.7495,-0.8404421336947001,0.5483239184855813,0.003494942524715716,0.0
0.74975,-0.8409947250997629,0.5475476041129408,0.0035340085993336157,0.0
0.75,-0.8415466634075041,0.5467711150111657,0.0035733350895970073,0.0
0.75025,-0.8420979488176641,0.5459944530775851,0.003612922492735038,0.0
0.7505,-0.8426485815299833,0.5452176202095277,0.00365277130162589,0.0
0.75075,-0.8431985617442022,0.5444406183043222,0.0036928820047912314,0.0
0.751,-0.8437478896600612,0.5436634492592975,0.0037332550863917735,0.0
0.75125,-0.8442965654773007,0.5428861149717823,0.0037738910262217207,0.0
0.7515,-0.8448445893956613,0.5421086173391054,0.0038147902997047733,0.0
0.75175,-0.8453919616148833,0.5413309582585957,0.003855953377888799,0.0
0.752,-0.8459386823347071,0.5405531396275818,0.0038973807274409467,0.0
0.75225,-0.8464847517548733,0.5397751633433925,0.003939072810643873,0.0
0.7525,-0.8470301700751222,0.5389970313033567,0.0039810300853906355,0.0
0.75275,-0.8475749374951943,0.5382187454048031,0.004023253005179583,0.0
0.753,-0.84811905421483,0.5374403075450604,0.004065742019110585,0.0
0.75325,-0.8486625204337698,0.5366617196214576,0.004108497571880143,0.0
0.7535,-0.849205336351754,0.5358829835313235,0.004151520103778061,0.0
0.75375,-0.849747502168523,0.5351041011719866,0.00419481005068123,0.0
0.754,-0.8502890180838176,0.5343250744407757,0.004238367844050961,0.0
0.75425,-0.8508298842973779,0.5335459052350199,0.004282193910927656,0.0
0.7545,-0.8513701010089445,0.5327665954520477,0.004326288673928147,0.0
0.75475,-0.8519096684182577,0.5319871469891881,0.004370652551239029,0.0
0.755,-0.852448586725058,0.5312075617437697,0.0044152859566153335,0.0
0.75525,-0.8529868561290859,0.5304278416131214,0.004460189299375195,0.0
0.7555,-0.8535244768300818,0.5296479884945717,0.004505362984394745,0.0
0.75575,-0.854061449027786,0.5288680042854499,0.004550807412107005,0.0
0.756,-0.8545977729219392,0.5280878908830844,0.004596522978495443,0.0
0.75625,-0.8551334487122815,0.527307650184804,0.004642510075091311,0.0
0.7565,-0.8556684765985536,0.5265272840879376,0.0046887690889696465,0.0
0.75675,-0.8562028567804958,0.5257467944898139,0.004735300402746168,0.0
0.757,-0.8567365894578488,0.5249661832877618,0.00478210439457305,0.0
0.75725,-0.8572696748303528,0.5241854523791099,0.004829181438134267,0.0
0.7575,-0.8578021130977481,0.523404603661187,0.004876531902644254,0.0
0.75775,-0.8583339044597754,0.5226236390313221,0.004924156152843473,0.0
0.758,-0.8588650491161751,0.521842560386844,0.004972054548994187,0.0
0.75825,-0.8593955472666874,0.521061369625081,0.005020227446878023,0.0
0.7585,-0.8599253991110531,0.5202800686433624,0.005068675197792638,0.0
0.75875,-0.8604546048490125,0.5194986593390167,0.005117398148547725,0.0
0.759,-0.8609831646803059,0.5187171436093729,0.005166396641462345,0.0
0.75925,-0.8615110788046738,0.5179355233517597,0.005215671014362044,0.0
0.7595,-0.8620383474218567,0.5171538004635057,0.005265221600575076,0.0
0.75975,-0.8625649707315951,0.5163719768419399,0.005315048728929739,0.0
0.76,-0.8630909489336293,0.515590054384391,0.005365152723751265,0.0
0.76025,-0.8636162822276996,0.5148080349881878,0.00541553390485916,0.0
0.7605,-0.8641409708135468,0.514025920550659,0.005466192587563645,0.0
0.76075,-0.864665014890911,0.5132437129691336,0.005517129082663441,0.0
0.761,-0.865188414659533,0.51246141414094,0.005568343696443101,0.0
0.76125,-0.8657111703191528,0.5116790259634074,0.0056198367306694585,0.0
0.7615,-0.8662332820695111,0.5108965503338644,0.005671608482590074,0.0
0.76175,-0.8667547501103484,0.5101139891496398,0.00572365924492968,0.0
0.762,-0.8672755746414049,0.5093313443080623,0.005775989305887741,0.0
0.76225,-0.8677957558624214,0.5085486177064609,0.005828598949136676,0.0
0.7625,-0.8683152939731379,0.507765811242164,0.005881488453818529,0.0
0.76275,-0.8688341891732951,0.5069829268125007,0.005934658094543632,0.0
0.763,-0.8693524416626334,0.5061999663147997,0.005988108141386839,0.0
0.76325,-0.8698700516408931,0.5054169316463898,0.006041838859886406,0.0
0.7635,-0.8703870193078149,0.5046338247045997,0.006095850511041112,0.0
0.76375,-0.870903344863139,0.5038506473867583,0.006150143351308701,0.0
0.764,-0.871419028506606,0.5030674015901943,0.006204717632603218,0.0
0.76425,-0.8719340704379563,0.5022840892122364,0.0062595736022932336,0.0
0.7645,-0.8724484708569302,0.5015007121502136,0.0063147115031993994,0.0
0.76475,-0.8729622299632682,0.5007172723014546,0.0063701315735931185,0.0
0.765,-0.8734753479567109,0.4999337715632881,0.006425834047194545,0.0
0.76525,-0.8739878250369986,0.499150211833043,0.006481819153170143,0.0
0.7655,-0.8744996614038716,0.4983665950080479,0.006538087116131797,0.0
0.76575,-0.8750108572570705,0.49758292298563184,0.006594638156134147,0.0
0.766,-0.8755214127963358,0.4967991976631234,0.006651472488673704,0.0
0.76625,-0.8760313282214078,0.49601542093785134,0.006708590324686625,0.0
0.7665,-0.876540603732027,0.4952315947071446,0.006765991870547827,0.0
0.76675,-0.8770492395279339,0.494447720868332,0.006823677328068767,0.0
0.767,-0.8775572358088688,0.49366380131874205,0.006881646894496107,0.0
0.76725,-0.8780645927745723,0.4928798379557038,0.006939900762511275,0.0
0.7675,-0.8785713106247846,0.4920958326765459,0.006998439120227573,0.0
0.76775,-0.8790773895592463,0.49131178737859704,0.007057262151189958,0.0
0.768,-0.8795828297776978,0.49052770395918627,0.007116370034373709,0.0
0.76825,-0.8800876314798796,0.48974358431564213,0.007175762944182873,0.0
0.7685,-0.880591794865532,0.48895943034529354,0.007235441050449376,0.0
0.76875,-0.8810953201343955,0.4881752439454693,0.007295404518431914,0.0
0.769,-0.8815982074862106,0.487391027013498,0.007355653508815063,0.0
0.76925,-0.8821004571207178,0.48660678144670866,0.007416188177708394,0.0
0.7695,-0.8826020692376574,0.48582250914242997,0.007477008676645136,0.0
0.76975,-0.8831030440367699,0.4850382119979907,0.007538115152581737,0.0
0.77,-0.8836033817177955,0.48425389191071955,0.007599507747896306,0.0
0.77025,-0.884103082480475,0.4834695507779454,0.0076611866003899465,0.0
0.7705,-0.8846021465245486,0.48268519049699704,0.007723151843283427,0.0
0.77075,-0.8851005740497568,0.4819008129652032,0.0077854036052182884,0.0
0.771,-0.8855983652558401,0.48111642007989275,0.00784794201025596,0.0
0.77125,-0.8860955203425389,0.4803320137383944,0.007910767177876643,0.0
0.7715,-0.8865920395095936,0.4795475958380369,0.007973879222979763,0.0
0.77175,-0.8870879229567448,0.4787631682761491,0.00803727825588263,0.0
0.772,-0.8875831708837325,0.47797873295005977,0.008100964382320885,0.0
0.77225,-0.8880777834902975,0.47719429175709766,0.008164937703448283,0.0
0.7725,-0.8885717609761803,0.47640984659459157,0.008229198315835573,0.0
0.77275,-0.8890651035411212,0.4756253993598703,0.008293746311470729,0.0
0.773,-0.8895578113848606,0.47484095195026266,0.00835858177775961,0.0
0.77325,-0.890049884707139,0.47405650626309737,0.008423704797524856,0.0
0.7735,-0.8905413237076967,0.4732720641957032,0.00848911544900588,0.0
0.77375,-0.8910321285862743,0.47248762764540897,0.008554813805860428,0.0
0.774,-0.8915222995426122,0.47170319850954345,0.008620799937162138,0.0
0.77425,-0.8920118367764508,0.4709187786854355,0.00868707390740342,0.0
0.7745,-0.8925007404875306,0.4701343700704138,0.008753635776493907,0.0
0.77475,-0.892989010875592,0.46934997456180716,0.008820485599760897,0.0
0.775,-0.8934766481403753,0.4685655940569444,0.00888762342795002,0.0
0.77525,-0.8939636524816212,0.46778123045315423,0.00895504930722657,0.0
0.7755,-0.89445002409907,0.46699688564776554,0.009022763279173507,0.0
0.77575,-0.8949357631924622,0.466212561538107,0.009090765380794563,0.0
0.776,-0.895420869961538,0.4654282600215074,0.009159055644513137,0.0
0.77625,-0.8959053446060381,0.4646439829952956,0.009227634098173398,0.0
0.7765,-0.8963891873257028,0.46385973235680034,0.00929650076504096,0.0
0.77675,-0.8968723983202727,0.4630755100033504,0.009365655663803985,0.0
0.777,-0.897354977789488,0.46229131783227456,0.009435098808572961,0.0
0.77725,-0.8978369259330894,0.4615071577409017,0.00950483020888293,0.0
0.7775,-0.8983182429508172,0.46072303162656036,0.00957484986969237,0.0
0.77775,-0.8987989290424117,0.45993894138657954,0.009645157791386527,0.0
0.778,-0.8992789844076136,0.45915488891828804,0.00971575396977653,0.0
0.77825,-0.899758409246163,0.4583708761190145,0.009786638396101388,0.0
0.7785,-0.9002372037578008,0.4575869048860878,0.009857811057028876,0.0
0.77875,-0.900715368142267,0.4568029771168366,0.009929271934656203,0.0
0.779,-0.9011929025993022,0.4560190947085898,0.010001021006512234,0.0
0.77925,-0.901669807328647,0.45523525955867616,0.010073058245558153,0.0
0.7795,-0.9021460825300416,0.4544514735644245,0.010145383620188353,0.0
0.77975,-0.9026217284032265,0.4536677386231635,0.010217997094232656,0.0
0.78,-0.9030967451479421,0.452884056632222,0.010290898626957201,0.0
0.78025,-0.9035711329639291,0.4521004294889288,0.010364088173066666,0.0
0.7805,-0.9040448920509276,0.4513168590906127,0.010437565682704264,0.0
0.78075,-0.9045180226086782,0.4505333473346025,0.010511331101455301,0.0
0.781,-0.9049905248369212,0.4497498961182268,0.01058538437034695,0.0
0.78125,-0.9054623989353974,0.44896650733881455,0.010659725425852029,0.0
0.7815,-0.9059336451038467,0.4481831828936945,0.01073435419988833,0.0
0.78175,-0.90640426354201,0.4473999246801954,0.01080927061982262,0.0
0.782,-0.9068742544496273,0.4466167345956461,0.010884474608471306,0.0
0.78225,-0.9073436180264396,0.44583361453737536,0.010959966084102879,0.0
0.7825,-0.9078123544721869,0.4450505664027119,0.011035744960439242,0.0
0.78275,-0.9082804639866098,0.44426759208898453,0.011111811146658157,0.0
0.783,-0.9087479467694486,0.44348469349352204,0.011188164547396129,0.0
0.78325,-0.9092148030204438,0.44270187251365334,0.01126480506274885,0.0
0.7835,-0.9096810329393359,0.44191913104670694,0.011341732588274755,0.0
0.78375,-0.9101466367258654,0.44113647099001185,0.011418947014997238,0.0
0.784,-0.9106116145797725,0.44035389424089677,0.011496448229405765,0.0
0.78425,-0.9110759667007979,0.4395714026966905,0.011574236113459646,0.0
0.7845,-0.9115396932886819,0.43878899825472184,0.011652310544589373,0.0
0.78475,-0.9120027945431649,0.43800668281231947,0.011730671395700165,0.0
0.785,-0.9124652706639875,0.43722445826681233,0.011809318535173308,0.0
0.78525,-0.9129271218508899,0.43644232651552906,0.011888251826869034,0.0
0.7855,-0.9133883483036127,0.43566028945579854,0.011967471130130747,0.0
0.78575,-0.9138489502218963,0.4348783489849495,0.012046976299784795,0.0
0.786,-0.9143089278054812,0.43409650700031077,0.012126767186146248,0.0
0.78625,-0.9147682812541077,0.4333147653992111,0.012206843635018894,0.0
0.7865,-0.9152270107675162,0.4325331260789792,0.012287205487700126,0.0
0.78675,-0.9156851165454475,0.431751590936944,0.012367852580983385,0.0
0.787,-0.9161425987876416,0.4309701618704342,0.01244878474716038,0.0
0.78725,-0.9165994576938392,0.43018884077677855,0.012530001814024638,0.0
0.7875,-0.9170556934637806,0.4294076295533059,0.012611503604874397,0.0
0.78775,-0.9175113062972062,0.428626530097345,0.012693289938516372,0.0
0.788,-0.9179662963938566,0.4278455443062247,0.012775360629267762,0.0
0.78825,-0.9184206639534722,0.4270646740772736,0.012857715486960464,0.0
0.7885,-0.9188744091757934,0.42628392130782067,0.012940354316943958,0.0
0.78875,-0.9193275322605605,0.42550328789519465,0.013023276920087756,0.0
0.789,-0.9197800334075144,0.42472277573672423,0.013106483092787169,0.0
0.78925,-0.9202319128163949,0.4239423867297384,0.013189972626963975,0.0
0.7895,-0.9206831706869428,0.4231621227715656,0.01327374531007175,0.0
0.78975,-0.9211338072188986,0.422381985759535,0.013357800925098307,0.0
0.79,-0.9215838226120024,0.42160197759097506,0.01344213925057014,0.0
0.79025,-0.9220332170659951,0.4208221001632148,0.013526760060555754,0.0
0.7905,-0.9224819907806168,0.4200423553735829,0.013611663124668993,0.0
0.79075,-0.9229301439556079,0.4192627451194081,0.013696848208073042,0.0
0.791,-0.923377676790709,0.41848327129801927,0.013782315071484419,0.0
0.79125,-0.9238245894856606,0.41770393580674514,0.013868063471176972,0.0
0.7915,-0.924270882240203,0.41692474054291445,0.013954093158984993,0.0
0.79175,-0.9247165552540766,0.4161456874038561,0.01404040388230765,0.0
0.792,-0.925161608727022,0.41536677828689883,0.014126995384113217,0.0
0.79225,-0.9256060428587796,0.4145880150893714,0.014213867402942615,0.0
0.7925,-0.9260498578490896,0.41380939970860253,0.014301019672913862,0.0
0.79275,-0.9264930538976927,0.4130309340419211,0.014388451923726508,0.0
0.793,-0.9269356312043291,0.41225261998665585,0.014476163880665194,0.0
0.79325,-0.9273775899687396,0.4114744594401356,0.014564155264604084,0.0
0.7935,-0.9278189303906643,0.4106964542996891,0.014652425792011314,0.0
0.79375,-0.9282596526698439,0.4099186064626451,0.014740975174953874,0.0
0.794,-0.9286997570060185,0.40914091782633244,0.014829803121100493,0.0
0.79425,-0.929139243598929,0.4083633902880799,0.014918909333728303,0.0
0.7945,-0.9295781126483154,0.40758602574521624,0.015008293511725057,0.0
0.79475,-0.9300163643539182,0.40680882609507024,0.015097955349595349,0.0
0.795,-0.9304539989154781,0.40603179323497074,0.015187894537464608,0.0
0.79525,-0.9308910165327353,0.40525492906224636,0.015278110761083985,0.0
0.7955,-0.9313274174054303,0.4044782354742261,0.015368603701834127,0.0
0.79575,-0.9317632017333037,0.40370171436823865,0.015459373036731616,0.0
0.796,-0.9321983697160956,0.4029253676416127,0.015550418438432523,0.0
0.79625,-0.9326329215535467,0.4021491971916772,0.015641739575237512,0.0
0.7965,-0.9330668574453973,0.4013732049157608,0.01573333611109695,0.0
0.79675,-0.933500177591388,0.4005973927111922,0.015825207705616018,0.0
0.797,-0.9339328821912591,0.39982176247530055,0.01591735401405958,0.0
0.79725,-0.9343649714447511,0.3990463161054142,0.016009774687356426,0.0
0.7975,-0.9347964455516043,0.3982710554988622,0.01610246937210591,0.0
0.79775,-0.9352273047115593,0.3974959825529733,0.016195437710582183,0.0
0.798,-0.9356575491243566,0.3967210991650762,0.016288679340739298,0.0
0.79825,-0.9360871789897365,0.39594640723249974,0.0163821938962172,0.0
0.7985,-0.9365161945074392,0.3951719086525727,0.01647598100634573,0.0
0.79875,-0.9369445958772056,0.3943976053226238,0.016570040296152166,0.0
0.799,-0.9373723832987757,0.39362349913998185,0.016664371386363674,0.0
0.79925,-0.9377995569718904,0.3928495920019758,0.016758973893416407,0.0
0.7995,-0.9382261170962898,0.3920758858059341,0.016853847429456614,0.0
0.79975,-0.9386520638717145,0.3913023824491858,0.01694899160235086,0.0
0.8,-0.9390773974979048,0.39052908382905965,0.017044406015687352,0.0
0.80025,-0.9395021181746012,0.38975599184288434,0.01714009026878527,0.0
0.8005,-0.9399262261015441,0.3889831083879887,0.017236043956697866,0.0
0.80075,-0.9403497214784741,0.3882104353617015,0.01733226667021892,0.0
0.801,-0.9407726045051314,0.38743797466135155,0.01742875799588961,0.0
0.80125,-0.9411948753812567,0.3866657281842676,0.01752551751600273,0.0
0.8015,-0.9416165343065901,0.3858936978277785,0.017622544808609586,0.0
0.80175,-0.9420375814808724,0.38512188548921295,0.017719839447525754,0.0
0.802,-0.9424580171038437,0.38435029306589974,0.017817401002337085,0.0
0.80225,-0.9428778413752448,0.3835789224551678,0.017915229038405034,0.0
0.8025,-0.9432970544948157,0.38280777555434564,0.018013323116874425,0.0
0.80275,-0.9437156566622972,0.3820368542607622,0.018111682794677453,0.0
0.803,-0.9441336480774296,0.38126616047174633,0.018210307624541455,0.0
0.80325,-0.9445510289399532,0.38049569608462674,0.01830919715499424,0.0
0.8035,-0.9449677994496088,0.37972546299673215,0.01840835093037141,0.0
0.80375,-0.9453839598061364,0.3789554631053914,0.018507768490821253,0.0
0.804,-0.9457995102092768,0.3781856983079333,0.018607449372311846,0.0
0.80425,-0.9462144508587702,0.37741617050168663,0.018707393106637937,0.0
0.8045,-0.9466287819543571,0.3766468815839801,0.018807599221426274,0.0
0.80475,-0.947042503695778,0.37587783345214254,0.018908067240143378,0.0
0.805,-0.9474556162827733,0.37510902800350276,0.019008796682100426,0.0
0.80525,-0.9478681199150834,0.37434046713538954,0.019109787062461914,0.0
0.8055,-0.9482800147924488,0.37357215274513156,0.01921103789225076,0.0
0.80575,-0.9486913011146099,0.3728040867300578,0.019312548678354968,0.0
0.806,-0.9491019790813071,0.37203627098749686,0.019414318923535845,0.0
0.80625,-0.9495120488922808,0.3712687074147776,0.019516348126432437,0.0
0.8065,-0.9499215107472717,0.37050139790922876,0.01961863578157086,0.0
0.80675,-0.95033036484602,0.3697343443681792,0.0197211813793694,0.0
0.807,-0.9507386113882661,0.36896754868895765,0.019823984406145856,0.0
0.80725,-0.9511462505737506,0.36820101276889294,0.019927044344124845,0.0
0.8075,-0.9515532826022138,0.3674347385053137,0.02003036067144426,0.0
0.80775,-0.9519597076733962,0.366668727795549,0.02013393286216303,0.0
0.808,-0.9523655259870383,0.3659029825369273,0.020237760386267567,0.0
0.80825,-0.9527707377428803,0.3651375046267776,0.020341842709678648,0.0
0.8085,-0.953175343140663,0.3643722959624286,0.020446179294259625,0.0
0.80875,-0.9535793423801265,0.36360735844120906,0.02055076959782287,0.0
0.809,-0.9539827356610114,0.36284269396044777,0.02065561307413688,0.0
0.80925,-0.9543855231830581,0.3620783044174736,0.02076070917293449,0.0
0.8095,-0.9547877051460072,0.36131419170961526,0.02086605733991931,0.0
0.80975,-0.9551892817495988,0.3605503577342015,0.02097165701677306,0.0
0.81,-0.9555902531935736,0.35978680438856125,0.021077507641163784,0.0
0.81025,-0.955990619677672,0.35902353357002315,0.02118360864675295,0.0
0.8105,-0.9563903814016343,0.35826054717591593,0.02128995946320278,0.0
0.81075,-0.9567895385652011,0.3574978471035686,0.021396559516183578,0.0
0.811,-0.9571880913681128,0.3567354352503097,0.021503408227382614,0.0
0.81125,-0.9575860400101097,0.35597331351346817,0.021610505014509673,0.0
0.8115,-0.9579833846909324,0.3552114837903728,0.0217178492913066,0.0
0.81175,-0.9583801256103212,0.3544499479783523,0.021825440467554413,0.0
0.812,-0.9587762629680165,0.3536887079747354,0.02193327794908062,0.0
0.81225,-0.959171796963759,0.352927765676851,0.022041361137767668,0.0
0.8125,-0.959566727797289,0.3521671229820278,0.02214968943156026,0.0
0.81275,-0.9599610556683469,0.3514067817875947,0.022258262224474024,0.0
0.813,-0.9603547807766732,0.35064674399088036,0.022367078906601945,0.0
0.81325,-0.9607479033220083,0.34988701148921364,0.022476138864124362,0.0
0.8135,-0.9611404235040926,0.34912758617992323,0.022585441479315183,0.0
0.81375,-0.9615323415226664,0.34836846996033793,0.02269498613055143,0.0
0.814,-0.9619236575774706,0.3476096647277866,0.02280477219231969,0.0
0.81425,-0.962314371868245,0.346851172379598,0.022914799035225863,0.0
0.8145,-0.9627044845947306,0.3460929948131009,0.023025066026002516,0.0
0.81475,-0.9630939959566676,0.3453351339256241,0.02313557252751708,0.0
0.815,-0.9634829061537964,0.3445775916144963,0.02324631789878029,0.0
0.81525,-0.9638712153858575,0.3438203697770464,0.023357301494954408,0.0
0.8155,-0.9642589238525913,0.3430634703106031,0.023468522667361436,0.0
0.81575,-0.9646460317537382,0.34230689511249524,0.023579980763491992,0.0
0.816,-0.9650325392890386,0.34155064608005153,0.023691675127013312,0.0
0.81625,-0.9654184466582332,0.3407947251106008,0.023803605097777458,0.0
0.8165,-0.9658037540610622,0.34003913410147185,0.02391577001183043,0.0
0.81675,-0.9661884616972662,0.33928387494999346,0.024028169201420146,0.0
0.817,-0.9665725697665855,0.33852894955349433,0.024140801995005345,0.0
0.81725,-0.9669560784687605,0.33777435980930337,0.02425366771726445,0.0
0.8175,-0.9673389880035317,0.3370201076147492,0.02436676568910312,0.0
0.81775,-0.9677212985706396,0.3362661948671608,0.024480095227664478,0.0
0.818,-0.9681030103698245,0.33551262346386684,0.0245936556463362,0.0
0.81825,-0.968484123600827,0.3347593953021961,0.024707446254760956,0.0
0.8185,-0.9688646384633874,0.3340065122794774,0.02482146635884397,0.0
0.81875,-0.9692445551572463,0.33325397629303954,0.024935715260762104,0.0
0.819,-0.9696238738821439,0.33250178924021123,0.02505019225897298,0.0
0.81925,-0.9700025948378208,0.3317499530183212,0.025164896648224078,0.0
0.8195,-0.9703807182240174,0.33099846952469847,0.025279827719560943,0.0
0.81975,-0.9707582442404742,0.3302473406566716,0.02539498476033697,0.0
0.82,-0.9711351730869315,0.3294965683115695,0.02551036705422205,0.0
0.82025,-0.9715115049631298,0.32874615438672083,0.02562597388121124,0.0
0.8205,-0.9718872400688096,0.32799610077945446,0.02574180451763497,0.0
0.82075,-0.9722623786037112,0.32724640938709915,0.02585785823616682,0.0
0.821,-0.9726369207675751,0.3264970821069837,0.025974134305833507,0.0
0.82125,-0.9730108667601418,0.3257481208364369,0.02609063199202466,0.0
0.8215,-0.9733842167811517,0.3249995274727875,0.026207350556500142,0.0
0.82175,-0.9737569710303453,0.32425130391336426,0.026324289257401157,0.0
0.822,-0.9741291297074628,0.323503452055496,0.026441447349258906,0.0
0.82225,-0.9745006930122448,0.32275597379651155,0.026558824083003918,0.0
0.8225,-0.9748716611444318,0.32200887103373965,0.02667641870597537,0.0
0.82275,-0.9752420343037642,0.32126214566450906,0.026794230461930857,0.0
0.823,-0.9756118126899824,0.32051579958614856,0.02691225859105484,0.0
0.82325,-0.9759809965028268,0.31976983469598697,0.027030502329969508,0.0
0.8235,-0.9763495859420378,0.31902425289135306,0.02714896091174368,0.0
0.82375,-0.9767175812073561,0.3182790560695756,0.027267633565901894,0.0
0.824,-0.9770849824985217,0.3175342461279834,0.02738651951843485,0.0
0.82425,-0.9774517900152755,0.3167898249639052,0.027505617991808284,0.0
0.8245,-0.9778180039573576,0.31604579447466985,0.027624928204973198,0.0
0.82475,-0.9781836245245086,0.3153021565576061,0.027744449373374946,0.0
0.825,-0.978548651916469,0.3145589131100426,0.027864180708964126,0.0
0.82525,-0.978913086332979,0.31381606602930834,0.027984121420204344,0.0
0.8255,-0.9792769279737792,0.3130736172127321,0.02810427071208421,0.0
0.82575,-0.9796401770386101,0.31233156855764244,0.028224627786125556,0.0
0.826,-0.9800028337272119,0.3115899219613683,0.02834519184039408,0.0
0.82625,-0.9803648982393252,0.3108486793212385,0.02846596206950891,0.0
0.8265,-0.9807263707746905,0.3101078425345818,0.028586937664653034,0.0
0.82675,-0.9810872515330482,0.3093674134987269,0.02870811781358218,0.0
0.827,-0.9814475407141385,0.3086273941110026,0.028829501700635918,0.0
0.82725,-0.9818072385177022,0.3078877862687377,0.028951088506747213,0.0
0.8275,-0.9821663451434796,0.3071485918692611,0.029072877409452635,0.0
0.82775,-0.9825248607912109,0.3064098128099014,0.02919486758290213,0.0
0.828,-0.9828827856606368,0.30567145098798754,0.029317058197868784,0.0
0.82825,-0.9832401199514977,0.3049335083008482,0.029439448421760828,0.0
0.8285,-0.983596863863534,0.30419598664581216,0.02956203741862895,0.0
0.82875,-0.983953017596486,0.30345888792020825,0.029684824349179184,0.0
0.829,-0.9843085813500945,0.30272221402136523,0.029807808370781785,0.0
0.82925,-0.9846635553240994,0.30198596684661183,0.029930988637480782,0.0
0.8295,-0.9850179397182418,0.301250148293277,0.030054364300006853,0.0
0.82975,-0.9853717347322617,0.3005147602586894,0.03017793450578443,0.0
0.83,-0.9857249405658994,0.2997798046401777,0.030301698398944366,0.0
0.83025,-0.9860775574188958,0.29904528333507097,0.03042565512033346,0.0
0.8305,-0.986429585490991,0.2983111982406978,0.030549803807525366,0.0
0.83075,-0.9867810249819255,0.297577551254387,0.03067414359483034,0.0
0.831,-0.9871318760914398,0.2968443442734673,0.030798673613305683,0.0
0.83125,-0.9874821390192743,0.2961115791952676,0.030923392990767518,0.0
0.8315,-0.9878318139651695,0.2953792579171166,0.03104830085179988,0.0
0.83175,-0.9881809011288657,0.29464738233634313,0.031173396317765834,0.0
0.832,-0.9885294007101035,0.29391595435027584,0.031298678506818334,0.0
0.83225,-0.9888773129086231,0.29318497585624376,0.031424146533910235,0.0
0.8325,-0.9892246379241653,0.29245444875157545,0.03154979951080583,0.0
0.83275,-0.9895713759564702,0.2917243749335999,0.031675636546090624,0.0
0.833,-0.9899175272052783,0.29099475629964566,0.03180165674518243,0.0
0.83325,-0.9902630918703301,0.29026559474704167,0.031927859210342246,0.0
0.8335,-0.990608070151366,0.2895368921731166,0.032054243040684716,0.0
0.83375,-0.9909524622481266,0.28880865047519944,0.03218080733218942,0.0
0.834,-0.9912962683603521,0.2880808715506187,0.03230755117771156,0.0
0.83425,-0.9916394886877831,0.2873535572967033,0.03243447366699148,0.0
0.8345,-0.99198212343016,0.28662670961078207,0.03256157388666803,0.0
0.83475,-0.9923241727872232,0.28590033039018375,0.03268885092028717,0.0
0.835,-0.992665636958713,0.2851744215322371,0.03281630384831424,0.0
0.83525,-0.9930065161443702,0.28444898493427095,0.03294393174814503,0.0
0.8355,-0.9933468105439349,0.283724022493614,0.03307173369411531,0.0
0.83575,-0.9936865203571477,0.2829995361075951,0.0331997087575131,0.0
0.836,-0.9940256457837489,0.28227552767354297,0.03332785600659016,0.0
0.83625,-0.9943641870234792,0.2815519990887865,0.033456174506571346,0.0
0.8365,-0.9947021442760786,0.28082895225065435,0.03358466331966681,0.0
0.83675,-0.9950395177412881,0.2801063890564754,0.03371332150508377,0.0
0.837,-0.9953763076188477,0.27938431140357844,0.03384214811903585,0.0
0.83725,-0.9957125141084979,0.27866272118929214,0.033971142214755945,0.0
0.8375,-0.9960481374099793,0.2779416203109453,0.03410030284250598,0.0
0.83775,-0.9963831777230323,0.2772210106658669,0.03422962904959004,0.0
0.838,-0.9967176352473971,0.27650089415138546,0.034359119880363,0.0
0.83825,-0.9970515101828146,0.27578127266483,0.034488774376244535,0.0
0.8385,-0.9973848027290246,0.275062148103529,0.034618591575728,0.0
0.83875,-0.9977175130857682,0.27434352236481163,0.03474857051439417,0.0
0.839,-0.9980496414527853,0.2736253973460064,0.03487871022491973,0.0
0.83925,-0.9983811880298168,0.2729077749444421,0.03500900973709142,0.0
0.8395,-0.9987121530166028,0.2721906570574476,0.03513946807781565,0.0
0.83975,-0.9990425366128837,0.27147404558235166,0.03527008427113065,0.0
0.84,-0.9993723390184002,0.2707579424164831,0.035400857338217406,0.0
0.84025,-0.9997015604328927,0.27004234945717065,0.03553178629741227,0.0
0.8405,-1.0000302010561013,0.26932726860174305,0.0356628701642161,0.0
0.84075,-1.000358261087767,0.2686127017475292,0.035794107951309106,0.0
0.841,-1.0006857407276297,0.26789865079185776,0.0359254986685591,0.0
0.84125,-1.00101264017543,0.26718511763205766,0.03605704132303522,0.0
0.8415,-1.0013389596309086,0.2664721041654575,0.03618873491901886,0.0
0.84175,-1.0016646992938056,0.26575961228938627,0.036320578458015174,0.0
0.842,-1.0019898593638616,0.2650476439011725,0.036452570938764195,0.0
0.84225,-1.002314440040817,0.26433620089814525,0.03658471135725394,0.0
0.8425,-1.0026384415244123,0.2636252851776331,0.0367169987067304,0.0
0.84275,-1.0029618640143878,0.26291489863696493,0.0368494319777104,0.0
0.843,-1.0032847077104838,0.2622050431734695,0.036982010157993184,0.0
0.84325,-1.0036069728124415,0.2614957206844756,0.03711473223267148,0.0
0.8435,-1.0039286595200003,0.26078693306731193,0.0372475971841435,0.0
0.84375,-1.0042497680329014,0.2600786822193073,0.03738060399212584,0.0
0.844,-1.0045702985508846,0.25937097003779064,0.037513751633662995,0.0
0.84425,-1.004890251273691,0.25866379842009063,0.03764703908314182,0.0
0.8445,-1.0052096264010606,0.25795716926353607,0.03778046531230128,0.0
0.84475,-1.005528424132734,0.25725108446545564,0.037914029290245344,0.0
0.845,-1.0058466446684515,0.25654554592317824,0.03804772998345496,0.0
0.84525,-1.006164288207954,0.2558405555340326,0.03818156635579961,0.0
0.8455,-1.0064813549509815,0.2551361151953475,0.038315537368548425,0.0
0.84575,-1.006797845097274,0.2544322268044519,0.0384496419803837,0.0
0.846,-1.0071137588465726,0.25372889225867423,0.038583879147412015,0.0
0.84625,-1.0074290963986179,0.25302611345534354,0.038718247823177565,0.0
0.8465,-1.00774385795315,0.2523238922917886,0.038852746958671025,0.0
0.84675,-1.0080580437099091,0.25162223066533806,0.038987375502344435,0.0
0.847,-1.008371653868636,0.2509211304733209,0.0391221324001223,0.0
0.84725,-1.0086846886290712,0.2502205936130657,0.03925701659541425,0.0
0.8475,-1.0089971481909548,0.2495206219819013,0.039392027029125476,0.0
0.84775,-1.0093090327540275,0.24882121747715655,0.03952716263967093,0.0
0.848,-1.0096203425180295,0.24812238199616016,0.03966242236298578,0.0
0.84825,-1.0099310776827015,0.24742411743624096,0.039797805132538944,0.0
0.8485,-1.0102412384477837,0.24672642569472772,0.03993330987934396,0.0
0.84875,-1.0105508250130166,0.24602930866894923,0.040068935531972105,0.0
0.849,-1.010859837578141,0.24533276825623423,0.0402046810165646,0.0
0.84925,-1.0111682763428966,0.24463680635391155,0.040340545256843274,0.0
0.8495,-1.0114761415070246,0.24394142485930997,0.04047652717412564,0.0
0.84975,-1.0117834332702649,0.24324662566975824,0.04061262568733426,0.0
0.85,-1.0120901518323584,0.2425524106825852,0.040748839713011575,0.0
0.85025,-1.012396297393045,0.2418587817951196,0.04088516816532928,0.0
0.8505,-1.0127018701520654,0.24116574090469017,0.041021609956104044,0.0
0.85075,-1.0130068703091601,0.24047328990862576,0.041158163994807095,0.0
0.851,-1.0133112980640695,0.23978143070425517,0.04129482918857774,0.0
0.85125,-1.0136151536165339,0.23909016518890713,0.04143160444223537,0.0
0.8515,-1.013918437166294,0.23839949525991044,0.04156848865829277,0.0
0.85175,-1.01422114891309,0.2377094228145939,0.041705480736967004,0.0
0.852,-1.0145232890566622,0.23701994975028626,0.04184257957619297,0.0
0.85225,-1.0148248577967516,0.23633107796431632,0.04197978407163583,0.0
0.8525,-1.0151258553330982,0.23564280935401288,0.04211709311670231,0.0
0.85275,-1.0154262818654425,0.23495514581670468,0.042254505602554726,0.0
0.853,-1.015726137593525,0.23426808924972053,0.04239202041812251,0.0
0.85325,-1.0160254227170862,0.23358164155038924,0.04252963645011465,0.0
0.8535,-1.0163241374358662,0.2328958046160395,0.04266735258303256,0.0
0.85375,-1.0166222819496058,0.23221058034400022,0.04280516769918297,0.0
0.854,-1.0169198564580453,0.2315259706316001,0.04294308067868968,0.0
0.85425,-1.0172168611609251,0.23084197737616796,0.043081090399506694,0.0
0.8545,-1.0175132962579858,0.23015860247503256,0.043219195737430605,0.0
0.85475,-1.0178091619489678,0.22947584782552266,0.043357395566113066,0.0
0.855,-1.0181044584336112,0.2287937153249671,0.043495688757073214,0.0
0.85525,-1.0183991859116568,0.2281122068706946,0.04363407417971166,0.0
0.8555,-1.0186933445828452,0.227431324360034,0.043772550701321356,0.0
0.85575,-1.018986934646916,0.22675106969031406,0.04391111718710028,0.0
0.856,-1.0192799563036106,0.2260714447588636,0.04404977250016695,0.0
0.85625,-1.0195724097526688,0.22539245146301132,0.04418851550156866,0.0
0.8565,-1.0198642951938317,0.22471409170008605,0.04432734505029878,0.0
0.85675,-1.020155612826839,0.2240363673674166,0.044466260003305,0.0
0.857,-1.0204463628514315,0.2233592803623317,0.044605259215505955,0.0
0.85725,-1.0207365454673496,0.22268283258216015,0.04474434153980145,0.0
0.8575,-1.0210261608743338,0.22200702592423077,0.044883505827086445,0.0
0.85775,-1.0213152092721243,0.22133186228587232,0.04502275092626351,0.0
0.858,-1.0216036908604615,0.22065734356441355,0.04516207568425523,0.0
0.85825,-1.0218916058390866,0.2199834716571833,0.04530147894601866,0.0
0.8585,-1.022178954407739,0.21931024846151026,0.04544095955455463,0.0
0.85875,-1.02246573676616,0.21863767587472333,0.04558051635092508,0.0
0.859,-1.0227519531140894,0.21796575579415123,0.04572014817426173,0.0
0.85925,-1.0230376036512678,0.21729449011712276,0.045859853861782485,0.0
0.8595,-1.0233226885774358,0.21662388074096667,0.04599963224880166,0.0
0.85975,-1.0236072080923337,0.2159539295630118,0.04613948216874442,0.0
0.86,-1.023891162395702,0.21528463848058688,0.04627940245315876,0.0
0.86025,-1.0241745516872813,0.21461600939102066,0.0464193919317295,0.0
0.8605,-1.0244573761668117,0.21394804419164204,0.0465594494322894,0.0
0.86075,-1.0247396360340337,0.2132807447797797,0.04669957378083489,0.0
0.861,-1.025021331488688,0.2126141130527625,0.046839763801536094,0.0
0.86125,-1.0253024627305147,0.21194815090791916,0.04698001831675125,0.0
0.8615,-1.0255830299592548,0.2112828602425785,0.047120336147040254,0.0
0.86175,-1.025863033374648,0.2106182429540693,0.04726071611117599,0.0
0.862,-1.026142473176435,0.2099543009397203,0.047401157026159435,0.0
0.86225,-1.0264213495643566,0.20929103609686037,0.04754165770723051,0.0
0.8625,-1.0266996627381528,0.20862845032281818,0.04768221696788255,0.0
0.86275,-1.0269774128975642,0.2079665455149226,0.04782283361987516,0.0
0.863,-1.0272546002423313,0.2073053235705024,0.04796350647324665,0.0
0.86325,-1.0275312249721942,0.20664478638688633,0.0481042343363276,0.0
0.8635,-1.027807287286894,0.20598493586140315,0.048245016015754816,0.0
0.86375,-1.0280827873861704,0.20532577389138174,0.04838585031648179,0.0
0.864,-1.0283577254697644,0.20466730237415082,0.048526736041794694,0.0
0.86425,-1.0286321017374163,0.20400952320703916,0.04866767199332389,0.0
0.8645,-1.0289059163888663,0.2033524382873756,0.04880865697105752,0.0
0.86475,-1.029179169623855,0.20269604951248882,0.04894968977335479,0.0
0.865,-1.0294518616421227,0.20204035877970772,0.049090769196957984,0.0
0.86525,-1.0297239926434099,0.201385367986361,0.049231894037008006,0.0
0.8655,-1.0299955628274573,0.2007310790297775,0.04937306308705547,0.0
0.86575,-1.0302665723940052,0.20007749380728596,0.04951427513907425,0.0
0.866,-1.0305370215427936,0.19942461421621518,0.049655528983474806,0.0
0.86625,-1.0308069104735638,0.19877244215389395,0.04979682340911884,0.0
0.8665,-1.0310762393860553,0.19812097951765106,0.049938157203329725,0.0
0.86675,-1.031345008480009,0.19747022820481525,0.05007952915190739,0.0
0.867,-1.0316132179551656,0.19682019011271534,0.05022093803914296,0.0
0.86725,-1.0318808680112648,0.19617086713868015,0.05036238264782833,0.0
0.8675,-1.032147958848048,0.19552226118003838,0.05050386175927368,0.0
0.86775,-1.0324144906652548,0.19487437413411884,0.05064537415331616,0.0
0.868,-1.0326804636626261,0.19422720789825032,0.05078691860833828,0.0
0.86825,-1.0329458780399023,0.19358076436976163,0.05092849390127663,0.0
0.8685,-1.0332107339968235,0.1929350454459815,0.0510700988076378,0.0
0.86875,-1.0334750317331305,0.19229005302423877,0.05121173210151131,0.0
0.869,-1.0337387714485635,0.1916457890018622,0.05135339255558202,0.0
0.86925,-1.0340019533428633,0.19100225527618053,0.05149507894114458,0.0
0.8695,-1.0342645776157697,0.19035945374452257,0.05163679002811605,0.0
0.86975,-1.0345266444670238,0.1897173863042172,0.0517785245850495,0.0
0.87,-1.0347881540963655,0.18907605485259305,0.05192028137914728,0.0
0.87025,-1.0350491067035357,0.18843546128697897,0.05206205917627482,0.0
0.8705,-1.0353095024882746,0.18779560750470375,0.05220385674097372,0.0
0.87075,-1.0355693416503224,0.18715649540309615,0.05234567283647418,0.0
0.871,-1.0358286243894201,0.186518126879485,0.052487506224710545,0.0
0.87125,-1.0360873509053077,0.18588050383119903,0.052629355666332645,0.0
0.8715,-1.0363455213977257,0.18524362815556705,0.052771219920720425,0.0
0.87175,-1.036603136066415,0.18460750174991786,0.052913097745997506,0.0
0.872,-1.0368601951111154,0.1839721265115802,0.05305498789904273,0.0
0.87225,-1.0371166987315674,0.18333750433788287,0.05319688913550635,0.0
0.8725,-1.0373726471275118,0.18270363712615467,0.053338800209821846,0.0
0.87275,-1.0376280404986888,0.18207052677372434,0.053480719875219185,0.0
0.873,-1.037882879044839,0.1814381751779207,0.05362264688373952,0.0
0.87325,-1.0381371629657028,0.18080658423607254,0.053764579986248284,0.0
0.8735,-1.0383908924610203,0.1801757558455086,0.05390651793244672,0.0
0.87375,-1.0386440677305324,0.17954569190355774,0.05404845947088899,0.0
0.874,-1.0388966889739795,0.17891639430754863,0.05419040334899261,0.0
0.87425,-1.0391487563911015,0.17828786495481017,0.054332348313053336,0.0
0.8745,-1.0394002701816394,0.17766010574267108,0.05447429310825869,0.0
0.87475,-1.0396512305453334,0.17703311856846013,0.054616236478701286,0.0
0.875,-1.0399016376819237,0.17640690532950615,0.054758177167392175,0.0
0.87525,-1.0401514917911514,0.17578146792313787,0.05490011391627525,0.0
0.8755,-1.0404007930727566,0.17515680824668414,0.055042045466239475,0.0
0.87575,-1.0406495417264794,0.17453292819747368,0.055183970557132866,0.0
0.876,-1.0408977379520605,0.17390982967283533,0.05532588792777693,0.0
0.87625,-1.0411453819492407,0.1732875145700978,0.05546779631598042,0.0
0.8765,-1.0413924739177598,0.17266598478658993,0.055609694458550685,0.0
0.87675,-1.0416390140573588,0.1720452422196405,0.05575158109131029,0.0
0.877,-1.0418850025677777,0.17142528876657823,0.05589345494910747,0.0
0.87725,-1.0421304396487574,0.17080612632473197,0.05603531476583323,0.0
0.8775,-1.0423753255000379,0.1701877567914305,0.05617715927443201,0.0
0.87775,-1.0426196603213596,0.1695701820640026,0.056318987206916526,0.0
0.878,-1.0428634443124634,0.168953404039777,0.05646079729438269,0.0
0.87825,-1.043106677673089,0.16833742461608253,0.05660258826701958,0.0
0.8785,-1.0433493606029778,0.167722245690248,0.056744358854128096,0.0
0.87875,-1.0435914933018697,0.16710786915960213,0.056886107784130724,0.0
0.879,-1.043833075969505,0.16649429692147377,0.05702783378458598,0.0
0.87925,-1.0440741088056242,0.16588153087319163,0.0571695355822035,0.0
0.8795,-1.044314592009968,0.16526957291208455,0.05731121190285715,0.0
0.87975,-1.0445545257822766,0.16465842493548127,0.057452861471597894,0.0
0.88,-1.0447939103222905,0.1640480888407106,0.057594483012667785,0.0
0.88025,-1.0450327458297504,0.1634385665251013,0.05773607524951507,0.0
0.8805,-1.0452710325043961,0.1628298598859822,0.057877636904805074,0.0
0.88075,-1.0455087705459687,0.16222197082068207,0.05801916670043794,0.0
0.881,-1.0457459601542083,0.16161490122652966,0.05816066335755821,0.0
0.88125,-1.0459826015288556,0.1610086530008537,0.05830212559657166,0.0
0.8815,-1.0462186948696508,0.16040322804098311,0.05844355213715713,0.0
0.88175,-1.0464542403763342,0.15979862824424662,0.05858494169828132,0.0
0.882,-1.0466892382486466,0.15919485550797297,0.05872629299821219,0.0
0.88225,-1.046923688686328,0.15859191172949094,0.05886760475453312,0.0
0.8825,-1.0471575918891194,0.1579897988061294,0.05900887568415625,0.0
0.88275,-1.0473909480567605,0.15738851863521705,0.05915010450333602,0.0
0.883,-1.0476237573889924,0.15678807311408272,0.05929128992768429,0.0
0.88325,-1.0478560200855553,0.15618846414005516,0.059432430672182734,0.0
0.8835,-1.0480877363461896,0.15558969361046315,0.05957352545119665,0.0
0.88375,-1.0483189063706357,0.1549917634226355,0.059714572978490255,0.0
0.884,-1.0485495303586343,0.15439467547390098,0.05985557196723912,0.0
0.88425,-1.0487796085099252,0.15379843166158838,0.05999652113004417,0.0
0.8845,-1.04900914102425,0.15320303388302647,0.060137419178946994,0.0
0.88475,-1.0492381281013476,0.15260848403554406,0.06027826482544052,0.0
0.885,-1.04946656994096,0.1520147840164699,0.0604190567804872,0.0
0.88525,-1.0496944667428267,0.15142193572313278,0.06055979375452858,0.0
0.8855,-1.049921818706688,0.1508299410528615,0.06070047445750171,0.0
0.88575,-1.050148626032285,0.1502388019029848,0.06084109759885359,0.0
0.886,-1.0503748889193578,0.14964852017083152,0.06098166188755272,0.0
0.88625,-1.0506006075676466,0.14905909775373044,0.061122166032104186,0.0
0.8865,-1.050825782176892,0.14847053654901027,0.06126260874056433,0.0
0.88675,-1.0510504129468348,0.14788283845399988,0.06140298872055361,0.0
0.887,-1.051274500077215,0.147296005366028,0.06154330467927083,0.0
0.88725,-1.0514980437677734,0.14671003918242342,0.06168355532350733,0.0
0.8875,-1.05172104421825,0.146124941800515,0.06182373935965946,0.0
0.88775,-1.0519435016283856,0.1455407151176314,0.06196385549374561,0.0
0.888,-1.0521654161979206,0.14495736103110146,0.062103902431416724,0.0
0.88825,-1.0523867881265951,0.14437488143825394,0.06224387887797267,0.0
0.8885,-1.0526076176141501,0.1437932782364177,0.062383783538374926,0.0
0.88875,-1.0528279048603255,0.14321255332292143,0.06252361511726079,0.0
0.889,-1.0530476500648618,0.14263270859509397,0.06266337231895824,0.0
0.88925,-1.0532668534274996,0.14205374595026404,0.06280305384749818,0.0
0.8895,-1.0534855151479796,0.1414756672857605,0.0629426584066306,0.0
0.88975,-1.0537036354260416,0.1408984744989121,0.0630821846998364,0.0
0.89,-1.0539212144614263,0.14032216948704762,0.06322163143034265,0.0
0.89025,-1.0541382524538747,0.13974675414749585,0.06336099730113753,0.0
0.8905,-1.0543547496031265,0.13917223037758558,0.06350028101498073,0.0
0.89075,-1.0545707061089225,0.13859860007464553,0.06363948127442254,0.0
0.891,-1.054786122171003,0.13802586513600457,0.06377859678181386,0.0
0.89125,-1.0550009979891084,0.13745402745899146,0.06391762623932129,0.0
0.8915,-1.0552153337629795,0.13688308894093495,0.06405656834894269,0.0
0.89175,-1.0554291296923561,0.13631305147916384,0.06419542181251914,0.0
0.892,-1.0556423859769792,0.13574391697100693,0.06433418533175073,0.0
0.89225,-1.0558551028165888,0.13517568731379298,0.06447285760820853,0.0
0.8925,-1.0560672804109261,0.1346083644048508,0.0646114373433524,0.0
0.89275,-1.0562789189597304,0.13404195014150913,0.06474992323853934,0.0
0.893,-1.056490018662743,0.1334764464210968,0.0648883139950438,0.0
0.89325,-1.0567005797197042,0.13291185514094256,0.06502660831406737,0.0
0.8935,-1.0569106023303538,0.1323481781983752,0.06516480489675414,0.0
0.89375,-1.0571200866944332,0.13178541749072348,0.06530290244420645,0.0
0.894,-1.0573290330116825,0.13122357491531622,0.06544089965749644,0.0
0.89425,-1.0575374414818417,0.1306626523694822,0.06557879523768118,0.0
0.8945,-1.0577453123046516,0.13010265175055025,0.06571658788581769,0.0
0.89475,-1.057952645679853,0.129543574955849,0.0658542763029768,0.0
0.895,-1.0581594418071856,0.1289854238827074,0.06599185919025485,0.0
0.89525,-1.05836570088639,0.12842820042845415,0.06612933524879194,0.0
0.8955,-1.0585714231172072,0.12787190649041802,0.066266703179783,0.0
0.89575,-1.058776608699377,0.12731654396592784,0.06640396168449314,0.0
0.896,-1.05898125783264,0.1267621147523124,0.06654110946427139,0.0
0.89625,-1.0591853707167371,0.12620862074690042,0.06667814522056603,0.0
0.8965,-1.0593889475514082,0.12565606384702072,0.06681506765493661,0.0
0.89675,-1.0595919885363936,0.12510444595000209,0.06695187546906989,0.0
0.897,-1.0597944938714343,0.12455376895317331,0.06708856736479474,0.0
0.89725,-1.0599964637562702,0.12400403475386315,0.06722514204409324,0.0
0.8975,-1.0601978983906424,0.12345524524940041,0.06736159820911891,0.0
0.89775,-1.0603987979742906,0.12290740233711385,0.06749793456220687,0.0
0.898,-1.0605991627069558,0.12236050791433228,0.06763414980589166,0.0
0.89825,-1.0607989927883779,0.12181456387838445,0.06777024264291898,0.0
0.8985,-1.0609982884182978,0.12126957212659917,0.06790621177626166,0.0
0.89875,-1.061197049796456,0.12072553455630522,0.06804205590913304,0.0
0.899,-1.0613952771225925,0.12018245306483138,0.06817777374500045,0.0
0.89925,-1.0615929705964482,0.11964032954950643,0.06831336398760168,0.0
0.8995,-1.061790130417763,0.11909916590765915,0.06844882534095675,0.0
0.89975,-1.0619867567862782,0.11855896403661832,0.06858415650938499,0.0
0.9,-1.062182849901733,0.11801972583371274,0.06871935619751546,0.0
0.90025,-1.062378409963869,0.11748145319627118,0.06885442311030654,0.0
0.9005,-1.0625734371724258,0.11694414802162242,0.06898935595305455,0.0
0.90075,-1.0627679317271443,0.11640781220709526,0.06912415343141265,0.0
0.901,-1.0629618938277647,0.11587244765001846,0.06925881425140212,0.0
0.90125,-1.0631553236740277,0.11533805624772082,0.06939333711942908,0.0
0.9015,-1.0633482214656738,0.11480463989753112,0.0695277207422973,0.0
0.90175,-1.0635405874024428,0.11427220049677814,0.069661963827222,0.0
0.902,-1.063732421684076,0.11374073994279066,0.06979606508184655,0.0
0.90225,-1.063923724510313,0.11321026013289745,0.06993002321425434,0.0
0.9025,-1.064114496080895,0.11268076296442733,0.07006383693298535,0.0
0.90275,-1.0643047365955618,0.11215225033470906,0.07019750494704824,0.0
0.903,-1.0644944462540544,0.11162472414107143,0.07033102596593732,0.0
0.90325,-1.0646836252561127,0.11109818628084321,0.07046439869964449,0.0
0.9035,-1.0648722738014778,0.1105726386513532,0.07059762185867591,0.0
0.90375,-1.0650603920898893,0.11004808314993016,0.07073069415406352,0.0
0.904,-1.0652479803210884,0.10952452167390289,0.0708636142973833,0.0
0.90425,-1.0654350386948148,0.10900195612060018,0.07099638100076655,0.0
0.9045,-1.0656215674108096,0.10848038838735079,0.07112899297691544,0.0
0.90475,-1.0658075666688132,0.10795982037148352,0.07126144893911857,0.0
0.905,-1.0659930366685657,0.10744025397032714,0.07139374760126294,0.0
0.90525,-1.0661779776098075,0.10692169108121045,0.07152588767785018,0.0
0.9055,-1.0663623896922791,0.10640413360146223,0.07165786788401185,0.0
0.90575,-1.0665462731157211,0.10588758342841126,0.07178968693552146,0.0
0.906,-1.066729628079874,0.1053720424593863,0.07192134354881152,0.0
0.90625,-1.066912454784478,0.10485751259171616,0.07205283644098559,0.0
0.9065,-1.0670947534292736,0.10434399572272962,0.07218416432983532,0.0
0.90675,-1.0672765242140014,0.10383149374975548,0.07231532593385293,0.0
0.907,-1.0674577673384018,0.10332000857012247,0.07244631997224715,0.0
0.90725,-1.0676384830022148,0.10280954208115942,0.07257714516495639,0.0
0.9075,-1.0678186714051816,0.10230009618019509,0.07270780023266554,0.0
0.90775,-1.067998332747042,0.10179167276455825,0.07283828389681735,0.0
0.908,-1.0681774672275366,0.10128427373157772,0.07296859487963014,0.0
0.90825,-1.068356075046406,0.10077790097858227,0.07309873190411098,0.0
0.9085,-1.0685341564033906,0.1002725564029007,0.07322869369406937,0.0
0.90875,-1.0687117114982307,0.09976824190186175,0.07335847897413372,0.0
0.909,-1.0688887405306668,0.09926495937279423,0.0734880864697649,0.0
0.90925,-1.0690652437004395,0.09876271071302692,0.07361751490727153,0.0
0.9095,-1.0692412212072888,0.0982614978198886,0.07374676301382266,0.0
0.90975,-1.0694166732509558,0.09776132259070805,0.07387582951746618,0.0
0.91,-1.0695916000311803,0.09726218692281406,0.07400471314713908,0.0
0.91025,-1.0697660017477033,0.09676409271353542,0.07413341263268625,0.0
0.9105,-1.0699398786002645,0.09626704186020088,0.07426192670487142,0.0
0.91075,-1.0701132307886052,0.09577103626013925,0.0743902540953949,0.0
0.911,-1.0702860585124652,0.09527607781067932,0.0745183935369067,0.0
0.91125,-1.070458361971585,0.09478216840914985,0.07464634376302115,0.0
0.9115,-1.0706301413657056,0.09428930995287964,0.07477410350833291,0.0
0.91175,-1.0708013968945669,0.09379750433919747,0.0749016715084303,0.0
0.912,-1.0709721287579093,0.0933067534654321,0.07502904649991038,0.0
0.91225,-1.0711423371554734,0.09281705922891235,0.07515622722039472,0.0
0.9125,-1.0713120222869996,0.09232842352696699,0.07528321240854297,0.0
0.91275,-1.0714811843522285,0.09184084825692479,0.07541000080406812,0.0
0.913,-1.0716498235509007,0.09135433531611456,0.07553659114775146,0.0
0.91325,-1.0718179400827559,0.09086888660186504,0.07566298218145673,0.0
0.9135,-1.0719855341475353,0.09038450401150505,0.07578917264814589,0.0
0.91375,-1.0721526059449786,0.08990118944236333,0.07591516129189313,0.0
0.914,-1.072319155674827,0.08941894479176873,0.07604094685790064,0.0
0.91425,-1.0724851835368205,0.08893777195704998,0.07616652809251212,0.0
0.9145,-1.0726506897306995,0.08845767283553588,0.07629190374322903,0.0
0.91475,-1.072815674456205,0.08797864932455521,0.07641707255872476,0.0
0.915,-1.0729801379130766,0.08750070332143678,0.07654203328885911,0.0
0.91525,-1.0731440803010552,0.08702383672350932,0.07666678468469423,0.0
0.9155,-1.0733075018198812,0.08654805142810164,0.07679132549850887,0.0
0.91575,-1.0734704026692952,0.08607334933254254,0.07691565448381366,0.0
0.916,-1.0736327830490373,0.08559973233416077,0.07703977039536536,0.0
0.91625,-1.073794643158848,0.08512720233028512,0.07716367198918239,0.0
0.9165,-1.0739559831984682,0.0846557612182444,0.07728735802256081,0.0
0.91675,-1.0741168033676378,0.08418541089536738,0.07741082725408632,0.0
0.917,-1.0742771038660974,0.08371615325898282,0.07753407844365245,0.0
0.91725,-1.0744368848935872,0.08324799020641954,0.07765711035247369,0.0
0.9175,-1.0745961466498481,0.08278092363500629,0.07777992174310189,0.0
0.91775,-1.0747548893346206,0.08231495544207186,0.0779025113794396,0.0
0.918,-1.0749131131476446,0.08185008752494505,0.07802487802675606,0.0
0.91825,-1.0750708182886606,0.08138632178095462,0.0781470204517023,0.0
0.9185,-1.0752280049574097,0.08092366010742938,0.07826893742232688,0.0
0.91875,-1.0753846733536316,0.0804621044016981,0.07839062770808924,0.0
0.919,-1.0755408236770672,0.08000165656108954,0.07851209007987592,0.0
0.91925,-1.0756964561274565,0.07954231848293251,0.07863332331001582,0.0
0.9195,-1.0758515709045402,0.07908409206455579,0.07875432617229494,0.0
0.91975,-1.0760061682080588,0.07862697920328815,0.07887509744197163,0.0
0.92,-1.0761602482377528,0.0781709817964584,0.07899563589579173,0.0
0.92025,-1.0763138111933621,0.07771610174139529,0.07911594031200342,0.0
0.9205,-1.076466857274628,0.07726234093542761,0.07923600947037368,0.0
0.92075,-1.07661938668129,0.07680970127588416,0.07935584215220137,0.0
0.921,-1.0767713996130894,0.07635818466009373,0.07947543714033456,0.0
0.92125,-1.0769228962697661,0.07590779298538507,0.07959479321918428,0.0
0.9215,-1.0770738768510608,0.07545852814908699,0.07971390917474097,0.0
0.92175,-1.0772243415567138,0.07501039204852825,0.07983278379458802,0.0
0.922,-1.0773742905864654,0.07456338658103764,0.07995141586791887,0.0
0.92225,-1.0775237241400566,0.07411751364394395,0.0800698041855521,0.0
0.9225,-1.0776726424172272,0.07367277513457596,0.08018794753994474,0.0
0.92275,-1.0778210456177177,0.07322917295026246,0.0803058447252103,0.0
0.923,-1.077968933941269,0.07278670898833223,0.08042349453713205,0.0
0.92325,-1.078116307587621,0.07234538514611404,0.08054089577317947,0.0
0.9235,-1.0782631667565146,0.07190520332093668,0.08065804723252401,0.0
0.92375,-1.07840951164769,0.07146616541012893,0.08077494771605287,0.0
0.924,-1.0785553424608874,0.07102827331101957,0.08089159602638563,0.0
0.92425,-1.0787006593958477,0.07059152892093742,0.08100799096788913,0.0
0.9245,-1.078845462652311,0.07015593413721122,0.08112413134669394,0.0
0.92475,-1.0789897524300178,0.06972149085716975,0.08124001597070829,0.0
0.925,-1.079133528928709,0.06928820097814184,0.08135564364963477,0.0
0.92525,-1.0792767923481246,0.0688560663974562,0.08147101319498518,0.0
0.9255,-1.079419542888005,0.06842508901244168,0.08158612342009541,0.0
0.92575,-1.0795617807480906,0.06799527072042705,0.08170097314014324,0.0
0.926,-1.079703506128122,0.06756661341874105,0.08181556117216071,0.0
0.92625,-1.0798447192278398,0.0671391190047125,0.08192988633505327,0.0
0.9265,-1.079985420246984,0.06671278937567018,0.08204394744961152,0.0
0.92675,-1.0801256093852953,0.06628762642894287,0.08215774333852943,0.0
0.927,-1.0802652868425144,0.06586363206185936,0.08227127282642033,0.0
0.92725,-1.0804044528183812,0.06544080817174841,0.08238453473982954,0.0
0.9275,-1.0805431075126366,0.06501915665593881,0.08249752790725329,0.0
0.92775,-1.0806812511250206,0.06459867941175937,0.08261025115915244,0.0
0.928,-1.0808188838552741,0.06417937833653883,0.08272270332796916,0.0
0.92825,-1.0809560059031371,0.063761255327606,0.08283488324814114,0.0
0.9285,-1.0810926174683504,0.06334431228228965,0.08294678975611958,0.0
0.92875,-1.0812287187506542,0.06292855109791859,0.08305842169038358,0.0
0.929,-1.0813643099497892,0.06251397367182158,0.08316977789145552,0.0
0.92925,-1.0814993912654953,0.06210058190132739,0.08328085720191702,0.0
0.9295,-1.0816339628975133,0.061688377683764825,0.08339165846642649,0.0
0.92975,-1.0817680250455837,0.06127736291646267,0.0835021805317322,0.0
0.93,-1.0819015779094472,0.060867539496749695,0.08361242224669052,0.0
0.93025,-1.0820346216888437,0.06045890932195469,0.0837223824622797,0.0
0.9305,-1.0821671565835138,0.06005147428940643,0.08383206003161692,0.0
0.93075,-1.0822991827931978,0.05964523629643371,0.08394145380997453,0.0
0.931,-1.0824307005176363,0.0592401972403653,0.08405056265479538,0.0
0.93125,-1.08256170995657,0.05883635901852998,0.08415938542570855,0.0
0.9315,-1.0826922113097392,0.05843372352825655,0.08426792098454605,0.0
0.93175,-1.082822204776884,0.05803229266687378,0.08437616819535743,0.0
0.932,-1.0829516905577452,0.05763206833171046,0.08448412592442733,0.0
0.93225,-1.083080668852063,0.05723305242009537,0.08459179304029107,0.0
0.9325,-1.0832091398595782,0.05683524682935728,0.08469916841375014,0.0
0.93275,-1.0833371037800306,0.056438653456825,0.08480625091788818,0.0
0.933,-1.0834645608131614,0.05604327419982729,0.08491303942808881,0.0
0.93325,-1.0835915111587104,0.05564911095569294,0.08501953282204866,0.0
0.9335,-1.0837179550164184,0.05525616562175074,0.0851257299797965,0.0
0.93375,-1.0838438925860259,0.05486444009532945,0.08523162978370791,0.0
0.934,-1.0839693240672728,0.05447393627375788,0.08533723111852076,0.0
0.93425,-1.0840942496599002,0.0540846560543648,0.08544253287135417,0.0
0.9345,-1.084218669563648,0.053696601334479,0.08554753393172088,0.0
0.93475,-1.0843425839782572,0.053309774011429244,0.08565223319154702,0.0
0.935,-1.0844659931034677,0.05292417598254433,0.0857566295451857,0.0
0.93525,-1.0845888971390205,0.052539809145153035,0.08586072188943539,0.0
0.9355,-1.0847112962846555,0.052156675396584154,0.08596450912355436,0.0
0.93575,-1.084833190740113,0.05177477663416645,0.08606799014927802,0.0
0.936,-1.084954580705134,0.05139411475522872,0.08617116387083601,0.0
0.93625,-1.0850754663794588,0.05101469165709975,0.08627402919496752,0.0
0.9365,-1.0851958479628276,0.0506365092371083,0.08637658503093681,0.0
0.93675,-1.0853157256549812,0.05025956939258318,0.08647883029055214,0.0
0.937,-1.0854350996556597,0.04988387402085316,0.0865807638881797,0.0
0.93725,-1.0855539701646038,0.04950942501924703,0.08668238474076206,0.0
0.9375,-1.0856723373815538,0.04913622428509355,0.08678369176783352,0.0
0.93775,-1.0857902015062502,0.048764273715721534,0.08688468389153647,0.0
0.938,-1.0859075627384331,0.048393575208459744,0.08698536003663859,0.0
0.93825,-1.0860244212778434,0.048024130660636974,0.08708571913054963,0.0
0.9385,-1.0861407773242213,0.04765594196958199,0.08718576010333767,0.0
0.93875,-1.0862566310773074,0.04728901103262359,0.08728548188774465,0.0
0.939,-1.086371982736842,0.04692333974709055,0.08738488341920503,0.0
0.93925,-1.0864868325025656,0.04655893001031167,0.0874839636358613,0.0
0.9395,-1.0866011805742186,0.0461957837196157,0.08758272147858026,0.0
0.93975,-1.0867150271515413,0.045833902772331445,0.08768115589097092,0.0
0.94,-1.0868283724342744,0.04547328906578768,0.08777926581940076,0.0
0.94025,-1.0869412166221584,0.045113944497313194,0.08787705021301218,0.0
0.9405,-1.0870535599149331,0.04475587096423676,0.08797450802373885,0.0
0.94075,-1.0871654025123398,0.04439907036388718,0.08807163820632469,0.0
0.941,-1.0872767446141185,0.04404354459359322,0.08816843971833821,0.0
0.94125,-1.0873875864200095,0.043689295550683654,0.08826491152019078,0.0
0.9415,-1.0874979281297537,0.043336325132487294,0.08836105257515325,0.0
0.94175,-1.0876077699430908,0.04298463523633289,0.0884568618493724,0.0
0.942,-1.087717112059762,0.042634227759549254,0.08855233831188936,0.0
0.94225,-1.0878259546795075,0.04228510459946515,0.08864748093465469,0.0
0.9425,-1.0879342980020676,0.041937267653409355,0.08874228869254708,0.0
0.94275,-1.0880421422271827,0.041590718818710674,0.0888367605633884,0.0
0.943,-1.0881494875545932,0.04124545999269788,0.08893089552796374,0.0
0.94325,-1.0882563341840399,0.040901493072699746,0.08902469257003576,0.0
0.9435,-1.088362682315263,0.04055881995604506,0.08911815067636297,0.0
0.94375,-1.0884685321480032,0.04021744254006261,0.08921126883671748,0.0
0.944,-1.0885738838820003,0.03987736272208118,0.08930404604390008,0.0
0.94425,-1.0886787377169953,0.03953858239942954,0.08939648129376043,0.0
0.9445,-1.0887830938527283,0.03920110346943648,0.08948857358521223,0.0
0.94475,-1.0888869524889402,0.03886492782943079,0.08958032192025112,0.0
0.945,-1.088990313825371,0.03853005737674124,0.08967172530397183,0.0
0.94525,-1.089093178061761,0.038196494008696624,0.08976278274458571,0.0
0.9455,-1.0891955453978512,0.03786423962262571,0.08985349325343828,0.0
0.94575,-1.089297416033382,0.037533296115857304,0.08994385584502629,0.0
0.946,-1.0893987901680933,0.03720366538572016,0.09003386953701487,0.0
0.94625,-1.089499668001726,0.03687534932954309,0.09012353335025614,0.0
0.9465,-1.0896000497340201,0.03654834984465484,0.09021284630880522,0.0
0.94675,-1.0896999355647163,0.03622266882838422,0.0903018074399391,0.0
0.947,-1.0897993256935554,0.035898308178060015,0.0903904157741735,0.0
0.94725,-1.0898982203202774,0.035575269791011,0.09047867034528045,0.0
0.9475,-1.0899966196446225,0.03525355556456595,0.090566570190306,0.0
0.94775,-1.0900945238663318,0.03493316739605365,0.09065411434958848,0.0
0.948,-1.0901919331851455,0.034614107182802896,0.09074130186677509,0.0
0.94825,-1.0902888478008037,0.034296376822142455,0.09082813178883975,0.0
0.9485,-1.0903852679130472,0.03397997821140111,0.09091460316610256,0.0
0.94875,-1.0904811937216161,0.033664913247907664,0.09100071505224516,0.0
0.949,-1.0905766254262512,0.033351183828990875,0.09108646650433028,0.0
0.94925,-1.0906715632266928,0.03303879185197954,0.09117185658281901,0.0
0.9495,-1.0907660073226815,0.03272773921420244,0.09125688435158885,0.0
0.94975,-1.0908599579139575,0.032418027812988345,0.09134154887795076,0.0
0.95,-1.0909534152002613,0.032109659545666046,0.09142584923266872,0.0
0.95025,-1.0910463793813334,0.03180263630956433,0.0915097844899766,0.0
0.9505,-1.0911388506569142,0.03149696000201198,0.0915933537275957,0.0
0.95075,-1.091230829226744,0.03119263252033777,0.09167655602675473,0.0
0.951,-1.0913223152905633,0.030889655761870492,0.09175939047220583,0.0
0.95125,-1.0914133090481126,0.030588031623938916,0.09184185615224427,0.0
0.9515,-1.0915038106991326,0.030287762003871836,0.09192395215872562,0.0
0.95175,-1.0915938204433635,0.029988848798998033,0.09200567758708433,0.0
0.952,-1.0916833384805456,0.02969129390664628,0.09208703153635156,0.0
0.95225,-1.0917723650104192,0.02939509922414537,0.09216801310917422,0.0
0.9525,-1.0918609002327253,0.029100266648824084,0.09224862141183321,0.0
0.95275,-1.0919489443472037,0.0288067980780112,0.09232885555426007,0.0
0.953,-1.0920364975535954,0.0285146954090355,0.09240871465005895,0.0
0.95325,-1.0921235600516406,0.028223960539225774,0.09248819781652062,0.0
0.9535,-1.09221013204108,0.027934595365910794,0.09256730417464465,0.0
0.95375,-1.0922962137216534,0.027646601786419353,0.09264603284915496,0.0
0.954,-1.0923818052931018,0.02735998169808023,0.09272438296852115,0.0
0.95425,-1.0924669069551656,0.0270747369982222,0.09280235366497513,0.0
0.9545,-1.0925515189075847,0.026790869584174058,0.09287994407452937,0.0
0.95475,-1.0926356413501002,0.026508381353264575,0.09295715333699839,0.0
0.955,-1.0927192744824523,0.02622727420282254,0.09303398059601364,0.0
0.95525,-1.0928024185043812,0.025947550030176736,0.0931104249990451,0.0
0.9555,-1.0928850736156277,0.02566921073265594,0.09318648569741916,0.0
0.95575,-1.0929672400159323,0.02539225820758894,0.09326216184633651,0.0
0.956,-1.0930489179050351,0.025116694352304514,0.09333745260489246,0.0
0.95625,-1.0931301074826765,0.02484252106413145,0.0934123571360943,0.0
0.9565,-1.0932108089485972,0.024569740240398527,0.09348687460688221,0.0
0.95675,-1.0932910225025374,0.024298353778434523,0.09356100418814561,0.0
0.957,-1.0933707483442379,0.02402836357556823,0.09363474505474545,0.0
0.95725,-1.093449986673439,0.02375977152912842,0.09370809638553035,0.0
0.9575,-1.093528737689881,0.023492579536443882,0.09378105736335574,0.0
0.95775,-1.0936070015933044,0.0232267894948434,0.09385362717510581,0.0
0.958,-1.0936847785834498,0.022962403301655755,0.09392580501171,0.0
0.95825,-1.0937620688600571,0.02269942285420972,0.09399759006816222,0.0
0.9585,-1.0938388726228672,0.02243785004983409,0.09406898154354226,0.0
0.95875,-1.0939151900716206,0.022177686785857645,0.09413997864103352,0.0
0.959,-1.0939910214060575,0.021918934959609157,0.09421058056794185,0.0
0.95925,-1.0940663668259185,0.02166159646841742,0.09428078653571625,0.0
0.9595,-1.094141226530944,0.02140567320961121,0.09435059575996729,0.0
0.95975,-1.0942156007208743,0.02115116708051932,0.09442000746048662,0.0
0.96,-1.0942894895954498,0.02089807997847052,0.09448902086126787,0.0
0.96025,-1.0943628933544114,0.020646413800793594,0.09455763519052396,0.0
0.9605,-1.094435812197499,0.020396170444817327,0.09462584968070886,0.0
0.96075,-1.0945082463244535,0.020147351807870507,0.09469366356853492,0.0
0.961,-1.094580195935015,0.019899959787281905,0.09476107609499484,0.0
0.96125,-1.0946516612289239,0.01965399628038031,0.09482808650537988,0.0
0.9615,-1.094722642405921,0.0194094631844945,0.09489469404930095,0.0
0.96175,-1.0947931396657467,0.019166362396953268,0.09496089798070617,0.0
0.962,-1.0948631532081408,0.018924695815085383,0.0950266975579026,0.0
0.96225,-1.0949326832328443,0.018684465336219633,0.09509209204357627,0.0
0.9625,-1.0950017299395975,0.0184456728576848,0.09515708070481121,0.0
0.96275,-1.0950702935281411,0.018208320276809672,0.09522166281310929,0.0
0.963,-1.095138374198215,0.01797240949092302,0.09528583764441101,0.0
0.96325,-1.0952059721495604,0.017737942397353636,0.09534960447911578,0.0
0.9635,-1.095273087581917,0.017504920893430295,0.09541296260210053,0.0
0.96375,-1.0953397206950255,0.01727334687648179,0.09547591130274147,0.0
0.964,-1.0954058716886264,0.01704322224383689,0.09553844987493343,0.0
0.96425,-1.09547154076246,0.016814548892824382,0.09560057761711094,0.0
0.9645,-1.095536728116267,0.01658732872077305,0.09566229383226754,0.0
0.96475,-1.0956014339497877,0.016361563625011677,0.09572359782797712,0.0
0.965,-1.0956656584627624,0.016137255502869045,0.09578448891641278,0.0
0.96525,-1.0957294018549317,0.015914406251673938,0.09584496641436924,0.0
0.9655,-1.095792664326036,0.015693017768755133,0.09590502964328218,0.0
0.96575,-1.0958554460758159,0.015473091951441411,0.09596467792924934,0.0
0.966,-1.0959177473040116,0.01525463069706156,0.09602391060305027,0.0
0.96625,-1.0959795682103635,0.015037635902944359,0.09608272700016784,0.0
0.9665,-1.0960409089946122,0.014822109466418593,0.09614112646080852,0.0
0.96675,-1.096101769856498,0.014608053284813042,0.09619910832992362,0.0
0.967,-1.0961621509957615,0.014395469255456489,0.09625667195722887,0.0
0.96725,-1.0962220526121431,0.014184359275677717,0.09631381669722727,0.0
0.9675,-1.0962814749053833,0.013974725242805505,0.09637054190922822,0.0
0.96775,-1.096340418075222,0.013766569054168638,0.09642684695736814,0.0
0.968,-1.0963988823214006,0.013559892607095898,0.09648273121063444,0.0
0.96825,-1.0964568678436588,0.013354697798916066,0.09653819404288289,0.0
0.9685,-1.0965143748417372,0.013150986526957925,0.09659323483286086,0.0
0.96875,-1.0965714035153764,0.012948760688550255,0.09664785296422829,0.0
0.969,-1.0966279540643167,0.012748022181021841,0.09670204782557823,0.0
0.96925,-1.0966840266882987,0.012548772901701463,0.09675581881045847,0.0
0.9695,-1.0967396215870626,0.012351014747917907,0.09680916531739303,0.0
0.96975,-1.096794738960349,0.01215474961699995,0.09686208674990326,0.0
0.97,-1.0968493790078981,0.01195997940627638,0.09691458251652874,0.0
0.97025,-1.0969035419294508,0.011766706013075973,0.09696665203085031,0.0
0.9705,-1.0969572279247473,0.011574931334727513,0.09701829471150991,0.0
0.97075,-1.0970104371935279,0.011384657268559785,0.0970695099822334,0.0
0.971,-1.097063169935533,0.011195885711901568,0.09712029727185079,0.0
0.97125,-1.0971154263505034,0.011008618562081645,0.09717065601431951,0.0
0.9715,-1.0971672066381792,0.010822857716428798,0.09722058564874514,0.0
0.97175,-1.097218510998301,0.010638605072271809,0.09727008561940331,0.0
0.972,-1.0972693396306092,0.01045586252693946,0.09731915537576197,0.0
0.97225,-1.0973196927348443,0.010274631977760535,0.09736779437250265,0.0
0.9725,-1.0973695705107467,0.010094915322063814,0.0974160020695436,0.0
0.97275,-1.097418973158057,0.009916714457178078,0.09746377793205974,0.0
0.973,-1.0974679008765151,0.009740031280432111,0.09751112143050666,0.0
0.97325,-1.097516353865862,0.009564867689154695,0.09755803204064217,0.0
0.9735,-1.0975643323258382,0.00939122558067461,0.09760450924354802,0.0
0.97375,-1.0976118364561835,0.00921910685232064,0.09765055252565258,0.0
0.974,-1.0976588664566385,0.009048513401421567,0.09769616137875259,0.0
0.97425,-1.0977054225269443,0.008879447125306174,0.09774133530003715,0.0
0.9745,-1.0977515048668405,0.008711909921303239,0.09778607379210724,0.0
0.97475,-1.0977971136760682,0.00854590368674155,0.09783037636300151,0.0
0.975,-1.0978422491543673,0.008381430318949883,0.09787424252621557,0.0
0.97525,-1.097886911501479,0.008218491715257022,0.09791767180072775,0.0
0.9755,-1.097931100917143,0.008057089772991752,0.09796066371101841,0.0
0.97575,-1.0979748176011,0.00789722638948285,0.09800321778709531,0.0
0.976,-1.0980180617530904,0.007738903462059102,0.0980453335645155,0.0
0.97625,-1.0980608335728546,0.007582122888049289,0.09808701058440805,0.0
0.9765,-1.0981031332601332,0.007426886564782191,0.09812824839349621,0.0
0.97675,-1.0981449610146665,0.007273196389586592,0.0981690465441214,0.0
0.977,-1.0981863170361947,0.007121054259791273,0.09820940459426608,0.0
0.97725,-1.098227201524459,0.006970462072725015,0.09824932210757686,0.0
0.9775,-1.0982676146791992,0.0068214217257166025,0.09828879865338602,0.0
0.97775,-1.098307556700156,0.006673935116094816,0.09832783380673749,0.0
0.978,-1.0983470277870695,0.006528004141188436,0.09836642714840704,0.0
0.97825,-1.0983860281396804,0.006383630698326247,0.09840457826492854,0.0
0.9785,-1.0984245579577292,0.0062408166848370306,0.098442286748615,0.0
0.97875,-1.0984626174409562,0.006099563998049565,0.09847955219758298,0.0
0.979,-1.0985002067891019,0.005959874535292637,0.09851637421577641,0.0
0.97925,-1.0985373262019067,0.005821750193895026,0.09855275241298922,0.0
0.9795,-1.0985739758791113,0.005685192871185514,0.09858868640488949,0.0
0.97975,-1.0986101560204558,0.005550204464492883,0.09862417581304284,0.0
0.98,-1.0986458668256809,0.005416786871145914,0.09865922026493701,0.0
0.98025,-1.0986811084945267,0.00528494198847339,0.09869381939400368,0.0
0.9805,-1.0987158812267337,0.0051546717138040935,0.09872797283964463,0.0
0.98075,-1.0987501852220425,0.005025977944466804,0.09876168024725485,0.0
0.981,-1.0987840206801938,0.0048988625777903055,0.09879494126824606,0.0
0.98125,-1.0988173878009275,0.004773327511103379,0.09882775556007073,0.0
0.9815,-1.0988502867839842,0.004649374641734806,0.09886012278624601,0.0
0.98175,-1.0988827178291047,0.00452700586701337,0.09889204261637996,0.0
0.982,-1.098914681136029,0.00440622308426785,0.09892351472619287,0.0
0.98225,-1.0989461769044975,0.0042870281908270295,0.09895453879754279,0.0
0.9825,-1.098977205334251,0.004169423084019689,0.09898511451845149,0.0
0.98275,-1.09900776662503,0.004053409661174613,0.09901524158312625,0.0
0.983,-1.0990378609765745,0.00393898981962058,0.09904491969198581,0.0
0.98325,-1.0990674885886254,0.0038261654566863743,0.0990741485516844,0.0
0.9835,-1.0990966496609227,0.0037149384697007758,0.09910292787513697,0.0
0.98375,-1.099125344393207,0.0036053107559925667,0.09913125738154371,0.0
0.984,-1.0991535729852187,0.0034972842128905297,0.09915913679641397,0.0
0.98425,-1.0991813356366984,0.0033908607377234456,0.09918656585159336,0.0
0.9845,-1.0992086325473864,0.0032860422278200956,0.09921354428528506,0.0
0.98475,-1.0992354639170232,0.0031828305805092624,0.09924007184207828,0.0
0.985,-1.0992618299453494,0.003081227693119727,0.09926614827297175,0.0
0.98525,-1.0992877308321052,0.0029812354629802727,0.0992917733353984,0.0
0.9855,-1.099313166777031,0.002882855787419679,0.09931694679325109,0.0
0.98575,-1.0993381379798675,0.0027860905637667284,0.09934166841690839,0.0
0.986,-1.0993626446403548,0.002690941689350203,0.09936593798325877,0.0
0.98625,-1.0993866869582338,0.002597411061498884,0.09938975527572746,0.0
0.9865,-1.0994102651332445,0.0025055005775415527,0.09941312008429981,0.0
0.98675,-1.0994333793651276,0.002415212134806992,0.09943603220554897,0.0
0.987,-1.0994560298536233,0.002326547630623982,0.09945849144265972,0.0
0.98725,-1.0994782167984725,0.0022395089623213054,0.09948049760545596,0.0
0.9875,-1.099499940399415,0.0021540980272277428,0.09950205051042449,0.0
0.98775,-1.0995212008561914,0.0020703167226720767,0.09952314998074208,0.0
0.988,-1.0995419983685428,0.0019881669459830887,0.09954379584630169,0.0
0.98825,-1.099562333136209,0.0019076505944895597,0.09956398794373689,0.0
0.9885,-1.0995822053589306,0.0018287695655202717,0.09958372611644872,0.0
0.98875,-1.0996016152364478,0.0017515257564040064,0.09960301021463214,0.0
0.989,-1.0996205629685014,0.001675921064469545,0.09962184009530217,0.0
0.98925,-1.0996390487548315,0.0016019573870456692,0.09964021562231928,0.0
0.9895,-1.0996570727951789,0.0015296366214611605,0.09965813666641643,0.0
0.98975,-1.099674635289284,0.0014589606650448005,0.09967560310522594,0.0
0.99,-1.099691736436887,0.0013899314151253708,0.0996926148233035,0.0
0.99025,-1.0997083764377282,0.0013225507690316526,0.0997091717121581,0.0
0.9905,-1.0997245554915487,0.0012568206240924275,0.09972527367027695,0.0
0.99075,-1.0997402737980884,0.0011927428776364775,0.0997409206031512,0.0
0.991,-1.0997555315570877,0.001130319426992583,0.0997561124233044,0.0
0.99125,-1.0997703289682874,0.0010695521694895267,0.09977084905031841,0.0
0.9915,-1.0997846662314277,0.0010104430024560893,0.09978513041086079,0.0
0.99175,-1.0997985435462492,0.0009529938232210524,0.09979895643871117,0.0
0.992,-1.0998119611124921,0.0008972065291131975,0.0998123270747886,0.0
0.99225,-1.099824919129897,0.000843083017461306,0.09982524226717882,0.0
0.9925,-1.099837417798204,0.0007906251855941594,0.09983770197116137,0.0
0.99275,-1.0998494573171542,0.000739834930840539,0.09984970614923716,0.0
0.993,-1.0998610378864875,0.0006907141505292263,0.09986125477115482,0.0
0.99325,-1.0998721597059449,0.0006432647419890027,0.09987234781393961,0.0
0.9935,-1.099882822975266,0.0005974886025486495,0.09988298526191874,0.0
0.99375,-1.099893027894192,0.0005533876295369482,0.09989316710675245,0.0
0.994,-1.0999027746624628,0.00051096372028268,0.09990289334745728,0.0
0.99425,-1.0999120634798194,0.0004702187721146264,0.0999121639904379,0.0
0.9945,-1.0999208945460017,0.0004311546823615687,0.09992097904951192,0.0
0.99475,-1.0999292680607504,0.0003937733483522882,0.09992933854593944,0.0
0.995,-1.0999371842238062,0.0003580766674155663,0.09993724250845104,0.0
0.99525,-1.0999446432349087,0.0003240665368801843,0.09994469097327396,0.0
0.9955,-1.0999516452937992,0.00029174485407492355,0.09995168398416276,0.0
0.99575,-1.0999581906002178,0.0002611135163285653,0.0999582215924264,0.0
0.996,-1.0999642793539048,0.00023217442096989087,0.09996430385695576,0.0
0.99625,-1.099969911754601,0.00020492946532768143,0.09996993084425276,0.0
0.9965,-1.0999750880020465,0.0001793805467307184,0.09997510262845966,0.0
0.99675,-1.099979808295982,0.00015552956250778298,0.09997981929138589,0.0
0.997,-1.0999840728361474,0.00013337840998765642,0.09998408092253741,0.0
0.99725,-1.0999878818222841,0.00011292898649911997,0.09998788761914601,0.0
0.9975,-1.099991235454132,9.418318937095483e-05,0.09999123948619726,0.0
0.99775,-1.0999941339314312,7.714291593194227e-05,0.09999413663645895,0.0
0.998,-1.0999965774539224,6.181006351086347e-05,0.0999965791905113,0.0
0.99825,-1.0999985662213465,4.8186529436499635e-05,0.09999856727677581,0.0
0.9985,-1.1000001004334434,3.627421103763195e-05,0.10000010103154255,0.0
0.99875,-1.1000011802899536,2.6075005643041593e-05,0.10000118059900154,0.0
0.999,-1.1000018059906176,1.7590810581509743e-05,0.10000180613127041,0.0
0.99925,-1.1000019777351762,1.0823523181817555e-05,0.10000197778842557,0.0
0.9995,-1.1000016957233694,5.775040772746177e-06,0.10000169573852902,0.0
0.99975,-1.1000009601549374,2.4472606830767328e-06,0.10000096015765969,0.0
