t,x,y,gap,dual
0.0,1.0500015171001242,3.5868430760056638e-06,0.05000151710625067,0.0
0.00025,1.050002757592979,8.945850635386294e-06,0.050002757631087524,0.0
0.0005,1.050003721282657,1.6075533153525612e-05,0.05000372140571496,0.0
0.00075,1.0500044072334873,2.4972789432808895e-05,0.05000440753045754,0.0
0.001,1.0500048149159866,3.563646866666659e-05,0.050004815520725776,0.0
0.00125,1.0500049440924926,4.806393347678295e-05,0.05000494519255483,0.0
0.0015,1.0500047938088102,6.225278005445034e-05,0.050004795654234435,0.0
0.00175,1.0500043645819304,7.820281983583754e-05,0.05000436749414727,0.0
0.002,1.0500036552279894,9.591112495854759e-05,0.05000365960842368,0.0
0.00225,1.0500026652593846,0.0001153744052970751,0.0500026715980606,0.0
0.0025,1.0500013942941422,0.00013659298815582588,0.050001403178722814,0.0
0.00275,1.0499998418091394,0.0001595626037413922,0.049999853933057725,0.0
0.003,1.0499980073945068,0.00018428253905256042,0.04999802356599159,0.0
0.00325,1.0499958903878337,0.000210750727632103,0.04999591153833016,0.0
0.0035,1.049993490465539,0.00023896445287618917,0.04999351765809279,0.0
0.00375,1.049990806762878,0.0002689222910277067,0.0499908412008927,0.0
0.004,1.0499878396004618,0.00030062192270463584,0.04998788263597875,0.0
0.00425,1.0499845879260903,0.00033406208780206725,0.049984641068525404,0.0
0.0045,1.0499810514494712,0.0003692403717252546,0.049981116373713164,0.0
0.00475,1.0499772295126562,0.00040615423603185263,0.049977308067339354,0.0
0.005,1.0499731217853707,0.00044480233134436276,0.04997321600164217,0.0
0.00525,1.0499687273619571,0.0004851817703439565,0.04996883946117081,0.0
0.0055,1.0499640464456803,0.0005272917567253899,0.04996417884858495,0.0
0.00575,1.0499590778926589,0.000571129498382561,0.049959233226750666,0.0
0.006,1.0499538219331228,0.000616693240530708,0.04995400304133546,0.0
0.00625,1.0499482771256439,0.0006639805194907922,0.04994848707412203,0.0
0.0065,1.0499424441013971,0.0007129902733851168,0.04994268618851061,0.0
0.00675,1.0499363213973822,0.0007637198964545178,0.04993659916089577,0.0
0.007,1.0499299090348018,0.0008161670711785973,0.049930226260066934,0.0
0.00725,1.0499232062738812,0.0008703300293859684,0.04992356700227818,0.0
0.0075,1.0499162125451917,0.0009262063341708426,0.04991662108160466,0.0
0.00775,1.0499089278848146,0.0009837952996889499,0.04990938880716378,0.0
0.008,1.0499013511533306,0.0010430931314715508,0.049901869317733105,0.0
0.00825,1.0498934822294927,0.0011040994081241706,0.049894062781323356,0.0
0.0085,1.0498853209686203,0.0011668116782317384,0.04988596934851697,0.0
0.00875,1.0498768662880167,0.001231227253086331,0.04987758823935984,0.0
0.009,1.049868117620484,0.0012973442414079273,0.04986891919803926,0.0
0.00925,1.0498590750465482,0.0013651617955616757,0.049859962625645515,0.0
0.0095,1.0498497379329947,0.0014346771063316055,0.049850718214917045,0.0
0.00975,1.0498401055930486,0.0015058878986025093,0.049841185613322514,0.0
0.01,1.0498301775000556,0.0015787921364136537,0.049831364636439224,0.0
0.01025,1.0498199535268142,0.0016533885503520196,0.04982125550816563,0.0
0.0105,1.0498094329129088,0.0017296748195576583,0.04981085782530581,0.0
0.01075,1.0497986148646348,0.001807648195068623,0.04980017115816038,0.0
0.011,1.0497874990916998,0.0018873072862248819,0.049789195590237645,0.0
0.01125,1.0497760855258562,0.001968650479582834,0.04977793143440601,0.0
0.0115,1.0497643735126871,0.0020516750630008573,0.04976637842286058,0.0
0.01175,1.049752362147096,0.0021363790804826976,0.049754536045919284,0.0
0.012,1.0497400514937993,0.0022227611603398145,0.04974240477241865,0.0
0.01225,1.049727440449459,0.0023108181589890364,0.049729983906878994,0.0
0.0125,1.0497145291767964,0.0024005495739487515,0.04971727403292747,0.0
0.01275,1.0497013171976946,0.002491952632084349,0.04970427509584585,0.0
0.013,1.049687803362879,0.0025850251813892555,0.049690986378360114,0.0
0.01325,1.0496739873595544,0.002679764656264183,0.04967740800586862,0.0
0.0135,1.049659869360859,0.002776170909427833,0.0496635406031658,0.0
0.01375,1.0496454477937007,0.0028742394992491427,0.049649383044994444,0.0
0.014,1.049630723315289,0.002973970397832204,0.04963493645519623,0.0
0.01425,1.0496156944841957,0.003075360070695865,0.049620199856645675,0.0
0.0145,1.0496003613463571,0.0031784079525039033,0.04960517377512774,0.0
0.01475,1.0495847230069018,0.003283110609189066,0.049589857794341885,0.0
0.015,1.0495687795818753,0.003389467074470076,0.04957425252339154,0.0
0.01525,1.0495525299314892,0.00349747489805452,0.04955835731809222,0.0
0.0155,1.049535974395134,0.0036071328681828163,0.04954217302453934,0.0
0.01575,1.0495191116702998,0.0037184375812842063,0.0495256988465127,0.0
0.016,1.0495019416865077,0.0038313882663487675,0.049508935235806906,0.0
0.01625,1.0494844638194678,0.003945982239130785,0.04949188209069422,0.0
0.0165,1.0494666779987014,0.004062217808822766,0.04947453987371997,0.0
0.01675,1.049448582677151,0.004180092170670946,0.04945690757345367,0.0
0.017,1.0494301782122477,0.00429960383434036,0.049438986094819226,0.0
0.01725,1.0494114636736,0.004420750936446893,0.04942077506041853,0.0
0.0175,1.0493924392590799,0.004543532041324738,0.04940227522982443,0.0
0.01775,1.049373103933597,0.004667944218510911,0.049383486130050835,0.0
0.018,1.0493534574005352,0.004793985595696881,0.049364408037717133,0.0
0.01825,1.0493334992271528,0.004921654651667495,0.04934504110173954,0.0
0.0185,1.049313228483058,0.005050949347861433,0.04932538497782124,0.0
0.01875,1.0492926453746776,0.00518186685089006,0.04930544046118879,0.0
0.019,1.0492717488165226,0.005314405513829001,0.04928520706738704,0.0
0.01925,1.0492505387520623,0.005448563973914133,0.04926468534915962,0.0
0.0195,1.0492290143143208,0.005584339280972017,0.04924387504726768,0.0
0.01975,1.0492071747689167,0.005721729602115033,0.04922277604720904,0.0
0.02,1.0491850203936863,0.005860733410926855,0.049201389254996064,0.0
0.02025,1.0491625506353799,0.006001348995027911,0.04917971475124139,0.0
0.0205,1.049139764458907,0.006143573247655354,0.049157752133176746,0.0
0.02075,1.049116661715125,0.006287405167569204,0.04913550190241356,0.0
0.021,1.0490932417882988,0.006432842068662126,0.04911296409059873,0.0
0.02125,1.049069504095982,0.006579881945469879,0.049090138772930336,0.0
0.0215,1.0490454482152884,0.006728522837534001,0.04906702619079151,0.0
0.02175,1.049021073919711,0.00687876292089129,0.04904362678917473,0.0
0.022,1.048996380391742,0.007030600405798282,0.04901994042870417,0.0
0.02225,1.0489713672893899,0.007184033082594965,0.04899596744901924,0.0
0.0225,1.0489460344765291,0.007339059283168581,0.04897170840552123,0.0
0.02275,1.0489203808254572,0.007495675804420898,0.048947162857494675,0.0
0.023,1.0488944062032104,0.007653881983941346,0.04892233138293389,0.0
0.02325,1.0488681100295736,0.007813675486360694,0.04889721410709069,0.0
0.0235,1.048841492124346,0.007975053933904519,0.048871811560818657,0.0
0.02375,1.0488145514187792,0.008138015527165976,0.048846123396800056,0.0
0.024,1.0487872877187243,0.008302557955687462,0.04882015014444008,0.0
0.02425,1.0487597005365785,0.008468679208803565,0.04879389204796358,0.0
0.0245,1.0487317891811045,0.008636377732941014,0.04876734915773695,0.0
0.02475,1.0487035537188802,0.008805651463504205,0.0487405222838988,0.0
0.025,1.0486749931017982,0.008976497897748459,0.04871341112410921,0.0
0.02525,1.048646107222929,0.009148915732424712,0.048686016333240545,0.0
0.0255,1.0486168954319481,0.009322902613931205,0.04865833801981756,0.0
0.02575,1.0485873570614217,0.009498456262690524,0.048630376281572296,0.0
0.026,1.048557491732538,0.009675574668776221,0.04860213151299786,0.0
0.02625,1.0485272992295762,0.00985425622580749,0.04857360428127944,0.0
0.0265,1.0484967785916481,0.010034498594691854,0.04854479440752102,0.0
0.02675,1.048465929993192,0.010216300623184793,0.04851570286520368,0.0
0.027,1.048434752204038,0.010399659047195087,0.04848632920865503,0.0
0.02725,1.0484032451936898,0.010584572217197774,0.04845667421295041,0.0
0.0275,1.0483714082115867,0.010771038567355617,0.04842673793993102,0.0
0.02775,1.0483392409449337,0.010959055724356404,0.04839652088671542,0.0
0.028,1.0483067431421205,0.01114862212162393,0.048366023625551424,0.0
0.02825,1.0482739139406334,0.011339735356088454,0.048335246114696195,0.0
0.0285,1.0482407531041105,0.01153239335683054,0.04830418894746824,0.0
0.02875,1.0482072595974614,0.011726593681359532,0.04827285191985564,0.0
0.029,1.0481734332220753,0.01192233479619631,0.04824123567981475,0.0
0.02925,1.0481392737771102,0.012119614946556112,0.04820934087636375,0.0
0.0295,1.0481047807978356,0.012318432223310083,0.048177167898499684,0.0
0.02975,1.0480699533319182,0.012518784015853157,0.04814471664479836,0.0
0.03,1.0480347913254278,0.012720668705156868,0.04811198792917115,0.0
0.03025,1.0479992940503067,0.012924084078221654,0.048078981889820405,0.0
0.0305,1.0479634610903616,0.013129028515280083,0.048045698989430896,0.0
0.03075,1.0479272921099252,0.013335500180460258,0.048012139774107565,0.0
0.031,1.0478907864006501,0.013543495980769649,0.04797830440651496,0.0
0.03125,1.0478539434911127,0.013753014708910882,0.047944193315397676,0.0
0.0315,1.0478167625273542,0.013964053402801824,0.047909806529522925,0.0
0.03175,1.0477792439445395,0.014176611524263194,0.04787514540392657,0.0
0.032,1.0477413867205954,0.014390686247708118,0.047840209811532475,0.0
0.03225,1.0477031903247749,0.014606275995774354,0.04780500013846867,0.0
0.0325,1.0476646542622206,0.014823378084216188,0.04776951679661212,0.0
0.03275,1.0476257779482552,0.015041990504585101,0.04773376012230646,0.0
0.033,1.0475865614602426,0.015262112379133441,0.04769773113544917,0.0
0.03325,1.047547003799913,0.015483740620425124,0.04766142975379961,0.0
0.0335,1.0475071045668827,0.015706873439100377,0.047624856516551795,0.0
0.03375,1.0474668630236081,0.015931508550735884,0.04758801162347237,0.0
0.034,1.047426279370562,0.01615764493884342,0.04755089623656383,0.0
0.03425,1.0473853525916255,0.01638527952009383,0.04751351027489625,0.0
0.0345,1.0473440822750675,0.01661441072306502,0.047475854289862784,0.0
0.03475,1.0473024679593195,0.016845036548616577,0.04743792878146502,0.0
0.035,1.047260509000381,0.017077154607449074,0.04739973406585518,0.0
0.03525,1.0472182053861658,0.01731076396823994,0.047361271119658044,0.0
0.0355,1.0471755562725704,0.01754586174180872,0.04732254006062053,0.0
0.03575,1.0471325609994153,0.017782445659364043,0.047283541204970136,0.0
0.036,1.047089219421089,0.01802051428077789,0.04724427540226217,0.0
0.03625,1.0470455309960585,0.0182600655682279,0.047204743101068036,0.0
0.0365,1.047001494856417,0.01850109678167655,0.047164944415967636,0.0
0.03675,1.0469571108390738,0.0187436063787203,0.04712488019174743,0.0
0.037,1.0469123786312338,0.0189875931539234,0.0470845511347624,0.0
0.03725,1.0468672975448214,0.019233053567219827,0.04704395753870694,0.0
0.0375,1.0468218670881413,0.01947998706852161,0.04700309995247487,0.0
0.03775,1.0467760868050178,0.01972839126220549,0.04696197893171883,0.0
0.038,1.0467299563651764,0.01997826389286672,0.04692059516489455,0.0
0.03825,1.0466834751227552,0.020229603332552415,0.046878949041406326,0.0
0.0385,1.0466366422992976,0.02048240636663934,0.04683704079198314,0.0
0.03875,1.0465894575128303,0.020736671575832588,0.04679487108269886,0.0
0.039,1.0465419209454154,0.020992397974879395,0.04675244115734256,0.0
0.03925,1.0464940313786002,0.021249582394162303,0.046709750820618234,0.0
0.0395,1.0464457883692262,0.02150822327230628,0.04666680068874962,0.0
0.03975,1.0463971918490458,0.021768318242322948,0.04662359174092168,0.0
0.04,1.046348241186145,0.02202986606567947,0.046580124420586566,0.0
0.04025,1.0462989353593812,0.022292863502457294,0.046536398744598806,0.0
0.0405,1.0462492745692273,0.022557309760813382,0.04649241600705345,0.0
0.04075,1.0461992580930186,0.02282320191028475,0.046448176538054886,0.0
0.041,1.0461488851770326,0.023090538321056897,0.04640368066874867,0.0
0.04125,1.0460981559354536,0.023359317752735365,0.04635892961135957,0.0
0.0415,1.0460470691961348,0.023629536655207062,0.04631392324500916,0.0
0.04175,1.0459956251820515,0.023901194481368293,0.046268662914849434,0.0
0.042,1.0459438227794493,0.02417428870317906,0.04622314858962695,0.0
0.04225,1.045891661630158,0.024448816564614617,0.04617738099181978,0.0
0.0425,1.0458391414892603,0.02472477692049324,0.04613136099858939,0.0
0.04275,1.0457862617841656,0.02500216732572369,0.046085089133519164,0.0
0.043,1.0457330221751135,0.025280986460685995,0.04603856618382962,0.0
0.04325,1.0456794214360272,0.025561230950827962,0.04599179200532255,0.0
0.0435,1.0456254598860255,0.025842900001322278,0.045944768064901664,0.0
0.04375,1.0455711372186371,0.026125991404754245,0.04589749517414732,0.0
0.044,1.045516452101225,0.026410503172385802,0.04584997312814987,0.0
0.04425,1.0454614044354145,0.02669643298968083,0.04580220295161053,0.0
0.0445,1.0454059937942262,0.02698377864251711,0.04575418534697806,0.0
0.04475,1.045350219584428,0.02727253845347377,0.045705920868246874,0.0
0.045,1.045294081456774,0.027562710542056834,0.04565741031228088,0.0
0.04525,1.0452375788189627,0.027854292676295245,0.0456086542276819,0.0
0.0455,1.0451807108084807,0.028147282526020945,0.045559652893951696,0.0
0.04575,1.0451234775502982,0.02844167841121248,0.04551040759892744,0.0
0.046,1.045065878108261,0.028737478449514242,0.0454609185683732,0.0
0.04625,1.045007912220342,0.029034680316343042,0.04541118669363309,0.0
0.0465,1.044949579838935,0.02933328298070137,0.045361213120131305,0.0
0.04675,1.0448908796022067,0.029633283034556257,0.04531099761711088,0.0
0.047,1.0448318119196571,0.02993467951981188,0.04526054179676531,0.0
0.04725,1.0447723758123573,0.030237470504644648,0.0452098458602066,0.0
0.0475,1.0447125704681923,0.030541652446387957,0.045158910132049535,0.0
0.04775,1.0446523955981704,0.030847224467649426,0.04510773554038616,0.0
0.048,1.0445918513389785,0.03115418521831259,0.04505632342970456,0.0
0.04825,1.0445309366532953,0.031462531781301095,0.04500467392825569,0.0
0.0485,1.0444696510440323,0.031772261894886356,0.04495278772677569,0.0
0.04875,1.0444079941165683,0.03208337405534678,0.04490066564500239,0.0
0.049,1.0443459651266664,0.03239586588937016,0.04484830813045315,0.0
0.04925,1.0442835639125363,0.032709736088122554,0.044795716249268924,0.0
0.0495,1.0442207902216367,0.033024982641677525,0.04474289095910211,0.0
0.04975,1.044157643093449,0.033341602249123525,0.044689832472301294,0.0
0.05,1.0440941220758901,0.033659593946779864,0.044636541586635214,0.0
0.05025,1.0440302266008317,0.033978955627645746,0.044583018951452,0.0
0.0505,1.0439659569438788,0.03429968543726147,0.0445292660710106,0.0
0.05075,1.0439013115354712,0.03462178050875764,0.04447528257545352,0.0
0.051,1.043836290667393,0.03494523950206485,0.044421070008700436,0.0
0.05125,1.0437708934047905,0.035270060324307906,0.04436662866749752,0.0
0.0515,1.043705119255037,0.035596241006103924,0.04431195929805187,0.0
0.05175,1.0436389683804848,0.03592377964426419,0.044257063306833544,0.0
0.052,1.0435724393289192,0.036252673603272,0.0442019404647247,0.0
0.05225,1.043505532322385,0.03658292188522694,0.04414659227576112,0.0
0.0525,1.0434382470984858,0.03691452256835248,0.04409101973171392,0.0
0.05275,1.043370582376653,0.03724747176184451,0.044035222739944535,0.0
0.053,1.0433025381381071,0.03758176937607516,0.04397920260647581,0.0
0.05325,1.0432341134978316,0.03791741300351248,0.043922959693140085,0.0
0.0535,1.0431653087476107,0.03825440011836179,0.04386649553614541,0.0
0.05375,1.043096122367352,0.03859272859278917,0.04380980987823757,0.0
0.054,1.0430265546069961,0.03893239675829818,0.04375290425113865,0.0
0.05425,1.0429566045608851,0.039273402208479524,0.04369577900756094,0.0
0.0545,1.0428862719450507,0.039615744147027954,0.04363843518517885,0.0
0.05475,1.0428155566808286,0.039959419605537505,0.04358087394832899,0.0
0.055,1.0427444573915068,0.04030442606713791,0.04352309518347952,0.0
0.05525,1.0426729746781334,0.040650762760435555,0.04346510082376609,0.0
0.0555,1.0426011068214436,0.040998426847579594,0.04340689040722534,0.0
0.05575,1.0425288540808637,0.0413474166035428,0.043348465495083754,0.0
0.056,1.0424562158568378,0.04169772955347639,0.04328982676362414,0.0
0.05625,1.0423831917169935,0.0420493644272284,0.04323097510706608,0.0
0.0565,1.0423097809161632,0.04240231876818257,0.04317191106280216,0.0
0.05675,1.0422359833312385,0.042756591024627255,0.04311263582917113,0.0
0.057,1.0421617984588067,0.043112178910661214,0.043053150197687406,0.0
0.05725,1.0420872255267355,0.043469079964083335,0.04299345468652538,0.0
0.0575,1.0420122645660825,0.043827293268080325,0.04293355068352356,0.0
0.05775,1.0419369143066959,0.044186815821888104,0.04287343819249534,0.0
0.058,1.0418611750299434,0.04454764598862937,0.04281311882709948,0.0
0.05825,1.041785045473297,0.04490978164865567,0.042752592641001064,0.0
0.0585,1.0417085259038075,0.045273220766745226,0.04269186122232571,0.0
0.05875,1.041631615505267,0.04563796170862133,0.042630925097193684,0.0
0.059,1.04155431307354,0.04600400106551206,0.04256978432914971,0.0
0.05925,1.0414766194447367,0.04637133897429635,0.042508441178442435,0.0
0.0595,1.041398533271341,0.04673997171414612,0.04244689555657444,0.0
0.05975,1.04132005431606,0.04710989781703745,0.04238514858622855,0.0
0.06,1.0412411819177834,0.047481115620058745,0.042323200961231544,0.0
0.06025,1.0411619154931344,0.0478536221090593,0.04226105339415298,0.0
0.0605,1.0410822552079964,0.04822741678788134,0.04219870746369647,0.0
0.06075,1.0410021997256393,0.04860249641846792,0.04213616312443902,0.0
0.061,1.0409217493819227,0.04897885959863402,0.04207342208882037,0.0
0.06125,1.040840903302616,0.04935650449363038,0.04201048484342773,0.0
0.0615,1.0407596608719842,0.049735428311350915,0.04194735209015299,0.0
0.06175,1.0406780214225932,0.05011562934834046,0.041884024532972575,0.0
0.062,1.0405959852700306,0.050497106093430943,0.04182050386998881,0.0
0.06225,1.0405135512856631,0.05087985629047864,0.04175679032355828,0.0
0.0625,1.040430719001229,0.0512638778618566,0.04169288478651412,0.0
0.06275,1.0403474882517756,0.05164916857559376,0.041628788449286525,0.0
0.063,1.0402638582674015,0.05203572664566991,0.041564501922431774,0.0
0.06325,1.0401798287159707,0.052423550080746395,0.041500026246113375,0.0
0.0635,1.0400953989979271,0.0528126366596382,0.041435362184135016,0.0
0.06375,1.0400105682700982,0.05320298397147383,0.04137051024933558,0.0
0.064,1.0399253366120789,0.05359459105071096,0.04130547195222123,0.0
0.06425,1.0398397034642954,0.053987455358907255,0.041240248087272,0.0
0.0645,1.039753667959772,0.05438157451828829,0.041174839151853604,0.0
0.06475,1.03966722986884,0.05477694660149268,0.04110924630517543,0.0
0.065,1.039580388844115,0.05517357047784799,0.041043470633458146,0.0
0.06525,1.0394931442172322,0.05557144300451,0.04097751279853834,0.0
0.0655,1.0394054956525238,0.05597056338517348,0.04091137392110489,0.0
0.06575,1.0393174428362641,0.05637092886455264,0.040845055041702105,0.0
0.066,1.039228984672178,0.05677253740296351,0.040778556459507787,0.0
0.06625,1.039140120833153,0.05717538691757795,0.04071187924147113,0.0
0.0665,1.039050851278276,0.057579475726512896,0.04064502476447274,0.0
0.06675,1.03896117479988,0.0579848014081108,0.040577993201799556,0.0
0.067,1.0388710916739399,0.0583913618776819,0.04051078622844373,0.0
0.06725,1.0387806009278506,0.05879915564302962,0.04044340430816318,0.0
0.0675,1.0386897027985356,0.05920818114984172,0.040375849111648154,0.0
0.06775,1.0385983957703644,0.059618435346408205,0.040308120476778786,0.0
0.068,1.038506679519756,0.0600299163447886,0.04024021949908829,0.0
0.06825,1.0384145543924248,0.06044262271490197,0.040172147971033745,0.0
0.0685,1.0383220192867029,0.06085655229841791,0.04010390620036919,0.0
0.06875,1.0382290736525022,0.061271702885676405,0.04003549504420434,0.0
0.069,1.0381357170165373,0.061688071701681224,0.03996691540438535,0.0
0.06925,1.038041948987349,0.06210565798694745,0.03989816838546534,0.0
0.0695,1.037947769344754,0.06252445913273164,0.03982925515566804,0.0
0.06975,1.0378531770958759,0.06294447327638863,0.039760176157966454,0.0
0.07,1.0377581721715359,0.06336569871000108,0.03969093276887503,0.0
0.07025,1.0376627543667993,0.06378813315845377,0.03962152619688153,0.0
0.0705,1.037566922204718,0.06421177501610487,0.03955195642357867,0.0
0.07075,1.0374706761258494,0.06463662120148683,0.039482225255137005,0.0
0.071,1.0373740148204291,0.06506267009743283,0.03941233284239187,0.0
0.07125,1.0372769385136635,0.0654899200588801,0.03934228086881797,0.0
0.0715,1.0371794462437336,0.06591836897696624,0.039272069806093324,0.0
0.07175,1.0370815378402938,0.06634801471120966,0.03920170091532649,0.0
0.072,1.0369832127024878,0.06677885533537165,0.039131175043206845,0.0
0.07225,1.0368844705889302,0.06721088947404041,0.039060493432590215,0.0
0.0725,1.036785310244717,0.0676441135179715,0.03898965617221939,0.0
0.07275,1.0366857321535505,0.06807852708332973,0.03891866529607535,0.0
0.073,1.0365857348299272,0.06851412648350674,0.03884752065964814,0.0
0.07325,1.0364853185421978,0.06895091152993871,0.03877622409945958,0.0
0.0735,1.0363844827888116,0.0693888791831796,0.03870477649798576,0.0
0.07375,1.0362832269423166,0.06982802779370445,0.03863317870533067,0.0
0.074,1.036181550094824,0.07026835472859716,0.03856143122743383,0.0
0.07425,1.0360794522085826,0.07070985858194945,0.03848953552239309,0.0
0.0745,1.0359769324759398,0.07115253730589188,0.03841749223870661,0.0
0.07475,1.0358739911490673,0.07159638911254262,0.03834530310155149,0.0
0.075,1.0357706270279223,0.07204141119528629,0.038272968318459055,0.0
0.07525,1.0356668396208093,0.07248760221219186,0.03820048890598571,0.0
0.0755,1.035562628840509,0.07293496004621147,0.038127866232290586,0.0
0.07575,1.0354579939611952,0.07338348219199986,0.03805510100223786,0.0
0.076,1.0353529347810948,0.073833167698524,0.03798219455452334,0.0
0.07625,1.0352474500637143,0.07428401335116064,0.03790914703695436,0.0
0.0765,1.0351415403673272,0.07473601791657813,0.03783596052944227,0.0
0.07675,1.035035204198806,0.07518917933984426,0.03776263500892307,0.0
0.077,1.0349284418004672,0.07564349511115154,0.037689172151359474,0.0
0.07725,1.034821252238757,0.07609896364829183,0.037615572528348684,0.0
0.0775,1.0347136351631292,0.07655558246489136,0.03754183722828053,0.0
0.07775,1.0346055901767315,0.07701335017661393,0.037467967375556466,0.0
0.078,1.0344971168233883,0.07747226457379952,0.037393963976124045,0.0
0.07825,1.0343882146536174,0.07793232356023339,0.03731982805198264,0.0
0.0785,1.0342788826948137,0.07839352490468343,0.037245560094336216,0.0
0.07875,1.034169120901602,0.07885586697473457,0.03717116156530742,0.0
0.079,1.0340589290798334,0.07931934771991678,0.037096633748487706,0.0
0.07925,1.0339483059152812,0.0797839647211731,0.03702197678338015,0.0
0.0795,1.0338372514272862,0.0802497164152669,0.036947192205782686,0.0
0.07975,1.0337257650724538,0.08071660008745596,0.03687228090267136,0.0
0.08,1.033613846279124,0.0811846149466362,0.03679724388327643,0.0
0.08025,1.0335014949448293,0.08165375850011003,0.036722082493853,0.0
0.0805,1.0333887098708274,0.08212402766714888,0.03664679694135353,0.0
0.08075,1.0332754911852504,0.08259542214760529,0.036571388976109676,0.0
0.081,1.0331618380179606,0.08306793855427941,0.036495859110063256,0.0
0.08125,1.0330477501941502,0.08354157596031087,0.03642020874504737,0.0
0.0815,1.0329332271555458,0.08401633117078688,0.03634443871975779,0.0
0.08175,1.0328182682927363,0.08449220289696768,0.03626854997610973,0.0
0.082,1.0327028730083967,0.08496918926429942,0.03619254342232603,0.0
0.08225,1.0325870410018183,0.08544728827364168,0.03611642025315365,0.0
0.0825,1.0324707716118908,0.08592649727050627,0.03604018125072317,0.0
0.08275,1.0323540651770742,0.08640681477868384,0.03596382829123357,0.0
0.083,1.032236919890515,0.08688823918473076,0.03588736110335877,0.0
0.08325,1.0321193358362706,0.08737076679125266,0.0358107811259718,0.0
0.0835,1.0320013126368295,0.087854397397777,0.03573408963221136,0.0
0.08375,1.0318828500526678,0.08833912862579041,0.03565728785114075,0.0
0.084,1.031763947133122,0.0888249576076845,0.03558037626141153,0.0
0.08425,1.0316446031847235,0.0893118830004056,0.035503355728625285,0.0
0.0845,1.0315248184920023,0.08979990304024454,0.03542622805827933,0.0
0.08475,1.0314045921299595,0.0902890150035347,0.03534899376832179,0.0
0.085,1.0312839234765363,0.09077921731253014,0.035271653778385925,0.0
0.08525,1.0311628122468335,0.09127050783939694,0.035194209297009005,0.0
0.0855,1.0310412578308785,0.0917628849078369,0.03511666124939228,0.0
0.08575,1.0309192596839765,0.0922563456770149,0.035039010523291836,0.0
0.086,1.0307968177068219,0.09275088923904207,0.03496125862234267,0.0
0.08625,1.0306739308139257,0.09324651211336743,0.03488340583890759,0.0
0.0865,1.0305505993510025,0.09374321443202405,0.034805454215795395,0.0
0.08675,1.0304268223274065,0.0942409923205787,0.03472740410473518,0.0
0.087,1.0303025989669123,0.09473984484696985,0.034649256337432544,0.0
0.08725,1.0301779291378566,0.09523976868052841,0.03457101216933545,0.0
0.0875,1.0300528124896928,0.0957407636226435,0.03449267292570668,0.0
0.08775,1.0299272480501855,0.09624282619610369,0.03441423901183893,0.0
0.088,1.0298012360517959,0.09674595548968057,0.0343357122701593,0.0
0.08825,1.0296747749703385,0.09725014773009377,0.034257092527647304,0.0
0.0885,1.0295478650687713,0.0977554026930818,0.03417838172307164,0.0
0.08875,1.0294205058756702,0.09826171782084714,0.03409958084626674,0.0
0.089,1.0292926966655784,0.09876909111611099,0.03402069068708724,0.0
0.08925,1.0291644372919535,0.09927752042946736,0.03394171259751699,0.0
0.0895,1.0290357270267378,0.09978700406824714,0.033862647394886425,0.0
0.08975,1.0289065650001632,0.10029753957657306,0.0337834956825096,0.0
0.09,1.028776951165554,0.10080912500811223,0.03370425893211548,0.0
0.09025,1.0286468848805796,0.10132175880335126,0.033624938060960785,0.0
0.0905,1.0285163659412362,0.10183543830147812,0.033545534315262415,0.0
0.09075,1.028385393525923,0.1023501620389311,0.03346604844419687,0.0
0.091,1.0282539672768394,0.10286592754718527,0.033386481559877,0.0
0.09125,1.0281220865274818,0.10338273307071688,0.0333068345379286,0.0
0.0915,1.0279897509987137,0.1039005763890799,0.033227108593449906,0.0
0.09175,1.0278569602172496,0.10441945607851721,0.03314730482868611,0.0
0.092,1.027723713765596,0.10493936999928621,0.033067424330084805,0.0
0.09225,1.0275900111942704,0.10546031523097099,0.03298746807251085,0.0
0.0925,1.0274558515513093,0.10598229106057033,0.032907436755817754,0.0
0.09275,1.02732123470728,0.10650529455055846,0.0328273316715586,0.0
0.093,1.0271861603084744,0.10702932391453146,0.03274715400569783,0.0
0.09325,1.0270506276272044,0.1075543775327219,0.032666904590190615,0.0
0.0935,1.0269146358773895,0.10808045243412323,0.03258658405847803,0.0
0.09375,1.0267781848446091,0.10860754715257315,0.03250619376897146,0.0
0.094,1.0266412743626105,0.10913565987303286,0.03242573509226676,0.0
0.09425,1.0265039037144916,0.10966478871687002,0.03234520884508685,0.0
0.0945,1.0263660722080843,0.11019493129106195,0.03226461581422635,0.0
0.09475,1.0262277796083268,0.11072608574821174,0.03218395729877366,0.0
0.095,1.0260890256833193,0.11125825048826243,0.03210323462793796,0.0
0.09525,1.0259498092127473,0.11179142225977046,0.032022447970263324,0.0
0.0955,1.025810130378673,0.11232560054054375,0.03194159918296924,0.0
0.09575,1.0256699880911455,0.11286078137692357,0.03186068848653223,0.0
0.096,1.0255293822962344,0.11339696516985498,0.0317797176057637,0.0
0.09625,1.0253883123534706,0.11393414838559579,0.03169868725294478,0.0
0.0965,1.0252467777819447,0.11447232891082137,0.031617598453287155,0.0
0.09675,1.0251047781074405,0.11501150587000097,0.03153645237635194,0.0
0.097,1.0249623134136456,0.11555167653015985,0.031455250540314506,0.0
0.09725,1.024819382153872,0.11609283861990605,0.031373992893495295,0.0
0.0975,1.024675984472431,0.11663499020815493,0.031292681102412345,0.0
0.09775,1.0245321194075032,0.1171781292957661,0.031211315726745736,0.0
0.098,1.0243877868233326,0.11772225417482218,0.031129898180053184,0.0
0.09825,1.0242429864340892,0.11826736285584616,0.031048429694889856,0.0
0.0985,1.0240977175444428,0.1188134533962284,0.03096691110223082,0.0
0.09875,1.0239519796002128,0.1193605230551924,0.030885343280814936,0.0
0.099,1.0238057720957556,0.11990857040972003,0.030803727309078432,0.0
0.09925,1.0236590949101938,0.1204575942290802,0.030722064671080407,0.0
0.0995,1.0235119472857122,0.1210075912421189,0.030640355980111167,0.0
0.09975,1.0233643285625007,0.121558559427001,0.03055860209118899,0.0
0.1,1.0232162385527346,0.1221104979182428,0.03047680446473322,0.0
0.10025,1.023067676516078,0.12266340387054697,0.030394963778994644,0.0
0.1005,1.0229186421492216,0.12321727488829026,0.03031308119779963,0.0
0.10075,1.0227691347851007,0.12377210984153919,0.03023115767466944,0.0
0.101,1.0226191539383436,0.12432790594525045,0.03014919414534556,0.0
0.10125,1.0224686993405996,0.12488466192407088,0.030067191941936855,0.0
0.1015,1.0223177707555067,0.12544237562300964,0.02998515232232979,0.0
0.10175,1.0221663670458767,0.12600104477327534,0.02990307563562644,0.0
0.102,1.0220144879087698,0.1265606673701427,0.029820963090478658,0.0
0.10225,1.021862133131627,0.12712124163837757,0.02973881601307138,0.0
0.1025,1.0217093018316632,0.127682764791075,0.02965663493906434,0.0
0.10275,1.0215559936291356,0.12824523576934155,0.029574421116387528,0.0
0.103,1.0214022082039946,0.12880865177847056,0.02949217563660178,0.0
0.10325,1.0212479448425,0.1293730111912481,0.02940989934511551,0.0
0.1035,1.0210932032480358,0.12993831207771223,0.029327593463295498,0.0
0.10375,1.0209379832394703,0.13050455282888151,0.029245259367340237,0.0
0.104,1.0207822837205285,0.13107173074413936,0.02916289738697908,0.0
0.10425,1.020626104299751,0.13163984357440484,0.0290805086067758,0.0
0.1045,1.020469444950173,0.1322088902823566,0.0289980946272963,0.0
0.10475,1.0203123050173772,0.13277886885248336,0.02891565630211823,0.0
0.105,1.0201546838231437,0.13334977661504865,0.028833194375833537,0.0
0.10525,1.0199965809341691,0.13392161123096002,0.0287507098768347,0.0
0.1055,1.0198379956227654,0.13449437090042693,0.028668203610747067,0.0
0.10575,1.0196789277626621,0.135068054673539,0.028585677090881223,0.0
0.106,1.0195193768558397,0.13564265909539586,0.028503131133293946,0.0
0.10625,1.0193593422995804,0.13621818361144733,0.02842056683043581,0.0
0.1065,1.0191988237877823,0.13679462526333452,0.028337985251607467,0.0
0.10675,1.0190378206507802,0.13737198212555768,0.02825538724083332,0.0
0.107,1.0188763322040302,0.13795025232542457,0.028172773633976966,0.0
0.10725,1.018714358643912,0.1385294342450294,0.02809014617373151,0.0
0.1075,1.0185518985838584,0.1391095248099674,0.02800750483721548,0.0
0.10775,1.0183889520486034,0.13969052236699042,0.027924851189918165,0.0
0.108,1.0182255187190279,0.14027242562623599,0.027842186506129574,0.0
0.10825,1.0180615973123324,0.14085523183688053,0.0277595109061064,0.0
0.1085,1.0178971880914744,0.1414389389915982,0.02767682614117528,0.0
0.10875,1.0177322901368484,0.14202354564133657,0.027594132867510668,0.0
0.109,1.0175669031788033,0.1426090491063121,0.027511432214701204,0.0
0.10925,1.0174010268617693,0.14319544774778592,0.027428725369828877,0.0
0.1095,1.0172346607165537,0.14378274014087822,0.0273460134373138,0.0
0.10975,1.017067804193438,0.14437092393943374,0.02726329731281041,0.0
0.11,1.0169004567404727,0.14495999635580858,0.02718057782575789,0.0
0.11025,1.0167326176493106,0.14554995585093877,0.027097855824959494,0.0
0.1105,1.0165642866008326,0.14614080060904655,0.027015132505316508,0.0
0.11075,1.0163954627725076,0.14673252765280154,0.026932408396930452,0.0
0.111,1.0162261465167433,0.1473251366839179,0.026849685573893778,0.0
0.11125,1.016056336556133,0.14791862408570466,0.02676696402215728,0.0
0.1115,1.0158860327697994,0.14851298940700985,0.026684245325391487,0.0
0.11175,1.0157152348516405,0.14910822909438082,0.026601530435925946,0.0
0.112,1.0155439421310604,0.14970434285547185,0.026518820416305378,0.0
0.11225,1.0153721541024154,0.15030132725473777,0.026436116035048363,0.0
0.1125,1.015199869799794,0.15089918014537318,0.026353417790414113,0.0
0.11275,1.015027089571511,0.1514979002077581,0.02627072760133431,0.0
0.113,1.014853812280009,0.15209748536352663,0.026188045805044524,0.0
0.11325,1.0146800376708853,0.15269793335913562,0.026105373584964786,0.0
0.1135,1.0145057649454117,0.15329924208832324,0.026022711606487503,0.0
0.11375,1.0143309943265635,0.15390141024299453,0.025940061663593195,0.0
0.114,1.0141557248906423,0.15450443528024493,0.02585742423093662,0.0
0.11425,1.013979956333408,0.15510831486804477,0.02577480042507596,0.0
0.1145,1.0138036878615253,0.1557130479062181,0.02569219106409948,0.0
0.11475,1.0136269193293828,0.1563186318317662,0.02560959738437041,0.0
0.115,1.0134496503877344,0.15692506494309555,0.02552702055012457,0.0
0.11525,1.0132718797946936,0.15753234481296374,0.02544446073151252,0.0
0.1155,1.0130936075179022,0.158140468954997,0.02536191928262288,0.0
0.11575,1.0129148329460875,0.15874943634526062,0.025279397209433174,0.0
0.116,1.0127355555659818,0.15935924436868731,0.02519689536854197,0.0
0.11625,1.0125557753982264,0.15996989131289752,0.025114415282003533,0.0
0.1165,1.012375491792497,0.1605813758266521,0.025031957864963594,0.0
0.11675,1.0121947036538188,0.16119369464772149,0.024949523293232634,0.0
0.117,1.0120134111975432,0.16180684671275003,0.024867113379491323,0.0
0.11725,1.0118316132541239,0.16242082875392327,0.02478472822029998,0.0
0.1175,1.011649309515228,0.16303563980235936,0.02470236912403112,0.0
0.11775,1.0114665001575247,0.16365127776518307,0.024620037699385033,0.0
0.118,1.0112831842087786,0.1642677405353936,0.024537734416868462,0.0
0.11825,1.0110993610725956,0.16488502636080682,0.024455460173557375,0.0
0.1185,1.0109150301574132,0.16550313215995516,0.024373215655758562,0.0
0.11875,1.010730191336961,0.16612205696729632,0.02429100234801229,0.0
0.119,1.0105448438242277,0.16674179860739002,0.024208820886912896,0.0
0.11925,1.0103589873648104,0.1673623546477927,0.024126672390724524,0.0
0.1195,1.0101726218400628,0.16798372454734078,0.024044558419223927,0.0
0.11975,1.0099857460211155,0.16860590428765931,0.0239624788665298,0.0
0.12,1.009798359810894,0.16922889294374954,0.023880435248051057,0.0
0.12025,1.0096104624753863,0.1698526878745099,0.023798428167361108,0.0
0.1205,1.0094220534451637,0.1704772874969933,0.023716458563494802,0.0
0.12075,1.0092331327624393,0.1711026900095476,0.023634527941486905,0.0
0.121,1.009043699364227,0.17172889276773162,0.023552636574140973,0.0
0.12125,1.0088537531750248,0.17235589466652357,0.02347078596393337,0.0
0.1215,1.0086632936923507,0.1729836927107442,0.023388976873479184,0.0
0.12175,1.0084723199947376,0.17361228544761786,0.023307209910060855,0.0
0.122,1.0082808319150018,0.17424167065595952,0.02322548629331367,0.0
0.12225,1.0080888291048282,0.17487184644522813,0.02314380711858255,0.0
0.1225,1.0078963108495458,0.1755028108809995,0.02306217311131986,0.0
0.12275,1.0077032767320304,0.17613456165281605,0.022980585223933092,0.0
0.123,1.0075097265095962,0.1767670975786757,0.022899044773153632,0.0
0.12325,1.0073156592756547,0.17740041573517829,0.022817552120103723,0.0
0.1235,1.0071210748157853,0.1780345140807782,0.022736108457153126,0.0
0.12375,1.006925972423872,0.1786693911638224,0.022654714593645764,0.0
0.124,1.006730351581254,0.17930504437816808,0.022573371320792956,0.0
0.12425,1.0065342123256826,0.17994147307739183,0.02249208031913108,0.0
0.1245,1.0063375535577208,0.18057867373779857,0.022410841643143442,0.0
0.12475,1.0061403746993847,0.1812166439663656,0.022329656055545932,0.0
0.125,1.0059426761776535,0.18185538406770263,0.022248525785129702,0.0
0.12525,1.0057444565501683,0.1824948896343983,0.02216745038377388,0.0
0.1255,1.0055457157499816,0.18313516004346297,0.0220864314270528,0.0
0.12575,1.005346453527153,0.18377619310420812,0.022005470030126206,0.0
0.126,1.0051466689382735,0.18441798667615217,0.02192456663268083,0.0
0.12625,1.0049463617010446,0.18506053826659752,0.02184372225878528,0.0
0.1265,1.004745531174997,0.18570384628255,0.02176293774057969,0.0
0.12675,1.0045441766939973,0.1863479080974173,0.021682213695679575,0.0
0.127,1.0043422984153736,0.18699272253699917,0.021601551813658082,0.0
0.12725,1.0041398954379304,0.18763828762372725,0.021520952595913245,0.0
0.1275,1.0039369673930807,0.18828460141499193,0.021440417072096096,0.0
0.12775,1.0037335135670844,0.18893166111682547,0.021359945773324007,0.0
0.128,1.003529533781041,0.18957946512730928,0.021279539973630524,0.0
0.12825,1.0033250273041006,0.19022801144097912,0.021199200328497758,0.0
0.1285,1.0031199939119873,0.1908772982238247,0.021118928021223393,0.0
0.12875,1.00291443290714,0.19152732342091383,0.021038723727082598,0.0
0.129,1.0027083434543798,0.19217808394631675,0.020958587790074867,0.0
0.12925,1.0025017254391528,0.19282957912199095,0.020878521711982678,0.0
0.1295,1.0022945788250084,0.19348180662707648,0.020798526761122593,0.0
0.12975,1.0020869023763836,0.1941347646922793,0.020718603130374325,0.0
0.13,1.0018786959273953,0.19478845092383779,0.020638751942373856,0.0
0.13025,1.0016699592474438,0.19544286298972224,0.020558974264787366,0.0
0.1305,1.0014606911441106,0.1960979994464651,0.020479270389039073,0.0
0.13075,1.0012508914600673,0.19675385765184217,0.020399641390793866,0.0
0.131,1.0010405603742143,0.1974104366782541,0.02032008900335769,0.0
0.13125,1.0008296964702268,0.19806773365436925,0.020240613018156717,0.0
0.1315,1.0006182994977948,0.1987257465074066,0.020161214521893234,0.0
0.13175,1.0004063689957192,0.19938447352200228,0.020081894461834393,0.0
0.132,1.0001939050889703,0.2000439128931646,0.020002654341022774,0.0
0.13225,0.9999809063374201,0.20070406224125747,0.019923494012933585,0.0
0.1325,0.9997673732206778,0.20136492004358786,0.019844415379490332,0.0
0.13275,0.9995533040248716,0.20202648351251185,0.019765417940551977,0.0
0.133,0.999338699251183,0.20268875085196214,0.01968650356027335,0.0
0.13325,0.9991235580415605,0.20335172077355423,0.01960767286990972,0.0
0.1335,0.9989078801523874,0.20401539031819027,0.019528926768250132,0.0
0.13375,0.9986916650878754,0.2046797589796654,0.01945026639457348,0.0
0.134,0.998474911630872,0.2053448226425303,0.019371691456246953,0.0
0.13425,0.9982576202600555,0.2060105805878436,0.01929320400040413,0.0
0.1345,0.9980397898791509,0.20667703021020145,0.01921480415000265,0.0
0.13475,0.9978214203178126,0.2073441703294634,0.01913649322093769,0.0
0.135,0.997602510945427,0.20801199822084016,0.019058271762928847,0.0
0.13525,0.9973830612779224,0.20868051214219463,0.018980140666170486,0.0
0.1355,0.9971630706751995,0.20934970998094116,0.018902100590383997,0.0
0.13575,0.9969425394195568,0.21001959032224704,0.018824153239134223,0.0
0.136,0.9967214656784762,0.2106901495810405,0.01874629779682202,0.0
0.13625,0.996499850296992,0.21136138766470935,0.018668536785876544,0.0
0.1365,0.9962776917261849,0.2120333008561488,0.01859086963471701,0.0
0.13675,0.9960549904586813,0.21270588905382226,0.01851329851692185,0.0
0.137,0.9958317450521221,0.21337914823303095,0.018435822894210974,0.0
0.13725,0.9956079559258626,0.21405307802258733,0.01835844480900639,0.0
0.1375,0.9953836217098839,0.214727675055002,0.01828116392419421,0.0
0.13775,0.9951587421691244,0.2154029376465303,0.0182039813624717,0.0
0.138,0.994933317341335,0.2160788650808314,0.018126898716684492,0.0
0.13825,0.9947073462250842,0.2167554533789513,0.018049915870368416,0.0
0.1385,0.9944808283731206,0.2174327015441122,0.017973033877842548,0.0
0.13875,0.9942537636191915,0.2181106078881072,0.017896253919939875,0.0
0.139,0.9940261511681001,0.21878916991265385,0.01781957638725684,0.0
0.13925,0.9937979904472556,0.21946838578300287,0.017743002027132748,0.0
0.1395,0.9935692817649908,0.2201482535907644,0.017666532428999293,0.0
0.13975,0.9933400238515233,0.22082877185712846,0.017590167732212558,0.0
0.14,0.9931102163845722,0.2215099372722591,0.01751390860163271,0.0
0.14025,0.9928798584714968,0.22219174792924434,0.017437755445625536,0.0
0.1405,0.9926489503657692,0.2228742030399644,0.017361710033831912,0.0
0.14075,0.9924174909063979,0.22355729930424673,0.01728577220423122,0.0
0.141,0.9921854801235099,0.22424103511571047,0.01720994332423098,0.0
0.14125,0.9919529173487405,0.22492540937491867,0.01713422419027455,0.0
0.1415,0.9917198019365969,0.22561041868834764,0.017058615112174547,0.0
0.14175,0.9914861339365473,0.22629606225596888,0.016983117647976664,0.0
0.142,0.9912519120001448,0.22698233673186508,0.016907731425128247,0.0
0.14225,0.9910171363494342,0.22766924123232002,0.016832458147129303,0.0
0.1425,0.9907818065758462,0.22835677393076992,0.016757298691170597,0.0
0.14275,0.9905459216284811,0.22904493157204797,0.01668225298451098,0.0
0.143,0.9903094810340534,0.22973371326351355,0.016607322045133932,0.0
0.14325,0.9900724851386471,0.23042311678658223,0.016532507388848483,0.0
0.1435,0.9898349324643831,0.23111313962139945,0.016457808682893926,0.0
0.14375,0.9895968228539331,0.23180377974279054,0.016383226989526323,0.0
0.144,0.9893581561962748,0.2324950358337361,0.016308763575038077,0.0
0.14425,0.9891189312980586,0.23318690479267445,0.016234418241677817,0.0
0.1445,0.9888791480828516,0.233879385764169,0.0161601923902015,0.0
0.14475,0.9886388059523981,0.23457247631539246,0.016086086549618406,0.0
0.145,0.9883979050338993,0.23526617453349274,0.01601210207114412,0.0
0.14525,0.9881564437946153,0.23596047808383958,0.015938238590503584,0.0
0.1455,0.9879144222192977,0.2366553849940658,0.015864497300490443,0.0
0.14575,0.9876718402251896,0.23735089345657912,0.015790879363685173,0.0
0.146,0.9874286968990091,0.2380470014324345,0.01571738507847198,0.0
0.14625,0.9871849918680766,0.2387437069619125,0.015644015284632218,0.0
0.1465,0.9869407243993109,0.23944100797743317,0.015570770443441795,0.0
0.14675,0.9866958943299906,0.24013890267400484,0.01549765162955219,0.0
0.147,0.9864505010110918,0.24083738883824424,0.015424659345762537,0.0
0.14725,0.9862045436267763,0.241536463591018,0.015351793771081867,0.0
0.1475,0.9859580220583979,0.2422361260601349,0.015279056235244948,0.0
0.14775,0.9857109363459386,0.24293637433460447,0.015206447973430848,0.0
0.148,0.9854632852852632,0.24363720627840735,0.01513396895600505,0.0
0.14825,0.9852150684475305,0.24433861883238706,0.015061619680790894,0.0
0.1485,0.9849662853724723,0.24504061119391451,0.014989401153890691,0.0
0.14875,0.984716935896067,0.2457431809078514,0.014917314269122128,0.0
0.149,0.9844670194698963,0.24644632643067155,0.014845359764291466,0.0
0.14925,0.9842165347689473,0.2471500440705654,0.014773537099128653,0.0
0.1495,0.9839654823055568,0.24785433363858544,0.014701848363465997,0.0
0.14975,0.983713861528706,0.24855919311661978,0.014630294169508451,0.0
0.15,0.9834616712495077,0.24926461889988616,0.01455887411829404,0.0
0.15025,0.9832089114530831,0.24997061071054816,0.01448758976133413,0.0
0.1505,0.9829555817704758,0.2506771657881188,0.01441644169507561,0.0
0.15075,0.9827016814905463,0.25138428195603524,0.01434543032386082,0.0
0.151,0.9824472103836257,0.2520919572519773,0.014274556568240504,0.0
0.15125,0.9821921676887371,0.2528001900182346,0.014203820906998788,0.0
0.1515,0.981936552968115,0.25350897795439664,0.014133223969309938,0.0
0.15175,0.9816803653101474,0.254218319242824,0.014062766042669983,0.0
0.152,0.981423605075797,0.25492821140866795,0.01399244847878256,0.0
0.15225,0.9811662709921194,0.25563865270086694,0.013922271225607963,0.0
0.1525,0.9809083631656748,0.2563496413438031,0.013852235557755943,0.0
0.15275,0.9806498807473361,0.2570611749068945,0.013782341656372266,0.0
0.153,0.9803908235699197,0.2577732516550668,0.013712590534877167,0.0
0.15325,0.9801311908315355,0.2584858694515617,0.013642982487904298,0.0
0.1535,0.9798709824620744,0.25919902709354403,0.013573518753045688,0.0
0.15375,0.9796101972241118,0.25991272131506094,0.013504198909340293,0.0
0.154,0.9793488354174258,0.26062695083443543,0.01343502452536316,0.0
0.15425,0.979086896189358,0.2613417140315164,0.013365995967222766,0.0
0.1545,0.9788243792490547,0.2620570077735067,0.013297113750700973,0.0
0.15475,0.9785612840077462,0.26277283076235847,0.013228378573040267,0.0
0.155,0.9782976095740921,0.26348918040011426,0.013159790500149482,0.0
0.15525,0.9780333558469252,0.26420605537607855,0.013091350691824655,0.0
0.1555,0.977768522304423,0.26492345329722866,0.013023059617254473,0.0
0.15575,0.9775031084552595,0.26564137232881535,0.012954917917096243,0.0
0.156,0.9772371141084477,0.26635981089681593,0.012886926587560854,0.0
0.15625,0.9769705381820302,0.26707876559952126,0.012819085281201348,0.0
0.1565,0.9767033806531344,0.26779823630117505,0.012751395528676435,0.0
0.15675,0.9764356406564545,0.26851821899977324,0.012683857024980316,0.0
0.157,0.9761673179268016,0.26923871288337864,0.012616470882981234,0.0
0.15725,0.9758984118488101,0.26995971603467694,0.012549237583315387,0.0
0.1575,0.9756289222454413,0.2706812257307405,0.012482157810643768,0.0
0.15775,0.9753588482999263,0.27140324041985764,0.012415231941596883,0.0
0.158,0.9750881896198749,0.2721257580084142,0.012348460614139967,0.0
0.15825,0.9748169454874542,0.2728487768450236,0.012281844268342113,0.0
0.1585,0.9745451160869578,0.27357229402079497,0.012215383870815444,0.0
0.15875,0.9742727005508485,0.2742963088703334,0.012149079977121113,0.0
0.159,0.9739996983626966,0.27502081868522055,0.0120829329264045,0.0
0.15925,0.9737261087637563,0.27574582105978607,0.012016942901719396,0.0
0.1595,0.9734519316430053,0.27647131413770865,0.011951110854931501,0.0
0.15975,0.9731771663127375,0.27719729619209943,0.01188543721544888,0.0
0.16,0.9729018124713136,0.27792376508433847,0.011819922668367733,0.0
0.16025,0.9726258697371293,0.27865071889524984,0.011754567878369704,0.0
0.1605,0.9723493370431058,0.2793781554482706,0.011689372776963136,0.0
0.16075,0.9720722143847809,0.2801060725608977,0.011624338311619686,0.0
0.161,0.9717945010339051,0.2808344684091679,0.011559464829624444,0.0
0.16125,0.9715161968404047,0.2815633411914291,0.011494753237071942,0.0
0.1615,0.9712373006823398,0.28229268841052146,0.011430203309530151,0.0
0.16175,0.9709578125983924,0.28302250838270027,0.011365816160053166,0.0
0.162,0.9706777325165916,0.283752800247683,0.011301593023541612,0.0
0.16225,0.9703970591240108,0.28448355994468955,0.011237533043217729,0.0
0.1625,0.9701157922008363,0.28521478678899825,0.011173637354411126,0.0
0.16275,0.9698339310139872,0.2859464776682614,0.011109905913758267,0.0
0.163,0.9695514755993528,0.2866786316225216,0.011046340019014167,0.0
0.16325,0.9692684254490587,0.28741124661097217,0.01098294013844292,0.0
0.1635,0.9689847798528959,0.2881443201409155,0.010919706413934582,0.0
0.16375,0.968700538302059,0.28887785041628433,0.010856639374660304,0.0
0.164,0.9684157000746225,0.2896118348867276,0.010793739126572888,0.0
0.16425,0.9681302651508759,0.2903462722701846,0.01073100680759631,0.0
0.1645,0.9678442327077263,0.2910811607806352,0.010668442639330422,0.0
0.16475,0.9675576025811523,0.2918164972841595,0.010606047082533099,0.0
0.165,0.967270373755774,0.29255228030753244,0.01054382025658418,0.0
0.16525,0.966982546340752,0.29328850863527123,0.010481763430268964,0.0
0.1655,0.9666941192591523,0.2940251791282549,0.010419876176053222,0.0
0.16575,0.9664050924947958,0.2947622902474194,0.010358159541347334,0.0
0.166,0.9661154657051298,0.29549984028930965,0.010296614210721478,0.0
0.16625,0.9658252377884864,0.29623782642759977,0.010235239810874486,0.0
0.1665,0.9655344085745199,0.29697624699825553,0.01017403719483756,0.0
0.16675,0.9652429773359117,0.2977150998816285,0.010113006546209835,0.0
0.167,0.9649509436650234,0.2984543832366455,0.010052148432537988,0.0
0.16725,0.9646583079060775,0.2991940962398445,0.009991464437692166,0.0
0.1675,0.9643650686176457,0.2999342346913494,0.009930953436818823,0.0
0.16775,0.9640712255735906,0.30067479820360177,0.00987061659092836,0.0
0.168,0.9637767783374471,0.3014157838658491,0.009810454108083011,0.0
0.16825,0.9634817264058029,0.3021571908438432,0.009750466747378672,0.0
0.1685,0.9631860693035108,0.3028990151552904,0.009690654350327454,0.0
0.16875,0.9628898062273805,0.3036412568072535,0.00963101763569596,0.0
0.169,0.9625929371980533,0.30438391233256823,0.009571557062923564,0.0
0.16925,0.9622954615624124,0.30512698050050346,0.00951227311656333,0.0
0.1695,0.9619973785540878,0.3058704591787631,0.009453165898826832,0.0
0.16975,0.961698687901567,0.30661434593750414,0.009394235889168767,0.0
0.17,0.9613993891176165,0.30735863906768657,0.009335483575835912,0.0
0.17025,0.961099481670928,0.30810333640019394,0.009276909261802802,0.0
0.1705,0.9607989649223327,0.30884843607164214,0.009218513236714854,0.0
0.17075,0.9604978385679601,0.3095939363927016,0.009160296159560266,0.0
0.171,0.9601961021681831,0.31033983435368384,0.009102258151097331,0.0
0.17125,0.9598937553261493,0.31108612945210723,0.009044400138879194,0.0
0.1715,0.9595907969351671,0.3118328180203349,0.008986721397844954,0.0
0.17175,0.9592872272581943,0.3125798992635396,0.008929223387011964,0.0
0.172,0.9589830454825545,0.3133273704930133,0.008871905953903081,0.0
0.17225,0.9586782516913743,0.31407523102105017,0.008814770414745654,0.0
0.1725,0.9583728444768838,0.314823477644552,0.008757815883932984,0.0
0.17275,0.9580668235913734,0.3155721077451119,0.008701042754074129,0.0
0.173,0.9577601887696545,0.3163211203579266,0.008644451913843554,0.0
0.17325,0.9574529397379834,0.3170705136850671,0.008588043980999549,0.0
0.1735,0.9571450755996267,0.3178202846469276,0.008531818574738503,0.0
0.17375,0.9568365955625495,0.31857043153446796,0.00847577583984993,0.0
0.174,0.9565274998551203,0.31932095324638965,0.008419917078827943,0.0
0.17425,0.9562177877122693,0.3200718466498955,0.008364242005447498,0.0
0.1745,0.9559074588773626,0.32082311111120987,0.008308751603620879,0.0
0.17475,0.9555965125907235,0.3215747432089131,0.008253445491475109,0.0
0.175,0.955284948110716,0.3223267417420317,0.008198324006208457,0.0
0.17525,0.9549727653609068,0.32307910368822945,0.008143387530289425,0.0
0.1755,0.9546599639070621,0.32383182908618835,0.008088637083237593,0.0
0.17575,0.9543465432835205,0.32458491379702537,0.00803407231195652,0.0
0.176,0.9540325025310636,0.3253383573201205,0.007979693560062895,0.0
0.17625,0.9537178415764203,0.3260921561243322,0.007925501030211057,0.0
0.1765,0.9534025592275412,0.32684630906707923,0.007871494632325726,0.0
0.17675,0.953086655941533,0.32760081407445796,0.00781767553266377,0.0
0.177,0.9527701306836747,0.32835566926857496,0.007764043545809507,0.0
0.17725,0.9524529833591231,0.3291108727068206,0.007710599350596814,0.0
0.1775,0.9521352134109051,0.3298664225012544,0.007657343202939204,0.0
0.17775,0.9518168193696965,0.3306223148916274,0.007604273879058043,0.0
0.178,0.9514978021411551,0.3313785503804212,0.007551393791739969,0.0
0.17825,0.9511781605179834,0.33213512572697823,0.007498702127228807,0.0
0.1785,0.9508578942362931,0.3328920391099359,0.0074461994241918905,0.0
0.17875,0.9505370025944302,0.33364928826570406,0.007393885658144583,0.0
0.179,0.9502154852539348,0.3344068713360997,0.007341761277258607,0.0
0.17925,0.9498933418884334,0.33516478729198695,0.007289827013287731,0.0
0.1795,0.9495705720754088,0.3359230326803271,0.007238082697813564,0.0
0.17975,0.9492471746668869,0.3366816056581854,0.007186528008412685,0.0
0.18,0.9489231492609917,0.3374405046812967,0.007135163422947288,0.0
0.18025,0.9485984961219813,0.3381997274752848,0.0070839897988854705,0.0
0.1805,0.9482732143733941,0.3389592725289816,0.007033007170780481,0.0
0.18075,0.9479473035346899,0.33971913738092496,0.0069822156232597354,0.0
0.181,0.9476207628709261,0.34047932011380055,0.006931615180113315,0.0
0.18125,0.9472935921200758,0.3412398186455192,0.006881206250758831,0.0
0.1815,0.9469657907175417,0.34200063083932264,0.00683098893696843,0.0
0.18175,0.9466373581320155,0.34276175485413773,0.006780963468146828,0.0
0.182,0.9463082941607937,0.34352318891174605,0.006731130400568386,0.0
0.18225,0.9459785982554578,0.3442849310847862,0.006681489910993044,0.0
0.1825,0.9456482693413051,0.34504697845358123,0.006632041337921946,0.0
0.18275,0.9453173074973691,0.3458093297989251,0.006582785681365166,0.0
0.183,0.9449857123838896,0.34657198330690164,0.006533723341134001,0.0
0.18325,0.9446534831840978,0.3473349362806175,0.006484853961006731,0.0
0.1835,0.9443206194129914,0.3480981870523152,0.006436177846188329,0.0
0.18375,0.9439871207527517,0.3488617338854425,0.0063876954318486945,0.0
0.184,0.9436529865404069,0.34962557445429354,0.006339406621406196,0.0
0.18425,0.9433182161542675,0.35038970636398403,0.006291311328040949,0.0
0.1845,0.9429828093507169,0.3511541277429444,0.0062434099967456635,0.0
0.18475,0.9426467658411326,0.3519188374333453,0.006195703276049791,0.0
0.185,0.9423100849279535,0.35268383314816276,0.006148191034008654,0.0
0.18525,0.9419727660811716,0.3534491121447587,0.006100873130786999,0.0
0.1855,0.9416348086670112,0.35421467264305306,0.006053749662007002,0.0
0.18575,0.9412962124355317,0.3549805130645609,0.006006821150362107,0.0
0.186,0.940956976552485,0.3557466308399597,0.005960087218561894,0.0
0.18625,0.9406171008497566,0.35651302445027966,0.005913548479036468,0.0
0.1865,0.9402765851119952,0.35727969152108585,0.005867205193248903,0.0
0.18675,0.939935427939055,0.3580466299219438,0.005821056596766683,0.0
0.187,0.9395936298118457,0.358813838303476,0.005775103957675443,0.0
0.18725,0.9392511896578952,0.35958131377650204,0.005729346539617763,0.0
0.1875,0.9389081071441367,0.36034905512553905,0.0056837848900888055,0.0
0.18775,0.9385643821469003,0.36111706052402326,0.0056384195307495055,0.0
0.188,0.9382200133986345,0.3618853269566813,0.005593249484242335,0.0
0.18825,0.9378750012238513,0.36265385328019306,0.005548275926924751,0.0
0.1885,0.9375293444435187,0.3634226368326239,0.005503498081966374,0.0
0.18875,0.9371830432796813,0.36419167576211464,0.005458916766559074,0.0
0.189,0.9368360965780411,0.3649609686088269,0.00541453165322503,0.0
0.18925,0.9364885043839735,0.36573051307941284,0.00537034322714236,0.0
0.1895,0.9361402660272518,0.3665003072978408,0.005326351453589284,0.0
0.18975,0.9357913805010512,0.3672703479784474,0.005282555466010752,0.0
0.19,0.9354418479414974,0.36804063461316616,0.005238956470881018,0.0
0.19025,0.9350916675723653,0.36881116416627435,0.005195553898319716,0.0
0.1905,0.934740839004796,0.3695819358117092,0.005152348344130475,0.0
0.19075,0.9343893620481722,0.37035294644344674,0.005109339747737529,0.0
0.191,0.9340372358412807,0.371124194989946,0.005066528168635953,0.0
0.19125,0.9336844599530494,0.37189567890085584,0.005023913517955059,0.0
0.1915,0.9333310341227516,0.3726673962785725,0.0049814961011449554,0.0
0.19175,0.9329769575529596,0.37343934505439336,0.004939275657704245,0.0
0.192,0.9326222296615967,0.37421152322471585,0.004897252147268105,0.0
0.19225,0.9322668505663785,0.3749839284575103,0.004855426052116973,0.0
0.1925,0.9319108189997536,0.3757565587778089,0.004813796697344497,0.0
0.19275,0.9315541349886871,0.3765294130088108,0.004772364904250814,0.0
0.193,0.9311967978166464,0.37730248848524184,0.004731130243873949,0.0
0.19325,0.9308388071905469,0.3780757824157348,0.004690092626174147,0.0
0.1935,0.930480162849662,0.37884929544931367,0.004649253281549415,0.0
0.19375,0.9301208637840048,0.37962302300933004,0.004608610775880928,0.0
0.194,0.9297609095044805,0.38039696288984715,0.004568165043278061,0.0
0.19425,0.9294002997373454,0.381171115321834,0.00452791713697942,0.0
0.1945,0.9290390342218728,0.38194547656289046,0.00448786661400935,0.0
0.19475,0.928677112201548,0.382720045252114,0.0044480134704767416,0.0
0.195,0.9283145330866702,0.3834948190213936,0.004408357470294,0.0
0.19525,0.9279512963440695,0.3842697956037995,0.004368898463122051,0.0
0.1955,0.9275874017862904,0.38504497326871956,0.004329636818584559,0.0
0.19575,0.927222848718003,0.385820350580488,0.00429057254699905,0.0
0.196,0.926857636879781,0.3865959252539426,0.004251705731846744,0.0
0.19625,0.9264917652886027,0.38737169452301146,0.0042130355981346845,0.0
0.1965,0.9261252340599526,0.3881476570572886,0.004174562932991455,0.0
0.19675,0.9257580419370655,0.3889238103826642,0.004136286812562062,0.0
0.197,0.9253901893491516,0.38970015348078846,0.004098208427148142,0.0
0.19725,0.9250216754610321,0.3904766835387221,0.004060327101979677,0.0
0.1975,0.9246524994447824,0.3912533991639435,0.004022642716200675,0.0
0.19775,0.9242826614603317,0.3920302972065457,0.0039851553703604825,0.0
0.198,0.92391216015384,0.3928073761382507,0.003947864397724654,0.0
0.19825,0.9235409960017549,0.3935846350816661,0.00391077106896387,0.0
0.1985,0.9231691679890659,0.3943620708608506,0.003873874378292008,0.0
0.19875,0.9227966755939505,0.3951396817128341,0.0038371743222933574,0.0
0.199,0.9224235185461964,0.39591746539113615,0.003800670934666517,0.0
0.19925,0.9220496959297293,0.39669542019044,0.0037643638644360156,0.0
0.1995,0.9216752075935446,0.3974735439074095,0.0037282532632620935,0.0
0.19975,0.9213000529365942,0.39825183464778036,0.0036923389870495704,0.0
0.2,0.9209242316150252,0.3990302901319751,0.003656620970804436,0.0
0.20025,0.9205477433528628,0.3998089092136894,0.0036210996579777444,0.0
0.2005,0.9201705870424846,0.4005876887474784,0.0035857739297409097,0.0
0.20075,0.919792762884363,0.4013666277670609,0.003550644730774044,0.0
0.201,0.9194142698028642,0.40214572367335677,0.0035157111803989505,0.0
0.20125,0.9190351077368035,0.402924974514832,0.0034809735817495913,0.0
0.2015,0.9186552762065716,0.40370437917233915,0.003446432185144621,0.0
0.20175,0.9182747740772115,0.40448393338090227,0.003412085371628404,0.0
0.202,0.9178936012875383,0.40526363672731236,0.003377934049804132,0.0
0.20225,0.9175117574064799,0.4060434871447285,0.003343978121052249,0.0
0.2025,0.9171292416990937,0.4068234819191474,0.003310216942084887,0.0
0.20275,0.9167460541428767,0.40760362002589545,0.0032766512008284288,0.0
0.203,0.9163621935974788,0.4083838989134989,0.0032432799408994573,0.0
0.20325,0.9159776601999567,0.4091643163931309,0.003210103515133733,0.0
0.2035,0.9155924534935735,0.4099448714561049,0.003177122211000194,0.0
0.20375,0.9152065724521634,0.4107255608104339,0.0031443348604838217,0.0
0.204,0.9148200173539323,0.4115063835831876,0.003111742469981582,0.0
0.20425,0.9144327868022657,0.41228733671334794,0.0030793436180127642,0.0
0.2045,0.9140448809621162,0.4130684187429381,0.003047138959999307,0.0
0.20475,0.9136562985928975,0.413849627523291,0.0030151275826504342,0.0
0.205,0.9132670401368372,0.41463096125573884,0.002983310246066573,0.0
0.20525,0.9128771046001276,0.41541241774214654,0.002951686232935291,0.0
0.2055,0.9124864914505295,0.41619399430273063,0.002920255041924502,0.0
0.20575,0.9120952005113736,0.4169756901069661,0.002889017257674098,0.0
0.206,0.9117032308611925,0.4177575027993896,0.0028579721515500367,0.0
0.20625,0.9113105827125452,0.41853943047793507,0.0028271202099956483,0.0
0.2065,0.9109172549866358,0.4193214705580317,0.002796460456127692,0.0
0.20675,0.9105232471121738,0.4201036209055218,0.0027659925573997324,0.0
0.207,0.9101285592715911,0.4208858804209683,0.002735717295198281,0.0
0.20725,0.909733190063811,0.4216682467976369,0.00270563350420594,0.0
0.2075,0.9093371398726688,0.42245071746546614,0.0026757415230971304,0.0
0.20775,0.9089404073573419,0.42323329070090665,0.0026460404771211365,0.0
0.208,0.9085429929029658,0.4240159650883868,0.002616531183739612,0.0
0.20825,0.9081448953292082,0.42479873732847295,0.0025872122405927733,0.0
0.2085,0.9077461144229488,0.42558160733227623,0.0025580844766477373,0.0
0.20875,0.9073466498209939,0.4263645707667649,0.0025291467815331536,0.0
0.209,0.9069465006634303,0.42714762763193903,0.0025003994299630516,0.0
0.20925,0.9065456671367826,0.4279307744252918,0.002471842150543635,0.0
0.2095,0.9061441479284937,0.4287140106625742,0.0024434745976682493,0.0
0.20975,0.9057419431743199,0.4294973324258251,0.0024152962650223486,0.0
0.21,0.9053390521977107,0.43028073987609616,0.0023873076523712733,0.0
0.21025,0.9049354740048585,0.43106422897976415,0.002359507172110753,0.0
0.2105,0.9045312090195807,0.43184779874152923,0.002331895815118168,0.0
0.21075,0.9041262562170118,0.4326314472466777,0.0023044728662764413,0.0
0.211,0.9037206153062982,0.43341517236105176,0.002277238174325902,0.0
0.21125,0.9033142856698433,0.4341989721122843,0.0022501913587162914,0.0
0.2115,0.9029072668477482,0.4349828443331205,0.002223332092504471,0.0
0.21175,0.9024995582426882,0.43576678658887147,0.00219665980397199,0.0
0.212,0.9020911596374503,0.4365507979575227,0.0021701749171094686,0.0
0.21225,0.9016820703142017,0.4373348752951074,0.002143876434662406,0.0
0.2125,0.9012722896629697,0.4381190172146887,0.002117764217108631,0.0
0.21275,0.9008618173066125,0.4389032209870152,0.00209183774430044,0.0
0.213,0.900450652666585,0.4396874854055284,0.0020660969765995407,0.0
0.21325,0.9000387956102927,0.4404718083632275,0.0020405418776217044,0.0
0.2135,0.8996262454849884,0.4412561876035852,0.0020151718730945234,0.0
0.21375,0.8992130019306401,0.4420406216649013,0.001989986997378068,0.0
0.214,0.8987990639934225,0.4428251078826406,0.0019649862179440536,0.0
0.21425,0.8983844316768668,0.4436096440984727,0.0019401695792720108,0.0
0.2145,0.8979691040972568,0.44439422894851077,0.001915536677604024,0.0
0.21475,0.8975530813678461,0.44517886024839015,0.001891087636261446,0.0
0.215,0.8971363621167541,0.44596353543957434,0.0018668210764583026,0.0
0.21525,0.8967189468851444,0.4467482536833529,0.001842738094122165,0.0
0.2155,0.8963008344197831,0.4475330120113199,0.0018188372263339136,0.0
0.21575,0.8958820246042549,0.4483178086039743,0.001795118534966944,0.0
0.216,0.8954625161884877,0.44910264063052807,0.0017715806110345511,0.0
0.21625,0.8950423096381428,0.4498875072288371,0.001748224457102765,0.0
0.2165,0.8946214043121898,0.4506724067716874,0.0017250497411451793,0.0
0.21675,0.8941997991781392,0.4514573360399936,0.0017020550615598484,0.0
0.217,0.8937774943181864,0.4522422932986814,0.0016792406742520694,0.0
0.21725,0.8933544891201279,0.4530272774096318,0.0016566064816165849,0.0
0.2175,0.8929307830818516,0.45381228588907163,0.0016341518733440363,0.0
0.21775,0.892506375592454,0.45459731617400223,0.00161187610061031,0.0
0.218,0.8920812659169925,0.4553823666498573,0.0015897787296399457,0.0
0.21825,0.8916554542226507,0.45616743537848947,0.0015678599799366921,0.0
0.2185,0.8912289397012145,0.456952520676154,0.0015461193141541596,0.0
0.21875,0.8908017218505719,0.45773761997799056,0.0015245560619363552,0.0
0.219,0.890373799878688,0.45852273089916196,0.0015031693717395544,0.0
0.21925,0.8899451735711423,0.45930785199767854,0.0014819593329138403,0.0
0.2195,0.8895158425336831,0.4600929816176915,0.0014609257740740844,0.0
0.21975,0.8890858060722806,0.4608781170046541,0.0014400677489154745,0.0
0.22,0.8886550639899937,0.461663256433539,0.001419385220737368,0.0
0.22025,0.8882236156390988,0.4624483985683554,0.001398877928984854,0.0
0.2205,0.8877914606963841,0.4632335408130075,0.0013785453161934136,0.0
0.22075,0.8873585982587926,0.4640186801883033,0.0013583861273167575,0.0
0.221,0.8869250278997143,0.4648038162159338,0.0013384006837071638,0.0
0.22125,0.8864907492397762,0.4655889461990057,0.0013185883176245472,0.0
0.2215,0.886055761957067,0.4663740677121382,0.0012989485321976968,0.0
0.22175,0.8856200655967115,0.46715917974032095,0.0012794813653045356,0.0
0.222,0.8851836592039533,0.4679442791894388,0.0012601854402400914,0.0
0.22225,0.8847465426982666,0.46872936501472395,0.0012410611054871623,0.0
0.2225,0.8843087157411915,0.46951443499052914,0.0012221079262639822,0.0
0.22275,0.883870177437295,0.47029948666691723,0.0012033248657343787,0.0
0.223,0.8834309273222161,0.4710845178632468,0.0011847113893810324,0.0
0.22325,0.8829909654004169,0.47186952780886315,0.001166268036093765,0.0
0.2235,0.8825502905877087,0.47265451332336283,0.0011479932464499853,0.0
0.22375,0.8821089026988673,0.4734394724775228,0.0011298868380640315,0.0
0.224,0.8816668008977828,0.4742244034778764,0.0011119481153336608,0.0
0.22425,0.881223985474378,0.47500930484115145,0.001094177518289552,0.0
0.2245,0.8807804551915979,0.47579417379941447,0.001076573529210867,0.0
0.22475,0.8803362099558996,0.47657900883517357,0.001059136226144286,0.0
0.225,0.8798912493393729,0.4773638080794598,0.0010418652224919445,0.0
0.22525,0.8794455724380299,0.4781485687699245,0.0010247592829966123,0.0
0.2255,0.8789991789996989,0.4789332893061271,0.0010078182950077341,0.0
0.22575,0.8785520686238044,0.47971796780124976,0.0009910418752641093,0.0
0.226,0.8781042405633173,0.48050260177151927,0.000974429046256553,0.0
0.22625,0.8776556944208238,0.4812871893397812,0.000957979423654276,0.0
0.2265,0.8772064296371198,0.48207172869918224,0.0009416925114675845,0.0
0.22675,0.8767564461627373,0.4828562184058711,0.00092556843210434,0.0
0.227,0.8763057431894623,0.48364065545015933,0.0009096058841155941,0.0
0.22725,0.8758543204902267,0.48442503888547606,0.0008938050665474595,0.0
0.2275,0.875402177105812,0.48520936575680196,0.0008781645633566537,0.0
0.22775,0.8749493127647057,0.4859936342788558,0.0008626841215537695,0.0
0.228,0.874495726764323,0.48677784181313655,0.0008473626928915401,0.0
0.22825,0.8740414190533343,0.4875619877924464,0.0008322008013570414,0.0
0.2285,0.8735863888923348,0.4883460691672923,0.0008171971589494564,0.0
0.22875,0.8731306361716022,0.4891300851279823,0.0008023521149089774,0.0
0.229,0.8726741598932364,0.4899140319309936,0.0007876638069879149,0.0
0.22925,0.8722169596283962,0.49069790864686524,0.0007731322401749452,0.0
0.2295,0.871759035020581,0.49148171260473816,0.000758756626641377,0.0
0.22975,0.8713003855375518,0.4922654422953059,0.0007445365906724177,0.0
0.23,0.8708410106996993,0.49304909627917937,0.0007304718345442218,0.0
0.23025,0.87038091016354,0.49383267134173536,0.0007165613007644733,0.0
0.2305,0.8699200832026861,0.4946161659178756,0.0007028044063170924,0.0
0.23075,0.8694585296579476,0.4953995786042924,0.0006892011390302599,0.0
0.231,0.8689962489310687,0.496182906717479,0.0006757504680896531,0.0
0.23125,0.8685332400685937,0.49696614833193564,0.0006624514250190838,0.0
0.2315,0.8680695034058203,0.4977493020012105,0.0006493043948612165,0.0
0.23175,0.8676050379286693,0.4985323648654969,0.0006363078849340731,0.0
0.232,0.8671398430747743,0.4993153354210733,0.0006234614651023929,0.0
0.23225,0.8666739185186927,0.5000982112128014,0.0006107644327983941,0.0
0.2325,0.8662072633919564,0.5008809904866354,0.000598215960759596,0.0
0.23275,0.8657398776990277,0.5016636709313786,0.0005858156953224558,0.0
0.233,0.8652717606748368,0.5024462510027661,0.0005735629967775768,0.0
0.23325,0.8648029124038104,0.5032287289512141,0.0005614578545221072,0.0
0.2335,0.8643333318867477,0.5040111022739779,0.0005494989383967308,0.0
0.23375,0.8638630186475709,0.504793369407821,0.0005376858394661177,0.0
0.234,0.8633919723868715,0.5055755276818843,0.0005260177391230858,0.0
0.23425,0.8629201925787342,0.5063575757943966,0.0005144943100512389,0.0
0.2345,0.8624476784679445,0.5071395110566499,0.0005031143227514079,0.0
0.23475,0.8619744300059651,0.5079213316688538,0.0004918776023972171,0.0
0.235,0.8615004463804894,0.5087030362150529,0.00048078350770719425,0.0
0.23525,0.8610257271864796,0.5094846219812439,0.00046983108556397646,0.0
0.2355,0.8605502716845308,0.5102660867507041,0.00045901934271985745,0.0
0.23575,0.8600740796475748,0.5110474284305582,0.0004483477856862539,0.0
0.236,0.8595971501725543,0.5118286457127112,0.0004378157371327518,0.0
0.23625,0.8591194835484615,0.5126097364470183,0.0004274231111704996,0.0
0.2365,0.8586410788250021,0.5133906987418158,0.00041716888524723217,0.0
0.23675,0.8581619357392185,0.5141715297897491,0.0004070521532788529,0.0
0.237,0.8576820534010707,0.5149522287565702,0.00039707248054066113,0.0
0.23725,0.8572014318356622,0.5157327929974542,0.00038722928377299404,0.0
0.2375,0.8567200702249238,0.5165132200051943,0.00037752132199209143,0.0
0.23775,0.8562379681467078,0.5172935090749746,0.00036794862045819166,0.0
0.238,0.855755125044972,0.518073657053165,0.00035850982194185477,0.0
0.23825,0.8552715405632156,0.5188536621436981,0.00034920443678210233,0.0
0.2385,0.8547872140537152,0.5196335222860569,0.0003400315858232972,0.0
0.23875,0.854302145096554,0.5204132359727964,0.00033099086864796234,0.0
0.239,0.8538163334966526,0.5211928010902085,0.00032208175863290833,0.0
0.23925,0.8533297781796776,0.5219722148956549,0.00031330264635265337,0.0
0.2395,0.8528424791114091,0.5227514758195753,0.00030465341736674034,0.0
0.23975,0.8523544352454095,0.5235305818896023,0.0002961328807518093,0.0
0.24,0.8518656468383128,0.5243095311467556,0.00028774095986383585,0.0
0.24025,0.8513761131726554,0.5250883221051623,0.0002794769924017171,0.0
0.2405,0.8508858334995466,0.5258669516974805,0.0002713394563589322,0.0
0.24075,0.8503948078266106,0.5266454188934517,0.00026332853899879716,0.0
0.241,0.849903035103317,0.5274237213387352,0.0002554428287955268,0.0
0.24125,0.8494105154105611,0.5282018571148939,0.000247682101617297,0.0
0.2415,0.8489172476537377,0.5289798231051179,0.0002400444974792748,0.0
0.24175,0.8484232315578026,0.529757618700927,0.0002325301741898933,0.0
0.242,0.8479284663364837,0.5305352405229229,0.00022513738680718376,0.0
0.24225,0.8474329523412578,0.5313126885316848,0.00021786712125249075,0.0
0.2425,0.8469366886443339,0.5320899588516568,0.00021071724041576978,0.0
0.24275,0.8464396744666942,0.5328670505407302,0.00020368728737474306,0.0
0.243,0.845941909504468,0.5336439610180577,0.00019677633309123088,0.0
0.24325,0.8454433934011547,0.5344206885664136,0.00018998385979607235,0.0
0.2435,0.8449441259373103,0.5351972319156459,0.00018330970184421425,0.0
0.24375,0.8444441060382317,0.5359735877719061,0.00017675188528420982,0.0
0.244,0.843943333484475,0.5367497544577731,0.00017031001893252906,0.0
0.24425,0.8434418078611472,0.5375257302642069,0.0001639835267761569,0.0
0.2445,0.8429395284615708,0.538301513380631,0.0001577715295186799,0.0
0.24475,0.8424364949904302,0.539077100988905,0.00015167294883999816,0.0
0.245,0.8419327066677766,0.5398524913178733,0.00014568685719118513,0.0
0.24525,0.8414281634194083,0.5406276829939856,0.00013981313354571867,0.0
0.2455,0.840922864682959,0.5414026733716781,0.00013405055552140333,0.0
0.24575,0.8404168097104687,0.542177460912626,0.000128398339725333,0.0
0.246,0.8399099986479186,0.5429520437541839,0.00012285627596364534,0.0
0.24625,0.8394024301976302,0.5437264193307527,0.00011742255593616413,0.0
0.2465,0.8388941040979461,0.5445005854282101,0.0001120964281748904,0.0
0.24675,0.8383850198683263,0.5452745404740114,0.00010687730300018572,0.0
0.247,0.837875177065051,0.5460482823116877,0.00010176430068109532,0.0
0.24725,0.8373645754759309,0.5468218090678079,9.675688614052547e-05,0.0
0.2475,0.8368532144104677,0.547595118774467,9.185406879241853e-05,0.0
0.24775,0.8363410934838953,0.5483682094637601,8.705511086781748e-05,0.0
0.248,0.8358282114677138,0.5491410780486348,8.23579514508399e-05,0.0
0.24825,0.8353145687717927,0.5499137241649663,7.776339012188771e-05,0.0
0.2485,0.8348001650041112,0.5506861454773855,7.327047153471433e-05,0.0
0.24875,0.8342849990427297,0.5514583391286862,6.887733910443394e-05,0.0
0.249,0.8337690704655003,0.5522303033588827,6.458332087122542e-05,0.0
0.24925,0.8332523791281119,0.553002036534437,6.038804358898808e-05,0.0
0.2495,0.8327349242569397,0.5537735362902225,5.629020200137447e-05,0.0
0.24975,0.8322167052680456,0.5545448009540195,5.228902909570898e-05,0.0
0.25,0.8316977224904036,0.5553158282101691,4.838415772190352e-05,0.0
0.25025,0.8311779743646781,0.5560866162480949,4.4573926195390356e-05,0.0
0.2505,0.8306574609308512,0.5568571631385737,4.085793472907717e-05,0.0
0.25075,0.8301361818993698,0.5576274662899721,3.723513649100951e-05,0.0
0.251,0.8296141361590799,0.5583975247025279,3.3704686440261256e-05,0.0
0.25125,0.8290913237782291,0.5591673350697448,3.0265428670128713e-05,0.0
0.2515,0.8285677441953823,0.5599368967786802,2.6917185314001557e-05,0.0
0.25175,0.8280433967631851,0.5607062071071454,2.3658525934333596e-05,0.0
0.252,0.8275182806959265,0.56147526349028,2.0487988831918713e-05,0.0
0.25225,0.8269923962214136,0.5622440646274356,1.7405656929314617e-05,0.0
0.2525,0.8264657418922638,0.563012607876388,1.440947083430899e-05,0.0
0.25275,0.8259383181453117,0.563780892314,1.1499893414201878e-05,0.0
0.253,0.8254101241507712,0.5645489150823266,8.675247981759782e-06,0.0
0.25325,0.8248811593323282,0.5653166746549516,5.934814578223424e-06,0.0
0.2535,0.8243514235501337,0.5660841692257605,3.2780732028836468e-06,0.0
0.25375,0.8238209159976191,0.5668513956629698,7.031998592310629e-07,4.912803699063999
0.254,0.8232912420642989,0.5676194584656328,1.594442844421451e-07,1.2900821105481441
0.25425,0.822761082620032,0.5683874469523175,4.4463529302873894e-08,0.5207466532382661
0.2545,0.8222301590950707,0.569155169776792,2.0904576958358234e-08,0.36086103668218256
0.25475,0.8216984134631001,0.5699225825239301,1.6379260836529852e-08,0.324025935103857
0.255,0.8211658326571123,0.5706896763898739,1.5730713620598635e-08,0.31102868613540585
0.25525,0.8206324145008342,0.5714564475512365,1.5588673907274142e-08,0.3161928136941441
0.2555,0.8200981603792454,0.57222289319973,1.607964583705268e-08,0.3037785424980656
0.25575,0.8195630689723556,0.5729890133577118,1.6726015017454188e-08,0.3084262638825989
0.256,0.8190271407425627,0.5737548046025864,1.653874459606186e-08,0.3034963289093808
0.25625,0.8184903771194864,0.5745202669570011,1.729077125922629e-08,0.30784917738221
0.2565,0.8179527772224147,0.5752853988236818,1.793279169604034e-08,0.3005503286688705
0.25675,0.8174143411134432,0.5760501980674669,1.7875745994544445e-08,0.29706543411017045
0.257,0.8168750703231922,0.5768146628399506,1.789134285168359e-08,0.3006274734784334
0.25725,0.8163349647219128,0.5775787932861389,1.8540699420199758e-08,0.29942271852316366
0.2575,0.8157940250772822,0.578342585994609,1.906336222212701e-08,0.29387400590118473
0.25775,0.8152522508615856,0.5791060410001684,1.9628884961875315e-08,0.289696496279229
0.258,0.8147096431992296,0.5798691548788923,1.9750888258229793e-08,0.2975719305605697
0.25825,0.8141662016467615,0.5806319283348955,2.0052906890555278e-08,0.2892151895052812
0.2585,0.8136219267496632,0.5813943591601912,2.0275561674054643e-08,0.29345075896706774
0.25875,0.813076820174998,0.582156444411899,2.0638095010738766e-08,0.28199815518359134
0.259,0.8125308801607645,0.5829181846737441,2.06190797769068e-08,0.28926973303145276
0.25925,0.8119841096060505,0.5836795772812828,2.1593993482227347e-08,0.28325425664750215
0.2595,0.8114365062616443,0.584440621520299,2.188856806917272e-08,0.2829929067876671
0.25975,0.810888071863017,0.58520131454805,2.181924330102447e-08,0.2792998424266498
0.26,0.8103388068486019,0.585961656051964,2.2123987752920016e-08,0.2826312500904078
0.26025,0.8097887109417361,0.5867216447266378,2.2379704534003508e-08,0.2797071930780502
0.2605,0.8092377855635337,0.5874812785236289,2.30997643235753e-08,0.27811900014503066
0.26075,0.8086860299771432,0.5882405562300059,2.353698969059792e-08,0.2685223811147296
0.261,0.8081334446250334,0.5889994753297714,2.3130133808280107e-08,0.28070381458234495
0.26125,0.8075800310395468,0.589758036431697,2.40348028146542e-08,0.27267452827196714
0.2615,0.8070257882742427,0.5905162366205857,2.43261009114093e-08,0.26870865505065417
0.26175,0.806470717522459,0.591274074679208,2.4804471587813737e-08,0.27056520721141625
0.262,0.805914818081602,0.5920315489538268,2.448008440403271e-08,0.27057504975408675
0.26225,0.8053580922429956,0.5927886585656255,2.523265529852381e-08,0.26521947534055257
0.2625,0.8048005385663303,0.5935454017647339,2.541635701902578e-08,0.26571030058801176
0.26275,0.8042421583927927,0.5943017771454052,2.582724190069996e-08,0.26379968372343543
0.263,0.803682951606806,0.595057783066224,2.5945558146389658e-08,0.265987070285418
0.26325,0.8031229190652991,0.5958134181781233,2.620453276591661e-08,0.2584232105927975
0.2635,0.8025620611372825,0.5965686808599525,2.6479953119107336e-08,0.2585592899179473
0.26375,0.8020003775659413,0.5973235708305753,2.6942850395172968e-08,0.25987195317444334
0.264,0.8014378696483675,0.5980780847985301,2.7211395359216795e-08,0.2583167439592914
0.26425,0.8008745368402926,0.5988322226602519,2.7327685003797342e-08,0.25675041906953616
0.2645,0.8003103805721592,0.5995859824536408,2.7803225499667406e-08,0.25574128123399725
0.26475,0.7997453999331502,0.6003393630997267,2.7800609592176784e-08,0.24638674802512386
0.265,0.799179596640073,0.601092362310311,2.7856789541758076e-08,0.2571527035150305
0.26525,0.7986129703321515,0.6018449805557574,2.8501450533013895e-08,0.2508339237037241
0.2655,0.7980455220406641,0.6025972138523782,2.8695902098974102e-08,0.25034459446156165
0.26575,0.797477250998814,0.6033490635341493,2.9164079595744852e-08,0.24633526945708892
0.266,0.7969081587565654,0.6041005255500096,2.923128805676356e-08,0.24805422934124513
0.26625,0.7963382453487577,0.6048515999085282,2.945852184410569e-08,0.2429189017014472
0.2665,0.7957675111619505,0.6056022852350785,2.985141667188884e-08,0.24214094005685916
0.26675,0.7951959564648708,0.6063525800870488,3.0278150431328754e-08,0.24576430866888796
0.267,0.7946235818225702,0.6071024824727544,3.050655550396186e-08,0.2426600292073728
0.26725,0.794050387483845,0.6078519913090427,3.060080588923597e-08,0.23995628498650412
0.2675,0.7934763741069911,0.6086011054151026,3.088923072880334e-08,0.2417023328769935
0.26775,0.7929015420712602,0.6093498233518602,3.1318962312454346e-08,0.23354004247721466
0.268,0.7923258914035074,0.6100981431587371,3.123705027974211e-08,0.23955948153271223
0.26825,0.7917494231577549,0.6108460640710552,3.1530868138673895e-08,0.23290134153267236
0.2685,0.7911721373786387,0.61159358425041,3.163027284536213e-08,0.23581096967553766
0.26875,0.790594034525269,0.6123407037861958,3.247015745166948e-08,0.23163653955665373
0.269,0.7900151149807364,0.6130874184886537,3.230355338779134e-08,0.23409739633086357
0.26925,0.7894353791854541,0.6138337293723595,3.2612429867739934e-08,0.22882113880456872
0.2695,0.7888548276455,0.6145796339690416,3.2794565729687974e-08,0.23197456662657767
0.26975,0.7882734607912973,0.6153251312774541,3.3084752049106214e-08,0.2249245727300087
0.27,0.7876912789347941,0.6160702195314798,3.3151748235482614e-08,0.22988622624766356
0.27025,0.7871082826808935,0.6168148982048526,3.365616341177713e-08,0.22422785480708227
0.2705,0.7865244723472982,0.617559164776215,3.38001453492609e-08,0.22485828220515128
0.27075,0.7859398482096487,0.6183030189577345,3.4128026404900424e-08,0.22392944845158033
0.271,0.7853544109841497,0.6190464583438455,3.422015892873276e-08,0.2275580001295346
0.27125,0.784768160900172,0.6197894824002074,3.442827689603689e-08,0.2177083684288232
0.2715,0.784181098565925,0.6205320893344303,3.462090658601369e-08,0.22031719586651305
0.27175,0.7835932244012105,0.6212742781673097,3.501989809251427e-08,0.2186572065931951
0.272,0.7830045387329854,0.6220160468354834,3.509864798800777e-08,0.21998902814229637
0.27225,0.7824150420298208,0.6227573949819337,3.5499604589261935e-08,0.21618359013152852
0.2725,0.7818247347439212,0.623498320357868,3.567324213804568e-08,0.21630923911504044
0.27275,0.7812336174156062,0.6242388218556791,3.5846019486029945e-08,0.2141542988544713
0.273,0.780641690408153,0.6249788982059385,3.60030030233105e-08,0.21518289740080784
0.27325,0.780048954162989,0.6257185479607377,3.60764329521146e-08,0.21123107439508124
0.2735,0.7794554091513954,0.6264577704891906,3.6530827696168444e-08,0.21011401777187572
0.27375,0.7788610559000108,0.6271965632975104,3.670494308494199e-08,0.21313530730467758
0.274,0.7782658947169727,0.6279349257473967,3.6926498747646974e-08,0.21010345714351558
0.27425,0.7776699261322834,0.6286728563849547,3.7182903867005734e-08,0.208341913989235
0.2745,0.7770731505752452,0.6294103535755909,3.726654340674429e-08,0.2055822113118977
0.27475,0.7764755685597796,0.6301474165838371,3.7598757662848925e-08,0.20481842098363415
0.275,0.7758771805601566,0.6308840430908731,3.757033151252642e-08,0.20977891073143395
0.27525,0.7752779868985199,0.6316202332442791,3.800648884499935e-08,0.20296678447779273
0.2755,0.7746779881506978,0.6323559844628335,3.820558536204999e-08,0.2050722052735196
0.27575,0.7740771847165452,0.6330912957172112,3.8305794092252654e-08,0.20167705411849546
0.276,0.7734755771340107,0.6338261659014961,3.8502090182745974e-08,0.20029624818151665
0.27625,0.7728731658536842,0.6345605935319794,3.868017639518939e-08,0.20001781865731
0.2765,0.7722699513164093,0.635294577438945,3.891478783657476e-08,0.19804085014621317
0.27675,0.7716659340340084,0.6360281163359713,3.9259230533161826e-08,0.20204467977861787
0.277,0.7710611144027268,0.6367612082159653,3.9216314640100336e-08,0.196171658977751
0.27725,0.7704554929312245,0.6374938530116113,3.9607742197134144e-08,0.1968366039372865
0.2775,0.7698490700880145,0.6382260482113316,3.9665415840772766e-08,0.1962035863060786
0.27775,0.769241846361742,0.6389577934985564,4.0033282022733374e-08,0.19171755854453645
0.278,0.7686338222616023,0.6396890865297067,4.0074844553927846e-08,0.1961284632305211
0.27825,0.7680249982045841,0.6404199268598939,4.0293190783913246e-08,0.19260544770377652
0.2785,0.7674153746630779,0.6411503129929069,4.056008640063169e-08,0.19300382374219946
0.27875,0.7668049522333812,0.6418802431392013,4.0651038313299637e-08,0.18610368214086784
0.279,0.7661937313782747,0.6426097166984874,4.099933614831741e-08,0.19492012490944585
0.27925,0.7655817123387336,0.6433387316814887,4.097452621643072e-08,0.18751587848112763
0.2795,0.7649688958456529,0.6440672876190277,4.129612340975086e-08,0.19111686705741796
0.27975,0.7643552822775211,0.6447953823027692,4.1292260721803586e-08,0.18253946270581425
0.28,0.7637408722928996,0.6455230152750957,4.1630284330906875e-08,0.18859525818372272
0.28025,0.763125666158571,0.646250184656784,4.175944434692269e-08,0.18676987143666507
0.2805,0.7625096644481164,0.6469768894085061,4.1902741942934085e-08,0.18340991676343926
0.28075,0.7618928677504277,0.6477031282880593,4.216155358172102e-08,0.18289789538940537
0.281,0.7612752764725492,0.6484288996020595,4.220374605345967e-08,0.18368583581081935
0.28125,0.7606568911072449,0.6491542027924584,4.2496024699190116e-08,0.18168805249568157
0.2815,0.7600377121958269,0.6498790360828479,4.274991827202257e-08,0.18089273160852576
0.28175,0.7594177399333699,0.6506033982079503,4.2742619221769473e-08,0.1821836584973128
0.282,0.7587969755189228,0.6513272878511458,4.2978095970980235e-08,0.1761330145950867
0.28225,0.7581754186699472,0.6520507041306294,4.3116298753531623e-08,0.1823179586795482
0.2825,0.7575530704477279,0.6527736452829921,4.3260411919376907e-08,0.1763253741406033
0.28275,0.7569299311306145,0.6534961105260979,4.355706639813661e-08,0.17263321154166736
0.283,0.7563060012352025,0.654218097977207,4.361264727137382e-08,0.17919878082633356
0.28325,0.75568128131939,0.6549396071071814,4.394711106137095e-08,0.17717166529761025
0.2835,0.7550557716678852,0.6556606360019982,4.396576414045228e-08,0.17329897147534531
0.28375,0.7544294729492156,0.6563811837825722,4.403912012840294e-08,0.17353581395196138
0.284,0.7538023860874823,0.657101248934012,4.431090916412472e-08,0.1726814909543488
0.28425,0.75317451080096,0.6578208306745394,4.449480228707614e-08,0.17322067362615046
0.2845,0.7525458481183727,0.6585399271266784,4.457010494007818e-08,0.16970149894880587
0.28475,0.7519163986733705,0.6592585373875555,4.485615390237285e-08,0.1711216633730416
0.285,0.7512861626652914,0.6599766599698604,4.4958654576987556e-08,0.16977802241386708
0.28525,0.7506551404231255,0.6606942941345931,4.50728341316875e-08,0.16679051396416977
0.2855,0.7500233330532087,0.661411438030388,4.52408339679522e-08,0.16814281993081476
0.28575,0.7493907406820464,0.6621280910624991,4.559702659889808e-08,0.16964779967697824
0.286,0.7487573640597276,0.6628442509314709,4.561328603713832e-08,0.16508186183399018
0.28625,0.7481232034568058,0.6635599175405869,4.585847079852101e-08,0.168812021229412
0.2865,0.7474882593289072,0.6642750890015993,4.5851320074064006e-08,0.1628873943085261
0.28675,0.7468525326292577,0.6649897642968102,4.605713077587836e-08,0.16157396329354054
0.287,0.7462160235638962,0.6657039419951012,4.610566395335525e-08,0.1642481291357673
0.28725,0.7455787328931146,0.6664176212933186,4.645637252664869e-08,0.16522213082605144
0.2875,0.744940660971848,0.6671308004221382,4.6620527216489904e-08,0.1616726142612424
0.28775,0.7443018080276455,0.6678434785408409,4.6631375205663517e-08,0.1602613571628089
0.288,0.7436621754959596,0.6685556540030113,4.6881387660846485e-08,0.16155809847818667
0.28825,0.7430217627850999,0.6692673260739466,4.686122268005022e-08,0.1590815097197038
0.2885,0.7423805713550286,0.6699784933612165,4.714599088906368e-08,0.16035716178866524
0.28875,0.7417386011482322,0.6706891545829735,4.725427893426115e-08,0.15611682960710824
0.289,0.7410958533053176,0.6713993082461229,4.7449853379788465e-08,0.15920358733690243
0.28925,0.740452327525296,0.6721089536344339,4.74465997601925e-08,0.15813154705844162
0.2895,0.7398080249727182,0.6728180892558118,4.75219366080637e-08,0.15429967313335347
0.28975,0.7391629463869452,0.6735267140376237,4.791687335803374e-08,0.15329687353639498
0.29,0.7385170918632795,0.6742348263822482,4.8040446731789643e-08,0.15658118789968653
0.29025,0.7378704616890238,0.6749424256671258,4.809929721183437e-08,0.15696784449366383
0.2905,0.7372230568061218,0.6756495102655907,4.810434628410576e-08,0.15124824301406128
0.29075,0.7365748782646251,0.6763560790498528,4.847911783123493e-08,0.15120276797017684
0.291,0.7359259256549251,0.6770621307999463,4.850720980442702e-08,0.15491991712925762
0.29125,0.735276200298113,0.677767664322743,4.876316750390686e-08,0.15283407006759225
0.2915,0.7346257018906929,0.6784726785310878,4.869576986088475e-08,0.1496274096114372
0.29175,0.7339744319017067,0.6791771722531802,4.8997628399050086e-08,0.1486345620424153
0.292,0.7333223904014332,0.6798811439055203,4.905117423348315e-08,0.1498935886773508
0.29225,0.7326695780019924,0.6805845926857025,4.916538953736449e-08,0.14987018516894604
0.2925,0.7320159951881821,0.6812875172459916,4.918327478620199e-08,0.14774662611325196
0.29275,0.7313616428674015,0.6819899164986265,4.943175269112032e-08,0.1466778047218916
0.293,0.7307065214319479,0.6826917889657107,4.9592188799962855e-08,0.14812987158612265
0.29325,0.7300506312295046,0.6833931338837835,4.9799047330267854e-08,0.14558581164706985
0.2935,0.7293939729570117,0.6840939497438632,4.9931085266408104e-08,0.14661246366610645
0.29375,0.7287365469911351,0.6847942354672336,4.992485669319535e-08,0.14504847185891062
0.294,0.7280783542732152,0.6854939897808379,4.999342118061634e-08,0.1449264795326694
0.29425,0.7274193956869311,0.6861932115454323,5.039628603320523e-08,0.14393371711572184
0.2945,0.7267596708163412,0.6868918996537405,5.0467499290718365e-08,0.14306075541469707
0.29475,0.7260991803092725,0.6875900529100892,5.025334703923079e-08,0.14054702574476324
0.295,0.725437926200371,0.6882876699931924,5.0717275046352484e-08,0.14269421327557827
0.29525,0.724775907170008,0.688984750007021,5.0678171215068346e-08,0.14270545217965916
0.2955,0.7241131249358066,0.6896812914353585,5.073012010470279e-08,0.14044438672439005
0.29575,0.7234495799052009,0.6903772934444,5.0984312105484264e-08,0.13946153395123664
0.296,0.7227852723892312,0.691072754456469,5.096741184651421e-08,0.14056686533461102
0.29625,0.7221202035093093,0.6917676737206832,5.1360624642171615e-08,0.13871529885000675
0.2965,0.7214543729699799,0.6924620498132515,5.135453706728299e-08,0.13655867444852787
0.29675,0.7207877818160277,0.6931558816700806,5.135454683724561e-08,0.13682474935897804
0.297,0.7201204311905798,0.6938491679982892,5.167501093694682e-08,0.14132858554801603
0.29725,0.7194523204023572,0.6945419078377199,5.153759663478752e-08,0.13543819764915424
0.2975,0.7187834513503797,0.6952340998754024,5.178236084368848e-08,0.13700055484157744
0.29775,0.7181138237537076,0.6959257431512644,5.192340402082607e-08,0.1334619587663987
0.298,0.7174434386501716,0.6966168360244556,5.194745145153945e-08,0.1366425047905049
0.29825,0.7167722966297174,0.6973073779018125,5.22460690266513e-08,0.1333319773721077
0.2985,0.7161003977476678,0.6979973673681862,5.2253641857902267e-08,0.1366640434237696
0.29875,0.7154277429908776,0.6986868032108096,5.22109795397796e-08,0.13054998753862515
0.299,0.7147543335636897,0.6993756844306827,5.2660478644384057e-08,0.13377175500620567
0.29925,0.7140801686552671,0.7000640097996077,5.2541718531529114e-08,0.13243656493080383
0.2995,0.7134052501547127,0.7007517782098857,5.2806311101605274e-08,0.1302171942871907
0.29975,0.7127295775598224,0.7014389885049693,5.266173719320477e-08,0.13287133288918757
0.3,0.7120531530263747,0.702125639435943,5.314406537060279e-08,0.1303661236960379
0.30025,0.7113759751266011,0.7028117299970321,5.290437044003227e-08,0.12951155575336828
0.3005,0.7106980462717409,0.7034972590406697,5.322610108215997e-08,0.13088589272397996
0.30075,0.710019365737815,0.7041822253657447,5.3121889331819716e-08,0.12588357946205442
0.301,0.7093399352405427,0.7048666278305706,5.3378147457650016e-08,0.12952387591389017
0.30125,0.7086597546143949,0.7055504653540453,5.348572074126423e-08,0.12993756196073186
0.3015,0.7079788245892098,0.7062337367810934,5.3517251519252795e-08,0.12746314760678298
0.30175,0.7072971462475706,0.7069164409383273,5.3779432906964075e-08,0.12593950705545612
0.302,0.7066147194648451,0.7075985766522708,5.372234923584074e-08,0.12611241327621373
0.30225,0.7059315452112233,0.7082801429845258,5.373524136764729e-08,0.12844456526602302
0.3025,0.7052476243612262,0.7089611386990454,5.3926298759776614e-08,0.12224810135507154
0.30275,0.7045629573972256,0.7096415626193154,5.416655279866234e-08,0.12967781750420923
0.303,0.7038775445947536,0.7103214135872498,5.419266257966626e-08,0.12123792789884896
0.30325,0.7031913866269378,0.7110006906472902,5.416361803511904e-08,0.12514511238478107
0.3035,0.702504484565777,0.7116793926531859,5.4381116276758235e-08,0.12056399037805664
0.30375,0.7018168385013361,0.7123575183706189,5.439157702014086e-08,0.12505482145482888
0.304,0.7011284493380856,0.7130350666591352,5.437841132938104e-08,0.12132274083007506
0.30425,0.7004393180276084,0.7137120366077041,5.471884745311684e-08,0.12591552745477272
0.3045,0.6997494446083646,0.7143884269099443,5.486628840145613e-08,0.11697111015245448
0.30475,0.6990588295152668,0.7150642365622951,5.4766834844954815e-08,0.12289855340314057
0.305,0.6983674744153632,0.7157394642605546,5.5010637822761055e-08,0.12004149718872506
0.30525,0.69767537893829,0.7164141091569354,5.508790446029366e-08,0.12154823218970194
0.3055,0.6969825439920836,0.7170881700468149,5.512538181484672e-08,0.12061712644359224
0.30575,0.6962889704094618,0.7177616458044054,5.5250857000643805e-08,0.11649194301750533
0.306,0.6955946586263835,0.718434535287743,5.5301833556953284e-08,0.12093944932561412
0.30625,0.6948996094819625,0.7191068374813314,5.548529147247905e-08,0.11640584672494454
0.3065,0.6942038232028964,0.7197785512351269,5.548382664422036e-08,0.12230649275360916
0.30675,0.6935073010429179,0.7204496754480149,5.572648964502491e-08,0.11300331509879682
0.307,0.6928100431186479,0.7211202089576542,5.580659512283148e-08,0.12016216764154836
0.30725,0.6921120498150183,0.7217901508277879,5.566557215175294e-08,0.113943412921436
0.3075,0.6914133228122028,0.722459499875295,5.596113483719023e-08,0.12086609666394266
0.30775,0.6907138614559756,0.7231282549408866,5.5750636773765905e-08,0.10884281048874464
0.308,0.6900136679685289,0.7237964150308331,5.6197433151439213e-08,0.1189112608258841
0.30825,0.6893127414547476,0.7244639790591418,5.6243030677194383e-08,0.11465145720215975
0.3085,0.6886110829540367,0.7251309458726973,5.611468045785273e-08,0.11401895542197102
0.30875,0.6879086937549089,0.7257973144872355,5.633023247852975e-08,0.11242159531467197
0.309,0.6872055739325731,0.726463083649362,5.6374666934644324e-08,0.1175964818310869
0.30925,0.6865017244338074,0.727128252417028,5.655681478700103e-08,0.11151111799625658
0.3095,0.685797145669808,0.7277928196557729,5.667567659628503e-08,0.1139817234610702
0.30975,0.6850918381503293,0.7284567843038615,5.664925817328026e-08,0.10835736419928131
0.31,0.6843858032163439,0.7291201452482864,5.6925479663405554e-08,0.1141103208932412
0.31025,0.6836790405687283,0.7297829014445191,5.6876877208011933e-08,0.11199331834728755
0.3105,0.6829715515623086,0.730445051812352,5.6980286711194594e-08,0.11245869024810336
0.31075,0.6822633362984681,0.7311065952702687,5.6852399010765e-08,0.10828053346412338
0.311,0.6815543966111264,0.7317675307302964,5.72855343161649e-08,0.11163009074067684
0.31125,0.6808447314923995,0.7324278571886926,5.719348727950546e-08,0.10967427395565313
0.3115,0.6801343427013703,0.7330875735091867,5.727770457930603e-08,0.11088344443084343
0.31175,0.6794232305533576,0.7337466786650775,5.733379504491154e-08,0.1046857975149762
0.312,0.6787113961688576,0.7344051715844626,5.766974031651273e-08,0.1137697194507195
0.31225,0.6779988392374271,0.7350630511893761,5.761556542971391e-08,0.10682484259289628
0.3125,0.6772855615890467,0.7357203163666297,5.7925800378555437e-08,0.11027596590237573
0.31275,0.6765715622877052,0.7363769660843187,5.7537984377020734e-08,0.10428293218421751
0.313,0.675856844005537,0.7370329993314404,5.7846310186349115e-08,0.1078017620453645
0.31325,0.6751414060111074,0.737688415087645,5.7932586505771155e-08,0.10681237353773217
0.3135,0.6744252493167477,0.7383432122321809,5.7982644685594664e-08,0.10779738986855678
0.31375,0.6737083747235231,0.7389973897351487,5.8103985400848046e-08,0.10115438503032292
0.314,0.6729907830464796,0.7396509464186236,5.8301738103949674e-08,0.11202292563482052
0.31425,0.6722724745245002,0.740303881335038,5.8361506738435764e-08,0.10292444466548697
0.3145,0.6715534498336412,0.7409561934909401,5.832802241201307e-08,0.10698702226002625
0.31475,0.6708337100173587,0.7416078817623474,5.8393843094251e-08,0.09866210054062756
0.315,0.6701132555509872,0.7422589450825585,5.841010586316031e-08,0.10860022286439865
0.31525,0.6693920873127636,0.742909382530592,5.860446017358356e-08,0.10243431638979741
0.3155,0.668670205776302,0.743559192963945,5.8767055888253594e-08,0.10778696604060224
0.31575,0.6679476114041836,0.7442083752623077,5.869555730342313e-08,0.09664868307110829
0.316,0.6672243054245683,0.7448569285405435,5.887207321642052e-08,0.10631050619827698
0.31625,0.6665002881708776,0.7455048517070345,5.90252935417368e-08,0.10277482587188072
0.3165,0.6657755603591645,0.7461521436530024,5.912476330749428e-08,0.10152840009264828
0.31675,0.6650501221385166,0.746798803474096,5.891339682762009e-08,0.10176925423800742
0.317,0.664323975673824,0.7474448299440646,5.923259172035955e-08,0.10255212361184853
0.31725,0.6635971199998463,0.7480902222289735,5.913334089058253e-08,0.10111711140401436
0.3175,0.6628695571313659,0.7487349792294349,5.9446615852110085e-08,0.10228994816642752
0.31775,0.6621412866908094,0.7493790998556161,5.94204854209579e-08,0.095357882766949
0.318,0.6614123099381217,0.7500225831550091,5.949009551642348e-08,0.10272836065277069
0.31825,0.6606826276190892,0.7506654281156252,5.970283778466978e-08,0.10065086844357701
0.3185,0.6599522399810963,0.7513076336380387,5.970942607014251e-08,0.10057987906584544
0.31875,0.6592211482419009,0.7519491987269562,5.987773898930016e-08,0.09754700792512294
0.319,0.6584893528212348,0.7525901222850153,5.996994967283342e-08,0.09951987005171016
0.31925,0.657756854169953,0.7532304034222387,5.992358875772652e-08,0.09807841162582742
0.3195,0.6570236535760988,0.7538700410797303,6.009801811757143e-08,0.0999551239501976
0.31975,0.6562897511667856,0.7545090342110483,6.009632325110204e-08,0.0935837095902674
0.32,0.6555551483179087,0.755147381831109,6.038624511539581e-08,0.10052121326762561
0.32025,0.6548198446569761,0.7557850829069159,6.025059828829171e-08,0.09758883576241133
0.3205,0.6540838422546031,0.7564221364274616,6.05880130510883e-08,0.09666932613517831
0.32075,0.6533471400909153,0.7570585413817864,6.027204624281524e-08,0.09600507161146779
0.321,0.6526097410185088,0.7576942967089266,6.066873825538721e-08,0.09678416214679197
0.32125,0.6518716438768369,0.7583294015331256,6.066013713557084e-08,0.09520822390754081
0.3215,0.6511328504032138,0.7589638547359066,6.08348982300555e-08,0.09544398367328541
0.32175,0.6503933604388291,0.7595976553683826,6.067202673598615e-08,0.09709551652008784
0.322,0.6496531762717055,0.7602308023106503,6.11109034487356e-08,0.09490315221607139
0.32225,0.6489122966461849,0.7608632947244117,6.09987547139923e-08,0.09373645388895208
0.3225,0.6481707232900268,0.7614951315343119,6.094038584869566e-08,0.09591867899459987
0.32275,0.6474284571499572,0.7621263117498904,6.109453076774685e-08,0.09316922417304413
0.323,0.6466854985248247,0.7627568342566522,6.110376360446423e-08,0.09351777634241333
0.32325,0.6459418479636283,0.7633866982824168,6.103259653222892e-08,0.09417622481223471
0.3235,0.6451975068606776,0.7640159026832909,6.120609707949143e-08,0.09390482892178455
0.32375,0.6444524754775866,0.7646444465324761,6.138107111475222e-08,0.08898215960411167
0.324,0.6437067543712587,0.7652723288301306,6.144813369246549e-08,0.095365984295897
0.32425,0.642960344562826,0.7658995485079133,6.154248488599023e-08,0.0936763875864322
0.3245,0.6422132464749457,0.7665261046663437,6.154142195846646e-08,0.09180571038583267
0.32475,0.6414654613587548,0.7671519963056525,6.177597189349626e-08,0.0906583713246861
0.325,0.6407169894946705,0.7677772223332213,6.188041323795801e-08,0.09446745314869046
0.32525,0.6399678314000906,0.7684017818605402,6.179669198580484e-08,0.08887296642200451
0.3255,0.6392179885044886,0.7690256739474226,6.20090041536514e-08,0.0917962774230605
0.32575,0.6384674606432964,0.7696488975587612,6.190685586382472e-08,0.09055786536192088
0.326,0.6377162496347779,0.7702714515835569,6.208644109939598e-08,0.0916067092547867
0.32625,0.6369643550903736,0.770893335285231,6.202143953970563e-08,0.0891543218364705
0.3265,0.6362117786191074,0.7715145476300744,6.222926129950679e-08,0.09200179807775795
0.32675,0.635458520420071,0.7721350875162044,6.227405924263962e-08,0.08659965677731447
0.327,0.6347045815905119,0.7727549540336958,6.243780092951567e-08,0.09323669224968381
0.32725,0.6339499623224608,0.7733741462063514,6.237452421231637e-08,0.08533206601463987
0.3275,0.6331946637980338,0.7739926631816172,6.246063666281998e-08,0.0918376929340098
0.32775,0.6324386870098149,0.7746105037766624,6.269391472635277e-08,0.08653484845796426
0.328,0.6316820318119483,0.775227667175165,6.26339577980417e-08,0.09001865297038934
0.32825,0.6309246996219682,0.775844152317065,6.263882612600469e-08,0.08687312792143881
0.3285,0.6301666914034559,0.7764599583520405,6.293921339661779e-08,0.08854320297538451
0.32875,0.6294080068394939,0.7770750842806727,6.284173759141254e-08,0.08670506497599961
0.329,0.6286486479703584,0.7776895290233867,6.307378641601247e-08,0.08853919799760636
0.32925,0.627888614360521,0.7783032917299568,6.29806287122392e-08,0.0863616252642782
0.3295,0.6271279073007879,0.7789163714522673,6.29159140341784e-08,0.0877737279696479
0.32975,0.6263665279643292,0.7795287671952433,6.311951050719244e-08,0.08779535565038538
0.33,0.6256044766373492,0.7801404779302317,6.324694901138628e-08,0.08662782337125967
0.33025,0.6248417540189387,0.7807515028484568,6.338279190387652e-08,0.08404632263802513
0.3305,0.6240783603283483,0.7813618409384091,6.315238776366527e-08,0.0870353560467329
0.33075,0.6233142978322915,0.7819714912106718,6.347420011820759e-08,0.0843508504727133
0.331,0.6225495657362856,0.7825804527512059,6.341335812010129e-08,0.08713043544734274
0.33125,0.6217841657045484,0.783188724640965,6.35628192302562e-08,0.08485442479723662
0.3315,0.6210180980260103,0.7837963058570198,6.357547510660311e-08,0.08562047792196674
0.33175,0.6202513638979978,0.7844031955252292,6.378375672078107e-08,0.08233834275644944
0.332,0.6194839636647629,0.7850093926098927,6.386177697770279e-08,0.08823135525634106
0.33225,0.6187158979456698,0.7856148962574169,6.379613215479196e-08,0.08339808324964214
0.3325,0.6179471681664356,0.7862197055211797,6.39973616323175e-08,0.08187023462530438
0.33275,0.6171777742357395,0.786823819504275,6.397493668153231e-08,0.08429444033166915
0.333,0.6164077178807972,0.7874272371117208,6.420420328723253e-08,0.08648552742616421
0.33325,0.6156369988813173,0.7880299574744067,6.413435316154903e-08,0.08183363646092413
0.3335,0.6148656185928845,0.7886319797497023,6.42057707000987e-08,0.08188488697594035
0.33375,0.6140935776584298,0.7892333029536341,6.430621435349337e-08,0.0832656610500731
0.334,0.6133208770115459,0.7898339260116594,6.442859956656832e-08,0.08384347608514976
0.33425,0.6125475169117844,0.7904338481952751,6.442378985838104e-08,0.08402178227824914
0.3345,0.6117734987744652,0.7910330684516991,6.459342838383009e-08,0.08061894994051826
0.33475,0.6109988225772145,0.7916315859739981,6.455122281145975e-08,0.08053501768351803
0.335,0.6102234899750698,0.7922293996659311,6.470619573484271e-08,0.0848613326192691
0.33525,0.6094475010190611,0.7928265087758847,6.475806624273162e-08,0.08107166878346976
0.3355,0.6086708566835962,0.7934229122460985,6.472650948552428e-08,0.08023833723175305
0.33575,0.6078935580332532,0.7940186092426174,6.486095216473586e-08,0.08125569615425379
0.336,0.6071156055952116,0.7946135987374686,6.49278735220804e-08,0.08259932809549907
0.33625,0.6063370002099985,0.7952078799434054,6.507387029230927e-08,0.0806146729421328
0.3365,0.605557742499455,0.7958014518632537,6.514434724991247e-08,0.08099773117976207
0.33675,0.6047778327828661,0.7963943136060004,6.488475445820541e-08,0.08037361783816367
0.337,0.603997273185918,0.7969864641386707,6.501814042714216e-08,0.07908343947068167
0.33725,0.603216063568575,0.7975779027532095,6.51536855578172e-08,0.08167261132120841
0.3375,0.6024342048160216,0.7981686284832306,6.531355456473875e-08,0.07933224904500666
0.33775,0.6016516972351517,0.7987586403438549,6.515494899161922e-08,0.07828801897323523
0.338,0.6008685428621447,0.7993479374154513,6.54258045518219e-08,0.0809173389129623
0.33825,0.6000847411323131,0.7999365189391874,6.54361878016374e-08,0.07710010075047413
0.3385,0.5993002936596996,0.80052438391636,6.561263288240582e-08,0.08144329234999392
0.33875,0.5985152005554958,0.8011115313570546,6.548461306543629e-08,0.0762956775553252
0.339,0.5977294637126676,0.801697960393142,6.574437638739994e-08,0.08017588033466476
0.33925,0.5969430827088065,0.8022836702240805,6.575105482298227e-08,0.07998497004147805
0.3395,0.5961560588619463,0.8028686598804656,6.576802946689497e-08,0.07688195846347566
0.33975,0.5953683930589229,0.8034529284701896,6.586044154488491e-08,0.07531065978132254
0.34,0.5945800860402457,0.8040364750836133,6.599025170750394e-08,0.08064685190405986
0.34025,0.5937911384102017,0.804619298870552,6.608470881630524e-08,0.07899318609419627
0.3405,0.5930015507295916,0.8052013988927448,6.597326462909336e-08,0.07615224851494434
0.34075,0.5922113244740331,0.8057827742848789,6.608476010860898e-08,0.07714949531489969
0.341,0.5914204602554918,0.8063634240292266,6.62104757687132e-08,0.07831708154877141
0.34125,0.5906289583697046,0.8069433474220865,6.620682002633771e-08,0.07695624310554185
0.3415,0.5898368199032795,0.8075225435228112,6.62055799072192e-08,0.07662939504611589
0.34175,0.5890440459624604,0.8081010114220251,6.637256033670269e-08,0.07649220350359313
0.342,0.5882506370284375,0.8086787501821299,6.648024486466397e-08,0.07510900593255009
0.34225,0.5874565935379119,0.8092557590251547,6.640327110396527e-08,0.07728235729922295
0.3425,0.5866619171378021,0.8098320369666673,6.65586892267811e-08,0.07537456932190663
0.34275,0.5858666077909781,0.8104075832024838,6.651829709269919e-08,0.07630537548428659
0.343,0.5850706670244676,0.8109823967210751,6.660195506213995e-08,0.07671040214223439
0.34325,0.5842740950999622,0.8115564768466118,6.665828022889286e-08,0.07415694704006696
0.3435,0.5834768930966213,0.8121298226038699,6.67701374190699e-08,0.07518675894160244
0.34375,0.5826790614333429,0.8127024331001217,6.669984742302404e-08,0.07593002313020981
0.344,0.5818806017777618,0.8132743074063049,6.690622522675937e-08,0.0758140860924012
0.34425,0.5810815142220258,0.8138454447507588,6.705605914980595e-08,0.07420908343595642
0.3445,0.5802817993206455,0.8144158442595357,6.700188692754239e-08,0.07675292147546003
0.34475,0.5794814585677134,0.8149855049402821,6.704326338535793e-08,0.07450801817270626
0.345,0.5786804926273277,0.8155544259844907,6.714514722006015e-08,0.07414467962640979
0.34525,0.5778789018548597,0.8161226066240902,6.712593680902046e-08,0.07121797340961555
0.3455,0.5770766877062393,0.8166900460070122,6.737046787108625e-08,0.07476628339534394
0.34575,0.5762738501070526,0.8172567431378299,6.726072698803875e-08,0.07470600879289271
0.346,0.5754703910282117,0.8178226970917284,6.741427371892428e-08,0.07416530212952589
0.34625,0.5746663102545677,0.8183879072045054,6.740008240413431e-08,0.0736833856551706
0.3465,0.5738616091634103,0.8189523725299088,6.747199043921626e-08,0.07220681702739379
0.34675,0.5730562884601859,0.8195160922339502,6.758708170906402e-08,0.07423275506338733
0.347,0.5722503492290656,0.8200790653216616,6.778581651545323e-08,0.07375030465153037
0.34725,0.5714437912638171,0.8206412910774542,6.759761572716627e-08,0.07239752812323874
0.3475,0.5706366165848813,0.8212027686429195,6.770711635795124e-08,0.07185022923191679
0.34775,0.5698288253419719,0.8217634972324036,6.778711880706112e-08,0.07424298506286262
0.348,0.5690204184518777,0.8223234757502733,6.769257798744377e-08,0.07101917829170605
0.34825,0.5682113972599326,0.8228827035640798,6.790050477434306e-08,0.07313627725546858
0.3485,0.5674017617431536,0.8234411797853104,6.789772677429085e-08,0.07158790238168668
0.34875,0.5665915135453304,0.8239989035419459,6.812995656524379e-08,0.07216840234510344
0.349,0.5657806529420739,0.8245558739456071,6.82508793925507e-08,0.07266842517215669
0.34925,0.5649691805727712,0.8251120901795914,6.817879905085533e-08,0.07093055737538397
0.3495,0.5641570976860394,0.8256675514720554,6.821169518111958e-08,0.07127480111020995
0.34975,0.5633444049998749,0.826222256891726,6.821395803768837e-08,0.07337782559067017
0.35,0.5625311036420797,0.8267762055890482,6.834649779463575e-08,0.07096279368668379
0.35025,0.5617171936426921,0.8273293968034822,6.822451537047414e-08,0.07058647339900363
0.3505,0.5609026766398131,0.8278818296619532,6.827306275880574e-08,0.06993505684214692
0.35075,0.5600875534197214,0.8284335034039211,6.852888945196867e-08,0.07358006077454551
0.351,0.5592718244146511,0.828984416933412,6.855125822546881e-08,0.06922475759146696
0.35125,0.5584554905908952,0.8295345697845274,6.87193568715827e-08,0.07094231601080518
0.3515,0.5576385522906556,0.8300839608797075,6.855527856508559e-08,0.06893826565261876
0.35175,0.5568210114547955,0.8306325895174858,6.8783030382491e-08,0.07290749726876739
0.352,0.5560028680372682,0.8311804546284214,6.871098623406624e-08,0.0699342905680655
0.35225,0.5551841231789113,0.8317275556377162,6.871851110368254e-08,0.06754452096266263
0.3525,0.5543647777448828,0.8322738917684948,6.88618022604004e-08,0.0710968619332355
0.35275,0.5535448322675046,0.8328194620359614,6.88379615532142e-08,0.06866181805151984
0.353,0.5527242883908343,0.8333642655401103,6.902817850651388e-08,0.07114063175262929
0.35325,0.5519031459967243,0.833908301682401,6.908795158189207e-08,0.06933420757021302
0.3535,0.5510814060716738,0.8344515695181057,6.899457916098584e-08,0.06794811166089378
0.35375,0.5502590702823237,0.8349940682775492,6.924332751623297e-08,0.06885678385604553
0.354,0.5494361387140074,0.8355357969970534,6.929422724510914e-08,0.07067486463708747
0.35425,0.5486126118998786,0.836076755050072,6.913533012742334e-08,0.07043334418539235
0.3545,0.5477884918591872,0.836616941510677,6.931801888043765e-08,0.06767719623495398
0.35475,0.5469637780999635,0.8371563556624142,6.91896779869694e-08,0.06742848841051105
0.355,0.5461384728778853,0.8376949965826443,6.942849006819074e-08,0.07076916537806639
0.35525,0.5453125758106905,0.8382328635416297,6.942924279940144e-08,0.06811751550148158
0.3555,0.5444860882783631,0.8387699556880471,6.944679853404523e-08,0.06658909892900713
0.35575,0.5436590111613827,0.8393062722927044,6.956342146757777e-08,0.0714237048355993
0.356,0.542831345253795,0.8398418123589098,6.958816900493048e-08,0.06588671920973875
0.35625,0.5420030914030868,0.8403765752633345,6.96709145930896e-08,0.06913811387611808
0.3565,0.5411742501896498,0.8409105601838586,6.964852783397646e-08,0.06564630020477788
0.35675,0.5403448232343366,0.8414437663191752,6.993677015287858e-08,0.07033518544427221
0.357,0.5395148104806253,0.8419761926613925,6.986825717980594e-08,0.0666504817934057
0.35725,0.5386842129620321,0.8425078386903937,6.977463873347745e-08,0.06873473508423378
0.3575,0.5378530319380677,0.8430387034980259,6.978029976068001e-08,0.0649684604629569
0.35775,0.5370212682777501,0.8435687863346547,6.993038037528265e-08,0.06612623111292368
0.358,0.5361889225251559,0.8440980862673362,6.99394309133794e-08,0.06932492218349669
0.35825,0.535355995714362,0.8446266026913574,7.006062752168418e-08,0.06566984161185531
0.3585,0.5345224885376594,0.845154334748173,7.01480571407842e-08,0.06872705312856474
0.35875,0.5336884017578939,0.8456812815601581,7.00760607319495e-08,0.06581507848580714
0.359,0.5328537368621156,0.8462074423445545,7.018361403154927e-08,0.06789313237041238
0.35925,0.532018494182102,0.846732816437124,7.029166537719789e-08,0.06535521258516672
0.3595,0.5311826744508962,0.8472574029919689,7.028074877624135e-08,0.0669771761117329
0.35975,0.5303462790173203,0.8477812012417014,7.042316729766185e-08,0.06660277688892993
0.36,0.5295093084707787,0.8483042102599203,7.045095218316533e-08,0.06394970090363583
0.36025,0.5286717633182286,0.8488264295365733,7.040490368481755e-08,0.06933160250766181
0.3605,0.5278336453710413,0.8493478580641233,7.05918956622753e-08,0.06281463168284411
0.36075,0.5269949543471798,0.8498684951299308,7.046089711693071e-08,0.0675801411574264
0.361,0.52615569243099,0.8503883399257965,7.067964080675893e-08,0.06702392657675046
0.36125,0.5253158592480764,0.8509073917628048,7.066705975944387e-08,0.06420569609155675
0.3615,0.5244754563474149,0.8514256498805678,7.07926857135277e-08,0.0659750337160371
0.36175,0.523634483991507,0.8519431133603219,7.061356255277929e-08,0.06455394052218065
0.362,0.5227929445478594,0.8524597815022021,7.097389920218689e-08,0.06547548092904626
0.36225,0.5219508366411117,0.8529756536042351,7.075596175631915e-08,0.0667869627460417
0.3625,0.521108163077105,0.8534907287804236,7.086986419935215e-08,0.06434681581309212
0.36275,0.5202649237574741,0.8540050064166579,7.093854059725402e-08,0.06469312871537697
0.363,0.5194211202473866,0.8545184855174988,7.112508249029759e-08,0.06511589545122572
0.36325,0.5185767523451917,0.8550311655384436,7.10574554751986e-08,0.06580716426445486
0.3635,0.5177318217571643,0.8555430456131248,7.107848420950802e-08,0.06295962360213742
0.36375,0.5168863292187423,0.8560541250789261,7.119893341567263e-08,0.06385944390971376
0.364,0.5160402756151257,0.856564402973806,7.124940126779222e-08,0.06523434200682508
0.36425,0.5151936614916962,0.8570738787370844,7.122732292863532e-08,0.06667672959537378
0.3645,0.5143464882247495,0.8575825514396562,7.124143897030422e-08,0.06227430234118915
0.36475,0.5134987565329865,0.858090420548583,7.139908109188298e-08,0.06398461542108821
0.365,0.5126504671599221,0.858597485036082,7.139478319651005e-08,0.06495035832050362
0.36525,0.5118016209856304,0.8591037444017314,7.144429470251623e-08,0.06405122438345744
0.3655,0.5109522191546387,0.8596091977050684,7.15190979772018e-08,0.06249735723103316
0.36575,0.5101022619398323,0.8601138444263122,7.150496927899042e-08,0.06555596490299631
0.366,0.5092517514828785,0.8606176834705659,7.174530858300443e-08,0.0632463822918156
0.36625,0.5084006867284494,0.8611207143589458,7.148200742435051e-08,0.06479207086718575
0.3665,0.5075490704760295,0.8616229362956156,7.164587745300821e-08,0.061965732373469654
0.36675,0.5066969027698477,0.8621243484630489,7.1744693963538e-08,0.06226394086761793
0.367,0.5058441844530321,0.8626249502443244,7.186448547358282e-08,0.06444448630640706
0.36725,0.5049909161679713,0.8631247407824497,7.178146632647042e-08,0.0664665287145205
0.3675,0.5041370996370971,0.863623719287296,7.187306061418042e-08,0.0611783899105209
0.36775,0.5032827349313044,0.8641218851336229,7.182340722167169e-08,0.06127007558715854
0.368,0.5024278234938677,0.8646192375672097,7.189604156465634e-08,0.06409036765962232
0.36825,0.5015723660559045,0.8651157758280854,7.198877161052053e-08,0.0632969158192979
0.3685,0.5007163633831649,0.8656114992636046,7.210852093209041e-08,0.062200193775825176
0.36875,0.4998598160863672,0.8661064070375567,7.2024698649642e-08,0.06357152571824286
0.369,0.4990027260056067,0.8666004982925184,7.210093122544947e-08,0.061990446270693195
0.36925,0.49814509314027877,0.8670937725825777,7.213560926366824e-08,0.0632137352963333
0.3695,0.49728691853640933,0.867586229066479,7.210661245871108e-08,0.061173180587866145
0.36975,0.49642820381950137,0.8680778670050536,7.236574739444279e-08,0.062391084581967376
0.37,0.49556894895687265,0.8685686856282429,7.241209387665037e-08,0.06348843542701366
0.37025,0.49470915508605295,0.8690586842338148,7.238408028520382e-08,0.06158404620634149
0.3705,0.4938488236149765,0.869547862137094,7.256654077636426e-08,0.06060033225693082
0.37075,0.49298795418996016,0.8700362186240402,7.234700794001014e-08,0.06395340830694174
0.371,0.4921265496549765,0.8705237527758491,7.251112732475917e-08,0.06255424370055783
0.37125,0.49126460951001094,0.8710104641079273,7.2571262554888e-08,0.061374724859913
0.3715,0.4904021347200922,0.8714963519172793,7.257157230711186e-08,0.06060723526375736
0.37175,0.4895391265596853,0.8719814153365316,7.256255751819651e-08,0.06296868963944649
0.372,0.4886755863349137,0.8724656536629904,7.275067792633649e-08,0.06113933109340169
0.37225,0.4878115138786106,0.872949066277355,7.269352142458274e-08,0.060737186126388336
0.3725,0.4869469108574197,0.8734316524529406,7.275012658958246e-08,0.061145528571876835
0.37275,0.4860817776959194,0.8739134114125576,7.262737722335544e-08,0.06258508361302201
0.373,0.48521611640264695,0.8743943424257719,7.284152991893222e-08,0.06026454168066928
0.37325,0.4843499263219887,0.8748744449104606,7.274274871349462e-08,0.06265242931952263
0.3735,0.4834832097780572,0.8753537181014671,7.296567527959041e-08,0.05907993821104002
0.37375,0.4826159667232674,0.8758321612786921,7.30331668474804e-08,0.06138492503241646
0.374,0.481748198711756,0.8763097736633991,7.319000694394617e-08,0.0607787086176357
0.37425,0.4808799057464012,0.8767865546726521,7.31027010036911e-08,0.0633324965026386
0.3745,0.4800110893676292,0.8772625035096547,7.298995985394185e-08,0.058050302356069707
0.37475,0.47914175086214683,0.8777376196610321,7.319372641312327e-08,0.06325950525799363
0.375,0.47827189097932177,0.8782119020741561,7.332281892757919e-08,0.057931507120691436
0.37525,0.4774015095103296,0.878685350384028,7.313111893836322e-08,0.06305058394040465
0.3755,0.4765306089774556,0.8791579638208862,7.332105300683622e-08,0.05809879432470504
0.37575,0.47565918922132344,0.8796297416956063,7.338308027904361e-08,0.06403456721041231
0.376,0.4747872515311613,0.8801006831161668,7.331902618368247e-08,0.05736261370535019
0.37625,0.4739147972323306,0.8805707875855513,7.349239683485109e-08,0.061692343712289856
0.3765,0.4730418263236535,0.881040054408999,7.34623120113298e-08,0.05821464061434162
0.37675,0.4721683405252254,0.881508482862795,7.357670317453824e-08,0.060883568005173305
0.377,0.47129434044215657,0.8819760721679675,7.360481890650306e-08,0.06074174447832781
0.37725,0.4704198265301486,0.8824428218308802,7.34967480209292e-08,0.05981786988868668
0.3775,0.4695448007682004,0.8829087310402185,7.3637746123012e-08,0.059723775281788544
0.37775,0.46866926341572596,0.8833737991583782,7.375507027340689e-08,0.05937160093725323
0.378,0.4677932155343427,0.8838380254672931,7.38809389222439e-08,0.06030586695117901
0.37825,0.46691665765572193,0.8843014092172676,7.377001542963058e-08,0.05981456685136269
0.3785,0.4660395914341854,0.8847639498754977,7.38917145248763e-08,0.05850479960931298
0.37875,0.4651620168537427,0.8852256467339161,7.377945809849962e-08,0.059867519064992554
0.379,0.4642839361122526,0.8856864990484752,7.396431267459036e-08,0.0608770217198586
0.37925,0.46340534911392056,0.8861465061356806,7.396193146824714e-08,0.05918612931630449
0.3795,0.46252625685480914,0.8866056673634335,7.384053746228858e-08,0.05865890844670866
0.37975,0.46164666092137424,0.8870639822180973,7.404423896240075e-08,0.059337029708161605
0.38,0.46076656155701556,0.8875214496372301,7.39076200240163e-08,0.05888011513989333
0.38025,0.4598859603525534,0.8879780693370815,7.407649782464887e-08,0.05918448660899754
0.3805,0.4590048575411478,0.8884338405539967,7.414394409543945e-08,0.0592758959833066
0.38075,0.4581232543062674,0.8888887624970191,7.411482072505748e-08,0.05888527808075279
0.381,0.4572411521298534,0.8893428345444008,7.42782497731298e-08,0.058729443084158
0.38125,0.45635855086781346,0.8897960560207223,7.413009894818856e-08,0.060502516124960166
0.3815,0.45547545237607856,0.8902484263921346,7.420543002290003e-08,0.057577829733905066
0.38175,0.4545918575458293,0.8906999448770907,7.437550730848841e-08,0.05809541350650115
0.382,0.45370776678026914,0.8911506107264309,7.431741222418964e-08,0.05870068684976361
0.38225,0.4528231812213801,0.8916004236237136,7.442871541307738e-08,0.05965938102431848
0.3825,0.4519381015572592,0.8920493825447641,7.426883441574716e-08,0.05826317489052433
0.38275,0.45105252951065705,0.8924974871240638,7.445036254161153e-08,0.05667765125347235
0.383,0.4501664654837825,0.8929447364181211,7.447149186212698e-08,0.05914867051600937
0.38325,0.4492799105619191,0.8933911299635374,7.456602335587093e-08,0.0593442201284392
0.3835,0.4483928652057672,0.8938366671154123,7.45237100918672e-08,0.05770451193222196
0.38375,0.4475053311067297,0.8942813471385638,7.460445128337767e-08,0.05925856942097559
0.384,0.44661730875908745,0.8947251693445679,7.457093498253187e-08,0.0577301945772838
0.38425,0.4457287995448416,0.8951681332764319,7.478864572085797e-08,0.05864532016410599
0.3845,0.4448398034465054,0.89561023817199,7.472440421985027e-08,0.05696901455544351
0.38475,0.4439503223147802,0.8960514834013327,7.479456010095475e-08,0.058441070895244515
0.385,0.44306035711247205,0.8964918681687433,7.486865438721679e-08,0.05869829223931123
0.38525,0.44216990791193733,0.8969313920503158,7.475408136947692e-08,0.05672151409378941
0.3855,0.44127897655681897,0.8973700545082626,7.493959497395508e-08,0.05782301232809978
0.38575,0.4403875635133364,0.8978078545640216,7.490702924606296e-08,0.057108525473009444
0.386,0.4394956702748445,0.8982447916688034,7.49752306905549e-08,0.05906474048367695
0.38625,0.438603296852779,0.8986808654855988,7.500003307292502e-08,0.0571891135074795
0.3865,0.4377104453375481,0.8991160750357612,7.517265077083835e-08,0.056556695418961536
0.38675,0.4368171152555645,0.8995504197999196,7.497119947075248e-08,0.06029215291097268
0.387,0.4359233093771735,0.8999838991261786,7.517235034448788e-08,0.05523115280677674
0.38725,0.4350290270812834,0.9004165124362559,7.513557620519862e-08,0.05893263155975638
0.3875,0.43413427009090305,0.9008482590677589,7.516638378390894e-08,0.055187112405091276
0.38775,0.43323903896233995,0.9012791385329102,7.521781553165852e-08,0.059351909570873065
0.388,0.43234333518956447,0.9017091499056651,7.525321388257566e-08,0.05587198440474252
0.38825,0.43144715912973297,0.902138292897506,7.53165689815205e-08,0.05840687201621207
0.3885,0.4305505122461832,0.902566566547202,7.532212498162494e-08,0.05573609292901924
0.38875,0.42965339482189446,0.9029939706475458,7.535389690005445e-08,0.05831407852169744
0.389,0.42875580878327924,0.9034205040312688,7.533475510079768e-08,0.05563084552905969
0.38925,0.4278577543365602,0.9038461666284522,7.543743318905172e-08,0.05822589700683591
0.3895,0.4269592327768698,0.9042709575447158,7.555612246967769e-08,0.05584122061200547
0.38975,0.4260602445181717,0.9046948761346129,7.543155056133344e-08,0.05809280719734251
0.39,0.4251607916950917,0.905117921837963,7.561353210228106e-08,0.055342732177500145
0.39025,0.4242608739826065,0.9055400941034016,7.561063841698967e-08,0.05883589599598216
0.3905,0.4233604930315573,0.905961392246179,7.565027626554865e-08,0.054793337397883
0.39075,0.4224596494622533,0.9063818156667756,7.559758241626469e-08,0.056666796192346366
0.391,0.4215583444436035,0.906801363828416,7.560555070895703e-08,0.05735448877272132
0.39125,0.4206565793886514,0.9072200360097271,7.576022276190031e-08,0.057308968324040824
0.3915,0.4197543543363577,0.9076378316752696,7.573625593337852e-08,0.054898490346496194
0.39175,0.4188516709743681,0.9080547501951497,7.581499517073098e-08,0.057244547915038135
0.392,0.41794852990757647,0.9084707909158265,7.579956307068869e-08,0.05628069374535184
0.39225,0.417044932231528,0.9088859534231296,7.591493278447103e-08,0.05706367712431603
0.3925,0.4161408787090567,0.9093002369178201,7.589577188937824e-08,0.05528766258473556
0.39275,0.4152363705559514,0.9097136408723959,7.591089223879521e-08,0.055667263575310474
0.393,0.4143314089263441,0.9101261646426995,7.599505669197981e-08,0.05805264301624116
0.39325,0.41342599423234894,0.9105378077142592,7.599204487895861e-08,0.0555566448557361
0.3935,0.4125201276510323,0.9109485694499467,7.59500613511932e-08,0.056314785597442046
0.39375,0.41161381065112035,0.9113584493560909,7.61657343861799e-08,0.05449559689939602
0.394,0.4107070438405671,0.9117674465867864,7.62578200586006e-08,0.05727447224138844
0.39425,0.4097998274084057,0.9121755607589825,7.609495877858308e-08,0.055391523457178696
0.3945,0.40889216356449964,0.9125827912640697,7.616788622044623e-08,0.05870184355651097
0.39475,0.40798405263961013,0.9129891374799167,7.618227826355906e-08,0.05098311962513136
0.395,0.40707549591079584,0.91339459875209,7.620025299637234e-08,0.059279940326907726
0.39525,0.40616649421942275,0.9137991746402653,7.629986020774027e-08,0.05415417961886556
0.3955,0.4052570480149456,0.9142028645514794,7.625995634974458e-08,0.05736937775382332
0.39575,0.40434715946146,0.9146056676933416,7.637066445909113e-08,0.053202584558148004
0.396,0.4034368282891876,0.9150075836269487,7.625743059236356e-08,0.057189368579187376
0.39625,0.40252605642543166,0.9154086119422045,7.64596785884919e-08,0.0547627929605159
0.3965,0.4016148440342405,0.9158087517995532,7.64106486972338e-08,0.05671277501222015
0.39675,0.4007031928472223,0.916208002792085,7.656910683273566e-08,0.05378227219898953
0.397,0.399791103394449,0.916606364085446,7.651764333260758e-08,0.05657105961142334
0.39725,0.39887857684810846,0.9170038354634201,7.666149492990826e-08,0.054695469603906165
0.3975,0.39796561373090655,0.9174004161015029,7.65877110620039e-08,0.05682428670920667
0.39775,0.3970522157182191,0.9177961055176517,7.665505497023162e-08,0.053010923217893885
0.398,0.39613838366951626,0.918190903062543,7.67415495595003e-08,0.057142468093613216
0.39825,0.3952241178003789,0.9185848083519375,7.671302371115019e-08,0.05558966797493256
0.3985,0.3943094200377293,0.9189778206528999,7.679121893922058e-08,0.05601953154072239
0.39875,0.3933942903585366,0.9193699394635889,7.663798684554024e-08,0.052885776255333146
0.399,0.3924787314494509,0.9197611642048198,7.690978498509082e-08,0.05626334262019378
0.39925,0.3915627422825009,0.9201514942127744,7.672289381588371e-08,0.054346466850341016
0.3995,0.39064632524136367,0.9205409291955624,7.687440239934062e-08,0.05674686390135369
0.39975,0.3897294806955505,0.920929468311254,7.686363323600176e-08,0.05267695189832689
0.4,0.3888122099943274,0.921317111128916,7.694979919925515e-08,0.05564560608047402
0.40025,0.3878945135057523,0.9217038571920217,7.698525461563577e-08,0.05443780442819911
0.4005,0.38697639277236656,0.9220897057025831,7.696289161529535e-08,0.05653912694820938
0.40075,0.38605784860321,0.9224746563636477,7.705068139074456e-08,0.05345619346030388
0.401,0.38513888224018444,0.9228587083107076,7.70590602439114e-08,0.05528407172988361
0.40125,0.3842194942699586,0.9232418613142395,7.71300192603519e-08,0.05430663200106175
0.4015,0.3832996855701922,0.9236241146106715,7.702427451405924e-08,0.054076280409141864
0.40175,0.382379457836123,0.9240054678491318,7.719506722736469e-08,0.05469058519745066
0.402,0.3814588118046842,0.9243859202296516,7.731112772191295e-08,0.0556675752501031
0.40225,0.38053774770308446,0.9247654712824118,7.715155581067279e-08,0.054115507210663036
0.4025,0.3796162674733831,0.9251441206295636,7.723293293793176e-08,0.05587403200260704
0.40275,0.3786943715565633,0.9255218675792218,7.720797268184754e-08,0.053242435811718426
0.403,0.37777206158644816,0.9258987115142361,7.724949591114694e-08,0.054851906082261044
0.40325,0.37684933774246226,0.9262746522034357,7.733576112833873e-08,0.05365285084202324
0.4035,0.3759262014066916,0.9266496888114719,7.733922813280003e-08,0.055534551710341405
0.40375,0.37500265364074403,0.9270238209788051,7.744986874058668e-08,0.05223528762637128
0.404,0.3740786955602502,0.9273970479617457,7.752010633410578e-08,0.05548126861008058
0.40425,0.3731543272940188,0.9277693694465706,7.743076646526958e-08,0.05430374231567869
0.4045,0.37222955101318445,0.9281407847161833,7.745052177376976e-08,0.05578134901303694
0.40475,0.3713043670932372,0.9285112933905009,7.748810215701951e-08,0.05119672035968264
0.405,0.3703787769142082,0.9288808948803293,7.763107001679259e-08,0.05661149952778816
0.40525,0.36945278091266365,0.929249588539341,7.756231457101137e-08,0.0521641114922149
0.4055,0.3685263804471119,0.9296173741236122,7.767896170740585e-08,0.0558327765777568
0.40575,0.36759957620951306,0.9299842508311744,7.761171416653667e-08,0.05307722496100652
0.406,0.3666723697987848,0.9303502182173791,7.765548781790699e-08,0.054283116841410205
0.40625,0.3657447615469911,0.930715275836113,7.763687559503296e-08,0.053503171083944624
0.4065,0.3648167533201758,0.9310794231437971,7.785242694957617e-08,0.054767796163931966
0.40675,0.3638883446523235,0.9314426595822499,7.773172860936484e-08,0.053279969661171524
0.407,0.3629595383086439,0.9318049845145904,7.780772692811411e-08,0.05424331466893271
0.40725,0.3620303339507516,0.9321663976977725,7.784866418170111e-08,0.05350346712782568
0.4075,0.36110073344039295,0.9325268983607726,7.792877321222136e-08,0.0549603263790169
0.40775,0.3601707368122225,0.9328864860665821,7.777075428094804e-08,0.05216920905129359
0.408,0.3592403465564331,0.9332451603125342,7.792037393095086e-08,0.05426350079585434
0.40825,0.35830956210052534,0.9336029207721636,7.798348944376698e-08,0.05368334996186595
0.4085,0.35737838533482813,0.933959766632929,7.799677903541635e-08,0.05491506638944218
0.40875,0.35644681684605617,0.9343156975299282,7.79452580257356e-08,0.051709600364156755
0.409,0.3555148586133825,0.9346707129284066,7.815049163362175e-08,0.05488837300798976
0.40925,0.3545825099616673,0.9350248123432,7.803407298112575e-08,0.052589558821246364
0.4095,0.35364977335746367,0.9353779952340704,7.808194402159074e-08,0.05485629923924917
0.40975,0.3527166492377631,0.9357302611665107,7.815612779182857e-08,0.05316768967066388
0.41,0.3517831389707311,0.9360816094193805,7.817863600934061e-08,0.05422598946397166
0.41025,0.35084924286908287,0.9364320398267165,7.8217913923595e-08,0.051540946472811086
0.4105,0.3499149619206405,0.9367815516882609,7.807969160111838e-08,0.053683614379215164
0.41075,0.348980298457659,0.9371301446023882,7.83170417406609e-08,0.05281591853518763
0.411,0.34804525202456205,0.937477817881275,7.823813596985474e-08,0.0551220268490421
0.41125,0.34710982417583447,0.9378245712326021,7.822349323838296e-08,0.05192889189636492
0.4115,0.34617401625742705,0.9381704041209151,7.835009618872846e-08,0.05419586370627919
0.41175,0.34523782862755853,0.9385153159839148,7.832592641143776e-08,0.05163183238019801
0.412,0.3443012632911149,0.9388593062901318,7.845571947662222e-08,0.05465402171723488
0.41225,0.3433643198708066,0.9392023747127334,7.841318661050423e-08,0.053191531041565744
0.4125,0.3424270002819133,0.9395445206646564,7.841652105433639e-08,0.05319146633469056
0.41275,0.34148930544070666,0.9398857436691536,7.844144400692699e-08,0.05213617631270955
0.413,0.3405512368077126,0.940226043166728,7.857010930756303e-08,0.05462171213796986
0.41325,0.33961279420424145,0.9405654188376401,7.855021588731859e-08,0.05271562459314723
0.4135,0.33867397928898735,0.9409038700916478,7.850043592938505e-08,0.05229218820234281
0.41375,0.3377347933340844,0.9412413964645837,7.852350525361373e-08,0.051960731708900657
0.414,0.3367952374999419,0.9415779974268812,7.862052608942349e-08,0.05455903671638025
0.41425,0.3358553119568954,0.9419136726133172,7.861278228382673e-08,0.052061643395082666
0.4145,0.33491501856365763,0.9422484214932955,7.873304808114767e-08,0.053878819848993426
0.41475,0.3339743577617424,0.9425822434723077,7.867582541010165e-08,0.05188554142164435
0.415,0.33303333106501753,0.9429151382144791,7.87371428057071e-08,0.054233986235976965
0.41525,0.3320919388734547,0.9432471052765111,7.873862095664208e-08,0.05179862776034475
0.4155,0.33115018288928666,0.9435781440422756,7.877093355368459e-08,0.05330593173764445
0.41575,0.33020806362902505,0.9439082542034387,7.881950381261049e-08,0.05101033461901857
0.416,0.3292655825962214,0.9442374351439664,7.890483955108607e-08,0.05363099632746593
0.41625,0.32832274010494855,0.9445656865136384,7.89044980464837e-08,0.05278427486307529
0.4165,0.32737953736406544,0.9448930077860663,7.882385122393032e-08,0.054173954803496197
0.41675,0.32643597636126837,0.9452193985008567,7.898262466277117e-08,0.05071612624343762
0.417,0.325492057046155,0.9455448581153725,7.895427556192658e-08,0.053283809024199685
0.41725,0.3245477808975501,0.9458693863435234,7.905369558969255e-08,0.05368707055550537
0.4175,0.32360314833722276,0.9461929825616439,7.893132769609679e-08,0.051690936639549524
0.41775,0.32265816127548796,0.9465156464763158,7.903107523965502e-08,0.053529094165405376
0.418,0.3217128206775399,0.946837377401275,7.911620847345091e-08,0.05141653307080373
0.41825,0.3207671265022974,0.9471581750958328,7.9047701273538e-08,0.052592344265894826
0.4185,0.31982108106190205,0.9474780390957795,7.923019040845247e-08,0.052634359474275985
0.41875,0.318874683997222,0.9477969686799882,7.896664833140221e-08,0.05078580892277948
0.419,0.3179279381276885,0.9481149638003323,7.921211131467487e-08,0.054222368480800455
0.41925,0.3169808430651569,0.9484320236160847,7.914539645881291e-08,0.05239852139618932
0.4195,0.3160334003905947,0.9487481479228214,7.917470967733209e-08,0.0521152995817415
0.41975,0.31508561098838905,0.9490633362255191,7.920971634156615e-08,0.05149511347163393
0.42,0.3141374759980735,0.9493775879502344,7.916431954413383e-08,0.05324526138685071
0.42025,0.3131889964890726,0.9496909028923476,7.92791541304183e-08,0.0523143793268927
0.4205,0.3122401732163954,0.9500032803936573,7.926445411143845e-08,0.052296933514940885
0.42075,0.3112910073286386,0.9503147201906067,7.932731160842366e-08,0.05082605201068876
0.421,0.31034150027495855,0.950625221609295,7.937631352206154e-08,0.05311392768093461
0.42125,0.3093916522709665,0.9509347844153009,7.935296353345223e-08,0.05307909469789388
0.4215,0.3084414649554495,0.9512434080860477,7.936550816545207e-08,0.0515493691964077
0.42175,0.3074909393932208,0.951551092203497,7.944129354342522e-08,0.052647690191311936
0.422,0.3065400765635218,0.9518578362046579,7.944188840092181e-08,0.051746177940086256
0.42225,0.30558887694584747,0.9521636399236798,7.945286450983247e-08,0.051445457051796525
0.4225,0.3046373421133193,0.952468502813822,7.953113234648868e-08,0.05227191035054976
0.42275,0.30368547300379056,0.952772424248025,7.94604941845023e-08,0.05088362294266528
0.423,0.30273327113500414,0.953075404086988,7.966383464008686e-08,0.0546109096558814
0.42325,0.30178073611370027,0.9533774416750039,7.949204805512977e-08,0.05046589892266827
0.4235,0.3008278703025179,0.9536785367792421,7.953206915267685e-08,0.05282792872299756
0.42375,0.29987467472847884,0.953978688882756,7.96929835455984e-08,0.05010799089285134
0.424,0.29892114998894215,0.9542778974316342,7.971862281408448e-08,0.053440071485467866
0.42425,0.29796729653303744,0.9545761622005496,7.962236536762646e-08,0.05128817793696822
0.4245,0.29701311668056674,0.9548734826749602,7.969805260188423e-08,0.052887758811039555
0.42475,0.29605861035784004,0.9551698584838936,7.966157511418714e-08,0.05098184165040557
0.425,0.29510377965463874,0.9554652890714745,7.969344184566296e-08,0.051751624261871965
0.42525,0.294148624664621,0.9557597742902474,7.977171323503285e-08,0.052179024554545775
0.4255,0.2931931469496181,0.9560533134732504,7.981069760631954e-08,0.05290896566882784
0.42575,0.2922373471805358,0.9563459062891102,7.978152516407988e-08,0.049319004709190935
0.426,0.29128122695983905,0.9566375522877681,7.981317762251194e-08,0.0523256068207365
0.42625,0.2903247866996256,0.9569282512172717,7.987496131178773e-08,0.05270966728357048
0.4265,0.2893680277972014,0.957218002462411,7.987468197967473e-08,0.05141740123388099
0.42675,0.2884109512515713,0.9575068057316666,7.991214467928387e-08,0.051752207174335096
0.427,0.287453558363417,0.9577946604629943,7.991360329029362e-08,0.05206060989409006
0.42725,0.28649584945995127,0.9580815665522057,7.996245066088647e-08,0.05103046323518334
0.4275,0.28553782628967833,0.958367523345467,8.002277618324172e-08,0.05171849314722104
0.42775,0.28457948938299726,0.9586525304692533,7.997629181133448e-08,0.05057555416809803
0.428,0.2836208403565763,0.9589365875799345,8.004200680034046e-08,0.05249313691239488
0.42825,0.282661879639277,0.9592196942690121,8.003736984285581e-08,0.05125436766013916
0.4285,0.2817026087549722,0.9595018501539535,8.011410534969343e-08,0.052344301407015736
0.42875,0.28074302823005853,0.9597830548181975,8.010796404001042e-08,0.050965375492715244
0.429,0.2797831400339774,0.9600633076740834,8.009468377423445e-08,0.05098774829177502
0.42925,0.2788229440207944,0.960342608790319,8.018530617270869e-08,0.051558505714356266
0.4295,0.27786244204184946,0.9606209572476195,8.01003934292055e-08,0.05256889513758667
0.42975,0.2769016350389898,0.9608983530181787,8.016015407008581e-08,0.04984684701868745
0.43,0.27594052408735337,0.9611747954787884,8.01486437218557e-08,0.05217733224229212
0.43025,0.2749791097555769,0.9614502845743581,8.025503861475158e-08,0.051365745419289226
0.4305,0.2740173937114671,0.9617248194646365,8.021535324864715e-08,0.05079846084293459
0.43075,0.27305537672259583,0.9619984001726234,8.034589948913151e-08,0.051282989144348055
0.431,0.27209306006117373,0.9622710259878762,8.039460341890958e-08,0.05270975151322564
0.43125,0.2711304440066251,0.9625426966958226,8.03148447747759e-08,0.0502652548761555
0.4315,0.2701675304157225,0.9628134118915053,8.03045425712412e-08,0.05168887131504032
0.43175,0.269204320143837,0.9630831712206258,8.033623810632662e-08,0.051063902109469185
0.432,0.2682408147061821,0.9633519742036718,8.043817079084192e-08,0.05103062225761041
0.43225,0.26727701362495987,0.96361982059326,8.03262285575812e-08,0.05066191633745888
0.4325,0.26631291964556714,0.9638867099672711,8.04108348795296e-08,0.05100973350360401
0.43275,0.2653485330824145,0.964152642016008,8.055771560933067e-08,0.05249982960564771
0.433,0.26438385507977813,0.9644176160915308,8.052725486429324e-08,0.051295297651525316
0.43325,0.26341888620459064,0.9646816320989913,8.045921706667514e-08,0.05049212539880181
0.4335,0.26245362868383904,0.9649446895423937,8.054268718638014e-08,0.05108576899274954
0.43375,0.2614880823008591,0.9652067881505457,8.053863331802802e-08,0.051178034632808025
0.434,0.26052224904153576,0.9654679274012512,8.054306044336101e-08,0.05090067457071986
0.43425,0.25955612938703376,0.9657281071349506,8.06064133218598e-08,0.051570873059172254
0.4345,0.25858972460891466,0.965987326861898,8.066555157171251e-08,0.0508071279854934
0.43475,0.2576230357576656,0.9662455860980756,8.060350120686621e-08,0.05176435603487811
0.435,0.2566560641017972,0.9665028846143038,8.060399481202296e-08,0.04981645117919871
0.43525,0.25568880999703236,0.9667592221931202,8.062656942087187e-08,0.05165835487172251
0.4355,0.2547212754937656,0.9670145982561217,8.07148063941554e-08,0.0511123653213118
0.43575,0.25375346065070337,0.9672690124737175,8.064204104485384e-08,0.05012097812800683
0.436,0.2527853673601186,0.9675224645568683,8.068678991612899e-08,0.051459053292756296
0.43625,0.25181699623515863,0.9677749541569969,8.074323432083474e-08,0.05096076730373737
0.4365,0.2508483484096734,0.9680264808784785,8.079091284862727e-08,0.05071612590650406
0.43675,0.2498794249580058,0.9682770443124429,8.077988877808195e-08,0.05078418313049725
0.437,0.24891022705973853,0.9685266441228606,8.075540725016594e-08,0.05187312700768789
0.43725,0.24794075546220332,0.9687752801860078,8.085931968437876e-08,0.049713212266685
0.4375,0.2469710113983231,0.9690229517948963,8.078819901946588e-08,0.05102527627955166
0.43775,0.2460009961640787,0.9692696589658301,8.095272452379731e-08,0.05047894064815729
0.438,0.24503071046918734,0.9695154009123268,8.083960900684417e-08,0.05164991300000603
0.43825,0.24406015557910235,0.9697601777024829,8.089942027389441e-08,0.05051560982538674
0.4385,0.24308933233051402,0.9700039888279866,8.091754666317286e-08,0.05075663815829357
0.43875,0.24211824212047386,0.9702468339998677,8.102713433544295e-08,0.05048327164696075
0.439,0.24114688586709576,0.9704887126218438,8.094489767351831e-08,0.050918751750268006
0.43925,0.2401752644731436,0.970729624715555,8.09825702052791e-08,0.05095392079554752
0.4395,0.23920337909490894,0.9709695697922931,8.10165234899074e-08,0.05117977345969331
0.43975,0.2382312307918898,0.9712085474971772,8.102809445631465e-08,0.049505150701409054
0.44,0.23725882098685247,0.9714465574808404,8.108872018297575e-08,0.05130902236268022
0.44025,0.23628615016739318,0.9716835994165193,8.106798210505417e-08,0.050858230100030474
0.4405,0.23531321947528336,0.9719196730128857,8.102464543746635e-08,0.050631191988675765
0.44075,0.23434003058701697,0.9721547779528823,8.111606764060753e-08,0.050197629414558916
0.441,0.2333665840237984,0.972388913778417,8.108904969716946e-08,0.05104245393345633
0.44125,0.23239288081128628,0.9726220803975894,8.116434835336861e-08,0.05012262305671529
0.4415,0.2314189219597889,0.9728542772576809,8.110979443642918e-08,0.05139892758550983
0.44175,0.23044470912457518,0.9730855042049996,8.122870087667877e-08,0.04909877608245762
0.442,0.22947024293624452,0.973315760613449,8.112587468467325e-08,0.0513841714830071
0.44225,0.22849552425232075,0.9735450466441982,8.122439520974467e-08,0.05122363760362485
0.4425,0.22752055460705534,0.973773361593476,8.12588771825773e-08,0.050380445680722766
0.44275,0.22654533485072237,0.9740007052210321,8.125684369808539e-08,0.0494945467967386
0.443,0.22556986612453755,0.9742270772334933,8.12591751664371e-08,0.05159369925729581
0.44325,0.22459414928699564,0.9744524773413138,8.124528316777457e-08,0.04978248449085324
0.4435,0.22361818553693014,0.9746769053051644,8.131903728170187e-08,0.05090180220417564
0.44375,0.2226419759945141,0.9749003606268442,8.131254292109702e-08,0.049823832334887436
0.444,0.22166552187205468,0.9751228430958587,8.135707729728381e-08,0.05127723057614742
0.44425,0.22068882396992356,0.9753443523235992,8.131738127303834e-08,0.04990792304038076
0.4445,0.2197118832406019,0.975564888265983,8.142727248028336e-08,0.050315477208780796
0.44475,0.21873470107557016,0.975784450270021,8.142168983482634e-08,0.05099327302259263
0.445,0.21775727863693817,0.9760030381183,8.140775520359966e-08,0.05040434200595296
0.44525,0.21677961664077425,0.9762206516794985,8.147822949666761e-08,0.05011960590084803
0.4455,0.2158017160620183,0.9764372905202625,8.148692853815476e-08,0.05022826872952914
0.44575,0.21482357841019015,0.9766529542458671,8.143906615742935e-08,0.0497400199149145
0.446,0.21384520476379265,0.9768676426748417,8.145278207472018e-08,0.051092516278348536
0.44625,0.21286659570687191,0.9770813555924478,8.150710084642299e-08,0.050062386215918096
0.4465,0.21188775246752484,0.9772940925955077,8.15339047388619e-08,0.05076965356175289
0.44675,0.2109086768085488,0.9775058531847577,8.148179375666587e-08,0.049719651047368266
0.447,0.20992936930993267,0.9777166374624855,8.163490439194732e-08,0.0507398342359081
0.44725,0.2089498300760497,0.9779264448235269,8.148699293109019e-08,0.04986702981174188
0.4475,0.2079700617708186,0.9781352751627636,8.155534336751202e-08,0.050289833306360734
0.44775,0.20699006457946506,0.9783431281602184,8.162646292220188e-08,0.05038150831110455
0.448,0.2060098400239454,0.9785500033998247,8.167024079241969e-08,0.050294200214190135
0.44825,0.20502938869189477,0.9787559006444083,8.16368062039885e-08,0.05002108645281496
0.4485,0.20404871188595602,0.9789608197324386,8.169675957958589e-08,0.05030875599761612
0.44875,0.20306781082182077,0.9791647601386658,8.164468545679426e-08,0.04976579726047911
0.449,0.20208668643817873,0.9793677218653514,8.173364207664235e-08,0.05090805113795804
0.44925,0.2011053397859529,0.9795697043925705,8.172708243492366e-08,0.05019357917709483
0.4495,0.20012377198236103,0.9797707074788521,8.167302589789927e-08,0.05016793162945571
0.44975,0.19914198401271258,0.9799707310572103,8.176265797743554e-08,0.049215541506465565
0.45,0.1981599772765179,0.9801697744950459,8.17139462760963e-08,0.05067854382654847
0.45025,0.19717775240452193,0.9803678378444818,8.176157817452179e-08,0.05023265148395087
0.4505,0.19619531061285542,0.9805649206292667,8.173757404250637e-08,0.05042637215150905
0.45075,0.19521265315637476,0.9807610227207707,8.182031829839786e-08,0.049248091129078894
0.451,0.19422978135985858,0.9809561436176235,8.183412569806592e-08,0.05077425968004899
0.45125,0.19324669507660683,0.9811502833118845,8.180050770079106e-08,0.0496451090890825
0.4515,0.19226339707081191,0.9813434413083899,8.182609767537485e-08,0.05057099970337697
0.45175,0.19127988730083106,0.9815356175701693,8.192233269532778e-08,0.04958107825639925
0.452,0.19029616729343246,0.9817268115611988,8.191234046606155e-08,0.05021244126872509
0.45225,0.18931223782080014,0.9819170231690757,8.188896583050109e-08,0.04971762695899581
0.4525,0.18832810019803475,0.9821062521207984,8.188947764331544e-08,0.05076356507402916
0.45275,0.187343755015025,0.9822944982520474,8.191968214887879e-08,0.04917521679375913
0.453,0.18635920444415888,0.9824817610260919,8.191499190068896e-08,0.05024810907235942
0.45325,0.18537444866978747,0.9826680404292166,8.19503087612361e-08,0.04992716923800526
0.4535,0.18438948897948892,0.9828533361006551,8.196514866831706e-08,0.05003252120834416
0.45375,0.18340432636672488,0.9830376478525552,8.201275480956838e-08,0.049234657797998876
0.454,0.18241896239783273,0.9832209752585328,8.201531764839842e-08,0.051130295639259124
0.45425,0.18143339700282002,0.9834033183024752,8.199814760523338e-08,0.04946841558771182
0.4545,0.18044763288535318,0.9835846765061464,8.203581058907616e-08,0.049866449807421505
0.45475,0.1794616694049795,0.9837650498229012,8.201933532347994e-08,0.04958844460167855
0.455,0.17847550948007296,0.983944437778014,8.205922852333458e-08,0.05074613345773719
0.45525,0.1774891525650197,0.9841228403637365,8.210191526636379e-08,0.04919897114872972
0.4555,0.17650260083314026,0.984300257117983,8.213169166992884e-08,0.04956406979729016
0.45575,0.17551585420002136,0.9844766879632989,8.210937152419717e-08,0.05055535342593532
0.456,0.1745289155188985,0.9846521324727799,8.21676944262606e-08,0.04998704987876754
0.45625,0.17354178417145275,0.9848265905495208,8.215339897255092e-08,0.049609117623077306
0.4565,0.17255446191014545,0.9850000618731213,8.210757296289728e-08,0.04985688463625173
0.45675,0.17156694986378832,0.9851725463879276,8.222101510746427e-08,0.04950295836316543
0.457,0.17057924940602476,0.9853440434356688,8.213103463994287e-08,0.05014599476087112
0.45725,0.16959136091560725,0.9855145532748016,8.220681646520234e-08,0.04948332487513598
0.4575,0.16860328605051472,0.9856840753456972,8.22285635138087e-08,0.050185395723169865
0.45775,0.1676150256920394,0.9858526094705303,8.221879510550423e-08,0.04954490826276853
0.458,0.1666265809362315,0.98602015548658,8.225013559126637e-08,0.049492557618674576
0.45825,0.16563795267442213,0.9861867130455151,8.21768422198943e-08,0.05029146245027379
0.4585,0.1646491424347415,0.9863522821853333,8.233835213644625e-08,0.0497467387310418
0.45875,0.16366015082192914,0.9865168622661322,8.22512322695701e-08,0.04971410482922304
0.459,0.16267097937885922,0.986680453368507,8.22957764157195e-08,0.050182244405829336
0.45925,0.16168162886671256,0.9868430551346781,8.229026593475908e-08,0.04887143103172611
0.4595,0.16069210039930465,0.9870046673350765,8.223597935952398e-08,0.0506686973117472
0.45975,0.15970239511653683,0.9871652899533232,8.23472900979283e-08,0.04893211614592474
0.46,0.15871251456331947,0.9873249224184466,8.235379844734325e-08,0.04967806073467076
0.46025,0.15772245877601915,0.9874835647611494,8.233786674693988e-08,0.049467103792052415
0.4605,0.15673222997078637,0.9876412167012971,8.241941351627702e-08,0.0502559876027038
0.46075,0.15574182804846554,0.9877978779608748,8.235393922362277e-08,0.050082981517287184
0.461,0.15475125559410685,0.9879535483611264,8.241364324312883e-08,0.04869144344969063
0.46125,0.15376051243427413,0.9881082277504952,8.24661341436439e-08,0.05056656646515172
0.4615,0.15276960005302662,0.9882619157032827,8.236493864721695e-08,0.04934285075253178
0.46175,0.15177851944198295,0.9884146123997619,8.248468263971631e-08,0.050055973921952206
0.462,0.15078727220321042,0.9885663171218333,8.240315163554612e-08,0.04930779969488509
0.46225,0.1497958588704813,0.9887170300803361,8.245280924690235e-08,0.04901361643409666
0.4625,0.1488042807907243,0.9888667508914525,8.25001280624349e-08,0.05004455863586349
0.46275,0.14781253884460838,0.9890154793358078,8.250275995713707e-08,0.04979935922630786
0.463,0.14682063434557335,0.989163215168019,8.245558125175023e-08,0.04945008906074297
0.46325,0.14582856825842835,0.9893099583263044,8.24819452738268e-08,0.049422911078485794
0.4635,0.14483634176224255,0.989455708522151,8.251106708989653e-08,0.05010845098249232
0.46375,0.14384395567798128,0.9896004655401205,8.249115279745922e-08,0.048296291659040806
0.464,0.1428514116700157,0.9897442292091627,8.253447458805852e-08,0.04999160716632584
0.46425,0.14185870996024796,0.9898869993148194,8.250203809012646e-08,0.04976091230262203
0.4645,0.1408658528689597,0.9900287756720474,8.258159289731282e-08,0.05000077233427752
0.46475,0.13987283998622396,0.9901695580822898,8.255934114131946e-08,0.049026529621813635
0.465,0.13887967397759127,0.9903093463133761,8.261987072266663e-08,0.04950394781861634
0.46525,0.13788635447368056,0.9904481402084488,8.259620498662912e-08,0.04948981716721708
0.4655,0.13689288365240312,0.9905859396019437,8.26658645980416e-08,0.04957931544051608
0.46575,0.13589926178398024,0.9907227441878554,8.260226946887883e-08,0.050181660299531444
0.466,0.1349054909978804,0.9908585539114982,8.268047890780394e-08,0.04902994368952423
0.46625,0.133911571188626,0.9909933685074601,8.266198125994606e-08,0.04946174951134349
0.4665,0.13291750417523845,0.9911271878016122,8.265785012007143e-08,0.04945901517526286
0.46675,0.131923291000219,0.9912600116443476,8.269673701377656e-08,0.049778283112673086
0.467,0.13092893260738947,0.9913918397481165,8.265642925664451e-08,0.04952130062498737
0.46725,0.12993443028591012,0.9915226720676831,8.269897766588485e-08,0.04907426877153018
0.4675,0.12893978489149788,0.9916525083559652,8.272826823585433e-08,0.04986934855714376
0.46775,0.1279449969472188,0.9917813484544721,8.269299400787133e-08,0.04903611728050662
0.468,0.12695006926696806,0.9919091920762657,8.270613571781382e-08,0.04966068307373071
0.46825,0.12595500116355962,0.9920360392397423,8.27342905296291e-08,0.049206783277662446
0.4685,0.12495979492641365,0.9921618896180903,8.277929208766466e-08,0.04976827045337778
0.46875,0.1239644507914411,0.9922867430680195,8.276427720943502e-08,0.049129887198608425
0.469,0.12296897037870025,0.9924105994208512,8.275942198210373e-08,0.04964783214147462
0.46925,0.12197335467862881,0.9925334585270725,8.277363194864051e-08,0.049116709272980175
0.4695,0.12097760464686269,0.9926553202105071,8.278415508655712e-08,0.04955783175815948
0.46975,0.11998172161894949,0.9927761843049008,8.28228192695235e-08,0.049270605543840905
0.47,0.11898570639943529,0.992896050576789,8.278917573711908e-08,0.04957675592910569
0.47025,0.11798956038488788,0.9930149189416839,8.28002857389265e-08,0.049267123806507135
0.4705,0.1169932846520712,0.9931327892235934,8.2842354087731e-08,0.049566030892927326
0.47075,0.11599687973114772,0.9932496612453486,8.283567765055011e-08,0.049082655233215984
0.471,0.11500034739513154,0.9933655348069346,8.282163066475334e-08,0.04970750686488114
0.47125,0.11400368869952415,0.9934804098262503,8.287281283436698e-08,0.04913140383031756
0.4715,0.11300690420108624,0.9935942860833763,8.286732056106416e-08,0.049468539795253806
0.47175,0.11200999514691028,0.9937071634340188,8.28364439264817e-08,0.04913444855089477
0.472,0.11101296336387634,0.9938190416879289,8.282816787996694e-08,0.04928595867907963
0.47225,0.11001580920310386,0.9939299208253294,8.289322628307616e-08,0.04938227210587014
0.4725,0.10901853386998622,0.9940398005641894,8.291642394908649e-08,0.04953263643782867
0.47275,0.10802113863749543,0.9941486807354424,8.290027730950555e-08,0.04911781823482656
0.473,0.10702362469930193,0.9942565612492649,8.291549180583502e-08,0.049485907502918196
0.47325,0.10602599270169871,0.9943634419807437,8.29380828459847e-08,0.04930272071298351
0.4735,0.10502824419617027,0.9944693227165138,8.295158271387493e-08,0.049384873483430465
0.47375,0.10403037981956566,0.9945742033362917,8.293370767908925e-08,0.048910075420320796
0.474,0.10303240139062808,0.9946780837068321,8.297150411173959e-08,0.04979930876583612
0.47425,0.10203430927547415,0.994780963657199,8.296203102275967e-08,0.04896697896319127
0.4745,0.10103610499450631,0.9948828430773302,8.298104270387796e-08,0.04929437985829369
0.47475,0.1000377892841448,0.9949837218194759,8.298529396988386e-08,0.049405157643227504
0.475,0.09903936375715006,0.9950835997030678,8.298571474441019e-08,0.049303294578781964
0.47525,0.09804082929993856,0.9951824766345526,8.300514720005481e-08,0.049307791704692946
0.4755,0.09704218667322737,0.9952803524446091,8.29782897948661e-08,0.04941874444047162
0.47575,0.09604343705216681,0.9953772270967909,8.301184140080409e-08,0.048776589189906606
0.476,0.09504458252300196,0.9954731002815098,8.302552290118115e-08,0.049465646553943414
0.47625,0.09404562259877128,0.9955679720394097,8.304032328432243e-08,0.04922874648572166
0.4765,0.09304655954471466,0.9956618421189963,8.304744714138224e-08,0.0494808138720358
0.47675,0.09204739411127809,0.9957547104138377,8.303700771428169e-08,0.048723645393639554
0.477,0.09104812727948541,0.9958465768642464,8.306666576807231e-08,0.04963788800497715
0.47725,0.09004876033372189,0.9959374412566694,8.306725751694444e-08,0.04913094990454879
0.4775,0.08904929422213262,0.9960273035054812,8.306492649268193e-08,0.04931781797936762
0.47775,0.08804972996059907,0.9961161634926365,8.305870813352101e-08,0.04888310648883325
0.478,0.08705006899938894,0.9962040210973955,8.30817057373423e-08,0.04953679954438205
0.47825,0.08605031218045166,0.9962908761684085,8.30813806640407e-08,0.049162835863275946
0.4785,0.08505046087982507,0.9963767286301566,8.312579824476529e-08,0.0490991293778731
0.47875,0.0840505155561234,0.9964615783095452,8.310619636908712e-08,0.04891656003048863
0.479,0.0830504783005992,0.9965454251013739,8.311821475537329e-08,0.049527472845560486
0.47925,0.08205034905673048,0.9966282689614184,8.313667887449583e-08,0.04929249138226344
0.4795,0.08105013009969098,0.9967101096637936,8.314759059047105e-08,0.04911789844015175
0.47975,0.08004982105972477,0.9967909471701148,8.310599075578295e-08,0.0487591265435746
0.48,0.07904942477100718,0.9968707813665549,8.314949284660145e-08,0.04968605127960234
0.48025,0.07804894131226107,0.9969496120997258,8.315287569615748e-08,0.0488776213177653
0.4805,0.07704837159578343,0.997027439317257,8.315854072016293e-08,0.04957172834519852
0.48075,0.07604771756591709,0.9971042628483787,8.316869370972313e-08,0.04895532680291272
0.481,0.07504697977174857,0.9971800826203125,8.317375388422477e-08,0.04928174411236192
0.48125,0.07404615927628767,0.9972548985398976,8.318269184570681e-08,0.04913226907069673
0.4815,0.07304525702000987,0.9973287104646745,8.314512145446429e-08,0.049194300599068284
0.48175,0.07204427512538994,0.9974015183573696,8.319996114281025e-08,0.04858597540081711
0.482,0.07104321353469345,0.9974733220372336,8.318266186968515e-08,0.049613853775233314
0.48225,0.07004207349368585,0.9975441214948676,8.319412758694966e-08,0.048918512372165754
0.4825,0.06904085674803744,0.9976139165588273,8.320616928791935e-08,0.049435525128545224
0.48275,0.06803956367691476,0.9976827071735846,8.320927524785304e-08,0.04878495463260309
0.483,0.06703819628728525,0.9977504931866874,8.320786171189809e-08,0.04948588402065298
0.48325,0.06603675474448124,0.997817274581163,8.321487787732451e-08,0.048847165825424387
0.4835,0.06503524044084956,0.9978830512456387,8.323124900400103e-08,0.049331438817721944
0.48375,0.06403365494369488,0.9979478230432415,8.324109290747117e-08,0.0488352345810524
0.484,0.06303199906703583,0.9980115899028474,8.324339462184582e-08,0.04928580420004028
0.48425,0.062030273176118346,0.9980743517912594,8.324691980199361e-08,0.04924076494479913
0.4845,0.061028479559378936,0.9981361085352232,8.323958056166703e-08,0.04928392348622873
0.48475,0.06002661885257196,0.9981968601255246,8.326766054445045e-08,0.048744392371518
0.485,0.05902469187864767,0.9982566064254219,8.326168110528442e-08,0.04925196234858728
0.48525,0.05802270012186466,0.998315347371513,8.326346478959579e-08,0.04912529671939019
0.4855,0.05702064466998966,0.9983730828852112,8.327414757758334e-08,0.04903807787720947
0.48575,0.05601852586898745,0.998429812917523,8.328152367731434e-08,0.049120146377132454
0.486,0.05501634608086903,0.9984855373207089,8.328735390250586e-08,0.0491114212486046
0.48625,0.054014105645233956,0.9985402560545066,8.328502354437717e-08,0.04914864816950694
0.4865,0.05301180557177835,0.998593969060669,8.328715672689668e-08,0.04891993656496738
0.48675,0.05200944740047964,0.9986466762658383,8.33178510628585e-08,0.04909708284988362
0.487,0.05100703198290546,0.9986983775265577,8.329293832431972e-08,0.04927423013484633
0.48725,0.050004560486002735,0.9987490728717029,8.331573875253184e-08,0.04899836907594586
0.4875,0.0490020339806812,0.9987987621750166,8.332829115609286e-08,0.049184266386714866
0.48775,0.04799945296703965,0.9988474453679441,8.33015980639118e-08,0.0488188956008443
0.488,0.0469968201046882,0.9988951223843645,8.331161005514787e-08,0.04914451076185915
0.48825,0.045994135140815615,0.9989417931839277,8.33184328197234e-08,0.04920841786509376
0.4885,0.04499139961674649,0.9989874576993726,8.334006129651073e-08,0.04896934022826034
0.48875,0.043988614620031875,0.9990321158294783,8.333745338262588e-08,0.0490049925595512
0.489,0.04298578150973498,0.9990757675212087,8.333004397620414e-08,0.0492297318341312
0.48925,0.041982900601743166,0.9991184127699764,8.333946288630045e-08,0.04893982036695964
0.4895,0.040979973766768645,0.9991600514649562,8.334668599729866e-08,0.04907966224019729
0.48975,0.03997700161975471,0.9992006835632171,8.334584955527191e-08,0.04892237031727923
0.49,0.03897398629953841,0.9992403089777255,8.33469850913815e-08,0.04919765784276096
0.49025,0.037970927404351214,0.9992789277284071,8.33649873577258e-08,0.04905836357268369
0.4905,0.036967826953329515,0.9993165396904589,8.336427836930227e-08,0.049097199407571325
0.49075,0.035964685662209554,0.9993531448454492,8.336363199745733e-08,0.04893344645948898
0.491,0.03496150526076036,0.9993887431192936,8.336182633073008e-08,0.04911652650135718
0.49125,0.03395828609044825,0.9994233344961218,8.336477042014678e-08,0.04904170224102803
0.4915,0.03295503004322605,0.9994569189050915,8.337620083231911e-08,0.04912094401043966
0.49175,0.031951737161272316,0.9994894963266672,8.338747536917879e-08,0.04888008947673802
0.492,0.030948409611696093,0.9995210666614418,8.33787563436772e-08,0.04905630234945536
0.49225,0.029945047909474283,0.9995516299208199,8.338583068479011e-08,0.0490989304339843
0.4925,0.028941653393025096,0.9995811860422862,8.339540924495736e-08,0.04906690544450853
0.49275,0.027938226764174734,0.9996097349809867,8.339173906968256e-08,0.04897410344776279
0.493,0.026934769926299396,0.9996372766935246,8.339311108329639e-08,0.049132971134672465
0.49325,0.025931283230200355,0.9996638111632035,8.339964940873301e-08,0.04891855442306705
0.4935,0.024927767869107907,0.9996893383323281,8.339312862482018e-08,0.0490064041147229
0.49375,0.023924225435291532,0.9997138581894989,8.340940249595974e-08,0.04906843963368688
0.494,0.022920656594088484,0.9997373706646238,8.340105628334982e-08,0.04910479247477857
0.49425,0.021917062628767265,0.9997598757614673,8.340842549969807e-08,0.04902353874463469
0.4945,0.02091344462295726,0.999781373430319,8.341210278040023e-08,0.04898936791677335
0.49475,0.019909803465809096,0.999801863644137,8.341016477508845e-08,0.04902918301082391
0.495,0.018906140998232956,0.9998213463703984,8.341267720979317e-08,0.04897868280268367
0.49525,0.01790245719308145,0.9998398215995741,8.34149056494482e-08,0.049104344173104636
0.4955,0.016898754148413606,0.9998572892879176,8.341697199654163e-08,0.04903108824218121
0.49575,0.01589503210800169,0.9998737494239254,8.341638313424937e-08,0.04899425381302543
0.496,0.014891293721397858,0.9998892019721629,8.342460944277263e-08,0.04897470160999855
0.49625,0.013887537830674142,0.9999036469279363,8.342338930766857e-08,0.04905098759783218
0.4965,0.01288376700707373,0.9999170842597455,8.342339818945277e-08,0.04902573939822174
0.49675,0.01187998231327221,0.9999295139507677,8.342478752254578e-08,0.048986680233801545
0.497,0.010876184826173585,0.9999409359871337,8.342959567642083e-08,0.04904152670500532
0.49725,0.009872375000556167,0.9999513503535851,8.343105140085072e-08,0.049005926236488584
0.4975,0.008868554535861314,0.9999607570314116,8.343119128895182e-08,0.04902988872348177
0.49775,0.007864724215620619,0.9999691560115689,8.34307352093333e-08,0.04899632131778471
0.498,0.006860885754207402,0.9999765472829439,8.34346214340087e-08,0.04904420710322409
0.49825,0.005857039516524791,0.999982930831065,8.343268875776744e-08,0.04898749809183632
0.4985,0.00485318692213288,0.9999883066556525,8.343566682000869e-08,0.04901320305810385
0.49875,0.003849329215653607,0.9999926747432168,8.343774826613526e-08,0.04902569582816941
0.499,0.002845467148731018,0.9999960350880691,8.343757307294197e-08,0.049014222145425716
0.49925,0.0018416021769890555,0.9999983876882647,8.34388500514649e-08,0.049023033224971035
0.4995,0.0008377352368535555,0.9999997325393278,8.343952351275163e-08,0.04901385874206579
0.49975,-0.00016613269306017296,1.0000000696400069,8.344004176485953e-08,0.04901958723513325
0.5,-0.001170000089238954,0.999999398989588,8.343986945824611e-08,0.04901170812553033
0.50025,-0.0021738663072388567,0.9999977205907706,8.34407258842873e-08,0.04900902910718142
0.5005,-0.0031777299456906133,0.9999950344455465,8.344167512497336e-08,0.0490246416980746
0.50075,-0.004181590030349883,0.9999913405557191,8.344079960309614e-08,0.049024324945668225
0.501,-0.005185445134728184,0.999986638932002,8.344188029418831e-08,0.04900413372524421
0.50125,-0.0061892948239531875,0.9999809295747674,8.344181323671762e-08,0.0490249810189292
0.5015,-0.007193137563188551,0.9999742124960563,8.344255197911821e-08,0.04903719448173892
0.50175,-0.008196972213864622,0.999966487701582,8.343985302694534e-08,0.04898693961112981
0.502,-0.00920079753708336,0.9999577552144284,8.344439517138369e-08,0.04899005701125042
0.50225,-0.010204612899914384,0.9999480150278987,8.344133228810335e-08,0.04905858935884669
0.5025,-0.011208416886702335,0.9999372671677309,8.343998447735146e-08,0.04900185656669103
0.50275,-0.012212208471480274,0.99992551164755,8.343967916601969e-08,0.04903924495952295
0.503,-0.013215986349528919,0.9999127484870457,8.344105095758891e-08,0.048988719322523994
0.50325,-0.01421974966148776,0.9998989776972254,8.344019231110167e-08,0.04901026899310366
0.5035,-0.015223497159492816,0.9998841993029884,8.344076807276224e-08,0.04902446907527597
0.50375,-0.016227228141545032,0.9998684133178749,8.344197777176987e-08,0.04905173920461725
0.504,-0.01723094049705054,0.9998516197717308,8.343527979626231e-08,0.04897785918004686
0.50425,-0.018234634235616366,0.9998338186880393,8.34390034842869e-08,0.049051599880810946
0.5045,-0.019238307680041637,0.9998150100950034,8.344682833616446e-08,0.04894222341819785
0.50475,-0.020241959865695717,0.9997951939869012,8.34292515072832e-08,0.04918630235301545
0.505,-0.021245589699177003,0.99977437044662,8.344179702746146e-08,0.048951327563572476
0.50525,-0.022249195886932954,0.9997525394569933,8.343415758282902e-08,0.04901351197138868
0.5055,-0.02325277775772487,0.9997297010636903,8.343116930653593e-08,0.04898847647213245
0.50575,-0.024256333587482342,0.9997058553141829,8.343428103962935e-08,0.049158388516890764
0.506,-0.02525986270828895,0.9996810022243747,8.343618240758133e-08,0.04891087122479836
0.50625,-0.026263363946414035,0.9996551418227386,8.342920732040682e-08,0.04911724337078819
0.5065,-0.02726683605007044,0.9996282741623741,8.342651058868e-08,0.04896555565940619
0.50675,-0.028270278534213263,0.999600399269108,8.343367774443777e-08,0.049166088461469415
0.507,-0.029273689036429573,0.9995715171938908,8.342754553858356e-08,0.04893516899666367
0.50725,-0.030277067704316936,0.9995416279567868,8.34236342228678e-08,0.04908208858418753
0.5075,-0.03128041282171237,0.9995107316183167,8.342323631893578e-08,0.049019532587707366
0.50775,-0.03228372331584099,0.9994788282159414,8.342151902596129e-08,0.04912669209320706
0.508,-0.03328699806900204,0.9994459178009656,8.342472668232404e-08,0.04885687047392795
0.50825,-0.03429023615851696,0.999412000398561,8.341822654855946e-08,0.0492069119144384
0.5085,-0.03529343636501946,0.9993770760694676,8.341180146587135e-08,0.049011289566602174
0.50875,-0.03629659782032238,0.9993411448463428,8.339806112367398e-08,0.04888013832845535
0.509,-0.03729971878838256,0.9993042068369751,8.341188073579531e-08,0.049117545022423846
0.50925,-0.03830279869278369,0.9992662620177876,8.339734725026915e-08,0.049098195487131256
0.5095,-0.03930583654946484,0.9992273104904407,8.340840285114837e-08,0.04895834023299085
0.50975,-0.0403088306783088,0.9991873522929835,8.340645418769554e-08,0.04933924575266144
0.51,-0.04131178054615248,0.9991463874675683,8.340068924361788e-08,0.048947068687768554
0.51025,-0.042314684787973594,0.9991044160978588,8.34074709299415e-08,0.049003323519688786
0.5105,-0.04331754225442007,0.9990614382052037,8.338780332906026e-08,0.049003197581970234
0.51075,-0.04432035219173918,0.9990174538829363,8.339056867257e-08,0.049154903570639084
0.511,-0.04532311289120372,0.9989724632158326,8.341282486945545e-08,0.048978992671285755
0.51125,-0.046325823406849084,0.9989264661797771,8.337436652183783e-08,0.04927738066315313
0.5115,-0.047328482949638595,0.9988794629026677,8.335351453503392e-08,0.04877655976267185
0.51175,-0.048331090639500564,0.9988314534853147,8.339699153481206e-08,0.04921542623114627
0.512,-0.04933364405027163,0.9987824379120203,8.335837531348034e-08,0.04910653328740819
0.51225,-0.05033614413937681,0.9987324162885417,8.337618107034928e-08,0.04892690068363944
0.5125,-0.0513385878922698,0.9986813886806544,8.335194290332026e-08,0.04907998431643622
0.51275,-0.05234097586768336,0.9986293551760869,8.338709078792306e-08,0.04923539672039052
0.513,-0.053343305063556556,0.9985763158444398,8.338027557286409e-08,0.04903260489033184
0.51325,-0.05434557590462393,0.9985222707123945,8.336451728929717e-08,0.049195231892898074
0.5135,-0.05534778671400947,0.9984672198959047,8.335039480833473e-08,0.04902082073431482
0.51375,-0.05634993665715054,0.998411163473948,8.33553301937684e-08,0.049117800107191835
0.514,-0.05735202394213701,0.9983541015358006,8.335180412544219e-08,0.04892463854947872
0.51425,-0.058354048297167,0.9982960340974688,8.332369794139538e-08,0.04926208725112215
0.5145,-0.05935600843575815,0.9982369613209342,8.334233547735437e-08,0.04910569632048889
0.51475,-0.06035790297887129,0.9981768832351477,8.333851675423887e-08,0.04925677322685916
0.515,-0.061359730775826904,0.9981157999608277,8.334615886340657e-08,0.048743290837144446
0.51525,-0.062361491018438596,0.9980537115329012,8.333331780185915e-08,0.049363837250178476
0.5155,-0.06336318242047809,0.9979906180727203,8.33238069652964e-08,0.04910011334350055
0.51575,-0.06436480403875029,0.9979265196696454,8.332945555800109e-08,0.04910486206913183
0.516,-0.06536635439069727,0.9978614163982833,8.331135559203062e-08,0.04898337804719103
0.51625,-0.0663678328062264,0.9977953083701167,8.331840217756792e-08,0.04914377901667022
0.5165,-0.06736923793553724,0.9977281956631922,8.332066858685039e-08,0.049265845466257854
0.51675,-0.0683705692674029,0.9976600783256373,8.33133293465238e-08,0.04943536227913735
0.517,-0.06937182431684619,0.9975909565435135,8.32932212091464e-08,0.04873085890701025
0.51725,-0.07037300353702136,0.9975208303446489,8.329914624738421e-08,0.04939045218128817
0.5175,-0.0713741048999818,0.9974496998399442,8.328053069384111e-08,0.04882067651971256
0.51775,-0.07237512768554506,0.9973775651470116,8.32830366892523e-08,0.0490698441180588
0.518,-0.07337607037081995,0.9973044264066644,8.331669110184237e-08,0.04940354233207704
0.51825,-0.0743769323190745,0.9972302835723633,8.326750267073635e-08,0.0492592379994614
0.5185,-0.0753777121544896,0.9971551368749698,8.32428888042358e-08,0.04941569940702576
0.51875,-0.07637840912268297,0.9970789864286199,8.327881451108965e-08,0.04895631953681162
0.519,-0.0773790215570358,0.997001832277161,8.327056666423971e-08,0.04877697607722231
0.51925,-0.07837954900707099,0.996923674516885,8.325739653258779e-08,0.04916434082218819
0.5195,-0.0793799896456465,0.9968445133371098,8.32632176539505e-08,0.0493039252427366
0.51975,-0.08038034321750882,0.9967643487283464,8.32358011404466e-08,0.04966391572664925
0.52,-0.08138060745231002,0.9966831809406749,8.32196609401592e-08,0.049006384725885394
0.52025,-0.0823807826854666,0.9966010099949664,8.323942513044358e-08,0.04906296674256831
0.5205,-0.08338086661650893,0.9965178360114376,8.320331579270146e-08,0.04897403247176638
0.52075,-0.08438085904219779,0.9964336591643728,8.324419686900342e-08,0.04943945901756733
0.521,-0.08538075790316668,0.9963484795258717,8.323681432997887e-08,0.04931853884029408
0.52125,-0.08638056285316632,0.9962622971503732,8.318108069005348e-08,0.04912184892877446
0.5215,-0.08738027259881172,0.9961751122846977,8.318743294211117e-08,0.048944747396015
0.52175,-0.08837988624075545,0.9960869249704537,8.31945081714025e-08,0.04966568134433915
0.522,-0.08937940207896844,0.9959977353944689,8.321344879824721e-08,0.048971999361349626
0.52225,-0.0903788195545255,0.9959075435515925,8.316351474135786e-08,0.04920290681721649
0.5225,-0.09137813732093537,0.9958163497250788,8.31800086587009e-08,0.04911559369606513
0.52275,-0.09237735463721763,0.9957241539134791,8.316823851828303e-08,0.049597522427903995
0.523,-0.09337646954055145,0.9956309563483776,8.315151789339836e-08,0.04877805953638537
0.52325,-0.09437548202886537,0.9955367570970215,8.316971378263815e-08,0.04959354278047294
0.5235,-0.09537439009298827,0.9954415562731502,8.312055688186604e-08,0.048814329492405356
0.52375,-0.09637319350476808,0.9953453540590464,8.31366144815604e-08,0.04982652138479318
0.524,-0.09737189027901394,0.9952481506063187,8.315089949917365e-08,0.0491518183235066
0.52425,-0.09837047968574272,0.9951499459551404,8.310405741340787e-08,0.0489929158821924
0.5245,-0.09936896071792824,0.9950507403474618,8.311009302985894e-08,0.04946970463872713
0.52475,-0.10036733271848988,0.9949505338232142,8.311605803612565e-08,0.0495601763234653
0.525,-0.10136559322790362,0.9948493266040481,8.306748289221844e-08,0.04903696526814115
0.52525,-0.10236374260517737,0.9947471187986751,8.30791986317081e-08,0.04935665359614865
0.5255,-0.103361779295798,0.994643910537011,8.309377186321854e-08,0.048923378760407456
0.52575,-0.1043597013109215,0.9945397019981465,8.305412979581206e-08,0.04943298648810247
0.526,-0.1053575090971961,0.9944344933236797,8.311754129408655e-08,0.049587773922032084
0.52625,-0.10635520006779174,0.9943282845709431,8.303962384381691e-08,0.04916598034855601
0.5265,-0.10735277406739917,0.9942210759696402,8.30010939978365e-08,0.0492069264060882
0.52675,-0.10835023039803972,0.9941128677143455,8.309127053074405e-08,0.04958015939017682
0.527,-0.10934756627049325,0.9940036598474586,8.301970755297816e-08,0.049041430890525387
0.52725,-0.11034478234397802,0.9938934526091701,8.306495469234676e-08,0.049551123272580364
0.5275,-0.11134187630616628,0.9937822460534235,8.299517895160591e-08,0.04945361041359621
0.52775,-0.11233884843244511,0.9936700403907234,8.301861131876365e-08,0.049145771461484765
0.528,-0.11333569572718716,0.9935568358803746,8.302528997639058e-08,0.04914709564735951
0.52825,-0.11433241866877594,0.9934426324890754,8.30027346854223e-08,0.049356456255071526
0.5285,-0.11532901529542842,0.9933274304892846,8.296572540089642e-08,0.049350076806289056
0.52875,-0.1163254853051606,0.993211230006609,8.297135778434495e-08,0.04995477574927217
0.529,-0.11732182669772584,0.993094031254171,8.296617215464153e-08,0.04898238000513354
0.52925,-0.11831803903008206,0.9929758343432651,8.297481013386232e-08,0.049411615743325685
0.5295,-0.11931412089900476,0.9928566394352881,8.295831466220704e-08,0.04925378184972373
0.52975,-0.12031007146276997,0.9927364466954678,8.294645659212563e-08,0.04964403879136869
0.53,-0.12130588907862005,0.9926152563759532,8.295772335742413e-08,0.04928168917936844
0.53025,-0.12230157319874399,0.9924930685209523,8.293450837193461e-08,0.049936343555323524
0.5305,-0.12329712290920967,0.9923698833166803,8.291582176411794e-08,0.04887777679400679
0.53075,-0.12429253615495357,0.9922457010295557,8.287772912396463e-08,0.04968044118731951
0.531,-0.12528781254286514,0.9921205217925211,8.286681674185559e-08,0.04920050767119067
0.53125,-0.12628295142698137,0.9919943457394372,8.29000583735251e-08,0.049691424181151744
0.5315,-0.12727795059178085,0.991867173049298,8.283982144696722e-08,0.04897662152784337
0.53175,-0.12827281023527284,0.9917390039353913,8.288620478857922e-08,0.04962370671621546
0.532,-0.12926752732003166,0.9916098386217804,8.283547092702293e-08,0.0496305805592106
0.53225,-0.13026210308918143,0.991479677145333,8.284671171310265e-08,0.049402254749728335
0.5325,-0.1312565346108901,0.9913485197887719,8.278272112249851e-08,0.049592728562471614
0.53275,-0.13225082229218443,0.9912163666763321,8.27819903737037e-08,0.04928228718574419
0.533,-0.13324496393241958,0.9910832181421911,8.284821362281036e-08,0.049097319035170416
0.53325,-0.13423895824980578,0.9909490741829191,8.276798535433727e-08,0.04992667112338453
0.5335,-0.13523280514480226,0.9908139351026903,8.279050178749969e-08,0.04934817035719706
0.53375,-0.13622650318892615,0.9906778009946887,8.277737384432271e-08,0.04955979806190674
0.534,-0.13722005081099553,0.9905406721572803,8.277118102029135e-08,0.049642821833113165
0.53425,-0.13821344760983784,0.9904025486891685,8.277509566667618e-08,0.0494308756848986
0.5345,-0.1392066918895572,0.9902634308409723,8.276388019368142e-08,0.04975936571108226
0.53475,-0.14019978305435676,0.9901233187567758,8.2757206865125e-08,0.049678216739057236
0.535,-0.14119271938356803,0.9899822127017561,8.273639262590393e-08,0.04919249721142785
0.53525,-0.14218550059008292,0.9898401127924471,8.273550511361805e-08,0.04954499388872946
0.5355,-0.14317812502824093,0.9896970192898703,8.27389248225785e-08,0.04948642428347732
0.53575,-0.144170591600886,0.9895529323345839,8.268725815163691e-08,0.04974119115303499
0.536,-0.14516289945328253,0.9894078522141383,8.270033546864397e-08,0.049472147565363986
0.53625,-0.1461550473466102,0.989261779063978,8.269085505219209e-08,0.05016572875097144
0.5365,-0.1471470342472675,0.9891147130570386,8.263683382025988e-08,0.04896633502713427
0.53675,-0.148138859500592,0.9889666544621242,8.26660679908997e-08,0.04967681894711015
0.537,-0.14913052108008173,0.988817603570868,8.272462204139686e-08,0.04913865871061665
0.53725,-0.15012201827115884,0.9886675603660267,8.264495510168501e-08,0.050310903571670104
0.5375,-0.15111335030394066,0.988516525232943,8.264934314716754e-08,0.049133806200141815
0.53775,-0.152104516415353,0.9883644981919152,8.260004902282958e-08,0.0498669791403293
0.538,-0.153095514059018,0.9882114798142929,8.263087147852843e-08,0.049878320720100684
0.53825,-0.15408634369381655,0.9880574698861518,8.255537298218485e-08,0.04991298728103762
0.5385,-0.1550770033281474,0.9879024689329878,8.25425621187037e-08,0.049497135709720794
0.53875,-0.15606749284535504,0.9877464770016349,8.257608463679844e-08,0.049443362948569915
0.539,-0.15705780941267022,0.9875894944569037,8.252957117704796e-08,0.049277762519736215
0.53925,-0.15804795395028504,0.9874315213009914,8.250332750314726e-08,0.05033920762971268
0.5395,-0.15903792379295698,0.9872725580172966,8.250919192320794e-08,0.04994874844754672
0.53975,-0.16002771888081702,0.9871126045708527,8.245642169057987e-08,0.04947919257533943
0.54,-0.1610173373889694,0.9869516613913127,8.243144944408698e-08,0.04881508443766954
0.54025,-0.16200677905521954,0.9867897286857956,8.254981298527753e-08,0.05083838740101152
0.5405,-0.16299604222179268,0.9866268065092919,8.255134265056085e-08,0.04915114449665013
0.54075,-0.16398512540815777,0.9864628950881327,8.237039139658009e-08,0.05026901337786431
0.541,-0.16497402827241814,0.9862979949376438,8.241121918217686e-08,0.04920393476963259
0.54125,-0.1659627497435338,0.9861321060783125,8.247043803422116e-08,0.05032092394185
0.5415,-0.1669512880512453,0.9859652287033305,8.239698701117959e-08,0.04902295391127193
0.54175,-0.16793964285483248,0.9857973631842714,8.245163196640704e-08,0.05041940314177296
0.542,-0.16892781242095367,0.9856285096432469,8.24154451350978e-08,0.049847542172806375
0.54225,-0.169915796437651,0.9854586683113846,8.241454096946654e-08,0.04976307715275689
0.5425,-0.17090359302812716,0.9852878395010252,8.238925741643754e-08,0.04940307526633503
0.54275,-0.17189120140232683,0.9851160233965476,8.23360779556026e-08,0.050423340375813065
0.543,-0.17287862032245727,0.984943220307736,8.22973813541239e-08,0.04952300437504948
0.54325,-0.17386584932923624,0.9847694304144444,8.23208796685293e-08,0.04998867575080531
0.5435,-0.17485288689450224,0.9845946539709944,8.234179849075929e-08,0.04931318091280153
0.54375,-0.17583973189668603,0.9844188911396392,8.227304415520109e-08,0.050470982396664164
0.544,-0.17682638279693919,0.9842421423957362,8.226039582837075e-08,0.04954095703840708
0.54425,-0.17781283973703577,0.984064407759884,8.229757653133163e-08,0.050354143524857176
0.5445,-0.1787991005688767,0.9838856875952326,8.230948811416283e-08,0.049499349302776934
0.54475,-0.17978516445755102,0.9837059820056847,8.219639524575939e-08,0.04990618452592131
0.545,-0.18077103051917476,0.983525291461337,8.220953273685438e-08,0.049536385554269126
0.54525,-0.18175669755959345,0.9833436161010078,8.22171843939401e-08,0.04991196253211511
0.5455,-0.1827421646746119,0.9831609561834698,8.225677539108744e-08,0.049804689949534346
0.54575,-0.18372743033366362,0.9829773119200584,8.220329417163441e-08,0.05086962800293524
0.546,-0.184712493972917,0.9827926836613301,8.224396363942788e-08,0.049799245941219934
0.54625,-0.18569735412674465,0.9826070714843698,8.21303780540461e-08,0.04981102037403259
0.5465,-0.1866820098412905,0.9824204759077315,8.214057523048268e-08,0.05001506354822952
0.54675,-0.18766646027512063,0.9822328970594347,8.218897851186568e-08,0.05053660492347977
0.547,-0.18865070371942494,0.982044335173148,8.212974900168035e-08,0.04961410612788371
0.54725,-0.1896347400036498,0.981854790457576,8.208036783585726e-08,0.04970385361892303
0.5475,-0.19061856722632226,0.9816642633587208,8.206351465034345e-08,0.04953347680369294
0.54775,-0.1916021848158671,0.9814727540726734,8.210660262797376e-08,0.05168828150880958
0.548,-0.1925855911599541,0.9812802627949093,8.203663415251583e-08,0.04870630879401824
0.54825,-0.19356878590036386,0.9810867897968271,8.199438883416121e-08,0.05028239391825645
0.5485,-0.19455176782122305,0.9808923355585812,8.21599623890279e-08,0.05037178963330707
0.54875,-0.19553453507521915,0.9806968999114454,8.195149736600627e-08,0.050117557462821184
0.549,-0.19651708700556725,0.9805004836627695,8.197403600362918e-08,0.04968077793447893
0.54925,-0.19749942331343723,0.9803030866865237,8.198812961879298e-08,0.050986789793454584
0.5495,-0.19848154172430368,0.9801047094698974,8.196516088077033e-08,0.048968835340007254
0.54975,-0.199463442245788,0.9799053521572608,8.198948875381973e-08,0.05077565581759596
0.55,-0.2004451225268653,0.9797050151835336,8.196028544737999e-08,0.04983261397471416
0.55025,-0.20142658265359165,0.9795036986484799,8.193277478696359e-08,0.05078743448802656
0.5505,-0.202407820996467,0.979301402940443,8.190082545489474e-08,0.049424949680095955
0.55075,-0.20338883666521435,0.9790981283273753,8.188709599288302e-08,0.05079529746931635
0.551,-0.2043696282415155,0.9788938751432781,8.187029609807439e-08,0.0501691995395981
0.55125,-0.20535019536084861,0.9786886435275078,8.185222255541191e-08,0.050248222159872416
0.5515,-0.2063305362395106,0.978482433887604,8.180574329053059e-08,0.050413392872844166
0.55175,-0.20731065047850572,0.9782752464927986,8.185118005599179e-08,0.04949946491241998
0.552,-0.20829053583470625,0.9780670816144728,8.172807697270912e-08,0.05036719700714342
0.55225,-0.20927019245060763,0.9778579396980136,8.183937572070477e-08,0.050399364462763545
0.5525,-0.21024961883139218,0.9776478207468959,8.181494681736012e-08,0.04991265475002533
0.55275,-0.2112288137038509,0.9774367251590685,8.171420695646248e-08,0.05074726409631263
0.553,-0.2122077760946226,0.977224653451664,8.177437171852375e-08,0.05000638769764548
0.55325,-0.2131865052747688,0.9770116055845128,8.173904486596939e-08,0.051343009488175835
0.5535,-0.21416499978063028,0.9767975820495906,8.17144785170143e-08,0.04976037143540172
0.55375,-0.21514325894469208,0.9765825830303791,8.16738117137561e-08,0.05078086073871862
0.554,-0.21612128071678427,0.9763666090438008,8.161717324206563e-08,0.049719514345316414
0.55425,-0.21709906548763228,0.9761496601803227,8.165287801453758e-08,0.050259330305915825
0.5545,-0.2180766109720143,0.9759317368620352,8.163379061620901e-08,0.04976282798375058
0.55475,-0.21905391658446613,0.9757128393452114,8.16170409034811e-08,0.051377294929489566
0.555,-0.22003098111873953,0.975492968026801,8.166090292860417e-08,0.05034505960173714
0.55525,-0.22100780387949975,0.9752721229465188,8.158612119224529e-08,0.050820079913605674
0.5555,-0.2219843834602412,0.9750503047295339,8.162668674316365e-08,0.04968231845769228
0.55575,-0.22296071846357138,0.9748275133940183,8.142387519782801e-08,0.050901102116724876
0.556,-0.22393680861456033,0.9746037496730029,8.156457242947113e-08,0.05013855398646543
0.55625,-0.22491265217355064,0.9743790135256998,8.155352482219769e-08,0.05120989989804171
0.5565,-0.22588824858986384,0.9741533052633787,8.150327768241539e-08,0.0499842379294043
0.55675,-0.2268635966868102,0.9739266253091184,8.149383856626002e-08,0.05041245457167222
0.557,-0.2278386943141939,0.9736989740308175,8.132772832958324e-08,0.05048113393788938
0.55725,-0.22881354242048432,0.9734703517030282,8.141991081345168e-08,0.050468812317484894
0.5575,-0.2297881386513139,0.9732407586665377,8.149732333428972e-08,0.05076488433704837
0.55775,-0.23076248165377616,0.9730101951082212,8.136177065409811e-08,0.05079056985648515
0.558,-0.23173657103309608,0.9727786616274656,8.143594687481936e-08,0.049983170283877554
0.55825,-0.23271040554616823,0.9725461581969794,8.133657991571397e-08,0.05152856902772033
0.5585,-0.23368398436726562,0.9723126853743698,8.134483597821429e-08,0.04962511668170392
0.55875,-0.2346573059642134,0.9720782434268145,8.129306849902207e-08,0.051350459269642476
0.559,-0.23563036932523573,0.9718428328199966,8.1325968182e-08,0.05060771044327362
0.55925,-0.2366031740514327,0.9716064535561922,8.128162365395042e-08,0.05031391268652634
0.5595,-0.23757571841955447,0.971369106261465,8.129087913921751e-08,0.05043936094083246
0.55975,-0.23854800140069227,0.9711307911444083,8.124051120717013e-08,0.051540276729301636
0.56,-0.23952002204471512,0.9708915086453054,8.125992567720175e-08,0.05033340227995767
0.56025,-0.24049177938623162,0.9706512589871897,8.126288286725014e-08,0.05081576300371688
0.5605,-0.241463272233815,0.9704100424895141,8.12011777817645e-08,0.04987967249327227
0.56075,-0.24243449948756154,0.970167859596688,8.116809846470119e-08,0.05118904730964872
0.561,-0.24340546011200814,0.9699247106538316,8.117462524381835e-08,0.05117951890925102
0.56125,-0.2443761533596739,0.9696805958446312,8.114423155625161e-08,0.05083034466976663
0.5615,-0.2453465777232715,0.9694355156651611,8.111674576483097e-08,0.05032917212044686
0.56175,-0.24631673250471625,0.9691894703828132,8.110635563163271e-08,0.05074925932153876
0.562,-0.24728661621728776,0.9689424605025323,8.11624454311044e-08,0.051574816915347384
0.56225,-0.24825622812950132,0.9686944860238763,8.102907123053171e-08,0.05093305816441885
0.5625,-0.2492255672507109,0.9684455476409037,8.105846105443959e-08,0.050160433164533634
0.56275,-0.2501946321294139,0.9681956455474239,8.100167958602356e-08,0.05171967414353765
0.563,-0.2511634220460266,0.9679447801462278,8.099309645182018e-08,0.05027742712132404
0.56325,-0.25213193604493406,0.9676929517029684,8.097468184864454e-08,0.051031187516529124
0.5635,-0.25310017261744483,0.9674401607454143,8.100104342823045e-08,0.05081095313022489
0.56375,-0.254068131294782,0.967186407346807,8.094801984270816e-08,0.050697977385681645
0.564,-0.25503581016221943,0.9669316921993438,8.092228975797866e-08,0.051690917008918764
0.56425,-0.2560032090476335,0.9666760154452764,8.093991810120826e-08,0.05058735307471566
0.5645,-0.2569703264991956,0.9664193774603744,8.091599723591969e-08,0.050050886717817065
0.56475,-0.25793716124978605,0.9661617787068231,8.08937619112271e-08,0.052946453459110566
0.565,-0.25890371281398217,0.9659032194667656,8.094256065405148e-08,0.05121269742715686
0.56525,-0.2598699795020862,0.96564369999073,8.078909763398201e-08,0.04970453433145214
0.5655,-0.2608359606953394,0.9653832209341139,8.082648905727297e-08,0.0505497762032437
0.56575,-0.26180165547459,0.9651217823959034,8.083213742793305e-08,0.05252089660836361
0.566,-0.26276706190702015,0.9648593849602278,8.078453506144001e-08,0.05082607730559521
0.56625,-0.2637321801298135,0.9645960287883929,8.079517788139867e-08,0.050891290820549114
0.5665,-0.26469700811863994,0.9643317143487407,8.070286705574858e-08,0.050624955345984185
0.56675,-0.26566154560858546,0.9640664420438568,8.074511859135214e-08,0.053117146700364166
0.567,-0.2666257906602425,0.9638002122792813,8.071739032722292e-08,0.04937400388035087
0.56725,-0.26758974292012255,0.9635330252485313,8.063031886607064e-08,0.051817875694381316
0.5675,-0.2685534011030277,0.9632648815398711,8.062600942437825e-08,0.051722131770177204
0.56775,-0.2695167642851479,0.9629957813861395,8.059911538182973e-08,0.05027094291491385
0.568,-0.2704798310274086,0.9627257252243027,8.050063415865338e-08,0.05197325505618778
0.56825,-0.27144260088621236,0.9624547134572967,8.051601607661496e-08,0.05030222554814632
0.5685,-0.2724050723860343,0.9621827464626737,8.052604383301798e-08,0.051390902734490464
0.56875,-0.27336724484813696,0.9619098245925076,8.060172174140234e-08,0.05159681824700402
0.569,-0.27432911634546997,0.9616359482232681,8.049507194130001e-08,0.05232334615192567
0.56925,-0.2752906866931512,0.961361117748452,8.044926658179463e-08,0.05037695245308497
0.5695,-0.2762519549949857,0.9610853335931536,8.0543204328265e-08,0.05169353946208001
0.56975,-0.27721291907211265,0.9608085960905017,8.041093790822629e-08,0.05202525640788631
0.57,-0.27817357889250616,0.9605309056899625,8.038971910373505e-08,0.051678064142417636
0.57025,-0.27913393338646414,0.9602522627136255,8.040721510838011e-08,0.051005502357625854
0.5705,-0.28009398088143167,0.9599726676045278,8.03368773727442e-08,0.05063713883745587
0.57075,-0.2810537208652285,0.959692120806434,8.037506704638986e-08,0.05208080080246314
0.571,-0.2820131519533149,0.9594106226117738,8.032747422781483e-08,0.05109250527336276
0.57125,-0.2829722732012592,0.9591281735103485,8.031098941430059e-08,0.052552346707024834
0.5715,-0.28393108385573207,0.958844773771742,8.028443376772998e-08,0.05016545181741832
0.57175,-0.2848895826959384,0.9585604238612092,8.026082021217462e-08,0.0531313973871596
0.572,-0.2858477681633431,0.9582751243504948,8.025645703568784e-08,0.050992569275918845
0.57225,-0.2868056400253018,0.9579888753512138,8.022350006520185e-08,0.05142298047849904
0.5725,-0.2877631966633676,0.9577016774217675,8.014519048415991e-08,0.05098564844191958
0.57275,-0.28872043751744364,0.9574135309544148,8.014742913786677e-08,0.05302188513687118
0.573,-0.28967736080578277,0.9571244364491491,8.010574936712089e-08,0.050357025039016234
0.57325,-0.2906339665483557,0.9568343941379811,8.015851094000936e-08,0.05294737811016438
0.5735,-0.29159025289640383,0.9565434045130553,8.015080443790623e-08,0.05135697387285148
0.57375,-0.2925462188251269,0.9562514679550257,8.005750706807646e-08,0.05262066442477314
0.574,-0.29350186370947284,0.9559585850098227,8.012745511543073e-08,0.050181226618611324
0.57425,-0.2944571858843342,0.9556647558534633,7.994968731495078e-08,0.05249818925217168
0.5745,-0.2954121848861953,0.955369981118087,7.99004016283078e-08,0.051541581007712216
0.57475,-0.29636686006784224,0.9550742611395594,8.001887041864109e-08,0.05167483620279139
0.575,-0.29732120895551617,0.9547775964264122,7.996628026418762e-08,0.05206687642345918
0.57525,-0.29827523210809237,0.954479987128904,7.995936135429815e-08,0.05218130233964107
0.5755,-0.29922892744388985,0.9541814338898547,7.989965666865828e-08,0.05150837583046471
0.57575,-0.30018229445149486,0.9538819372463433,8.005349716455612e-08,0.05305284818580218
0.576,-0.3011353312083287,0.9535814973632686,7.990775841015818e-08,0.051225479094730846
0.57625,-0.30208803815983787,0.9532801146669021,7.990929762335952e-08,0.051723269548991216
0.5765,-0.30304041270353,0.9529777897054548,7.970170678994748e-08,0.052353277677423114
0.57675,-0.3039924554381356,0.9526745229898681,7.985863659243364e-08,0.053120001674180635
0.577,-0.3049441635664252,0.9523703148396354,7.974048332748396e-08,0.05038274323388726
0.57725,-0.3058955373214882,0.9520651656492247,7.969794069140335e-08,0.052553655757447186
0.5775,-0.3068465756696289,0.9517590758938512,7.97732442325838e-08,0.051021369666744636
0.57775,-0.3077972764615124,0.9514520459902444,7.960807013596138e-08,0.05458335625597092
0.578,-0.30874763975550934,0.9511440764496708,7.960994441447156e-08,0.05070464356428915
0.57825,-0.3096976644626718,0.9508351676260431,7.968403648028755e-08,0.05233658313449441
0.5785,-0.31064734870008404,0.9505253199465126,7.955690262129167e-08,0.05131727862287277
0.57875,-0.31159669216950353,0.9502145339756399,7.957475633979527e-08,0.053987943832304215
0.579,-0.31254569357933804,0.9499028100039251,7.95141681386724e-08,0.05158249069253818
0.57925,-0.3134943523097425,0.9495901485073371,7.95361425609542e-08,0.05191475043377207
0.5795,-0.31444266680212507,0.9492765500061049,7.954855951730622e-08,0.05178738074599088
0.57975,-0.3153906358293542,0.9489620148198981,7.936993928758795e-08,0.053054405752604
0.58,-0.3163382591549606,0.9486465435885538,7.943384727759906e-08,0.051952279605473
0.58025,-0.31728553527505654,0.948330136660246,7.949640679072445e-08,0.05388500340327364
0.5805,-0.3182324629469291,0.9480127942732514,7.928952006075463e-08,0.05064191501763467
0.58075,-0.3191790422793186,0.9476945171613079,7.94439705131822e-08,0.052295548170890424
0.581,-0.3201252703988118,0.9473753058326313,7.942468882582432e-08,0.0525040088202046
0.58125,-0.32107114753675026,0.9470551604514336,7.935912482714969e-08,0.054403885354342596
0.5815,-0.3220166727273923,0.9467340815456154,7.933721701824936e-08,0.05209763554403509
0.58175,-0.3229618441656887,0.9464120697222459,7.925142075926317e-08,0.051567026398069434
0.582,-0.32390666135616897,0.9460891253942929,7.923011580146522e-08,0.05266054004573092
0.58225,-0.32485112329158067,0.9457652488902687,7.915613364772867e-08,0.052708821048519365
0.5825,-0.32579522897072727,0.9454404408562721,7.921329214788386e-08,0.05241232733175851
0.58275,-0.32673897739963353,0.9451147015600939,7.922858857867254e-08,0.05408850985309268
0.583,-0.32768236679950746,0.9447880316117985,7.909410859596733e-08,0.0519298189696485
0.58325,-0.3286253970522686,0.9444604314458876,7.90773535541689e-08,0.052156151439423544
0.5835,-0.32956806671833144,0.9441319014860808,7.900208731648206e-08,0.05188158731772369
0.58375,-0.3305103752839714,0.9438024422414351,7.907562138420587e-08,0.05251528563216389
0.584,-0.3314523208475535,0.943472054272787,7.90944680861827e-08,0.05510684575794873
0.58425,-0.3323939032280364,0.9431407377526977,7.905593291113178e-08,0.05188900211377122
0.5845,-0.33333512061034465,0.9428084934065545,7.893592179897269e-08,0.05286477646771516
0.58475,-0.33427597261554975,0.942475321645193,7.88891376668488e-08,0.05334469483324313
0.585,-0.3352164579469914,0.9421412230391546,7.891411746285826e-08,0.051826703569808515
0.58525,-0.3361565756815464,0.9418061978760492,7.886583852645401e-08,0.05319759860497811
0.5855,-0.337096325207371,0.94147024677579,7.90161871488948e-08,0.05386274768635705
0.58575,-0.3380357042867358,0.9411333699631518,7.871541107817848e-08,0.05351037241176908
0.586,-0.3389747129839691,0.9407955683215707,7.870803275800142e-08,0.05073777536828185
0.58625,-0.33991335042285487,0.9404568420612348,7.87877374452961e-08,0.054702288999961726
0.5865,-0.3408516144921387,0.9401171917562849,7.866880746831839e-08,0.052164371697246754
0.58675,-0.3417895054507225,0.9397766178204545,7.871914808887936e-08,0.05284042476170086
0.587,-0.3427270209134363,0.9394351209123073,7.863385720341398e-08,0.05386124594679333
0.58725,-0.34366416119014176,0.9390927012754833,7.863770079552523e-08,0.053165606077727835
0.5875,-0.34460092474197995,0.9387493595313562,7.867677664918915e-08,0.05319751860105557
0.58775,-0.3455373103132414,0.9384050961589525,7.8657798052717e-08,0.05390561595436408
0.588,-0.34647331691445515,0.938059911715527,7.865072038093501e-08,0.052817041474327815
0.58825,-0.3474089439645525,0.9377138064781538,7.860315398566797e-08,0.05302836102103159
0.5885,-0.3483441899299712,0.9373667811256635,7.850792460573075e-08,0.05303323647984129
0.58875,-0.3492790543168453,0.937018836182425,7.85725648988489e-08,0.05421022037176777
0.589,-0.3502135356768008,0.9366699720885165,7.85917710910411e-08,0.0524468649004646
0.58925,-0.3511476330475689,0.9363201891798093,7.84303089140792e-08,0.054166093376903736
0.5895,-0.3520813458386162,0.9359694881367943,7.840528892799625e-08,0.05248864615428078
0.58975,-0.3530146725163637,0.9356178694980478,7.836794768678601e-08,0.05525572981487943
0.59,-0.35394761232540617,0.9352653337492818,7.839200266701596e-08,0.05199980866710515
0.59025,-0.3548801643100767,0.9349118811859845,7.830172865652685e-08,0.054424307037901645
0.5905,-0.355812327199421,0.9345575125137892,7.819151148780179e-08,0.052414231821654514
0.59075,-0.3567441007175685,0.9342022282863807,7.836600968147422e-08,0.05533730897530269
0.591,-0.357675482564737,0.9338460288460304,7.820970626681856e-08,0.05187138739174451
0.59125,-0.3586064730541904,0.9334889147497675,7.823852921085006e-08,0.05524629442490377
0.5915,-0.3595370703020849,0.933130886583873,7.820910252753777e-08,0.05243323618784976
0.59175,-0.36046727380371685,0.9327719447090768,7.815991520665477e-08,0.05544921789316881
0.592,-0.36139708219839406,0.9324120898550312,7.816466673915556e-08,0.05284533342023294
0.59225,-0.3623264944817145,0.9320513223070701,7.800887980025095e-08,0.054764515460004146
0.5925,-0.36325551034834647,0.9316896427479228,7.810109181605185e-08,0.05228515333018694
0.59275,-0.36418412758349905,0.9313270516159408,7.792769474157524e-08,0.05512667398428769
0.593,-0.3651123461544046,0.9309635495002144,7.790620282221994e-08,0.052922611814050884
0.59325,-0.3660401648885611,0.9305991369084824,7.796322565312153e-08,0.05458375435775372
0.5935,-0.3669675826606269,0.9302338142475673,7.794667777893949e-08,0.05249893563606028
0.59375,-0.3678945984400076,0.9298675821458637,7.794356160495397e-08,0.05656022539987381
0.594,-0.3688212109263347,0.9295004411193837,7.783514521797485e-08,0.05271024692181996
0.59425,-0.36974741972891056,0.9291323916657785,7.781937538808847e-08,0.05487907720267592
0.5945,-0.37067322350345205,0.928763434282877,7.774167909424534e-08,0.05301182954259068
0.59475,-0.3715986216297165,0.9283935695493619,7.778885247056166e-08,0.05486234607915634
0.595,-0.3725236123678002,0.9280227981004838,7.778290012083744e-08,0.054077617276833946
0.59525,-0.37344819524543105,0.9276511202455281,7.771242338527884e-08,0.05434447045485118
0.5955,-0.3743723691793875,0.9272785366151353,7.763604403798752e-08,0.05458663998646774
0.59575,-0.375296133460256,0.926905047782146,7.769711718452754e-08,0.05454371724627908
0.596,-0.3762194862601902,0.9265306543296017,7.762715759085381e-08,0.054505278381589674
0.59625,-0.3771424273751452,0.9261553566425066,7.758200948337901e-08,0.05371288977879256
0.5965,-0.37806495565852244,0.9257791553654426,7.76031134908095e-08,0.05456748518078656
0.59675,-0.37898706978966507,0.9254020509360016,7.747215424735998e-08,0.054794675001310855
0.597,-0.37990876933273654,0.925024044161395,7.764630538531492e-08,0.0536301282372983
0.59725,-0.3808300525800397,0.9246451351959152,7.749479102869827e-08,0.05581552914525099
0.5975,-0.3817509187824018,0.9242653247837517,7.72944079852067e-08,0.05376511698314166
0.59775,-0.38267136771255195,0.9238846135371904,7.739887641911025e-08,0.05415715433077679
0.598,-0.38359139733818637,0.9235030020034003,7.741057439503152e-08,0.05537081806936427
0.59825,-0.38451100700375884,0.9231204905295233,7.727125317380512e-08,0.05433771427665023
0.5985,-0.38543019627959385,0.9227370798574897,7.737402385465941e-08,0.05474778643783556
0.59875,-0.38634896311365163,0.9223527704481165,7.722615191774196e-08,0.05597531579755355
0.599,-0.38726730712107127,0.9219675629247135,7.712506788770668e-08,0.05401240556952924
0.59925,-0.3881852277845901,0.9215814577573791,7.717619210367843e-08,0.05525669796433743
0.5995,-0.3891027235944327,0.9211944555830742,7.725279815851138e-08,0.054581030910632884
0.59975,-0.3900197935543833,0.9208065568122372,7.72163029072459e-08,0.054836006278517126
0.6,-0.3909364360232601,0.9204177622513416,7.703916504731012e-08,0.05492965960707526
0.60025,-0.39185265133560204,0.9200280721882291,7.698656223631417e-08,0.05592852795635451
0.6005,-0.3927684379124185,0.9196374873617051,7.699055282195388e-08,0.05502109833779402
0.60075,-0.39368379462696,0.9192460083400499,7.700049575731782e-08,0.055388474764212846
0.601,-0.394598720233013,0.9188536356123542,7.684378333649988e-08,0.0542694984052493
0.60125,-0.3955132149056978,0.9184603697483237,7.6981631069728e-08,0.05549135507011084
0.6015,-0.39642727629832325,0.9180662112985393,7.68606776002656e-08,0.05391692323876216
0.60175,-0.397340904402607,0.9176711608582605,7.689121162002266e-08,0.056978418854272836
0.602,-0.39825409719247773,0.9172752191350604,7.678493130214292e-08,0.054998383373130816
0.60225,-0.39916685492704945,0.9168783864391968,7.679584568265341e-08,0.055694419383478876
0.6025,-0.4000791761495776,0.9164806634763887,7.685732028583914e-08,0.05423379115735139
0.60275,-0.4009910593878061,0.9160820507933354,7.674733604190465e-08,0.057524506434956185
0.603,-0.40190250401821004,0.9156825490258811,7.66633183602039e-08,0.05417282636713422
0.60325,-0.40281350915828634,0.9152821587458179,7.663940571056571e-08,0.055943960642740063
0.6035,-0.4037240741190221,0.9148808804001546,7.667250878640175e-08,0.05524425608134078
0.60375,-0.4046341971265189,0.9144787146386824,7.650571665074324e-08,0.056573064555931515
0.604,-0.4055438779302136,0.9140756622303527,7.660426404321186e-08,0.055260766740926046
0.60425,-0.4064531150432545,0.9136717234240213,7.645649025000978e-08,0.05674978316315673
0.6045,-0.40736190800872724,0.9132668990430595,7.649211530846856e-08,0.05427955711083195
0.60475,-0.40827025530142713,0.9128611894884923,7.631911569383476e-08,0.05595651041571989
0.605,-0.40917815618734465,0.9124545956950616,7.63529537373131e-08,0.05531635494347644
0.60525,-0.41008561023782575,0.9120471178372096,7.643964239356649e-08,0.05867079899944909
0.6055,-0.41099261549825994,0.911638756647529,7.630797371760423e-08,0.054494524582030565
0.60575,-0.41189917173201496,0.9112295127691542,7.630751208687059e-08,0.05586688209428998
0.606,-0.4128052772639492,0.9108193869082672,7.625245590503482e-08,0.05591706189053746
0.60625,-0.4137109319724802,0.9104083794065805,7.626362430457334e-08,0.056303070701802294
0.6065,-0.414616134095405,0.9099964909435241,7.609087004922799e-08,0.05645112929027843
0.60675,-0.41552088372066365,0.9095837221359702,7.61913605540343e-08,0.056311571492507456
0.607,-0.4164251785145723,0.9091700737091113,7.611455909994902e-08,0.05589561323079032
0.60725,-0.41732901867855376,0.9087555460776522,7.617904529411135e-08,0.05690613540891434
0.6075,-0.41823240242658904,0.9083401399091351,7.61048288833166e-08,0.05818314943087242
0.60775,-0.4191353292007787,0.907923855668544,7.593813733386412e-08,0.0529967622351931
0.608,-0.42003779806235997,0.907506694296309,7.599684215264801e-08,0.05891811234763272
0.60825,-0.4209398079303938,0.9070886560877229,7.595175133268128e-08,0.05479270762047512
0.6085,-0.4218413577478678,0.9066697417381601,7.584505046231982e-08,0.05800488688447742
0.60875,-0.42274244697602803,0.9062499519048489,7.590140760349584e-08,0.05434664514511897
0.609,-0.4236430739678454,0.9058292872089382,7.584318639786147e-08,0.05834297526291459
0.60925,-0.424543238414453,0.9054077481193018,7.58189453442526e-08,0.05578574162753249
0.6095,-0.42544293890303087,0.9049853353939319,7.577025495919543e-08,0.05775535838168163
0.60975,-0.4263421746702742,0.9045620495751616,7.571709503828572e-08,0.057424442207726065
0.61,-0.42724094490581876,0.9041378913982641,7.583305516867256e-08,0.05792163985775935
0.61025,-0.42813924820072946,0.9037128611622677,7.563998605242261e-08,0.05493342714593609
0.6105,-0.429037084038739,0.9032869597692691,7.558483372527292e-08,0.05744608986114384
0.61075,-0.429934451629405,0.9028601877151843,7.562948467487729e-08,0.05647496546206903
0.611,-0.43083134896083664,0.9024325458819948,7.555723358088073e-08,0.05860453005702405
0.61125,-0.431727776204143,0.9020040344635848,7.546737634811507e-08,0.05538791486033266
0.6115,-0.4326237318865686,0.901574654416969,7.543926661135458e-08,0.05886699805226773
0.61175,-0.43351921565389334,0.9011444061216285,7.551273184525087e-08,0.05672102893955878
0.612,-0.4344142251020031,0.9007132904281345,7.526242251643112e-08,0.05743250341838928
0.61225,-0.43530876107559496,0.9002813078338279,7.535207569020486e-08,0.05628253794730298
0.6125,-0.436202821620823,0.8998484589920205,7.537013790859248e-08,0.05877410661910273
0.61275,-0.4370964059019537,0.8994147444660049,7.530762435870031e-08,0.05660281272892289
0.613,-0.43798951264277974,0.8989801650739331,7.51907049956202e-08,0.0590013431390251
0.61325,-0.438882141672525,0.8985447212356119,7.516972000409794e-08,0.05602156941972057
0.6135,-0.43977429158322584,0.8981084137229555,7.516874300783627e-08,0.06022607845402664
0.61375,-0.44066596153793375,0.8976712430417786,7.512115907104544e-08,0.0550353469368463
0.614,-0.4415571502700999,0.8972332099972444,7.503830268262845e-08,0.059845128951123046
0.61425,-0.44244785737656067,0.8967943151099249,7.505529153739587e-08,0.05608412842259567
0.6145,-0.4433380816633529,0.8963545589851487,7.503319832125044e-08,0.05917087015148755
0.61475,-0.44422782170044556,0.8959139424338927,7.4910078806667e-08,0.056713958519114545
0.615,-0.44511707716208804,0.8954724659780133,7.485302933041282e-08,0.05827607443429454
0.61525,-0.446005847225193,0.8950301303010787,7.495291121095704e-08,0.058079002164248744
0.6155,-0.4468941301619638,0.8945869358873916,7.471680230075606e-08,0.059338591119220754
0.61575,-0.44778192609329026,0.894142883638949,7.48489932256291e-08,0.058684594693329845
0.616,-0.448669232705484,0.8936979740265247,7.457781858732915e-08,0.05755587708425643
0.61625,-0.449556050599881,0.8932522077267775,7.461985962464723e-08,0.057674911616157086
0.6165,-0.45044237787762753,0.8928055854304102,7.458189155151729e-08,0.05948758858571697
0.61675,-0.4513282139301488,0.892358107824798,7.464501305953775e-08,0.05646232752363206
0.617,-0.45221355725247747,0.8919097755841392,7.457274175948214e-08,0.05970114277294059
0.61725,-0.45309840780987726,0.8914605891389589,7.457390993614865e-08,0.05873604597241153
0.6175,-0.45398276380142477,0.8910105493369502,7.442925431533354e-08,0.05993550606493663
0.61775,-0.4548666251340023,0.890559656835222,7.452162975596366e-08,0.05795947703787212
0.618,-0.4557499898589654,0.8901079122867284,7.43859398522062e-08,0.05862310379561777
0.61825,-0.45663285795753134,0.889655316272746,7.436940863136954e-08,0.057533271000244995
0.6185,-0.45751522799651795,0.8892018694776128,7.426559101020302e-08,0.06060432973465411
0.61875,-0.4583970997011766,0.8887475725919594,7.440127247626549e-08,0.0592260577928684
0.619,-0.45927847099687114,0.8882924264189374,7.437723081871184e-08,0.058783547035635555
0.61925,-0.46015934151639704,0.8878364312856487,7.415141767275202e-08,0.05828904505440971
0.6195,-0.4610397106796334,0.8873795881758078,7.416731051534953e-08,0.06045467946099843
0.61975,-0.46191957756741137,0.8869218975130545,7.421410375130222e-08,0.058926235572341466
0.62,-0.46279894010075395,0.8864633601942256,7.396260648384612e-08,0.05825588179454625
0.62025,-0.46367779885711113,0.8860039768377594,7.406264757037206e-08,0.06071795588081923
0.6205,-0.46455615236185077,0.8855437479335412,7.410071245494976e-08,0.0584413231197743
0.62075,-0.4654339991647256,0.8850826743144317,7.397502543859957e-08,0.06021385472843683
0.621,-0.4663113386943252,0.8846207567206523,7.39079539791021e-08,0.05965669991967798
0.62125,-0.46718817014147535,0.8841579956724465,7.381582634025108e-08,0.05906079765752041
0.6215,-0.4680644927480067,0.8836943919435901,7.386199740722077e-08,0.061499387622271175
0.62175,-0.46894030500203476,0.8832299461416293,7.370837074027747e-08,0.057213174028537886
0.622,-0.4698156063749721,0.8827646591109737,7.368439547406069e-08,0.0626448180760856
0.62225,-0.47069039608776375,0.8822985312942083,7.364658372033261e-08,0.057717031382648616
0.6225,-0.4715646731445637,0.8818315635661848,7.372975785457925e-08,0.05983026267654537
0.62275,-0.47243843616011866,0.8813637565018477,7.361823062268513e-08,0.061035952735138906
0.623,-0.47331168469208507,0.8808951108990808,7.3635979092046e-08,0.05939318946594135
0.62325,-0.4741844174781088,0.8804256272536435,7.345200980779509e-08,0.061197060597444404
0.6235,-0.47505663404736853,0.8799553064209354,7.342538621557537e-08,0.06082084931875533
0.62375,-0.47592833334490575,0.8794841490579436,7.346231467586506e-08,0.059416787329906455
0.624,-0.476799514138186,0.8790121559436237,7.348953112717993e-08,0.06117466911250057
0.62425,-0.47767017564697184,0.8785393275571907,7.338362206787963e-08,0.06069424517623044
0.6245,-0.4785403173490749,0.8780656646830132,7.34118847933729e-08,0.05834518378325347
0.62475,-0.47940993757033057,0.8775911681153138,7.329759199592445e-08,0.06348709878977649
0.625,-0.4802790360116802,0.8771158384961524,7.328655593497047e-08,0.062069234653013866
0.62525,-0.4811476114416358,0.8766396763972181,7.311490257677633e-08,0.05728206813825433
0.6255,-0.4820156632728182,0.876162682739814,7.313307870404628e-08,0.06269537231729763
0.62575,-0.48288319008748387,0.8756848581212884,7.30059803721872e-08,0.0605130601454875
0.626,-0.48375019140643616,0.8752062032273713,7.292671444503185e-08,0.06038612090135769
0.62625,-0.4846166664858712,0.8747267188700836,7.307054739058572e-08,0.061778742882930754
0.6265,-0.48548261371874113,0.8742464055420383,7.291317460911273e-08,0.06197219135022829
0.62675,-0.4863480331318529,0.8737652640705723,7.30137668103481e-08,0.05998381403061296
0.627,-0.4872129223904622,0.8732832953321363,7.282520231299827e-08,0.06268945033786137
0.62725,-0.4880772822784712,0.8728004997283634,7.290120707104109e-08,0.060959473525515194
0.6275,-0.4889411109283014,0.8723168781009877,7.288782488679146e-08,0.06343275187019785
0.62775,-0.48980440742467085,0.8718324310825234,7.270994539787523e-08,0.06053065632336709
0.628,-0.4906671708645334,0.8713471597395746,7.267521184850523e-08,0.06133085509482156
0.62825,-0.49152940094696723,0.8708610643949259,7.273717139710811e-08,0.06283526035843953
0.6285,-0.49239109602864234,0.8703741458731216,7.262632406579428e-08,0.06151407844760576
0.62875,-0.4932522553454523,0.8698864049508038,7.246080202527594e-08,0.06064663260076547
0.629,-0.4941128784076838,0.8693978424335835,7.251824563070386e-08,0.06328975325921886
0.62925,-0.4949729639514043,0.8689084588589178,7.245970623515063e-08,0.061066052731060604
0.6295,-0.4958325114119841,0.8684182550157507,7.250885580845079e-08,0.06260880371586182
0.62975,-0.4966915195184438,0.8679272316446196,7.249591438274194e-08,0.0638878493283077
0.63,-0.49754998728492694,0.8674353894618889,7.236906229834972e-08,0.06219830806425244
0.63025,-0.4984079141249306,0.8669427291535549,7.224728637567068e-08,0.06163636550718338
0.6305,-0.4992652991074751,0.8664492514867749,7.214743180661287e-08,0.06355470010765316
0.63075,-0.5001221415879644,0.8659549571778671,7.218372410910945e-08,0.060721976257509795
0.631,-0.5009784398282804,0.86545984713766,7.20901571771293e-08,0.06381822606584935
0.63125,-0.5018341939561259,0.8649639217873936,7.210870878182618e-08,0.06207043650846521
0.6315,-0.5026894022738033,0.864467182090084,7.203457941251656e-08,0.06437339560939007
0.63175,-0.5035440647519347,0.8639696286962412,7.222820808117092e-08,0.063409140601368
0.632,-0.5043981789093692,0.8634712623354899,7.18831636437045e-08,0.06354232200633507
0.63225,-0.5052517456355294,0.8629720837353414,7.18871306926161e-08,0.06096191374315387
0.6325,-0.5061047632444182,0.8624720936940983,7.188988249140493e-08,0.06591411548530737
0.63275,-0.5069572306620489,0.8619712928737842,7.172951588252374e-08,0.06385352350449505
0.633,-0.5078091475377704,0.8614696821571739,7.179950700653137e-08,0.061953349347935255
0.63325,-0.5086605124021633,0.8609672621172705,7.165746729320688e-08,0.06249451232187586
0.6335,-0.5095113246652619,0.8604640336441708,7.157867076834634e-08,0.06455953206910119
0.63375,-0.5103615839048781,0.8599599973552162,7.168853710659562e-08,0.06492948662953557
0.634,-0.5112112881398474,0.8594551541716049,7.157686687797593e-08,0.06431032264833636
0.63425,-0.512060437216425,0.8589495046293139,7.143260760678061e-08,0.06184097067721244
0.6345,-0.5129090304598984,0.85844304961407,7.147900626947035e-08,0.06417769469032261
0.63475,-0.5137570666766033,0.8579357898633317,7.154428072198016e-08,0.06676680462684405
0.635,-0.5146045444636513,0.8574277261630838,7.138791668914735e-08,0.06347726183543728
0.63525,-0.5154514637037599,0.8569188591401554,7.129220458423902e-08,0.06270369586086343
0.6355,-0.5162978232150861,0.8564091896911118,7.122200895715025e-08,0.0649193131005442
0.63575,-0.5171436226036173,0.8558987185227405,7.138422852825954e-08,0.06515268123850887
0.636,-0.5179888597460973,0.8553874463682387,7.111271682624931e-08,0.06508085032103676
0.63625,-0.518833535146333,0.8548753740374737,7.116407330087782e-08,0.0629952549090251
0.6365,-0.5196776473104076,0.8543625022553344,7.118703582165153e-08,0.06633900096538967
0.63675,-0.5205211949985328,0.853848831835524,7.103479227055232e-08,0.0655972498733647
0.637,-0.5213641777702378,0.8533343634611281,7.08628198342609e-08,0.06495078292714786
0.63725,-0.5222065951568362,0.8528190979349665,7.09139504895262e-08,0.06466416754804072
0.6375,-0.5230484455672952,0.8523030360380822,7.082504560607106e-08,0.06628732321320968
0.63775,-0.5238897285035978,0.8517861785218211,7.077618802142638e-08,0.06323700619759064
0.638,-0.5247304428149562,0.851268526309684,7.075111807530732e-08,0.06670237425989571
0.63825,-0.525570588000529,0.8507500799218454,7.072912167060963e-08,0.06572504560814106
0.6385,-0.5264101629485247,0.8502308402359883,7.067194096599394e-08,0.06602482137266794
0.63875,-0.5272491666578485,0.8497108080676375,7.054417427987403e-08,0.06608984385916776
0.639,-0.5280875985123927,0.8491899842114794,7.049383698998213e-08,0.06553255445033188
0.63925,-0.5289254579042612,0.8486683693470798,7.057472939386855e-08,0.0665779386828292
0.6395,-0.529762743382619,0.8481459642664778,7.048889361094268e-08,0.06753951842171675
0.63975,-0.5305994542161779,0.8476227698542861,7.039497651462057e-08,0.06554619083267
0.64,-0.5314355897412142,0.8470987868045716,7.032468207768261e-08,0.06756725642507319
0.64025,-0.5322711490070202,0.8465740158753627,7.021029380105404e-08,0.06336707153632354
0.6405,-0.5331061314182332,0.846048457948142,7.027606918619256e-08,0.06774216112142989
0.64075,-0.5339405354831717,0.845522113817019,7.019282555198458e-08,0.06791322058634809
0.641,-0.5347743608229791,0.8449949841533559,7.011897551478796e-08,0.06656690088832251
0.64125,-0.535607606540103,0.8444670698321219,7.010723135358887e-08,0.0671899164795951
0.6415,-0.5364402713689269,0.8439383715690036,6.987645240208451e-08,0.06752411850242417
0.64175,-0.5372723554291406,0.8434088902779463,7.005412427929514e-08,0.06669858329542379
0.642,-0.53810385636082,0.8428786266991191,6.978828714920837e-08,0.06702306588278703
0.64225,-0.5389347748821208,0.8423475815592559,6.986798228858504e-08,0.06794658753749919
0.6425,-0.5397651090981294,0.8418157557273143,6.979523003991517e-08,0.06673914644111276
0.64275,-0.5405948584463854,0.8412831499955491,6.972254817938506e-08,0.06724316508839398
0.643,-0.5414240220111637,0.840749765210794,6.965637289191307e-08,0.06961570375763625
0.64325,-0.5422525992417606,0.8402156020136132,6.962576959423927e-08,0.06724598809310565
0.6435,-0.543080589072943,0.8396806613020827,6.959625653557566e-08,0.06722225581269989
0.64375,-0.5439079904860229,0.8391449439720606,6.955420572829496e-08,0.07106240838039637
0.644,-0.5447348028262127,0.8386084507369702,6.952878472965551e-08,0.06726811972466645
0.64425,-0.5455610251303809,0.8380711823568231,6.941913532898525e-08,0.06723340982341298
0.6445,-0.5463866569918141,0.8375331396904503,6.950921438431124e-08,0.0696759493458124
0.64475,-0.5472116968862647,0.8369943235085251,6.939731700406071e-08,0.06813432733800415
0.645,-0.5480361438311903,0.8364547347542777,6.911910266360621e-08,0.06877066152066444
0.64525,-0.5488599982571782,0.8359143740894842,6.92481394448663e-08,0.06744235143991209
0.6455,-0.5496832582626465,0.8353732423970931,6.926363349535336e-08,0.06969990485633518
0.64575,-0.5505059230620499,0.8348313405228228,6.922276396537086e-08,0.07272645319366337
0.646,-0.5513279918526166,0.8342886692042883,6.908144833950303e-08,0.06739189740927932
0.64625,-0.5521494641571539,0.8337452292522779,6.903498039889655e-08,0.06853374108264185
0.6465,-0.5529703387644908,0.8332010215379146,6.8922567653118e-08,0.07161922372786457
0.64675,-0.5537906154132931,0.8326560468291027,6.902044891177184e-08,0.06746773970232864
0.647,-0.5546102920829696,0.8321103061454407,6.883890568687434e-08,0.07043542852810407
0.64725,-0.5554293690756708,0.8315638000566878,6.879825598105072e-08,0.07003727840437532
0.6475,-0.55624784514946,0.8310165295063661,6.877310898545375e-08,0.07099436598703499
0.64775,-0.5570657195306117,0.8304684952754281,6.876059344129715e-08,0.0723398747470322
0.648,-0.5578829909516614,0.8299196982308308,6.855236001079845e-08,0.06761133777406186
0.64825,-0.5586996593357525,0.8293701391601475,6.853620160285345e-08,0.07252307439131286
0.6485,-0.5595157232245489,0.8288198189252141,6.838935484587694e-08,0.06858417646479503
0.64875,-0.5603311823603853,0.828268738350923,6.842740618573373e-08,0.07000285850449899
0.649,-0.5611460351199966,0.8277168984294079,6.833824328644766e-08,0.07333296050878475
0.64925,-0.561960281319815,0.827164299675763,6.821956821667641e-08,0.07090045885951698
0.6495,-0.5627739201147911,0.826610943115182,6.82195677725872e-08,0.07091032436196826
0.64975,-0.5635869506664423,0.8260568295509712,6.830464815976711e-08,0.07233980069043482
0.65,-0.5643993715753837,0.8255019599201052,6.823330922500759e-08,0.07220075235697683
0.65025,-0.565211182281951,0.8249463348608912,6.798848706246474e-08,0.06985141527119265
0.6505,-0.5660223824061935,0.824389955390431,6.796670781739067e-08,0.07206941753606358
0.65075,-0.5668329709715644,0.8238328222740002,6.801819507629148e-08,0.07158854495402178
0.651,-0.567642946312489,0.8232749364394683,6.773386473923892e-08,0.07245112714489758
0.65125,-0.5684523089915221,0.8227162986195302,6.78060041447992e-08,0.07220837226027851
0.6515,-0.5692610574402901,0.8221569097472112,6.788155837433862e-08,0.07342751826484573
0.65175,-0.5700691907462444,0.8215967705710477,6.782542416594595e-08,0.07321790420913671
0.652,-0.5708767077346195,0.8210358820779322,6.754670089925696e-08,0.07097014583539106
0.65225,-0.5716836086754707,0.8204742450243103,6.758820814134481e-08,0.07393055423558548
0.6525,-0.5724898919573118,0.8199118602720047,6.750399461630252e-08,0.07371396464078149
0.65275,-0.5732955574149022,0.8193487286590267,6.765341109549183e-08,0.0730848930932544
0.653,-0.5741006028518783,0.8187848511422653,6.732747359627922e-08,0.07265594176891985
0.65325,-0.574905029116629,0.8182202284654672,6.738683433482606e-08,0.07322038189704469
0.6535,-0.5757088344028978,0.8176548615675938,6.732732993341983e-08,0.07511424191142645
0.65375,-0.5765120180674022,0.8170887512171516,6.717087419616519e-08,0.07482473223029559
0.654,-0.5773145796155106,0.816521898434269,6.722966605643421e-08,0.07266179090264097
0.65425,-0.5781165178497933,0.8159543039041012,6.713519606904583e-08,0.07490715261943309
0.6545,-0.578917831944483,0.815385968536742,6.691494847110846e-08,0.07427912031755425
0.65475,-0.5797185217980679,0.8148168932451263,6.701668597841604e-08,0.07303554063168226
0.655,-0.5805185854964918,0.81424707905761,6.693034637628159e-08,0.07390031315427863
0.65525,-0.5813180229635405,0.8136765265710783,6.685750464363593e-08,0.07688880065707807
0.6555,-0.5821168335839034,0.8131052366876831,6.693533927126794e-08,0.07623692220524202
0.65575,-0.5829150158403492,0.8125332103175705,6.678056374553876e-08,0.07344130860155595
0.656,-0.5837125690227154,0.8119604484381469,6.65314852099641e-08,0.07683481792067809
0.65625,-0.5845094933056391,0.8113869518150407,6.667005680860427e-08,0.07508134957296127
0.6565,-0.5853057865319787,0.8108127213569084,6.643100469716501e-08,0.07583108492628834
0.65675,-0.5861014491081927,0.8102377579789384,6.655072781747151e-08,0.07634560375687356
0.657,-0.5868964790806146,0.809662062546669,6.634227212032329e-08,0.0755234305348539
0.65725,-0.5876908767996052,0.8090856358777218,6.642857086625042e-08,0.07497394750596388
0.6575,-0.5884846406229818,0.80850847889911,6.635045424197017e-08,0.07834978296118181
0.65775,-0.589277769997262,0.8079305924603898,6.622316894855373e-08,0.07570870907817717
0.658,-0.5900702642420299,0.8073519775737606,6.621745840540427e-08,0.07724432738276936
0.65825,-0.5908621223605145,0.8067726349751043,6.60925201234619e-08,0.07700610836031548
0.6585,-0.5916533435553397,0.8061925655813159,6.586939638175693e-08,0.07682706632623487
0.65875,-0.5924439279776081,0.8056117703172149,6.613558500845329e-08,0.08040273609670581
0.659,-0.5932338730438644,0.8050302500736496,6.583013112404501e-08,0.07407352137569415
0.65925,-0.5940231795311568,0.8044480057452366,6.58838943401463e-08,0.07704776206020722
0.6595,-0.5948118458842875,0.8038650381999618,6.582224765239175e-08,0.07771808880970182
0.65975,-0.5955998717089797,0.8032813483866651,6.592282364437096e-08,0.08290115026485063
0.66,-0.5963872554750935,0.802696937102443,6.566337673596934e-08,0.0744722903030833
0.66025,-0.5971739972773376,0.8021118052976676,6.561103638169641e-08,0.07944892706123095
0.6605,-0.5979600960086863,0.8015259539263047,6.561809273719632e-08,0.0773711768082507
0.66075,-0.5987455505946864,0.800939383797709,6.543759178967434e-08,0.07965029440628571
0.661,-0.5995303604620617,0.8003520959854888,6.533206509118372e-08,0.07935362580640394
0.66125,-0.6003145252184078,0.799764091170001,6.535658791939625e-08,0.0801996682280251
0.6615,-0.6010980435082024,0.7991753702941027,6.519705020302524e-08,0.07831380699543511
0.66175,-0.6018809149693152,0.7985859343568064,6.51784144434231e-08,0.08028791608527552
0.662,-0.6026631384354317,0.7979957842906391,6.508723604525812e-08,0.07764563992948408
0.66225,-0.603444713381939,0.7974049209213397,6.500908700246555e-08,0.0809901859288869
0.6625,-0.6042256391716709,0.7968133451571933,6.502650307105284e-08,0.08195697780437658
0.66275,-0.6050059148141377,0.7962210579349898,6.502960081533615e-08,0.08193374640892433
0.663,-0.6057855390446463,0.7956280601779198,6.47290441246895e-08,0.07675121971747141
0.66325,-0.6065645121487688,0.7950343528371111,6.47946969412061e-08,0.08276289875686879
0.6635,-0.6073428325861673,0.7944399367511362,6.469946711717967e-08,0.07957267514929588
0.66375,-0.6081205000739418,0.793844812910312,6.479739256270989e-08,0.08347025745302611
0.664,-0.6088975129246421,0.7932489822030477,6.450599077112429e-08,0.07839164542758258
0.66425,-0.6096738713875974,0.792652445531382,6.442980859944214e-08,0.08425116270334321
0.6645,-0.6104495746263805,0.7920552038108597,6.452269363244056e-08,0.08329015016992494
0.66475,-0.6112246214783842,0.7914572579568826,6.453700862607548e-08,0.08047597694696698
0.665,-0.6119990106646256,0.7908586090349039,6.426954968219434e-08,0.08024883277376063
0.66525,-0.6127727424208266,0.7902592578363216,6.422497511593406e-08,0.08340562254439962
0.6655,-0.6135458156536292,0.7896592052693139,6.418631870452884e-08,0.08209607863132828
0.66575,-0.6143182294751862,0.7890584523857783,6.417348141773971e-08,0.08593635366222575
0.666,-0.6150899829488878,0.7884569999754262,6.396715401812969e-08,0.0810738413950666
0.66625,-0.6158610759117414,0.7878548490612081,6.40062112200468e-08,0.08300924562681379
0.6665,-0.616631506871752,0.7872520005347127,6.380641548453525e-08,0.08467172699279754
0.66675,-0.6174012760313247,0.7866484553415369,6.396816498721591e-08,0.08498456327127271
0.667,-0.6181703813485413,0.7860442145612487,6.38109036721346e-08,0.08329761027182365
0.66725,-0.6189388230434134,0.7854392789042253,6.375797556579244e-08,0.08544010350140696
0.6675,-0.6197065998899446,0.7848336493517057,6.355093407073298e-08,0.08380609072751437
0.66775,-0.6204737115521808,0.7842273269130325,6.350224746043409e-08,0.0860119152682393
0.668,-0.6212401568604591,0.7836203126462973,6.344394209989446e-08,0.08311970339891347
0.66825,-0.6220059354530867,0.7830126072783455,6.344784897471811e-08,0.08635403967805638
0.6685,-0.622771045992242,0.7824042118111503,6.319304723945152e-08,0.08285968336422746
0.66875,-0.6235354886909531,0.7817951273201023,6.337925828603375e-08,0.08807353618205811
0.669,-0.6242992612276765,0.7811853546654741,6.295662058342089e-08,0.08530431808105737
0.66925,-0.625062364797822,0.7805748947556098,6.310468636527844e-08,0.08799858511067937
0.6695,-0.6258247973706429,0.7799637485569884,6.303353572434389e-08,0.08498296774087578
0.66975,-0.6265865586245762,0.7793519170795993,6.305231603498385e-08,0.08760356900140853
0.67,-0.627347647315851,0.7787394012719653,6.284307429993419e-08,0.08512923048153435
0.67025,-0.6281080633594441,0.778126202021646,6.276488950796022e-08,0.08719250111739536
0.6705,-0.6288678056630858,0.7775123203861595,6.267588537056668e-08,0.08805221572891189
0.67075,-0.6296268738885538,0.7768977572157582,6.274477204470941e-08,0.08834276083592091
0.671,-0.6303852665746916,0.7762825136011138,6.261865226342422e-08,0.08774995101393127
0.67125,-0.6311429834894206,0.7756665903528669,6.249878259367847e-08,0.08842303628328002
0.6715,-0.6319000236713053,0.7750499885268163,6.231560512048873e-08,0.08660472130702015
0.67175,-0.6326563872666219,0.7744327091031324,6.263903351566569e-08,0.09157140689553446
0.672,-0.6334120716806524,0.7738147529764665,6.223740101063413e-08,0.0866993994766562
0.67225,-0.6341670778758904,0.7731961212050042,6.225405280169127e-08,0.0915054609681595
0.6725,-0.634921404484704,0.772576814643912,6.219907944249314e-08,0.08579176660772225
0.67275,-0.6356750507149528,0.7719568344108348,6.214752534816625e-08,0.09378176211594995
0.673,-0.6364280159078959,0.7713361813635795,6.205650304735855e-08,0.0871186773931445
0.67325,-0.6371802993365917,0.7707148564555415,6.191197532423587e-08,0.09185449585050919
0.6735,-0.6379319005452202,0.7700928607890982,6.1985785171359e-08,0.0897670622471184
0.67375,-0.6386828181029032,0.7694701952144221,6.173159139422069e-08,0.09078818000168183
0.674,-0.6394330519220972,0.7688468609024657,6.170498956237225e-08,0.09155907773282775
0.67425,-0.6401826013667726,0.7682228585693841,6.176061995155635e-08,0.0918072669884639
0.6745,-0.6409314649463128,0.7675981893606129,6.153395704089348e-08,0.09069366358199829
0.67475,-0.6416796427850943,0.7669728542342252,6.154849807593621e-08,0.09416677760447902
0.675,-0.6424271334622276,0.7663468541917879,6.136907026998983e-08,0.08823464518270943
0.67525,-0.6431739367282746,0.765720190195301,6.127963558810734e-08,0.09401833467638908
0.6755,-0.6439200517503928,0.7650928631864663,6.117254480741963e-08,0.09214894317834647
0.67575,-0.6446654780815032,0.764464874220513,6.127351714901863e-08,0.0957743662830506
0.676,-0.6454102139148574,0.7638362242870933,6.087939063981196e-08,0.0926506431444574
0.67625,-0.6461542602516968,0.7632069143194496,6.105321470606384e-08,0.09323703955830552
0.6765,-0.6468976146967089,0.7625769453398913,6.073210379042848e-08,0.0910084393931334
0.67675,-0.647640278361246,0.7619463183939352,6.113495043535977e-08,0.09887905788044599
0.677,-0.6483822481215498,0.7613150344937047,6.071265112872481e-08,0.09133194982188181
0.67725,-0.6491235252934878,0.7606830945182349,6.068763980238145e-08,0.09681826340841054
0.6775,-0.6498641084511683,0.760050499478455,6.060523860540457e-08,0.09357695453128528
0.67775,-0.650603997077924,0.759417250445264,6.064380619896781e-08,0.09747382089053354
0.678,-0.6513431896178972,0.7587833484687396,6.02875225297339e-08,0.09248636760330901
0.67825,-0.6520816867512599,0.7581487944700438,6.037637256817163e-08,0.0964582543309122
0.6785,-0.6528194869834834,0.75751358944909,6.039270949997899e-08,0.09658298136389043
0.67875,-0.6535565894695022,0.7568777344435209,6.02676804017932e-08,0.09843838115398384
0.679,-0.6542929936603983,0.756241230477086,6.011328967936436e-08,0.09511495843444889
0.67925,-0.6550286991715782,0.7556040785122482,6.010137498790868e-08,0.09795479522973319
0.6795,-0.6557637050248023,0.7549662795961634,6.007756225834271e-08,0.09579992352318642
0.67975,-0.6564980101204358,0.7543278347727188,5.980249317971698e-08,0.10059257503285086
0.68,-0.6572316144605139,0.7536887450165453,5.970549254996627e-08,0.09655224148663541
0.68025,-0.6579645174882258,0.753049011317637,5.985999029789468e-08,0.09973892656340372
0.6805,-0.6586967173177887,0.7524086347136342,5.9498431070892366e-08,0.09670489932543037
0.68075,-0.6594282149275879,0.7517676162518596,5.974379235773597e-08,0.1029490871273273
0.681,-0.6601590080610791,0.7511259569542581,5.956731730094589e-08,0.09709853623306539
0.68125,-0.6608890967216292,0.7504836577778788,5.9378595818060376e-08,0.09918867363255496
0.6815,-0.6616184803164693,0.7498407198218113,5.929958146744241e-08,0.1009888206224174
0.68175,-0.6623471578049696,0.7491971440346273,5.904097988285173e-08,0.10160103292171892
0.682,-0.6630751289565566,0.7485529315872059,5.9014275466395816e-08,0.10090898060704366
0.68225,-0.6638023927410693,0.7479080833171916,5.8849980222319687e-08,0.09803689386177644
0.6825,-0.6645289488959423,0.7472626004161579,5.895073029726916e-08,0.10210442083939276
0.68275,-0.6652547963152999,0.7466164838058751,5.895557819712849e-08,0.10469519799881363
0.683,-0.6659799340407275,0.745969734634873,5.876805553306497e-08,0.09838328837279323
0.68325,-0.6667043619426778,0.7453223538134947,5.866373897767119e-08,0.1050539932486372
0.6835,-0.6674280792104398,0.7446743424482752,5.860965224258052e-08,0.10155923510106678
0.68375,-0.6681510852381221,0.74402570155298,5.86381403433478e-08,0.10636854249340663
0.684,-0.6688733787377217,0.7433764322009369,5.836790317736984e-08,0.1011229662346072
0.68425,-0.6695949600027232,0.7427265353656985,5.8398689661842695e-08,0.10387012277785618
0.6845,-0.6703158273599503,0.7420760121530978,5.811114789366911e-08,0.10350376953004904
0.68475,-0.6710359812638187,0.7414248635955354,5.825417548344092e-08,0.10797656484994037
0.685,-0.6717554199394655,0.740773090731691,5.808511316374165e-08,0.10077122977392285
0.68525,-0.672474143202086,0.7401206946630086,5.797191526824008e-08,0.10669772586042076
0.6855,-0.673192150427735,0.7394676763050654,5.7848763779233536e-08,0.10554281130464983
0.68575,-0.6739094410357374,0.7388140367832596,5.78325360933718e-08,0.1095701262946631
0.686,-0.6746260140227207,0.738159777258451,5.7779213413766684e-08,0.10244335248674553
0.68625,-0.675341868866944,0.7375048985852122,5.76409386887633e-08,0.1091733101509247
0.6865,-0.6760570048866551,0.7368494018690053,5.7445511236764446e-08,0.10521543253399977
0.68675,-0.6767714221026655,0.7361932882770319,5.7739504955023335e-08,0.10764645235986174
0.687,-0.6774851181295602,0.7355365588379301,5.7337082415287455e-08,0.10833981866004383
0.68725,-0.6781980940577517,0.7348792144757007,5.7325993285672894e-08,0.11029105083382398
0.6875,-0.6789103484024908,0.7342212563512056,5.72229654771661e-08,0.10693721268468095
0.68775,-0.6796218805779944,0.733562685501358,5.706016525941493e-08,0.10907597500493134
0.688,-0.6803326899324702,0.7329035031888471,5.698861604841454e-08,0.10961627522519396
0.68825,-0.6810427761697534,0.732243710206773,5.70551910161754e-08,0.11003061711531797
0.6885,-0.6817521381032169,0.7315833076910195,5.6950218763063276e-08,0.10966758532365797
0.68875,-0.6824607749837294,0.7309222967389749,5.6630783618061287e-08,0.1128183283939928
0.689,-0.6831686869712286,0.7302606784501258,5.667421354438318e-08,0.1085047554706061
0.68925,-0.683875872724648,0.7295984538837431,5.660222202052978e-08,0.11347782864918167
0.6895,-0.684582331524087,0.7289356240781782,5.634259747644421e-08,0.11033906635441888
0.68975,-0.6852880633841856,0.7282721901138676,5.6355046851308543e-08,0.11564996754240349
0.69,-0.6859930670667609,0.7276081532443031,5.63656217256181e-08,0.10945528685536686
0.69025,-0.6866973419875302,0.7269435142570607,5.620657073102109e-08,0.11362585276461973
0.6905,-0.6874008878901864,0.726278274371118,5.6247851265567306e-08,0.1127281469292917
0.69075,-0.6881037032976183,0.7256124346700827,5.591986917963254e-08,0.117767677830832
0.691,-0.6888057884303862,0.7249459962674258,5.5839686652348064e-08,0.11136144851585462
0.69125,-0.6895071425702393,0.724278960170955,5.590084639628401e-08,0.11613689524011597
0.6915,-0.6902077644830614,0.723611327486867,5.5710003943332254e-08,0.11151559671489972
0.69175,-0.6909076541574598,0.7229430994058889,5.577597694816916e-08,0.12261542634424613
0.692,-0.6916068101944077,0.7222742769046133,5.549268133897556e-08,0.11215625646774872
0.69225,-0.6923052331072344,0.7216048610770158,5.5658819109183355e-08,0.11760449595014827
0.6925,-0.6930029211121262,0.7209348530261187,5.548886417017229e-08,0.11441858717064715
0.69275,-0.6936998740183141,0.7202642538628028,5.53027810212825e-08,0.12153363830403709
0.693,-0.6943960911845934,0.7195930648146456,5.519088697170105e-08,0.11619693626327059
0.69325,-0.6950915720445912,0.7189212867501785,5.503497524372847e-08,0.11758366797494647
0.6935,-0.6957863158903868,0.718248920874729,5.485901333202037e-08,0.11643585855778112
0.69375,-0.6964803227644761,0.7175759683363488,5.516597734178674e-08,0.12418434980882913
0.694,-0.6971735902676457,0.7169024301699916,5.467515795665179e-08,0.11843490052061102
0.69425,-0.6978661196982615,0.7162283074772304,5.4727201659332536e-08,0.11856795583277388
0.6945,-0.6985579093822364,0.7155536013869316,5.4609142763339946e-08,0.12232948934003499
0.69475,-0.699248959014564,0.7148783129959266,5.4537425242529025e-08,0.12043027944875469
0.695,-0.6999392676814793,0.7142024435382752,5.439926287209573e-08,0.12170445125389018
0.69525,-0.700628835258934,0.7135259939069695,5.4388608061728405e-08,0.11966274660673949
0.6955,-0.7013176606612133,0.7128489653518962,5.427929128387632e-08,0.1268676094260969
0.69575,-0.7020057435396709,0.7121713589167767,5.4212025757394144e-08,0.12020465835249876
0.696,-0.7026930829546529,0.7114931758294465,5.4042091690575944e-08,0.12416649997133251
0.69625,-0.7033796787273076,0.7108144170898694,5.3994669180212895e-08,0.12221117639227166
0.6965,-0.7040655297933005,0.7101350838556417,5.3782888587150524e-08,0.1293991848824292
0.69675,-0.7047506359604517,0.7094551772001335,5.36713655741039e-08,0.12032201161072589
0.697,-0.705434996326133,0.7087746984686603,5.361549448856806e-08,0.12807129588323266
0.69725,-0.7061186104085952,0.7080936485026156,5.3507554165221904e-08,0.12246102194785109
0.6975,-0.7068014777154682,0.7074120285468136,5.35167423709737e-08,0.1297752778402407
0.69775,-0.7074835972190711,0.7067298396575362,5.329820051969136e-08,0.12958986850617718
0.698,-0.7081649684729143,0.7060470831815087,5.312067852258906e-08,0.12248964507284477
0.69825,-0.7088455914246871,0.7053637600166892,5.321354668019751e-08,0.13004210327376578
0.6985,-0.7095254645792802,0.7046798713385396,5.2978070597120563e-08,0.12702197016702396
0.69875,-0.7102045879449468,0.7039954183725016,5.2913761150463756e-08,0.13053557081236059
0.699,-0.7108829602552973,0.7033104022667782,5.2558994712015306e-08,0.12953631183457515
0.69925,-0.7115605823136831,0.7026248240019456,5.280317494360531e-08,0.12983353294728947
0.6995,-0.7122374519010738,0.7019386848004878,5.255498503053957e-08,0.12942381043967907
0.69975,-0.7129135693102584,0.7012519858628864,5.249166590282073e-08,0.13221152655250418
0.7,-0.7135889333690315,0.7005647283245313,5.219958687519011e-08,0.13164814948891265
0.70025,-0.7142635441241707,0.6998769131918006,5.2041850828743463e-08,0.13186671192389954
0.7005,-0.7149374007394352,0.6991885417280159,5.1929903266412225e-08,0.13343639914017486
0.70075,-0.7156105029864206,0.6984996151228687,5.2155635366091246e-08,0.13357684707443343
0.701,-0.7162828490437647,0.69781013447676,5.180636186707943e-08,0.13223473601640762
0.70125,-0.7169544396268736,0.6971201008931008,5.178494433266678e-08,0.13477567381917666
0.7015,-0.7176252736469163,0.6964295155582323,5.1758741514973394e-08,0.13506901768357946
0.70175,-0.7182953501666396,0.6957383795435916,5.142047787565218e-08,0.1374306191606246
0.702,-0.7189646691010836,0.6950466942998723,5.133640401666639e-08,0.1340777470512183
0.70225,-0.7196332298943168,0.694354460591593,5.125578295128719e-08,0.13599696180148096
0.7025,-0.7203010318007689,0.6936616798862021,5.1277898815982326e-08,0.13886778681818723
0.70275,-0.7209680739503849,0.6929683530847439,5.1016353586064156e-08,0.1388241290408851
0.703,-0.7216343560082805,0.6922744816246649,5.084009080391638e-08,0.13622634606920458
0.70325,-0.7222998774526446,0.6915800665149566,5.0684467289840995e-08,0.1381953600910057
0.7035,-0.7229646380086803,0.6908851089289524,5.0775394999647006e-08,0.14149663249312047
0.70375,-0.7236286363524871,0.6901896099049208,5.048503215476785e-08,0.142071695439848
0.704,-0.7242918724821195,0.6894935709379251,5.04541919355006e-08,0.13762475756973444
0.70425,-0.7249543454431044,0.6887969929738291,5.025331328845084e-08,0.14071870272246292
0.7045,-0.7256160551235303,0.688099877185314,5.021773796798357e-08,0.14518593806836516
0.70475,-0.7262770003372352,0.6874022247932865,4.993480495762981e-08,0.13850760708484863
0.705,-0.7269371811495162,0.6867040370789645,4.9939074875382516e-08,0.1449284768619586
0.70525,-0.7275965965530599,0.6860053150958684,4.9827687531589504e-08,0.1437369201083959
0.7055,-0.7282552460517523,0.6853060599633142,4.9612168595558614e-08,0.14494951651054339
0.70575,-0.728913129171436,0.6846062729340153,4.940954778653861e-08,0.14422860344564037
0.706,-0.7295702452771025,0.6839059554685853,4.93595437855987e-08,0.14572044540145765
0.70625,-0.7302265941281162,0.6832051081350319,4.9276873470560645e-08,0.14757374604909632
0.7065,-0.7308821744578777,0.6825037326945039,4.904110206815915e-08,0.14576496726768695
0.70675,-0.7315369864747332,0.6818018300420267,4.901459416117859e-08,0.14960331113848702
0.707,-0.7321910289647775,0.6810994014959899,4.8807346608725766e-08,0.14488056563253798
0.70725,-0.7328443020434183,0.6803964481706563,4.886037352491712e-08,0.1487708511467825
0.7075,-0.7334968042771528,0.6796929712842519,4.8549004150189035e-08,0.14993730254411805
0.70775,-0.7341485359662703,0.6789889720251154,4.849656942695901e-08,0.15462930108948925
0.708,-0.734799495710476,0.6782844516975892,4.815553333870071e-08,0.14770856198138255
0.70825,-0.7354496840502484,0.6775794112564527,4.816412446650986e-08,0.15161530060843528
0.7085,-0.7360990995960845,0.676873852155782,4.807918574378789e-08,0.15092307148616174
0.70875,-0.7367477419945841,0.6761677753992342,4.7911232536890225e-08,0.15283779433530814
0.709,-0.7373956106365469,0.6754611825075916,4.7830298832707285e-08,0.15324170413177304
0.70925,-0.7380427049525188,0.6747540743003665,4.755928650901353e-08,0.15434792300070002
0.7095,-0.7386890246182898,0.6740464522276784,4.742611903196803e-08,0.1563907878983751
0.70975,-0.7393345692712585,0.6733383173373096,4.7457077378965096e-08,0.1551989701678587
0.71,-0.739979337728478,0.672629671172924,4.740363523936253e-08,0.15724027456328046
0.71025,-0.7406233294903816,0.6719205144825368,4.698394651114768e-08,0.15447801867585131
0.7105,-0.7412665445975821,0.6712108488312067,4.686417298671586e-08,0.16058066505881435
0.71075,-0.7419089822967384,0.6705006752177864,4.674004383531383e-08,0.15968895487019633
0.711,-0.742550641844705,0.6697899951372825,4.664499098083752e-08,0.15428240909164548
0.71125,-0.743191522766622,0.6690788095043246,4.6419946331255346e-08,0.16155676244489683
0.7115,-0.7438316246181527,0.6683671196725689,4.622074212257132e-08,0.15985051187810448
0.71175,-0.7444709468494732,0.6676549270014202,4.6126110264665954e-08,0.16453754068124804
0.712,-0.7451094888069392,0.6669422326985561,4.6033535650025215e-08,0.15947571969371405
0.71225,-0.745747250120709,0.6662290375621104,4.577676659955898e-08,0.16085536786018043
0.7125,-0.7463842303682968,0.6655153433118486,4.576298007208379e-08,0.16292569938055335
0.71275,-0.7470204285560444,0.664801151086234,4.558281796462893e-08,0.16876321031781302
0.713,-0.7476558445896551,0.6640864620285498,4.549933230180159e-08,0.1617052669228377
0.71325,-0.748290477614107,0.6633712773734923,4.526604269194934e-08,0.16796250428912074
0.7135,-0.7489243273912395,0.6626555983467535,4.508935602665076e-08,0.1662639089983402
0.71375,-0.7495573932328538,0.6619394261446633,4.481737758688098e-08,0.16465630018037003
0.714,-0.750189674602808,0.6612227624435185,4.472705139590971e-08,0.17116371990380003
0.71425,-0.750821171338095,0.6605056078035875,4.463474678750856e-08,0.16620320587530088
0.7145,-0.7514518823134356,0.6597879642064036,4.4572017188215796e-08,0.16852921263199652
0.71475,-0.7520818075205579,0.6590698318484978,4.422809740667333e-08,0.17175886728408418
0.715,-0.7527109460857879,0.6583512133644547,4.4247904895655665e-08,0.17021378632657705
0.71525,-0.7533392977838959,0.6576321087365056,4.401337738713096e-08,0.17408993970076264
0.7155,-0.7539668618154395,0.6569125200981801,4.3888781053880166e-08,0.17047968621503226
0.71575,-0.7545936378782176,0.656192447997963,4.356791993842535e-08,0.17694768796732985
0.716,-0.7552196253834573,0.6554718944268494,4.347392534853611e-08,0.17342770926846282
0.71625,-0.7558448238017809,0.6547508600766953,4.3219557710472145e-08,0.1722823894353048
0.7165,-0.7564692327318836,0.654029346553121,4.311133250389787e-08,0.17696100739463486
0.71675,-0.7570928516508467,0.6533073548862265,4.298462363827582e-08,0.1802405797195412
0.717,-0.7577156797697207,0.6525848865859558,4.2784646492322054e-08,0.17414888667945547
0.71725,-0.7583377169413825,0.6518619426176677,4.258457297900975e-08,0.17927741286561538
0.7175,-0.7589589625736614,0.6511385244890059,4.247230300791216e-08,0.17900032415833417
0.71775,-0.7595794161094014,0.6504146333348921,4.231662975584527e-08,0.17978845749632474
0.718,-0.7601990769974485,0.6496902706912842,4.224934246899181e-08,0.18207494087247555
0.71825,-0.7608179447132856,0.6489654373660024,4.1946696560657415e-08,0.18073932470942403
0.7185,-0.761436019023836,0.648240134951625,4.181448343132388e-08,0.18558943905912292
0.71875,-0.7620532991325962,0.6475143645705562,4.1522041804853416e-08,0.18298889503760557
0.719,-0.7626697846173762,0.6467881277523944,4.128488040322509e-08,0.1822198045218982
0.71925,-0.7632854751471193,0.6460614258848366,4.129345509973348e-08,0.18489215465083536
0.7195,-0.7639003700984521,0.645334259763268,4.113037777031536e-08,0.19026317648480537
0.71975,-0.7645144690444863,0.644606630699114,4.085981752943724e-08,0.18563958284405768
0.72,-0.7651277712521374,0.6438785407796104,4.080887094914942e-08,0.1878581865142723
0.72025,-0.7657402766623621,0.6431499899808208,4.045763946081138e-08,0.186423900584873
0.7205,-0.7663519844091712,0.6424209809516691,4.038738876666059e-08,0.19277385206815034
0.72075,-0.7669628942275155,0.6416915137789873,3.9988906852528316e-08,0.1906617093979736
0.721,-0.7675730055428183,0.6409615908985629,3.9922625205690565e-08,0.19160514296079836
0.72125,-0.7681823179251419,0.6402312129300418,3.9791357320240195e-08,0.19336962266089014
0.7215,-0.7687908307891501,0.6395003813076537,3.95990522594758e-08,0.18858072100474674
0.72175,-0.7693985438347841,0.6387690971614945,3.937179782198541e-08,0.20184396894522855
0.722,-0.7700054563884775,0.6380373621421143,3.917864677127625e-08,0.19290179131138355
0.72225,-0.7706115680786131,0.6373051773316316,3.8955140002627786e-08,0.19424455695998727
0.7225,-0.7712168784615021,0.6365725441457402,3.879204113488299e-08,0.19821252721168167
0.72275,-0.7718213870643222,0.6358394636672181,3.8543254143874606e-08,0.19923251891174742
0.723,-0.7724250932743097,0.6351059379021535,3.853919938734407e-08,0.19924481760375415
0.72325,-0.7730279967750019,0.6343719669576316,3.8129832624633764e-08,0.19983116602402154
0.7235,-0.7736300970575432,0.6336375534398142,3.8101227728404297e-08,0.20003065083259416
0.72375,-0.7742313936410705,0.6329026975942637,3.776074430916765e-08,0.20665581473935876
0.724,-0.7748318859868469,0.632167401593847,3.75899245064204e-08,0.2024136419239468
0.72425,-0.7754315737304229,0.6314316662530873,3.734259457210953e-08,0.20124092769510624
0.7245,-0.7760304564252254,0.6306954932720911,3.7266634222987705e-08,0.20433207599852843
0.72475,-0.7766285336158076,0.6299588835017846,3.706452678109429e-08,0.21347110571448025
0.725,-0.7772258046338119,0.6292218389815645,3.702000839211905e-08,0.20523542129361466
0.72525,-0.7778222692529194,0.6284843596362154,3.6426551774937366e-08,0.20523476797561319
0.7255,-0.778417926952938,0.6277464485176936,3.631414280391709e-08,0.20921658757387818
0.72575,-0.7790127773599482,0.627008105755223,3.598640607727077e-08,0.2126100364038466
0.726,-0.7796068198100699,0.6262693338562357,3.60115512965109e-08,0.21124294234237243
0.72625,-0.7802000540614352,0.6255301327566287,3.5671995357589026e-08,0.2115673762351108
0.7265,-0.7807924795998907,0.6247905048867922,3.559821859511203e-08,0.2146235889801317
0.72675,-0.781384095758049,0.6240504507538208,3.509483481600739e-08,0.214198901102471
0.727,-0.7819749025260645,0.6233099729483982,3.5278789889403583e-08,0.21606165186524498
0.72725,-0.7825648990589674,0.6225690711635415,3.4804302773139284e-08,0.21481939219666646
0.7275,-0.7831540852183438,0.6218277479757569,3.4673390603146004e-08,0.2217889613630993
0.72775,-0.7837424601870698,0.6210860038573316,3.4043774466141485e-08,0.22074162168424535
0.728,-0.784330023875238,0.620343842034579,3.435117634786877e-08,0.21743489759168938
0.72825,-0.7849167756668486,0.6196012612617721,3.3840209745505945e-08,0.22066697205683247
0.7285,-0.7855027153107346,0.6188582645994832,3.3711809788172786e-08,0.2240986643582693
0.72875,-0.7860878420226814,0.6181148527281107,3.326948472270885e-08,0.2223028831470127
0.729,-0.7866721557997112,0.6173710277978444,3.333736531274667e-08,0.22576947991431204
0.72925,-0.7872556558061959,0.6166267901447122,3.296150685727639e-08,0.22437904142653253
0.7295,-0.7878383418784967,0.6158821415785222,3.2624602352981924e-08,0.22953282124723876
0.72975,-0.78842021334421,0.6151370838237515,3.235245893407068e-08,0.22766998223672075
0.73,-0.7890012701418119,0.6143916180192619,3.2288859141971216e-08,0.2289927586880032
0.73025,-0.7895815114431216,0.613645745342083,3.199462206282533e-08,0.22924843505112424
0.7305,-0.7901609371228359,0.6128994672001333,3.172452234245782e-08,0.23139789509284858
0.73075,-0.7907395466142498,0.6121527850683164,3.142330240457625e-08,0.2359912011502768
0.731,-0.7913173396414841,0.6114057009028073,3.1556864010795493e-08,0.2327806825055427
0.73125,-0.7918943153151555,0.6106582143977766,3.071996945713806e-08,0.23500125238217162
0.7315,-0.792470473788487,0.6099103290108419,3.063033071626364e-08,0.2364133691681902
0.73175,-0.7930458143278422,0.6091620449613252,3.0322186317377486e-08,0.23644600467133384
0.732,-0.7936203368926549,0.6084133638267275,3.0206281920186484e-08,0.2402278093210364
0.73225,-0.7941940404215405,0.6076642872125514,2.989731440194987e-08,0.23996811473902288
0.7325,-0.7947669248158751,0.6069148167428416,2.978163959888036e-08,0.24151125492951878
0.73275,-0.7953389901999938,0.6061649526628097,2.9584525718107102e-08,0.24569814670088358
0.733,-0.7959102351889484,0.6054146976199206,2.9286373104397967e-08,0.24186560114752084
0.73325,-0.7964806598660124,0.6046640523089508,2.8847639610418696e-08,0.24532892921408253
0.7335,-0.797050264090967,0.6039130186703021,2.8803478047123576e-08,0.24696987872603254
0.73375,-0.7976190467140171,0.6031615971438795,2.7975066041463492e-08,0.2476976362432882
0.734,-0.7981870082977238,0.6024097915082081,2.8560116271947322e-08,0.24911647619750002
0.73425,-0.7987541477378457,0.6016575994806054,2.7770588051367895e-08,0.2501467952169832
0.7345,-0.79932046480794,0.6009050261539716,2.795894271656607e-08,0.2541350812029477
0.73475,-0.799885959037362,0.6001520696579323,2.7089909648836397e-08,0.25463140905944753
0.735,-0.8004506301627501,0.5993987341327056,2.6903916428011598e-08,0.24966368816744322
0.73525,-0.8010144777485213,0.598645019424898,2.6422485976951293e-08,0.25443633742988675
0.7355,-0.8015775015157559,0.5978909284707421,2.66419235561699e-08,0.2599220500381545
0.73575,-0.8021397007918759,0.5971364606409596,2.610664573410304e-08,0.26079810276408927
0.736,-0.802701075200936,0.5963816193622478,2.6020937404780398e-08,0.25664240403487654
0.73625,-0.8032616248107461,0.5956264037662627,2.5378565249312146e-08,0.2595964505141486
0.7365,-0.8038213489232489,0.5948708182588922,2.57003973658243e-08,0.2662359861873931
0.73675,-0.8043802468948651,0.5941148608455468,2.473608340380906e-08,0.2673906475481934
0.737,-0.8049383189191452,0.5933585361723885,2.4856509295290152e-08,0.25962706133254865
0.73725,-0.8054955637236079,0.5926018440376716,2.4367630580002242e-08,0.2662202304313874
0.7375,-0.8060519817564423,0.5918447858519326,2.3916803648660334e-08,0.2698377509109359
0.73775,-0.8066075723556975,0.5910873638547247,2.3745139410280558e-08,0.27186655857336145
0.738,-0.8071623353977042,0.5903295783279958,2.336679227887828e-08,0.2669401557917348
0.73825,-0.8077162696452784,0.5895714323249058,2.3031662355066373e-08,0.2732324807712545
0.7385,-0.8082693756194808,0.5888129259988651,2.2693824819342012e-08,0.2783061482652293
0.73875,-0.8088216534971424,0.588054060917176,2.2863516413451634e-08,0.27492336239165727
0.739,-0.8093731005624125,0.58729483977055,2.2367564245229232e-08,0.27489773788399147
0.73925,-0.8099237190826183,0.586535261887727,2.2085161921481244e-08,0.2778590469590104
0.7395,-0.810473507696758,0.5857753304611905,2.2227601537139208e-08,0.27888482107476475
0.73975,-0.811022464372393,0.5850150461686284,2.0980175818863245e-08,0.285264843046723
0.74,-0.8115705916173255,0.5842544117758024,2.142879207411852e-08,0.28055675661469404
0.74025,-0.8121178871131719,0.5834934261715803,2.0477305850974403e-08,0.28400313226440776
0.7405,-0.8126643518952444,0.5827320939917379,2.110465646687487e-08,0.2865132160438078
0.74075,-0.8132099833390029,0.5819704137229993,1.9725570066242426e-08,0.28912402559853584
0.741,-0.8137547840217394,0.5812083896136784,2.033779633592303e-08,0.28842838204144366
0.74125,-0.8142987509452138,0.5804460199744161,1.8947537538949177e-08,0.28871024399905504
0.7415,-0.814841885869949,0.5796833095779693,1.9185681265909693e-08,0.2942797026339534
0.74175,-0.815384186309498,0.5789202576810676,1.8018557756960263e-08,0.2943235402981141
0.742,-0.8159256543355369,0.5781568672806117,1.8293302206373596e-08,0.2933972557896291
0.74225,-0.8164662877482877,0.5773931383296798,1.7609832925202795e-08,0.295942659263647
0.7425,-0.8170060873424573,0.5766290737988553,1.7752378234092703e-08,0.30078399945023965
0.74275,-0.817545051370464,0.5758646745119239,1.7185529221919182e-08,0.3010659260449449
0.743,-0.8180831810658447,0.5750999419654192,1.7195719959062217e-08,0.30055455436555684
0.74325,-0.8186204748699667,0.574334877231141,1.6540219638372378e-08,0.2982988893824916
0.7435,-0.8191569335248782,0.5735694828285993,1.6687074166910065e-08,0.3115534707544341
0.74375,-0.8196925548324427,0.5728037595781243,1.571728525107119e-08,0.30971247238423955
0.744,-0.8202273404390041,0.572037709039364,1.5283322829517942e-08,0.3048394947263058
0.74425,-0.8207612897497498,0.5712713332910306,1.5495892125017008e-08,0.3107075697834142
0.7445,-0.8212944022912563,0.570504633008418,1.5759510585411363e-08,0.3218651087064303
0.74475,-0.8218266807259056,0.5697376135722294,2.073596916396525e-08,0.35748009398580816
0.745,-0.8223581362802304,0.5689702828474914,4.353492322195507e-08,0.5294880691210038
0.74525,-0.8228888278105602,0.5682026833908449,1.5617398507750124e-07,1.330361609289832
0.7455,-0.8234190264976397,0.5674350048157393,6.889440420376758e-07,5.105636564537162
0.74575,-0.8239500255659074,0.5666681386571927,3.211994474838775e-06,0.0
0.746,-0.8244802528115345,0.5659010038118102,5.81667877619374e-06,0.0
0.74625,-0.8250097087225661,0.5651336022892804,8.503925317704386e-06,0.0
0.7465,-0.8255383937870475,0.5643659360992921,1.1274659305282597e-05,0.0
0.74675,-0.8260663084930238,0.5635980072515336,1.4129802770046496e-05,0.0
0.747,-0.8265934533285402,0.5628298177556939,1.7070274557440257e-05,0.0
0.74725,-0.8271198287816417,0.5620613696214611,2.0096990317908237e-05,0.0
0.7475,-0.8276454353403737,0.5612926648585241,2.3210862498013185e-05,0.0
0.74775,-0.8281702734927814,0.5605237054765715,2.641280032933402e-05,0.0
0.748,-0.8286943437269096,0.5597544934852918,2.970370981936199e-05,0.0
0.74825,-0.8292176465308038,0.5589850308943737,3.3084493742618903e-05,0.0
0.7485,-0.8297401823925089,0.5582153197135056,3.655605163022102e-05,0.0
0.74875,-0.8302619518000703,0.5574453619523763,4.011927976077523e-05,0.0
0.749,-0.8307829552415331,0.5566751596206743,4.3775071150831124e-05,0.0
0.74925,-0.8313031932049424,0.5559047147280882,4.752431554511105e-05,0.0
0.7495,-0.8318226661783434,0.5551340292843067,5.1367899408072404e-05,0.0
0.74975,-0.8323413746497813,0.5543631052990181,5.530670591302744e-05,0.0
0.75,-0.8328593191073012,0.5535919447819115,5.934161493459378e-05,0.0
0.75025,-0.8333765000389484,0.552820549742675,6.347350303759214e-05,0.0
0.7505,-0.8338929179327677,0.5520489221909974,6.770324346905277e-05,0.0
0.75075,-0.8344085732768047,0.5512770641365674,7.203170614955567e-05,0.0
0.751,-0.8349234665591043,0.5505049775890736,7.645975766168434e-05,0.0
0.75125,-0.8354375982677117,0.5497326645582044,8.098826124358638e-05,0.0
0.7515,-0.8359509688906721,0.5489601270536484,8.561807677809341e-05,0.0
0.75175,-0.8364635789160308,0.5481873670850943,9.03500607847274e-05,0.0
0.752,-0.8369754288318327,0.5474143866622307,9.518506640993074e-05,0.0
0.75225,-0.8374865191261232,0.5466411877947462,0.00010012394341862851,0.0
0.7525,-0.8379968502869473,0.5458677724923295,0.00010516753818534674,0.0
0.75275,-0.8385064228023502,0.5450941427646688,0.00011031669368510855,0.0
0.753,-0.8390152371603772,0.5443203006214532,0.00011557224948410827,0.0
0.75325,-0.8395232938490732,0.543546248072371,0.00012093504173216196,0.0
0.7535,-0.8400305933564836,0.5427719871271107,0.00012640590315293743,0.0
0.75375,-0.8405371361706533,0.5419975197953611,0.0001319856630355165,0.0
0.754,-0.8410429227796279,0.5412228480868109,0.00013767514722617946,0.0
0.75425,-0.8415479536714521,0.5404479740111484,0.00014347517811819088,0.0
0.7545,-0.8420522293341713,0.5396728995780624,0.0001493865746462486,0.0
0.75475,-0.8425557502558307,0.5388976267972414,0.00015541015227471533,0.0
0.755,-0.8430585169244753,0.5381221576783741,0.0001615467229905132,0.0
0.75525,-0.8435605298281503,0.537346494231149,0.00016779709529535225,0.0
0.7555,-0.8440617894549012,0.5365706384652549,0.00017416207419662655,0.0
0.75575,-0.8445622962927726,0.53579459239038,0.0001806424611978663,0.0
0.756,-0.8450620508298099,0.5350183580162131,0.00018723905429274268,0.0
0.75625,-0.8455610535540585,0.534241937352443,0.00019395264795574185,0.0
0.7565,-0.8460593049535632,0.533465332408758,0.00020078403313261717,0.0
0.75675,-0.8465568055163695,0.5326885451948469,0.0002077339972343939,0.0
0.757,-0.8470535557305222,0.5319115777203982,0.00021480332412804337,0.0
0.75725,-0.8475495560840668,0.5311344319951005,0.0002219927941280453,0.0
0.7575,-0.8480448070650483,0.5303571100286423,0.00022930318398906024,0.0
0.75775,-0.8485393091615118,0.5295796138307123,0.00023673526689771407,0.0
0.758,-0.8490330628615026,0.5288019454109992,0.00024428981246460424,0.0
0.75825,-0.8495260686530657,0.5280241067791914,0.0002519675867156401,0.0
0.7585,-0.8500183270242465,0.5272460999449776,0.0002597693520860478,0.0
0.75875,-0.85050983846309,0.5264679269180464,0.00026769586740971185,0.0
0.759,-0.8510006034576414,0.5256895897080864,0.00027574788791406846,0.0
0.75925,-0.8514906224959458,0.5249110903247861,0.0002839261652107794,0.0
0.7595,-0.8519798960660484,0.5241324307778343,0.0002922314472886267,0.0
0.75975,-0.8524684246559944,0.5233536130769193,0.0003006644785048529,0.0
0.76,-0.8529562087538289,0.52257463923173,0.00030922599957960983,0.0
0.76025,-0.8534432488475973,0.5217955112519548,0.0003179167475861888,0.0
0.7605,-0.8539295454253444,0.5210162311472825,0.0003267374559443592,0.0
0.76075,-0.8544150989751156,0.5202368009274014,0.00033568885441304097,0.0
0.761,-0.854899909984956,0.5194572226020002,0.00034477166908319923,0.0
0.76125,-0.8553839789429107,0.5186774981807678,0.00035398662236874046,0.0
0.7615,-0.8558673063370251,0.5178976296733924,0.0003633344330016275,0.0
0.76175,-0.8563498926553441,0.5171176190895627,0.0003728158160223316,0.0
0.762,-0.8568317383859129,0.5163374684389674,0.00038243148277405936,0.0
0.76225,-0.8573128440167768,0.515557179731295,0.000392182140894759,0.0
0.7625,-0.8577932100359807,0.5147767549762341,0.000402068494310015,0.0
0.76275,-0.85827283693157,0.5139961961834734,0.0004120912432259427,0.0
0.763,-0.8587517251915898,0.5132155053627014,0.00042225108412341505,0.0
0.76325,-0.8592298753040855,0.5124346845236067,0.00043254870974829274,0.0
0.7635,-0.8597072877571017,0.511653735675878,0.00044298480910609506,0.0
0.76375,-0.860183963038684,0.5108726608292038,0.00045356006745600475,0.0
0.764,-0.8606599016368774,0.5100914619932726,0.0004642751663019862,0.0
0.76425,-0.8611351040397273,0.5093101411777732,0.00047513078338679016,0.0
0.7645,-0.8616095707352784,0.5085287003923941,0.00048612759268595873,0.0
0.76475,-0.8620833022115763,0.5077471416468238,0.0004972662643989434,0.0
0.765,-0.862556298956666,0.5069654669507511,0.0005085474649451083,0.0
0.76525,-0.8630285614585925,0.5061836783138645,0.0005199718569546263,0.0
0.7655,-0.8635000902054013,0.5054017777458525,0.0005315400992635944,0.0
0.76575,-0.8639708856851374,0.5046197672564038,0.0005432528469060394,0.0
0.766,-0.8644409483858457,0.503837648855207,0.0005551107511085895,0.0
0.76625,-0.8649102787955719,0.5030554245519507,0.0005671144592835908,0.0
0.7665,-0.8653788774023609,0.5022730963563236,0.0005792646150224456,0.0
0.76675,-0.8658467446942577,0.501490666278014,0.0005915618580887294,0.0
0.767,-0.8663138811593076,0.5007081363267107,0.0006040068244135277,0.0
0.76725,-0.8667802872855559,0.49992550851210227,0.0006166001460874426,0.0
0.7675,-0.8672459635610474,0.4991427848438773,0.0006293424513548196,0.0
0.76775,-0.8677109104738276,0.49835996733172444,0.0006422343646086404,0.0
0.768,-0.8681751285119417,0.49757705798533225,0.0006552765063827515,0.0
0.76825,-0.8686386181634346,0.49679405881438926,0.0006684694933463131,0.0
0.7685,-0.8691013799163516,0.4960109718285841,0.000681813938298248,0.0
0.76875,-0.8695634142587377,0.4952277990376055,0.0006953104501610241,0.0
0.769,-0.8700247216786383,0.49444454245114183,0.0007089596339742155,0.0
0.76925,-0.8704853026640985,0.4936612040788818,0.000722762090889395,0.0
0.7695,-0.8709451577031635,0.49287778593051407,0.0007367184181632513,0.0
0.76975,-0.8714042872838783,0.4920942900157272,0.0007508292091524815,0.0
0.77,-0.8718626918942881,0.4913107183442097,0.0007650950533084622,0.0
0.77025,-0.8723203720224382,0.49052707292565023,0.000779516536170366,0.0
0.7705,-0.8727773281563737,0.4897433557697374,0.0007940942393604988,0.0
0.77075,-0.8732335607841397,0.4889595688861597,0.0008088287405776384,0.0
0.771,-0.8736890703937814,0.48817571428460593,0.0008237206135928155,0.0
0.77125,-0.874143857473344,0.4873917939747645,0.0008387704282428743,0.0
0.7715,-0.8745979225108726,0.48660780996632413,0.000853978750425366,0.0
0.77175,-0.8750512659944125,0.48582376426897333,0.0008693461420921089,0.0
0.772,-0.8755038884120085,0.48503965889240075,0.0008848731612458582,0.0
0.77225,-0.8759557902517063,0.48425549584629496,0.0009005603619334224,0.0
0.7725,-0.8764069720015507,0.48347127714034455,0.000916408294240556,0.0
0.77275,-0.876857434149587,0.4826870047842382,0.0009324175042870753,0.0
0.773,-0.8773071771838602,0.4819026807876644,0.0009485885342215283,0.0
0.77325,-0.8777562015924156,0.4811183071603118,0.0009649219222167549,0.0
0.7735,-0.8782045078632983,0.480333885911869,0.0009814182024630025,0.0
0.77375,-0.8786520964845534,0.47954941905202453,0.0009980779051652622,0.0
0.774,-0.8790989679442264,0.47876490859046705,0.001014901556536385,0.0
0.77425,-0.8795451227303621,0.4779803565368852,0.0010318896787930854,0.0
0.7745,-0.8799905613310057,0.47719576490096743,0.0010490427901512778,0.0
0.77475,-0.8804352842342026,0.47641113569240245,0.001066361404820082,0.0
0.775,-0.8808792919279977,0.47562647092087884,0.0010838460329984922,0.0
0.77525,-0.8813225849004362,0.47484177259608523,0.001101497180869604,0.0
0.7755,-0.8817651636395635,0.4740570427277101,0.001119315350597061,0.0
0.77575,-0.8822070286334245,0.47327228332544224,0.0011373010403186168,0.0
0.776,-0.8826481803700645,0.47248749639897003,0.0011554547441434693,0.0
0.77625,-0.8830886193375286,0.4717026839579822,0.001173776952146488,0.0
0.7765,-0.883528346023862,0.4709178480121673,0.0011922681503646615,0.0
0.77675,-0.8839673609171098,0.47013299057121394,0.00121092882079199,0.0
0.777,-0.8844056645053171,0.4693481136448107,0.0012297594413750446,0.0
0.77725,-0.8848432572765295,0.4685632192426462,0.0012487604860096368,0.0
0.7775,-0.8852801397187915,0.4677783093744091,0.0012679324245350454,0.0
0.77775,-0.8857163123201488,0.4669933860497879,0.0012872757227315734,0.0
0.778,-0.8861517755686462,0.4662084512784712,0.0013067908423147756,0.0
0.77825,-0.886586529952329,0.46542350707014757,0.0013264782409319054,0.0
0.7785,-0.8870205759592427,0.4646385554345057,0.0013463383721592503,0.0
0.77875,-0.8874539140774318,0.4638535983812342,0.001366371685495027,0.0
0.779,-0.8878865447949418,0.4630686379200215,0.0013865786263584923,0.0
0.77925,-0.8883184685998181,0.46228367606055637,0.001406959636085059,0.0
0.7795,-0.8887496859801055,0.46149871481252736,0.001427515151920744,0.0
0.77975,-0.8891801974238494,0.46071375618562305,0.0014482456070217253,0.0
0.78,-0.8896100034190947,0.459928802189532,0.0014691514304467912,0.0
0.78025,-0.8900391044538869,0.45914385483394293,0.001490233047157563,0.0
0.7805,-0.8904675010162708,0.4583589161285443,0.001511490878010946,0.0
0.78075,-0.8908951935942918,0.45757398808302474,0.001532925339758684,0.0
0.781,-0.8913221826759951,0.4567890727070728,0.0015545368450424757,0.0
0.78125,-0.8917484687494257,0.4560041720103773,0.0015763258023899773,0.0
0.7815,-0.8921740523026288,0.45521928800262657,0.0015982926162125821,0.0
0.78175,-0.8925989338236496,0.4544344226935093,0.0016204376868012016,0.0
0.782,-0.8930231138005333,0.4536495780927141,0.001642761410323157,0.0
0.78225,-0.893446592721325,0.45286475620992966,0.0016652641788195144,0.0
0.7825,-0.8938693710740699,0.45207995905484444,0.0016879463802004224,0.0
0.78275,-0.8942914493468131,0.4512951886371471,0.0017108083982431133,0.0
0.783,-0.8947128280275998,0.4505104469665262,0.0017338506125890163,0.0
0.78325,-0.8951335076044753,0.4497257360526703,0.0017570733987393172,0.0
0.7835,-0.8955534885654846,0.44894105790526817,0.0017804771280536258,0.0
0.78375,-0.8959727713986727,0.4481564145340082,0.0018040621677453128,0.0
0.784,-0.8963913565920851,0.4473718079485791,0.001827828880880622,0.0
0.78425,-0.8968092446337668,0.4465872401586694,0.001851777626373341,0.0
0.7845,-0.897226436011763,0.4458027131739678,0.001875908758984579,0.0
0.78475,-0.8976429312141188,0.4450182290041629,0.0019002226293178826,0.0
0.785,-0.8980587307288793,0.4442337896589431,0.001924719583817902,0.0
0.78525,-0.89847383504409,0.44344939714799714,0.0019493999647670623,0.0
0.7855,-0.8988882446477957,0.4426650534810137,0.0019742641102835634,0.0
0.78575,-0.8993019600280416,0.4418807606676812,0.001999312354317828,0.0
0.786,-0.8997149816728731,0.4410965207176884,0.002024545026651836,0.0
0.78625,-0.9001273100703352,0.4403123356407238,0.0020499624528942384,0.0
0.7865,-0.900538945708473,0.43952820744647597,0.0020755649544801358,0.0
0.78675,-0.9009498890753318,0.43874413814463353,0.002101352848667748,0.0
0.787,-0.9013601406589566,0.4379601297448852,0.002127326448536193,0.0
0.78725,-0.9017697009473928,0.4371761842569194,0.0021534860629834895,0.0
0.7875,-0.9021785704286854,0.4363923036904248,0.002179831996724335,0.0
0.78775,-0.9025867495908796,0.43560849005509,0.002206364550287887,0.0
0.788,-0.9029942389220205,0.4348247453606036,0.002233084020015985,0.0
0.78825,-0.9034010389101532,0.43404107161665423,0.002259990698061154,0.0
0.7885,-0.9038071500433231,0.4332574708329304,0.0022870848723839377,0.0
0.78875,-0.9042125728095753,0.43247394501912084,0.0023143668267522344,0.0
0.789,-0.9046173076969548,0.43169049618491395,0.0023418368407377432,0.0
0.78925,-0.9050213551935069,0.4309071263399985,0.0023694951897166305,0.0
0.7895,-0.9054247157872768,0.430123837494063,0.002397342144865311,0.0
0.78975,-0.9058273899663094,0.42934063165679615,0.0024253779731602254,0.0
0.79,-0.9062293782186501,0.4285575108378864,0.002453602937376065,0.0
0.79025,-0.9066306810323441,0.42777447704702243,0.0024820172960837716,0.0
0.7905,-0.9070312988954364,0.4269915322938928,0.0025106213036492075,0.0
0.79075,-0.9074312322959723,0.4262086785881862,0.0025394152102324874,0.0
0.791,-0.9078304817219969,0.42542591793959106,0.0025683992617844265,0.0
0.79125,-0.9082290476615553,0.42464325235779615,0.0025975737000478727,0.0
0.7915,-0.9086269306026928,0.42386068385249,0.002626938762554598,0.0
0.79175,-0.9090241310334544,0.42307821443336113,0.0026564946826246327,0.0
0.792,-0.9094206494418854,0.4222958461100983,0.0026862416893653762,0.0
0.79225,-0.9098164863160308,0.42151358089238994,0.0027161800076698217,0.0
0.7925,-0.9102116421439359,0.42073142078992476,0.0027463098582158896,0.0
0.79275,-0.9106061174136459,0.4199493678123912,0.0027766314574655393,0.0
0.793,-0.910999912613206,0.41916742396947815,0.002807145017663437,0.0
0.79325,-0.9113930282306612,0.41838559127087394,0.002837850746836068,0.0
0.7935,-0.9117854647540566,0.41760387172626723,0.0028687488487910695,0.0
0.79375,-0.9121772226714375,0.41682226734534666,0.0028998395231165652,0.0
0.794,-0.9125683024708491,0.41604078013780077,0.0029311229651800552,0.0
0.79425,-0.9129587046403365,0.4152594121133183,0.0029625993661277494,0.0
0.7945,-0.9133484296679448,0.41447816528158776,0.002994268912884568,0.0
0.79475,-0.9137374780417193,0.41369704165229765,0.003026131788152586,0.0
0.795,-0.9141258502497049,0.41291604323513664,0.003058188170410814,0.0
0.79525,-0.9145135467799472,0.41213517203979344,0.0030904382339156378,0.0
0.7955,-0.9149005681204911,0.4113544300759564,0.0031228821486988245,0.0
0.79575,-0.9152869147593816,0.4105738193533144,0.003155520080568408,0.0
0.796,-0.9156725871846643,0.4097933418815558,0.0031883521911078017,0.0
0.79625,-0.9160575858843839,0.4090129996703693,0.003221378637675798,0.0
0.7965,-0.9164419113465858,0.40823279472944346,0.003254599573406125,0.0
0.79675,-0.9168255640593151,0.40745272906846697,0.003288015147207446,0.0
0.797,-0.9172085445106172,0.4066728046971283,0.003321625503763137,0.0
0.79725,-0.9175908531885368,0.40589302362511614,0.00335543078353151,0.0
0.7975,-0.9179724905811195,0.4051133878621191,0.003389431122745812,0.0
0.79775,-0.91835345717641,0.4043338994178257,0.0034236266534133364,0.0
0.798,-0.918733753462454,0.40355456030192455,0.0034580175033178673,0.0
0.79825,-0.9191133799272964,0.40277537252410434,0.003492603796017013,0.0
0.7985,-0.9194923370589823,0.40199633809405355,0.003527385650843984,0.0
0.79875,-0.9198706253455569,0.4012174590214608,0.003562363182908257,0.0
0.799,-0.9202482452750653,0.40043873731601476,0.0035975365030949114,0.0
0.79925,-0.9206251973355529,0.3996601749874039,0.0036329057180659596,0.0
0.7995,-0.9210014820150646,0.398881774045317,0.0036684709302592378,0.0
0.79975,-0.9213770998016457,0.3981035364994424,0.0037042322378912917,0.0
0.8,-0.9217520511833415,0.39732546435946897,0.0037401897349556013,0.0
0.80025,-0.9221263366481967,0.39654755963508515,0.003776343511225022,0.0
0.8005,-0.9224999566842569,0.39576982433597957,0.003812693652250898,0.0
0.80075,-0.9228729117795673,0.39499226047184083,0.0038492402393657255,0.0
0.801,-0.9232452024221727,0.3942148700523575,0.0038859833496809326,0.0
0.80125,-0.9236168291001183,0.39343765508721823,0.003922923056091099,0.0
0.8015,-0.9239877923014497,0.3926606175861116,0.003960059427273066,0.0
0.80175,-0.9243580925142115,0.3918837595587261,0.003997392527686383,0.0
0.802,-0.9247277302264494,0.39110708301475056,0.00403492241757597,0.0
0.80225,-0.9250967059262081,0.3903305899638734,0.004072649152971675,0.0
0.8025,-0.9254650201015329,0.3895542824157832,0.004110572785690048,0.0
0.80275,-0.9258326732404691,0.3887781623801687,0.004148693363335454,0.0
0.803,-0.9261996658310618,0.38800223186671834,0.004187010929301627,0.0
0.80325,-0.9265659983613561,0.3872264928851208,0.004225525522771667,0.0
0.8035,-0.9269316713193974,0.3864509474450647,0.004264237178721597,0.0
0.80375,-0.9272966851932305,0.3856755975562386,0.004303145927919028,0.0
0.804,-0.9276610404709007,0.384900445228331,0.0043422517969267105,0.0
0.80425,-0.9280247376404532,0.38412549247103067,0.004381554808103649,0.0
0.8045,-0.9283877771899331,0.38335074129402613,0.004421054979605765,0.0
0.80475,-0.9287501596073857,0.382576193707006,0.00446075232538834,0.0
0.805,-0.9291118853808561,0.38180185171965886,0.004500646855207124,0.0
0.80525,-0.9294729549983893,0.3810277173416733,0.00454073857462034,0.0
0.8055,-0.9298333689480307,0.3802537925827379,0.004581027484991118,0.0
0.80575,-0.9301931277178255,0.37948007945254125,0.004621513583487724,0.0
0.806,-0.9305522317958185,0.378706579960772,0.004662196863086665,0.0
0.80625,-0.9309106816700551,0.37793329611711873,0.004703077312574244,0.0
0.8065,-0.9312684778285805,0.3771602299312701,0.004744154916548782,0.0
0.80675,-0.9316256207594398,0.3763873834129145,0.004785429655422391,0.0
0.807,-0.9319821109506782,0.37561475857174076,0.004826901505423198,0.0
0.80725,-0.9323379488903408,0.3748423574174373,0.00486857043859712,0.0
0.8075,-0.9326931350664728,0.3740701819596928,0.004910436422810527,0.0
0.80775,-0.9330476699671193,0.37329823420819597,0.004952499421752465,0.0
0.808,-0.9334015540803257,0.37252651617263516,0.00499475939493732,0.0
0.80825,-0.9337547878941368,0.37175502986269915,0.005037216297705482,0.0
0.8085,-0.934107371896598,0.37098377728807647,0.005079870081228011,0.0
0.80875,-0.9344593065757543,0.37021276045845575,0.005122720692507965,0.0
0.809,-0.934810592419651,0.3694419813835255,0.005165768074382848,0.0
0.80925,-0.9351612299163334,0.3686714420729745,0.0052090121655277155,0.0
0.8095,-0.9355112195538463,0.3679011445364912,0.005252452900456728,0.0
0.80975,-0.9358605618202351,0.36713109078376416,0.005296090209527593,0.0
0.81,-0.936209257203545,0.3663612828244821,0.005339924018942677,0.0
0.81025,-0.936557306191821,0.36559172266833356,0.005383954250752998,0.0
0.8105,-0.9369047092731084,0.3648224123250071,0.005428180822859785,0.0
0.81075,-0.9372514669354521,0.36405335380419146,0.0054726036490186925,0.0
0.811,-0.9375975796668976,0.36328454911557506,0.005517222638842245,0.0
0.81125,-0.93794304795549,0.36251600026884656,0.005562037697802502,0.0
0.8115,-0.9382878722892742,0.3617477092736946,0.005607048727234609,0.0
0.81175,-0.9386320531562957,0.3609796781398078,0.005652255624339686,0.0
0.812,-0.9389755910445996,0.3602119088768746,0.005697658282188156,0.0
0.81225,-0.9393184864422308,0.35944440349458373,0.005743256589722634,0.0
0.8125,-0.9396607398372346,0.35867716400262384,0.005789050431761478,0.0
0.81275,-0.9400023517176563,0.35791019241068334,0.0058350396890023415,0.0
0.813,-0.940343322571541,0.357143490728451,0.005881224238025284,0.0
0.81325,-0.9406836528869336,0.3563770609656153,0.005927603951295657,0.0
0.8135,-0.9410233431518796,0.3556109051318649,0.00597417869716943,0.0
0.81375,-0.941362393854424,0.35484502523688843,0.006020948339893861,0.0
0.814,-0.941700805482612,0.35407942329037434,0.006067912739614378,0.0
0.81425,-0.9420385785244889,0.35331410130201135,0.006115071752375467,0.0
0.8145,-0.9423757134680997,0.35254906128148805,0.006162425230125779,0.0
0.81475,-0.9427122108014894,0.351784305238493,0.00620997302072146,0.0
0.815,-0.9430480710127036,0.35101983518271485,0.006257714967930816,0.0
0.81525,-0.9433832945897871,0.3502556531238422,0.006305650911436755,0.0
0.8155,-0.9437178820207852,0.34949176107156354,0.006353780686841448,0.0
0.81575,-0.9440518337937429,0.3487281610355676,0.006402104125670771,0.0
0.816,-0.9443851503967056,0.34796485502554286,0.006450621055377637,0.0
0.81625,-0.9447178323177183,0.347201845051178,0.0064993312993459895,0.0
0.8165,-0.9450498800448264,0.3464391331221617,0.006548234676895914,0.0
0.81675,-0.9453812940660746,0.3456767212481823,0.0065973310032863,0.0
0.817,-0.9457120748695087,0.34491461143892854,0.006646620089720612,0.0
0.81725,-0.9460422229431733,0.3441528057040891,0.0066961017433500025,0.0
0.8175,-0.9463717387751138,0.34339130605335244,0.006745775767278417,0.0
0.81775,-0.9467006228533753,0.34263011449640723,0.006795641960566812,0.0
0.818,-0.947028875666003,0.34186923304294214,0.006845700118237152,0.0
0.81825,-0.947356497701042,0.3411086637026456,0.006895950031277742,0.0
0.8185,-0.9476834894465377,0.3403484084852063,0.006946391486646553,0.0
0.81875,-0.9480098513905348,0.33958846940031273,0.006997024267276997,0.0
0.819,-0.948335584021079,0.3388288484576537,0.007047848152082814,0.0
0.81925,-0.948660687826215,0.33806954766691766,0.007098862915961179,0.0
0.8195,-0.9489851632939883,0.3373105690377932,0.007150068329798254,0.0
0.81975,-0.949309010912444,0.336551914579969,0.0072014641604754015,0.0
0.82,-0.949632231169627,0.3357935863031336,0.007253050170871411,0.0
0.82025,-0.9499548245535827,0.3350355862169756,0.007304826119869601,0.0
0.8205,-0.9502767915523562,0.33427791633118364,0.007356791762361814,0.0
0.82075,-0.9505981326539927,0.33352057865544626,0.007408946849253306,0.0
0.821,-0.9509188483465374,0.3327635751994521,0.007461291127468739,0.0
0.82125,-0.9512389391180354,0.3320069079728897,0.007513824339956177,0.0
0.8215,-0.9515584054565317,0.33125057898544774,0.007566546225693083,0.0
0.82175,-0.9518772478500718,0.33049459024681466,0.007619456519690759,0.0
0.822,-0.9521954667867005,0.3297389437666792,0.0076725549530005654,0.0
0.82225,-0.9525130627544633,0.32898364155473003,0.007725841252718579,0.0
0.8225,-0.952830036241405,0.32822868562065555,0.007779315141990928,0.0
0.82275,-0.9531463877355713,0.3274740779741445,0.007832976340020226,0.0
0.823,-0.9534621177250069,0.32671982062488536,0.007886824562069572,0.0
0.82325,-0.953777226697757,0.32596591558256693,0.007940859519468768,0.0
0.8235,-0.9540917151418669,0.32521236485687754,0.007995080919620534,0.0
0.82375,-0.9544055835453817,0.32445917045750594,0.008049488466004506,0.0
0.824,-0.9547188323963465,0.32370633439414065,0.008104081858185008,0.0
0.82425,-0.9550314621828067,0.3229538586764704,0.008158860791815492,0.0
0.8245,-0.9553434733928072,0.32220174531418366,0.00821382495864409,0.0
0.82475,-0.9556548665143932,0.32144999631696913,0.00826897404652005,0.0
0.825,-0.9559656420356101,0.32069861369451524,0.008324307739399961,0.0
0.82525,-0.9562758004445028,0.31994759945651086,0.00837982571735263,0.0
0.8255,-0.9565853422291165,0.3191969556126443,0.008435527656565744,0.0
0.82575,-0.9568942678774963,0.31844668417260436,0.008491413229352318,0.0
0.826,-0.9572025778776877,0.3176967871460795,0.00854748210415579,0.0
0.82625,-0.9575102727177356,0.3169472665427584,0.008603733945556247,0.0
0.8265,-0.957817352885685,0.3161981243723297,0.008660168414278191,0.0
0.82675,-0.9581238188695815,0.31544936264448187,0.008716785167194763,0.0
0.827,-0.9584296711574699,0.31470098336890356,0.008773583857334621,0.0
0.82725,-0.9587349102373954,0.3139529885552834,0.00883056413388883,0.0
0.8275,-0.9590395365974034,0.31320538021330996,0.008887725642217514,0.0
0.82775,-0.9593435507255388,0.3124581603526718,0.00894506802385453,0.0
0.828,-0.9596469531098468,0.31171133098305764,0.009002590916515896,0.0
0.82825,-0.9599497442383729,0.31096489411415595,0.009060293954105347,0.0
0.8285,-0.9602519245991616,0.31021885175565544,0.009118176766720998,0.0
0.82875,-0.9605534946802587,0.3094732059172446,0.009176238980662443,0.0
0.829,-0.9608544549697091,0.308727958608612,0.009234480218436536,0.0
0.82925,-0.9611548059555579,0.3079831118394464,0.009292900098764711,0.0
0.8295,-0.9614545481258503,0.30723866761943625,0.009351498236590317,0.0
0.82975,-0.9617536819686316,0.3064946279582702,0.00941027424308416,0.0
0.83,-0.9620522079719469,0.30575099486563684,0.009469227725652285,0.0
0.83025,-0.9623501266238412,0.3050077703512248,0.009528358287942629,0.0
0.8305,-0.9626474384123598,0.3042649564247226,0.009587665529851908,0.0
0.83075,-0.9629441438255478,0.30352255509581894,0.009647149047533166,0.0
0.831,-0.9632402433514504,0.3027805683742024,0.00970680843340177,0.0
0.83125,-0.9635357374781129,0.3020389982695615,0.00976664327614385,0.0
0.8315,-0.9638306266935803,0.30129784679158483,0.009826653160722065,0.0
0.83175,-0.9641249114858977,0.3005571159499611,0.00988683766838383,0.0
0.832,-0.9644185923431106,0.2998168077543788,0.00994719637666841,0.0
0.83225,-0.9647116697532636,0.2990769242145266,0.010007728859414033,0.0
0.8325,-0.9650041442044024,0.2983374673400931,0.010068434686765215,0.0
0.83275,-0.9652960161845718,0.2975984391407668,0.010129313425180086,0.0
0.833,-0.9655872861818172,0.29685984162623635,0.010190364637438387,0.0
0.83325,-0.9658779546841836,0.2961216768061904,0.010251587882648128,0.0
0.8335,-0.9661680221797162,0.2953839466903175,0.010312982716253583,0.0
0.83375,-0.9664574891564602,0.29464665328830625,0.010374548690043284,0.0
0.834,-0.9667463561024607,0.29390979860984523,0.010436285352156904,0.0
0.83425,-0.967034623505763,0.2931733846646231,0.010498192247093474,0.0
0.8345,-0.9673222918544122,0.2924374134623284,0.010560268915718485,0.0
0.83475,-0.9676093616364534,0.29170188701264976,0.01062251489527255,0.0
0.835,-0.9678958333399317,0.2909668073252757,0.010684929719378289,0.0
0.83525,-0.9681817074528924,0.2902321764098949,0.010747512918049429,0.0
0.8355,-0.9684669844633806,0.289497996276196,0.010810264017697024,0.0
0.83575,-0.9687516648594414,0.2887642689338674,0.010873182541138782,0.0
0.836,-0.9690357491291204,0.2880309963925979,0.010936268007607053,0.0
0.83625,-0.969319237760462,0.2872981806620761,0.010999519932755497,0.0
0.8365,-0.969602131241512,0.28656582375199047,0.011062937828669073,0.0
0.83675,-0.9698844300603152,0.28583392767202964,0.011126521203870698,0.0
0.837,-0.9701661347049169,0.28510249443188224,0.011190269563330135,0.0
0.83725,-0.9704472456633624,0.2843715260412369,0.011254182408472424,0.0
0.8375,-0.9707277634236966,0.2836410245097821,0.011318259237185435,0.0
0.83775,-0.9710076884739647,0.2829109918472065,0.011382499543828528,0.0
0.838,-0.971287021302212,0.28218143006319873,0.011446902819241211,0.0
0.83825,-0.9715657623964836,0.2814523411674474,0.011511468550751358,0.0
0.8385,-0.9718439122448246,0.28072372716964106,0.011576196222183421,0.0
0.83875,-0.9721214713352804,0.2799955900794683,0.01164108531386776,0.0
0.839,-0.9723984401558958,0.2792679319066177,0.011706135302647303,0.0
0.83925,-0.9726748191947162,0.27854075466077793,0.011771345661888866,0.0
0.8395,-0.9729506089397868,0.2778140603516375,0.011836715861489822,0.0
0.83975,-0.9732258098791526,0.2770878509888851,0.011902245367886977,0.0
0.84,-0.9735004225008588,0.2763621285822093,0.011967933644065676,0.0
0.84025,-0.9737744472929506,0.2756368951412987,0.01203378014956935,0.0
0.8405,-0.974047884743473,0.2749121526758419,0.012099784340506403,0.0
0.84075,-0.9743207353404716,0.27418790319552744,0.012165945669561307,0.0
0.841,-0.9745929995719911,0.2734641487100439,0.012232263586001269,0.0
0.84125,-0.9748646779260769,0.27274089122907996,0.012298737535687332,0.0
0.8415,-0.9751357708907741,0.2720181327623242,0.012365366961081703,0.0
0.84175,-0.9754062789541278,0.27129587531946525,0.012432151301257743,0.0
0.842,-0.9756762026041832,0.2705741209101916,0.012499089991908185,0.0
0.84225,-0.9759455423289856,0.26985287154419196,0.012566182465355569,0.0
0.8425,-0.97621429861658,0.26913212923115487,0.012633428150560455,0.0
0.84275,-0.9764824719550116,0.2684118959807689,0.012700826473130311,0.0
0.843,-0.9767500628323256,0.2676921738027227,0.012768376855329722,0.0
0.84325,-0.977017071736567,0.2669729647067049,0.01283607871608905,0.0
0.8435,-0.9772834991557813,0.26625427070240404,0.012903931471014207,0.0
0.84375,-0.9775493455780133,0.2655360937995086,0.012971934532395313,0.0
0.844,-0.9778146114913082,0.2648184360077074,0.01304008730921713,0.0
0.84425,-0.9780792973837116,0.2641012993366889,0.013108389207167725,0.0
0.8445,-0.9783434037432681,0.2633846857961417,0.01317683962864824,0.0
0.84475,-0.9786069310580231,0.26266859739575454,0.013245437972782215,0.0
0.845,-0.9788698798160218,0.26195303614521587,0.013314183635426025,0.0
0.84525,-0.9791322505053095,0.2612380040542143,0.013383076009177097,0.0
0.8455,-0.979394043613931,0.26052350313243844,0.013452114483385014,0.0
0.84575,-0.9796552596299317,0.25980953538957696,0.01352129844416039,0.0
0.846,-0.9799158990413567,0.25909610283531836,0.013590627274384426,0.0
0.84625,-0.9801759623362511,0.2583832074793513,0.013660100353720006,0.0
0.8465,-0.9804354500026603,0.25767085133136436,0.013729717058619695,0.0
0.84675,-0.9806943625286291,0.25695903640104606,0.013799476762336838,0.0
0.847,-0.980952700402203,0.2562477646980851,0.013869378834936219,0.0
0.84725,-0.981210464111427,0.25553703823217006,0.013939422643301613,0.0
0.8475,-0.9814676541443461,0.2548268590129895,0.01400960755114733,0.0
0.84775,-0.9817242709890059,0.25411722905023215,0.014079932919029536,0.0
0.848,-0.9819803151334512,0.2534081503535864,0.014150398104353146,0.0
0.84825,-0.9822357870657272,0.2526996249327409,0.014221002461384913,0.0
0.8485,-0.9824906872738792,0.2519916547973844,0.014291745341262097,0.0
0.84875,-0.9827450162459523,0.25128424195720533,0.014362626092002895,0.0
0.849,-0.9829987744699917,0.25057738842189237,0.014433644058516881,0.0
0.84925,-0.9832519624340426,0.24987109620113407,0.014504798582614997,0.0
0.8495,-0.9835045806261498,0.24916536730461908,0.01457608900302021,0.0
0.84975,-0.9837566295343589,0.24846020374203592,0.014647514655378169,0.0
0.85,-0.9840081096467148,0.24775560752307327,0.014719074872266535,0.0
0.85025,-0.9842590214512629,0.2470515806574197,0.014790768983206304,0.0
0.8505,-0.9845093654360482,0.2463481251547638,0.014862596314672238,0.0
0.85075,-0.9847591420891157,0.24564524302479415,0.014934556190103088,0.0
0.851,-0.9850083518985109,0.24494293627719937,0.015006647929912242,0.0
0.85125,-0.985256995352279,0.24424120692166806,0.015078870851498616,0.0
0.8515,-0.9855050729384647,0.2435400569678888,0.015151224269256858,0.0
0.85175,-0.9857525851451134,0.2428394884255502,0.015223707494588234,0.0
0.852,-0.9859995324602704,0.24213950330434086,0.015296319835911065,0.0
0.85225,-0.9862459153719807,0.24144010361394935,0.01536906059867249,0.0
0.8525,-0.9864917343682895,0.24074129136406433,0.01544192908535802,0.0
0.85275,-0.9867369899372421,0.24004306856437432,0.015514924595502855,0.0
0.853,-0.9869816825668836,0.23934543722456797,0.015588046425702995,0.0
0.85325,-0.9872258127452589,0.23864839935433388,0.015661293869625892,0.0
0.8535,-0.9874693809604135,0.2379519569633606,0.01573466621802133,0.0
0.85375,-0.9877123877003924,0.23725611206133676,0.015808162758732536,0.0
0.854,-0.9879548334532406,0.23656086665795095,0.015881782776707487,0.0
0.85425,-0.9881967187070035,0.2358662227628918,0.015955525554009142,0.0
0.8545,-0.9884380439497263,0.23517218238584783,0.016029390369827645,0.0
0.85475,-0.9886788096694542,0.23447874753650771,0.016103376500490763,0.0
0.855,-0.9889190163542321,0.23378592022456002,0.016177483219474986,0.0
0.85525,-0.9891586644921053,0.23309370245969335,0.016251709797416858,0.0
0.8555,-0.989397754571119,0.23240209625159627,0.01632605550212496,0.0
0.85575,-0.9896362870793182,0.23171110360995742,0.01640051959858968,0.0
0.856,-0.9898742625047483,0.23102072654446537,0.016475101348996102,0.0
0.85625,-0.9901116813354542,0.23033096706480877,0.016549800012734428,0.0
0.8565,-0.9903485440594813,0.2296418271806761,0.01662461484641109,0.0
0.85675,-0.9905848511648747,0.22895330890175608,0.016699545103862068,0.0
0.857,-0.9908206031396796,0.22826541423773727,0.016774590036161552,0.0
0.85725,-0.991055800471941,0.22757814519830827,0.016849748891635263,0.0
0.8575,-0.9912904436497041,0.22689150379315765,0.016925020915872446,0.0
0.85775,-0.9915245331610143,0.22620549203197401,0.01700040535173586,0.0
0.858,-0.9917580694939164,0.225520111924446,0.017075901439373764,0.0
0.85825,-0.9919910531364557,0.22483536548026212,0.017151508416232808,0.0
0.8585,-0.9922234845766775,0.22415125470911104,0.017227225517068456,0.0
0.85875,-0.9924553643026269,0.22346778162068137,0.01730305197395743,0.0
0.859,-0.992686692802349,0.22278494822466166,0.0173789870163088,0.0
0.85925,-0.992917470563889,0.22210275653074052,0.01745502987087577,0.0
0.8595,-0.993147698075292,0.22142120854860659,0.017531179761768767,0.0
0.85975,-0.9933773758246032,0.2207403062879484,0.01760743591046543,0.0
0.86,-0.9936065042998676,0.22006005175845458,0.017683797535824386,0.0
0.86025,-0.9938350839891308,0.21938044696981374,0.01776026385409546,0.0
0.8605,-0.9940631153804376,0.21870149393171445,0.017836834078932773,0.0
0.86075,-0.9942905989618332,0.21802319465384534,0.017913507421406516,0.0
0.861,-0.9945175352213629,0.217345551145895,0.01799028309001449,0.0
0.86125,-0.9947439246470717,0.21666856541755197,0.018067160290694773,0.0
0.8615,-0.9949697677270051,0.21599223947850493,0.018144138226837914,0.0
0.86175,-0.9951950649492077,0.21531657533844242,0.018221216099297832,0.0
0.862,-0.995419816801725,0.21464157500705305,0.018298393106405797,0.0
0.86225,-0.9956440237726023,0.21396724049402546,0.018375668443981752,0.0
0.8625,-0.9958676863498844,0.21329357380904823,0.01845304130534542,0.0
0.86275,-0.9960908050216167,0.21262057696180986,0.018530510881331175,0.0
0.863,-0.9963133802758444,0.2119482519619991,0.01860807636029782,0.0
0.86325,-0.9965354126006125,0.21127660081930444,0.01868573692814235,0.0
0.8635,-0.9967569024839664,0.21060562554341455,0.01876349176831238,0.0
0.86375,-0.9969778504139508,0.20993532814401794,0.018841340061816814,0.0
0.864,-0.9971982568786114,0.2092657106308033,0.01891928098724094,0.0
0.86425,-0.997418122365993,0.20859677501345916,0.01899731372075686,0.0
0.8645,-0.997637447364141,0.20792852330167416,0.019075437436137044,0.0
0.86475,-0.9978562323611003,0.20726095750513684,0.019153651304765873,0.0
0.865,-0.9980744778449163,0.20659407963353588,0.019231954495653625,0.0
0.86525,-0.9982921843036341,0.20592789169655978,0.01931034617544758,0.0
0.8655,-0.9985093522252987,0.20526239570389726,0.019388825508446006,0.0
0.86575,-0.9987259820979555,0.2045975936652368,0.01946739165660971,0.0
0.866,-0.9989420744096495,0.20393348759026705,0.01954604377957514,0.0
0.86625,-0.9991576296484259,0.20327007948867665,0.019624781034667693,0.0
0.8665,-0.99937264830233,0.20260737137015408,0.019703602576913504,0.0
0.86675,-0.9995871308594066,0.20194536524438805,0.019782507559052975,0.0
0.867,-0.9998010778077013,0.2012840631210671,0.01986149513155322,0.0
0.86725,-1.0000144896352592,0.20062346700987987,0.019940564442620934,0.0
0.8675,-1.0002273668301251,0.19996357892051492,0.020019714638215502,0.0
0.86775,-1.0004397098803444,0.19930440086266088,0.020098944862061652,0.0
0.868,-1.0006515192739625,0.1986459348460063,0.02017825425566344,0.0
0.86825,-1.0008627954990241,0.1979881828802398,0.0202576419583147,0.0
0.8685,-1.0010735390435745,0.19733114697505,0.020337107107114782,0.0
0.86875,-1.0012837503956589,0.19667482914012546,0.020416648836980578,0.0
0.869,-1.0014934300433227,0.19601923138515476,0.02049626628065937,0.0
0.86925,-1.0017025784746107,0.19536435571982658,0.020575958568741948,0.0
0.8695,-1.0019111961775682,0.19471020415382945,0.020655724829676148,0.0
0.86975,-1.0021192836402406,0.194056778696852,0.02073556418977973,0.0
0.87,-1.0023268413506727,0.19340408135858284,0.02081547577325349,0.0
0.87025,-1.00253386979691,0.1927521141487105,0.020895458702195002,0.0
0.8705,-1.0027403694669972,0.19210087907692364,0.02097551209661086,0.0
0.87075,-1.0029463408489798,0.1914503781529108,0.021055635074431533,0.0
0.871,-1.0031517844309028,0.19080061338636067,0.0211358267515227,0.0
0.87125,-1.0033567007008117,0.19015158678696176,0.021216086241701237,0.0
0.8715,-1.0035610901467513,0.18950330036440272,0.0212964126567452,0.0
0.87175,-1.003764953256767,0.18885575612837208,0.02137680510641049,0.0
0.872,-1.0039682905189036,0.1882089560885585,0.021457262698442392,0.0
0.87225,-1.0041711024212068,0.18756290225465058,0.021537784538589344,0.0
0.8725,-1.0043733894517213,0.1869175966363369,0.021618369730616926,0.0
0.87275,-1.0045751520984925,0.18627304124330604,0.02169901737632096,0.0
0.873,-1.0047763908495653,0.18562923808524662,0.02177972657554106,0.0
0.87325,-1.004977106192985,0.18498618917184723,0.021860496426175047,0.0
0.8735,-1.005177298616797,0.18434389651279648,0.021941326024191188,0.0
0.87375,-1.0053769686090464,0.18370236211778296,0.02202221446364283,0.0
0.874,-1.0055761166577781,0.18306158799649525,0.022103160836681734,0.0
0.87425,-1.0057747432510373,0.18242157615862195,0.022184164233572057,0.0
0.8745,-1.0059728488768696,0.18178232861385168,0.022265223742703233,0.0
0.87475,-1.0061704340233195,0.181143847371873,0.022346338450605296,0.0
0.875,-1.0063674991784326,0.18050613444237457,0.022427507441961092,0.0
0.87525,-1.006564044830254,0.17986919183504496,0.022508729799620708,0.0
0.8755,-1.0067600714668286,0.17923302155957274,0.022590004604615688,0.0
0.87575,-1.006955579576202,0.17859762562564652,0.022671330936173018,0.0
0.876,-1.0071505696464191,0.1779630060429549,0.022752707871727562,0.0
0.87625,-1.0073450421655248,0.1773291648211865,0.022834134486937607,0.0
0.8765,-1.0075389976215647,0.17669610397002988,0.022915609855698182,0.0
0.87675,-1.0077324365025842,0.17606382549917365,0.022997133050155938,0.0
0.877,-1.0079253592966277,0.17543233141830641,0.02307870314072047,0.0
0.87725,-1.0081177664917411,0.17480162373711677,0.023160319196082524,0.0
0.8775,-1.0083096585759685,0.17417170446529334,0.023241980283222885,0.0
0.87775,-1.0085010360373565,0.17354257561252465,0.02332368546743324,0.0
0.878,-1.008691899363949,0.17291423918849935,0.02340543381232285,0.0
0.87825,-1.008882249043792,0.17228669720290607,0.023487224379838523,0.0
0.8785,-1.0090720855649304,0.17165995166543332,0.023569056230275498,0.0
0.87875,-1.009261409415409,0.17103400458576978,0.023650928422293216,0.0
0.879,-1.0094502210832736,0.17040885797360397,0.0237328400129293,0.0
0.87925,-1.0096385210565688,0.16978451383862456,0.023814790057612667,0.0
0.8795,-1.0098263098233402,0.16916097419052012,0.023896777610179942,0.0
0.87975,-1.010013587871633,0.16853824103897921,0.023978801722888132,0.0
0.88,-1.0102003556894914,0.16791631639369053,0.024060861446428383,0.0
0.88025,-1.010386613764962,0.16729520226434255,0.024142955829943524,0.0
0.8805,-1.010572362586089,0.16667490066062396,0.024225083921038504,0.0
0.88075,-1.0107576026409177,0.16605541359222328,0.02430724476579771,0.0
0.881,-1.0109423344174933,0.16543674306882916,0.0243894374087974,0.0
0.88125,-1.0111265584038613,0.1648188911001302,0.024471660893122804,0.0
0.8815,-1.0113102750880665,0.16420185969581502,0.02455391426037945,0.0
0.88175,-1.011493484958154,0.16358565086557214,0.024636196550709588,0.0
0.882,-1.0116761885021694,0.16297026661909025,0.024718506802807072,0.0
0.88225,-1.0118583862081574,0.16235570896605783,0.024800844053930238,0.0
0.8825,-1.0120400785641634,0.16174197991616357,0.024883207339918778,0.0
0.88275,-1.0122212660582326,0.16112908147909605,0.024965595695205955,0.0
0.883,-1.0124019491784102,0.16051701566454388,0.025048008152835477,0.0
0.88325,-1.012582128412741,0.1599057844821956,0.025130443744474595,0.0
0.8835,-1.0127618042492703,0.15929538994173986,0.025212901500428986,0.0
0.88375,-1.0129409771760436,0.15868583405286527,0.0252953804496594,0.0
0.884,-1.0131196476811057,0.15807711882526038,0.02537787961979343,0.0
0.88425,-1.0132978162525017,0.1574692462686138,0.025460398037142173,0.0
0.8845,-1.013475483378277,0.15686221839261416,0.02554293472671576,0.0
0.88475,-1.013652649546477,0.15625603720695003,0.025625488712236022,0.0
0.885,-1.0138293152451463,0.15565070472130998,0.025708059016152474,0.0
0.88525,-1.0140054809623305,0.15504622294538267,0.025790644659657636,0.0
0.8855,-1.0141811471860747,0.15444259388885664,0.025873244662702355,0.0
0.88575,-1.0143563144044236,0.1538398195614205,0.025955858044007796,0.0
0.886,-1.014530983105423,0.1532379019727629,0.026038483821084535,0.0
0.88625,-1.0147051537771175,0.1526368431325724,0.026121121010244552,0.0
0.8865,-1.014878826907553,0.1520366450505376,0.02620376862661833,0.0
0.88675,-1.0150520029847738,0.15143730973634706,0.02628642568416706,0.0
0.887,-1.0152246824968256,0.15083883919968943,0.02636909119570152,0.0
0.88725,-1.0153968659317534,0.15024123545025325,0.026451764172893633,0.0
0.8875,-1.0155685537776025,0.1496445004977272,0.026534443626294202,0.0
0.88775,-1.0157397465224178,0.14904863635179982,0.02661712856534626,0.0
0.888,-1.0159104446542448,0.1484536450221597,0.02669981799840171,0.0
0.88825,-1.0160806486611282,0.1478595285184955,0.026782510932734427,0.0
0.8885,-1.0162503590311136,0.14726628885049575,0.026865206374558692,0.0
0.88875,-1.0164195762522459,0.14667392802784907,0.02694790332904118,0.0
0.889,-1.0165883008125705,0.14608244806024404,0.027030600800318494,0.0
0.88925,-1.0167565332001325,0.14549185095736927,0.02711329779151117,0.0
0.8895,-1.0169242739029771,0.1449021387289134,0.02719599330473943,0.0
0.88975,-1.017091523409149,0.144313313384565,0.027278686341138503,0.0
0.89,-1.017258282206694,0.14372537693401263,0.027361375900874396,0.0
0.89025,-1.0174245507836568,0.14313833138694493,0.02744406098315877,0.0
0.8905,-1.0175903296280828,0.14255217875305048,0.027526740586264253,0.0
0.89075,-1.017755619228017,0.14196692104201789,0.027609413707540442,0.0
0.891,-1.0179204200715049,0.14138256026353574,0.02769207934342921,0.0
0.89125,-1.0180847326465914,0.14079909842729266,0.027774736489479812,0.0
0.8915,-1.0182485574413214,0.1402165375429772,0.02785738414036465,0.0
0.89175,-1.0184118949437404,0.13963487962027799,0.027940021289895034,0.0
0.892,-1.0185747456418937,0.13905412666888362,0.028022646931036288,0.0
0.89225,-1.0187371100238263,0.13847428069848267,0.028105260055924175,0.0
0.8925,-1.018898988577583,0.13789534371876377,0.02818785965587911,0.0
0.89275,-1.0190603817912096,0.1373173177394155,0.02827044472142326,0.0
0.893,-1.0192212901527509,0.13674020477012644,0.028353014242295194,0.0
0.89325,-1.0193817141502521,0.13616400682058524,0.028435567207466317,0.0
0.8935,-1.0195416542717584,0.13558872590048043,0.028518102605155526,0.0
0.89375,-1.0197011110053151,0.13501436401950068,0.02860061942284675,0.0
0.894,-1.019860084838967,0.13444092318733453,0.028683116647302498,0.0
0.89425,-1.0200185762607594,0.1338684054136706,0.02876559326458117,0.0
0.8945,-1.0201765857587377,0.1332968127081975,0.028848048260052606,0.0
0.89475,-1.020334113820947,0.13272614708060376,0.028930480618413412,0.0
0.895,-1.0204911609354324,0.13215641054057806,0.029012889323703384,0.0
0.89525,-1.0206477275902388,0.13158760509780898,0.029095273359320828,0.0
0.8955,-1.0208038142734117,0.13101973276198509,0.029177631708038998,0.0
0.89575,-1.020959421472996,0.13045279554279499,0.029259963352021634,0.0
0.896,-1.021114549677037,0.1298867954499273,0.029342267272839395,0.0
0.89625,-1.02126919937358,0.1293217344930706,0.02942454245148496,0.0
0.8965,-1.02142337105067,0.1287576146819135,0.02950678786839034,0.0
0.89675,-1.021577065196352,0.1281944380261446,0.029589002503441098,0.0
0.897,-1.0217302822986718,0.12763220653545246,0.029671185335994554,0.0
0.89725,-1.021883022845674,0.12707092221952573,0.02975333534489355,0.0
0.8975,-1.0220352873254037,0.12651058708805296,0.029835451508484656,0.0
0.89775,-1.0221870762259062,0.12595120315072283,0.029917532804632607,0.0
0.898,-1.0223383900352272,0.12539277241722385,0.029999578210738065,0.0
0.89825,-1.022489229241411,0.12483529689724462,0.030081586703751384,0.0
0.8985,-1.022639594332503,0.12427877860047377,0.030163557260191487,0.0
0.89875,-1.0227894857965487,0.12372321953659991,0.030245488856160962,0.0
0.899,-1.022938904121593,0.12316862171531161,0.030327380467361387,0.0
0.89925,-1.0230878497956812,0.12261498714629745,0.030409231069111087,0.0
0.8995,-1.0232363233068584,0.12206231783924609,0.030491039636360462,0.0
0.89975,-1.0233843251431696,0.12151061580384608,0.03057280514370775,0.0
0.9,-1.02353185579266,0.12095988304978603,0.03065452656541745,0.0
0.90025,-1.0236789157433752,0.12041012158675451,0.03073620287543477,0.0
0.9005,-1.02382550548336,0.11986133342444016,0.030817833047402488,0.0
0.90075,-1.0239716255006592,0.11931352057253158,0.030899416054677165,0.0
0.901,-1.0241172762833188,0.11876668504071733,0.030980950870346913,0.0
0.90125,-1.0242624583193836,0.11822082883868604,0.031062436467245602,0.0
0.9015,-1.0244071720968984,0.11767595397612626,0.031143871817970847,0.0
0.90175,-1.0245514181039086,0.11713206246272664,0.031225255894900217,0.0
0.902,-1.0246951968284594,0.11658915630817576,0.03130658767020744,0.0
0.90225,-1.024838508758596,0.11604723752216223,0.03138786611587974,0.0
0.9025,-1.0249813543823638,0.11550630811437462,0.03146909020373356,0.0
0.90275,-1.0251237341878077,0.11496637009450153,0.03155025890543062,0.0
0.903,-1.0252656486629725,0.11442742547223159,0.031631371192495816,0.0
0.90325,-1.0254070982959038,0.11388947625725335,0.03171242603633351,0.0
0.9035,-1.0255480835746467,0.11335252445925545,0.0317934224082439,0.0
0.90375,-1.0256886049872465,0.11281657208792646,0.03187435927943971,0.0
0.904,-1.0258286630217481,0.11228162115295501,0.031955235621062617,0.0
0.90425,-1.0259682581661969,0.11174767366402966,0.03203605040420099,0.0
0.9045,-1.0261073909086378,0.111214731630839,0.032116802599905014,0.0
0.90475,-1.026246061737116,0.11068279706307169,0.03219749117920534,0.0
0.905,-1.0263842711396771,0.11015187197041626,0.03227811511312839,0.0
0.90525,-1.0265220196043656,0.10962195836256133,0.032358673372713254,0.0
0.9055,-1.026659307619227,0.10909305824919552,0.032439164929030095,0.0
0.90575,-1.0267961356723068,0.10856517364000742,0.03251958875319505,0.0
0.906,-1.0269325042516493,0.1080383065446856,0.032599943816387755,0.0
0.90625,-1.0270684138453006,0.10751245897291867,0.03268022908986934,0.0
0.9065,-1.0272038649413053,0.10698763293439525,0.03276044354499774,0.0
0.90675,-1.0273388580277085,0.1064638304388039,0.03284058615324503,0.0
0.907,-1.027473393592556,0.10594105349583324,0.032920655886215844,0.0
0.90725,-1.0276074721238921,0.10541930411517189,0.033000651715662244,0.0
0.9075,-1.0277410941097624,0.10489858430650839,0.03308057261350217,0.0
0.90775,-1.0278742600382125,0.10437889607953141,0.033160417551836074,0.0
0.908,-1.0280069703972867,0.10386024144392947,0.033240185502963815,0.0
0.90825,-1.028139225675031,0.10334262240939121,0.033319875439402624,0.0
0.9085,-1.0282710263594899,0.10282604098560524,0.03339948633390177,0.0
0.90875,-1.0284023729387086,0.10231049918226014,0.03347901715946322,0.0
0.909,-1.0285332659007327,0.10179599900904449,0.033558466889356264,0.0
0.90925,-1.028663705733607,0.10128254247564691,0.03363783449713553,0.0
0.9095,-1.0287936929253767,0.10077013159175599,0.0337171189566583,0.0
0.90975,-1.0289232279640872,0.10025876836706034,0.03379631924210136,0.0
0.91,-1.0290523113377834,0.09974845481124854,0.03387543432797835,0.0
0.91025,-1.0291809435345107,0.0992391929340092,0.033954463189157735,0.0
0.9105,-1.029309125042314,0.09873098474503089,0.0340334048008788,0.0
0.91075,-1.0294368563492386,0.09822383225400225,0.03411225813876961,0.0
0.911,-1.0295641379433298,0.09771773747061185,0.034191022178865715,0.0
0.91125,-1.0296909703126327,0.0972127024045483,0.034269695897625185,0.0
0.9115,-1.0298173539451922,0.09670872906550018,0.03434827827194731,0.0
0.91175,-1.0299432893290539,0.09620581946315612,0.03442676827918989,0.0
0.912,-1.0300687769522625,0.09570397560720467,0.034505164897186136,0.0
0.91225,-1.0301938173028635,0.09520319950733447,0.03458346710426374,0.0
0.9125,-1.0303184108689019,0.0947034931732341,0.03466167387926,0.0
0.91275,-1.030442558138423,0.09420485861459216,0.034739784201541335,0.0
0.913,-1.0305662595994718,0.09370729784109724,0.03481779705101995,0.0
0.91325,-1.0306895157400935,0.09321081286243796,0.03489571140817138,0.0
0.9135,-1.0308123270483334,0.09271540568830289,0.034973526254052034,0.0
0.91375,-1.0309346940122364,0.09222107832838064,0.035051240570317166,0.0
0.914,-1.0310566171198476,0.0917278327923598,0.03512885333923865,0.0
0.91425,-1.0311780968592128,0.09123567108992897,0.03520636354372253,0.0
0.9145,-1.0312991337183766,0.09074459523077677,0.03528377016732542,0.0
0.91475,-1.0314197281853845,0.09025460722459178,0.035361072194274534,0.0
0.915,-1.0315398807482812,0.08976570908106257,0.03543826860948318,0.0
0.91525,-1.0316595918951124,0.08927790280987778,0.03551535839857034,0.0
0.9155,-1.0317788621139226,0.088791190420726,0.03559234054787708,0.0
0.91575,-1.0318976918927576,0.0883055739232958,0.035669214044485864,0.0
0.916,-1.0320160817196624,0.0878210553272758,0.03574597787623657,0.0
0.91625,-1.032134032082682,0.08733763664235461,0.03582263103174488,0.0
0.9165,-1.0322515434698616,0.08685531987822079,0.035899172500422294,0.0
0.91675,-1.0323686163692467,0.08637410704456297,0.035975601272490776,0.0
0.917,-1.032485251268882,0.08589400015106974,0.036051916339002066,0.0
0.91725,-1.0326014486568127,0.08541500120742967,0.03612811669185656,0.0
0.9175,-1.032717209021084,0.0849371122233314,0.036204201323820184,0.0
0.91775,-1.0328325328497416,0.0844603352084635,0.03628016922854349,0.0
0.918,-1.0329474206308298,0.0839846721725146,0.03635601940057698,0.0
0.91825,-1.0330618728523946,0.08351012512517322,0.03643175083539352,0.0
0.9185,-1.0331758900024806,0.08303669607612804,0.0365073625294019,0.0
0.91875,-1.033289472569133,0.08256438703506763,0.03658285347996837,0.0
0.919,-1.0334026210403973,0.08209320001168058,0.03665822268543284,0.0
0.91925,-1.033515335904318,0.08162313701565552,0.036733469145127984,0.0
0.9195,-1.0336276176489412,0.081154200056681,0.036808591859397,0.0
0.91975,-1.0337394667623112,0.08068639114444562,0.036883589829611374,0.0
0.92,-1.0338508837324738,0.080219712288638,0.03695846205819109,0.0
0.92025,-1.0339618690474737,0.07975416549894676,0.03703320754861972,0.0
0.9205,-1.0340724231953566,0.07928975278506045,0.03710782530546597,0.0
0.92075,-1.034182546664167,0.07882647615666769,0.03718231433439878,0.0
0.921,-1.0342922399419505,0.07836433762345707,0.037256673642209304,0.0
0.92125,-1.034401503516752,0.0779033391951172,0.03733090223682556,0.0
0.9215,-1.034510337876617,0.07744348288133666,0.03740499912733397,0.0
0.92175,-1.0346187435095904,0.07698477069180407,0.037478963323995806,0.0
0.922,-1.0347267209037172,0.07652720463620799,0.03755279383826582,0.0
0.92225,-1.034834270547043,0.07607078672423706,0.037626489682812236,0.0
0.9225,-1.0349413929276128,0.07561551896557986,0.03770004987153275,0.0
0.92275,-1.0350480885334719,0.075161403369925,0.037773473419575376,0.0
0.923,-1.0351543578526647,0.07470844194696102,0.037846759343355574,0.0
0.92325,-1.0352602013732375,0.0742566367063766,0.037919906660575986,0.0
0.9235,-1.0353656195832346,0.07380598965786028,0.03799291439024355,0.0
0.92375,-1.0354706129707014,0.0733565028111007,0.038065781552689026,0.0
0.924,-1.0355751820236838,0.0729081781757864,0.03813850716958678,0.0
0.92425,-1.0356793272302258,0.07246101776160604,0.03821109026396985,0.0
0.9245,-1.0357830490783733,0.07201502357824818,0.038283529860253296,0.0
0.92475,-1.035886348056171,0.07157019763540143,0.0383558249842495,0.0
0.925,-1.0359892246516644,0.07112654194275438,0.03842797466318837,0.0
0.92525,-1.0360916793528985,0.07068405850999562,0.038499977925735784,0.0
0.9255,-1.0361937126479186,0.07024274934681377,0.03857183380201312,0.0
0.92575,-1.0362953250247697,0.06980261646289741,0.038643541323614805,0.0
0.926,-1.036396516971497,0.06936366186793515,0.03871509952362784,0.0
0.92625,-1.036497288976146,0.06892588757161558,0.03878650743665091,0.0
0.9265,-1.0365976415267613,0.06848929558362729,0.03885776409881325,0.0
0.92675,-1.0366975751113885,0.06805388791365888,0.038928868547793316,0.0
0.927,-1.0367970902180725,0.06761966657139898,0.03899981982283762,0.0
0.92725,-1.0368961873348586,0.06718663356653615,0.03907061696478076,0.0
0.9275,-1.036994866949792,0.06675479090875899,0.039141259016063135,0.0
0.92775,-1.0370931295509176,0.0663241406077561,0.039211745020750755,0.0
0.928,-1.037190975626281,0.06589468467321609,0.0392820740245543,0.0
0.92825,-1.0372884056639269,0.06546642511482753,0.0393522450748478,0.0
0.9285,-1.0373854201519008,0.06503936394227906,0.03942225722068904,0.0
0.92875,-1.0374820195782477,0.06461350316525925,0.039492109512836215,0.0
0.929,-1.037578204431013,0.0641888447934567,0.0395618010037706,0.0
0.92925,-1.0376739751982411,0.06376539083656002,0.0396313307477123,0.0
0.9295,-1.0377693323679784,0.06334314330425778,0.03970069780064267,0.0
0.92975,-1.037864276428269,0.0629221042062386,0.039769901220320536,0.0
0.93,-1.0379588078671587,0.06250227555219108,0.039838940066304174,0.0
0.93025,-1.0380529271726924,0.0620836593518038,0.039907813399969516,0.0
0.9305,-1.0381466348329151,0.061666257614765366,0.03997652028452858,0.0
0.93075,-1.0382399313358723,0.06125007235076438,0.04004505978505124,0.0
0.931,-1.038332817169609,0.06083510556948943,0.04011343096848208,0.0
0.93125,-1.0384252928221702,0.06042135928062911,0.04018163290366217,0.0
0.9315,-1.0385173587816015,0.06000883549387204,0.04024966466134661,0.0
0.93175,-1.0386090155359475,0.059597536218906795,0.04031752531422539,0.0
0.932,-1.0387002635732538,0.05918746346542199,0.0403852139369425,0.0
0.93225,-1.0387911033815658,0.0587786192431062,0.04045272960611568,0.0
0.9325,-1.0388815354489278,0.05837100556164804,0.04052007140035485,0.0
0.93275,-1.0389715602633856,0.057964624430736106,0.04058723840028433,0.0
0.933,-1.0390611783129844,0.05755947786005899,0.04065422968855992,0.0
0.93325,-1.039150390085769,0.05715556785930529,0.04072104434988999,0.0
0.9335,-1.0392391960697849,0.0567528964381636,0.040787681471054826,0.0
0.93375,-1.039327596753077,0.05635146560632253,0.04085414014092659,0.0
0.934,-1.0394155926236905,0.055951277373470665,0.04092041945048841,0.0
0.93425,-1.039503184169671,0.055552333749296606,0.040986518492856394,0.0
0.9345,-1.0395903718790627,0.05515463674348896,0.04105243636329581,0.0
0.93475,-1.0396771562399119,0.0547581883657363,0.04111817215924507,0.0
0.935,-1.039763537740263,0.05436299062572725,0.04118372498033218,0.0
0.93525,-1.0398495168681614,0.05396904553315039,0.04124909392839715,0.0
0.9355,-1.039935094111652,0.05357635509769433,0.041314278107510205,0.0
0.93575,-1.0400202699587808,0.05318492132904766,0.041379276623993766,0.0
0.936,-1.040105044897592,0.052794746236898976,0.041444088586439776,0.0
0.93625,-1.0401894194161312,0.052405831830936875,0.04150871310573323,0.0
0.9365,-1.0402733940024436,0.05201818012084995,0.041573149295069056,0.0
0.93675,-1.0403569691445742,0.05163179311632682,0.041637396269974314,0.0
0.937,-1.0404401453305683,0.051246672827056056,0.041701453148327516,0.0
0.93725,-1.040522923048471,0.050862821262726274,0.04176531905037906,0.0
0.9375,-1.0406053027863273,0.050480240433026055,0.04182899309877164,0.0
0.93775,-1.0406872850321829,0.05009893234764401,0.04189247441856003,0.0
0.938,-1.040768870274082,0.04971889901626873,0.04195576213723151,0.0
0.93825,-1.0408500590000709,0.04934014244858882,0.04201885538472783,0.0
0.9385,-1.0409308516981939,0.04896266465429287,0.04208175329346209,0.0
0.93875,-1.0410112488564967,0.04858646764306948,0.042144454998343184,0.0
0.939,-1.041091250963024,0.04821155342460724,0.042206959636792885,0.0
0.93925,-1.0411708585058215,0.04783792400859477,0.04226926634876915,0.0
0.9395,-1.0412500719729338,0.047465581404720625,0.04233137427678346,0.0
0.93975,-1.0413288918524066,0.04709452762267344,0.042393282565924784,0.0
0.94,-1.0414073186322845,0.0467247646721418,0.04245499036387734,0.0
0.94025,-1.0414853528006134,0.0463562945628143,0.042516496820943495,0.0
0.9405,-1.0415629948454377,0.045989119304379544,0.04257780109006237,0.0
0.94075,-1.0416402452548028,0.04562324090652613,0.04263890232683165,0.0
0.941,-1.0417171045167541,0.04525866137894264,0.04269979968952908,0.0
0.94125,-1.0417935731193366,0.044895382731317685,0.04276049233913071,0.0
0.9415,-1.0418696515505956,0.04453340697333985,0.04282097943933438,0.0
0.94175,-1.041945340298576,0.04417273611469775,0.04288126015657889,0.0
0.942,-1.0420206398513234,0.04381337216507998,0.04294133366006614,0.0
0.94225,-1.0420955506968823,0.04345531713417512,0.043001199121779576,0.0
0.9425,-1.0421700733232986,0.04309857303167178,0.04306085571650908,0.0
0.94275,-1.0422442082186167,0.04274314186725856,0.04312030262186739,0.0
0.943,-1.0423179558708826,0.04238902565062405,0.04317953901831517,0.0
0.94325,-1.0423913167681407,0.04203622639145685,0.04323856408917903,0.0
0.9435,-1.0424642913984363,0.04168474609944556,0.04329737702067438,0.0
0.94375,-1.0425368802498154,0.041334586784278766,0.04335597700192673,0.0
0.944,-1.0426090838103224,0.04098575045564508,0.04341436322499037,0.0
0.94425,-1.0426809025680022,0.04063823912323309,0.04347253488487213,0.0
0.9445,-1.0427523370109006,0.0402920547967314,0.04353049117955221,0.0
0.94475,-1.0428233876270623,0.0399471994858286,0.04358823131000422,0.0
0.945,-1.042894054904533,0.039603675200213295,0.04364575448021779,0.0
0.94525,-1.0429643393313572,0.03926148394957407,0.043703059897218566,0.0
0.9455,-1.0430342413955807,0.038920627743599535,0.0437601467710913,0.0
0.94575,-1.043103761585248,0.03858110859197829,0.043817014314999625,0.0
0.946,-1.0431729003884052,0.038242928504398914,0.04387366174520846,0.0
0.94625,-1.0432416582930966,0.03790608949055002,0.043930088281104895,0.0
0.9465,-1.0433100357873677,0.0375705935601202,0.0439862931452204,0.0
0.94675,-1.0433780333592635,0.03723644272279805,0.044042275563251465,0.0
0.947,-1.0434456514968293,0.036903638988272175,0.04409803476408247,0.0
0.94725,-1.0435128906881104,0.03657218436623116,0.04415356997980613,0.0
0.9475,-1.0435797514211518,0.0362420808663636,0.044208880445745447,0.0
0.94775,-1.0436462341839985,0.03591333049835811,0.0442639654004755,0.0
0.948,-1.043712339464696,0.03558593527190327,0.04431882408584653,0.0
0.94825,-1.0437780677512891,0.03525989719668769,0.04437345574700213,0.0
0.9485,-1.0438434195318234,0.03493521828239996,0.04442785963240614,0.0
0.94875,-1.0439083952943438,0.03461190053872869,0.04448203499385994,0.0
0.949,-1.0439729955268955,0.034289945975362446,0.044535981086526455,0.0
0.94925,-1.0440372207175237,0.03396935660198986,0.04458969716895278,0.0
0.9495,-1.0441010713542735,0.033650134428299505,0.044643182503090184,0.0
0.94975,-1.04416454792519,0.03333228146398,0.044696436354317415,0.0
0.95,-1.0442276509183186,0.033015799718719915,0.04474945799146335,0.0
0.95025,-1.0442903808217043,0.03270069120220787,0.04480224668682742,0.0
0.9505,-1.0443527381233921,0.03238695792413246,0.04485480171620315,0.0
0.95075,-1.0444147233114278,0.032074601894182264,0.04490712235889971,0.0
0.951,-1.0444763368738557,0.031763625122045905,0.04495920789776364,0.0
0.95125,-1.0445375792987215,0.03145402961741196,0.04501105761920332,0.0
0.9515,-1.0445984510740705,0.03114581738996904,0.04506267081320825,0.0
0.95175,-1.0446589526879473,0.03083899044940573,0.04511404677337372,0.0
0.952,-1.0447190846283976,0.03053355080541063,0.045165184796921665,0.0
0.95225,-1.044778847383466,0.03022950046767234,0.04521608418472445,0.0
0.9525,-1.0448382414411985,0.02992684144587946,0.04526674424132682,0.0
0.95275,-1.0448972672896393,0.02962557574972058,0.045317164274967014,0.0
0.953,-1.0449559254168341,0.029325705388884307,0.04536734359760253,0.0
0.95325,-1.045014216310828,0.029027232373059222,0.04541728152492941,0.0
0.9535,-1.0450721404596661,0.02873015871193394,0.04546697737640715,0.0
0.95375,-1.0451296983513938,0.02843448641519705,0.0455164304752802,0.0
0.954,-1.045186890474056,0.028140217492537145,0.04556564014860087,0.0
0.95425,-1.045243717315698,0.027847353953642833,0.045614605727252844,0.0
0.9545,-1.0453001793643648,0.027555897808202702,0.045663326545972716,0.0
0.95475,-1.0453562771081018,0.02726585106590535,0.04571180194337421,0.0
0.955,-1.045412011034954,0.02697721573643938,0.04576003126197037,0.0
0.95525,-1.0454673816329667,0.026689993829493386,0.04580801384819644,0.0
0.9555,-1.045522389390185,0.026404187354755956,0.045855749052433614,0.0
0.95575,-1.045577034794654,0.026119798321915702,0.045903236229030364,0.0
0.956,-1.0456313183344186,0.025836828740661216,0.045950474736327296,0.0
0.95625,-1.0456852404975245,0.02555528062068109,0.045997463936680694,0.0
0.9565,-1.0457388017720168,0.025275155971663923,0.04604420319648317,0.0
0.95675,-1.0457920026459402,0.024996456803298317,0.04609069188618897,0.0
0.957,-1.0458448436073402,0.024719185125272866,0.046136929380336644,0.0
0.95725,-1.0458973251442623,0.024443342947276167,0.04618291505757299,0.0
0.9575,-1.0459494477447508,0.024168932278996816,0.04622864830067441,0.0
0.95775,-1.0460012118968516,0.023895955130123412,0.046274128496572864,0.0
0.958,-1.0460526180886094,0.02362441351034455,0.04631935503637785,0.0
0.95825,-1.0461036668080697,0.02335430942934883,0.04636432731540041,0.0
0.9585,-1.0461543585432778,0.023085644896824846,0.04640904473317664,0.0
0.95875,-1.0462046937822782,0.022818421922461196,0.04645350669348991,0.0
0.959,-1.0462546730131166,0.022552642515946478,0.04649771260439728,0.0
0.95925,-1.046304296723838,0.022288308686969287,0.04654166187825082,0.0
0.9595,-1.0463535654024878,0.022025422445218226,0.04658535393172247,0.0
0.95975,-1.0464024795371105,0.021763985800381882,0.04662878818582672,0.0
0.96,-1.0464510396157523,0.02150400076214886,0.04667196406594698,0.0
0.96025,-1.0464992461264573,0.021245469340207754,0.046714881001855835,0.0
0.9605,-1.0465470995572714,0.020988393544247162,0.046757538427741885,0.0
0.96075,-1.0465946003962396,0.02073277538395568,0.046799935782232405,0.0
0.961,-1.0466417491314068,0.020478616869021908,0.04684207250841754,0.0
0.96125,-1.0466885462508184,0.02022592000913444,0.046883948053874525,0.0
0.9615,-1.0467349922425198,0.019974686813981877,0.04692556187069208,0.0
0.96175,-1.0467810875945556,0.019724919293252808,0.04696691341549375,0.0
0.962,-1.0468268327949712,0.019476619456635834,0.04700800214946277,0.0
0.96225,-1.0468722283318121,0.019229789313819558,0.047048827538366256,0.0
0.9625,-1.0469172746931228,0.018984430874492565,0.04708938905257942,0.0
0.96275,-1.0469619723669492,0.018740546148343463,0.04712968616711022,0.0
0.963,-1.047006321841336,0.018498137145060847,0.04716971836162287,0.0
0.96325,-1.0470503236043283,0.01825720587433331,0.04720948512046341,0.0
0.9635,-1.0470939781439714,0.018017754345849447,0.04724898593268412,0.0
0.96375,-1.0471372859483108,0.01777978456929786,0.04728822029206703,0.0
0.964,-1.047180247505391,0.017543298554367145,0.047327187697149276,0.0
0.96425,-1.0472228633032579,0.0173082983107459,0.047365887651248384,0.0
0.9645,-1.047265133829956,0.017074785848122716,0.047404319662485594,0.0
0.96475,-1.047307059573531,0.016842763176186198,0.04744248324381273,0.0
0.965,-1.0473486410220276,0.01661223230462494,0.04748037791303328,0.0
0.96525,-1.0473898786634914,0.016383195243127542,0.04751800319283195,0.0
0.9655,-1.0474307729859673,0.016155654001382587,0.04755535861079596,0.0
0.96575,-1.0474713244775002,0.01592961058907869,0.04759244369944193,0.0
0.966,-1.047511533626136,0.015705067015904437,0.047629257996240515,0.0
0.96625,-1.0475514009199194,0.015482025291548431,0.04766580104364104,0.0
0.9665,-1.0475909268468955,0.015260487425699264,0.047702072389096406,0.0
0.96675,-1.0476301118951095,0.015040455428045534,0.04773807158508969,0.0
0.967,-1.0476689565526067,0.01482193130827584,0.04777379818915839,0.0
0.96725,-1.0477074613074322,0.014604917076078777,0.047809251763919036,0.0
0.9675,-1.047745626647631,0.014389414741142944,0.04784443187709386,0.0
0.96775,-1.0477834530612489,0.014175426313156936,0.04787933810153633,0.0
0.968,-1.0478209410363302,0.01396295380180935,0.04791397001525466,0.0
0.96825,-1.0478580910609203,0.013751999216788782,0.047948327201439156,0.0
0.9685,-1.047894903623065,0.013542564567783832,0.047982409248487734,0.0
0.96875,-1.0479313792108087,0.013334651864483094,0.048016215750030566,0.0
0.969,-1.047967518312197,0.013128263116575166,0.04804974630495629,0.0
0.96925,-1.0480033214152749,0.012923400333748645,0.04808300051743708,0.0
0.9695,-1.0480387890080873,0.012720065525692128,0.048115977996956216,0.0
0.96975,-1.0480739215786798,0.012518260702094209,0.04814867835833203,0.0
0.97,-1.0481087196150976,0.01231798787264349,0.04818110122174479,0.0
0.97025,-1.0481431836053856,0.012119249047028564,0.04821324621276224,0.0
0.9705,-1.0481773140375887,0.01192204623493803,0.04824511296236511,0.0
0.97075,-1.0482111113997528,0.011726381446060481,0.04827670110697557,0.0
0.971,-1.0482445761799226,0.011532256690084518,0.04830801028847986,0.0
0.97125,-1.0482777088661432,0.011339673976698737,0.04833904015425672,0.0
0.9715,-1.0483105099464602,0.011148635315591734,0.04836979035720379,0.0
0.97175,-1.0483429799089183,0.010959142716452104,0.0484002605557623,0.0
0.972,-1.048375119241563,0.010771198188968448,0.048430450413945,0.0
0.97225,-1.0484069284324389,0.01058480374282936,0.04846035960136108,0.0
0.9725,-1.0484384079695919,0.010399961387723436,0.04848998779324476,0.0
0.97275,-1.0484695583410666,0.010216673133339276,0.04851933467047931,0.0
0.973,-1.0485003800349086,0.010034940989365474,0.04854839991962612,0.0
0.97325,-1.0485308735391627,0.009854766965490626,0.04857718323294824,0.0
0.9735,-1.0485610393418745,0.009676153071403333,0.04860568430844081,0.0
0.97375,-1.0485908779310886,0.009499101316792189,0.04863390284985436,0.0
0.974,-1.0486203897948507,0.00932361371134579,0.04866183856672457,0.0
0.97425,-1.0486495754212055,0.009149692264752731,0.04868949117439647,0.0
0.9745,-1.0486784352981986,0.008977338986701614,0.04871686039405332,0.0
0.97475,-1.0487069699138747,0.008806555886881035,0.048743945952742784,0.0
0.975,-1.0487351797562794,0.008637344974979585,0.04877074758340427,0.0
0.97525,-1.0487630653134574,0.008469708260685868,0.04879726502489534,0.0
0.9755,-1.0487906270734544,0.008303647753688474,0.04882349802202035,0.0
0.97575,-1.0488178655243152,0.008139165463676004,0.04884944632555621,0.0
0.976,-1.0488447811540853,0.007976263400337054,0.04887510969228015,0.0
0.97625,-1.0488713744508096,0.007814943573360222,0.048900487884997235,0.0
0.9765,-1.048897645902533,0.007655207992434101,0.04892558067256747,0.0
0.97675,-1.0489235959973011,0.007497058667247291,0.04895038782993422,0.0
0.977,-1.048949225223159,0.0073404976074883865,0.04897490913815039,0.0
0.97725,-1.0489745340681518,0.007185526822845985,0.04899914438440689,0.0
0.9775,-1.0489995230203246,0.007032148323008683,0.04902309336206012,0.0
0.97775,-1.0490241925677226,0.006880364117665079,0.0490467558706591,0.0
0.978,-1.0490485431983911,0.006730176216503766,0.04907013171597452,0.0
0.97825,-1.0490725754003751,0.006581586629213343,0.0490932207100252,0.0
0.9785,-1.04909628966172,0.006434597365482407,0.04911602267110737,0.0
0.97875,-1.0491196864704704,0.006289210434999554,0.049138537423820905,0.0
0.979,-1.0491427663146722,0.00614542784745338,0.049160764799099255,0.0
0.97925,-1.04916552968237,0.0060032516125324824,0.049182704634236574,0.0
0.9795,-1.0491879770616093,0.005862683739925458,0.049204356772915014,0.0
0.97975,-1.0492101089404353,0.005723726239320903,0.04922572106523515,0.0
0.98,-1.0492319258068927,0.005586381120407413,0.04924679736774196,0.0
0.98025,-1.0492534281490271,0.005450650392873586,0.04926758554345456,0.0
0.9805,-1.0492746164548836,0.005316536066408018,0.04928808546189467,0.0
0.98075,-1.0492954912125074,0.005184040150699306,0.0493082969991141,0.0
0.981,-1.0493160529099435,0.005053164655436046,0.04932822003772408,0.0
0.98125,-1.049336302035237,0.004923911590306835,0.04934785446692347,0.0
0.9815,-1.0493562390764333,0.00479628296500027,0.049367200182527604,0.0
0.98175,-1.0493758645215776,0.004670280789204946,0.04938625708699762,0.0
0.982,-1.0493951788587148,0.00454590707260946,0.04940502508946798,0.0
0.98225,-1.0494141825758905,0.00442316382490241,0.04942350410577623,0.0
0.9825,-1.0494328761611489,0.004302053055772392,0.04944169405849119,0.0
0.98275,-1.0494512601025363,0.004182576774908001,0.049459594876943846,0.0
0.983,-1.0494693348880975,0.004064736991997835,0.049477206497253956,0.0
0.98325,-1.049487101005877,0.00394853571673049,0.04949452886235961,0.0
0.9835,-1.0495045589439211,0.0038339749587945615,0.049511561922049196,0.0
0.98375,-1.0495217091902744,0.0037210567278786483,0.04952830563298627,0.0
0.984,-1.0495385522329819,0.003609783033671345,0.04954475995874219,0.0
0.98425,-1.0495550885600888,0.0035001558858612485,0.04956092486982433,0.0
0.9845,-1.0495713186596405,0.003392177294136956,0.04957680034370582,0.0
0.98475,-1.049587243019682,0.0032858492681870632,0.049592386364854635,0.0
0.985,-1.0496028621282587,0.003181173817700167,0.049607682924763585,0.0
0.98525,-1.0496181764734154,0.003078152952364863,0.049622690021979166,0.0
0.9855,-1.0496331865431974,0.0029767886818697483,0.04963740766213309,0.0
0.98575,-1.04964789282565,0.002877083015903419,0.04965183585797028,0.0
0.986,-1.0496622958088184,0.0027790379641544722,0.04966597462937972,0.0
0.98625,-1.0496763959807476,0.002682655536311504,0.0496798240034233,0.0
0.9865,-1.0496901938294827,0.0025879377420631104,0.04969338401436718,0.0
0.98675,-1.049703689843069,0.002494886591097888,0.04970665470371105,0.0
0.987,-1.0497168845095517,0.002403504093104433,0.04971963612021901,0.0
0.98725,-1.049729778316976,0.0023137922577713427,0.04973232831994823,0.0
0.9875,-1.049742371753387,0.0022257530947872124,0.04974473136628088,0.0
0.98775,-1.0497546653068295,0.002139388613840639,0.04975684532995284,0.0
0.988,-1.0497666594653492,0.002054700824620219,0.049768670289086714,0.0
0.98825,-1.0497783547169912,0.001971691736814548,0.0497802063292192,0.0
0.9885,-1.0497897515498003,0.0018903633601122227,0.04979145354333325,0.0
0.98875,-1.049800850451822,0.00181071770420184,0.0498024120318894,0.0
0.989,-1.0498116519111014,0.0017327567787719955,0.04981308190285483,0.0
0.98925,-1.0498221564156838,0.0016564825935112858,0.0498234632717347,0.0
0.9895,-1.0498323644536138,0.0015818971581083073,0.04983355626160302,0.0
0.98975,-1.0498422765129372,0.0015090024822516559,0.04984336100313458,0.0
0.99,-1.049851893081699,0.0014378005756299282,0.04985287763463431,0.0
0.99025,-1.0498612146479442,0.0013682934479317208,0.049862106302068776,0.0
0.9905,-1.0498702416997179,0.0013004831088456294,0.04987104715909774,0.0
0.99075,-1.0498789747250656,0.0012343715680602507,0.04987970036710543,0.0
0.991,-1.0498874142120322,0.0011699608352641806,0.049888066095230554,0.0
0.99125,-1.0498955606486633,0.0011072529201460153,0.04989614452039981,0.0
0.9915,-1.0499034145230035,0.0010462498323943515,0.049903935827356305,0.0
0.99175,-1.049910976323098,0.000986953581697785,0.04991144020869376,0.0
0.992,-1.0499182465369925,0.0009293661777449123,0.049918657864886695,0.0
0.99225,-1.0499252256527316,0.0008734896302243294,0.049925589004322424,0.0
0.9925,-1.0499319141583607,0.0008193259488246327,0.04993223384333234,0.0
0.99275,-1.049938312541925,0.0007668771432344183,0.049938592606223686,0.0
0.993,-1.0499444212914695,0.0007161452231422824,0.04994466552531196,0.0
0.99325,-1.0499502408950396,0.0006671321982368211,0.049950452840952675,0.0
0.9935,-1.0499557718406805,0.0006198400782066306,0.049955954801572444,0.0
0.99375,-1.0499610146164369,0.0005742708727403072,0.0499611716637014,0.0
0.994,-1.0499659697103545,0.0005304265915264468,0.049966103692006936,0.0
0.99425,-1.0499706376104783,0.0004883092442536459,0.04997075115932259,0.0
0.9945,-1.049975018804853,0.00044792084061050013,0.04997511434668356,0.0
0.99475,-1.0499791137815246,0.00040926339028560607,0.049979193543357114,0.0
0.995,-1.0499829230285378,0.0003723389029675596,0.04998298904687548,0.0
0.99525,-1.0499864470339375,0.0003371493883449569,0.04998650116306824,0.0
0.9955,-1.0499896862857696,0.00030369685610639406,0.04998973020609565,0.0
0.99575,-1.0499926412720786,0.0002719833159404671,0.04999267649847927,0.0
0.996,-1.04999531248091,0.00024201077753577223,0.049995340371137065,0.0
0.99625,-1.0499977004003092,0.00021378125058090544,0.04999772216341536,0.0
0.9965,-1.0499998055183206,0.00018729674476446282,0.04999982222311905,0.0
0.99675,-1.0500016283229898,0.0001625592697750403,0.05000164090654935,0.0
0.997,-1.0500031693023621,0.00013957083530123404,0.05000317857853309,0.0
0.99725,-1.0500044289444825,0.00011833345103164005,0.050004435612457154,0.0
0.9975,-1.0500054077373961,9.884912665485433e-05,0.05000541239030065,0.0
0.99775,-1.0500061061691484,8.11198718594729e-05,0.0500061093026698,0.0
0.998,-1.0500065247277839,6.514769633409175e-05,0.05000652674882944,0.0
0.99825,-1.0500066639013486,5.0934609767306916e-05,0.050006665136738127,0.0
0.9985,-1.050006524177887,3.848262184771432e-05,0.050006524883078995,0.0
0.99875,-1.0500061060454449,2.779374226390997e-05,0.05000610641329617,0.0
0.999,-1.0500054099920668,1.8869980704489807e-05,0.050005410161626074,0.0
0.99925,-1.0500044365057981,1.1713346858049796e-05,0.050004436571132294,0.0
0.9995,-1.0500031860746843,6.325850413185877e-06,0.05000318609373977,0.0
0.99975,-1.05000165918677,2.7095010584939768e-06,0.05000165919026589,0.0
