t,x,y,gap,dual
0.0,1.2399998341346383,2.8471255787274163e-06,0.23999983413790704,0.0
0.00025,1.2399989029569278,7.307399958688043e-06,0.2399989029784595,0.0
0.0005,1.2399972067221694,1.3379681064407123e-05,0.23999720679435343,0.0
0.00075,1.2399947455458546,2.106095925569207e-05,0.2399947457247118,0.0
0.001,1.2399915197018774,3.0350831920600285e-05,0.2399915200733207,0.0
0.00125,1.2399875293424985,4.1246630800628736e-05,0.23998753002850703,0.0
0.0015,1.239982774691844,5.374678522684917e-05,0.23998277585666528,0.0
0.00175,1.239977256034118,6.78505684419406e-05,0.23997725789048263,0.0
0.002,1.2399709735294508,8.355571239349047e-05,0.2399709763446607,0.0
0.00225,1.239963927364542,0.00010086004573395257,0.23996393146657624,0.0
0.0025,1.2399561177822647,0.0001197625568067906,0.2399561235659653,0.0
0.00275,1.2399475449565567,0.00014026091879770775,0.239947552889604,0.0
0.003,1.2399382091115556,0.00016235420967802838,0.23993821974066964,0.0
0.00325,1.2399281104820217,0.0001860404016724715,0.23992812443889155,0.0
0.0035,1.2399172492370223,0.00021131716647460053,0.23991726724425,0.0
0.00375,1.2399056255535648,0.00023818370777917153,0.2399056484309019,0.0
0.004,1.239893239745038,0.00026663789365954926,0.2398932684151538,0.0
0.00425,1.2398800919576014,0.0002966785052933574,0.23988012745221687,0.0
0.0045,1.2398661824497372,0.0003283039084038819,0.23986622591549822,0.0
0.00475,1.2398515113775197,0.00036151134510475913,0.23985156408159303,0.0
0.005,1.2398360789481044,0.0003962997933228962,0.23983614228451033,0.0
0.00525,1.2398198853475515,0.00043266759720950176,0.23981996084289015,0.0
0.0055,1.2398029308956096,0.00047061304401552206,0.2398030202148973,0.0
0.00575,1.2397852156580291,0.0005101346270350859,0.2397853206106142,0.0
0.006,1.2397667399638794,0.0005512302891048648,0.23976686250903523,0.0
0.00625,1.239747503927287,0.0005938986496119014,0.23974764618027988,0.0
0.0065,1.2397275078192753,0.00063813783549449,0.23972767205692747,0.0
0.00675,1.23970675184778,0.0006839461990892914,0.2397069405143204,0.0
0.007,1.2396852361722561,0.0007313217888622603,0.23968545188488077,0.0
0.00725,1.2396629610583347,0.0007802634812037468,0.23966320661340057,0.0
0.0075,1.2396399266416909,0.0008307685766197892,0.23964020501944217,0.0
0.00775,1.239616133232286,0.0008828368121527319,0.23961644760409717,0.0
0.008,1.23959158091069,0.0009364651472481,0.239591934642863,0.0
0.00825,1.2395662700300205,0.0009916526052080599,0.2395666666908347,0.0
0.0085,1.2395402007170029,0.0010483977258246568,0.23954064408204845,0.0
0.00875,1.239513373165554,0.0011066982239356093,0.2395138672226338,0.0
0.009,1.2394857876034502,0.001166552255497777,0.2394863365584592,0.0
0.00925,1.239457444269147,0.001227958859061573,0.23945805255247143,0.0
0.0095,1.2394283433681736,0.0012909163073686614,0.23942901563957597,0.0
0.00975,1.2393984850856143,0.0013554224551057814,0.23939922623928878,0.0
0.01,1.2393678696235813,0.0014214757449906301,0.23936868479423334,0.0
0.01025,1.2393364972346288,0.0014890747086298006,0.23933739180309055,0.0
0.0105,1.2393043680885576,0.0015582173602695093,0.2393053476866469,0.0
0.01075,1.2392714823544235,0.0016289018692532409,0.23927255287052573,0.0
0.011,1.239237840301577,0.0017011266961475258,0.23923900788643393,0.0
0.01125,1.2392034421703575,0.001774890361033954,0.23920471324259274,0.0
0.0115,1.2391682880733224,0.0018501911225143886,0.2391696693244869,0.0
0.01175,1.2391323782942223,0.0019270270610434181,0.2391338766938742,0.0
0.012,1.2390957130110287,0.002005396716413088,0.23909733581276815,0.0
0.01225,1.2390582924569329,0.0020852980385228648,0.23906004720279794,0.0
0.0125,1.2390201168154031,0.002166729871404982,0.239022011342652,0.0
0.01275,1.2389811863458524,0.002249690651822789,0.23898322879165912,0.0
0.013,1.2389415011832585,0.0023341781027994557,0.23894369998868048,0.0
0.01325,1.2389010615712386,0.002420190132951916,0.23890342548667665,0.0
0.0135,1.238859867754723,0.002507726573426794,0.23886240584893703,0.0
0.01375,1.2388179198082274,0.0025967838235345653,0.23882064146679838,0.0
0.014,1.2387752180936782,0.002687361691357637,0.23877813303105255,0.0
0.01425,1.2387317627449028,0.002779457898057558,0.2387348810053349,0.0
0.0145,1.2386875540324374,0.0028730707327468963,0.23869088599629973,0.0
0.01475,1.2386425920506365,0.002968198327195637,0.23864614843918575,0.0
0.015,1.2385968771132743,0.003064839531390362,0.23860066899550336,0.0
0.01525,1.2385504093661956,0.0031629920032685277,0.2385544481610744,0.0
0.0155,1.2385031891245104,0.003262654949864441,0.2385074866099537,0.0
0.01575,1.2384552164436018,0.0033638259409656257,0.2384597847573935,0.0
0.016,1.2384064916546902,0.0034665034066421185,0.23841134330171032,0.0
0.01625,1.2383570149017835,0.003570685977805965,0.23836216275967037,0.0
0.0165,1.2383067864455848,0.003676371952863633,0.2383122437688836,0.0
0.01675,1.2382558064058107,0.003783558647569407,0.2382615868279787,0.0
0.017,1.2382040750447683,0.0038922452511087613,0.23821019258870768,0.0
0.01725,1.2381515925617679,0.004002429934686802,0.23815806164181796,0.0
0.0175,1.2380983592382133,0.004114111133205256,0.23810519466593472,0.0
0.01775,1.2380443751553485,0.004227286953152998,0.23805159214338945,0.0
0.018,1.2379896406415463,0.004341955846541623,0.23799725480970202,0.0
0.01825,1.2379341558617125,0.00445811651049155,0.2379421832427684,0.0
0.0185,1.2378779209929465,0.0045757664485819305,0.2378863780333038,0.0
0.01875,1.2378209362783195,0.004694904351978835,0.23782983984706463,0.0
0.019,1.2377632019215117,0.0048155287690292425,0.23777256931486335,0.0
0.01925,1.2377047181020053,0.004937637211867241,0.23771456704411476,0.0
0.0195,1.23764548505706,0.0050612286342470725,0.23765583371041132,0.0
0.01975,1.2375855029344844,0.005186300986068204,0.23759636990075195,0.0
0.02,1.2375247720537828,0.005312853184264554,0.2375361763826238,0.0
0.02025,1.2374632925738172,0.0054408833144918844,0.23747525376424172,0.0
0.0205,1.2374010646867268,0.005570389308800827,0.23741360269107137,0.0
0.02075,1.2373380886418248,0.005701369765745312,0.23735122387340368,0.0
0.021,1.2372743645901045,0.005833822843143821,0.23728811792597937,0.0
0.02125,1.2372098927709758,0.005967747136196522,0.23722428555870612,0.0
0.0215,1.2371446733582951,0.006103140304702492,0.23715972741614166,0.0
0.02175,1.2370787065993407,0.006240001123885008,0.23709444422627812,0.0
0.022,1.2370119927223642,0.006378327948681317,0.23702843670077978,0.0
0.02225,1.2369445319014662,0.006518119094977237,0.23696170550161888,0.0
0.0225,1.2368763243963148,0.006659372999536117,0.23689425138161457,0.0
0.02275,1.2368073703240352,0.0068020875988707985,0.23682607495296515,0.0
0.023,1.2367376699523622,0.0069462613483466384,0.236757176985813,0.0
0.02325,1.2366672235033755,0.007091892573512837,0.2366875582085486,0.0
0.0235,1.2365960311791517,0.007238980109477211,0.23661721933711366,0.0
0.02375,1.236524093162021,0.007387521300259436,0.23654616106359727,0.0
0.024,1.2364514096660306,0.007537514651062338,0.2364743841229502,0.0
0.02425,1.2363779808934443,0.007688958893965037,0.23640188924436023,0.0
0.0245,1.2363038070580545,0.00784185207334076,0.23632867716889083,0.0
0.02475,1.2362288883872528,0.007996192513630263,0.23625474865737028,0.0
0.025,1.2361532250808143,0.008151978686555594,0.2361801044484595,0.0
0.02525,1.2360768173711638,0.00830920902181731,0.2361047453177234,0.0
0.0255,1.2359996654350747,0.008467881579036884,0.23602867198704303,0.0
0.02575,1.2359217694704165,0.008627994682655071,0.23595188520554045,0.0
0.026,1.2358431297179817,0.008789546346548605,0.23587438576746722,0.0
0.02625,1.235763746339225,0.008952534917838761,0.23579617439439082,0.0
0.0265,1.2356836195706857,0.00911695936665069,0.23571725189195458,0.0
0.02675,1.2356027497135371,0.00928281806577047,0.23563761913066417,0.0
0.027,1.2355211368286025,0.009450108198919338,0.23555727673597304,0.0
0.02725,1.235438781200354,0.009618828910276989,0.23547622557596037,0.0
0.0275,1.2353556830266608,0.009788978517590863,0.23539446643033224,0.0
0.02775,1.2352718424864002,0.009960554959974388,0.23531200006106023,0.0
0.028,1.235187259859639,0.01013355665001825,0.23522882733926775,0.0
0.02825,1.2351019353158286,0.010307982347697475,0.23514494903269778,0.0
0.0285,1.2350158690294641,0.01048382997278452,0.23506036591152113,0.0
0.02875,1.2349290612251131,0.010661097220037163,0.2349750787980598,0.0
0.029,1.2348415121257963,0.010839783407703862,0.2348890885312127,0.0
0.02925,1.2347532219097177,0.011019886089201236,0.23480239589411545,0.0
0.0295,1.2346641908823979,0.011201404495750467,0.23471500181619387,0.0
0.02975,1.2345744191519423,0.011384336185230381,0.23462690701876987,0.0
0.03,1.2344839069719402,0.011568679307643492,0.23453811237791644,0.0
0.03025,1.234392654552861,0.011754432997506115,0.23444861874002343,0.0
0.0305,1.2343006620657588,0.011941594961470514,0.23435842690289688,0.0
0.03075,1.2342079297964426,0.012130163778010683,0.23426753779142295,0.0
0.031,1.2341144578520762,0.01232013754952277,0.2341759521513791,0.0
0.03125,1.2340202465280918,0.012511514646192268,0.23408367092348903,0.0
0.0315,1.2339252959620008,0.012704293226946106,0.23399069489251323,0.0
0.03175,1.2338296063960836,0.01289847156155588,0.23389702495311138,0.0
0.032,1.2337331780824767,0.013094048402180647,0.23380266201894995,0.0
0.03225,1.2336360111582971,0.013291022099295446,0.23370760688868186,0.0
0.0325,1.2335381058689512,0.013489390220456698,0.23361186046474103,0.0
0.03275,1.233439462405567,0.01368915157733852,0.233515423612628,0.0
0.033,1.233340081023222,0.013890304583270563,0.2334182972616321,0.0
0.03325,1.2332399618500132,0.014092847489791893,0.233320482216278,0.0
0.0335,1.2331391051821279,0.014296778584153458,0.2332219794535222,0.0
0.03375,1.2330375111794285,0.014502095337576293,0.23312278980835455,0.0
0.034,1.2329351800914483,0.014708797577114296,0.2330229142369158,0.0
0.03425,1.2328321120289192,0.014916882852091362,0.23292235353395574,0.0
0.0345,1.2327283072996518,0.015126349298384412,0.23282110870189165,0.0
0.03475,1.2326237660750272,0.015337194831303691,0.23271918060776398,0.0
0.035,1.232518488557726,0.015549418929396097,0.23261657017324877,0.0
0.03525,1.2324124749842524,0.015763019142369217,0.2325132783338657,0.0
0.0355,1.2323057255441183,0.015977994080301983,0.23240930599523058,0.0
0.03575,1.23219824046188,0.016194342013335472,0.23230465409759704,0.0
0.036,1.2320900198934703,0.016412060494516822,0.2321993235068618,0.0
0.03625,1.2319810641301263,0.016631149195802664,0.23209331525610155,0.0
0.0365,1.231871373283231,0.016851604678294052,0.23198663016079313,0.0
0.03675,1.2317609476096623,0.01707342659237554,0.231879269227248,0.0
0.037,1.2316497873746104,0.017296613519121706,0.23177123345983075,0.0
0.03725,1.2315378926987446,0.01752116258646197,0.23166252370170204,0.0
0.0375,1.231425263848068,0.017747072770831096,0.23155314097087065,0.0
0.03775,1.2313119010053284,0.017974342620206585,0.2314430862000827,0.0
0.038,1.2311978044305545,0.018202970149204134,0.23133236039538518,0.0
0.03825,1.2310829742696026,0.01843295353349106,0.23122096445457707,0.0
0.0385,1.2309674107369397,0.018664291283471357,0.23110889935274193,0.0
0.03875,1.2308511140309584,0.01889698121181027,0.23099616604202744,0.0
0.039,1.230734084393939,0.01913102254302146,0.23088276554370868,0.0
0.03925,1.2306163220597814,0.019366412717829462,0.23076869884698525,0.0
0.0395,1.2304978272037603,0.019603150627503396,0.23065396690852946,0.0
0.03975,1.230378600008426,0.019841233889067666,0.23053857067583827,0.0
0.04,1.2302586407239504,0.02008066153065613,0.23042251119014034,0.0
0.04025,1.230137949501851,0.02032143142183429,0.23030578937906765,0.0
0.0405,1.2300165265995298,0.020563542184589778,0.23018840629195858,0.0
0.04075,1.2298943722326734,0.020806991727539526,0.23007036292821548,0.0
0.041,1.229771486608438,0.02105177883855447,0.22995166029701952,0.0
0.04125,1.2296478699036442,0.02129790153411193,0.22983229936781457,0.0
0.0415,1.2295235223322463,0.02154535839119376,0.22971228116031206,0.0
0.04175,1.2293984441547274,0.021794147395780783,0.22959160673403,0.0
0.042,1.2292726355768364,0.022044267221929204,0.22947027710936285,0.0
0.04225,1.2291460966938823,0.02229571569159816,0.229348293184648,0.0
0.0425,1.229018827829238,0.022548491043309582,0.22922565609699364,0.0
0.04275,1.228890829156133,0.022802592153453816,0.22910236684865448,0.0
0.043,1.2287621009091874,0.023058017267615583,0.22897842649538558,0.0
0.04325,1.2286326432196715,0.023314764135605515,0.2288538359836192,0.0
0.0435,1.2285024563818316,0.023572831367502545,0.22872859644222276,0.0
0.04375,1.228371540563585,0.023832218018597473,0.22860270888609113,0.0
0.044,1.228239895997286,0.024092921426216662,0.22847617436492196,0.0
0.04425,1.2281075228859528,0.024354940059112096,0.22834899392410213,0.0
0.0445,1.2279744213737218,0.024618272233908556,0.22822116855064412,0.0
0.04475,1.227840591752945,0.024882916379937114,0.2280926993854302,0.0
0.045,1.2277060342414945,0.025148870755799635,0.22796358749486934,0.0
0.04525,1.227570748977707,0.02541613398534537,0.22783383387673828,0.0
0.0455,1.2274347361557094,0.025684703619020866,0.22770343956577443,0.0
0.04575,1.22729799606733,0.025954578426095054,0.22757240572283965,0.0
0.046,1.2271605288189198,0.02622575690730855,0.22744073332136572,0.0
0.04625,1.2270223347585625,0.026498236840723166,0.22730842356435454,0.0
0.0465,1.226883414037601,0.026772017524137937,0.22717547749409994,0.0
0.04675,1.2267437667947898,0.027047096000302417,0.22704189609479886,0.0
0.047,1.2266033933558735,0.02732347185674655,0.22690768059640498,0.0
0.04725,1.2264622938456138,0.02760114268966163,0.22677283198757703,0.0
0.0475,1.2263204684957718,0.027880106511062763,0.22663735137601182,0.0
0.04775,1.2261779174685228,0.028160362048197385,0.2265012398192383,0.0
0.048,1.2260346410965735,0.028441907755677676,0.226364498542577,0.0
0.04825,1.2258906394701534,0.028724741651842578,0.2262271285220805,0.0
0.0485,1.225745912850965,0.02900886208047382,0.22608913091587657,0.0
0.04875,1.2256004614137823,0.029294267403201957,0.22595050679885387,0.0
0.049,1.2254542853617165,0.0295809554918236,0.22581125726565454,0.0
0.04925,1.2253073849892586,0.029868925560819548,0.22567138353776262,0.0
0.0495,1.2251597604638254,0.03015817563372991,0.2255308866843515,0.0
0.04975,1.2250114119385844,0.030448703674224475,0.2253897677617538,0.0
0.05,1.224862339674087,0.030740507635172776,0.2252480279361997,0.0
0.05025,1.224712543813157,0.03103358673477885,0.22510566829107392,0.0
0.0505,1.224562024706632,0.03132793909774989,0.2249626900937507,0.0
0.05075,1.2244107824412551,0.03162356220126128,0.22481909433381375,0.0
0.051,1.2242588172250302,0.031920455277642645,0.22467488217010545,0.0
0.05125,1.2241061293136042,0.032218616601866756,0.2245300547879061,0.0
0.0515,1.2239527189068222,0.03251804371396361,0.22438461330024317,0.0
0.05175,1.2237985862203833,0.032818735466520366,0.2242385588734861,0.0
0.052,1.223643731417671,0.03312069015198915,0.2240918926101525,0.0
0.05225,1.223488154789608,0.03342390608848689,0.22394461574398528,0.0
0.0525,1.2233318565199878,0.03372838199507555,0.22379672941573325,0.0
0.05275,1.2231748367534,0.03403411523511579,0.22364823469269313,0.0
0.053,1.2230170957552438,0.03434110479695107,0.2234991328105902,0.0
0.05325,1.222858633717553,0.034649348647221245,0.22334942490657084,0.0
0.0535,1.222699450870497,0.03495884525095505,0.2231991121727872,0.0
0.05375,1.2225395473688003,0.03526959285113662,0.22304819572271817,0.0
0.054,1.2223789234622875,0.03558158971344483,0.22289667676846547,0.0
0.05425,1.222217579349199,0.035894833947708094,0.222744556468909,0.0
0.0545,1.2220555152389343,0.036209324503218454,0.22259183602168586,0.0
0.05475,1.2218927313752381,0.03652505950840634,0.22243851663784397,0.0
0.055,1.221729227899004,0.036842036686664414,0.2222845994161582,0.0
0.05525,1.2215650051008287,0.037160255218623206,0.2221300856516466,0.0
0.0555,1.221400063089329,0.03747971244756343,0.22197497640490527,0.0
0.05575,1.2212344021563806,0.037800407278140824,0.2218192729698798,0.0
0.056,1.2210680224658206,0.038122337780762905,0.2216629764900222,0.0
0.05625,1.220900924249701,0.038445502683046584,0.2215060882002704,0.0
0.0565,1.2207331077017072,0.03876989953840848,0.22134860926325461,0.0
0.05675,1.2205645730422097,0.03909552751372303,0.22119054092196766,0.0
0.057,1.2203953205337248,0.0394223850520774,0.22103188444192856,0.0
0.05725,1.220225350270864,0.039750469187296744,0.2208726408779349,0.0
0.0575,1.2200546625830788,0.04007977967539489,0.2207128116103061,0.0
0.05775,1.219883257600907,0.04041031396565131,0.22055239774857816,0.0
0.058,1.219711135562608,0.04074207044276079,0.22039140054303452,0.0
0.05825,1.2195382966599717,0.041075047546456744,0.22022982120223933,0.0
0.0585,1.2193647411167627,0.041409243608995894,0.22006766096598884,0.0
0.05875,1.2191904691263646,0.04174465710210029,0.2199049210512829,0.0
0.059,1.219015480852149,0.042081285306935,0.2197416026069945,0.0
0.05925,1.2188397765993466,0.04241912802488912,0.21957770701302048,0.0
0.0595,1.2186633565260876,0.042758182563161995,0.21941323541920554,0.0
0.05975,1.2184862208251386,0.04309844755862002,0.21924818905860666,0.0
0.06,1.2183083697369086,0.04343992112741546,0.21908256919642666,0.0
0.06025,1.2181298034101133,0.04378260176991944,0.21891637702251932,0.0
0.0605,1.217950522164326,0.04412648754463078,0.21874961388440295,0.0
0.06075,1.2177705261117198,0.04447157757751086,0.21858228096368082,0.0
0.061,1.2175898155218423,0.04481786929849818,0.21841437954046294,0.0
0.06125,1.2174083905722108,0.04516536128717519,0.21824591084715794,0.0
0.0615,1.2172262514751537,0.04551405183079282,0.21807687614300852,0.0
0.06175,1.2170433984269362,0.04586393901500685,0.21790727666623222,0.0
0.062,1.2168598316831698,0.046215021975072546,0.2177371137565567,0.0
0.06225,1.216675551422616,0.04656729842136542,0.21756638862601285,0.0
0.0625,1.2164905578473744,0.046920766179937345,0.217395102516323,0.0
0.06275,1.216304851173562,0.04727542468209833,0.21722325674759158,0.0
0.063,1.2161184316162736,0.047631271271498576,0.21705085256112633,0.0
0.06325,1.215931299367392,0.04798830500119777,0.21687789124388424,0.0
0.0635,1.2157434546640378,0.0483465232643141,0.21670437406553122,0.0
0.06375,1.2155548976317614,0.04870592495285564,0.216530302245725,0.0
0.064,1.2153656285825694,0.04906650830497483,0.2163556771673103,0.0
0.06425,1.215175647688679,0.04942827166073016,0.21618050008005296,0.0
0.0645,1.2149849551366625,0.04979121330811154,0.21600477224850212,0.0
0.06475,1.214793551138138,0.05015533120037219,0.21582849495092304,0.0
0.065,1.2146014359296795,0.050520624361183764,0.21565166953707737,0.0
0.06525,1.2144086097064948,0.05088709029375593,0.21547429725511935,0.0
0.0655,1.2142150727027046,0.05125472842419754,0.21529637947468294,0.0
0.06575,1.214020825133996,0.05162353610694481,0.21511791746283349,0.0
0.066,1.2138258671453532,0.051993512117959995,0.21493891247812513,0.0
0.06625,1.213630198963262,0.052364654168741254,0.21475936581769917,0.0
0.0665,1.2134338208613844,0.052736961287052964,0.21457927888468875,0.0
0.06675,1.2132367329412932,0.05311043112487823,0.21439865285347448,0.0
0.067,1.2130389354674223,0.05348506247715079,0.21421748911310012,0.0
0.06725,1.212840428684888,0.05386085310111355,0.21403578899030928,0.0
0.0675,1.2126412127898507,0.05423780252887411,0.21385355384395588,0.0
0.06775,1.2124412879500763,0.054615907953078136,0.21367078490321223,0.0
0.068,1.2122406543853317,0.05499516783019942,0.21348748350745228,0.0
0.06825,1.2120393123188817,0.05537558065725534,0.21330365100396698,0.0
0.0685,1.2118372619608926,0.055757144784720936,0.21311928872284325,0.0
0.06875,1.2116345035402092,0.056139858218287486,0.21293439799928948,0.0
0.069,1.2114310372149957,0.05652371949997814,0.2127489801248701,0.0
0.06925,1.2112268632068908,0.05690872681698522,0.2125630364405533,0.0
0.0695,1.2110219817446688,0.05729487886866025,0.21237656832081653,0.0
0.06975,1.2108163930221658,0.05768217353163152,0.21218957706892572,0.0
0.07,1.2106100972600315,0.05807060929399199,0.2120020640459812,0.0
0.07025,1.210403094699303,0.05846018460775326,0.21181403063424797,0.0
0.0705,1.2101953854998189,0.058850897612501285,0.21162547812220112,0.0
0.07075,1.2099869699195276,0.059242746509198696,0.21143640790137752,0.0
0.071,1.209777848053609,0.05963572951776541,0.211246821203811,0.0
0.07125,1.2095680202012846,0.06002984513708043,0.211056719481312,0.0
0.0715,1.2093574865761494,0.06042509165253307,0.21086610409202478,0.0
0.07175,1.2091462473554646,0.06082146750199513,0.21067497636768673,0.0
0.072,1.2089343027999915,0.061218970856302235,0.21048333771233962,0.0
0.07225,1.2087216530843996,0.06161759996662397,0.21029118945017955,0.0
0.0725,1.2085082983436664,0.06201735347316628,0.21009853288784708,0.0
0.07275,1.208294238925864,0.06241822897956695,0.20990536949398586,0.0
0.073,1.2080794748943493,0.0628202253718797,0.20971170052074006,0.0
0.07325,1.2078640065660218,0.06322334077779601,0.20951752743679908,0.0
0.0735,1.207647834122049,0.06362757356787085,0.20932285159001696,0.0
0.07375,1.2074309578117655,0.06403292238343283,0.20912767441292157,0.0
0.074,1.207213377741906,0.06443938481174882,0.20893199714208022,0.0
0.07425,1.2069950941795877,0.06484695927470341,0.20873582122015688,0.0
0.0745,1.2067761073562133,0.06525564484060453,0.208539148091355,0.0
0.07475,1.206556417452879,0.06566543919379342,0.20834197907762841,0.0
0.075,1.2063360246787749,0.06607634092389958,0.20814431557975777,0.0
0.07525,1.2061149292373838,0.06648834764459366,0.2079461589416176,0.0
0.0755,1.2058931313635362,0.06690145882549814,0.20774751064232566,0.0
0.07575,1.2056706312408507,0.06731567186345444,0.20754837199804954,0.0
0.076,1.2054474291130846,0.06773098551731493,0.20734874446221707,0.0
0.07625,1.2052235251381238,0.06814739770983635,0.20714862935803735,0.0
0.0765,1.204998919563025,0.06856490721698094,0.2069480281477456,0.0
0.07675,1.2047736125679567,0.06898351165168037,0.2067469421630379,0.0
0.077,1.2045476044084253,0.06940321035858688,0.20654537291150166,0.0
0.07725,1.2043208952061928,0.06982400033173519,0.20634332163467128,0.0
0.0775,1.2040934852339342,0.07024588097193885,0.20614078986506645,0.0
0.07775,1.203865374730396,0.07066885052181249,0.20593777903705757,0.0
0.078,1.2036365638365645,0.07109290655151312,0.20573429044969704,0.0
0.07825,1.2034070528337963,0.0715180481293487,0.20553032563198315,0.0
0.0785,1.20317684184805,0.07194427294226102,0.2053258858784366,0.0
0.07875,1.2029459311128994,0.07237157952781104,0.20512097264317442,0.0
0.079,1.2027143209044135,0.07279996673932487,0.20491558744412108,0.0
0.07925,1.2024820113439123,0.07322943219419642,0.2047097315723756,0.0
0.0795,1.2022490026825676,0.0736599740420587,0.2045034064821507,0.0
0.07975,1.2020152950938638,0.07409159101759144,0.20429661358782658,0.0
0.08,1.2017808888524395,0.07452428171711745,0.20408935439875564,0.0
0.08025,1.2015457841335686,0.07495804393730054,0.2038816302776858,0.0
0.0805,1.2013099811301684,0.07539287598919486,0.20367344263836262,0.0
0.08075,1.201073480051662,0.07582877638580499,0.20346479292565034,0.0
0.081,1.2008362811216045,0.07626574354009108,0.20325568259438853,0.0
0.08125,1.2005983845546373,0.07670377557118968,0.20304611307384235,0.0
0.0815,1.2003597905517438,0.07714287069232739,0.20283608578728618,0.0
0.08175,1.2001204993070629,0.07758302758611535,0.20262560218318226,0.0
0.082,1.1998805110532738,0.07802424399677932,0.20241466368999927,0.0
0.08225,1.1996398259995082,0.07846651876276667,0.20220327178513298,0.0
0.0825,1.1993984443171004,0.07890984980497251,0.20199142785068314,0.0
0.08275,1.19915636629846,0.07935423626757654,0.20177913347159437,0.0
0.083,1.1989135920727412,0.07979967525730558,0.20156638993770737,0.0
0.08325,1.1986701218170666,0.08024616528010142,0.2013531986801811,0.0
0.0835,1.1984259558381885,0.0806937054210124,0.201139561300538,0.0
0.08375,1.1981810942992932,0.08114229354328018,0.20092547917750325,0.0
0.084,1.1979355373962157,0.08159192797914727,0.2007109537553633,0.0
0.08425,1.1976892853495364,0.0820426065911164,0.20049598647281952,0.0
0.0845,1.197442338381939,0.0824943285125812,0.20028057885910489,0.0
0.08475,1.197194696715806,0.08294709161756941,0.2000647323591609,0.0
0.085,1.196946360520681,0.08340089433168885,0.199848448404643,0.0
0.08525,1.1966973299809385,0.08385573454681605,0.19963172840663623,0.0
0.0855,1.1964476053927777,0.08431161115235852,0.19941457395898698,0.0
0.08575,1.1961971868763217,0.08476852187803274,0.19919698640057137,0.0
0.086,1.1959460747203434,0.08522646554406776,0.19897896731682962,0.0
0.08625,1.1956942690518457,0.08568544029004954,0.19876051808571304,0.0
0.0865,1.1954417701729563,0.08614544447500805,0.19854164027706944,0.0
0.08675,1.1951885782433154,0.08660647661567111,0.19832233533179977,0.0
0.087,1.1949346934576082,0.08706853434914308,0.1981026046638643,0.0
0.08725,1.1946801159970244,0.08753161642387397,0.19788244975558422,0.0
0.0875,1.1944248461830895,0.08799572153436941,0.19766187222765486,0.0
0.08775,1.194168884114529,0.08846084697221102,0.19744087337721217,0.0
0.088,1.1939122300826024,0.08892699216573874,0.19721945485214132,0.0
0.08825,1.1936548841458543,0.08939415427970232,0.19699761790265735,0.0
0.0885,1.1933968466938043,0.08986233257246568,0.19677536426602615,0.0
0.08875,1.1931381178336742,0.09033152492661145,0.19655269529730668,0.0
0.089,1.1928786978125796,0.0908017297599315,0.19632961253261283,0.0
0.08925,1.192618586872452,0.09127294563415944,0.19610611751565776,0.0
0.0895,1.1923577851535567,0.09174517047279096,0.19588221164183928,0.0
0.08975,1.1920962928797292,0.09221840261960779,0.19565789642326403,0.0
0.09,1.1918341102678647,0.09269264034176672,0.1954331733608201,0.0
0.09025,1.1915712375370093,0.09316788221588013,0.1952080439831687,0.0
0.0905,1.191307674886915,0.0936441263551302,0.19498250976542875,0.0
0.09075,1.1910434225095812,0.09412137115759833,0.19475657219867304,0.0
0.091,1.1907784806587949,0.09459961472009581,0.19453023281340953,0.0
0.09125,1.1905128494605606,0.09507885551956008,0.19430349304421468,0.0
0.0915,1.1902465292294298,0.09555909176029331,0.1940763544936126,0.0
0.09175,1.1899795201342838,0.09604032204271107,0.19384881865213077,0.0
0.092,1.1897118223760024,0.09652254461016696,0.19362088701532465,0.0
0.09225,1.189443436137391,0.09700575770267506,0.19339256106186342,0.0
0.0925,1.1891743616577193,0.0974899593173717,0.19316384230823358,0.0
0.09275,1.1889045991499319,0.09797514843032218,0.1929347323260413,0.0
0.093,1.1886341488216021,0.09846132240042493,0.19270523255064798,0.0
0.09325,1.1883630108590233,0.09894848047228777,0.19247534455253956,0.0
0.0935,1.188091185466201,0.09943662017292354,0.19224506977965605,0.0
0.09375,1.1878186728501743,0.09992574010868793,0.1920144097735641,0.0
0.094,1.1875454732893602,0.10041583882681948,0.19178336614392477,0.0
0.09425,1.1872715869370762,0.10090691467220836,0.19155194036044754,0.0
0.0945,1.1869970139883903,0.10139896557504358,0.19132013390064206,0.0
0.09475,1.1867217546844673,0.10189199002564919,0.19108794833663234,0.0
0.095,1.1864458092576609,0.10238598681300459,0.19085538525915835,0.0
0.09525,1.1861691778034773,0.10288095310075107,0.1906224459844088,0.0
0.0955,1.1858918606658855,0.10337688816323976,0.1903891322588218,0.0
0.09575,1.185613857975342,0.10387378964352934,0.19015544547680086,0.0
0.096,1.1853351699415358,0.10437165621307543,0.18992138720210838,0.0
0.09625,1.1850557968019935,0.10487048646893982,0.18968695902167454,0.0
0.0965,1.1847757387406714,0.10537027809732535,0.18945216239023743,0.0
0.09675,1.1844949960230147,0.10587102992961661,0.18921699894591115,0.0
0.097,1.1842135688319213,0.1063727405788768,0.1889814702273105,0.0
0.09725,1.1839314573191757,0.1068754073961884,0.18874557763047362,0.0
0.0975,1.1836486617531983,0.10737902905040642,0.18850932278629817,0.0
0.09775,1.1833651822749052,0.10788360346576553,0.18827270713303768,0.0
0.098,1.1830810191642236,0.10838912997613193,0.1880357323766153,0.0
0.09825,1.1827961725963463,0.1088956060043813,0.187798399946568,0.0
0.0985,1.182510642830267,0.10940303047711097,0.18756071149412268,0.0
0.09875,1.1822244299848652,0.1099114010611828,0.18732266841674994,0.0
0.099,1.181937534356317,0.11042071639829487,0.18708427237926228,0.0
0.09925,1.1816499561321119,0.11093097527073326,0.18684552495324258,0.0
0.0995,1.181361695519731,0.11144217562542735,0.1866064276538293,0.0
0.09975,1.1810727526761307,0.11195431545318968,0.18636698195059553,0.0
0.1,1.1807831279092373,0.11246739324025157,0.186127189511049,0.0
0.10025,1.1804928213333747,0.11298140773803311,0.18588705183676701,0.0
0.1005,1.1802018331947046,0.11349635633146704,0.185646570431788,0.0
0.10075,1.1799101636845872,0.11401223812977435,0.185405746910968,0.0
0.101,1.179617813022801,0.11452905077229047,0.18516458277806214,0.0
0.10125,1.1793247814407701,0.11504679319193656,0.1849230796739798,0.0
0.1015,1.1790310691425585,0.1155654638381236,0.18468123916755141,0.0
0.10175,1.1787366763375888,0.11608506025943655,0.18443906274608435,0.0
0.102,1.1784416032155236,0.11660558164952306,0.18419655203897523,0.0
0.10225,1.1781458499793813,0.11712702535649555,0.18395370850912074,0.0
0.1025,1.1778494168093059,0.11764939000457275,0.18371053372286505,0.0
0.10275,1.17755230398756,0.11817267429607625,0.18346702935768233,0.0
0.103,1.1772545116675204,0.11869687567136111,0.18322319683805843,0.0
0.10325,1.1769560400472998,0.11922199360004981,0.18297903783701575,0.0
0.1035,1.1766568893976084,0.119748025256186,0.18273455387065263,0.0
0.10375,1.1763570599293796,0.12027497029610856,0.18248974664705808,0.0
0.104,1.1760565517739057,0.12080282587824342,0.18224461754346688,0.0
0.10425,1.1757553651927264,0.12133159066176802,0.181999168219672,0.0
0.1045,1.1754535004260296,0.12186126325379121,0.18175340031057918,0.0
0.10475,1.1751509576502048,0.12239184163583161,0.1815073153244562,0.0
0.105,1.1748477370480352,0.12292332405124284,0.1812609148036246,0.0
0.10525,1.1745438388517582,0.12345570908965442,0.18101420037671612,0.0
0.1055,1.1742392632474221,0.12398899472849223,0.1807671735637093,0.0
0.10575,1.173934010476366,0.12452317953878378,0.18051983600258614,0.0
0.106,1.1736280807510573,0.12505826163557288,0.18027218925581812,0.0
0.10625,1.173321474263123,0.12559423978180462,0.18002423493475672,0.0
0.1065,1.1730141912294942,0.12613111182696457,0.17977597458012795,0.0
0.10675,1.1727062318476444,0.1266688764503101,0.17952740980253834,0.0
0.107,1.172397596340978,0.12720753127109674,0.17927854212573124,0.0
0.10725,1.1720882849258913,0.12774707556926046,0.17902937324606794,0.0
0.1075,1.1717782977707771,0.12828750661071808,0.17877990459583892,0.0
0.10775,1.1714676351007722,0.12882882362816872,0.1785301378776929,0.0
0.108,1.1711562971396177,0.12937102431897074,0.1782800746270472,0.0
0.10825,1.1708442840793363,0.12991410663451575,0.17802971637556664,0.0
0.1085,1.1705315961159841,0.13045806997338616,0.17777906481946526,0.0
0.10875,1.1702182335092406,0.13100291157174127,0.17752812148065522,0.0
0.109,1.1699041964065078,0.1315486303015092,0.17727688795107155,0.0
0.10925,1.1695894850529838,0.13209522483674618,0.17702536589963702,0.0
0.1095,1.1692740996841837,0.13264269318128186,0.17677355691171193,0.0
0.10975,1.1689580404825644,0.1331910335583899,0.17652146254506929,0.0
0.11,1.1686413076765634,0.13374024403401563,0.17626908438599465,0.0
0.11025,1.1683239014002398,0.13429032307914213,0.17601642397365258,0.0
0.1105,1.1680058219145635,0.13484126924545592,0.17576348298373357,0.0
0.11075,1.1676870693983643,0.1353930799045031,0.1755102628757299,0.0
0.111,1.1673676441445644,0.13594575506260753,0.1752567655262287,0.0
0.11125,1.1670475462568866,0.13649929152671803,0.17500299225640936,0.0
0.1115,1.1667267760191868,0.1370536885228404,0.17474894484644743,0.0
0.11175,1.1664053336272526,0.13760894371374377,0.17449462480852374,0.0
0.112,1.1660832193159143,0.13816505618298436,0.17424003386028963,0.0
0.11225,1.1657604332303655,0.1387220235115052,0.1739851734551745,0.0
0.1125,1.165436975546915,0.1392798438519094,0.1737300451446886,0.0
0.11275,1.1651128465962,0.13983851647670065,0.17347465076749935,0.0
0.113,1.1647880465280522,0.14039803904789494,0.1732189917927216,0.0
0.11325,1.1644625754918727,0.14095840958941608,0.17296306973201125,0.0
0.1135,1.1641364337464464,0.1415196265361658,0.17270688625539776,0.0
0.11375,1.1638096215348783,0.1420816887158054,0.17245044306592838,0.0
0.114,1.1634821390534342,0.14264459438099664,0.17219374175196567,0.0
0.11425,1.1631539864612428,0.14320834134848326,0.17193678381236288,0.0
0.1145,1.1628251639947154,0.143772927962047,0.17167957088707353,0.0
0.11475,1.162495671921202,0.1443383535421674,0.1714221047678719,0.0
0.115,1.1621655104086086,0.1449046154503435,0.1711643869082229,0.0
0.11525,1.1618346796491084,0.14547171181537522,0.17090641887976754,0.0
0.1155,1.1615031797929043,0.14603964110341394,0.17064820225490518,0.0
0.11575,1.1611710111446576,0.14660840220237503,0.17038973881311859,0.0
0.116,1.1608381738281635,0.14717799259649667,0.17013102997973695,0.0
0.11625,1.1605046681566602,0.14774841109708348,0.16987207753459632,0.0
0.1165,1.1601704943171147,0.14831965632909316,0.1696128831103043,0.0
0.11675,1.1598356524695865,0.14889172622494584,0.16935344822589715,0.0
0.117,1.1595001428615626,0.1494646189446911,0.16909377451608454,0.0
0.11725,1.1591639656321928,0.15003833260708177,0.16883386350313478,0.0
0.1175,1.1588271210257566,0.15061286568273147,0.16857371685914968,0.0
0.11775,1.158489609310883,0.15118821698219165,0.16831333632529266,0.0
0.118,1.1581514306336378,0.1517643846934078,0.16805272344193045,0.0
0.11825,1.157812585229955,0.15234136678189714,0.16779187980986077,0.0
0.1185,1.1574730732635783,0.1529191609989482,0.16753080693010203,0.0
0.11875,1.1571328950021962,0.1534977666687638,0.16726950661295947,0.0
0.119,1.1567920506234528,0.1540771816687112,0.16700798039113085,0.0
0.11925,1.1564505403338652,0.15465740456870947,0.16674622991737942,0.0
0.1195,1.156108364400656,0.15523843383788005,0.16648425689230706,0.0
0.11975,1.155765522984896,0.15582026720854003,0.1662220628137212,0.0
0.12,1.1554220162395312,0.15640290303971938,0.1659596492547568,0.0
0.12025,1.1550778444661307,0.1569863400850693,0.16569701798959224,0.0
0.1205,1.1547330078023448,0.15757057599434177,0.16543417048215914,0.0
0.12075,1.1543875065217777,0.15815560951783425,0.1651711084795764,0.0
0.121,1.1540413407482597,0.1587414389123012,0.16490783351473293,0.0
0.12125,1.153694510818612,0.15932806280083867,0.1646443473820085,0.0
0.1215,1.153347016834001,0.159915478748772,0.16438065149818515,0.0
0.12175,1.152998859009788,0.16050368556888372,0.16411674756403527,0.0
0.122,1.152650037596168,0.1610926814059752,0.16385263722389465,0.0
0.12225,1.1523005527825951,0.1616824647087043,0.1635883221042378,0.0
0.1225,1.1519504047887317,0.16227303364307488,0.16332380382275735,0.0
0.12275,1.151599593824069,0.1628643868738351,0.16305908405701852,0.0
0.123,1.1512481200862434,0.16345652242937092,0.16279416438457117,0.0
0.12325,1.1508959838256247,0.16404943877917333,0.1625290464972109,0.0
0.1235,1.1505431851968448,0.1646431338188421,0.16226373191138954,0.0
0.12375,1.1501897243829995,0.1652376061837515,0.16199822227642713,0.0
0.124,1.1498356016330402,0.16583285384723467,0.16173251921340914,0.0
0.12425,1.149480817226011,0.1664288756923753,0.16146662450317795,0.0
0.1245,1.1491253712818836,0.16702566966424115,0.16120053963581804,0.0
0.12475,1.1487692639800233,0.167623233768893,0.16093426616856532,0.0
0.125,1.1484124956313897,0.1682215673658618,0.16066780598470287,0.0
0.12525,1.1480550663646376,0.1688206674666617,0.160401160448145,0.0
0.1255,1.1476969764366682,0.16942053327163364,0.16013433136680977,0.0
0.12575,1.1473382260661094,0.17002116291776304,0.15986732035713258,0.0
0.126,1.146978815421889,0.17062255471944354,0.15960012901240628,0.0
0.12625,1.1466187446996208,0.1712247066321595,0.1593327588996194,0.0
0.1265,1.146258014147838,0.17182761731955054,0.1590652117425746,0.0
0.12675,1.1458966239451969,0.1724312843536353,0.15879748903457847,0.0
0.127,1.1455345743013985,0.17303570684437375,0.1585295925279675,0.0
0.12725,1.1451718654651737,0.17364088307306247,0.15826152389146508,0.0
0.1275,1.1448084976727122,0.17424681170929546,0.15799328483998853,0.0
0.12775,1.14444447100814,0.17485349014246765,0.15772487674581104,0.0
0.128,1.1440797857897178,0.175460916951792,0.15745630139120603,0.0
0.12825,1.143714442151341,0.17606909064916465,0.1571875603667614,0.0
0.1285,1.1433484403824088,0.17667800968919778,0.1569186554086779,0.0
0.12875,1.1429817806358331,0.17728767189385053,0.15664958802180085,0.0
0.129,1.1426144631205246,0.17789807545477743,0.1563803598222855,0.0
0.12925,1.1422464880072352,0.1785092190969948,0.1561109724708445,0.0
0.1295,1.141877855599719,0.17912110145401527,0.15584142774651943,0.0
0.12975,1.1415085660664857,0.17973372038089508,0.15557172717452805,0.0
0.13,1.141138619657196,0.18034707440850184,0.1553018724648707,0.0
0.13025,1.140768016485254,0.1809611614052784,0.15503186508981126,0.0
0.1305,1.140396756793045,0.1815759799999057,0.15476170676768697,0.0
0.13075,1.1400248408244766,0.18219152838106822,0.15449139914973076,0.0
0.131,1.1396522687937938,0.1828078052938622,0.15422094394582886,0.0
0.13125,1.1392790408754805,0.18342480875476497,0.15395034271188512,0.0
0.1315,1.1389051572650573,0.184042536304176,0.15367959694805156,0.0
0.13175,1.1385306181776533,0.1846609872800542,0.15340870845994292,0.0
0.132,1.1381554238811193,0.18528015991832092,0.1531376789305643,0.0
0.13225,1.1377795745560988,0.1859000521625518,0.1528665099095805,0.0
0.1325,1.1374030703915108,0.18652066252724353,0.1525952030464286,0.0
0.13275,1.137025911570928,0.1871419888365864,0.1523237598736793,0.0
0.133,1.1366480983702556,0.1877640303578687,0.15205218224911543,0.0
0.13325,1.136269630918032,0.1883867844734226,0.1517804715790403,0.0
0.1335,1.1358905095196845,0.189010249941731,0.15150862966802126,0.0
0.13375,1.135510734337469,0.18963442546251486,0.1512366581707325,0.0
0.134,1.1351303055416384,0.1902593081335766,0.150964558485847,0.0
0.13425,1.1347492234038556,0.19088489721997348,0.15069233246873304,0.0
0.1345,1.1343674880573777,0.19151119082037837,0.15041998164628745,0.0
0.13475,1.1339850998033545,0.19213818725663145,0.15014750774771857,0.0
0.135,1.133602058802392,0.19276588486246737,0.14987491236561556,0.0
0.13525,1.133218365254928,0.1933942819500487,0.14960219712821798,0.0
0.1355,1.1328340193567619,0.19402337636736888,0.1493293635807753,0.0
0.13575,1.1324490214265714,0.19465316764839713,0.14905641367408684,0.0
0.136,1.132063371491694,0.19528365238510048,0.1487833485744845,0.0
0.13625,1.1316770699075351,0.19591483047371128,0.14851017033113267,0.0
0.1365,1.1312901168148959,0.196546698703699,0.14823688025354054,0.0
0.13675,1.1309025124758727,0.19717925703898231,0.1479634803122818,0.0
0.137,1.130514257026559,0.1978125024817814,0.14768997184710875,0.0
0.13725,1.1301253507514142,0.19844643452439925,0.1474163567713569,0.0
0.1375,1.129735793764994,0.19908104979823804,0.14714263633716862,0.0
0.13775,1.1293455863288027,0.19971634739391675,0.1468688123655273,0.0
0.138,1.1289547286985333,0.20035232683052584,0.1465948867482294,0.0
0.13825,1.1285632210210181,0.20098898460445014,0.14632086074260342,0.0
0.1385,1.1281710635035878,0.20162631983383505,0.14604673612228924,0.0
0.13875,1.127778256423611,0.20226433096250673,0.14577251461256058,0.0
0.139,1.1273847998802902,0.20290301612894268,0.14549819770933903,0.0
0.13925,1.1269906941531214,0.20354237360922411,0.14522378710984318,0.0
0.1395,1.1265959395120366,0.2041824021436156,0.14494928458431966,0.0
0.13975,1.1262005360819116,0.20482309956150857,0.1446746915980841,0.0
0.14,1.1258044840588957,0.20546446410105546,0.14440000975858536,0.0
0.14025,1.1254077836569083,0.20610649416479987,0.14412524071993937,0.0
0.1405,1.1250104351270056,0.20674918800204978,0.14385038614504198,0.0
0.14075,1.124612438647599,0.20739254388368522,0.14357544762881558,0.0
0.141,1.1242137944126753,0.20803656063030473,0.14330042688115507,0.0
0.14125,1.1238145026850295,0.20868123587715104,0.14302532546414537,0.0
0.1415,1.123414563642085,0.20932656831874397,0.14275014504800576,0.0
0.14175,1.123013977503783,0.20997255652052615,0.14247488732165703,0.0
0.142,1.122612744431113,0.21061919783879546,0.14219955369340465,0.0
0.14225,1.1222108646986544,0.21126649166916422,0.14192414605782755,0.0
0.1425,1.1218083385284756,0.2119144358611038,0.14164866597318326,0.0
0.14275,1.121405166060795,0.21256302878146016,0.1413731150121713,0.0
0.143,1.1210013475065814,0.21321226865424592,0.14109749479010847,0.0
0.14325,1.1205968831546635,0.21386215394225871,0.14082180704296188,0.0
0.1435,1.1201917731198772,0.21451268257345646,0.14054605323516633,0.0
0.14375,1.119786017635645,0.21516385275177186,0.14027023499838975,0.0
0.144,1.1193796169778367,0.21581566349827597,0.13999435415998862,0.0
0.14425,1.1189725712467942,0.21646811284060163,0.13971841218760406,0.0
0.1445,1.1185648807279414,0.21712119873460267,0.13944241071581343,0.0
0.14475,1.1181565455818605,0.21777491940801497,0.13916635130727362,0.0
0.145,1.1177475661085863,0.21842927440633275,0.1388902359136044,0.0
0.14525,1.1173379423845509,0.21908426046286422,0.13861406572846358,0.0
0.1455,1.1169276747363472,0.21973987669352368,0.1383378426465618,0.0
0.14575,1.1165167633098543,0.22039612133497144,0.13806156821650584,0.0
0.146,1.116105208348794,0.22105299283252577,0.13778524412277426,0.0
0.14625,1.115693010032217,0.22171048911228297,0.13750887188503147,0.0
0.1465,1.1152801685752292,0.22236860843210593,0.13723245312171017,0.0
0.14675,1.1148666841986778,0.223027349948822,0.13695598963255784,0.0
0.147,1.1144525570924935,0.2236867110153753,0.13667948283360576,0.0
0.14725,1.114037787450163,0.22434668996029927,0.1364029343340316,0.0
0.1475,1.1136223755106536,0.22500728519729307,0.13612634580395455,0.0
0.14775,1.1132063215126076,0.2256684963659552,0.13584971915641297,0.0
0.148,1.1127896256564274,0.2263303202691418,0.1355730557043453,0.0
0.14825,1.112372288082332,0.22699275518145612,0.1352963569915968,0.0
0.1485,1.1119543090405513,0.22765580006259256,0.1350196248065445,0.0
0.14875,1.1115356887501084,0.22831945302536383,0.13474286073761177,0.0
0.149,1.1111164274381151,0.22898371272857787,0.13446606649022508,0.0
0.14925,1.110696525240269,0.229648576480173,0.1341892434070151,0.0
0.1495,1.1102759824129138,0.2303140430226449,0.13391239323697213,0.0
0.14975,1.1098547992179029,0.2309801116355601,0.13363551784433225,0.0
0.15,1.1094329757622017,0.2316467791396235,0.133358618440931,0.0
0.15025,1.1090105123082679,0.23231404470244854,0.13308169686755522,0.0
0.1505,1.1085874090765535,0.2329819069069714,0.1328047548051141,0.0
0.15075,1.108163666274423,0.23365036329359157,0.13252779370662604,0.0
0.151,1.107739284079266,0.23431941266170497,0.132250815253657,0.0
0.15125,1.107314262713115,0.23498905310738394,0.1319738210259962,0.0
0.1515,1.1068886023897506,0.23565928319236207,0.13169681269104627,0.0
0.15175,1.1064623033058911,0.2363301004417906,0.1314197916829123,0.0
0.152,1.1060353656993183,0.237001504105109,0.13114275983436707,0.0
0.15225,1.1056077897180967,0.23767349185624198,0.1308657185609945,0.0
0.1525,1.1051795756235796,0.2383460624793372,0.13058866962079518,0.0
0.15275,1.1047507236115317,0.23901921389119707,0.130311614524671,0.0
0.153,1.1043212339027075,0.23969294457060641,0.13003455492534655,0.0
0.15325,1.1038911066838528,0.2403672529963643,0.12975749244194845,0.0
0.1535,1.1034603422220277,0.24104213745570746,0.1294804287308262,0.0
0.15375,1.103028940600022,0.24171759582601737,0.12920336517968134,0.0
0.154,1.1025969021728232,0.2423936267069564,0.12892630359526036,0.0
0.15425,1.1021642270790815,0.24307022872237383,0.12864924557808322,0.0
0.1545,1.1017309155628086,0.24374740019261765,0.1283721927659882,0.0
0.15475,1.1012969677486488,0.24442513865176352,0.12809514650906206,0.0
0.155,1.1008623839005356,0.2451034428943757,0.1278181085644292,0.0
0.15525,1.1004271642281118,0.24578231130551842,0.12754108054731494,0.0
0.1555,1.0999913089429727,0.24646174172313806,0.1272640639545275,0.0
0.15575,1.099554818236502,0.24714173309020282,0.12698706050332986,0.0
0.156,1.099117692368448,0.24782228333131684,0.1267100717544376,0.0
0.15625,1.0986799314653268,0.24850339094945184,0.12643309926423574,0.0
0.1565,1.098241535831706,0.24918505420656345,0.1261561447090329,0.0
0.15675,1.097802505573458,0.24986727113139295,0.12587920951850395,0.0
0.157,1.0973628409624205,0.2505500403407268,0.1256022954133731,0.0
0.15725,1.0969225421939517,0.2512333603107493,0.1253254040082239,0.0
0.1575,1.0964816094754393,0.25191722872393996,0.1250485367511036,0.0
0.15775,1.0960400430056239,0.2526016441245531,0.12477169527251042,0.0
0.158,1.0955978430075142,0.2532866052666094,0.12449488127345454,0.0
0.15825,1.0951550096938103,0.253972109873871,0.12421809621231206,0.0
0.1585,1.0947115432613699,0.25465815682645143,0.12394134179143701,0.0
0.15875,1.0942674439522282,0.2553447441330121,0.12366461955963359,0.0
0.159,1.0938227119629298,0.2560318704348816,0.1233879311637287,0.0
0.15925,1.0933773474516038,0.2567195333713954,0.12311127798394583,0.0
0.1595,1.092931350672095,0.2574077316277652,0.12283466173060464,0.0
0.15975,1.092484721837999,0.2580964634376812,0.12255808397093126,0.0
0.16,1.0920374611421506,0.2587857273617544,0.1222815463260305,0.0
0.16025,1.091589568800539,0.2594755211974018,0.12200505026261355,0.0
0.1605,1.091141044995854,0.2601658435550718,0.12172859740106756,0.0
0.16075,1.0906918899557998,0.26085669274878853,0.12145218933630453,0.0
0.161,1.09024210387441,0.2615480671204722,0.12117582763585943,0.0
0.16125,1.0897916870329354,0.2622399651128404,0.12089951397459142,0.0
0.1615,1.089340639504973,0.2629323842086393,0.12062324959941062,0.0
0.16175,1.0888889616070734,0.26362532386856685,0.12034703645546241,0.0
0.162,1.0884366535807257,0.2643187820983144,0.12007087607344968,0.0
0.16225,1.0879837155295253,0.265012756549865,0.119794769764348,0.0
0.1625,1.0875301477146162,0.2657072462059773,0.11951871930510327,0.0
0.16275,1.0870759503196288,0.26640224884769736,0.11924272611191644,0.0
0.163,1.0866211235879244,0.2670977634600149,0.11896679194372228,0.0
0.16325,1.0861656677179292,0.26779378800324594,0.11869091827111133,0.0
0.1635,1.0857095829525973,0.2684903209033678,0.11841510671749078,0.0
0.16375,1.0852528694241168,0.269187360392948,0.11813935875122561,0.0
0.164,1.08479552738009,0.2698849043088245,0.1178636758557059,0.0
0.16425,1.0843375570333684,0.2705829514161735,0.11758805970276054,0.0
0.1645,1.0838789585863648,0.2712815002105202,0.11731251188856429,0.0
0.16475,1.083419732241028,0.27198054865553445,0.11703703387854891,0.0
0.165,1.0829598782177974,0.2726800950246968,0.11676162722945671,0.0
0.16525,1.0824993967295717,0.2733801378116709,0.11648629354319207,0.0
0.1655,1.082038287943778,0.2740806753643312,0.11621103434093949,0.0
0.16575,1.081576552142912,0.27478170603575336,0.11593585125546912,0.0
0.166,1.0811141895069198,0.2754832279934192,0.11566074577305008,0.0
0.16625,1.0806512002018813,0.276185239273147,0.11538571933216546,0.0
0.1665,1.0801875844722968,0.2768877388915456,0.11511077368868072,0.0
0.16675,1.0797233424753774,0.2775907239925317,0.11483591004815552,0.0
0.167,1.079258474466235,0.2782941934223686,0.11456113013140357,0.0
0.16725,1.0787929807705559,0.27899814689466496,0.11428643594476084,0.0
0.1675,1.078326861370266,0.2797025806268607,0.11401182828638512,0.0
0.16775,1.0778601166433548,0.28040749423846023,0.11373730918718827,0.0
0.168,1.0773927467236133,0.2811128854331457,0.11346287996017224,0.0
0.16825,1.0769247518742784,0.2818187532703007,0.11318854238368026,0.0
0.1685,1.0764561322332553,0.2825250947472995,0.11291429759193505,0.0
0.16875,1.0759868880501822,0.28323190916974283,0.11264014740968831,0.0
0.169,1.0755170195095252,0.2839391945563392,0.11236609327143499,0.0
0.16925,1.0750465268649094,0.28464694955101777,0.11209213683624442,0.0
0.1695,1.0745754103102163,0.2853551719917249,0.11181827949795675,0.0
0.16975,1.074103669991267,0.2860638600321863,0.11154452268239012,0.0
0.17,1.073631306173053,0.28677301218280604,0.11127086802059893,0.0
0.17025,1.0731583190660885,0.2874826272757076,0.1109973171732217,0.0
0.1705,1.0726847088659524,0.28819270279848297,0.11072387143750895,0.0
0.17075,1.0722104757564845,0.28890323722285416,0.11045053235152791,0.0
0.171,1.0717356200242136,0.2896142296200992,0.11017730170776274,0.0
0.17125,1.0712601417968983,0.2903256775510812,0.10990418075084518,0.0
0.1715,1.070784041300198,0.29103757907356,0.10963117094653696,0.0
0.17175,1.0703073187733358,0.29174993348011924,0.10935827409607457,0.0
0.172,1.0698299744382749,0.29246273845583914,0.1090854915612629,0.0
0.17225,1.069352008484271,0.2931759928707862,0.10881282498224909,0.0
0.1725,1.0688734211196769,0.2938896945041449,0.10854027572832092,0.0
0.17275,1.0683942125002859,0.29460384122175753,0.1082678451379524,0.0
0.173,1.0679143829131617,0.2953184321287523,0.10799553500354109,0.0
0.17325,1.0674339325396098,0.29603346518135254,0.10772334670903083,0.0
0.1735,1.0669528615774642,0.29674893888996223,0.10745128180008812,0.0
0.17375,1.0664711702167247,0.2974648513246194,0.1071793416953768,0.0
0.174,1.065988858714665,0.29818120062527953,0.10690752789477731,0.0
0.17425,1.065505927228299,0.29889798569845993,0.10663584200640908,0.0
0.1745,1.0650223760718527,0.29961520476147996,0.1063642856030731,0.0
0.17475,1.0645382053336951,0.3003328558758227,0.10609285999576556,0.0
0.175,1.064053415279921,0.30105093711449626,0.10582156666723619,0.0
0.17525,1.0635680060611756,0.30176944676102835,0.10555040704411223,0.0
0.1755,1.0630819780236016,0.30248838450708604,0.10527938312459262,0.0
0.17575,1.0625953312400274,0.303207746847562,0.10500849576891436,0.0
0.176,1.0621080659834297,0.3039275332193512,0.10473774683218884,0.0
0.17625,1.061620182433173,0.30464774109813675,0.10446713753992731,0.0
0.1765,1.0611316807684017,0.3053683688321627,0.104196669354508,0.0
0.17675,1.0606425612675543,0.30608941551204794,0.10392634403781886,0.0
0.177,1.0601528241058933,0.3068108792141544,0.10365616297099667,0.0
0.17725,1.0596624694786136,0.3075327576362099,0.10338612744625597,0.0
0.1775,1.0591714976555302,0.3082550502463448,0.10311623931852054,0.0
0.17775,1.0586799087165621,0.30897775360864443,0.10284649944820168,0.0
0.178,1.0581877030513218,0.3097008675821371,0.10257690991157653,0.0
0.17825,1.0576948807049869,0.31042438960531626,0.10230747177517108,0.0
0.1785,1.0572014419930387,0.3111483189253903,0.1020381868711524,0.0
0.17875,1.0567073870740256,0.3118726524958504,0.10176905623257171,0.0
0.179,1.056212716150907,0.31259739009389875,0.10150008173054337,0.0
0.17925,1.055717429483316,0.3133225291911401,0.10123126463681253,0.0
0.1795,1.0552215272838126,0.314048068328475,0.1009626064785436,0.0
0.17975,1.0547250096359537,0.3147740051046952,0.10069410838852666,0.0
0.18,1.0542278768697488,0.3155003384910344,0.10042577212516046,0.0
0.18025,1.0537301291460368,0.31622706698711056,0.10015759914904643,0.0
0.1805,1.0532317667452897,0.31695418882252113,0.09988959095608618,0.0
0.18075,1.0527327897683834,0.31768170168867016,0.09962174871240714,0.0
0.181,1.0522331985060647,0.31840960467357604,0.09935407416659281,0.0
0.18125,1.0517329931136392,0.31913789561481565,0.09908656857466291,0.0
0.1815,1.0512321738275179,0.31986657279182396,0.09881923339542786,0.0
0.18175,1.0507307408231248,0.32059563446952666,0.09855207002291477,0.0
0.182,1.0502286944058525,0.32132507969205903,0.09828508020118787,0.0
0.18225,1.0497260346679407,0.3220549059377049,0.09801826501120758,0.0
0.1825,1.0492227618645353,0.322785111819897,0.09775162601893994,0.0
0.18275,1.0487188762013742,0.323515695394164,0.09748516457738177,0.0
0.183,1.0482143779290474,0.32424665547664233,0.09721888230424125,0.0
0.18325,1.0477092672146342,0.3249779902221661,0.09695278054083256,0.0
0.1835,1.0472035442730316,0.3257096976818019,0.09668686064070742,0.0
0.18375,1.0466972093138116,0.3264417764016656,0.09642112409675696,0.0
0.184,1.0461902625450366,0.32717422439301913,0.09615557223928128,0.0
0.18425,1.04568270417077,0.32790704026260187,0.09589020656983416,0.0
0.1845,1.0451745343650884,0.32864022196849874,0.09562502836544562,0.0
0.18475,1.0446657534195185,0.3293737683186606,0.09536003926745695,0.0
0.185,1.0441563615264768,0.33010767756722714,0.0950952406549117,0.0
0.18525,1.043646358849859,0.33084194792222377,0.09483063386331136,0.0
0.1855,1.0431357456124646,0.33157657702521703,0.09456622011015492,0.0
0.18575,1.0426245220214718,0.332311564276651,0.09430200112788678,0.0
0.186,1.0421126882781553,0.33304690687437244,0.09403797797375879,0.0
0.18625,1.0416002446076624,0.33378260424412076,0.09377415240200726,0.0
0.1865,1.041087191238744,0.33451865376896706,0.09351052554640704,0.0
0.18675,1.0405735282941615,0.3352550538797203,0.09324709875601966,0.0
0.187,1.0400592561004722,0.3359918038388372,0.09298387382757989,0.0
0.18725,1.0395443747789384,0.33672890056521965,0.09272085164070853,0.0
0.1875,1.039028884588344,0.3374663431108047,0.09245803385827034,0.0
0.18775,1.0385127857452128,0.3382041304319472,0.09219542207313425,0.0
0.188,1.0379960783939248,0.33894225943862466,0.09193301717391389,0.0
0.18825,1.0374787628155802,0.3396807297611275,0.09167082101904644,0.0
0.1885,1.03696083915335,0.34041953865198593,0.09140883459574889,0.0
0.18875,1.0364423076635547,0.34115868484364853,0.09114705945587476,0.0
0.189,1.0359231685293366,0.34189816661182704,0.09088549693741421,0.0
0.18925,1.0354034220254733,0.3426379828630388,0.09062414866099155,0.0
0.1895,1.0348830682899752,0.34337813100415815,0.09036301564441485,0.0
0.18975,1.0343621074901193,0.3441186093897528,0.09010209922728718,0.0
0.19,1.0338405399434327,0.3448594168601318,0.08984140104312366,0.0
0.19025,1.0333183657507785,0.34560055130866374,0.08958092221858949,0.0
0.1905,1.0327955852239072,0.34634201129819076,0.08932066428947771,0.0
0.19075,1.032272198502921,0.34708379523051747,0.08906062857568853,0.0
0.191,1.0317482058672818,0.34782590127535684,0.0888008164528391,0.0
0.19125,1.0312236074271053,0.34856832777053626,0.088541229186897,0.0
0.1915,1.030698403504183,0.34931107282551466,0.08828186816862105,0.0
0.19175,1.030172594226542,0.35005413505595584,0.08802273476486544,0.0
0.192,1.0296461798038599,0.35079751236266077,0.08776383018765332,0.0
0.19225,1.0291191604525083,0.3515412034531664,0.08750515591227259,0.0
0.1925,1.0285915364032725,0.3522852064722599,0.08724671324389277,0.0
0.19275,1.028063307865295,0.3530295195372162,0.08698850345512388,0.0
0.193,1.0275344750223345,0.3537741411283122,0.08673052790951807,0.0
0.19325,1.0270050380757345,0.3545190697514897,0.08647278799351543,0.0
0.1935,1.0264749973398257,0.35526430382007845,0.08621528516798183,0.0
0.19375,1.0259443529003733,0.3560098414085786,0.08595802056429735,0.0
0.194,1.0254131049738193,0.35675568023033577,0.08570099531531183,0.0
0.19425,1.0248812538157868,0.35750181945259385,0.08544421106519051,0.0
0.1945,1.0243487996557934,0.3582482572684995,0.0851876691117448,0.0
0.19475,1.02381574263099,0.3589949915591433,0.08493137055926026,0.0
0.195,1.0232820830010438,0.35974202089964535,0.08467531685381147,0.0
0.19525,1.0227478209131937,0.36048934320234594,0.08441950911312213,0.0
0.1955,1.0222129566649873,0.36123695719894044,0.08416394886572598,0.0
0.19575,1.0216774903920633,0.3619848614411296,0.0839086374258573,0.0
0.196,1.021141422373233,0.36273305409081047,0.0836535761102235,0.0
0.19625,1.020604752710173,0.36348153257605986,0.08339876581913952,0.0
0.1965,1.020067481727477,0.36423029610726587,0.0831442082567877,0.0
0.19675,1.019529609523579,0.36497934264139076,0.08288990449179234,0.0
0.197,1.0189911364404032,0.36572867087964767,0.08263585606957324,0.0
0.19725,1.0184520625957236,0.3664782791587413,0.08238206419943772,0.0
0.1975,1.0179123882144556,0.3672281653653471,0.08212853003608367,0.0
0.19775,1.0173721135288254,0.3679783276390509,0.08187525482291247,0.0
0.198,1.0168312386749485,0.36872876469259097,0.08162223990492823,0.0
0.19825,1.0162897639911104,0.3694794752758952,0.08136948682827994,0.0
0.1985,1.0157476895840674,0.37023045691337586,0.08111699650022053,0.0
0.19875,1.015205015700865,0.37098170822589793,0.08086477033086736,0.0
0.199,1.01466174253571,0.3717332277454375,0.08061280964813888,0.0
0.19925,1.0141178702743487,0.3724850129662798,0.08036111541200452,0.0
0.1995,1.013573399147775,0.373237063063101,0.0801096892001032,0.0
0.19975,1.0130283293712448,0.37398937541154,0.0798585319519447,0.0
0.2,1.0124826611538666,0.3747419494265358,0.07960764530324438,0.0
0.20025,1.011936394738083,0.37549478324842767,0.07935703047800313,0.0
0.2005,1.0113895302319516,0.3762478741784605,0.07910668827814149,0.0
0.20075,1.010842067970934,0.3770012217662213,0.0788566204982839,0.0
0.201,1.0102940080791272,0.3777548236488144,0.07860682806597064,0.0
0.20125,1.0097453508118757,0.37850867827229706,0.07835731231055276,0.0
0.2015,1.0091960963901658,0.37926278409166514,0.07810807452968738,0.0
0.20175,1.0086462449069926,0.38001713898056266,0.0778591156936741,0.0
0.202,1.0080957966659234,0.38077174133223934,0.07761043714910665,0.0
0.20225,1.007544751864478,0.3815265896611919,0.07736204018340653,0.0
0.2025,1.0069931106879957,0.38228168214605773,0.07711392595096722,0.0
0.20275,1.0064408733751642,0.383037017150329,0.0768660957183045,0.0
0.203,1.0058880401172163,0.383792593069856,0.07661855071614787,0.0
0.20325,1.0053346111236658,0.384548408010005,0.0763712920856825,0.0
0.2035,1.00478058664959,0.38530446065934143,0.07612432121566703,0.0
0.20375,1.0042259668464002,0.3860607492143515,0.07587763921950419,0.0
0.204,1.0036707519630363,0.3868172718547953,0.07563124729213477,0.0
0.20425,1.003114942173807,0.3875740268906043,0.07538514660216467,0.0
0.2045,1.0025585376932367,0.3883310129054536,0.07513933845142917,0.0
0.20475,1.0020015387254118,0.3890882272690277,0.07489382369025055,0.0
0.205,1.001443945507475,0.389845669289528,0.07464860389681749,0.0
0.20525,1.0008857582521262,0.39060333736912867,0.07440368029704514,0.0
0.2055,1.0003269771173087,0.3913612283608927,0.07415905349850282,0.0
0.20575,0.9997676023360618,0.39211934228156053,0.07391472532604815,0.0
0.206,0.9992076341526412,0.39287767693002706,0.07367069680552119,0.0
0.20625,0.9986470727551411,0.39363623014163807,0.07342696891895395,0.0
0.2065,0.9980859183078041,0.39439500084968415,0.07318354302493613,0.0
0.20675,0.9975241710481688,0.3951539866760214,0.07294042006594648,0.0
0.207,0.9969618312548123,0.39591318669342,0.07269760155259397,0.0
0.20725,0.9963988990218691,0.39667259842740066,0.07245508825085012,0.0
0.2075,0.9958353746386455,0.39743222066843487,0.07221288157116201,0.0
0.20775,0.9952712582645491,0.39819205148432957,0.07197098253301504,0.0
0.208,0.9947065501516699,0.39895208980428265,0.07172939255851385,0.0
0.20825,0.9941412504647857,0.3997123327153105,0.07148811230008656,0.0
0.2085,0.9935753594673535,0.4004727801203387,0.07124714354718065,0.0
0.20875,0.9930088772963956,0.4012334290531925,0.07100648689876365,0.0
0.209,0.9924418042224703,0.4019942780049348,0.07076614361729838,0.0
0.20925,0.9918741404488975,0.4027553256987204,0.07052611498735595,0.0
0.2095,0.991305886125252,0.4035165704147232,0.07028640207461812,0.0
0.20975,0.9907370415344015,0.4042780103806791,0.07004700604492076,0.0
0.21,0.9901676068799903,0.40503964378304147,0.06980792797134394,0.0
0.21025,0.9895975822708092,0.4058014685095941,0.06956916872204855,0.0
0.2105,0.9890269680432606,0.4065634839031276,0.06933072992423317,0.0
0.21075,0.9884557643544745,0.4073256873928415,0.06909261230991537,0.0
0.211,0.9878839714088863,0.40808807796186386,0.06885481724189346,0.0
0.21125,0.9873115894252624,0.4088506535879901,0.06861734571022415,0.0
0.2115,0.9867386186236367,0.4096134126023543,0.0683801988370194,0.0
0.21175,0.9861650591605344,0.4103763526528468,0.06814337741978926,0.0
0.212,0.9855909112866392,0.4111394731558988,0.06790688301824233,0.0
0.21225,0.9850161752105007,0.41190277202348113,0.06767071657274171,0.0
0.2125,0.9844408511572085,0.412666247264994,0.06743487907174095,0.0
0.21275,0.9838649392302061,0.4134298972149253,0.06719937151293376,0.0
0.213,0.9832884397467181,0.4141937197112213,0.06696419489491445,0.0
0.21325,0.9827113528840172,0.41495771417477556,0.06672935069786567,0.0
0.2135,0.9821336788835464,0.4157218790092543,0.06649484006455175,0.0
0.21375,0.98155541793713,0.4164862117230683,0.06626066373901573,0.0
0.214,0.980976570232118,0.4172507105781733,0.0660268227499532,0.0
0.21425,0.980397135985231,0.41801537424044,0.06579331830773771,0.0
0.2145,0.9798171153825637,0.418780201001951,0.06556015144516492,0.0
0.21475,0.9792365087009394,0.419545189227307,0.06532732330330382,0.0
0.215,0.9786553160664546,0.4203103364130243,0.06509483453857845,0.0
0.21525,0.9780735377762957,0.42107564235416817,0.06486268686728525,0.0
0.2155,0.9774911739813166,0.42184110468784297,0.0646308810172811,0.0
0.21575,0.9769082248817456,0.4226067212806299,0.06439941784706327,0.0
0.216,0.9763246906752645,0.423372490070534,0.0641682982360805,0.0
0.21625,0.9757405716119409,0.4241384106116044,0.06393752375115302,0.0
0.2165,0.9751558679125405,0.424904480573673,0.06370709517979756,0.0
0.21675,0.9745705797344488,0.42567069819935455,0.06347701347488743,0.0
0.217,0.9739847073484684,0.42643706233118905,0.06324727992990242,0.0
0.21725,0.973398250910567,0.4272035706018187,0.06301789524480461,0.0
0.2175,0.972811210678425,0.4279702218452286,0.06278886069053113,0.0
0.21775,0.9722235868207951,0.4287370140522313,0.06256017711427297,0.0
0.218,0.9716353795379749,0.42950394548478243,0.0623318454969235,0.0
0.21825,0.9710465890608426,0.43027101478271845,0.062103866996466195,0.0
0.2185,0.970457215674438,0.4310382199974754,0.0618762425787549,0.0
0.21875,0.9698672594499631,0.4318055595531689,0.061648973161094966,0.0
0.219,0.9692767206270245,0.4325730315756289,0.06142205968973946,0.0
0.21925,0.9686855994553989,0.4333406342568793,0.06119550314276201,0.0
0.2195,0.9680938961388468,0.43410836641938033,0.06096930470989381,0.0
0.21975,0.9675016108608596,0.43487622571771567,0.060743465081375625,0.0
0.22,0.9669087438609627,0.43564421119266683,0.06051798556199217,0.0
0.22025,0.9663152953436143,0.43641232069668945,0.060292866933889355,0.0
0.2205,0.9657212655407266,0.43718055272567824,0.0600681102642,0.0
0.22075,0.9651266545770016,0.43794890529127883,0.05984371631897911,0.0
0.221,0.964531462708841,0.43871737696638036,0.05961968621176417,0.0
0.22125,0.9639356901567782,0.43948596597276435,0.05939602087464824,0.0
0.2215,0.9633393371061634,0.440254670234296,0.05917272107964089,0.0
0.22175,0.962742403802519,0.4410234886578621,0.058949788057679475,0.0
0.222,0.9621448904074272,0.4417924191349698,0.058727222537632295,0.0
0.22225,0.9615467971654685,0.44256146034636856,0.05850502564847604,0.0
0.2225,0.9609481242902493,0.4433306106707988,0.0582831983617107,0.0
0.22275,0.9603488719785682,0.4440998681013042,0.05806174146790899,0.0
0.223,0.959749040397261,0.44486923068672013,0.05784065574889752,0.0
0.22325,0.9591486298493601,0.4456386975734574,0.057619942567684435,0.0
0.2235,0.9585476404707025,0.4464082663707245,0.057399602485298296,0.0
0.22375,0.9579460724695941,0.4471779353386154,0.05717963639753654,0.0
0.224,0.9573439260500516,0.4479477028082641,0.05696004522220588,0.0
0.22425,0.9567412014989753,0.44871756780594296,0.05674083024334009,0.0
0.2245,0.9561378989290494,0.4494875281476567,0.05652199207056152,0.0
0.22475,0.955534018636147,0.4502575819551424,0.05630353160397794,0.0
0.225,0.9549295607794779,0.45102772809028124,0.05608544993138098,0.0
0.22525,0.9543245255552493,0.45179796426381813,0.05586774767921665,0.0
0.2255,0.9537189131822159,0.4525682888526319,0.05565042577382884,0.0
0.22575,0.9531127239057255,0.4533387007673326,0.05543348539091042,0.0
0.226,0.9525059578725759,0.4541091972771767,0.055216926908621566,0.0
0.22625,0.9518986153039273,0.4548797771120121,0.055000751394522984,0.0
0.2265,0.9512906964373173,0.45565043878001177,0.054784959832388624,0.0
0.22675,0.9506822014959879,0.4564211813264194,0.05456955342199343,0.0
0.227,0.9500731306717047,0.45719200172183605,0.05435453243335253,0.0
0.22725,0.9494634841734366,0.45796289940612667,0.05413989821618448,0.0
0.2275,0.9488532621937402,0.4587338717664551,0.05392565121148141,0.0
0.22775,0.9482424649638648,0.45950491730206977,0.05371179237281409,0.0
0.228,0.9476310926141616,0.46027603416780494,0.053498322408893184,0.0
0.22825,0.9470191454761738,0.4610472214301069,0.053285242603752,0.0
0.2285,0.9464066236970248,0.46181847713631896,0.05307255362681951,0.0
0.22875,0.9457935275220972,0.46258979926572863,0.052860256200887745,0.0
0.229,0.9451798571273735,0.46336118656157055,0.052648351317318376,0.0
0.22925,0.9445656126894524,0.46413263644150504,0.05243683938065513,0.0
0.2295,0.9439507944453016,0.46490414822191894,0.052225721681362414,0.0
0.22975,0.9433354026357481,0.46567571958119913,0.05201499878728755,0.0
0.23,0.9427194374213275,0.46644734909186525,0.05180467158442137,0.0
0.23025,0.9421028990555,0.4672190353011416,0.051594741027410684,0.0
0.2305,0.9414857877264997,0.4679907761009048,0.05138520771718813,0.0
0.23075,0.9408681036365412,0.4687625699230864,0.05117607250237466,0.0
0.231,0.9402498470359246,0.4695344154060308,0.05096733636291617,0.0
0.23125,0.9396310180443885,0.4703063100075724,0.05075899963030195,0.0
0.2315,0.9390116169874911,0.4710782533829274,0.05055106379831553,0.0
0.23175,0.9383916439820541,0.47185024246475393,0.05034352895107097,0.0
0.232,0.93777109926293,0.47262227654489664,0.05013639633110745,0.0
0.23225,0.937149983048688,0.47339435308713007,0.04992966634100715,0.0
0.2325,0.9365282954870433,0.47416647072608953,0.049723339841837744,0.0
0.23275,0.9359060368585728,0.47493862757792726,0.04951741757529926,0.0
0.233,0.9352832073291242,0.475710822487045,0.049311900505828676,0.0
0.23325,0.9346598072012418,0.4764830539683089,0.04910678956740555,0.0
0.2335,0.9340358366222579,0.47725531983289216,0.04890208523171391,0.0
0.23375,0.9334112957554388,0.4780276183353038,0.04869778818073711,0.0
0.234,0.9327861848699719,0.47879994773117573,0.04849389918666369,0.0
0.23425,0.9321605041582042,0.4795723069772322,0.04829041926936539,0.0
0.2345,0.9315342538343581,0.48034469363321364,0.04808734882562149,0.0
0.23475,0.9309074340624672,0.48111710621547843,0.047884688639891815,0.0
0.235,0.9302800451695772,0.4818895433080712,0.04768243966880159,0.0
0.23525,0.9296520872362235,0.48266200272290405,0.04748060229063511,0.0
0.2355,0.929023560465458,0.4834344830023696,0.047279177323642285,0.0
0.23575,0.9283944651273388,0.484206982391683,0.04707816550434152,0.0
0.236,0.927764801414737,0.4849794989984417,0.04687756743226945,0.0
0.23625,0.9271345695394335,0.4857520316811872,0.04667738406706379,0.0
0.2365,0.9265037697373386,0.4865245785828449,0.04647761605431122,0.0
0.23675,0.9258724021725442,0.4872971377474187,0.046278263924843355,0.0
0.237,0.9252404670791825,0.48806970801967964,0.04607932863971609,0.0
0.23725,0.9246079646861554,0.48884228692887177,0.04588081053766535,0.0
0.2375,0.9239748951496156,0.48961487333687614,0.045682710509946434,0.0
0.23775,0.9233412586889003,0.49038746534459676,0.04548502914403363,0.0
0.238,0.9227070555803785,0.4911600617205636,0.0452877673861678,0.0
0.23825,0.9220722859757524,0.4919326600572447,0.04509092551583582,0.0
0.2385,0.9214369500443911,0.4927052588538885,0.0448945042488198,0.0
0.23875,0.9208010480615019,0.49347785671388067,0.04469850443947965,0.0
0.239,0.9201645802400629,0.49425045178908533,0.04450292666994771,0.0
0.23925,0.9195275467172128,0.4950230423343811,0.04430777149926568,0.0
0.2395,0.9188899477718784,0.49579562650312425,0.04411303955837598,0.0
0.23975,0.9182517835359212,0.496568202461674,0.04391873134977242,0.0
0.24,0.9176130543221839,0.4973407691578302,0.04372484790244857,0.0
0.24025,0.9169737602974086,0.49811332490970983,0.04353138981373039,0.0
0.2405,0.9163339016351717,0.49888586737635876,0.04333835736725322,0.0
0.24075,0.9156934786124009,0.49965839557884806,0.04314575158302203,0.0
0.241,0.9150524913978257,0.5004309072241995,0.04295357275317069,0.0
0.24125,0.9144109401992058,0.501203401319728,0.04276182182244259,0.0
0.2415,0.9137688252128986,0.5019758754255434,0.042570499026421516,0.0
0.24175,0.9131261466102258,0.5027483275882503,0.042379604806244364,0.0
0.242,0.9124829046866414,0.5035207567779594,0.04218914015240971,0.0
0.24225,0.9118390996235681,0.504293161519584,0.04199910573749377,0.0
0.2425,0.9111947316050424,0.5050655395800305,0.04180950186492938,0.0
0.24275,0.9105498008500517,0.5058378896073208,0.041620329290119384,0.0
0.243,0.9099043075899269,0.5066102094847764,0.0414315884036327,0.0
0.24325,0.9092582520062873,0.5073824978455406,0.041243279911812314,0.0
0.2435,0.9086116343602653,0.5081547534473572,0.04105540464759927,0.0
0.24375,0.9079644547887318,0.5089269736874229,0.04086796266694548,0.0
0.244,0.9073167135330484,0.5096991571237623,0.04068095467779442,0.0
0.24425,0.9066684107907927,0.510471302749167,0.04049438155923424,0.0
0.2445,0.9060195468178431,0.5112434081006967,0.04030824352324802,0.0
0.24475,0.9053701217480725,0.5120154718315746,0.040122541217634256,0.0
0.245,0.9047201358067674,0.5127874917101991,0.039937274929912725,0.0
0.24525,0.9040695892566055,0.5135594669584833,0.03975244569141978,0.0
0.2455,0.9034184822711988,0.51433139528271,0.03956805370435257,0.0
0.24575,0.9027668150623391,0.5151032752122546,0.03938409960523814,0.0
0.246,0.9021145878577079,0.5158751051050245,0.03920058395518744,0.0
0.24625,0.901461800862299,0.5166468834111697,0.03901750733679843,0.0
0.2465,0.9008084542370307,0.5174186074326883,0.03883486971822969,0.0
0.24675,0.9001545482163604,0.518190276556254,0.03865267216334023,0.0
0.247,0.8995000830195781,0.5189618882873077,0.0384709147814184,0.0
0.24725,0.8988450588576158,0.5197334421337843,0.03828959866936077,0.0
0.2475,0.8981894759488451,0.520504935184178,0.038108723716522075,0.0
0.24775,0.8975333344888674,0.5212763668344707,0.037928290942515375,0.0
0.248,0.8968766346104631,0.5220477336803526,0.03774829990271855,0.0
0.24825,0.8962193766599835,0.5228190358557185,0.03756875210942656,0.0
0.2485,0.8955615608091332,0.5235902710478797,0.037389647690241334,0.0
0.24875,0.8949031872100686,0.524361437333198,0.037210986945701574,0.0
0.249,0.8942442560875987,0.5251325328929113,0.03703277028654561,0.0
0.24925,0.8935847676749731,0.5259035563806265,0.036854998365020375,0.0
0.2495,0.8929247221510677,0.5266745059504245,0.03667767152894985,0.0
0.24975,0.892264119765938,0.5274453799884924,0.036500790300175945,0.0
0.25,0.8916029607078637,0.5282161768932809,0.03632435514889942,0.0
0.25025,0.8909412451976331,0.5289868948486287,0.03614836645912023,0.0
0.2505,0.8902789734014775,0.5297575323549069,0.03597282472444663,0.0
0.25075,0.8896161455775062,0.5305280871942699,0.03579773014531629,0.0
0.251,0.8889527618942168,0.5312985581642522,0.035623083359370256,0.0
0.25125,0.8882888225921572,0.5320689430090795,0.03544888452156836,0.0
0.2515,0.88762432788441,0.532839241466533,0.035275134782479345,0.0
0.25175,0.8869592779744804,0.5336094500352289,0.03510183361440866,0.0
0.252,0.8862936730148263,0.5343795678745948,0.03492898180887294,0.0
0.25225,0.8856275132818521,0.5351495935247925,0.03475657994117043,0.0
0.2525,0.8849607989256096,0.5359195242703265,0.03458462782373983,0.0
0.25275,0.8842935302248156,0.5366893593796078,0.034413126400066885,0.0
0.253,0.8836257073434117,0.5374590971908333,0.03424207603023488,0.0
0.25325,0.8829573305273621,0.5382287359733908,0.03407147710374425,0.0
0.2535,0.8822883999836466,0.5389982738594341,0.033901329900079435,0.0
0.25375,0.8816189158431631,0.5397677085150718,0.03373163438490434,0.0
0.254,0.8809488784006683,0.5405370393254998,0.0335623915556198,0.0
0.25425,0.8802782878189759,0.5413062639177753,0.033393601374678505,0.0
0.2545,0.8796071443510236,0.5420753808618173,0.033225264368737184,0.0
0.25475,0.8789354481273133,0.5428443883061362,0.03305738073459619,0.0
0.255,0.8782631994339778,0.5436132848150663,0.03288995101483749,0.0
0.25525,0.8775903984995237,0.5443820688476819,0.032722975643243446,0.0
0.2555,0.8769170454448401,0.545150738191353,0.032556454602984175,0.0
0.25575,0.8762431405281306,0.5459192915059958,0.03239038844857989,0.0
0.256,0.8755686839040373,0.5466877262643237,0.032224777013952544,0.0
0.25625,0.8748936758324373,0.547456041656261,0.03205962112541516,0.0
0.2565,0.8742181165552263,0.5482242358429659,0.031894921045244384,0.0
0.25675,0.8735420062664838,0.5489923076190024,0.03173067732665147,0.0
0.257,0.8728653450788935,0.5497602542982634,0.0315668896614445,0.0
0.25725,0.8721881333548231,0.5505280749717372,0.031403558892957095,0.0
0.2575,0.8715103711647418,0.5512957673899734,0.031240684898441007,0.0
0.25775,0.870832058785938,0.5520633301637901,0.031078268183792668,0.0
0.258,0.8701531964043774,0.5528307614550982,0.030916308932873005,0.0
0.25825,0.8694737842474622,0.5535980596411463,0.03075480747462178,0.0
0.2585,0.8687938225093652,0.5543652231616676,0.03059376413867354,0.0
0.25875,0.8681133114150592,0.5551322501815434,0.030433179127905996,0.0
0.259,0.867432251188192,0.5558991390129364,0.030273052717937787,0.0
0.25925,0.8667506419527218,0.5566658875908672,0.030113384891577555,0.0
0.2595,0.8660684840177715,0.557432494949424,0.029954176376007835,0.0
0.25975,0.865385777533695,0.5581989589909,0.02979542714857808,0.0
0.26,0.8647025227346359,0.5589652780382437,0.029637137479031628,0.0
0.26025,0.8640187198343621,0.5597314506063213,0.029479307719230796,0.0
0.2605,0.8633343690807447,0.5604974751170175,0.029321938194556862,0.0
0.26075,0.8626494706053771,0.5612633494767181,0.02916502884695893,0.0
0.261,0.8619640246616855,0.5620290725305637,0.029008580226878466,0.0
0.26125,0.8612780314002566,0.5627946417062617,0.028852592019858347,0.0
0.2615,0.8605914910927059,0.5635600556484803,0.02869706467146349,0.0
0.26175,0.859904403951314,0.5643253132890322,0.028541998731033358,0.0
0.262,0.8592167701258884,0.5650904124777583,0.02838739409808344,0.0
0.26225,0.8585285899210775,0.5658553515301747,0.028233251051147157,0.0
0.2625,0.8578398634382443,0.566620128564665,0.0280795695851479,0.0
0.26275,0.8571505908992814,0.5673847417639593,0.027926349825483365,0.0
0.263,0.8564607725677966,0.5681491899222522,0.027773592264725533,0.0
0.26325,0.8557704086163556,0.568913470807189,0.027621296747632806,0.0
0.2635,0.8550794992666759,0.5696775833059462,0.027469463773718505,0.0
0.26375,0.8543880447673606,0.5704415255800512,0.02731809345863745,0.0
0.264,0.853696045249702,0.571205295527335,0.027167185668161453,0.0
0.26425,0.85300350096594,0.5719688919553789,0.027016740868820666,0.0
0.2645,0.8523104121331206,0.5727323131421258,0.026866759198904022,0.0
0.26475,0.8516167789604681,0.5734955571475666,0.02671724066317327,0.0
0.265,0.8509226016086924,0.5742586221086867,0.026568185263245336,0.0
0.26525,0.8502278803261278,0.5750215070751921,0.02641959357900303,0.0
0.2655,0.8495326153738492,0.5757842095506618,0.026271465330597987,0.0
0.26575,0.8488368068326579,0.5765467282284931,0.02612380074961851,0.0
0.266,0.8481404550190343,0.5773090611947111,0.02597659991708068,0.0
0.26625,0.847443560100825,0.5780712071215106,0.025829863115361285,0.0
0.2665,0.8467461223148813,0.5788331641243047,0.025683590365684905,0.0
0.26675,0.8460481418335708,0.5795949308901669,0.025537781953261396,0.0
0.267,0.8453496188764267,0.580356504918953,0.025392437526366107,0.0
0.26725,0.8446505536499305,0.5811178847035876,0.025247557277512378,0.0
0.2675,0.8439509463621899,0.5818790692439393,0.025103141683717967,0.0
0.26775,0.8432507972203829,0.5826400560845002,0.02495919039099359,0.0
0.268,0.8425501065032388,0.5834008446989856,0.024815704194714794,0.0
0.26825,0.84184887431147,0.5841614316600214,0.024672682088565878,0.0
0.2685,0.8411471008930858,0.5849218162285723,0.02453012471131122,0.0
0.26875,0.8404447864893543,0.5856819967119691,0.0243880321487826,0.0
0.269,0.8397419312499439,0.5864419714201432,0.024246404407908706,0.0
0.26925,0.8390385354668219,0.5872017385986794,0.024105241570230973,0.0
0.2695,0.8383345992643298,0.5879612964771752,0.023964543565257124,0.0
0.26975,0.8376301228971608,0.5887206434931329,0.02382431054340617,0.0
0.27,0.8369251065643568,0.5894797777429943,0.02368454240829987,0.0
0.27025,0.8362195504407843,0.5902386976571989,0.02354523923051577,0.0
0.2705,0.8355134548137966,0.5909974018774449,0.02340640128972038,0.0
0.27075,0.8348068198083509,0.5917558880698408,0.023268028164594945,0.0
0.271,0.8340996457399288,0.5925141556753744,0.023130120609874627,0.0
0.27125,0.8333919327063706,0.5932722015883911,0.02299267772433078,0.0
0.2715,0.8326836809949021,0.5940300247968651,0.02285569996719672,0.0
0.27175,0.8319748907985449,0.5947876241913121,0.02271918766120562,0.0
0.272,0.8312655622464757,0.5955449968308528,0.02258314000731021,0.0
0.27225,0.8305556956074973,0.5963021413925134,0.022447557254332118,0.0
0.2725,0.8298452910596263,0.5970590562609885,0.022312439402504047,0.0
0.27275,0.829134348882719,0.5978157401066113,0.022177786696808255,0.0
0.273,0.8284228692753062,0.5985721915428144,0.022043599278767978,0.0
0.27325,0.8277108523757812,0.5993284077507042,0.02190987639695341,0.0
0.2735,0.826998298455214,0.6000843878930624,0.02177661856239932,0.0
0.27375,0.8262852076708507,0.600840129890031,0.02164382546067878,0.0
0.274,0.8255715802776393,0.6015956320965472,0.021511497106010413,0.0
0.27425,0.8248574164960898,0.6023508935519004,0.021379633883198412,0.0
0.2745,0.82414271649764,0.6031059117845956,0.021248235242361524,0.0
0.27475,0.8234274804941055,0.6038606850446797,0.021117301085188833,0.0
0.275,0.8227117087341584,0.6046152120214572,0.020986831597758826,0.0
0.27525,0.8219954013528685,0.6053694906607348,0.02085682642969111,0.0
0.2755,0.8212785586385767,0.6061235199039885,0.02072728593893225,0.0
0.27575,0.8205611807185651,0.6068772969289853,0.020598209301817993,0.0
0.276,0.8198432678454579,0.6076308209513144,0.020469597000071005,0.0
0.27625,0.8191248202204471,0.608384089696969,0.02034144858355602,0.0
0.2765,0.8184058380475494,0.6091371022059917,0.020213764381869392,0.0
0.27675,0.8176863215650001,0.6098898561616011,0.0200865439379736,0.0
0.277,0.8169662709486998,0.6106423502702114,0.019959787350144476,0.0
0.27725,0.816245686430455,0.6113945826606226,0.019833494411260144,0.0
0.2775,0.8155245682192236,0.6121465516922342,0.019707665028484644,0.0
0.27775,0.8148029165023889,0.6128982553863551,0.01958229888343821,0.0
0.278,0.8140807315594936,0.61364969305491,0.019457396502092994,0.0
0.27825,0.8133580135152285,0.6144008619307044,0.019332957031524156,0.0
0.2785,0.8126347626042243,0.6151517608574011,0.019208980670198494,0.0
0.27875,0.8119109790328114,0.6159023876517438,0.019085466969840148,0.0
0.279,0.8111866629939994,0.6166527408155815,0.01896241587936376,0.0
0.27925,0.8104618147462705,0.6174028190809935,0.018839827534719022,0.0
0.2795,0.8097364344531117,0.6181526202022383,0.018717701399033837,0.0
0.27975,0.8090105222941899,0.6189021424241616,0.018596037239461793,0.0
0.28,0.8082840785657965,0.6196513843884617,0.018474835151804703,0.0
0.28025,0.8075571034024316,0.6204003445181314,0.018354094965961076,0.0
0.2805,0.8068295971124271,0.6211490212923394,0.018233816679171566,0.0
0.28075,0.806101559824449,0.6218974128149597,0.018113999912264367,0.0
0.281,0.8053729917372716,0.6226455168603451,0.017994644134304627,0.0
0.28125,0.8046438930792044,0.6233933324331957,0.01787574958431093,0.0
0.2815,0.803914264078009,0.6241408575827165,0.017757315911890448,0.0
0.28175,0.8031841048934303,0.624888090349188,0.01763934270138945,0.0
0.282,0.8024534157975727,0.6256350291433392,0.017521829847585657,0.0
0.28225,0.8017221969562249,0.6263816724398623,0.017404777195819454,0.0
0.2825,0.8009904486035886,0.6271280185479498,0.01728818453870562,0.0
0.28275,0.8002581708928647,0.6278740657931507,0.01717205160996005,0.0
0.283,0.7995253640928333,0.6286198122693065,0.017056378085932744,0.0
0.28325,0.7987920283694221,0.6293652562394811,0.016941163660869396,0.0
0.2835,0.7980581639982463,0.6301103965953132,0.016826408499383216,0.0
0.28375,0.7973237711547294,0.6308552314763887,0.016712112217380337,0.0
0.284,0.7965888500439693,0.6315997588154971,0.016598274319884698,0.0
0.28425,0.7958534008624971,0.6323439771037016,0.016484894646117798,0.0
0.2845,0.7951174238158525,0.6330878845624142,0.016371972869810403,0.0
0.28475,0.7943809191050542,0.6338314795082596,0.016259508715082083,0.0
0.285,0.7936438869784359,0.6345747602273661,0.01614750191882064,0.0
0.28525,0.7929063276370631,0.6353177251546356,0.016035952268695475,0.0
0.2855,0.7921682412836035,0.6360603727227385,0.015924859547469916,0.0
0.28575,0.7914296281270725,0.6368027014811304,0.015814223611296807,0.0
0.286,0.7906904883385586,0.6375447086101786,0.015704043423036662,0.0
0.28625,0.7899508222081582,0.6382863935884302,0.015594319473809293,0.0
0.2865,0.7892106298610493,0.6390277542229654,0.015485051073092393,0.0
0.28675,0.7884699115293299,0.6397687885462489,0.015376237748847554,0.0
0.287,0.7877286674298598,0.6405094953933883,0.015267879517477656,0.0
0.28725,0.7869868977960737,0.6412498728857372,0.015159975953869864,0.0
0.2875,0.7862446027920518,0.6419899191532181,0.015052526578790859,0.0
0.28775,0.7855017826452544,0.6427296326485816,0.01494553116088615,0.0
0.288,0.7847584376439989,0.6434690122422637,0.014838989775956879,0.0
0.28825,0.7840145678833026,0.6442080552548504,0.014732901362953799,0.0
0.2885,0.7832701735586745,0.6449467602376586,0.014627265712728654,0.0
0.28875,0.7825252549452513,0.6456851258059828,0.014522082713933848,0.0
0.289,0.7817798122939021,0.64642315053419,0.014417352206101075,0.0
0.28925,0.781033845722483,0.6471608323364819,0.014313073500731077,0.0
0.2895,0.7802873554692051,0.6478981688358232,0.01420924580972871,0.0
0.28975,0.7795403417556126,0.6486351596762745,0.014105869617528244,0.0
0.29,0.7787928047828632,0.6493718024242696,0.014002944061457523,0.0
0.29025,0.7780447447601802,0.6501080953722607,0.013900468743102135,0.0
0.2905,0.7772961619208822,0.6508440371444664,0.013798443490342871,0.0
0.29075,0.776547056428631,0.6515796259228637,0.01369686778925705,0.0
0.291,0.775797428519406,0.6523148598935364,0.013595741178526799,0.0
0.29125,0.7750472783666673,0.6530497369241886,0.013495062938310598,0.0
0.2915,0.7742966061970153,0.653784256026583,0.013394833121053829,0.0
0.29175,0.7735454123071133,0.6545184157100152,0.01329505150520216,0.0
0.292,0.7727936967917333,0.6552522136941548,0.013195717199852464,0.0
0.29225,0.7720414598969794,0.6559856485823872,0.013096829994998282,0.0
0.2925,0.7712887018261934,0.6567187182401852,0.012998389165435276,0.0
0.29275,0.7705354228302679,0.6574514216183189,0.012900394720116726,0.0
0.293,0.7697816230223977,0.6581837563985289,0.0128028457354743,0.0
0.29325,0.769027302679743,0.6589157213913666,0.012705742140127319,0.0
0.2935,0.7682724620306352,0.6596473146657473,0.012609083338849691,0.0
0.29375,0.7675171012395614,0.6603785345654529,0.012512868861425552,0.0
0.294,0.7667612205584602,0.6611093795369101,0.012417098366072521,0.0
0.29425,0.7660048201347207,0.6618398475854406,0.012321771138774196,0.0
0.2945,0.7652479002516634,0.6625699373620364,0.01222688698508323,0.0
0.29475,0.7644904610424978,0.6632996468422618,0.01213244515035683,0.0
0.295,0.7637325027470045,0.6640289747567039,0.012038445449896296,0.0
0.29525,0.7629740255867623,0.6647579184642609,0.01194488678040484,0.0
0.2955,0.7622150297857444,0.6654864777930953,0.011851769656377575,0.0
0.29575,0.7614555155360079,0.6662146500028001,0.011759092876639787,0.0
0.296,0.7606954830463577,0.6669424335933627,0.011666856062097386,0.0
0.29625,0.7599349325043874,0.6676698269152581,0.011575058714625719,0.0
0.2965,0.759173864113091,0.6683968282683708,0.011483700309411704,0.0
0.29675,0.7584122780940006,0.6691234356148783,0.011392780107110534,0.0
0.297,0.7576501746486346,0.6698496476701195,0.01130229784614345,0.0
0.29725,0.7568875540429243,0.6705754628068803,0.011212253082280466,0.0
0.2975,0.7561244164202732,0.6713008790356838,0.011122645034211676,0.0
0.29775,0.7553607620284466,0.6720258949591766,0.011033473386454107,0.0
0.298,0.7545965910537014,0.6727505089110934,0.01094473759449488,0.0
0.29825,0.7538319037617138,0.673474719246741,0.010856437182593437,0.0
0.2985,0.7530667002798594,0.6741985238472097,0.010768571250685532,0.0
0.29875,0.752300980856635,0.6749219211968693,0.010681139385676053,0.0
0.299,0.7515347456648618,0.6756449095736627,0.010594140975669575,0.0
0.29925,0.7507679949533514,0.6763674871491645,0.010507575389096635,0.0
0.2995,0.7500007288919601,0.6770896526692098,0.01042144231512765,0.0
0.29975,0.749232947713065,0.6778114038028917,0.010335740763462775,0.0
0.3,0.7484646516601541,0.6785327398245613,0.01025047082324182,0.0
0.30025,0.7476958408960992,0.6792536580414179,0.010165631199147596,0.0
0.3005,0.7469265157019067,0.6799741580673953,0.010081222228219389,0.0
0.30075,0.7461566761951657,0.6806942368202726,0.009997242308587229,0.0
0.301,0.7453863226235016,0.6814138930410536,0.009913691155611248,0.0
0.30125,0.7446154551864916,0.6821331254469385,0.009830568429474162,0.0
0.3015,0.7438440741412338,0.6828519320570052,0.00974787335701488,0.0
0.30175,0.7430721795667288,0.6835703105541029,0.009665604800461303,0.0
0.302,0.742299771811664,0.6842882604677385,0.009583763065557527,0.0
0.30225,0.741526851014247,0.68500577916015,0.009502346831303576,0.0
0.3025,0.7407534173748216,0.6857228652187359,0.009421355647020846,0.0
0.30275,0.7399794711448262,0.6864395168221336,0.009340788817523649,0.0
0.303,0.7392050125224654,0.6871557327868487,0.009260646037568154,0.0
0.30325,0.7384300416806884,0.6878715105138014,0.009180926015291746,0.0
0.3035,0.7376545588871122,0.6885868492691714,0.009101628793346306,0.0
0.30375,0.736878564328947,0.6893017471393534,0.009022753547637041,0.0
0.304,0.7361020582231452,0.6900162020761087,0.008944299378260023,0.0
0.30425,0.7353250407706091,0.6907302132410962,0.008866266196064343,0.0
0.3045,0.7345475121051179,0.6914437773360049,0.008788652174726463,0.0
0.30475,0.7337694725751724,0.692156894283471,0.008711457844802428,0.0
0.305,0.7329909222939217,0.692869561453918,0.0086346818123193,0.0
0.30525,0.7322118614655917,0.693581777240226,0.008558323445212235,0.0
0.3055,0.7314322903389932,0.6942935402078376,0.008482382258052867,0.0
0.30575,0.7306522091044285,0.6950048486748699,0.008406857548460156,0.0
0.306,0.7298716180090001,0.6957157007615677,0.008331748513967563,0.0
0.30625,0.7290905171960529,0.6964260950389587,0.008257054583016732,0.0
0.3065,0.7283089069397599,0.6971360296250566,0.008182774961552175,0.0
0.30675,0.7275267874197642,0.6978455032329691,0.008108909193743186,0.0
0.307,0.7267441588376298,0.6985545133361484,0.008035455977078776,0.0
0.30725,0.7259610213762779,0.6992630585617832,0.007962414788799776,0.0
0.3075,0.7251773752807313,0.6999711374567283,0.007889785091364399,0.0
0.30775,0.7243932207385129,0.7006787479578662,0.00781756587773308,0.0
0.308,0.7236085580094298,0.7013858888973203,0.007745756810104476,0.0
0.30825,0.7228233872668026,0.7020925588561653,0.007674357310461621,0.0
0.3085,0.7220377087366616,0.7027987552435064,0.007603366017358226,0.0
0.30875,0.7212515226480591,0.7035044770785532,0.007532782688341344,0.0
0.309,0.7204648290890501,0.7042097218009076,0.007462605873401973,0.0
0.30925,0.7196776283930375,0.7049144884335021,0.0073928353988295115,0.0
0.3095,0.7188899206586759,0.7056187747577525,0.007323470050841774,0.0
0.30975,0.7181017062808075,0.7063225801209114,0.007254509918952046,0.0
0.31,0.7173129852407185,0.7070259011238704,0.007185952868174361,0.0
0.31025,0.7165237578849228,0.7077287377796466,0.007117799412116099,0.0
0.3105,0.7157340244366379,0.708431087658397,0.0070500482583402135,0.0
0.31075,0.7149437850020273,0.7091329487141138,0.006982698294761613,0.0
0.311,0.7141530399562783,0.7098343201114261,0.006915749448206832,0.0
0.31125,0.7133617893937108,0.7105352004072358,0.006849201015101114,0.0
0.3115,0.7125700334967564,0.7112355863924904,0.0067830511031847784,0.0
0.31175,0.7117777725184005,0.7119354774568478,0.0067172996988607014,0.0
0.312,0.7109850066422605,0.7126348713326252,0.00665194556478288,0.0
0.31225,0.7101917361272023,0.7133337665752322,0.00658698809381475,0.0
0.3125,0.709397961100589,0.7140321613848783,0.006522426330200393,0.0
0.31275,0.7086036818220411,0.7147300544664859,0.006458259765112384,0.0
0.313,0.7078088984817446,0.7154274438302082,0.0063944873434902405,0.0
0.31325,0.70701361131347,0.7161243277770524,0.006331108242535466,0.0
0.3135,0.7062178205652039,0.7168207044012291,0.006268121497516654,0.0
0.31375,0.705421526363589,0.7175165728435644,0.0062055267997238595,0.0
0.314,0.7046247289776257,0.7182119307820756,0.006143322894163861,0.0
0.31425,0.7038274285949657,0.7189067769123909,0.006081509189570511,0.0
0.3145,0.7030296254007613,0.7196011087142864,0.006020084219974686,0.0
0.31475,0.7022313196640129,0.7202949252162654,0.005959047680056617,0.0
0.315,0.7014325115028792,0.7209882243764127,0.0058983983895635195,0.0
0.31525,0.7006332011980407,0.7216810049174995,0.005838135824917989,0.0
0.3155,0.6998333889289206,0.7223732644602734,0.005778258597157082,0.0
0.31575,0.6990330749382507,0.7230650025420431,0.005718766732902614,0.0
0.316,0.698232259346073,0.7237562155565342,0.005659657910288329,0.0
0.31625,0.6974309424227703,0.7244469030983396,0.0056009322079451085,0.0
0.3165,0.6966291244526155,0.7251370638165895,0.005542589031495071,0.0
0.31675,0.6958268055336942,0.7258266953431871,0.005484626919794122,0.0
0.317,0.6950239859198621,0.7265157959694619,0.0054270449898758955,0.0
0.31725,0.6942206658031056,0.7272043643977355,0.005369842608789144,0.0
0.3175,0.6934168453980187,0.7278923987977208,0.005313018770392697,0.0
0.31775,0.6926125249475428,0.7285798972721835,0.005256572434796825,0.0
0.318,0.691807704640492,0.7292668584959188,0.005200502934838758,0.0
0.31825,0.6910023846288236,0.7299532802116602,0.0051448088979433315,0.0
0.3185,0.6901965651786672,0.7306391611976011,0.005089489776887612,0.0
0.31875,0.6893902465114272,0.73132449970268,0.005034544605538205,0.0
0.319,0.68858342879044,0.7320092936087264,0.004979972106084141,0.0
0.31925,0.6877761122484309,0.732693541591658,0.004925771621811403,0.0
0.3195,0.6869682971151612,0.7333772424315299,0.00487194256670298,0.0
0.31975,0.6861599835369514,0.7340603933819807,0.004818483179692246,0.0
0.32,0.6853511717752001,0.734742993577143,0.004765393146251462,0.0
0.32025,0.6845418620004042,0.7354250404785745,0.004712670863612267,0.0
0.3205,0.6837320544750076,0.736106533716196,0.004660316373792162,0.0
0.32075,0.6829217493641608,0.7367874703524677,0.004608327769083376,0.0
0.321,0.682110946940246,0.7374678496517078,0.004556704823392765,0.0
0.32125,0.6812996472941304,0.7381476688523065,0.004505445697135402,0.0
0.3215,0.6804878507420504,0.7388269273747881,0.004454550301608018,0.0
0.32175,0.6796755574884754,0.7395056229365906,0.004404017217227496,0.0
0.322,0.6788627676934413,0.7401837542935965,0.004353845753857222,0.0
0.32225,0.6780494815600808,0.7408613184751687,0.004304033974104726,0.0
0.3225,0.6772356993302324,0.7415383156371433,0.004254582267504858,0.0
0.32275,0.6764214211752861,0.7422147424938572,0.004205488433526083,0.0
0.323,0.6756066473398228,0.7428905980581959,0.0041567520128615865,0.0
0.32325,0.6747913779898291,0.7435658804355256,0.004108371819133261,0.0
0.3235,0.6739756133908532,0.744240588297302,0.004060347147864851,0.0
0.32375,0.6731593537525953,0.7449147195684986,0.0040126767000636665,0.0
0.324,0.6723425992339171,0.7455882729514371,0.003965359714829253,0.0
0.32425,0.6715253500686704,0.7462612464733809,0.0039183949768299975,0.0
0.3245,0.6707076064858857,0.746933638649196,0.003871781625399251,0.0
0.32475,0.669889368675654,0.7476054476980636,0.003825518550155449,0.0
0.325,0.6690706367978603,0.7482766714735476,0.0037796043438149685,0.0
0.32525,0.668251411200552,0.7489473091774812,0.0037340387252586815,0.0
0.3255,0.6674316919468883,0.7496173584804353,0.0036888200783504743,0.0
0.32575,0.6666114792959079,0.7502868178147111,0.003643947481179355,0.0
0.326,0.6657907734798365,0.7509556853935351,0.003599419826333383,0.0
0.32625,0.6649695746654389,0.7516239597035081,0.0035552361634687557,0.0
0.3265,0.6641478830605325,0.7522916385866694,0.0035113950828873364,0.0
0.32675,0.6633256989353384,0.7529587210782154,0.0034678961061966884,0.0
0.327,0.6625030224986266,0.75362520536423,0.003424738074606859,0.0
0.32725,0.6616798538946953,0.754291089867337,0.0033819199603708494,0.0
0.3275,0.6608561933351038,0.7549563720286301,0.0033394400381137057,0.0
0.32775,0.6600320410684315,0.7556210510361723,0.003297297916210473,0.0
0.328,0.6592073972649648,0.7562851243559834,0.003255491851898329,0.0
0.32825,0.6583822621961106,0.7569485910489249,0.0032140213660396544,0.0
0.3285,0.65755663600777,0.7576114492932646,0.003172885228710731,0.0
0.32875,0.6567305189745465,0.7582736976232098,0.003132082559297089,0.0
0.329,0.6559039112342866,0.7589353337026381,0.0030916117258530385,0.0
0.32925,0.6550768130063842,0.7595963555629055,0.0030514714226030915,0.0
0.3295,0.6542492245075833,0.76025676243448,0.0030116612463344516,0.0
0.32975,0.6534211459816501,0.7609165524056181,0.00297217994360377,0.0
0.33,0.6525925775894343,0.7615757237018244,0.0029330263067317563,0.0
0.33025,0.6517635195700415,0.7622342742436103,0.002894198943244053,0.0
0.3305,0.6509339721567673,0.7628922032781844,0.0028556974612197195,0.0
0.33075,0.6501039354734055,0.7635495079688042,0.0028175198097670773,0.0
0.331,0.6492734097848545,0.7642061871170966,0.002779665271340992,0.0
0.33125,0.6484423953699476,0.76486223952692,0.0027421331365562462,0.0
0.3315,0.6476108922943995,0.7655176628655056,0.002704921688037931,0.0
0.33175,0.646778900867659,0.7661724554903913,0.0026680298881343045,0.0
0.332,0.64594642128012,0.7668266160243036,0.0026314568214378387,0.0
0.33225,0.6451134537254553,0.7674801428958204,0.0025952014232735188,0.0
0.3325,0.6442799984037983,0.7681330337271675,0.0025592620120269416,0.0
0.33275,0.6434460555108332,0.768785287227729,0.002523637731436157,0.0
0.333,0.6426116253456859,0.7694369021786827,0.0024883278441458767,0.0
0.33325,0.6417767080226446,0.7700878761036876,0.0024533305258012117,0.0
0.3335,0.6409413038004463,0.770738207879873,0.0024186450796366277,0.0
0.33375,0.6401054128606867,0.7713878954980515,0.0023842700753353707,0.0
0.334,0.6392690354162975,0.7720369371517393,0.002350204254342403,0.0
0.33425,0.638432171626198,0.7726853310932142,0.002316446365105529,0.0
0.3345,0.6375948217919793,0.7733330757804424,0.00228299540198984,0.0
0.33475,0.6367569860637277,0.7739801696791915,0.0022498502656871366,0.0
0.335,0.6359186647031443,0.7746266113775988,0.0022170100193728004,0.0
0.33525,0.6350798578763195,0.7752723986425707,0.0021844730274018787,0.0
0.3355,0.634240565775043,0.7759175299302115,0.002152238199190526,0.0
0.33575,0.6334007886714881,0.7765620037405085,0.0021203045259270414,0.0
0.336,0.6325605266945638,0.7772058180601817,0.0020886705071063716,0.0
0.33625,0.6317197800945809,0.7778489710567129,0.0020573348550134707,0.0
0.3365,0.6308785490992666,0.778491461601277,0.0020262968104620693,0.0
0.33675,0.630036833906884,0.7791332876088148,0.0019955548501853215,0.0
0.337,0.6291946347376407,0.7797744478095439,0.001965108094744039,0.0
0.33725,0.6283519517192251,0.7804149400291323,0.00193495489978468,0.0
0.3375,0.6275087851929904,0.7810547629929658,0.0019050944517553514,0.0
0.33775,0.6266651352358794,0.781693914261524,0.001875524860102562,0.0
0.338,0.6258210021449853,0.7823323928064099,0.001846245468812624,0.0
0.33825,0.624976386085748,0.7829701970513696,0.0018172551096644618,0.0
0.3385,0.6241312873237157,0.78360732494518,0.0017885523023806194,0.0
0.33875,0.6232857060431929,0.7842437751700828,0.0017601360858721105,0.0
0.339,0.6224396423887324,0.7848795455126947,0.001732004770351292,0.0
0.33925,0.6215930966208272,0.7855146344276278,0.0017041572573406327,0.0
0.3395,0.6207460689718998,0.7861490403903275,0.001676592444237679,0.0
0.33975,0.6198985596178628,0.786782761717788,0.001649309066087623,0.0
0.34,0.6190505687189023,0.7874157962301069,0.0016223054544510784,0.0
0.34025,0.6182020965581989,0.7880481426433619,0.001595580717389744,0.0
0.3405,0.6173531433769042,0.7886797996505805,0.0015691339164882745,0.0
0.34075,0.6165037092801002,0.789310764794763,0.0015429631209118444,0.0
0.341,0.615653794537415,0.7899410371557423,0.0015170677082878559,0.0
0.34125,0.6148033993538298,0.790570614648459,0.0014914460956054754,0.0
0.3415,0.613952523979179,0.7911994954541512,0.0014660969335447138,0.0
0.34175,0.613101168498901,0.7918276780010274,0.0014410189637812376,0.0
0.342,0.6122493332930659,0.7924551605454582,0.001416210969710452,0.0
0.34225,0.6113970184624429,0.793081941975359,0.0013916720605235966,0.0
0.3425,0.6105442242117349,0.7937080198672106,0.0013674003680355096,0.0
0.34275,0.6096909507564181,0.794333392641775,0.001343394695374922,0.0
0.343,0.6088371983314729,0.7949580586365101,0.0013196537885622472,0.0
0.34325,0.6079829671362544,0.7955820165325349,0.001296176641945701,0.0
0.3435,0.6071282573709791,0.7962052641439925,0.0012729615588980003,0.0
0.34375,0.6062730692520182,0.796827799903923,0.001250007340818371,0.0
0.344,0.6054174029660002,0.797449621963068,0.0012273125435284804,0.0
0.34425,0.6045612587493236,0.7980707290657847,0.0012048762227239163,0.0
0.3445,0.603704636794451,0.7986911194911244,0.0011826970344150922,0.0
0.34475,0.6028475373343869,0.799310791188617,0.00116077339291909,0.0
0.345,0.6019899605595955,0.7999297424592697,0.0011391039638284362,0.0
0.34525,0.6011319067078924,0.8005479722843489,0.0011176879822116792,0.0
0.3455,0.6002733759379884,0.8011654782942657,0.0010965235532829354,0.0
0.34575,0.5994143684780635,0.8017822588205235,0.0010756093808781397,0.0
0.346,0.5985548845572519,0.8023983126759049,0.0010549445522380907,0.0
0.34625,0.597694924349629,0.8030136371441756,0.001034526893466614,0.0
0.3465,0.5968344880882803,0.8036282317641366,0.00101435607085687,0.0
0.34675,0.5959735759704694,0.8042420942614115,0.0009944302727211696,0.0
0.347,0.5951121881886481,0.8048552227112395,0.0009747479613257948,0.0
0.34725,0.5942503250449298,0.80546761584867,0.0009553081916022776,0.0
0.3475,0.5933879865972429,0.8060792715518232,0.0009361091815240918,0.0
0.34775,0.5925251732044798,0.8066901889700802,0.0009171503484104448,0.0
0.348,0.5916618849825079,0.8073003656178059,0.000898429645934451,0.0
0.34825,0.5907981221731413,0.8079098002508829,0.0008799460997965802,0.0
0.3485,0.5899338849750277,0.8085184906864242,0.0008616979501128164,0.0
0.34875,0.5890691735508748,0.8091264353180492,0.0008436838779590783,0.0
0.349,0.5882039881623373,0.809733632852172,0.0008259028732495732,0.0
0.34925,0.5873383290787415,0.8103400813171646,0.0008083533794653874,0.0
0.3495,0.5864721964186281,0.8109457792814538,0.0007910341857058079,0.0
0.34975,0.5856055903840494,0.8115507247057252,0.0007739436353439988,0.0
0.35,0.5847385112307792,0.8121549162342774,0.0007570806543883979,0.0
0.35025,0.5838709591378093,0.8127583511832341,0.0007404430433473053,0.0
0.3505,0.5830029343212444,0.8133610292684352,0.0007240305697617799,0.0
0.35075,0.5821344370377988,0.8139629484289941,0.0007078415804164795,0.0
0.351,0.581265467423763,0.8145641062142346,0.0006918740311427918,0.0
0.35125,0.580396025733573,0.8151645019513296,0.0006761273903186371,0.0
0.3515,0.579526112185635,0.8157641332996945,0.0006605997455875201,0.0
0.35175,0.5786557269020691,0.816362998510499,0.0006452896074689018,0.0
0.352,0.5777848701898027,0.8169610964701661,0.0006301961094234976,0.0
0.35225,0.5769135422290828,0.8175584248500201,0.0006153173175760251,0.0
0.3525,0.5760417432359315,0.8181549822002552,0.0006006520332628718,0.0
0.35275,0.57516947338911,0.8187507672912631,0.0005861992146094508,0.0
0.353,0.5742967328655988,0.8193457772219546,0.0005719564486852402,0.0
0.35325,0.5734235219461961,0.8199400111435722,0.0005579230585808226,0.0
0.3535,0.5725498408151934,0.8205334676457454,0.0005440978508917116,0.0
0.35375,0.5716756896845814,0.8211261446315063,0.0005304790828428718,0.0
0.354,0.5708010687780769,0.821718040671513,0.0005170655632142918,0.0
0.35425,0.5699259782294588,0.8223091527694635,0.0005038547598097409,0.0
0.3545,0.5690504183597174,0.8228994814367638,0.0004908471266811265,0.0
0.35475,0.5681743893526678,0.8234890240475607,0.0004780404601998356,0.0
0.355,0.5672978913905338,0.8240777784699276,0.00046543295811929397,0.0
0.35525,0.5664209246461356,0.8246657430442923,0.00045302319887974285,0.0
0.3555,0.5655434893140638,0.8252529162684112,0.0004408099008377242,0.0
0.35575,0.5646655856972691,0.82583929665455,0.0004287918536340918,0.0
0.356,0.5637872139162221,0.826424881971846,0.00041696712800476377,0.0
0.35625,0.5629083742178631,0.8270096709940304,0.0004053346930195101,0.0
0.3565,0.5620290668595342,0.8275936619038333,0.0003938930333367008,0.0
0.35675,0.5611492919802101,0.8281768533846048,0.0003826409788987295,0.0
0.357,0.560269049847903,0.8287592433464539,0.0003715767901739664,0.0
0.35725,0.5593883406246474,0.8293408300688014,0.0003606989711286701,0.0
0.3575,0.5585071645404365,0.8299216121252897,0.00035000630561188295,0.0
0.35775,0.5576255217786104,0.8305015873549735,0.00033949693991286445,0.0
0.358,0.5567434125398374,0.8310807542552396,0.00032916957367667976,0.0
0.35825,0.555860837072987,0.8316591115042371,0.0003190230818859163,0.0
0.3585,0.5549777955960002,0.8322366570414488,0.00030905570634609525,0.0
0.35875,0.5540942882853583,0.8328133891861,0.0002992659789851082,0.0
0.359,0.553210315361234,0.8333893068383844,0.00028965293790728097,0.0
0.35925,0.5523258769985859,0.8339644072154897,0.00028021419227330924,0.0
0.3595,0.5514409734600916,0.8345386894277453,0.00027094897452273337,0.0
0.35975,0.5505556049437237,0.8351121515753164,0.0002618556376643433,0.0
0.36,0.5496697716558114,0.8356847923207198,0.0002529330065852431,0.0
0.36025,0.5487834737986046,0.8362566092675934,0.0002441790174017022,0.0
0.3605,0.5478967115457838,0.8368276009493911,0.0002355923648174052,0.0
0.36075,0.5470094851300855,0.8373977655053295,0.00022717144436756875,0.0
0.361,0.5461217947652899,0.8379671018404338,0.00021891528030870688,0.0
0.36125,0.5452336406881662,0.8385356081980575,0.00021082235404668026,0.0
0.3615,0.5443450230590634,0.839103282193733,0.00020289057644085062,0.0
0.36175,0.5434559421484586,0.8396701230612678,0.00019511927333115686,0.0
0.362,0.5425663980868758,0.8402361283098259,0.0001875062457301624,0.0
0.36225,0.5416763911242306,0.8408012963359965,0.00018005010181165737,0.0
0.3625,0.5407859215062887,0.8413656259782272,0.0001727498173202946,0.0
0.36275,0.5398949894334057,0.8419291154538371,0.00016560381977637206,0.0
0.363,0.539003595012058,0.8424917626137898,0.00015861017541252131,0.0
0.36325,0.5381117385691399,0.8430535660782112,0.00015176771482594553,0.0
0.3635,0.5372194201989937,0.8436145237479025,0.00014507453536127812,0.0
0.36375,0.5363266402653348,0.8441746345449985,0.00013852973849770578,0.0
0.364,0.5354333988650977,0.8447338964975017,0.00013213152667113093,0.0
0.36425,0.5345396962269042,0.8452923077859111,0.0001258782995181562,0.0
0.3645,0.5336455325334897,0.8458498667547474,0.00011976856873285868,0.0
0.36475,0.5327509080865611,0.846406572384538,0.00011380144601425002,0.0
0.365,0.5318558230216639,0.8469624220929433,0.0001079746305376883,0.0
0.36525,0.5309602775547861,0.8475174143386681,0.00010228674288970119,0.0
0.3655,0.5300642719143407,0.8480715481156267,9.673686264766168e-05,0.0
0.36575,0.5291678062855616,0.848624820625389,9.13225253718064e-05,0.0
0.366,0.5282708808737784,0.8491772310139964,8.60429241855698e-05,0.0
0.36625,0.5273734959132854,0.8497287770751285,8.089611860584434e-05,0.0
0.3665,0.5264756515767286,0.8502794575111068,7.58809053056364e-05,0.0
0.36675,0.5255773481470905,0.8508292706009968,7.099577817593072e-05,0.0
0.367,0.5246785857529317,0.8513782144594586,6.623900813318429e-05,0.0
0.36725,0.52377936461991,0.8519262873573723,6.16090482390419e-05,0.0
0.3675,0.5228796849894217,0.8524734880297871,5.7104753677705844e-05,0.0
0.36775,0.5219795470350537,0.8530198138832077,5.272381023102568e-05,0.0
0.368,0.5210789509920772,0.8535652644333709,4.846573264338794e-05,0.0
0.36825,0.5201778970480033,0.8541098368405642,4.4328000063265094e-05,0.0
0.3685,0.5192763854068141,0.8546535300897773,4.030965560786193e-05,0.0
0.36875,0.5183744163262118,0.8551963423172424,3.640904435608938e-05,0.0
0.369,0.5174719899899429,0.8557382720865547,3.262483672705763e-05,0.0
0.36925,0.5165691065513007,0.8562793172033025,2.8955037484346136e-05,0.0
0.3695,0.5156657663059492,0.8568194766703243,2.5398748207061672e-05,0.0
0.36975,0.5147619694156775,0.8573587478680906,2.1953610342961838e-05,0.0
0.37,0.5138577161355165,0.8578971302840728,1.8619117492457704e-05,0.0
0.37025,0.5129530065859358,0.8584346209688363,1.5392603264219318e-05,0.0
0.3705,0.5120478410928535,0.8589712193797254,1.2273569952148122e-05,0.0
0.37075,0.5111422197333635,0.8595069229946546,9.259691973628748e-06,0.0
0.371,0.510236142795911,0.860041730048053,6.349399491067942e-06,0.0
0.37125,0.5093296105300977,0.860575639661036,3.541864098899339e-06,0.0
0.3715,0.5084226230239883,0.8611086495732414,8.349858733325277e-07,13.360191871440922
0.37175,0.5075161979638406,0.8616424829221753,2.2978595537459512e-07,3.27260757681726
0.372,0.5066095070549578,0.8621757341649597,9.461067285165825e-08,1.0155361403233447
0.37225,0.5057023660628372,0.8627080882651796,6.42998543298745e-08,0.5084219446902932
0.3725,0.5047947346903473,0.8632394750289669,5.770969058183084e-08,0.39461089154701884
0.37275,0.503886605705481,0.8637698783854907,5.710773653966328e-08,0.36654539988440954
0.373,0.5029779767603118,0.8642992931597919,5.6631204614632225e-08,0.35448453917617456
0.37325,0.5020688487355103,0.8648277205258135,5.753023590848727e-08,0.35454073881511444
0.3735,0.5011592237139206,0.865355156705192,5.7374901940576706e-08,0.3465839407585579
0.37375,0.5002491015547055,0.8658816036681828,5.758863541593939e-08,0.34933705390515113
0.374,0.49933848384306356,0.8664070611200625,5.850269491070037e-08,0.342904104115091
0.37425,0.4984273720145519,0.8669315261640816,5.811525638499404e-08,0.34317703131217475
0.3745,0.4975157662639642,0.8674550014279561,5.859179563749706e-08,0.33946385323980716
0.37475,0.49660366821908725,0.867977485175258,5.902990740658254e-08,0.338650595288709
0.375,0.4956910789158856,0.8684989770878654,5.945972980647696e-08,0.3315531282990697
0.37525,0.4947779994753576,0.8690194766725843,5.980056272392176e-08,0.3317414031733806
0.3755,0.4938644308276743,0.8695389832864606,5.9745795422117e-08,0.33066569069552687
0.37575,0.4929503740005231,0.8700574980550649,6.057454560171038e-08,0.32788153584200186
0.376,0.4920358300564871,0.8705750183093467,6.0281845959409e-08,0.32330149923990437
0.37625,0.4911208005099699,0.8710915465484906,6.15808954940178e-08,0.32087003883632903
0.3765,0.49020528578444456,0.8716070792244324,6.138257568899519e-08,0.32220269676138685
0.37675,0.48928928737334226,0.8721216180701603,6.172181188368597e-08,0.3187639203619663
0.377,0.48837280595699156,0.8726351623449331,6.20795346240044e-08,0.31400029361042375
0.37725,0.48745584335731884,0.8731477113559407,6.253465412164871e-08,0.31362859876600474
0.3775,0.4865383995554815,0.8736592642714527,6.214467074272534e-08,0.30933310878683123
0.37775,0.48562047644503326,0.8741698227726568,6.309453759456574e-08,0.3101452815023218
0.378,0.48470207469584575,0.8746793847540242,6.366406579694228e-08,0.3031488784616862
0.37825,0.48378319567003114,0.8751879489234292,6.317675138589607e-08,0.3057832428095335
0.3785,0.4828638400534331,0.8756955174435319,6.365091920201849e-08,0.30147507367058385
0.37875,0.48194400924486774,0.8762020886716652,6.411980080223145e-08,0.2990582793788939
0.379,0.481023704000854,0.8767076618042488,6.403848495928344e-08,0.29510584197178086
0.37925,0.48010292577758834,0.8772122382757745,6.516049522176104e-08,0.29687528905899124
0.3795,0.47918167514736965,0.8777158152994815,6.511193428870854e-08,0.29187596163079427
0.37975,0.47825995343691285,0.8782183939559418,6.527201379391556e-08,0.2920053520083482
0.38,0.4773377615944842,0.8787199735808396,6.53069698319797e-08,0.2871688506298722
0.38025,0.47641510083170996,0.8792205544826879,6.586266465546942e-08,0.28599516369104644
0.3805,0.4754919719874957,0.8797201349106416,6.559587539811673e-08,0.2836410136999599
0.38075,0.47456837626970144,0.8802187165755071,6.638254479440775e-08,0.2824317032743754
0.381,0.473644314634317,0.8807162971107145,6.639090788240765e-08,0.2778879147677553
0.38125,0.4727197881838549,0.8812128778388406,6.710479771854239e-08,0.27899533402952004
0.3815,0.4717947979168421,0.8817084567253559,6.700119903335633e-08,0.27600514374386803
0.38175,0.470869344881028,0.8822030349550913,6.741632896378746e-08,0.2742528199184059
0.382,0.4699434301300236,0.8826966114244509,6.767128790663435e-08,0.2711655888551886
0.38225,0.4690170546959042,0.883189186125062,6.804193275478099e-08,0.270180780066211
0.3825,0.46809021965705133,0.8836807581809154,6.80588898571699e-08,0.2671085871268649
0.38275,0.46716292601300174,0.8841713280448212,6.838878374715307e-08,0.26692083364822966
0.383,0.4662351747583128,0.8846608950731555,6.87267731613872e-08,0.26098843834771207
0.38325,0.46530696702730573,0.8851494589702492,6.913973527034045e-08,0.2615890589631609
0.3835,0.46437830384059975,0.8856370186944389,6.89799206643471e-08,0.26024593148117775
0.38375,0.46344918614650493,0.8861235752501556,6.937698548981075e-08,0.2603112581526273
0.384,0.46251961498613675,0.8866091272964557,6.942615105032246e-08,0.2543599791313528
0.38425,0.46158959147467193,0.8870936754537774,6.9993920659428e-08,0.2530282437972249
0.3845,0.4606591167133569,0.8875772181729715,7.001539792383937e-08,0.2511370650900932
0.38475,0.4597281916219268,0.8880597562029547,7.037960680911226e-08,0.2524882354808799
0.385,0.45879681706134784,0.8885412886696142,7.050813888298535e-08,0.24663909682330204
0.38525,0.4578649944216099,0.8890218155199971,7.079358388395462e-08,0.24825339597312318
0.3855,0.45693272446242617,0.8895013363568154,7.103260535323841e-08,0.24474429842082265
0.38575,0.456000008294067,0.8899798508621024,7.125235712557298e-08,0.24293643642599036
0.386,0.4550668469253257,0.8904573587583797,7.146875113939188e-08,0.23995456125625408
0.38625,0.45413324130300614,0.8909338596664497,7.15782630944517e-08,0.23702966012158858
0.3865,0.4531991928419359,0.8914093533893137,7.18512656039394e-08,0.2389393528679586
0.38675,0.45226470210801206,0.8918838397016591,7.214690911361288e-08,0.23701916247783972
0.387,0.4513297703618278,0.8923573180714582,7.236527022058681e-08,0.2315657542749664
0.38725,0.45039439828338157,0.892829788352669,7.248745803600798e-08,0.23263267652687936
0.3875,0.44945858753849777,0.8933012501601052,7.272485147424845e-08,0.23088484934621173
0.38775,0.44852233856075574,0.8937717033628032,7.29600253546181e-08,0.23130889463715082
0.388,0.4475856526644298,0.8942411474895532,7.31672356035773e-08,0.2248889243472536
0.38825,0.4466485306258181,0.8947095823378552,7.331868823179377e-08,0.22546029423162842
0.3885,0.4457109738820897,0.8951770075294192,7.352412056960134e-08,0.22328944587438462
0.38875,0.4447729831186895,0.8956434229046379,7.375231447781516e-08,0.2229580547239285
0.389,0.4438345594156576,0.8961088281293456,7.399151713549657e-08,0.2189179791802206
0.38925,0.44289570348872753,0.8965732228863165,7.408276303522143e-08,0.2190774356909529
0.3895,0.44195641728334323,0.897036606833221,7.438839100259997e-08,0.21748855876522669
0.38975,0.44101670068895726,0.8974989797937329,7.450867967051522e-08,0.21601863952955772
0.39,0.44007655536313345,0.8979603414543363,7.470253171604213e-08,0.21265899196433563
0.39025,0.43913598212761223,0.8984206915018068,7.485888087188641e-08,0.211882382939625
0.3905,0.43819498226084264,0.8988800296433828,7.508513166776254e-08,0.21120968918512303
0.39075,0.4372535565063866,0.8993383556395346,7.530094991992087e-08,0.20994418313159832
0.391,0.43631170573617,0.8997956692248591,7.545910629680463e-08,0.20566547595290793
0.39125,0.4353694313153395,0.9002519700473328,7.564897019918249e-08,0.20789793221903993
0.3915,0.4344267340528596,0.9007072578967046,7.58438145620488e-08,0.20434323939280333
0.39175,0.433483614992579,0.90116153238919,7.596253093211658e-08,0.20166895822777678
0.392,0.43254007521872373,0.9016147934421437,7.621196629337135e-08,0.2002767291958711
0.39225,0.4315961154976307,0.902067040589862,7.631559495457907e-08,0.20050358164274062
0.3925,0.43065173711862315,0.9025182736550779,7.648231181711651e-08,0.19944089826312975
0.39275,0.4297069409949481,0.9029684923141013,7.662561563037684e-08,0.1969636338864707
0.393,0.42876172814786984,0.9034176965223224,7.695702053389653e-08,0.19328624225978996
0.39325,0.42781609928249176,0.9038658855928589,7.697192194733304e-08,0.1967360429708589
0.3935,0.42687005606528317,0.9043130595269986,7.719812655793135e-08,0.19166435690278324
0.39375,0.425923598916527,0.9047592180605802,7.738979657112566e-08,0.19118791822965148
0.394,0.4249767289764775,0.9052043608630554,7.754851649721672e-08,0.1885490240630015
0.39425,0.4240294470805845,0.9056484876193331,7.755932274200461e-08,0.18877826814710988
0.3945,0.4230817548742394,0.906091598156463,7.777859645230478e-08,0.18617881441529127
0.39475,0.4221336527304686,0.9065336922655696,7.79901041525477e-08,0.18656454959575383
0.395,0.4211851419144888,0.9069747696080019,7.823750514113215e-08,0.1825553369495339
0.39525,0.42023622316585935,0.9074148297909039,7.829257753222407e-08,0.18337759355793914
0.3955,0.41928689783125606,0.9078538727850152,7.851185124252424e-08,0.18091661564805056
0.39575,0.41833716678516847,0.9082918980932324,7.86278213649183e-08,0.181832622875369
0.396,0.41738703074826083,0.9087289057493121,7.879059293891544e-08,0.17669090508933402
0.39625,0.4164364912892011,0.9091648950339816,7.88197027645765e-08,0.17780105354581124
0.3965,0.4154855491501124,0.9095998663587803,7.921623756956819e-08,0.1760873943940075
0.39675,0.4145342048691651,0.9100338188790057,7.925500566940968e-08,0.17402158744888066
0.397,0.41358245989356435,0.9104667524274376,7.920368516600718e-08,0.17406830805587314
0.39725,0.41263031513579507,0.910898667195679,7.94339618526152e-08,0.16932329588642483
0.3975,0.4116777720431273,0.911329562556304,7.979172567118553e-08,0.17285715793988454
0.39775,0.41072483030503926,0.9117594380435048,7.954525238496046e-08,0.16906393935993633
0.398,0.40977149268263463,0.9121882940022896,7.996507789265195e-08,0.1698678352980843
0.39825,0.4088177588263892,0.9126161296371722,8.000287876619439e-08,0.16365523402205356
0.3985,0.4078636302788681,0.9130429450869704,8.023866970852112e-08,0.16739982626484656
0.39875,0.40690910798052554,0.9134687398897476,8.04566320233846e-08,0.1643499451030725
0.399,0.40595419262198595,0.9138935137056681,8.045032706682775e-08,0.16376468536016012
0.39925,0.404998885742104,0.9143172663279949,8.047891841833632e-08,0.1601524292919601
0.3995,0.4040431876406956,0.9147399980428332,8.07491251642034e-08,0.16243134169676504
0.39975,0.40308710009365434,0.9151617079380627,8.09690086089887e-08,0.15853408329779958
0.4,0.40213062351353485,0.9155823957568858,8.089364822438938e-08,0.16059419054629626
0.40025,0.4011737590177424,0.9160020617237329,8.100327408833152e-08,0.15421286864336045
0.4005,0.40021650794266606,0.9164207055148874,8.136310980511041e-08,0.1581604399015437
0.40075,0.3992588706962828,0.9168383263314386,8.122994898940306e-08,0.153044821043686
0.401,0.3983008483596635,0.9172549247765581,8.141543528239481e-08,0.15519656316861985
0.40125,0.39734244251435274,0.9176704998161456,8.142803986643798e-08,0.150280478766639
0.4015,0.3963836534930749,0.918085051964332,8.169843068728255e-08,0.1538396175357012
0.40175,0.39542448265378966,0.9184985804465925,8.18822079029502e-08,0.14979196034744552
0.402,0.39446493095311985,0.9189110849517304,8.189950451154004e-08,0.1505968130857644
0.40225,0.3935049988719693,0.9193225656928598,8.196466216858767e-08,0.1468110461523961
0.4025,0.3925446882780861,0.9197330223298845,8.23296983920585e-08,0.14675751702686404
0.40275,0.3915839995343433,0.9201424541164317,8.227935777149753e-08,0.14501455570239266
0.403,0.39062293363489026,0.9205508614649158,8.241265980757362e-08,0.14487587075237404
0.40325,0.3896614918252026,0.9209582434654694,8.220921920987223e-08,0.143165377134756
0.4035,0.38869967511210035,0.921364600836224,8.255316985561478e-08,0.14451324131604532
0.40375,0.3877374840327455,0.9217699327320614,8.270645301955426e-08,0.13958517851476054
0.404,0.38677491989597623,0.922174238937571,8.281031016466045e-08,0.14219199728375245
0.40425,0.3858119837229358,0.9225775189014954,8.258332973021254e-08,0.1380868959061536
0.4045,0.3848486766284296,0.9229797734558414,8.305562149146795e-08,0.13967416061248308
0.40475,0.3838849991520877,0.923381001181005,8.295801334767816e-08,0.1367455480210233
0.405,0.38292095276233734,0.9237812027149033,8.327690115272901e-08,0.13670089350572395
0.40525,0.3819565376724019,0.9241803773564615,8.328070677521282e-08,0.13354186918153102
0.4055,0.3809917559041409,0.9245785248727998,8.336143797471607e-08,0.13505500776406335
0.40575,0.38002660762566426,0.9249756453999142,8.354322567072359e-08,0.13358973523108222
0.406,0.37906109419513134,0.9253717381363503,8.343694668511148e-08,0.13291970801433475
0.40625,0.3780952166170983,0.9257668034305432,8.358136471819932e-08,0.12943536520162033
0.4065,0.37712897554315816,0.9261608410133348,8.381037641669309e-08,0.13226848490342294
0.40675,0.3761623724473605,0.9265538503906287,8.405945961520445e-08,0.1284105730887127
0.407,0.3751954077819048,0.9269458311044364,8.391125860818249e-08,0.12915589406280617
0.40725,0.37422808299035365,0.9273367834345333,8.400466722235933e-08,0.12630776347484243
0.4075,0.3732603988292027,0.9277267072843323,8.437137877237433e-08,0.12743555431055015
0.40775,0.3722923558865361,0.9281156016941231,8.417979224795147e-08,0.12526454093915798
0.408,0.3713239559219222,0.9285034669835823,8.422101549498962e-08,0.12571795830047275
0.40825,0.3703551990542695,0.9288903029089618,8.415241170567356e-08,0.12196269601415691
0.4085,0.3693860873583219,0.929276109332541,8.445505361720507e-08,0.12382189625391549
0.40875,0.3684166207842384,0.9296608856835873,8.442003096575945e-08,0.12161656418299097
0.409,0.36744680093306464,0.9300446319807474,8.449606991867142e-08,0.1220425972639335
0.40925,0.3664766283043896,0.93042734819028,8.467687151458847e-08,0.11871784130574223
0.4095,0.3655061045215433,0.9308090337403456,8.486757097081465e-08,0.12034861803091303
0.40975,0.36453522985759623,0.9311896885855085,8.496764980492344e-08,0.11626443696858935
0.41,0.3635640055929756,0.9315693123981742,8.49824044468761e-08,0.11931894673791002
0.41025,0.36259243245717515,0.9319479048975853,8.475910129313036e-08,0.11622854271588767
0.4105,0.36162051235094594,0.9323254662638831,8.499856019028584e-08,0.1154690729967522
0.41075,0.36064824485541386,0.9327019960452609,8.497204873059161e-08,0.11469210549621797
0.411,0.3596756320219154,0.9330774943156578,8.533437179103487e-08,0.11428708686052236
0.41125,0.3587026742209073,0.933451960317473,8.535687823219007e-08,0.11334770364099371
0.4115,0.3577293730352622,0.9338253940928816,8.549246000022492e-08,0.11272910796691742
0.41175,0.3567557287610218,0.9341977953514118,8.542161933355885e-08,0.11020392314989286
0.412,0.3557817427059728,0.9345691640071028,8.537791340579304e-08,0.11074782460500299
0.41225,0.3548074157211592,0.9349394999158865,8.537684403897572e-08,0.11000134713109888
0.4125,0.3538327494292517,0.9353088031471941,8.590664646312973e-08,0.11079649675890912
0.41275,0.3528577434753916,0.9356770726164937,8.567535458858799e-08,0.10597885346469023
0.413,0.35188239982521513,0.9360443088873532,8.575357401952033e-08,0.10815169614484159
0.41325,0.3509067191839748,0.9364105112546358,8.557831110422853e-08,0.10675429050483067
0.4135,0.3499307030511076,0.9367756803432599,8.611020629878396e-08,0.10621520441681441
0.41375,0.34895435100140765,0.9371398149093424,8.588556132949066e-08,0.10404091334943749
0.414,0.34797766573451167,0.9375029152173217,8.594550426899161e-08,0.10551009857651306
0.41425,0.3470006469449204,0.9378649809531477,8.573921705945509e-08,0.10290249492421856
0.4145,0.3460232963612597,0.9382260125091406,8.608675350352257e-08,0.1027762386897062
0.41475,0.34504561433596426,0.938586008929864,8.606568302482742e-08,0.10278296156872908
0.415,0.34406760255006613,0.9389449702939717,8.618244518032725e-08,0.10168048462535519
0.41525,0.3430892611287036,0.9393028962122957,8.596731948529168e-08,0.0983912177948982
0.4155,0.3421105917668541,0.9396597873003074,8.643415938536236e-08,0.10103548303572975
0.41575,0.34113159501675433,0.9400156421630251,8.63149158814025e-08,0.09959514017443515
0.416,0.3401522719826675,0.9403704613564804,8.636338155731949e-08,0.098272067220003
0.41625,0.33917262365523476,0.9407242446143124,8.652116845198066e-08,0.09745142611064958
0.4165,0.33819265123837283,0.9410769915251507,8.666483042318873e-08,0.09695483977799277
0.41675,0.33721235505786457,0.941428701806946,8.649478777655872e-08,0.09514358244513438
0.417,0.33623173667838685,0.9417793755126276,8.64453557625211e-08,0.09646130249778302
0.41725,0.3352507968541449,0.9421290126572144,8.664089468091163e-08,0.09397011400243495
0.4175,0.3342695366084385,0.9424776127191379,8.67905889379017e-08,0.09486878948375077
0.41775,0.33328795683044415,0.9428251754738777,8.683777630302814e-08,0.09290381036140233
0.418,0.3323060583445097,0.9431717008153975,8.681573349100802e-08,0.09402826846272301
0.41825,0.33132384226298883,0.9435171883813287,8.661145511901225e-08,0.0896216178761557
0.4185,0.33034131003746836,0.9438616387085261,8.707140364272448e-08,0.09419187108302358
0.41875,0.3293584620833021,0.9442050504634012,8.693323216846238e-08,0.08891048601270288
0.419,0.32837529897422624,0.9445474244126157,8.697045550398741e-08,0.09084325495459056
0.41925,0.32739182266687306,0.9448887599121084,8.70786858175876e-08,0.0891852709074616
0.4195,0.3264080336930064,0.9452290571212103,8.744278967576236e-08,0.08929887621011874
0.41975,0.32542393239753675,0.9455683150362554,8.708878596053182e-08,0.08788827945849244
0.42,0.3244395207113157,0.9459065342805483,8.709700938247522e-08,0.08791887279944255
0.42025,0.32345479870858196,0.9462437143894805,8.691460129384154e-08,0.08514202589452848
0.4205,0.3224697688207172,0.9465798555810565,8.739756651721109e-08,0.08777824550017135
0.42075,0.3214844303052332,0.9469149567191286,8.709353105373907e-08,0.08471771469701239
0.421,0.32049878522724573,0.9472490184994046,8.7190108910562e-08,0.08551763294223136
0.42125,0.3195128335732935,0.9475820407460408,8.738122936335913e-08,0.08478902348594838
0.4215,0.31852657762275527,0.947914022533304,8.738366341631831e-08,0.0832920613467544
0.42175,0.3175400176364054,0.9482449642912152,8.755208447119855e-08,0.08321785048802353
0.422,0.3165531539340518,0.9485748653433392,8.721336097750054e-08,0.08246589662426744
0.42225,0.31556598899698,0.9489037261683556,8.747391211372246e-08,0.08243979734891833
0.4225,0.31457852257045005,0.9492315460757084,8.746393964642607e-08,0.08127483337132571
0.42275,0.31359075607103715,0.9495583250967572,8.752687796764747e-08,0.08089833313857923
0.423,0.3126026900436473,0.9498840630915104,8.756887681649062e-08,0.08043742685306864
0.42325,0.31161432583913407,0.9502087594703292,8.732115608367508e-08,0.07868290261026127
0.4235,0.3106256647005452,0.9505324150128942,8.778044646717831e-08,0.08027426953804363
0.42375,0.3096367072182563,0.9508550281613346,8.751832458742115e-08,0.07735147767201091
0.424,0.3086474541191248,0.9511765999611828,8.762396275230344e-08,0.07780736013665135
0.42425,0.30765790679370997,0.951497129829274,8.784301286368645e-08,0.07777067713215617
0.4245,0.3066680663347796,0.9518166174051359,8.803903006615599e-08,0.07712800792398261
0.42475,0.3056779329740762,0.9521350620283117,8.752547642210118e-08,0.07707117979068483
0.425,0.30468750830097646,0.9524524648351318,8.77425838652357e-08,0.075889279383067
0.42525,0.3036967937655667,0.952768824604937,8.784127536465292e-08,0.0736531191127041
0.4255,0.30270578891642685,0.9530841416794757,8.788220595690177e-08,0.07540974943901232
0.42575,0.30171449586863586,0.9533984157146401,8.805222151408998e-08,0.07414489518045185
0.426,0.30072291500319814,0.9537116461783767,8.783214111574011e-08,0.0738150281575022
0.42625,0.29973104744208695,0.9540238337726643,8.810350760057872e-08,0.07298945740100256
0.4265,0.2987388946103735,0.9543349772557832,8.798340811466687e-08,0.07343328234855515
0.42675,0.29774645664488025,0.9546450772082238,8.794123473876425e-08,0.07173353283989359
0.427,0.29675373493401863,0.9549541331897333,8.784671856609805e-08,0.07121868804863454
0.42725,0.2957607307435103,0.9552621453011491,8.804764051184577e-08,0.07077207160041896
0.4275,0.29476744485678097,0.9555691129832056,8.811744911518815e-08,0.07103800668775113
0.42775,0.29377387768005836,0.9558750362453955,8.806215312517907e-08,0.06944162275117167
0.428,0.29278003086639554,0.9561799148725044,8.803985496186328e-08,0.06935213652888066
0.42825,0.29178590488254535,0.9564837485282988,8.774343207562652e-08,0.06906067476150841
0.4285,0.2907915013322011,0.9567865380754128,8.834468046003963e-08,0.07010163083035012
0.42875,0.28979682065211193,0.9570882816852274,8.809962293021556e-08,0.06779197864612378
0.429,0.2888018637697873,0.957388980160548,8.792487449227337e-08,0.06749020662483307
0.42925,0.28780663181975763,0.9576886335771547,8.810115170732047e-08,0.06696148052866085
0.4295,0.2868111262118447,0.9579872412624866,8.827030417712933e-08,0.06744099006075124
0.42975,0.2858153470252667,0.9582848029235113,8.805465934180745e-08,0.06556002360648384
0.43,0.28481929564967007,0.9585813188205309,8.798303730017665e-08,0.06675001691749258
0.43025,0.28382297345962965,0.9588767888177435,8.819844254936982e-08,0.0635082695247139
0.4305,0.2828263807909366,0.9591712124912206,8.827158515245515e-08,0.06637702847375457
0.43075,0.2818295190516554,0.9594645895918792,8.824479635904936e-08,0.06378245350020775
0.431,0.2808323888151814,0.9597569201702426,8.82111514943773e-08,0.06426159192273678
0.43125,0.2798349910867489,0.9600482037604436,8.78900836553953e-08,0.06320841220609694
0.4315,0.2788373272665723,0.9603384411619516,8.832526243729433e-08,0.06291226170914836
0.43175,0.2778393977196728,0.9606276310462203,8.822734787194975e-08,0.06311875776284728
0.432,0.27684120407846613,0.9609157738694244,8.837334086742032e-08,0.0628880311221979
0.43225,0.27584274626908506,0.9612028688644438,8.789125027774958e-08,0.06170947637119424
0.4325,0.2748440268305856,0.9614889168844343,8.818802310628371e-08,0.06082532217044195
0.43275,0.2738450455436853,0.9617739169584293,8.81551875941966e-08,0.061120725515578046
0.433,0.27284580376893874,0.9620578692764489,8.823552555270453e-08,0.06025467608167853
0.43325,0.2718463018987249,0.9623407735258565,8.812317431328154e-08,0.06081386766488692
0.4335,0.27084654208550063,0.9626226297732998,8.835566411846685e-08,0.05995437309182373
0.43375,0.2698465238820729,0.9629034375314723,8.82305781768622e-08,0.059007913582069145
0.434,0.26884624924553746,0.9631831970889958,8.844398258212038e-08,0.058668709667318374
0.43425,0.2678457186005791,0.9634619074135747,8.800482831361478e-08,0.05962161867986782
0.4345,0.2668449337668477,0.9637395696070996,8.835175147048346e-08,0.05815574211731233
0.43475,0.2658438944668504,0.9640161824532903,8.812855489814808e-08,0.05732391804981927
0.435,0.26484260300973095,0.9642917463026092,8.817814878270269e-08,0.05736251835432505
0.43525,0.2638410585422841,0.9645662612159703,8.822443020584103e-08,0.05621559787593653
0.4355,0.2628392640802346,0.9648397264880799,8.827591213567132e-08,0.056855448386130755
0.43575,0.26183721929002474,0.9651121421933648,8.820729502367897e-08,0.05696252868418842
0.436,0.26083492559565746,0.9653835082557445,8.821132668757059e-08,0.055981483461120814
0.43625,0.2598323835612495,0.9656538244535716,8.811446106093968e-08,0.054378302685950945
0.4365,0.2588295950141344,0.9659230909741332,8.846609822477092e-08,0.05557471172024751
0.43675,0.2578265597447138,0.9661913069155647,8.823449659800531e-08,0.05474194305251149
0.437,0.25682327956147066,0.9664584726322771,8.812370788646717e-08,0.0549053825789482
0.43725,0.255819755293457,0.9667245882976808,8.840885845629032e-08,0.054405596667352035
0.4375,0.2548159875754834,0.9669896529056636,8.817533836413816e-08,0.05314432482983282
0.43775,0.25381197809002654,0.9672536671531413,8.842158205624173e-08,0.053021536965631506
0.438,0.25280772684600844,0.9675166305402465,8.856249511524084e-08,0.05341891382085043
0.43825,0.2518032347549476,0.9677785420593236,8.77517587483112e-08,0.05257721823010103
0.4385,0.25079850452627284,0.9680394037038056,8.849791321985379e-08,0.05186166928135092
0.43875,0.24979353514098002,0.9682992132113649,8.825198416495539e-08,0.05256436117132933
0.439,0.2487883285648636,0.9685579713247194,8.812337348729216e-08,0.0512335031938195
0.43925,0.24778288518292987,0.9688156779578816,8.802327955415024e-08,0.05137710274732174
0.4395,0.24677720682965543,0.9690723333535338,8.854095057131417e-08,0.05095611326593461
0.43975,0.24577129357333702,0.969327936067655,8.81929416163274e-08,0.050316602672623556
0.44,0.24476514688285927,0.969582486971096,8.808481766209297e-08,0.051047696562535494
0.44025,0.24375876753526482,0.9698359856980066,8.795256389859674e-08,0.04888732976433881
0.4405,0.24275215670719064,0.9700884327928883,8.85122732885435e-08,0.050173693434507866
0.44075,0.24174531465473414,0.970339826566562,8.808936713400328e-08,0.04909360261889444
0.441,0.2407382435160349,0.9705901682901855,8.833637421545859e-08,0.04950644504077791
0.44125,0.23973094334700923,0.9708394568482835,8.808575469032576e-08,0.04873604728356212
0.4415,0.23872341556158716,0.9710876930910075,8.840509857499512e-08,0.048030823577809925
0.44175,0.2377156607753836,0.9713348758125134,8.817379004710801e-08,0.048377391073652305
0.442,0.2367076800937781,0.9715810057589004,8.828342346056672e-08,0.04782303071153763
0.44225,0.23569947490429272,0.9718260821663636,8.82244874933491e-08,0.0473100933423639
0.4425,0.23469104582531486,0.9720701053365381,8.833978015765354e-08,0.04695386504421059
0.44275,0.23368239328879536,0.9723130748327193,8.821191421759522e-08,0.046404086751903155
0.443,0.23267351860230243,0.9725549906449088,8.80435435668403e-08,0.047239342462152764
0.44325,0.231664423759847,0.9727958525760807,8.801259898660874e-08,0.04687463153051471
0.4435,0.23065510850025106,0.9730356607560324,8.809009188759376e-08,0.04583029855949045
0.44375,0.22964557383146955,0.973274414738472,8.798244621743834e-08,0.04521478283662216
0.444,0.22863582163299287,0.9735121148538196,8.835047116129147e-08,0.045982620838314336
0.44425,0.2276258516056346,0.9737487599583255,8.791977967881337e-08,0.04478447807616605
0.4445,0.22661566595538574,0.9739843512836011,8.830086617450661e-08,0.044186640091494554
0.44475,0.2256052648302148,0.9742188874290547,8.807130447152645e-08,0.04541848175915898
0.445,0.22459464956946626,0.974452368879761,8.791530081708743e-08,0.044603071966884504
0.44525,0.22358382074889224,0.9746847959819998,8.82095687604334e-08,0.0434914188538022
0.4455,0.22257277995010583,0.9749161676269971,8.813761076531534e-08,0.04405916815733856
0.44575,0.22156152763317685,0.9751464839507291,8.78443044971533e-08,0.043265462512650295
0.446,0.22055006507501196,0.9753757456312013,8.818510299768434e-08,0.04364908913479317
0.44625,0.21953839297980438,0.975603951498836,8.808614526678582e-08,0.042652812815188325
0.4465,0.21852651278684476,0.9758311018752934,8.808896034828706e-08,0.042689104156000926
0.44675,0.21751442423491427,0.9760571966328732,8.792453098926956e-08,0.04226426306004835
0.447,0.21650212991726425,0.9762822356227739,8.792565298065824e-08,0.04275578568068641
0.44725,0.21548962983733536,0.9765062188664733,8.802616036085453e-08,0.04204213728635421
0.4475,0.21447692533182305,0.9767291460860044,8.815683982810185e-08,0.041350628257696795
0.44775,0.21346401673197823,0.9769510166631691,8.769927117846521e-08,0.04148048621982858
0.448,0.21245090596467353,0.9771718315866444,8.794580019788611e-08,0.041037570425735165
0.44825,0.2114375931757494,0.9773915898238525,8.783317206884078e-08,0.04152387739128029
0.4485,0.21042407993589052,0.9776102916171308,8.784629490499185e-08,0.040624628847300996
0.44875,0.2094103672428918,0.9778279369083315,8.805359952290814e-08,0.04011614890986554
0.449,0.20839645506331927,0.978044525193496,8.787196081883053e-08,0.04035513362520505
0.44925,0.2073823456025121,0.9782600564547361,8.766120784819975e-08,0.040350430820262434
0.4495,0.20636803919452973,0.9784745313476026,8.80484489762523e-08,0.039798420342200505
0.44975,0.2053535367477185,0.9786879483810713,8.768056969366e-08,0.03926421437079138
0.45,0.2043388395346581,0.9789003085369745,8.769807346986624e-08,0.0394444168240625
0.45025,0.20332394809493104,0.9791116111867626,8.751482027946622e-08,0.03921911228549085
0.4505,0.20230886433418505,0.9793218567427928,8.784116567461808e-08,0.03888146771525958
0.45075,0.20129358814301906,0.9795310445528344,8.793512518145974e-08,0.03849758849392601
0.451,0.2002781207223751,0.9797391743218288,8.767044867852292e-08,0.038361495927788
0.45125,0.19926246342801274,0.9799462462431563,8.742872248390654e-08,0.03861753303509843
0.4515,0.1982466175031945,0.9801522605869764,8.764260517324374e-08,0.03785185110222985
0.45175,0.19723058259076742,0.9803572169140525,8.773227633263048e-08,0.03767719397083299
0.452,0.19621436099212544,0.9805611145533308,8.741680534996021e-08,0.037545929723297636
0.45225,0.19519795334325088,0.9807639544251443,8.764451631115833e-08,0.03750911231974764
0.4525,0.1941813604589342,0.9809657357483434,8.773098181258376e-08,0.037350561089098386
0.45275,0.19316458292556438,0.9811664584460215,8.763815406709341e-08,0.0369493723393841
0.453,0.19214762253954673,0.9813661221417056,8.726752076526623e-08,0.03641793610063978
0.45325,0.1911304797423244,0.981564727965711,8.773646187343331e-08,0.036997928663658135
0.4535,0.19011315545238716,0.9817622742047973,8.746391588765334e-08,0.036069126476093394
0.45375,0.1890956509385048,0.9819587616423846,8.738504742034081e-08,0.035997584397811214
0.454,0.1880779670530829,0.98215419032863,8.763544978585003e-08,0.036151739609961334
0.45425,0.1870601042234489,0.982348559438255,8.741124735145434e-08,0.03543169819661715
0.4545,0.1860420648003256,0.9825418694164245,8.751574154253206e-08,0.03589636553657878
0.45475,0.1850238480220153,0.9827341197359892,8.72150678343786e-08,0.03523317642509704
0.455,0.18400545634094093,0.9829253109150446,8.740033363707767e-08,0.035083164584405795
0.45525,0.18298688977920569,0.983115442217656,8.727893852089608e-08,0.03544365948899486
0.4555,0.1819681497978678,0.9833045139483829,8.734605860816202e-08,0.03454524686058835
0.45575,0.18094923734198531,0.9834925256892816,8.729066025559007e-08,0.03450052403580531
0.456,0.17993015272058382,0.983679477633158,8.728734379737091e-08,0.03486576173703581
0.45625,0.178910897724883,0.9838653694173993,8.723177580272079e-08,0.03488461459522335
0.4565,0.1778914733859125,0.9840502010296399,8.722493904933515e-08,0.033125845395078984
0.45675,0.1768718797536335,0.9842339725662225,8.730053191463583e-08,0.033703991016790974
0.457,0.1758521187364949,0.9844166833127008,8.702424247886142e-08,0.03352134210942772
0.45725,0.17483219055006327,0.9845983338745126,8.696049613732271e-08,0.03409381959813022
0.4575,0.1738120968952046,0.9847789239032378,8.699555964497563e-08,0.0336480341250427
0.45775,0.17279183817820518,0.9849584533857445,8.711851662290826e-08,0.0329108412496453
0.458,0.17177141558481307,0.9851369219137418,8.706484244669355e-08,0.033622537533193234
0.45825,0.17075083019092155,0.9853143296310173,8.709355103775351e-08,0.03239425613951444
0.4585,0.16973008279703095,0.9854906763759494,8.711510290915214e-08,0.032331295637815005
0.45875,0.1687091745473879,0.9856659621225389,8.723170186186735e-08,0.03269061503347655
0.459,0.16768810606613602,0.9858401863769918,8.699593090355506e-08,0.032682685923661345
0.45925,0.16666687894901752,0.986013349636038,8.709953935870374e-08,0.03258474210095809
0.4595,0.16564549355930325,0.9861854514095194,8.705414744625273e-08,0.03162413467598225
0.45975,0.16462395075333802,0.9863564917436864,8.698327147449447e-08,0.03160863500779864
0.46,0.16360225214482044,0.9865264706387801,8.708892873521279e-08,0.03226836343051733
0.46025,0.162580398570414,0.9866953872926233,8.665192363643826e-08,0.03137572639059777
0.4605,0.1615583903614919,0.9868632429403243,8.688144115254204e-08,0.03161052248964762
0.46075,0.1605362296178536,0.9870300363174045,8.680632279656209e-08,0.03097351346722502
0.461,0.15951391583215238,0.9871957678360764,8.668877993223134e-08,0.030956402841097835
0.46125,0.1584914514836912,0.9873604373378543,8.6706699375938e-08,0.032206310398726054
0.4615,0.15746883668658995,0.9875240448866256,8.687833119580546e-08,0.030161975170306235
0.46175,0.1564460725294472,0.9876865898264375,8.66664295884334e-08,0.030344882313654082
0.462,0.15542315999736855,0.987848072774257,8.677368690257481e-08,0.030777074351214292
0.46225,0.1544000998237525,0.988008493000773,8.653361782684499e-08,0.030904773657599898
0.4625,0.15337689373038899,0.988167851160286,8.679855634241562e-08,0.029913350745949464
0.46275,0.1523535420060146,0.9883261462421112,8.655377703448153e-08,0.029740556618395995
0.463,0.1513300460519266,0.9884833788038628,8.650478577898468e-08,0.03061649261826877
0.46325,0.1503064059526548,0.9886395488033208,8.656421535135905e-08,0.029734452190278916
0.4635,0.14928262405457815,0.9887946556709308,8.646400395662113e-08,0.029819733713184762
0.46375,0.14825870054859944,0.9889486998581429,8.661973160961622e-08,0.029371400504199095
0.464,0.14723463634389372,0.9891016807891276,8.653959415738655e-08,0.029592651111602423
0.46425,0.14621043241917195,0.9892535985409788,8.638723492104816e-08,0.02908525587722665
0.4645,0.14518609027681606,0.9894044533055504,8.651535776671437e-08,0.029443520540940543
0.46475,0.1441616101065714,0.9895542445634576,8.638103343727721e-08,0.028927279885655063
0.465,0.14313699333061516,0.9897029724665917,8.628446401814927e-08,0.0289301946278118
0.46525,0.1421122411045362,0.9898506370862964,8.64059466199052e-08,0.029364605427194376
0.4655,0.14108735393876515,0.9899972379626614,8.630756664906869e-08,0.02841520778525685
0.46575,0.14006233326660603,0.9901427752547486,8.629462699971668e-08,0.028214198833356477
0.466,0.13903717998462997,0.9902872488836622,8.635982151616872e-08,0.029025106949367014
0.46625,0.13801189379039797,0.9904306584204572,8.598339240606379e-08,0.027846522077476635
0.4665,0.13698647840471523,0.9905730044305492,8.618614155686544e-08,0.028499950664443698
0.46675,0.1359609318524055,0.9907142864988363,8.623153258113803e-08,0.028058941049226866
0.467,0.13493525698811848,0.9908545042620232,8.609739099441072e-08,0.02791855190473916
0.46725,0.13390945407108606,0.9909936579930338,8.60360114263159e-08,0.028122698493203858
0.4675,0.13288352441630735,0.9911317476352721,8.61159203946471e-08,0.026947053050254056
0.46775,0.13185746893707487,0.9912687728097194,8.603108558880024e-08,0.028162342728618006
0.468,0.13083128808413158,0.9914047338281419,8.6099297247344e-08,0.02772895202315528
0.46825,0.12980498320404601,0.9915396300572804,8.581936183915673e-08,0.027591986663642522
0.4685,0.12877855600169852,0.9916734621548693,8.601405010466578e-08,0.0271019046499581
0.46875,0.12775200612602955,0.9918062294129264,8.588575206580629e-08,0.026977959123469977
0.469,0.12672533524681834,0.9919379321441203,8.59098823191573e-08,0.02721928178144577
0.46925,0.12569854420460877,0.9920685699910499,8.578961852023781e-08,0.026968908219411468
0.4695,0.12467163451405838,0.9921981431905222,8.590155986532011e-08,0.02706825948286535
0.46975,0.12364460610049761,0.9923266513362397,8.578496735189844e-08,0.02653138528172686
0.47,0.12261746063302503,0.992454094668949,8.583862354250016e-08,0.026693288076690486
0.47025,0.12159019889184147,0.9925804728027249,8.572791543315361e-08,0.02695100230253437
0.4705,0.12056282252210337,0.9927057859861173,8.585240185432497e-08,0.026176418181199174
0.47075,0.11953533112471786,0.9928300337407202,8.564234410535221e-08,0.02654526625364174
0.471,0.11850772690997853,0.9929532164537804,8.570163534393771e-08,0.026057897515748194
0.47125,0.11748001000442235,0.9930753336455629,8.552293895291996e-08,0.026557031774476447
0.4715,0.11645218238997757,0.9931963856659376,8.5641631564215e-08,0.02574340242801569
0.47175,0.11542424396324487,0.9933163721028301,8.559100383997986e-08,0.025855413556784987
0.472,0.11439619606397411,0.993435292906667,8.543322760345973e-08,0.026124692162275132
0.47225,0.11336804008002695,0.9935531483356049,8.55395860810404e-08,0.02566033588989249
0.4725,0.11233977677786555,0.9936699379578373,8.552381292048494e-08,0.025921870410179387
0.47275,0.11131140653019457,0.993785661742451,8.535430207068373e-08,0.025379438629526036
0.473,0.11028293117120375,0.9939003199966615,8.54985857667856e-08,0.025631468658408645
0.47325,0.10925435136244527,0.9940139120613766,8.533159179258121e-08,0.025858774719567264
0.4735,0.10822566757065033,0.9941264384985,8.542140883527338e-08,0.02504480124329529
0.47375,0.10719688180307071,0.994237898743018,8.538261297985628e-08,0.02520587600886778
0.474,0.10616799445317916,0.9943482928274135,8.524749750549176e-08,0.025076014805735125
0.47425,0.10513900587883131,0.9944576209732663,8.523449523956117e-08,0.02555342294486925
0.4745,0.10410991836963746,0.9945658829084443,8.52741892654052e-08,0.024848927330544543
0.47475,0.10308073191000708,0.9946730785249284,8.521667682614975e-08,0.02492208426784308
0.475,0.10205144785566869,0.9947792078240105,8.516419836013256e-08,0.0248460083661924
0.47525,0.10102206698604801,0.9948842707080658,8.506022330934115e-08,0.025017725034614663
0.4755,0.09999259073720879,0.9949882673603143,8.519350602753661e-08,0.024385635887034473
0.47575,0.09896301938551816,0.995091197506429,8.528033501598031e-08,0.024741554668042384
0.476,0.09793335460353159,0.9951930607590982,8.506347803916015e-08,0.0245375082546853
0.47625,0.09690359655964696,0.9952938575774495,8.497879400160002e-08,0.024671749226281993
0.4765,0.09587374753705546,0.9953935877859292,8.503606818699438e-08,0.024451433614447463
0.47675,0.09484380690118838,0.9954922512073986,8.496073844455054e-08,0.024189457784771773
0.477,0.0938137767471876,0.9955898477451025,8.482034008494566e-08,0.024206812807860714
0.47725,0.09278365750210993,0.9956863777194549,8.493777525764301e-08,0.024228955012785866
0.4775,0.09175345093103715,0.9957818405646183,8.487800284839864e-08,0.02436307230908316
0.47775,0.09072315683281477,0.9958762364612853,8.476699897563833e-08,0.023785669490503
0.478,0.08969277721494755,0.9959695655090168,8.485237135147372e-08,0.024022336945723446
0.47825,0.08866231214574645,0.9960618274204371,8.481958158057523e-08,0.023927270189006068
0.4785,0.08763176384970706,0.9961530221977046,8.4834512081855e-08,0.023835505111262513
0.47875,0.08660113190391822,0.996243149784405,8.476969259874068e-08,0.02374404397701028
0.479,0.08557041823428416,0.9963322101363071,8.471594070691424e-08,0.023814541566661997
0.47925,0.0845396229837273,0.996420203164799,8.456460132144628e-08,0.023804075169240557
0.4795,0.08350874834872712,0.9965071289587597,8.455819688890642e-08,0.02318748050843139
0.47975,0.08247779433455682,0.9965929874316878,8.457815114937262e-08,0.023728360040892085
0.48,0.08144676240585366,0.9966777783961692,8.452755584364979e-08,0.023575207848775294
0.48025,0.08041565297117466,0.9967615019006734,8.44570295921443e-08,0.0235233493201417
0.4805,0.07938446767727925,0.9968441580028958,8.452645006151727e-08,0.023188791398257746
0.48075,0.07835320725295447,0.9969257464197129,8.448065935695581e-08,0.02329562874137349
0.481,0.0773218725333316,0.9970062672426362,8.444657417783219e-08,0.023305055972565773
0.48125,0.07629046406886396,0.9970857203316702,8.429858056047124e-08,0.023081352174824158
0.4815,0.07525898408558618,0.9971641059523624,8.444268084772943e-08,0.02321375243893176
0.48175,0.07422743245911834,0.9972414235674829,8.43041827458535e-08,0.022758119537144895
0.482,0.07319581079458486,0.9973176734437478,8.424055986111512e-08,0.023152149650624988
0.48225,0.0721641195943822,0.9973928555453213,8.42248377708188e-08,0.02309223653828154
0.4825,0.07113236028530423,0.997466969767073,8.422802921792538e-08,0.02297268978541618
0.48275,0.07010053336974155,0.9975400160489444,8.419882169263815e-08,0.02265256872709494
0.483,0.06906864002868342,0.9976119943833507,8.418646557650789e-08,0.022966921368247364
0.48325,0.06803668147733771,0.9976829045786781,8.405749474249546e-08,0.023041953188710575
0.4835,0.06700465865136351,0.9977527468787668,8.409255158881024e-08,0.022493504440705085
0.48375,0.06597257226478491,0.997821520996137,8.402713480570867e-08,0.02248692351802178
0.484,0.0649404232661213,0.9978892270568914,8.402508799854047e-08,0.022740308628067148
0.48425,0.06390821298724754,0.997955864961841,8.404947626772241e-08,0.0224473141550908
0.4845,0.06287594212195557,0.9980214345769212,8.398634609996236e-08,0.022591312037275366
0.48475,0.06184361173921626,0.9980859359488491,8.392591688277662e-08,0.02248168040972984
0.485,0.0608112225460349,0.998149369054439,8.38656555313122e-08,0.02239003433449418
0.48525,0.05977877604909083,0.9982117338278106,8.38087221843864e-08,0.02249782164778015
0.4855,0.058746273266073956,0.9982730302846635,8.380818505848708e-08,0.022366355388903098
0.48575,0.05771371423049928,0.9983332583577301,8.377671756321092e-08,0.022210948323753883
0.486,0.056681100924910986,0.9983924180107008,8.37716533919064e-08,0.022391066673069823
0.48625,0.05564843411546404,0.9984505091127779,8.36835307715944e-08,0.022048452802186782
0.4865,0.05461571454834058,0.9985075318732235,8.374158766422113e-08,0.02227234712575262
0.48675,0.05358294303075601,0.9985634859082854,8.358656833351574e-08,0.02222978530983503
0.487,0.052550121196562556,0.9986183715407342,8.360821701636212e-08,0.022044063310308865
0.48725,0.05151724906209956,0.9986721885318802,8.354898728413218e-08,0.022031634843419082
0.4875,0.050484328697727676,0.9987249369507771,8.356569347611753e-08,0.02210891005463301
0.48775,0.0494513607358389,0.9987766166556027,8.352831581959208e-08,0.021918069391711044
0.488,0.04841834536415123,0.998827227731846,8.351313995902387e-08,0.021974418870669917
0.48825,0.04738528411395834,0.9988767699804688,8.337858403706377e-08,0.02200728677537777
0.4885,0.04635217862136187,0.9989252437160063,8.349801117191191e-08,0.021864206736780085
0.48875,0.045319028897205724,0.9989726484727538,8.338842349964182e-08,0.021868660564180447
0.489,0.04428583635842722,0.9990189844421185,8.328886003106106e-08,0.0217555431721919
0.48925,0.04325260205762086,0.9990642517450867,8.334985901470304e-08,0.02204472974424922
0.4895,0.04221932703863018,0.9991084500941168,8.331252798754463e-08,0.02157848390250489
0.48975,0.0411860115563615,0.9991515795669758,8.324954814398211e-08,0.021737133868044003
0.49,0.040152657362409465,0.999193640178004,8.323271338817051e-08,0.021837342723225846
0.49025,0.03911926518211632,0.9992346317899202,8.31383595301105e-08,0.021623985099545343
0.4905,0.0380858361723071,0.999274554575976,8.316997601731657e-08,0.02173915898797679
0.49075,0.03705237104636007,0.9993134082980011,8.310215870999116e-08,0.021601122500001096
0.491,0.036018870839189955,0.9993511930701686,8.307364640636195e-08,0.021506061185767155
0.49125,0.03498533648196502,0.9993879088621874,8.307434251619839e-08,0.021635054814067106
0.4915,0.033951769072118054,0.9994235555889771,8.304461629471405e-08,0.021600816946001553
0.49175,0.032918169472137424,0.9994581332118292,8.296233211524395e-08,0.021503331334014813
0.492,0.031884539301191506,0.9994916418368348,8.297406695056964e-08,0.021579188008443613
0.49225,0.03085087805901247,0.9995240812815037,8.28693196286423e-08,0.021493729479344668
0.4925,0.02981718864120353,0.9995554517385883,8.291939579407881e-08,0.02143895155939719
0.49275,0.02878347035740462,0.9995857529400038,8.282322161434763e-08,0.021533958564011853
0.493,0.027749724970265118,0.9996149850497146,8.278592988908429e-08,0.021396721206041934
0.49325,0.02671595348757276,0.9996431479888567,8.274590723722497e-08,0.02141101109372565
0.4935,0.025682156952626656,0.9996702417664103,8.272952278787216e-08,0.021402571108904287
0.49375,0.024648336009468468,0.999696266336705,8.269778861702548e-08,0.02138154954835683
0.494,0.023614491822259023,0.9997212217069024,8.267757900526362e-08,0.021384038157440003
0.49425,0.02258062506014541,0.9997451078248646,8.262392503510796e-08,0.02134565246135467
0.4945,0.021546737565714125,0.9997679247237816,8.260310813135163e-08,0.02131140296929863
0.49475,0.020512829370478904,0.9997896723676296,8.257087391605467e-08,0.021373915394343114
0.495,0.019478901555502706,0.9998103507418076,8.252812921938357e-08,0.021337536818551002
0.49525,0.01844495566529817,0.9998299598436504,8.249522176484447e-08,0.021251596001859274
0.4955,0.017410992467539188,0.9998484996494565,8.245498372971838e-08,0.021271023106558484
0.49575,0.01637701295333847,0.9998659701732137,8.243184446143914e-08,0.0213091776031923
0.496,0.015343017651722092,0.9998823713752301,8.238880400135429e-08,0.02126222780548691
0.49625,0.014309007939437148,0.9998977032593022,8.234571580167938e-08,0.021200220507576098
0.4965,0.013274985260117944,0.999911965838079,8.232991066670081e-08,0.02127243334803094
0.49675,0.012240949306388249,0.9999251590654014,8.228594161607816e-08,0.021252744365440317
0.497,0.011206902299560001,0.9999372829543587,8.225064518363467e-08,0.021232046313318105
0.49725,0.010172844645711122,0.9999483374867487,8.220534586378392e-08,0.021197449623668603
0.4975,0.009138777626063188,0.9999583226901733,8.218691815997659e-08,0.021228288105372695
0.49775,0.008104701783719746,0.9999672385073333,8.213948921032e-08,0.021192869808292176
0.498,0.007070618469265997,0.9999750849861573,8.211930180301863e-08,0.021209251002334308
0.49825,0.006036528617138421,0.9999818620668783,8.207023993733742e-08,0.021202217953403393
0.4985,0.005002433131018336,0.9999875698002098,8.204607637729566e-08,0.021197394554082642
0.49875,0.003968332822437028,0.9999922081411915,8.20042393989695e-08,0.021188627972692765
0.499,0.002934228724804375,0.999995777114545,8.19725627376755e-08,0.02118714423132462
0.49925,0.0019001226098711644,0.9999982767033474,8.193779521548095e-08,0.021191277815102674
0.4995,0.000866014200248344,0.999999706912676,8.190301303834246e-08,0.021186269751939005
0.49975,-0.0001680948629138313,1.0000000677394212,8.18673615565757e-08,0.021192073037039492
0.5,-0.0012022037619006292,0.9999993591868357,8.183398025884969e-08,0.021190160105784877
0.50025,-0.0022363112673664466,0.9999975812486835,8.179564758847846e-08,0.021188071442777342
0.5005,-0.0032704165952779363,0.9999947339382462,8.176446186780595e-08,0.021189336343802895
0.50075,-0.004304518486597779,0.9999908172396687,8.172152754504225e-08,0.021189277008196367
0.501,-0.005338616687968733,0.9999858311742648,8.168870979652354e-08,0.02119318249024162
0.50125,-0.006372709638181514,0.9999797757429973,8.166157061673118e-08,0.021218703038296167
0.5015,-0.007406795859800752,0.9999726509314237,8.161786047011788e-08,0.021214669471119295
0.50175,-0.00844087570270803,0.9999644567588992,8.158187125850702e-08,0.021183245284869007
0.502,-0.009474946802722982,0.9999551932284735,8.154075081812096e-08,0.021232027592627444
0.50225,-0.010509009492312801,0.9999448603659447,8.152638586444994e-08,0.02121304184718283
0.5025,-0.011543061338919358,0.9999334581420232,8.148846641908847e-08,0.021240971607516163
0.50275,-0.012577102749733839,0.9999209865655023,8.144384922026404e-08,0.021245004005446978
0.503,-0.01361113223416923,0.999907445667929,8.141142582296368e-08,0.021281334789964513
0.50325,-0.014645148277499487,0.9998928354436809,8.136983375983675e-08,0.021260845053942958
0.5035,-0.015679150566086264,0.9998771559160402,8.134260842673768e-08,0.021249096694653934
0.50375,-0.01671313787695287,0.99986040705665,8.128858874911771e-08,0.021278182366818634
0.504,-0.01774710935630187,0.9998425889297338,8.126410522280025e-08,0.021276947049143055
0.50425,-0.018781063858790296,0.9998237015302441,8.125064998587561e-08,0.021281704011053657
0.5045,-0.01981500035344652,0.9998037448285015,8.120604788608432e-08,0.021377447524215238
0.50475,-0.020848917991151735,0.9997827188522991,8.114854521679149e-08,0.02133236905534787
0.505,-0.02188281541861237,0.9997606236572361,8.111307203684248e-08,0.021345547406248354
0.50525,-0.022916692959539013,0.9997374592211804,8.109310822845828e-08,0.021387355300592305
0.5055,-0.023950547781559806,0.9997132255767367,8.106603677227042e-08,0.021307333828360097
0.50575,-0.02498438022741308,0.999687922678917,8.100271498001632e-08,0.021474751225860907
0.506,-0.026018188724010738,0.9996615506493123,8.099552961660095e-08,0.021411227778965744
0.50625,-0.027051972688547143,0.9996341093975025,8.094863668262064e-08,0.021437237080879853
0.5065,-0.02808573069427922,0.9996055989986814,8.090906877811221e-08,0.0214372120115151
0.50675,-0.02911946214647869,0.9995760194609286,8.087852410021412e-08,0.021472842596570375
0.507,-0.03015316569541077,0.9995453708160139,8.086058556067144e-08,0.021450743128948818
0.50725,-0.031186840478317514,0.9995136529809003,8.07571185479361e-08,0.021615037015519853
0.5075,-0.03222048581665149,0.9994808661478085,8.075091395554068e-08,0.021503919442418647
0.50775,-0.03325410057773738,0.9994470102166876,8.07181517181732e-08,0.021545076539679756
0.508,-0.034287683702244935,0.9994120852314361,8.068015300288778e-08,0.02160360475569169
0.50825,-0.035321233766560066,0.9993760912652412,8.06736886183046e-08,0.021641750280965946
0.5085,-0.0363547508276838,0.9993390281885433,8.058427924950706e-08,0.021615068362058065
0.50875,-0.037388233213865744,0.9993008962374064,8.060186562630633e-08,0.02153124014151145
0.509,-0.03842167983805935,0.9992616952890021,8.05767110811928e-08,0.021835304551161897
0.50925,-0.03945509032645115,0.9992214253408956,8.050647659629817e-08,0.02170258540655569
0.5095,-0.04048846272809925,0.999180086509019,8.044512433968976e-08,0.02174591228306098
0.50975,-0.0415217969832746,0.9991376788155512,8.042682053677197e-08,0.021809697667977575
0.51,-0.04255509193173085,0.999094202233775,8.039322740849286e-08,0.021785078266148138
0.51025,-0.04358834631164663,0.9990496567791197,8.032232723387267e-08,0.021572767238313664
0.5105,-0.044621558824204044,0.9990040425666806,8.028823272887564e-08,0.022120326054822396
0.51075,-0.04565472963790129,0.9989573595941433,8.031280285258902e-08,0.0218190578844428
0.511,-0.04668785658581248,0.9989096078814853,8.033525689121745e-08,0.021916765831069794
0.51125,-0.047720939590210065,0.9988607872792353,8.021972996985482e-08,0.022000679379076685
0.5115,-0.048753976706755964,0.9988108980389798,8.014307506520879e-08,0.022023437571649093
0.51175,-0.049786967997937595,0.9987599401636621,8.012907160015459e-08,0.021962598015239983
0.512,-0.050819911779428496,0.9987079136970199,8.015715846632077e-08,0.02205957484411293
0.51225,-0.05185280745864661,0.9986548184802715,8.005760054885513e-08,0.022275479673753772
0.5125,-0.05288565329538386,0.9986006547801756,8.002593432365757e-08,0.022082523374099612
0.51275,-0.05391844952907433,0.9985454224938329,7.9991500090415e-08,0.02207340194226496
0.513,-0.054951194396017485,0.9984891216871434,7.994655293330766e-08,0.022202990915158486
0.51325,-0.05598388714215099,0.9984317523742946,7.988437178418906e-08,0.02234824775797533
0.5135,-0.05701652635591614,0.9983733145624129,7.975401361548506e-08,0.022309962271196006
0.51375,-0.058049111708532615,0.9983138085932413,7.989904315941487e-08,0.022334076477251403
0.514,-0.05908164186479672,0.9982532340442184,7.984258743043426e-08,0.022330134834671042
0.51425,-0.06011411631576628,0.9981915911339605,7.979548355407928e-08,0.02238793749861611
0.5145,-0.061146532875625326,0.9981288799844619,7.977086990962334e-08,0.02259242707499662
0.51475,-0.06217889188725269,0.9980651004516645,7.966795578795427e-08,0.022466598716764187
0.515,-0.06321119141346584,0.9980002527729969,7.96274346459569e-08,0.022521072628465814
0.51525,-0.0642434315709134,0.9979343368820611,7.961411974122257e-08,0.022415522665856023
0.5155,-0.06527560997160009,0.9978673528248672,7.954543290722427e-08,0.02287216391771311
0.51575,-0.06630772710924246,0.9977993006310766,7.950712643811642e-08,0.022707901455065058
0.516,-0.06733978073523778,0.9977301804776076,7.955267156134482e-08,0.02286950041620333
0.51625,-0.0683717708238493,0.9976599921069899,7.944825086703133e-08,0.022660690936265666
0.5165,-0.06940369568394544,0.9975887357975736,7.938239221516596e-08,0.02272620907947622
0.51675,-0.07043555499415036,0.997516411627592,7.943685753630803e-08,0.022927796485330564
0.517,-0.0714673469921863,0.9974430193950489,7.93130034981715e-08,0.02306030626066963
0.51725,-0.0724990713158619,0.9973685594193284,7.932992129866534e-08,0.023054964337597645
0.5175,-0.07353072694449025,0.9972930315859176,7.932740442306851e-08,0.02311053125487588
0.51775,-0.07456231260422244,0.9972164358896187,7.923463885006754e-08,0.022836148720957256
0.518,-0.0755938274864596,0.9971387724793034,7.916778921313039e-08,0.023206163602239534
0.51825,-0.07662527065885694,0.997060041474283,7.920411770889757e-08,0.023368638114435368
0.5185,-0.07765664064263689,0.9969802426614603,7.904659882207454e-08,0.023292166665315545
0.51875,-0.0786879375839532,0.9968993764139087,7.910782495734736e-08,0.02317046415155664
0.519,-0.07971915957559728,0.9968174424643207,7.900227116941494e-08,0.023359072555053463
0.51925,-0.08075030559139677,0.996734441194308,7.905801346907992e-08,0.023673542057968813
0.5195,-0.08178137500610205,0.9966503722543716,7.890632991447433e-08,0.023489077754848542
0.51975,-0.08281236719302149,0.9965652360666467,7.894833831123549e-08,0.023500266257354838
0.52,-0.08384328032634761,0.9964790324577364,7.889189124199447e-08,0.02377293740950299
0.52025,-0.08487411432073677,0.9963917614782768,7.881175334567558e-08,0.02375226464078254
0.5205,-0.08590486727629809,0.9963034233222117,7.877265528755117e-08,0.023654817548203984
0.52075,-0.0869355390137843,0.9962140180040695,7.880571173402018e-08,0.023833606148559935
0.521,-0.08796612806559788,0.9961235453705795,7.86642500028023e-08,0.024118970425861253
0.52125,-0.08899663367030887,0.9960320058518618,7.874296215071297e-08,0.023698794792575795
0.5215,-0.09002705449710646,0.9959393991116612,7.862215789522509e-08,0.024011113515939663
0.52175,-0.09105739036905686,0.9958457253962135,7.856536377026657e-08,0.024289081675975713
0.522,-0.09208763958817727,0.9957509847509658,7.849871708209832e-08,0.024134832430172497
0.52225,-0.09311780112640103,0.995655177371799,7.855693917591111e-08,0.023919954200621537
0.5225,-0.09414787434926097,0.995558303022838,7.848109540020687e-08,0.024590487817268428
0.52275,-0.09517785842477314,0.9954603618280397,7.835256576882443e-08,0.02450439199868984
0.523,-0.0962077522515343,0.995361354091607,7.840618199139726e-08,0.02443638701553572
0.52325,-0.09723755455612372,0.9952612796264055,7.836981974485013e-08,0.024493760818888127
0.5235,-0.09826726429279375,0.9951601385267018,7.827203396537641e-08,0.024371761718011038
0.52375,-0.0992968811373729,0.9950579308527704,7.817830005585336e-08,0.025058293123365476
0.524,-0.10032640341581557,0.9949546569276804,7.828221249006617e-08,0.024616507088582373
0.52425,-0.10135583096681493,0.994850316429731,7.828565173895186e-08,0.02462635229373095
0.5245,-0.10238516146624477,0.9947449095330271,7.816516656156125e-08,0.025062489349965692
0.52475,-0.10341439550302706,0.9946384362572102,7.80387192644838e-08,0.02514801607004699
0.525,-0.10444353135135528,0.9945308969152613,7.808010482612815e-08,0.02518970442672818
0.52525,-0.10547256771509105,0.9944222913498725,7.803696955299699e-08,0.024910961116779432
0.5255,-0.10650150389369628,0.9943126194748148,7.778924038248647e-08,0.02548753831480137
0.52575,-0.1075303395105282,0.994201881904646,7.794899148372281e-08,0.025135089457737823
0.526,-0.10855907271031141,0.9940900781456757,7.786769606887844e-08,0.025509887349602
0.52625,-0.10958770318623733,0.9939772085968224,7.794977974207029e-08,0.025580660323439648
0.5265,-0.11061622909370783,0.9938632729824681,7.776116461855054e-08,0.025822893403006034
0.52675,-0.11164465018576432,0.9937482717888331,7.779919397599144e-08,0.025465617234013603
0.527,-0.11267296553964717,0.9936322047456407,7.773558774459843e-08,0.025758464552524334
0.52725,-0.11370117365028547,0.9935150720878995,7.767763521293602e-08,0.025653476646495366
0.5275,-0.11472927411957556,0.9933968737829568,7.759087528036446e-08,0.026257092804245596
0.52775,-0.11575726547271972,0.9932776100357688,7.755404207721028e-08,0.026261364217987394
0.528,-0.11678514715003682,0.9931572808177654,7.751809372180674e-08,0.026145150318823498
0.52825,-0.11781291790000474,0.9930358863104579,7.756225195443278e-08,0.026072639185285698
0.5285,-0.1188405764525271,0.9929134263450556,7.741392060722774e-08,0.026414964716497603
0.52875,-0.11986812271147385,0.9927899014021652,7.758424391823837e-08,0.026408774341686026
0.529,-0.12089555497346505,0.9926653109630322,7.740083485252569e-08,0.02645975691336005
0.52925,-0.12192287254831034,0.9925396555655988,7.736035145811115e-08,0.02665721550178482
0.5295,-0.12295007424784643,0.9924129350502848,7.720633288244017e-08,0.026729277930420476
0.52975,-0.12397715931507507,0.9922851497679557,7.724092188077236e-08,0.02723647533195955
0.53,-0.12500412690470739,0.9921562994627148,7.715337524416555e-08,0.02666635612914133
0.53025,-0.12603097572116398,0.992026384555165,7.724740735959301e-08,0.027264982501411218
0.5305,-0.12705770476100042,0.9918954046500934,7.705255011813961e-08,0.027031967051026954
0.53075,-0.12808431314941196,0.9917633602990089,7.705326621199049e-08,0.027284010484122465
0.531,-0.1291108000770441,0.9916302513733392,7.706764026949031e-08,0.027413789199792413
0.53125,-0.13013716484166415,0.9914960778811678,7.706337967761101e-08,0.027479173802423578
0.5315,-0.13116340548241112,0.9913608399045328,7.69169792302904e-08,0.027562079476740255
0.53175,-0.13218952198063844,0.9912245376417719,7.687230407782408e-08,0.027677761580327222
0.532,-0.13321551268608114,0.9910871712600665,7.692824488536587e-08,0.027733546240762907
0.53225,-0.13424137759639018,0.9909487405221369,7.69006900380731e-08,0.028070691314768328
0.5325,-0.1352671140235131,0.9908092455444262,7.659627954126336e-08,0.027978121327814114
0.53275,-0.1362927229624519,0.9906686868359795,7.670491886102582e-08,0.028572502938653797
0.533,-0.13731820200086398,0.9905270641145086,7.667202606143064e-08,0.02836588561501327
0.53325,-0.1383435510926173,0.9903843775352137,7.669736112880798e-08,0.027994372264098077
0.5335,-0.13936876862302228,0.9902406270165423,7.653080325020767e-08,0.028505907555266177
0.53375,-0.1403938537459633,0.9900958129621574,7.650741618014933e-08,0.028960343969395765
0.534,-0.1414188058008044,0.9899499352680032,7.648562183604213e-08,0.02877027824005311
0.53425,-0.14244362384518036,0.9898029939625539,7.641568844363178e-08,0.028595249003113894
0.5345,-0.14346830624146634,0.989654989183693,7.625598241745024e-08,0.029155761933559038
0.53475,-0.14449285250518348,0.989505921353694,7.640955068666244e-08,0.029386526513477344
0.535,-0.14551726190794825,0.9893557898286732,7.619034914085887e-08,0.029190945582586565
0.53525,-0.14654153291415323,0.9892045956606033,7.647244082420457e-08,0.029468471732199818
0.5355,-0.14756566478152422,0.9890523378043361,7.616931485543432e-08,0.02960434977962343
0.53575,-0.1485896566125342,0.9888990170426251,7.59800475869099e-08,0.029561646087737654
0.536,-0.14961350755841543,0.9887446335953098,7.60537248734039e-08,0.029823651280228233
0.53625,-0.15063721622646406,0.9885891872955941,7.607510799090278e-08,0.029698396881606477
0.5365,-0.15166078185656318,0.9884326781139112,7.59583886900117e-08,0.030540216769999132
0.53675,-0.15268420396204008,0.9882751062469041,7.588342287867533e-08,0.030385725401615778
0.537,-0.15370748087931854,0.9881164719221003,7.588101968991623e-08,0.030168323312721883
0.53725,-0.1547306117466021,0.9879567751075092,7.584615091538183e-08,0.02997766764979615
0.5375,-0.15575359583222337,0.9877960159922692,7.591243056381813e-08,0.03147236800106431
0.53775,-0.15677643198210858,0.9876341942163835,7.560524006855474e-08,0.03057980375453195
0.538,-0.15779911935442373,0.9874713105493651,7.561355341856313e-08,0.03078964832384854
0.53825,-0.1588216570396492,0.9873073648573313,7.572317084481028e-08,0.03135763313151729
0.5385,-0.15984404362289695,0.9871423569334778,7.556694736621239e-08,0.03131525259392217
0.53875,-0.16086627885281685,0.9869762872272895,7.561045567427982e-08,0.03122839763395901
0.539,-0.16188836117350672,0.9868091557789757,7.570632631903607e-08,0.03166191155633031
0.53925,-0.16291028955664508,0.986640962092857,7.526147149938822e-08,0.031232371597078448
0.5395,-0.16393206348787004,0.9864717071482492,7.52216833266317e-08,0.0323386768875064
0.53975,-0.16495368202909,0.9863013907762691,7.533107559964947e-08,0.0323983772495679
0.54,-0.16597514375038344,0.9861300129947747,7.543601454607085e-08,0.03130959296293987
0.54025,-0.1669964478090452,0.9859575734944629,7.515596145424297e-08,0.0327224445364703
0.5405,-0.1680175930225829,0.9857840733219527,7.539015878244015e-08,0.03235460830144546
0.54075,-0.16903857943711553,0.9856095112877056,7.503945109732513e-08,0.03280069370906683
0.541,-0.17005940508265396,0.9854338886569077,7.508526778110536e-08,0.032944991435206926
0.54125,-0.1710800690930304,0.9852572050649799,7.508666310940271e-08,0.033081006280204044
0.5415,-0.17210057053458172,0.9850794605425381,7.498055043519969e-08,0.03278789660310198
0.54175,-0.17312090899603774,0.9849006552744373,7.494581222289298e-08,0.03371775943715842
0.542,-0.17414108243752943,0.984720789400306,7.483483521752987e-08,0.033260926656680935
0.54225,-0.1751610914204655,0.9845398631195328,7.500951570982295e-08,0.033805855032119594
0.5425,-0.1761809329580828,0.984357876127631,7.471623764132573e-08,0.0338356653549443
0.54275,-0.17720060827891324,0.984174828897907,7.470531793174473e-08,0.03416766698228982
0.543,-0.17822011495463036,0.9839907215206455,7.470657825692228e-08,0.034008156803964816
0.54325,-0.17923945237654984,0.983805553747846,7.443667282558408e-08,0.034367239227917616
0.5435,-0.18025861936530418,0.9836193261862647,7.43513006717933e-08,0.0346488513147356
0.54375,-0.181277615532749,0.9834320389411434,7.45545840619144e-08,0.03465536269260574
0.544,-0.1822964391891707,0.9832436916925943,7.449716354912539e-08,0.034692977298507906
0.54425,-0.18331508988478024,0.9830542846214102,7.434598603417442e-08,0.0357557602309397
0.5445,-0.18433356655788202,0.9828638180183109,7.426473747074169e-08,0.035084410740365404
0.54475,-0.18535186810177764,0.9826722919289351,7.416683978078709e-08,0.03553152297896197
0.545,-0.1863699937936446,0.982479706374845,7.401251966854261e-08,0.035819298406483006
0.54525,-0.1873879427779783,0.98228606195521,7.430501591798588e-08,0.03546410211624649
0.5455,-0.18840571292565755,0.9820913580018509,7.406246971264352e-08,0.03638191202840096
0.54575,-0.18942330471058155,0.9818955949842725,7.390849532384891e-08,0.036116322671893436
0.546,-0.1904407164885007,0.9816987732492783,7.394789314218997e-08,0.03668877536331591
0.54625,-0.1914579477103561,0.9815008927361097,7.409161817406584e-08,0.03624112686807815
0.5465,-0.1924749965937096,0.9813019531452678,7.378023014759094e-08,0.03731536143557417
0.54675,-0.19349186295434745,0.9811019553298848,7.38908307873487e-08,0.03702882513343447
0.547,-0.1945085453051839,0.9809008986990172,7.363263643256346e-08,0.03702154467599339
0.54725,-0.19552504315244001,0.9806987840455257,7.37640653003524e-08,0.03757478720492565
0.5475,-0.19654135512209336,0.9804956109345326,7.366755294668792e-08,0.03790923611250944
0.54775,-0.19755748030152492,0.9802913795780245,7.344903418804449e-08,0.037879493812345115
0.548,-0.19857341826454453,0.980086090313879,7.343400265646949e-08,0.038076119991277343
0.54825,-0.19958916744975508,0.9798797433278275,7.357374487426682e-08,0.03850559282751487
0.5485,-0.2006047264931894,0.9796723383291717,7.338937435541482e-08,0.03856461821822302
0.54875,-0.20162009558325258,0.979463875559989,7.32349940690824e-08,0.03863645429582929
0.549,-0.20263527314717375,0.979254355409219,7.325567463745131e-08,0.03906621267601951
0.54925,-0.2036502578633485,0.9790437778660515,7.325301654148575e-08,0.03947361425005221
0.5495,-0.20466504920969442,0.9788321425667714,7.284492897774442e-08,0.039153473138885626
0.54975,-0.20567964618291923,0.9786194505821271,7.295579496080506e-08,0.04027919352092555
0.55,-0.20669404783060383,0.978405701325842,7.289775383334529e-08,0.03984121507774417
0.55025,-0.20770825318540606,0.9781908952531275,7.299872128996299e-08,0.03956008142128939
0.5505,-0.20872226073807099,0.9779750321393692,7.280780311980095e-08,0.04051680269510959
0.55075,-0.20973607052768467,0.9777581121437742,7.25716728933179e-08,0.04056857650450733
0.551,-0.21074968091903898,0.9775401359847267,7.273425461917782e-08,0.04143668202439832
0.55125,-0.21176309110072955,0.9773211031843998,7.274105140453457e-08,0.04104381731030278
0.5515,-0.21277629997941006,0.9771010138047327,7.250557954030512e-08,0.04112189275763333
0.55175,-0.2137893064141174,0.9768798683848335,7.239629695732219e-08,0.04173871530019167
0.552,-0.21480211024645413,0.9766576670992841,7.263507040278228e-08,0.0417030097218643
0.55225,-0.21581470939611663,0.9764344093244536,7.22522597307318e-08,0.04234762139563922
0.5525,-0.21682710378389203,0.9762100960489271,7.228158049876754e-08,0.0422217476063162
0.55275,-0.21783929196062718,0.9759847269846021,7.22145552245479e-08,0.04313353195720337
0.553,-0.21885127357832174,0.9757583021660007,7.209636221361393e-08,0.042375298818012594
0.55325,-0.21986304711767027,0.9755308221800368,7.22555602017394e-08,0.0432473867379672
0.5535,-0.22087461115533813,0.9753022864437852,7.189774597904375e-08,0.04296965114550044
0.55375,-0.22188596571062522,0.9750726958546434,7.199028662085993e-08,0.04415982695168395
0.554,-0.22289710950210176,0.9748420499321936,7.187019401833084e-08,0.04404155039198571
0.55425,-0.22390804106108808,0.9746103490997404,7.171206317657663e-08,0.04429616475033405
0.5545,-0.22491875980034592,0.9743775933135623,7.143082525473687e-08,0.04447471235957491
0.55475,-0.22592926512000056,0.9741437832762336,7.166669591107677e-08,0.044540125157926186
0.555,-0.22693955543686592,0.9739089187081595,7.188058681606435e-08,0.045228499755689724
0.55525,-0.2279496305760561,0.9736729990843073,7.161279236278517e-08,0.044563704242554014
0.5555,-0.2289594879747554,0.9734360252447587,7.118898581737199e-08,0.04588491281578557
0.55575,-0.22996912867500602,0.9731979974578028,7.119970701907619e-08,0.04642288764759162
0.556,-0.2309785500959798,0.9729589156006785,7.102564203442796e-08,0.046197500052696606
0.55625,-0.2319877526896377,0.9727187803757265,7.15468120304763e-08,0.04575726303061813
0.5565,-0.23299673386581787,0.9724775904240381,7.093453846529485e-08,0.047578639229827496
0.55675,-0.23400549427775125,0.9722353476007872,7.123829659505532e-08,0.046766493517202856
0.557,-0.23501403170387258,0.9719920507736919,7.093247544887049e-08,0.047353084731719494
0.55725,-0.23602234642786799,0.9717477009425949,7.115026523507595e-08,0.04776162438677243
0.5575,-0.23703043568632154,0.9715022972089535,7.046195826809765e-08,0.04784859155832632
0.55775,-0.23803830042201488,0.9712558414093733,7.096981291532245e-08,0.04840371504002472
0.558,-0.23904593825213036,0.9710083321099824,7.081092312510862e-08,0.04843683942586721
0.55825,-0.24005334944669518,0.970759769801426,7.062274476332675e-08,0.04843235418760974
0.5585,-0.24106053135444938,0.9705101551769886,7.053927353339873e-08,0.049381260811647384
0.55875,-0.24206748459610858,0.9702594877198913,7.030457416234981e-08,0.0494305994801527
0.559,-0.24307420767794247,0.9700077679177573,7.012952218943269e-08,0.050480480420524824
0.55925,-0.2440807001684044,0.9697549964229996,7.064103257903298e-08,0.048989424681049304
0.5595,-0.24508695926567725,0.9695011718267033,6.988772094373985e-08,0.051351022633730134
0.55975,-0.2460929862582628,0.9692462959895344,7.008746827352752e-08,0.05127332750767781
0.56,-0.2470987786405992,0.9689903682181501,7.005260860282192e-08,0.04997586728015489
0.56025,-0.24810433629591588,0.9687333886291275,6.996685208982001e-08,0.052197576538047505
0.5605,-0.24910965753573322,0.9684753572572298,6.954604225839489e-08,0.051872323916505446
0.56075,-0.2501147424751503,0.9682162749338774,6.97251198999993e-08,0.05282721777600076
0.561,-0.2511195893166866,0.96795614131302,6.98220838923902e-08,0.05164363007917751
0.56125,-0.25212419696782423,0.9676949563755756,6.964569632117446e-08,0.05249988588705683
0.5615,-0.253128564679443,0.9674327205701907,6.954325537655848e-08,0.05352236792574971
0.56175,-0.25413269188790033,0.9671694339253005,6.950278597095405e-08,0.05370858674030616
0.562,-0.2551365773371315,0.9669050965833818,6.944711006262594e-08,0.05394237976960331
0.56225,-0.256140220008744,0.9666397085320187,6.920849449087996e-08,0.05417782051178411
0.5625,-0.25714361857829005,0.9663732703187087,6.908100425029318e-08,0.05418267849226408
0.56275,-0.2581467726483604,0.966105781816876,6.894437842852597e-08,0.05532202919329223
0.563,-0.2591496812543451,0.9658372434945871,6.910772309964841e-08,0.05561842415930274
0.56325,-0.2601523434164416,0.9655676549994022,6.908305305586282e-08,0.055296527786888074
0.5635,-0.2611547576351114,0.9652970165943842,6.884073378010669e-08,0.05644063504909697
0.56375,-0.2621569234468787,0.9650253287609344,6.883063874418838e-08,0.056023013208551575
0.564,-0.2631588396344605,0.964752591484362,6.8826771615349e-08,0.057531389405188725
0.56425,-0.26416050559830184,0.9644788045420863,6.856443879321716e-08,0.05736026298828297
0.5645,-0.26516191976840986,0.9642039686772534,6.845411482103714e-08,0.057543162595387796
0.56475,-0.2661630819774325,0.9639280835961117,6.82764966786209e-08,0.056829962493493036
0.565,-0.2671639907500209,0.9636511501113476,6.853219769453744e-08,0.05882469503907445
0.56525,-0.2681646449179053,0.9633731672504998,6.808110053491134e-08,0.059490872869187646
0.5655,-0.269165043737587,0.9630941362077508,6.798400309371289e-08,0.0584006619670142
0.56575,-0.2701651865947468,0.9628140568509501,6.80587772805552e-08,0.059783735527899416
0.566,-0.27116507201351703,0.9625329289437059,6.779052030836397e-08,0.05922717802280022
0.56625,-0.2721646993785405,0.9622507534302536,6.803244878561543e-08,0.06237821175676502
0.5665,-0.2731640675821154,0.9619675292562135,6.758065307366223e-08,0.059716128493843064
0.56675,-0.2741631755228759,0.9616832578639299,6.763428239686675e-08,0.061386945064737124
0.567,-0.27516202263997136,0.9613979387407887,6.765917648365871e-08,0.060973943998582386
0.56725,-0.2761606076255417,0.9611115718901222,6.741260261122761e-08,0.0628388715392812
0.5675,-0.2771589291603931,0.9608241578547592,6.716531930628378e-08,0.06220101382122334
0.56775,-0.27815698758007357,0.9605356967420718,6.722769696487774e-08,0.06315811857966182
0.568,-0.27915478024700613,0.9602461885913238,6.70194570950855e-08,0.06380406243988378
0.56825,-0.2801523076562935,0.959955633760384,6.713672129343706e-08,0.062430139148777
0.5685,-0.2811495676888214,0.9596640322441061,6.709731170673194e-08,0.06450649107721487
0.56875,-0.2821465599466097,0.9593713838101043,6.66817079331139e-08,0.06504134905258058
0.569,-0.283143283620172,0.9590776897131159,6.698232812851757e-08,0.06521061277063309
0.56925,-0.2841397374624256,0.9587829487562631,6.661548335173961e-08,0.0661130134076166
0.5695,-0.28513592056289383,0.9584871622270441,6.667464824694491e-08,0.06583970180539044
0.56975,-0.2861318319409245,0.958190329485347,6.638455141150246e-08,0.0671113101708442
0.57,-0.2871274706121424,0.9578924513889272,6.640400540547375e-08,0.0655220706329195
0.57025,-0.2881228358243323,0.9575935277063482,6.641426986142562e-08,0.06907853379549177
0.5705,-0.28911792607632947,0.9572935582824087,6.59538343938948e-08,0.06694483458927204
0.57075,-0.29011274136776544,0.9569925442544753,6.623128467886374e-08,0.06893869172794428
0.571,-0.2911072796946574,0.9566904846728018,6.587734979746074e-08,0.06786883736165972
0.57125,-0.29210154098521124,0.9563873806001421,6.600856594651816e-08,0.07088535490269834
0.5715,-0.29309552350687085,0.9560832314306822,6.566134880259256e-08,0.06952353067427236
0.57175,-0.2940892264360559,0.9557780379521229,6.546868158707753e-08,0.06985670892235084
0.572,-0.2950826492335775,0.9554718002547001,6.548032982500729e-08,0.07018272330546735
0.57225,-0.2960757909220171,0.9551645185017614,6.568739774337473e-08,0.0717884172921108
0.5725,-0.2970686495443715,0.954856192085181,6.505276228807588e-08,0.07152760062354317
0.57275,-0.29806122551394326,0.9545468223705703,6.512631123278823e-08,0.07174968135849276
0.573,-0.29905351723375945,0.9542364087849785,6.50103653132561e-08,0.07350520404078399
0.57325,-0.3000455237346076,0.9539249517732273,6.496436233405234e-08,0.07448376537648418
0.5735,-0.3010372438158697,0.9536124512735995,6.469414715049027e-08,0.07315567936189041
0.57375,-0.30202867712650744,0.9532989079415486,6.484466652523224e-08,0.07538727074704321
0.574,-0.30301982195811134,0.952984321161536,6.44396174198647e-08,0.07376694074757643
0.57425,-0.30401067768077866,0.9526686924423112,6.485183257076699e-08,0.07621387587360122
0.5745,-0.30500124377832805,0.9523520199913591,6.434397259447167e-08,0.07480678495547731
0.57475,-0.3059915187003777,0.9520343056312758,6.430769250442836e-08,0.0780999510932418
0.575,-0.30698150175399425,0.9517155487749415,6.409956077035872e-08,0.0767866984047472
0.57525,-0.3079711919443959,0.951395750036289,6.412738029482057e-08,0.07689845070680623
0.5755,-0.30896058784962577,0.9510749091587698,6.383787232167037e-08,0.07848665806030257
0.57575,-0.30994968926919875,0.9507530265874024,6.372158734002653e-08,0.07927026350613761
0.576,-0.31093849462535966,0.9504301027427532,6.38197406033214e-08,0.07917721521660596
0.57625,-0.31192700348407904,0.9501061368351552,6.337718749804822e-08,0.08044708419538135
0.5765,-0.3129152144935361,0.9497811300002752,6.318306566832632e-08,0.08018920840721283
0.57675,-0.313903126733293,0.9494550823706431,6.320618939348321e-08,0.08140961722339062
0.577,-0.31489073916364135,0.9491279937705408,6.308495614781862e-08,0.07954831392642447
0.57725,-0.31587805109923656,0.9487998646059621,6.312126998864187e-08,0.08453693694336126
0.5775,-0.3168650612666468,0.9484706944767751,6.266638408192193e-08,0.08201184510833968
0.57775,-0.31785176899855005,0.9481404846695709,6.286247633546793e-08,0.0840993865948007
0.578,-0.31883817320683383,0.9478092342846488,6.264455976179306e-08,0.08320706760889064
0.57825,-0.319824272773524,0.9474769440204396,6.245271033655797e-08,0.08575885930243271
0.5785,-0.32081006689248426,0.9471436140307716,6.23094138507696e-08,0.08467252616484705
0.57875,-0.32179555452626546,0.94680924441548,6.211173753101207e-08,0.08627493547792432
0.579,-0.3227807353007706,0.9464738354746481,6.215969672318522e-08,0.08619672173031766
0.57925,-0.3237656070639126,0.94613738727345,6.195704504996513e-08,0.0872660657132598
0.5795,-0.32475016951851643,0.9457998997973931,6.152953013760509e-08,0.08739890855853116
0.57975,-0.32573442189531715,0.9454613739260852,6.159683652029457e-08,0.0894965542920512
0.58,-0.3267183628819965,0.9451218094025391,6.162630872275088e-08,0.08732405889980024
0.58025,-0.327701991625707,0.9447812061754645,6.142890840443727e-08,0.09126731820890856
0.5805,-0.3286853070299003,0.9444395646223072,6.114065453921569e-08,0.08975119256992342
0.58075,-0.3296683086382423,0.944096885049729,6.104049843358439e-08,0.09171724511628704
0.581,-0.33065099460219666,0.9437531677165689,6.090323823038091e-08,0.09085136739622052
0.58125,-0.33163336485674055,0.9434084128096359,6.102309835220865e-08,0.09421702984295359
0.5815,-0.33261541791645044,0.9430626198842802,6.062936686035414e-08,0.0914135647077852
0.58175,-0.33359715265246076,0.9427157900959278,6.057700741024519e-08,0.0945850964854332
0.582,-0.33457856862499347,0.9423679231275481,6.056143719845863e-08,0.09319192044738159
0.58225,-0.33555966493770645,0.9420190188459286,6.030027410730554e-08,0.09718209596566606
0.5825,-0.3365404394931133,0.9416690780950745,6.002732089172014e-08,0.09378230018622383
0.58275,-0.33752089268377705,0.9413181008815938,6.002269037352903e-08,0.0979020074224398
0.583,-0.33850102284335976,0.9409660871392859,5.980610762179595e-08,0.09682371034583023
0.58325,-0.33948082923741124,0.9406130375085932,5.987542928131973e-08,0.0981958013810358
0.5835,-0.34046031041489755,0.940258951377487,5.930664825903875e-08,0.0983483986458302
0.58375,-0.3414394663032951,0.9399038301177336,5.950973047674779e-08,0.09964216712824166
0.584,-0.3424182948772848,0.9395476732666507,5.9503720395426285e-08,0.0990666277169144
0.58425,-0.3433967962626582,0.9391904801840357,5.8875886832510105e-08,0.10225513570179318
0.5845,-0.34437496829598757,0.9388322527971056,5.8840473604604426e-08,0.10089943942347687
0.58475,-0.34535281133914864,0.9384729899377828,5.857130602748839e-08,0.10267908185330595
0.585,-0.3463303234751495,0.9381126928153802,5.868986119317299e-08,0.10282209851241958
0.58525,-0.3473075040037684,0.9377513607876815,5.8498236255033476e-08,0.10462056230767292
0.5855,-0.3482843514292213,0.9373889943641345,5.810273662198995e-08,0.10438037273884931
0.58575,-0.3492608659948064,0.9370255939441304,5.8110894540774893e-08,0.10554826239966952
0.586,-0.3502370458733059,0.9366611598245522,5.831296601144231e-08,0.10649809957834126
0.58625,-0.3512128900962648,0.9362956911450585,5.771328503989537e-08,0.10649670706316708
0.5865,-0.35218839781444444,0.935929189514944,5.767060096140142e-08,0.10792565261963173
0.58675,-0.35316356830199674,0.9355616544300861,5.7607877801402196e-08,0.10858726690925637
0.587,-0.35413840025035126,0.9351930863541998,5.764828436838343e-08,0.10808542095315338
0.58725,-0.35511289268619994,0.9348234849015113,5.723768170540211e-08,0.11347613884418521
0.5875,-0.35608704485601805,0.9344528510100076,5.7137510056648466e-08,0.1087937508456211
0.58775,-0.357060855860041,0.9340811842838584,5.681031867155184e-08,0.11258122842347984
0.588,-0.35803432447371386,0.9337084854211177,5.6624371636004867e-08,0.11111244085191961
0.58825,-0.35900744949335495,0.9333347549676236,5.681109738198131e-08,0.1149868153062063
0.5885,-0.3599802304570474,0.932959991671936,5.619020226887983e-08,0.11401325443627695
0.58875,-0.36095266599059217,0.9325841976018062,5.6351158850276306e-08,0.11561678600765102
0.589,-0.36192475592503726,0.9322073713242734,5.6051353114483504e-08,0.11589476841638419
0.58925,-0.3628964982096384,0.9318295142429797,5.6013561122725264e-08,0.11664505062904079
0.5895,-0.36386789239046635,0.9314506255545787,5.5479346450226785e-08,0.11750698952924205
0.58975,-0.3648389375235537,0.9310707066779406,5.558353599610655e-08,0.11973678518688054
0.59,-0.36580963239343356,0.9306897567463542,5.523220192316103e-08,0.11874796940596712
0.59025,-0.36677997674503027,0.9303077768272348,5.5483156957691904e-08,0.12156020711982299
0.5905,-0.36774996842024166,0.9299247659508509,5.480091536114173e-08,0.12051984815853661
0.59075,-0.3687196069646505,0.9295407257726894,5.471509068044611e-08,0.12259176079209058
0.591,-0.3696888920474339,0.9291556557360271,5.4744751398771996e-08,0.12189448695334269
0.59125,-0.37065782202126385,0.9287695557838183,5.438820749326112e-08,0.12697458711965431
0.5915,-0.3716263958839576,0.9283824267114333,5.417215342973236e-08,0.12334097562299351
0.59175,-0.3725946129664969,0.9279942685514884,5.403803116088568e-08,0.1259347551098006
0.592,-0.37356247205410414,0.9276050813995957,5.378276046741348e-08,0.12703697833980937
0.59225,-0.3745299721962194,0.9272148658184243,5.3733988147897094e-08,0.1287667456697952
0.5925,-0.3754971124470572,0.9268236213852141,5.330683894300137e-08,0.12704022099627146
0.59275,-0.3764638922643733,0.9264313490161734,5.330938290803999e-08,0.1319715817824571
0.593,-0.37743030994279586,0.9260380487548703,5.3302619873463186e-08,0.12930970685318152
0.59325,-0.3783963649227,0.9256437202141233,5.287927629105127e-08,0.13249887080447093
0.5935,-0.37936205569523906,0.9252483643631919,5.2529038452320265e-08,0.13164831519949818
0.59375,-0.3803273824637871,0.9248519812771112,5.256197543879182e-08,0.135232922840845
0.594,-0.3812923431837013,0.9244545710187756,5.242401157623533e-08,0.1339255614565221
0.59425,-0.38225693729178023,0.9240561338872404,5.234116140506728e-08,0.1367069247552268
0.5945,-0.3832211633369411,0.9236566698330684,5.1878214835099357e-08,0.13575922510598248
0.59475,-0.38418502087282663,0.9232561795102969,5.1633500586234504e-08,0.13853386831123962
0.595,-0.385148508968871,0.922854663234129,5.170695960288185e-08,0.13789924878039253
0.59525,-0.38611162635792434,0.9224521206873956,5.148471604599081e-08,0.14020692121195302
0.5955,-0.38707437200254446,0.922048552169489,5.100950617453748e-08,0.140853845549202
0.59575,-0.3880367451751715,0.9216439587265066,5.113160250758142e-08,0.14219624915034382
0.596,-0.38899874443987736,0.9212383395785231,5.074259634696432e-08,0.14130766607298784
0.59625,-0.3899603695697132,0.9208316955380896,5.067124897450981e-08,0.1477392906680391
0.5965,-0.39092161913715984,0.9204240260812071,5.004817738019085e-08,0.14312420870690876
0.59675,-0.39188249201719416,0.9200153329102072,5.016974147231679e-08,0.14612202437377333
0.597,-0.3928429873665402,0.9196056150703216,4.9995964701565754e-08,0.14712927775974244
0.59725,-0.39380310400298746,0.9191948731806048,4.980194656667436e-08,0.15051073156771355
0.5975,-0.39476284163853137,0.9187831068411167,4.9277570468575504e-08,0.14738844188427028
0.59775,-0.39572219853939883,0.9183703176438086,4.937302144902844e-08,0.1518908638374664
0.598,-0.3966811741972033,0.9179565045863896,4.913746587398293e-08,0.1509971874650596
0.59825,-0.3976397671491637,0.9175416683620788,4.87995530651375e-08,0.15432844079602828
0.5985,-0.39859797667179464,0.9171258091281613,4.838791545225263e-08,0.15299170131413636
0.59875,-0.39955580192143497,0.9167089275583203,4.835710232242718e-08,0.15586833043290185
0.599,-0.40051324190535914,0.9162910233860675,4.8239712668873835e-08,0.1558400519558658
0.59925,-0.4014702953289245,0.9158720969043856,4.795976393801027e-08,0.15889322196619765
0.5995,-0.40242696136377987,0.915452148561714,4.7769370681294276e-08,0.15828194313558866
0.59975,-0.40338323901387874,0.91503117834151,4.742718906491916e-08,0.1601189708669071
0.6,-0.4043391274645747,0.9146091869352926,4.7412624049059104e-08,0.1595788319444413
0.60025,-0.40529462556108914,0.9141861739771667,4.7099856015364594e-08,0.16568938308502015
0.6005,-0.4062497319733893,0.9137621401529907,4.6752711257980195e-08,0.1611533836498858
0.60075,-0.40720444657697935,0.9133370854820007,4.651440854708255e-08,0.16580139364747787
0.601,-0.4081587677204864,0.9129110106196191,4.648881901658797e-08,0.16473220824666904
0.60125,-0.4091126944880084,0.912483915156491,4.610527737369807e-08,0.1694039563881645
0.6015,-0.4100662256257692,0.912055799907721,4.5772137413635505e-08,0.16709232174838692
0.60175,-0.41101936100808756,0.9116266648788687,4.562083177894749e-08,0.1713634031155945
0.602,-0.41197209902126336,0.911196510377117,4.5447709595691776e-08,0.16990305726095814
0.60225,-0.41292443846516586,0.9107653366995173,4.520757768133876e-08,0.17397066367329783
0.6025,-0.41387637876797356,0.9103331438138671,4.4814064015241684e-08,0.17244566029651812
0.60275,-0.41482791897403937,0.9098999324057191,4.4676131238929884e-08,0.17600780269108207
0.603,-0.4157790580233087,0.9094657024616525,4.4522407538494235e-08,0.1776799034506227
0.60325,-0.41672979446758807,0.9090304543968928,4.4309008906395775e-08,0.17626343205305411
0.6035,-0.41768012793375675,0.9085941881615973,4.40158949288616e-08,0.1797429306035703
0.60375,-0.41863005691408717,0.9081569043319161,4.371880946152373e-08,0.17965601247636312
0.604,-0.4195795807588673,0.907718603028463,4.3436864771706496e-08,0.18374912805299767
0.60425,-0.42052869858719016,0.9072792846254747,4.3322973430903744e-08,0.1816473413022348
0.6045,-0.4214774087989568,0.9068389490868292,4.2854392923175055e-08,0.18437529378420614
0.60475,-0.4224257108260773,0.9063975971886716,4.267815612024606e-08,0.18541783870642126
0.605,-0.42337360381228417,0.905955228649793,4.236144901526018e-08,0.18860284512972864
0.60525,-0.4243210867571717,0.9055118441446512,4.227651628774254e-08,0.1896027242194498
0.6055,-0.42526815785136307,0.9050674436659527,4.183315627237505e-08,0.18881001407521478
0.60575,-0.426214817113289,0.9046220277720143,4.172863188323106e-08,0.19102531840257736
0.606,-0.42716106309334484,0.9041755962631176,4.135039954888953e-08,0.19392390914145397
0.60625,-0.4281068947857557,0.9037281499201564,4.11606044803392e-08,0.1948084930093326
0.6065,-0.42905231120470333,0.9032796886791346,4.086518501367209e-08,0.19479367145636067
0.60675,-0.42999731142161546,0.902830212942776,4.061605718419514e-08,0.19654989724514138
0.607,-0.4309418943868402,0.9023797229479578,4.036267498008783e-08,0.20011803448455945
0.60725,-0.4318860590743537,0.9019282189415921,4.0072963614079526e-08,0.20116029016907713
0.6075,-0.43282980448438124,0.9014757012667793,3.981220886295489e-08,0.20233773378367556
0.60775,-0.4337731295233837,0.9010221701507972,3.9499880255533526e-08,0.20165658742239176
0.608,-0.4347160332989418,0.9005676258669255,3.918337809771799e-08,0.2068479072762811
0.60825,-0.4356585150848865,0.9001120687097506,3.900145673085831e-08,0.20472530424565805
0.6085,-0.43660057307025824,0.8996554989799366,3.8625057596775036e-08,0.21022519140713947
0.60875,-0.43754220713785946,0.8991979168960526,3.8388634049368875e-08,0.20708778666957955
0.609,-0.4384834156529898,0.8987393227702091,3.804808268448312e-08,0.2130978058615777
0.60925,-0.4394241981835287,0.8982797168960415,3.7868034041821375e-08,0.21381184268632644
0.6095,-0.44036455295619703,0.8978190995618731,3.7519201301350336e-08,0.2133234897945345
0.60975,-0.4413044796555724,0.8973574710145328,3.7274836106604425e-08,0.2148621664607373
0.61,-0.44224397676575955,0.8968948315669732,3.693857086872754e-08,0.21919166208001073
0.61025,-0.44318304384449814,0.8964311814518212,3.671519044345928e-08,0.21875247443534918
0.6105,-0.44412167899925237,0.8959665210111059,3.6264929059726114e-08,0.22159729635895833
0.61075,-0.44505988214528575,0.8955008505881499,3.604963727532606e-08,0.22125034904178073
0.611,-0.4459976518161975,0.8950341703614185,3.577005691646207e-08,0.2249262432477494
0.61125,-0.4469349869163522,0.8945664807360351,3.549318683404579e-08,0.22626768674125747
0.6115,-0.44787188656068366,0.8940977818431346,3.5134119169555333e-08,0.2281239918998008
0.61175,-0.44880834993222235,0.8936280740974495,3.4891999733943635e-08,0.22732809926484104
0.612,-0.4497443756837186,0.8931573576958055,3.453264474373441e-08,0.23417230869166974
0.61225,-0.45067996285268463,0.892685633089911,3.422101557681856e-08,0.23196740915143152
0.6125,-0.4516151104640116,0.8922129006335595,3.402818515851891e-08,0.23272588102245081
0.61275,-0.4525498176460083,0.8917391602205237,3.3661119447359056e-08,0.23621596843512335
0.613,-0.45348408314562294,0.8912644124490005,3.328224362775245e-08,0.24107469485322994
0.61325,-0.45441790609076504,0.8907886575727517,3.2918089809541584e-08,0.23863845222320748
0.6135,-0.4553512852824593,0.8903118961235137,3.26937164008001e-08,0.2406923592317934
0.61375,-0.4562842199721063,0.889834127962214,3.234091305870379e-08,0.24238180826104325
0.614,-0.45721670898661615,0.8893553536503626,3.202155629544734e-08,0.24768130868040247
0.61425,-0.45814875125368726,0.8888755734604585,3.1684985524194076e-08,0.2463845656353188
0.6145,-0.45908034564793176,0.88839478770117,3.128741532520962e-08,0.24920736774205862
0.61475,-0.46001149141927505,0.8879129968307135,3.108934154560927e-08,0.24869116419201454
0.615,-0.46094218744028187,0.8874302007659597,3.069687126711074e-08,0.2553958179445548
0.61525,-0.46187243252166305,0.8869464003417737,3.0501353665002284e-08,0.2549212402043811
0.6155,-0.46280222571015805,0.8864615953783428,3.010149596249789e-08,0.25665261260398203
0.61575,-0.4637315661084394,0.8859757863102156,2.9666694878471844e-08,0.25635578936773085
0.616,-0.4646604526025201,0.8854889735883622,2.9279674684801194e-08,0.2624865987063249
0.61625,-0.46558888406596016,0.8850011578531578,2.918360753056959e-08,0.2638580320313016
0.6165,-0.4665168594839262,0.8845123389116551,2.893485562260878e-08,0.2618612642384059
0.61675,-0.4674443780066381,0.8840225166982594,2.8279768082839496e-08,0.2657649173476161
0.617,-0.4683714384280887,0.883531692499093,2.799275411469182e-08,0.2719829440824487
0.61725,-0.4692980397173706,0.8830398661077947,2.760911899102325e-08,0.26761289238557673
0.6175,-0.47022418085401063,0.8825470383771403,2.7604043051354665e-08,0.27177026085050093
0.61775,-0.4711498608474088,0.882053208494413,2.6995910173965854e-08,0.27428553232273456
0.618,-0.4720750786225541,0.8815583779107767,2.676058485917565e-08,0.2780503148946867
0.61825,-0.47299983311392113,0.8810625460920003,2.6125957175437975e-08,0.2784872168354417
0.6185,-0.4739241232759217,0.8805657142452503,2.5863549080185066e-08,0.2790069210296554
0.61875,-0.4748479481215419,0.8800678822635988,2.561358680708281e-08,0.28359378964541915
0.619,-0.47577130654507027,0.879569050240776,2.5136531744962554e-08,0.2859728784253496
0.61925,-0.47669419752494024,0.8790692188091713,2.4705856471740617e-08,0.28554910935782646
0.6195,-0.4776166200517711,0.8785683888385591,2.480802940851845e-08,0.29077935377259445
0.61975,-0.4785385729461219,0.8780665591101809,2.401245158267784e-08,0.2888952530537698
0.62,-0.4794600553512227,0.8775637320368112,2.4231886497361188e-08,0.29389118859874114
0.62025,-0.480381066110562,0.8770599050699551,2.2879419248056365e-08,0.2963228489361872
0.6205,-0.48130160417090195,0.8765550819040158,2.2894619533531113e-08,0.2989967787162133
0.62075,-0.4822216684600996,0.8760492611597391,2.275548327546062e-08,0.2982947526461979
0.621,-0.48314125792655166,0.8755424427250765,2.2061922066995976e-08,0.30357131478350596
0.62125,-0.4840603715643849,0.8750346279980364,2.1757355916918186e-08,0.30321510085067227
0.6215,-0.48497900838894203,0.8745258173249226,2.1872872402184385e-08,0.30815747126371407
0.62175,-0.4858971671164033,0.8740160097503614,2.1155844631692844e-08,0.3073784124987634
0.622,-0.4868148468033525,0.8735052068314595,2.0714921111775197e-08,0.31311224973612023
0.62225,-0.48773204653324376,0.8729934082597476,2.004023813562128e-08,0.3129266273908862
0.6225,-0.48864876501039944,0.8724806155142915,1.9997192568510513e-08,0.31621805825863086
0.62275,-0.4895650013313509,0.8719668275346225,1.9424679642554565e-08,0.31660404267033265
0.623,-0.49048075444669453,0.8714520456767644,1.919840775244097e-08,0.32373302836535295
0.62325,-0.49139602311831176,0.8709362695943134,1.861567522354335e-08,0.3206970530938337
0.6235,-0.49231080668467087,0.8704195003985973,1.852632736110138e-08,0.32662858481794027
0.62375,-0.4932251034206725,0.8699017374554752,1.7736193624884322e-08,0.32679422056089275
0.624,-0.49413891276300664,0.8693829827876569,1.7933684537396744e-08,0.3319610582586919
0.62425,-0.49505223331987347,0.8688632342308306,1.6756526610706146e-08,0.3341683207294733
0.6245,-0.4959650645926885,0.8683424955821977,1.746517419576321e-08,0.33290868230413667
0.62475,-0.49687740469423264,0.8678207632209851,1.6186564533171577e-08,0.3382865761254913
0.625,-0.4977892532605967,0.867298040625137,1.5966971966818733e-08,0.3422992750876577
0.62525,-0.4987006087989368,0.8667743267290574,1.5346520276793285e-08,0.3414513239338701
0.6255,-0.4996114703281691,0.8662496226210834,1.4987322050075136e-08,0.34614051396831574
0.62575,-0.5005218369268866,0.8657239286897617,1.4973350115354833e-08,0.34632740146092256
0.626,-0.5014317072875251,0.865197244428313,1.4419814009514198e-08,0.3536001607802894
0.62625,-0.5023410808728154,0.8646695702699797,1.3641669793784672e-08,0.3529807520062586
0.6265,-0.5032499554112331,0.864140908155349,1.3384479746747502e-08,0.3558892412465266
0.62675,-0.5041583315629986,0.8636112573896131,1.3587227343236918e-08,0.3651162695884851
0.627,-0.5050662072288973,0.8630806187172677,1.4044982510341697e-08,0.39254136526776046
0.62725,-0.5059735845086719,0.8625489984623869,2.1484510170921567e-08,0.5106388131404964
0.6275,-0.506880470724178,0.8620164097781373,5.11641755629455e-08,1.0078446687718203
0.62775,-0.5077869082599669,0.8614829278151294,1.895585537425859e-07,3.234292426657744
0.628,-0.5086930848721904,0.8609488725621354,8.078810724843066e-07,13.196582014956086
0.62825,-0.509599849785751,0.860415681666881,3.5760735774825747e-06,0.0
0.6285,-0.5105061593843366,0.8598815921258445,6.445602338533973e-06,0.0
0.62875,-0.511412013459495,0.8593466056299657,9.418014869755353e-06,0.0
0.629,-0.5123174118027742,0.8588107238701846,1.2494857301259543e-05,0.0
0.62925,-0.5132223542057224,0.858273948537441,1.567767436227996e-05,0.0
0.6295,-0.5141268404598871,0.8577362813226748,1.896800936562748e-05,0.0
0.62975,-0.5150308703568167,0.8571977239168255,2.2367404192813467e-05,0.0
0.63,-0.5159344436880589,0.8566582780108334,2.5877399276730273e-05,0.0
0.63025,-0.5168375602451618,0.8561179452956381,2.9499533586996307e-05,0.0
0.6305,-0.5177402198196734,0.8555767274621795,3.3235344614190865e-05,0.0
0.63075,-0.5186424222031416,0.8550346262013977,3.708636835342283e-05,0.0
0.631,-0.5195441671871145,0.854491643204232,4.105413928923163e-05,0.0
0.63125,-0.5204454545631398,0.8539477801616228,4.514019037982209e-05,0.0
0.6315,-0.5213462841227656,0.8534030387645096,4.9346053040855153e-05,0.0
0.63175,-0.52224665565754,0.8528574207038324,5.367325713012683e-05,0.0
0.632,-0.523146568959011,0.8523109276705312,5.8123330932691175e-05,0.0
0.63225,-0.5240460238187263,0.8517635613555454,6.269780114243062e-05,0.0
0.6325,-0.5249450200282342,0.8512153234498154,6.739819285028759e-05,0.0
0.63275,-0.5258435573790822,0.8506662156442806,7.222602952516866e-05,0.0
0.633,-0.5267416356628187,0.8501162396298811,7.71828330006219e-05,0.0
0.63325,-0.5276392546709914,0.8495653970975567,8.227012345751739e-05,0.0
0.6335,-0.5285364141951484,0.8490136897382474,8.748941941005839e-05,0.0
0.63375,-0.5294331140268378,0.8484611192428928,9.28422376880178e-05,0.0
0.634,-0.5303293539576073,0.8479076873024327,9.833009342297139e-05,0.0
0.63425,-0.531225133779005,0.8473533956078072,0.00010395450003253259,0.0
0.6345,-0.532120453282579,0.8467982458499561,0.00010971696920325513,0.0
0.63475,-0.533015312259877,0.8462422397198192,0.00011561901087708826,0.0
0.635,-0.5339097105024471,0.8456853789083363,0.00012166213323427932,0.0
0.63525,-0.5348036478018372,0.8451276651064473,0.00012784784267805271,0.0
0.6355,-0.5356971239495956,0.8445691000050921,0.00013417764381973285,0.0
0.63575,-0.5365901387372698,0.8440096852952106,0.00014065303946253493,0.0
0.636,-0.537482691956408,0.8434494226677425,0.00014727553058668796,0.0
0.63625,-0.5383747833985582,0.8428883138136276,0.0001540466163323373,0.0
0.6365,-0.5392664128552683,0.842326360423806,0.0001609677939868881,0.0
0.63675,-0.5401575801180862,0.8417635641892174,0.00016804055896590953,0.0
0.637,-0.5410482849785602,0.8411999268008017,0.00017526640480136635,0.0
0.63725,-0.5419385272282378,0.8406354499494986,0.00018264682312274516,0.0
0.6375,-0.5428283066586673,0.8400701353262482,0.0001901833036441758,0.0
0.63775,-0.5437176230613965,0.8395039846219903,0.00019787733414711184,0.0
0.638,-0.5446064762279735,0.8389369995276645,0.00020573040046656388,0.0
0.63825,-0.5454948659499463,0.8383691817342109,0.0002137439864742241,0.0
0.6385,-0.5463827920188626,0.8378005329325693,0.00022191957406381135,0.0
0.63875,-0.5472702542262706,0.8372310548136797,0.00023025864313530597,0.0
0.639,-0.5481572523637183,0.8366607490684814,0.0002387626715800728,0.0
0.63925,-0.5490437862227535,0.8360896173879149,0.000247433135265096,0.0
0.6395,-0.5499298555949241,0.8355176614629197,0.000256271508017214,0.0
0.63975,-0.5508154602717784,0.8349448829844359,0.00026527926160890836,0.0
0.64,-0.5517006000448643,0.8343712836434031,0.0002744578657418728,0.0
0.64025,-0.5525852747057295,0.8337968651307612,0.0002838087880314699,0.0
0.6405,-0.5534694840459222,0.8332216291374501,0.0002933334939936305,0.0
0.64075,-0.5543532278569903,0.8326455773544098,0.00030303344702620194,0.0
0.641,-0.5552365059304818,0.83206871147258,0.0003129101083967356,0.0
0.64125,-0.5561193180579445,0.8314910331829004,0.0003229649372247234,0.0
0.6415,-0.5570016640309265,0.8309125441763112,0.0003331993904689412,0.0
0.64175,-0.5578835436409759,0.8303332461437518,0.00034361492290901907,0.0
0.642,-0.5587649566796405,0.8297531407761626,0.0003542129871332289,0.0
0.64225,-0.5596459029384684,0.829172229764483,0.00036499503352183105,0.0
0.6425,-0.5605263822090074,0.8285905147996531,0.00037596251023153116,0.0
0.64275,-0.5614063942828056,0.8280079975726126,0.00038711686318126937,0.0
0.643,-0.5622859389514108,0.8274246797743015,0.0003984595360364551,0.0
0.64325,-0.5631650160063713,0.8268405630956593,0.00040999197019386813,0.0
0.6435,-0.5640436252392347,0.8262556492276264,0.00042171560476655934,0.0
0.64375,-0.5649217664415491,0.8256699398611423,0.00043363187656897395,0.0
0.644,-0.5657994394048627,0.825083436687147,0.00044574222010163034,0.0
0.64425,-0.5666766439207229,0.8244961413965803,0.00045804806753579896,0.0
0.6445,-0.5675533797806784,0.823908055680382,0.0004705508486986254,0.0
0.64475,-0.5684296467762766,0.823319181229492,0.0004832519910584754,0.0
0.645,-0.569305444699066,0.8227295197348502,0.0004961529197093917,0.0
0.64525,-0.5701807733405939,0.8221390728873963,0.0005092550573559951,0.0
0.6455,-0.5710556324924088,0.8215478423780702,0.0005225598242988294,0.0
0.64575,-0.5719300219460584,0.8209558298978119,0.0005360686384194846,0.0
0.646,-0.5728039414930908,0.820363037137561,0.0005497829151648315,0.0
0.64625,-0.5736773909250539,0.8197694657882577,0.000563704067533477,0.0
0.6465,-0.5745503700334957,0.8191751175408415,0.0005778335060588891,0.0
0.64675,-0.5754228786099642,0.8185799940862525,0.0005921726387962956,0.0
0.647,-0.5762949164460073,0.8179840971154304,0.0006067228713069195,0.0
0.64725,-0.577166483333173,0.8173874283193152,0.0006214856066431018,0.0
0.6475,-0.5780375790630092,0.8167899893888466,0.0006364622453336466,0.0
0.64775,-0.5789082034270641,0.8161917820149646,0.0006516541853684998,0.0
0.648,-0.5797783562168854,0.8155928078886088,0.0006670628221849828,0.0
0.64825,-0.580648037224021,0.8149930687007194,0.0006826895486520268,0.0
0.6485,-0.5815172462400193,0.814392566142236,0.0006985357550550741,0.0
0.64875,-0.582385983056428,0.8137913019040985,0.0007146028290831996,0.0
0.649,-0.583254247464795,0.8131892776772467,0.0007308921558115689,0.0
0.64925,-0.5841220392566684,0.8125864951526207,0.0007474051176894481,0.0
0.6495,-0.5849893582235961,0.81198295602116,0.0007641430945235506,0.0
0.64975,-0.5858562041571261,0.8113786619738048,0.0007811074634642701,0.0
0.65,-0.5867225768488065,0.8107736147014948,0.0007982995989908037,0.0
0.65025,-0.5875884760901848,0.8101678158951696,0.000815720872896275,0.0
0.6505,-0.5884539016728096,0.8095612672457695,0.0008333726542739672,0.0
0.65075,-0.5893188533882285,0.8089539704442341,0.0008512563095013359,0.0
0.651,-0.5901833310279896,0.8083459271815032,0.0008693732022264644,0.0
0.65125,-0.5910473343836407,0.8077371391485169,0.0008877246933531868,0.0
0.6515,-0.5919108632467298,0.8071276080362147,0.000906312141026655,0.0
0.65175,-0.5927739174088049,0.8065173355355368,0.0009251369006186838,0.0
0.652,-0.5936364966614143,0.8059063233374228,0.00094420032471354,0.0
0.65225,-0.5944986007961055,0.8052945731328128,0.0009635037630926213,0.0
0.6525,-0.5953602296044267,0.8046820866126464,0.0009830485627206897,0.0
0.65275,-0.5962213828779258,0.8040688654678636,0.0010028360677323267,0.0
0.653,-0.5970820604081508,0.8034549113894043,0.0010228676194157238,0.0
0.65325,-0.5979422619866497,0.8028402260682082,0.001043144556198916,0.0
0.6535,-0.5988019874049704,0.802224811195215,0.0010636682136360154,0.0
0.65375,-0.599661236454661,0.801608668461365,0.0010844399243929992,0.0
0.654,-0.6005200089272692,0.8009917995575979,0.0011054610182319458,0.0
0.65425,-0.6013783046143432,0.8003742061748533,0.0011267328219981554,0.0
0.6545,-0.6022361233074309,0.7997558900040713,0.0011482566596054955,0.0
0.65475,-0.6030934647980802,0.7991368527361917,0.0011700338520219677,0.0
0.655,-0.6039503288778393,0.7985170960621543,0.0011920657172557192,0.0
0.65525,-0.6048067153382559,0.7978966216728989,0.0012143535703406094,0.0
0.6555,-0.6056626239708782,0.7972754312593655,0.0012368987233224438,0.0
0.65575,-0.6065180545672539,0.7966535265124939,0.0012597024852440963,0.0
0.656,-0.6073730069189313,0.7960309091232239,0.0012827661621319653,0.0
0.65625,-0.608227480817458,0.7954075807824954,0.001306091056981984,0.0
0.6565,-0.6090814760543822,0.7947835431812483,0.001329678469745632,0.0
0.65675,-0.6099349924212518,0.7941587980104224,0.001353529697315059,0.0
0.657,-0.6107880297096149,0.7935333469609576,0.0013776460335095386,0.0
0.65725,-0.6116405877110194,0.7929071917237936,0.001402028769062369,0.0
0.6575,-0.612492666217013,0.7922803339898704,0.001426679191605107,0.0
0.65775,-0.6133442650191441,0.7916527754501277,0.0014515985856551339,0.0
0.658,-0.6141953839089604,0.7910245177955056,0.0014767882326018889,0.0
0.65825,-0.61504602267801,0.7903955627169439,0.0015022494106908812,0.0
0.6585,-0.6158961811178407,0.7897659119053821,0.0015279833950121446,0.0
0.65875,-0.6167458590200008,0.7891355670517606,0.001553991457486248,0.0
0.659,-0.6175950561760377,0.7885045298470188,0.001580274866848308,0.0
0.65925,-0.6184437723775,0.7878728019820966,0.0016068348886368877,0.0
0.6595,-0.6192920074159354,0.7872403851479342,0.0016336727851788968,0.0
0.65975,-0.6201397610828917,0.7866072810354712,0.001660789815575603,0.0
0.66,-0.6209870331699171,0.7859734913356473,0.0016881872356899752,0.0
0.66025,-0.6218338234685594,0.7853390177394026,0.0017158662981320294,0.0
0.6605,-0.6226801317703669,0.784703861937677,0.0017438282522466153,0.0
0.66075,-0.623525957866887,0.7840680256214103,0.0017720743440972075,0.0
0.661,-0.6243713015496682,0.7834315104815421,0.0018006058164556915,0.0
0.66125,-0.6252161626102583,0.7827943182090126,0.001829423908785932,0.0
0.6615,-0.6260605408402051,0.7821564504947613,0.0018585298572320053,0.0
0.66175,-0.6269044360310568,0.7815179090297284,0.0018879248946044314,0.0
0.662,-0.6277478479743612,0.7808786955048536,0.0019176102503657422,0.0
0.66225,-0.6285907764616665,0.7802388116110766,0.0019475871506182685,0.0
0.6625,-0.6294332212845204,0.7795982590393375,0.0019778568180905953,0.0
0.66275,-0.6302751822344709,0.778957039480576,0.002008420472123129,0.0
0.663,-0.6311166591030661,0.7783151546257321,0.0020392793286563293,0.0
0.66325,-0.6319576516818539,0.7776726061657456,0.0020704346002162755,0.0
0.6635,-0.6327981597623824,0.7770293957915563,0.0021018874959015665,0.0
0.66375,-0.6336381831361995,0.7763855251941039,0.0021336392213706645,0.0
0.664,-0.6344777215948529,0.7757409960643286,0.0021656909788283496,0.0
0.66425,-0.6353167749298909,0.77509581009317,0.0021980439670119534,0.0
0.6645,-0.6361553429328614,0.774449968971568,0.0022306993811800346,0.0
0.66475,-0.6369934253953122,0.7738034743904625,0.002263658413096614,0.0
0.665,-0.6378310221087916,0.7731563280407933,0.0022969222510205167,0.0
0.66525,-0.6386681328648472,0.7725085316135003,0.002330492079691604,0.0
0.6655,-0.6395047574550272,0.7718600867995233,0.002364369080316564,0.0
0.66575,-0.6403408956708796,0.7712109952898023,0.002398554430557809,0.0
0.666,-0.6411765473039521,0.7705612587752768,0.0024330493045190416,0.0
0.66625,-0.6420117121457929,0.7699108789468871,0.0024678548727339322,0.0
0.6665,-0.64284638998795,0.7692598574955729,0.0025029723021516848,0.0
0.66675,-0.6436805806219712,0.7686081961122739,0.0025384027561246025,0.0
0.667,-0.6445142838394046,0.7679558964879301,0.002574147394396542,0.0
0.66725,-0.645347499431798,0.7673029603134811,0.002610207373087814,0.0
0.6675,-0.6461802271906996,0.7666493892798671,0.002646583844685191,0.0
0.66775,-0.6470124669076573,0.7659951850780279,0.0026832779580272526,0.0
0.668,-0.6478442183742188,0.765340349398903,0.0027202908582919516,0.0
0.66825,-0.6486754813819327,0.7646848839334328,0.002757623686985289,0.0
0.6685,-0.6495062557223462,0.7640287903725567,0.0027952775819271025,0.0
0.66875,-0.6503365411870077,0.7633720704072147,0.0028332536772393,0.0
0.669,-0.6511663375674652,0.7627147257283466,0.002871553103333868,0.0
0.66925,-0.6519956446552666,0.7620567580268925,0.0029101769868997707,0.0
0.6695,-0.6528244622419597,0.7613981689937921,0.0029491264508898496,0.0
0.66975,-0.6536527901190927,0.760738960319985,0.002988402614509944,0.0
0.67,-0.6544806280782134,0.7600791336964114,0.00302800659320579,0.0
0.67025,-0.65530797591087,0.7594186908140111,0.0030679394986503628,0.0
0.6705,-0.6561348334086101,0.7587576333637238,0.0031082024387316665,0.0
0.67075,-0.6569612003629819,0.7580959630364895,0.003148796517541852,0.0
0.671,-0.6577870765655335,0.7574336815232481,0.003189722835362785,0.0
0.67125,-0.6586124618078126,0.756770790514939,0.0032309824886556093,0.0
0.6715,-0.6594373558813673,0.7561072917025027,0.0032725765700478693,0.0
0.67175,-0.6602617585777457,0.7554431867768786,0.0033145061683217403,0.0
0.672,-0.6610856696884955,0.7547784774290067,0.003356772368401373,0.0
0.67225,-0.6619090890051648,0.754113165349827,0.0033993762513422343,0.0
0.6725,-0.6627320163193016,0.7534472522302789,0.00344231889431712,0.0
0.67275,-0.6635544514224537,0.7527807397613029,0.003485601370606606,0.0
0.673,-0.6643763941061693,0.7521136296338382,0.003529224749584614,0.0
0.67325,-0.6651978441619962,0.7514459235388251,0.003573190096709089,0.0
0.6735,-0.6660188013814825,0.7507776231672033,0.0036174984735080074,0.0
0.67375,-0.6668392655561761,0.7501087302099128,0.003662150937569164,0.0
0.674,-0.667659236477625,0.7494392463578932,0.0037071485425279604,0.0
0.67425,-0.6684787139373771,0.7487691733020845,0.003752492338054747,0.0
0.6745,-0.6692976977269804,0.7480985127334265,0.003798183369845054,0.0
0.67475,-0.670116187637983,0.747427266342859,0.0038442226796067125,0.0
0.675,-0.6709341834619327,0.746755435821322,0.003890611305047864,0.0
0.67525,-0.6717516849903773,0.7460830228597554,0.003937350279867413,0.0
0.6755,-0.6725686920148652,0.7454100291490988,0.003984440633741482,0.0
0.67575,-0.673385204326944,0.7447364563802922,0.004031883392312974,0.0
0.676,-0.674201221718162,0.7440623062442755,0.004079679577179807,0.0
0.67625,-0.675016743980067,0.7433875804319884,0.004127830205884253,0.0
0.6765,-0.6758317709042068,0.7427122806343709,0.004176336291900951,0.0
0.67675,-0.6766463022821295,0.7420364085423627,0.004225198844625355,0.0
0.677,-0.6774603379053832,0.7413599658469039,0.00427441886936375,0.0
0.67725,-0.6782738775655157,0.7406829542389342,0.004323997367321253,0.0
0.6775,-0.6790869210540751,0.7400053754093934,0.004373935335590495,0.0
0.67775,-0.6798994681626093,0.7393272310492214,0.0044242337671407395,0.0
0.678,-0.6807115186826662,0.738648522849358,0.004474893650807221,0.0
0.67825,-0.6815230724057939,0.7379692525007431,0.004525915971279826,0.0
0.6785,-0.6823341291235403,0.7372894216943167,0.004577301709091985,0.0
0.67875,-0.6831446886274534,0.7366090321210186,0.004629051840610465,0.0
0.679,-0.6839547507090811,0.7359280854717882,0.004681167338023151,0.0
0.67925,-0.6847643151599714,0.7352465834375661,0.0047336491693301674,0.0
0.6795,-0.6855733817716723,0.7345645277092916,0.004786498298330999,0.0
0.67975,-0.6863819503357318,0.7338819199779048,0.004839715684615387,0.0
0.68,-0.6871900206436976,0.7331987619343454,0.0048933022835520035,0.0
0.68025,-0.6879975924871182,0.7325150552695534,0.004947259046278463,0.0
0.6805,-0.6888046656575411,0.7318308016744686,0.005001586919688661,0.0
0.68075,-0.6896112399465144,0.7311460028400307,0.005056286846425007,0.0
0.681,-0.6904173151455861,0.7304606604571798,0.00511135976486643,0.0
0.68125,-0.6912228910463041,0.7297747762168556,0.005166806609118169,0.0
0.6815,-0.6920279674402166,0.7290883518099981,0.0052226283090015535,0.0
0.68175,-0.6928325441188712,0.728401388927547,0.005278825790042907,0.0
0.682,-0.6936366208738161,0.7277138892604422,0.005335399973464217,0.0
0.68225,-0.6944401974965994,0.7270258544996235,0.005392351776172921,0.0
0.6825,-0.6952432737787688,0.7263372863360309,0.005449682110750587,0.0
0.68275,-0.6960458495118722,0.7256481864606041,0.005507391885443802,0.0
0.683,-0.6968479244874579,0.724958556564283,0.0055654820041539654,0.0
0.68325,-0.6976494984970738,0.7242683983380075,0.005623953366426848,0.0
0.6835,-0.6984505713322677,0.7235777134727173,0.005682806867442158,0.0
0.68375,-0.6992511427845876,0.7228865036593525,0.005742043398005103,0.0
0.684,-0.7000512126455816,0.7221947705888527,0.005801663844534843,0.0
0.68425,-0.7008507807067974,0.721502515952158,0.005861669089055832,0.0
0.6845,-0.7016498467597834,0.7208097414402082,0.00592206000918738,0.0
0.68475,-0.7024484105960871,0.7201164487439429,0.00598283747813344,0.0
0.685,-0.7032464720072567,0.7194226395543022,0.0060440023646741725,0.0
0.68525,-0.7040440307848401,0.7187283155622259,0.0061055555331555045,0.0
0.6855,-0.7048410867203856,0.7180334784586538,0.006167497843479364,0.0
0.68575,-0.7056376396054407,0.7173381299345258,0.006229830151094351,0.0
0.686,-0.7064336892315535,0.7166422716807819,0.006292553306986637,0.0
0.68625,-0.707229235390272,0.7159459053883617,0.006355668157669747,0.0
0.6865,-0.7080242778731444,0.7152490327482051,0.0064191755451752375,0.0
0.68675,-0.7088188164717183,0.7145516554512521,0.0064830763070446995,0.0
0.687,-0.7096128509775419,0.7138537751884423,0.0065473712763179925,0.0
0.68725,-0.710406381182163,0.7131553936507158,0.006612061281526804,0.0
0.6875,-0.7111994068771299,0.7124565125290123,0.0066771471466828825,0.0
0.68775,-0.7119919278539901,0.7117571335142717,0.006742629691270485,0.0
0.688,-0.712783943904292,0.7110572582974339,0.006808509730236834,0.0
0.68825,-0.7135754548195832,0.7103568885694388,0.006874788073983451,0.0
0.6885,-0.7143664603914119,0.7096560260212261,0.006941465528356394,0.0
0.68875,-0.715156960411326,0.7089546723437357,0.007008542894637149,0.0
0.689,-0.7159469546708734,0.7082528292279076,0.007076020969535968,0.0
0.68925,-0.7167364429616023,0.7075504983646813,0.007143900545179882,0.0
0.6895,-0.7175254250750605,0.7068476814449971,0.007212182409106038,0.0
0.68975,-0.7183139008027959,0.7061443801597944,0.007280867344252373,0.0
0.69,-0.7191018699363565,0.7054405962000135,0.0073499561289489534,0.0
0.69025,-0.7198893322672903,0.704736331256594,0.007419449536909095,0.0
0.6905,-0.7206762875871455,0.7040315870204759,0.007489348337221813,0.0
0.69075,-0.7214627356874698,0.7033263651825987,0.007559653294341606,0.0
0.691,-0.722248676359811,0.7026206674339027,0.0076303651680817985,0.0
0.69125,-0.7230341093957176,0.7019144954653274,0.007701484713604767,0.0
0.6915,-0.723819034586737,0.7012078509678128,0.007773012681414393,0.0
0.69175,-0.7246034517244175,0.700500735632299,0.007844949817347846,0.0
0.692,-0.7253873606003072,0.6997931511497253,0.007917296862566259,0.0
0.69225,-0.7261707610059536,0.699085099211032,0.007990054553547843,0.0
0.6925,-0.726953652732905,0.6983765815071589,0.008063223622079452,0.0
0.69275,-0.7277360355727094,0.6976675997290457,0.008136804795247699,0.0
0.693,-0.7285179093169145,0.6969581555676323,0.008210798795432517,0.0
0.69325,-0.7292992737570685,0.6962482507138585,0.008285206340297169,0.0
0.6935,-0.7300801286847193,0.6955378868586644,0.008360028142782028,0.0
0.69375,-0.7308604738914148,0.6948270656929896,0.008435264911096585,0.0
0.694,-0.7316403091687032,0.6941157889077739,0.008510917348710123,0.0
0.69425,-0.7324196343081323,0.6934040581939573,0.008586986154346166,0.0
0.6945,-0.73319844910125,0.6926918752424799,0.008663472021973151,0.0
0.69475,-0.7339767533396043,0.6919792417442812,0.008740375640797104,0.0
0.695,-0.7347545468147434,0.6912661593903009,0.008817697695255422,0.0
0.69525,-0.7355318293182149,0.6905526298714793,0.008895438865007321,0.0
0.6955,-0.7363086006415669,0.6898386548787561,0.008973599824928069,0.0
0.69575,-0.7370848605763476,0.6891242361030709,0.009052181245100321,0.0
0.696,-0.7378606089141047,0.6884093752353638,0.009131183790807906,0.0
0.69625,-0.7386358454463862,0.6876940739665747,0.00921060812252783,0.0
0.6965,-0.7394105699647401,0.6869783339876434,0.009290454895923395,0.0
0.69675,-0.7401847822607145,0.6862621569895095,0.009370724761836646,0.0
0.697,-0.740958482125857,0.6855455446631133,0.00945141836628216,0.0
0.69725,-0.7417316693517162,0.6848284986993942,0.009532536350438825,0.0
0.6975,-0.7425043437298395,0.6841110207892924,0.0096140793506434,0.0
0.69775,-0.7432765050517751,0.6833931126237476,0.009696047998384305,0.0
0.698,-0.744048153109071,0.6826747758936997,0.009778442920293617,0.0
0.69825,-0.7448192876932749,0.6819560122900885,0.00986126473814064,0.0
0.6985,-0.7455899085959351,0.6812368235038538,0.009944514068825239,0.0
0.69875,-0.7463600156085994,0.6805172112259357,0.010028191524372065,0.0
0.699,-0.7471296085228158,0.6797971771472737,0.01011229771192168,0.0
0.69925,-0.7478986871301323,0.6790767229588079,0.010196833233726332,0.0
0.6995,-0.7486672512220969,0.6783558503514782,0.010281798687142185,0.0
0.69975,-0.7494353005902574,0.6776345610162242,0.010367194664623103,0.0
0.7,-0.7502028350261619,0.6769128566439859,0.010453021753714209,0.0
0.70025,-0.7509698543213583,0.6761907389257032,0.010539280537046114,0.0
0.7005,-0.7517363582673947,0.6754682095523159,0.010625971592327588,0.0
0.70075,-0.7525023466558189,0.6747452702147639,0.010713095492340452,0.0
0.701,-0.753267819278179,0.674021922603987,0.010800652804932698,0.0
0.70125,-0.7540327759260228,0.6732981684109249,0.010888644093012712,0.0
0.7015,-0.7547972163908986,0.6725740093265178,0.010977069914543502,0.0
0.70175,-0.7555611404643539,0.6718494470417053,0.011065930822535597,0.0
0.702,-0.756324547937937,0.6711244832474274,0.011155227365042819,0.0
0.70225,-0.7570874386031958,0.6703991196346237,0.011244960085154965,0.0
0.7025,-0.7578498122516784,0.6696733578942344,0.011335129520992915,0.0
0.70275,-0.7586116686749325,0.6689471997171992,0.011425736205702863,0.0
0.703,-0.759373007664506,0.6682206467944578,0.011516780667449655,0.0
0.70325,-0.7601338290119473,0.6674937008169501,0.011608263429413013,0.0
0.7035,-0.760894132508804,0.6667663634756161,0.011700185009779762,0.0
0.70375,-0.7616539179466242,0.6660386364613957,0.011792545921740949,0.0
0.704,-0.762413185116956,0.6653105214652286,0.011885346673483621,0.0
0.70425,-0.7631719338113471,0.6645820201780546,0.011978587768187499,0.0
0.7045,-0.7639301638213456,0.6638531342908138,0.012072269704019423,0.0
0.70475,-0.7646878749384995,0.6631238654944458,0.012166392974126694,0.0
0.705,-0.7654450669543567,0.6623942154798905,0.012260958066633743,0.0
0.70525,-0.7662017396604651,0.661664185938088,0.012355965464636354,0.0
0.7055,-0.7669578928483729,0.6609337785599777,0.012451415646195896,0.0
0.70575,-0.767713526309628,0.6602029950364999,0.012547309084335323,0.0
0.706,-0.7684686398357782,0.6594718370585941,0.012643646247033846,0.0
0.70625,-0.7692232332183715,0.6587403063172005,0.012740427597222048,0.0
0.7065,-0.769977306248956,0.6580084045032587,0.01283765359277722,0.0
0.70675,-0.7707308587190795,0.6572761333077086,0.012935324686518257,0.0
0.707,-0.7714838904202903,0.6565434944214901,0.0130334413262021,0.0
0.70725,-0.772236401144136,0.655810489535543,0.01313200395451708,0.0
0.7075,-0.7729883906821648,0.6550771203408071,0.013231013009080472,0.0
0.70775,-0.7737398588259246,0.6543433885282224,0.013330468922432948,0.0
0.708,-0.7744908053669632,0.6536092957887287,0.01343037212203435,0.0
0.70825,-0.7752412300968289,0.6528748438132659,0.013530723030259484,0.0
0.7085,-0.7759911328070693,0.6521400342927737,0.013631522064393442,0.0
0.70875,-0.7767405132892327,0.6514048689181922,0.013732769636627395,0.0
0.709,-0.7774893713348667,0.650669349380461,0.01383446615405548,0.0
0.70925,-0.7782377067355196,0.6499334773705199,0.013936612018669026,0.0
0.7095,-0.7789855192827393,0.649197254579309,0.014039207627353667,0.0
0.70975,-0.7797328087680737,0.6484606826977681,0.014142253371885127,0.0
0.71,-0.7804795749830709,0.6477237634168369,0.01424574963892522,0.0
0.71025,-0.7812258177192786,0.6469864984274555,0.014349696810018076,0.0
0.7105,-0.7819715367682448,0.6462488894205635,0.014454095261585698,0.0
0.71075,-0.7827167319215178,0.6455109380871009,0.014558945364925746,0.0
0.711,-0.7834614029706453,0.6447726461180074,0.014664247486206206,0.0
0.71125,-0.7842055497071753,0.6440340152042232,0.014770001986463166,0.0
0.7115,-0.7849491719226558,0.6432950470366878,0.014876209221596381,0.0
0.71175,-0.7856922694086348,0.6425557433063411,0.01498286954236594,0.0
0.712,-0.7864348419566602,0.6418161057041233,0.015089983294389375,0.0
0.71225,-0.7871768893582799,0.6410761359209738,0.01519755081813745,0.0
0.7125,-0.7879184114050422,0.6403358356478326,0.015305572448931937,0.0
0.71275,-0.7886594078884945,0.6395952065756396,0.015414048516941614,0.0
0.713,-0.7893998786001852,0.6388542503953346,0.01552297934717961,0.0
0.71325,-0.7901398233316623,0.6381129687978576,0.015632365259499847,0.0
0.7135,-0.7908792418744737,0.6373713634741482,0.015742206568594375,0.0
0.71375,-0.7916181340201671,0.6366294361151466,0.015852503583990263,0.0
0.714,-0.7923564995602908,0.6358871884117923,0.015963256610046495,0.0
0.71425,-0.7930943382863926,0.6351446220550254,0.016074465945952188,0.0
0.7145,-0.7938316499900205,0.6344017387357856,0.016186131885722377,0.0
0.71475,-0.7945684344627224,0.6336585401450129,0.01629825471819557,0.0
0.715,-0.7953046914960464,0.6329150279736471,0.016410834727032864,0.0
0.71525,-0.7960404208815406,0.6321712039126278,0.016523872190713274,0.0
0.7155,-0.7967756224107525,0.6314270696528952,0.01663736738253152,0.0
0.71575,-0.7975102958752305,0.6306826268853889,0.016751320570596695,0.0
0.716,-0.7982444410665224,0.6299378773010491,0.016865732017829593,0.0
0.71625,-0.798978057776176,0.6291928225908152,0.016980601981958943,0.0
0.7165,-0.7997111457957397,0.6284474644456275,0.0170959307155214,0.0
0.71675,-0.8004437049167611,0.6277018045564254,0.017211718465858006,0.0
0.717,-0.8011757349307882,0.6269558446141491,0.017327965475111506,0.0
0.71725,-0.8019072356293692,0.6262095863097383,0.017444671980226145,0.0
0.7175,-0.8026382068040518,0.625463031334133,0.017561838212944547,0.0
0.71775,-0.8033686482463842,0.6247161813782729,0.017679464399804834,0.0
0.718,-0.8040985597479142,0.6239690381330978,0.017797550762141068,0.0
0.71825,-0.8048279411001897,0.6232216032895478,0.017916097516079477,0.0
0.7185,-0.8055567920947589,0.6224738785385625,0.018035104872538232,0.0
0.71875,-0.8062851125231696,0.6217258655710818,0.018154573037223676,0.0
0.719,-0.8070129021769699,0.6209775660780457,0.018274502210631205,0.0
0.71925,-0.8077401608477076,0.6202289817503939,0.01839489258804261,0.0
0.7195,-0.8084668883269308,0.6194801142790665,0.018515744359523856,0.0
0.71975,-0.8091930844061875,0.618730965355003,0.018637057709925076,0.0
0.72,-0.8099187488770255,0.6179815366691435,0.01875883281887769,0.0
0.72025,-0.8106438815309929,0.6172318299124276,0.018881069860795074,0.0
0.7205,-0.8113684821596376,0.6164818467757955,0.019003769004869664,0.0
0.72075,-0.8120925505545076,0.6157315889501868,0.019126930415072074,0.0
0.721,-0.812816086507151,0.6149810581265414,0.01925055425015154,0.0
0.72125,-0.8135390898091154,0.6142302559957993,0.019374640663632148,0.0
0.7215,-0.814261560251949,0.6134791842489001,0.0194991898038146,0.0
0.72175,-0.8149834976271999,0.6127278445767839,0.019624201813774,0.0
0.722,-0.8157049017264159,0.6119762386703904,0.01974967683135853,0.0
0.72225,-0.816425772341145,0.6112243682206595,0.019875614989190327,0.0
0.7225,-0.8171461092629351,0.610472234918531,0.020002016414663037,0.0
0.72275,-0.8178659122833343,0.6097198404549449,0.020128881229942497,0.0
0.723,-0.8185851811938905,0.6089671865208408,0.020256209551964943,0.0
0.72325,-0.8193039157861516,0.6082142748071588,0.02038400149243791,0.0
0.7235,-0.8200221158516656,0.6074611070048388,0.020512257157838665,0.0
0.72375,-0.8207397811819807,0.6067076848048203,0.020640976649414444,0.0
0.724,-0.8214569115686445,0.6059540098980434,0.020770160063181775,0.0
0.72425,-0.8221735068032052,0.6052000839754479,0.020899807489926703,0.0
0.7245,-0.8228895666772107,0.6044459087279737,0.02102991901520368,0.0
0.72475,-0.823605090982209,0.6036914858465606,0.021160494719336898,0.0
0.725,-0.8243200795097481,0.6029368170221485,0.021291534677418733,0.0
0.72525,-0.8250345320513759,0.6021819039456773,0.02142303895931086,0.0
0.7255,-0.8257484483986404,0.6014267483080867,0.021555007629643352,0.0
0.72575,-0.8264618283430893,0.6006713518003166,0.021687440747816034,0.0
0.726,-0.8271746716762711,0.5999157161133071,0.02182033836799757,0.0
0.72625,-0.8278869781897333,0.5991598429379976,0.021953700539126153,0.0
0.7265,-0.8285987476750241,0.5984037339653283,0.02208752730491015,0.0
0.72675,-0.8293099799236915,0.597647390886239,0.022221818703828333,0.0
0.727,-0.8300206747272832,0.5968908153916693,0.022356574769129445,0.0
0.72725,-0.8307308318773474,0.5961340091725593,0.022491795528833958,0.0
0.7275,-0.8314404511654321,0.5953769739198489,0.022627481005734307,0.0
0.72775,-0.8321495323830852,0.5946197113244779,0.022763631217395552,0.0
0.728,-0.8328580753218546,0.593862223077386,0.02290024617615516,0.0
0.72825,-0.8335660797732882,0.5931045108695132,0.023037325889125215,0.0
0.7285,-0.8342735455289343,0.5923465763917993,0.023174870358192656,0.0
0.72875,-0.8349804723803405,0.5915884213351843,0.023312879580019708,0.0
0.729,-0.835686860119055,0.5908300473906077,0.02345135354604544,0.0
0.72925,-0.8363927085366256,0.5900714562490098,0.0235902922424871,0.0
0.7295,-0.8370980174246003,0.5893126496013301,0.023729695650339444,0.0
0.72975,-0.8378027865745273,0.5885536291385085,0.02386956374537874,0.0
0.73,-0.8385070157779544,0.5877943965514851,0.02400989649816143,0.0
0.73025,-0.8392107048264295,0.5870349535311994,0.024150693874026574,0.0
0.7305,-0.8399138535115005,0.5862753017685917,0.02429195583309718,0.0
0.73075,-0.8406164616247156,0.5855154429546015,0.024433682330281536,0.0
0.731,-0.8413185289576227,0.5847553787801685,0.02457587331527411,0.0
0.73125,-0.8420200553017698,0.583995110936233,0.024718528732558198,0.0
0.7315,-0.8427210404487046,0.5832346411137347,0.024861648521406154,0.0
0.73175,-0.8434214841899753,0.5824739710036133,0.025005232615882278,0.0
0.732,-0.8441213863171297,0.5817131022968087,0.02514928094484392,0.0
0.73225,-0.8448207466217161,0.580952036684261,0.02529379343194349,0.0
0.7325,-0.8455195648952822,0.5801907758569098,0.025438769995629995,0.0
0.73275,-0.8462178409293761,0.5794293215056949,0.025584210549150832,0.0
0.733,-0.8469155745155457,0.5786676753215563,0.025730115000554443,0.0
0.73325,-0.8476127654453387,0.5779058389954339,0.025876483252692317,0.0
0.7335,-0.8483094135103035,0.5771438142182674,0.026023315203219433,0.0
0.73375,-0.849005518501988,0.5763816026809967,0.026170610744599143,0.0
0.734,-0.84970108021194,0.5756192060745617,0.026318369764103178,0.0
0.73425,-0.8503960984317076,0.5748566260899024,0.02646659214381475,0.0
0.7345,-0.8510905729528386,0.5740938644179583,0.02661527776063033,0.0
0.73475,-0.8517845035668812,0.5733309227496695,0.02676442648626365,0.0
0.735,-0.8524778900653831,0.5725678027759757,0.026914038187245914,0.0
0.73525,-0.8531707322398923,0.571804506187817,0.027064112724929812,0.0
0.7355,-0.8538630298819571,0.571041034676133,0.027214649955492165,0.0
0.73575,-0.854554782783125,0.5702773899318636,0.027365649729935493,0.0
0.736,-0.8552459907349445,0.5695135736459487,0.027517111894092006,0.0
0.73625,-0.8559366535289631,0.5687495875093282,0.027669036288624937,0.0
0.7365,-0.8566267709567289,0.5679854332129419,0.027821422749032543,0.0
0.73675,-0.85731634280979,0.5672211124477298,0.027974271105650317,0.0
0.737,-0.8580053688796943,0.5664566269046314,0.028127581183654993,0.0
0.73725,-0.8586938489579896,0.5656919782745868,0.02828135280306543,0.0
0.7375,-0.859381782836224,0.564927168248536,0.02843558577874794,0.0
0.73775,-0.8600691703059455,0.5641621985174184,0.028590279920418293,0.0
0.738,-0.860756011158702,0.5633970707721743,0.028745435032644817,0.0
0.73825,-0.8614423051860417,0.5626317867037434,0.028901050914852622,0.0
0.7385,-0.8621280521795123,0.5618663480030653,0.02905712736132471,0.0
0.73875,-0.8628132519306617,0.5611007563610803,0.029213664161207964,0.0
0.739,-0.8634979042310382,0.5603350134687279,0.029370661098515605,0.0
0.73925,-0.8641820088721894,0.5595691210169482,0.029528117952129174,0.0
0.7395,-0.8648655656456636,0.5588030806966809,0.029686034495804536,0.0
0.73975,-0.8655485743430086,0.5580368941988659,0.029844410498173657,0.0
0.74,-0.8662310347557722,0.557270563214443,0.03000324572274926,0.0
0.74025,-0.8669129466755028,0.5565040894343523,0.03016253992792839,0.0
0.7405,-0.867594309893748,0.5557374745495333,0.03032229286699506,0.0
0.74075,-0.8682751242020559,0.554970720250926,0.030482504288125822,0.0
0.741,-0.8689553893919744,0.5542038282294702,0.0306431739343922,0.0
0.74125,-0.8696351052550515,0.5534368001761059,0.03080430154376601,0.0
0.7415,-0.8703142715828353,0.5526696377817728,0.03096588684912227,0.0
0.74175,-0.8709928881668735,0.5519023427374109,0.031127929578243174,0.0
0.742,-0.8716709547987143,0.55113491673396,0.03129042945382321,0.0
0.74225,-0.8723484712699054,0.5503673614623599,0.03145338619347249,0.0
0.7425,-0.8730254373719952,0.5495996786135503,0.03161679950972163,0.0
0.74275,-0.8737018528965312,0.5488318698784713,0.031780669110025306,0.0
0.743,-0.8743777176350618,0.5480639369480627,0.031944994696766704,0.0
0.74325,-0.8750530313791347,0.5472958815132645,0.032109775967263054,0.0
0.7435,-0.8757277939202979,0.5465277052650162,0.03227501261376875,0.0
0.74375,-0.8764020050500994,0.5457594098942579,0.032440704323479785,0.0
0.744,-0.877075664560087,0.5449909970919293,0.03260685077853975,0.0
0.74425,-0.8777487722418089,0.5442224685489705,0.03277345165604362,0.0
0.7445,-0.8784213278868132,0.5434538259563211,0.03294050662804171,0.0
0.74475,-0.8790933312866474,0.5426850710049211,0.033108015361545506,0.0
0.745,-0.8797647822328598,0.5419162053857103,0.033275977518532285,0.0
0.74525,-0.8804356805169983,0.5411472307896286,0.03344439275594957,0.0
0.7455,-0.8811060259306107,0.5403781489076156,0.03361326072572002,0.0
0.74575,-0.8817758182652453,0.5396089614306115,0.03378258107474719,0.0
0.746,-0.8824450573124498,0.5388396700495561,0.033952353444919314,0.0
0.74625,-0.8831137428637723,0.5380702764553891,0.034122577473115534,0.0
0.7465,-0.8837818747107606,0.5373007823390503,0.034293252791210094,0.0
0.74675,-0.8844494526449631,0.5365311893914799,0.034464379026078795,0.0
0.747,-0.8851164764579271,0.5357614993036173,0.0346359557996021,0.0
0.74725,-0.8857829459412012,0.5349917137664026,0.034807982728672915,0.0
0.7475,-0.886448860886333,0.5342218344707759,0.03498045942520012,0.0
0.74775,-0.8871142210848705,0.5334518631076766,0.0351533854961148,0.0
0.748,-0.8877790263283618,0.5326818013680445,0.035326760543375135,0.0
0.74825,-0.8884432764083547,0.53191165094282,0.035500584163972615,0.0
0.7485,-0.8891069711163974,0.5311414135229425,0.035674855949937356,0.0
0.74875,-0.8897701102440375,0.530371090799352,0.03584957548834322,0.0
0.749,-0.8904326935828233,0.5296006844629884,0.03602474236131448,0.0
0.74925,-0.8910947209243028,0.5288301962047917,0.03620035614603001,0.0
0.7495,-0.8917561920600237,0.5280596277157013,0.03637641641473044,0.0
0.74975,-0.892417106781534,0.5272889806866573,0.03655292273472366,0.0
0.75,-0.8930774648803819,0.5265182568085998,0.036729874668390394,0.0
0.75025,-0.8937372661481151,0.5257474577724681,0.036907271773189754,0.0
0.7505,-0.8943965103762819,0.5249765852692025,0.037085113601667,0.0
0.75075,-0.8950551973564298,0.5242056409897428,0.03726339970145709,0.0
0.751,-0.8957133268801072,0.5234346266250287,0.03744212961529225,0.0
0.75125,-0.8963708987388619,0.5226635438660001,0.0376213028810084,0.0
0.7515,-0.897027912724242,0.5218923944035969,0.03780091903155003,0.0
0.75175,-0.8976843686277951,0.521121179928759,0.037980977594977317,0.0
0.752,-0.8983402662410694,0.520349902132426,0.03816147809447301,0.0
0.75225,-0.8989956053556128,0.5195785627055383,0.03834242004834687,0.0
0.7525,-0.8996503857629735,0.518807163339035,0.03852380297004432,0.0
0.75275,-0.9003046072546992,0.5180357057238565,0.03870562636815067,0.0
0.753,-0.900958269622338,0.5172641915509424,0.03888788974639956,0.0
0.75325,-0.901611372657438,0.5164926225112328,0.039070592603678955,0.0
0.7535,-0.9022639161515467,0.5157210002956674,0.03925373443403557,0.0
0.75375,-0.9029158998962126,0.5149493265951859,0.039437314726685546,0.0
0.754,-0.9035673236829833,0.5141776031007284,0.03962133296601755,0.0
0.75425,-0.9042181873034068,0.5134058315032346,0.039805788631601446,0.0
0.7545,-0.9048684905490314,0.5126340134936445,0.03999068119819449,0.0
0.75475,-0.9055182332114047,0.511862150762898,0.04017601013574801,0.0
0.755,-0.9061674150820748,0.5110902450019346,0.04036177490941428,0.0
0.75525,-0.9068160359525896,0.5103182979016944,0.04054797497955409,0.0
0.7555,-0.9074640956144973,0.5095463111531173,0.04073460980174337,0.0
0.75575,-0.9081115938593456,0.508774286447143,0.04092167882677922,0.0
0.756,-0.9087585304786825,0.5080022254747113,0.04110918150068876,0.0
0.75625,-0.9094049052640562,0.5072301299267623,0.04129711726473495,0.0
0.7565,-0.9100507180070143,0.5064580014942357,0.041485485555424084,0.0
0.75675,-0.9106959684991052,0.5056858418680714,0.0416742858045136,0.0
0.757,-0.9113406565318765,0.5049136527392094,0.04186351743901784,0.0
0.75725,-0.9119847818968763,0.5041414357985893,0.04205317988121693,0.0
0.7575,-0.9126283443856525,0.5033691927371511,0.04224327254866389,0.0
0.75775,-0.9132713437897533,0.5025969252458344,0.04243379485419063,0.0
0.758,-0.9139137799007264,0.5018246350155794,0.04262474620591705,0.0
0.75825,-0.9145556525101199,0.5010523237373258,0.042816126007257926,0.0
0.7585,-0.9151969614094817,0.5002799931020134,0.04300793365693001,0.0
0.75875,-0.9158377063903598,0.4995076448005822,0.04320016854896047,0.0
0.759,-0.9164778872443022,0.49873528052397187,0.04339283007269357,0.0
0.75925,-0.9171175037628567,0.4979629019631224,0.04358591761279906,0.0
0.7595,-0.9177565557375715,0.4971905108089736,0.043779430549279574,0.0
0.75975,-0.9183950429599945,0.49641810875246534,0.04397336825747855,0.0
0.76,-0.9190329652216735,0.4956456974845374,0.04416773010808739,0.0
0.76025,-0.9196703223141569,0.49487327869612974,0.04436251546715453,0.0
0.7605,-0.9203071140289922,0.49410085407818216,0.04455772369609212,0.0
0.76075,-0.9209433401577275,0.49332842532163446,0.04475335415168469,0.0
0.761,-0.9215790004919109,0.49255599411742657,0.04494940618609666,0.0
0.76125,-0.9222140948230901,0.4917835621564983,0.04514587914688062,0.0
0.7615,-0.9228486229428133,0.49101113112978956,0.045342772376985696,0.0
0.76175,-0.9234825846426284,0.4902387027282402,0.045540085214764714,0.0
0.762,-0.9241159797140834,0.48946627864279,0.04573781699398327,0.0
0.76225,-0.9247488079487263,0.4886938605643788,0.04593596704382752,0.0
0.7625,-0.9253810691381049,0.4879214501839466,0.0461345346889126,0.0
0.76275,-0.9260127630737673,0.48714904919243307,0.04633351924929019,0.0
0.763,-0.9266438895472615,0.4863766592807782,0.04653292004045784,0.0
0.76325,-0.9272744483501354,0.4856042821399218,0.046732736373366945,0.0
0.7635,-0.9279044392739368,0.48483191946080373,0.04693296755443055,0.0
0.76375,-0.9285338621102139,0.48405957293436375,0.04713361288553264,0.0
0.764,-0.9291627166505148,0.4832872442515418,0.04733467166403593,0.0
0.76425,-0.9297910026863871,0.4825149351032778,0.047536143182791424,0.0
0.7645,-0.930418720009379,0.4817426471805114,0.04773802673014482,0.0
0.76475,-0.9310458684110383,0.4809703821741827,0.0479403215899481,0.0
0.765,-0.931672447682913,0.4801981417752314,0.048143027041565256,0.0
0.76525,-0.9322984576165513,0.4794259276745974,0.04834614235988344,0.0
0.7655,-0.932923898003501,0.4786537415632205,0.04854966681531914,0.0
0.76575,-0.9335487686353101,0.4778815851320406,0.04875359967382975,0.0
0.766,-0.9341730693035264,0.47710946007199756,0.04895794019691957,0.0
0.76625,-0.934796799799698,0.47633736807403115,0.04916268764165044,0.0
0.7665,-0.935419959915373,0.4755653108290814,0.04936784126065108,0.0
0.76675,-0.9360425494420992,0.47479329002808796,0.049573400302123094,0.0
0.767,-0.9366645681714245,0.4740213073619908,0.04977936400985339,0.0
0.76725,-0.937286015894897,0.4732493645217297,0.04998573162322062,0.0
0.7675,-0.9379068924040648,0.4724774631982447,0.050192502377206294,0.0
0.76775,-0.9385271974904756,0.4717056050824754,0.05039967550240165,0.0
0.768,-0.9391469309456775,0.4709337918653618,0.050607250225017664,0.0
0.76825,-0.9397660925612185,0.4701620252378437,0.050815225766895455,0.0
0.7685,-0.9403846821286463,0.469390306890861,0.05102360134551298,0.0
0.76875,-0.9410026994395093,0.46861863851535346,0.05123237617399656,0.0
0.769,-0.9416201442853551,0.46784702180226106,0.051441549461128444,0.0
0.76925,-0.9422370164577318,0.4670754584425236,0.051651120411356555,0.0
0.7695,-0.9428533157481874,0.46630395012708087,0.05186108822480473,0.0
0.76975,-0.9434690419482699,0.46553249854687284,0.05207145209728048,0.0
0.77,-0.9440841948495271,0.46476110539283927,0.052282211220285424,0.0
0.77025,-0.9446987742435071,0.46398977235592004,0.05249336478102462,0.0
0.7705,-0.9453127799217578,0.463218501127055,0.05270491196241567,0.0
0.77075,-0.9459262116758274,0.46244729339718404,0.05291685194309781,0.0
0.771,-0.9465390692972635,0.4616761508572469,0.05312918389744237,0.0
0.77125,-0.9471513525776142,0.4609050751981836,0.05334190699556207,0.0
0.7715,-0.9477630613084276,0.4601340681109338,0.05355502040331994,0.0
0.77175,-0.9483741952812514,0.4593631312864376,0.053768523282339276,0.0
0.772,-0.948984754287634,0.45859226641563466,0.05398241479001409,0.0
0.77225,-0.9495947381191229,0.4578214751894648,0.05419669407951733,0.0
0.7725,-0.9502041465672664,0.45705075929886807,0.05441136029981153,0.0
0.77275,-0.9508129794236122,0.45628012043478416,0.05462641259565837,0.0
0.773,-0.9514212364797086,0.45550956028815304,0.05484185010762821,0.0
0.77325,-0.9520289175271032,0.4547390805499144,0.05505767197211053,0.0
0.7735,-0.9526360223573441,0.4539686829110082,0.055273877321322606,0.0
0.77375,-0.9532425507619795,0.4531983690623744,0.0554904652833208,0.0
0.774,-0.9538485025325569,0.45242814069495263,0.05570743498200925,0.0
0.77425,-0.9544538774606248,0.4516579994996829,0.0559247855371503,0.0
0.7745,-0.9550586753377307,0.45088794716750497,0.05614251606437448,0.0
0.77475,-0.955662895955423,0.45011798538935877,0.056360625675190734,0.0
0.775,-0.9562665391052492,0.44934811585618406,0.05657911347699551,0.0
0.77525,-0.9568696045787575,0.44857834025892074,0.05679797857308366,0.0
0.7755,-0.957472092167496,0.44780866028850874,0.057017220062658636,0.0
0.77575,-0.9580740016630126,0.4470390776358878,0.057236837040841815,0.0
0.776,-0.9586753328568551,0.44626959399199784,0.05745682859868295,0.0
0.77625,-0.9592760855405716,0.44550021104777865,0.057677193823170825,0.0
0.7765,-0.95987625950571,0.4447309304941701,0.05789793179724256,0.0
0.77675,-0.9604758545438183,0.4439617540221122,0.058119041599794974,0.0
0.777,-0.9610748704464445,0.4431926833225446,0.05834052230569298,0.0
0.77725,-0.9616733070051364,0.4424237200864072,0.058562372985782485,0.0
0.7775,-0.9622711640114423,0.4416548660046399,0.0587845927068984,0.0
0.77775,-0.96286844125691,0.4408861227681824,0.05900718053187548,0.0
0.778,-0.9634651385330872,0.4401174920679748,0.05923013551955969,0.0
0.77825,-0.9640612556315222,0.4393489755949569,0.05945345672481772,0.0
0.7785,-0.964656792343763,0.43858057504006837,0.059677143198547444,0.0
0.77875,-0.9652517484613574,0.4378122920942492,0.05990119398768856,0.0
0.779,-0.9658461237758533,0.4370441284484392,0.0601256081352326,0.0
0.77925,-0.9664399180787989,0.4362760857935783,0.06035038468023446,0.0
0.7795,-0.9670331311617419,0.43550816582060625,0.06057552265782151,0.0
0.77975,-0.9676257628162305,0.43474037022046297,0.0608010210992056,0.0
0.78,-0.9682178128338125,0.43397270068408833,0.06102687903169213,0.0
0.78025,-0.9688092810060359,0.4332051589024221,0.06125309547869162,0.0
0.7805,-0.9694001671244488,0.4324377465664042,0.0614796694597306,0.0
0.78075,-0.969990470980599,0.4316704653669745,0.06170659999046091,0.0
0.781,-0.9705801923660344,0.4309033169950728,0.061933886082671696,0.0
0.78125,-0.9711693310723033,0.43013630314163886,0.06216152674429942,0.0
0.7815,-0.9717578868909535,0.42936942549761276,0.06238952097943873,0.0
0.78175,-0.9723458596135328,0.4286026857539342,0.0626178677883531,0.0
0.782,-0.9729332490315894,0.42783608560154307,0.06284656616748574,0.0
0.78225,-0.973520054936671,0.42706962673137916,0.06307561510947024,0.0
0.7825,-0.9741062771203259,0.42630331083438244,0.06330501360314167,0.0
0.78275,-0.9746919153741018,0.4255371396014927,0.0635347606335468,0.0
0.783,-0.9752769694895469,0.4247711147236498,0.0637648551819554,0.0
0.78325,-0.975861439258209,0.42400523789179356,0.06399529622587119,0.0
0.7835,-0.976445324471636,0.42323951079686395,0.0642260827390424,0.0
0.78375,-0.977028624921376,0.42247393512980064,0.06445721369147273,0.0
0.784,-0.9776113403989769,0.4217085125815436,0.06468868804943262,0.0
0.78425,-0.9781934706959867,0.4209432448430327,0.06492050477546996,0.0
0.7845,-0.9787750156039534,0.4201781336052078,0.0651526628284207,0.0
0.78475,-0.9793559749144249,0.4194131805590086,0.06538516116342041,0.0
0.785,-0.9799363484189494,0.41864838739537513,0.06561799873191543,0.0
0.78525,-0.9805161359090744,0.4178837558052471,0.06585117448167299,0.0
0.7855,-0.9810953371763482,0.4171192874795645,0.06608468735679351,0.0
0.78575,-0.9816739520123188,0.41635498410926713,0.06631853629772011,0.0
0.786,-0.982251980208534,0.41559084738529484,0.0665527202412517,0.0
0.78625,-0.9828294215565417,0.4148268789985874,0.06678723812055187,0.0
0.7865,-0.9834062758478902,0.4140630806400848,0.06702208886516225,0.0
0.78675,-0.9839825428741271,0.41329945400072676,0.06725727140101156,0.0
0.787,-0.9845582224268006,0.41253600077145325,0.0674927846504283,0.0
0.78725,-0.9851333142974587,0.4117727226432041,0.06772862753215181,0.0
0.7875,-0.9857078182776491,0.4110096213069191,0.06796479896134211,0.0
0.78775,-0.98628173415892,0.4102466984535381,0.06820129784959295,0.0
0.788,-0.9868550617328191,0.4094839557740011,0.06843812310494157,0.0
0.78825,-0.9874278007908949,0.40872139495924775,0.06867527363188142,0.0
0.7885,-0.9879999511246949,0.4079590177002181,0.06891274833137162,0.0
0.78875,-0.988571512525767,0.40719682568785187,0.06915054610084992,0.0
0.789,-0.9891424847856596,0.4064348206130889,0.06938866583424308,0.0
0.78925,-0.9897128676959204,0.4056730041668691,0.06962710642197867,0.0
0.7895,-0.9902826610480973,0.40491137804013233,0.06986586675099593,0.0
0.78975,-0.9908518646337383,0.40414994392381837,0.07010494570475734,0.0
0.79,-0.9914204782443915,0.4033887035088672,0.07034434216326035,0.0
0.79025,-0.9919885016716048,0.4026276584862186,0.07058405500304854,0.0
0.7905,-0.9925559347069262,0.4018668105468124,0.07082408309722266,0.0
0.79075,-0.9931227771419036,0.4011061613815885,0.0710644253154522,0.0
0.791,-0.9936890287680851,0.40034571268148667,0.07130508052398765,0.0
0.79125,-0.9942546893770183,0.3995854661374469,0.0715460475856704,0.0
0.7915,-0.9948197587602516,0.39882542344040894,0.07178732535994592,0.0
0.79175,-0.9953842367093328,0.3980655862813126,0.07202891270287415,0.0
0.792,-0.9959481230158098,0.3973059563510979,0.07227080846714062,0.0
0.79225,-0.9965114174712306,0.3965465353407045,0.07251301150206935,0.0
0.7925,-0.9970741198671433,0.3957873249410724,0.07275552065363367,0.0
0.79275,-0.9976362299950957,0.3950283268431414,0.07299833476446693,0.0
0.793,-0.9981977476466358,0.3942695427378513,0.07324145267387583,0.0
0.79325,-0.9987586726133117,0.3935109743161421,0.07348487321785013,0.0
0.7935,-0.9993190046866711,0.3927526232689535,0.07372859522907538,0.0
0.79375,-0.9998787436582621,0.3919944912872254,0.07397261753694417,0.0
0.794,-1.0004378893196328,0.3912365800618977,0.07421693896756798,0.0
0.79425,-1.000996441462331,0.3904788912839102,0.07446155834378798,0.0
0.7945,-1.0015543998779048,0.38972142664420273,0.07470647448518841,0.0
0.79475,-1.002111764357902,0.3889641878337152,0.07495168620810544,0.0
0.795,-1.0026685346938706,0.3882071765433875,0.07519719232564159,0.0
0.79525,-1.0032247106773589,0.3874503944641594,0.07544299164767576,0.0
0.7955,-1.0037802920999144,0.38669384328697076,0.07568908298087584,0.0
0.79575,-1.0043352787530853,0.38593752470276144,0.07593546512870941,0.0
0.796,-1.0048896704284194,0.3851814404024713,0.0761821368914557,0.0
0.79625,-1.0054434669174648,0.38442559207704025,0.07642909706621825,0.0
0.7965,-1.0059966680117696,0.38366998141740805,0.07667634444693583,0.0
0.79675,-1.0065492735028814,0.38291461011451455,0.07692387782439325,0.0
0.797,-1.0071012831823485,0.38215947985929977,0.07717169598623586,0.0
0.79725,-1.0076526968417188,0.38140459234270335,0.07741979771697727,0.0
0.7975,-1.00820351427254,0.3806499492556653,0.07766818179801538,0.0
0.79775,-1.0087537352663605,0.3798955522891253,0.07791684700764079,0.0
0.798,-1.0093033596147278,0.37914140313402345,0.07816579212105079,0.0
0.79825,-1.0098523871091905,0.37838750348129935,0.07841501591035938,0.0
0.7985,-1.010400817541296,0.37763385502189306,0.07866451714461031,0.0
0.79875,-1.0109486507025924,0.3768804594467442,0.07891429458978871,0.0
0.799,-1.011495886384628,0.37612731844679287,0.07916434700883235,0.0
0.79925,-1.0120425243789501,0.3753744337129788,0.07941467316164341,0.0
0.7995,-1.0125885644771073,0.3746218069362418,0.07966527180510163,0.0
0.79975,-1.013134006470647,0.37386943980752185,0.07991614169307404,0.0
0.8,-1.013678850151118,0.3731173340177587,0.08016728157642916,0.0
0.80025,-1.0142230953100673,0.3723654912578922,0.08041869020304593,0.0
0.8005,-1.0147667417390434,0.3716139132188623,0.08067036631782898,0.0
0.80075,-1.0153097892295944,0.3708626015916088,0.08092230866271777,0.0
0.801,-1.0158522375732677,0.3701115580670714,0.08117451597669922,0.0
0.80125,-1.0163940865616117,0.36936078433619024,0.08142698699582063,0.0
0.8015,-1.0169353359861746,0.368610282089905,0.08167972045320004,0.0
0.80175,-1.0174759856385036,0.3678600530191556,0.08193271507903876,0.0
0.802,-1.0180160353101475,0.36711009881488177,0.08218596960063373,0.0
0.80225,-1.0185554847926537,0.3663604211680235,0.08243948274238844,0.0
0.8025,-1.0190943338775704,0.36561102176952054,0.08269325322582577,0.0
0.80275,-1.0196325823564454,0.3648619023103128,0.0829472797695987,0.0
0.803,-1.0201702300208266,0.3641130644813402,0.08320156108950427,0.0
0.80325,-1.0207072766622625,0.3633645099735424,0.08345609589849334,0.0
0.8035,-1.0212437220723007,0.36261624047785945,0.08371088290668349,0.0
0.80375,-1.021779566042489,0.3618682576852311,0.08396592082137078,0.0
0.804,-1.0223148083643756,0.36112056328659725,0.08422120834704172,0.0
0.80425,-1.0228494488295086,0.36037315897289773,0.08447674418538598,0.0
0.8045,-1.0233834872294354,0.35962604643507234,0.08473252703530587,0.0
0.80475,-1.0239169233557046,0.3588792273640611,0.08498855559293217,0.0
0.805,-1.0244497569998638,0.3581327034508036,0.08524482855163207,0.0
0.80525,-1.0249819879534612,0.35738647638623994,0.08550134460202385,0.0
0.8055,-1.0255136160080447,0.35664054786130983,0.08575810243198756,0.0
0.80575,-1.026044640955162,0.3558949195669532,0.0860151007266774,0.0
0.806,-1.0265750625863612,0.3551495931941098,0.08627233816853352,0.0
0.80625,-1.0271048806931904,0.35440457043371965,0.08652981343729471,0.0
0.8065,-1.0276340950671976,0.3536598529767224,0.08678752521000854,0.0
0.80675,-1.0281627054999305,0.3529154425140581,0.08704547216104541,0.0
0.807,-1.0286907117829376,0.35217134073666645,0.08730365296210985,0.0
0.80725,-1.0292181137077663,0.3514275493354874,0.08756206628225094,0.0
0.8075,-1.0297449110659649,0.3506840700014608,0.08782071078787679,0.0
0.80775,-1.0302711036490808,0.3499409044255264,0.08807958514276448,0.0
0.808,-1.0307966912486628,0.34919805429862416,0.0883386880080741,0.0
0.80825,-1.0313216736562585,0.3484555213116939,0.08859801804235823,0.0
0.8085,-1.0318460506634157,0.34771330715567544,0.08885757390157578,0.0
0.80875,-1.0323698220616824,0.34697141352150873,0.08911735423910283,0.0
0.809,-1.0328929876426067,0.34622984210013347,0.08937735770574617,0.0
0.80925,-1.0334155471977367,0.3454885945824896,0.08963758294975377,0.0
0.8095,-1.0339375005186202,0.344747672659517,0.08989802861682672,0.0
0.80975,-1.034458847396805,0.34400707802215547,0.09015869335013238,0.0
0.81,-1.0349795876238392,0.34326681236134493,0.09041957579031523,0.0
0.81025,-1.035499720991271,0.3425268773680251,0.09068067457551043,0.0
0.8105,-1.036019247290648,0.34178727473313597,0.09094198834135314,0.0
0.81075,-1.0365381663135182,0.3410480061476173,0.09120351572099317,0.0
0.811,-1.0370564778514302,0.3403090733024091,0.0914652553451063,0.0
0.81125,-1.037574181695931,0.33957047788845107,0.0917272058419043,0.0
0.8115,-1.0380912776385693,0.3388322215966831,0.09198936583715,0.0
0.81175,-1.0386077654708927,0.33809430611804503,0.09225173395416641,0.0
0.812,-1.039123644984449,0.3373567331434767,0.0925143088138507,0.0
0.81225,-1.0396389159707868,0.3366195043639181,0.09277708903468618,0.0
0.8125,-1.0401535782214535,0.3358826214703088,0.0930400732327521,0.0
0.81275,-1.0406676315279975,0.33514608615358893,0.09330326002173828,0.0
0.813,-1.0411810756819664,0.33440990010469823,0.09356664801295533,0.0
0.81325,-1.0416939104749083,0.3336740650145765,0.09383023581534733,0.0
0.8135,-1.0422061356983712,0.33293858257416376,0.09409402203550354,0.0
0.81375,-1.042717751143903,0.3322034544743997,0.09435800527767091,0.0
0.814,-1.0432287566030516,0.33146868240622424,0.09462218414376533,0.0
0.81425,-1.043739151867365,0.3307342680605772,0.09488655723338413,0.0
0.8145,-1.0442489367283914,0.3300002131283985,0.09515112314381713,0.0
0.81475,-1.0447581109776785,0.3292665193006279,0.09541588047006044,0.0
0.815,-1.0452666744067745,0.3285331882682053,0.09568082780482645,0.0
0.81525,-1.0457746268072272,0.3278002217220706,0.09594596373855668,0.0
0.8155,-1.0462819679705844,0.3270676213531636,0.09621128685943359,0.0
0.81575,-1.0467886976883942,0.3263353888524242,0.09647679575339274,0.0
0.816,-1.0472948157522048,0.3256035259107921,0.09674248900413462,0.0
0.81625,-1.0478003219535639,0.3248720342192073,0.09700836519313638,0.0
0.8165,-1.0483052160840196,0.3241409154686097,0.09727442289966426,0.0
0.81675,-1.0488094979351197,0.323410171349939,0.09754066070078449,0.0
0.817,-1.0493131672984126,0.3226798035541351,0.09780707717137704,0.0
0.81725,-1.0498162239654456,0.32194981377213794,0.09807367088414476,0.0
0.8175,-1.0503186677277674,0.3212202036948873,0.09834044040962864,0.0
0.81775,-1.0508204983769254,0.320490975013323,0.09860738431621718,0.0
0.818,-1.0513217157044676,0.319762129418385,0.09887450117015883,0.0
0.81825,-1.0518223195019423,0.319033668601013,0.09914178953557529,0.0
0.8185,-1.0523223095608971,0.318305594252147,0.09940924797447148,0.0
0.81875,-1.0528216856728805,0.3175779080627268,0.09967687504674894,0.0
0.819,-1.05332044762944,0.3168506117236922,0.09994466931021662,0.0
0.81925,-1.0538185952221235,0.31612370692598313,0.10021262932060293,0.0
0.8195,-1.0543161282424791,0.31539719536053945,0.10048075363156883,0.0
0.81975,-1.0548130464820549,0.3146710787183009,0.10074904079471847,0.0
0.82,-1.0553093497323989,0.31394535869020745,0.10101748935961119,0.0
0.82025,-1.0558050377850587,0.3132200369671989,0.10128609787377352,0.0
0.8205,-1.0563001104315828,0.3124951152402151,0.10155486488271181,0.0
0.82075,-1.0567945674635189,0.311770595200196,0.1018237889299225,0.0
0.821,-1.0572884086724148,0.3110464785380813,0.10209286855690536,0.0
0.82125,-1.0577816338498187,0.310322766944811,0.10236210230317488,0.0
0.8215,-1.0582742427872782,0.3095994621113248,0.10263148870627159,0.0
0.82175,-1.0587662352763418,0.3088765657285626,0.10290102630177511,0.0
0.822,-1.059257611108557,0.3081540794874643,0.10317071362331487,0.0
0.82225,-1.0597483700754722,0.30743200507896973,0.10344054920258183,0.0
0.8225,-1.060238511968635,0.30671034419401877,0.10371053156934185,0.0
0.82275,-1.0607280365795937,0.3059890985235513,0.10398065925144517,0.0
0.823,-1.061216943699896,0.30526826975850707,0.10425093077484027,0.0
0.82325,-1.0617052331210897,0.304547859589826,0.10452134466358398,0.0
0.8235,-1.0621929046347232,0.3038278697084479,0.10479189943985556,0.0
0.82375,-1.0626799580323443,0.3031083018053127,0.10506259362396553,0.0
0.824,-1.0631663931055009,0.3023891575713601,0.10533342573436966,0.0
0.82425,-1.063652209645741,0.30167043869753013,0.10560439428768009,0.0
0.8245,-1.0641374074446126,0.30095214687476257,0.10587549779867622,0.0
0.82475,-1.0646219862936637,0.3002342837939973,0.10614673478031844,0.0
0.825,-1.0651059459844423,0.2995168511461741,0.10641810374375793,0.0
0.82525,-1.0655892863084961,0.2987998506222329,0.10668960319834886,0.0
0.8255,-1.066072007057373,0.2980832839131135,0.1069612316516606,0.0
0.82575,-1.0665541080226215,0.2973671527097558,0.10723298760948996,0.0
0.826,-1.0670355889957892,0.29665145870309956,0.10750486957587135,0.0
0.82625,-1.0675164497684242,0.2959362035840848,0.10777687605308905,0.0
0.8265,-1.0679966901320745,0.29522138904365114,0.1080490055416905,0.0
0.82675,-1.068476309878288,0.2945070167727386,0.10832125654049474,0.0
0.827,-1.0689553087986123,0.293793088462287,0.10859362754660729,0.0
0.82725,-1.069433686684596,0.2930796058032363,0.10886611705543014,0.0
0.8275,-1.0699114433277865,0.29236657048652614,0.10913872356067356,0.0
0.82775,-1.0703885785197325,0.29165398420309646,0.10941144555436844,0.0
0.828,-1.070865092051981,0.29094184864388717,0.10968428152687681,0.0
0.82825,-1.0713409837160808,0.29023016549983804,0.10995722996690405,0.0
0.8285,-1.0718162533035795,0.28951893646188903,0.11023028936151191,0.0
0.82875,-1.072290900606025,0.2888081632209799,0.11050345819612661,0.0
0.829,-1.0727649254149654,0.28809784746805056,0.11077673495455453,0.0
0.82925,-1.0732383275219486,0.28738799089404077,0.11105011811899046,0.0
0.8295,-1.0737111067185223,0.2866785951898905,0.11132360617003134,0.0
0.82975,-1.074183262796235,0.2859696620465395,0.11159719758668762,0.0
0.83,-1.0746547955466348,0.2852611931549277,0.11187089084639346,0.0
0.83025,-1.075125704761269,0.2845531902059949,0.11214468442501868,0.0
0.8305,-1.0755959902316858,0.283845654890681,0.11241857679688194,0.0
0.83075,-1.0760656517494334,0.2831385888999258,0.11269256643476067,0.0
0.831,-1.0765346891060594,0.28243199392466917,0.1129666518099024,0.0
0.83125,-1.0770031020931121,0.28172587165585106,0.11324083139203789,0.0
0.8315,-1.0774708905021393,0.28102022378441116,0.11351510364939088,0.0
0.83175,-1.0779380541246888,0.28031505200128937,0.11378946704869053,0.0
0.832,-1.078404592752309,0.2796103579974257,0.11406392005518318,0.0
0.83225,-1.0788705061765476,0.2789061434637598,0.11433846113264323,0.0
0.8325,-1.0793357941889525,0.2782024100912316,0.11461308874338405,0.0
0.83275,-1.079800456581072,0.277499159570781,0.11488780134827081,0.0
0.833,-1.0802644931444536,0.27679639359334773,0.11516259740673096,0.0
0.83325,-1.0807279036706454,0.27609411384987176,0.11543747537676619,0.0
0.8335,-1.0811906879511957,0.2753923220312929,0.11571243371496354,0.0
0.83375,-1.081652845777652,0.274691019828551,0.11598747087650696,0.0
0.834,-1.0821143769415627,0.2739902089325859,0.1162625853151884,0.0
0.83425,-1.0825752812344753,0.27328989103433754,0.11653777548341959,0.0
0.8345,-1.0830355584479383,0.2725900678247456,0.11681303983224378,0.0
0.83475,-1.0834952083734992,0.2718907409947501,0.11708837681134554,0.0
0.835,-1.0839542308027061,0.2711919122352908,0.11736378486906407,0.0
0.83525,-1.0844126255271072,0.27049358323730754,0.11763926245240341,0.0
0.8355,-1.0848703923382503,0.26979575569174025,0.11791480800704424,0.0
0.83575,-1.0853275310276833,0.26909843128952876,0.11819041997735447,0.0
0.836,-1.0857840413869542,0.2684016117216129,0.1184660968064013,0.0
0.83625,-1.086239923207611,0.26770529867893256,0.11874183693596319,0.0
0.8365,-1.0866951762812014,0.26700949385242745,0.11901763880653848,0.0
0.83675,-1.0871498003992741,0.26631419893303765,0.11929350085736101,0.0
0.837,-1.0876037953533764,0.2656194156117029,0.11956942152640604,0.0
0.83725,-1.0880571609350562,0.264925145579363,0.11984539925040605,0.0
0.8375,-1.088509896935862,0.2642313905269579,0.12012143246486029,0.0
0.83775,-1.0889620031473413,0.26353815214542736,0.12039751960404499,0.0
0.838,-1.0894134793610424,0.2628454321257113,0.12067365910102668,0.0
0.83825,-1.089864325368513,0.2621532321587496,0.12094984938767128,0.0
0.8385,-1.0903145409613013,0.261461553935482,0.12122608889465747,0.0
0.83875,-1.090764125930955,0.2607703991468484,0.12150237605148528,0.0
0.839,-1.0912130800690223,0.26007976948378875,0.12177870928648993,0.0
0.83925,-1.091661403167051,0.2593896666372428,0.1220550870268513,0.0
0.8395,-1.0921090950165893,0.2587000922981504,0.12233150769860557,0.0
0.83975,-1.0925561554091847,0.25801104815745146,0.12260796972665644,0.0
0.84,-1.0930025841363857,0.2573225359060858,0.1228844715347861,0.0
0.84025,-1.0934483809897402,0.2566345572349933,0.12316101154566672,0.0
0.8405,-1.0938935457607957,0.2559471138351137,0.12343758818087025,0.0
0.84075,-1.0943380782411005,0.255260207397387,0.12371419986088195,0.0
0.841,-1.0947819782222026,0.254573839612753,0.12399084500510904,0.0
0.84125,-1.0952252454956501,0.2538880121721515,0.1242675220318934,0.0
0.8415,-1.0956678798529906,0.25320272676652245,0.12454422935852105,0.0
0.84175,-1.0961098810857721,0.2525179850868057,0.12482096540123488,0.0
0.842,-1.0965512489855431,0.2518337888239409,0.12509772857524504,0.0
0.84225,-1.0969919833438508,0.25115013966886823,0.12537451729473936,0.0
0.8425,-1.0974320839522438,0.25046703931252723,0.1256513299728952,0.0
0.84275,-1.0978715506022696,0.24978448944585796,0.12592816502188975,0.0
0.843,-1.0983103830854766,0.24910249175980023,0.12620502085291174,0.0
0.84325,-1.0987485811934121,0.24842104794529385,0.12648189587617176,0.0
0.8435,-1.099186144717625,0.24774015969327867,0.12675878850091382,0.0
0.84375,-1.0996230734496626,0.24705982869469462,0.12703569713542517,0.0
0.844,-1.100059367181073,0.24638005664048143,0.12731262018704892,0.0
0.84425,-1.1004950257034043,0.24570084522157906,0.12758955606219358,0.0
0.8445,-1.100930048808204,0.2450221961289273,0.12786650316634418,0.0
0.84475,-1.101364436287021,0.24434411105346604,0.1281434599040745,0.0
0.845,-1.1017981879314025,0.24366659168613514,0.12842042467905546,0.0
0.84525,-1.1022313035328966,0.2429896397178744,0.12869739589406803,0.0
0.8455,-1.1026637828830514,0.24231325683962376,0.12897437195101413,0.0
0.84575,-1.1030956257734146,0.24163744474232296,0.12925135125092524,0.0
0.846,-1.1035268319955345,0.2409622051169119,0.1295283321939762,0.0
0.84625,-1.103957401340959,0.24028753965433053,0.12980531317949406,0.0
0.8465,-1.1043873336012358,0.23961345004551854,0.13008229260596926,0.0
0.84675,-1.1048166285679133,0.23893993798141586,0.13035926887106708,0.0
0.847,-1.105245286032539,0.23826700515296234,0.13063624037163724,0.0
0.84725,-1.1056733057866612,0.23759465325109785,0.1309132055037261,0.0
0.8475,-1.106100687621828,0.23692288396676225,0.13119016266258643,0.0
0.84775,-1.1065274313295868,0.23625169899089532,0.13146711024268742,0.0
0.848,-1.1069535367014858,0.235581100014437,0.13174404663772799,0.0
0.84825,-1.1073790035290734,0.23491108872832708,0.13202097024064496,0.0
0.8485,-1.1078038316038972,0.23424166682350545,0.13229787944362492,0.0
0.84875,-1.108228020717505,0.23357283599091194,0.13257477263811435,0.0
0.849,-1.1086515706614453,0.23290459792148643,0.13285164821483075,0.0
0.84925,-1.1090744812272653,0.23223695430616875,0.13312850456377312,0.0
0.8495,-1.1094967522065138,0.23156990683589873,0.13340534007423366,0.0
0.84975,-1.1099183833907382,0.2309034572016163,0.13368215313480536,0.0
0.85,-1.1103393745714865,0.23023760709426128,0.1339589421333962,0.0
0.85025,-1.110759725540307,0.22957235820477345,0.13423570545723829,0.0
0.8505,-1.1111794360887473,0.22890771222409273,0.1345124414928971,0.0
0.85075,-1.1115985060083555,0.228243670843159,0.13478914862628488,0.0
0.851,-1.1120169350906797,0.22758023575291203,0.1350658252426684,0.0
0.85125,-1.1124347231272678,0.22691740864429175,0.13534246972668185,0.0
0.8515,-1.1128518699096674,0.22625519120823798,0.13561908046233517,0.0
0.85175,-1.1132683752294272,0.22559358513569056,0.1358956558330271,0.0
0.852,-1.1136842388780948,0.22493259211758937,0.13617219422155324,0.0
0.85225,-1.1140994606472177,0.22427221384487422,0.13644869401011772,0.0
0.8525,-1.1145140403283444,0.223612452008485,0.13672515358034443,0.0
0.85275,-1.1149279777130228,0.2229533082993616,0.13700157131328572,0.0
0.853,-1.1153412725928011,0.2222947844084438,0.13727794558943507,0.0
0.85325,-1.1157539247592267,0.22163688202667148,0.13755427478873417,0.0
0.8535,-1.1161659340038477,0.22097960284498447,0.13783055729058735,0.0
0.85375,-1.1165773001182124,0.22032294855432266,0.13810679147387006,0.0
0.854,-1.1169880228938687,0.2196669208456259,0.13838297571693858,0.0
0.85425,-1.1173981021223645,0.21901152140983404,0.13865910839764162,0.0
0.8545,-1.1178075375952474,0.21835675193788692,0.13893518789332981,0.0
0.85475,-1.1182163291040657,0.2177026141207244,0.13921121258086688,0.0
0.855,-1.1186244764403674,0.2170491096492863,0.13948718083664025,0.0
0.85525,-1.1190319793957006,0.21639624021451254,0.13976309103657014,0.0
0.8555,-1.119438837761613,0.21574400750734293,0.1400389415561203,0.0
0.85575,-1.1198450513296525,0.2150924132187173,0.14031473077030943,0.0
0.856,-1.1202506198913675,0.21444145903957557,0.14059045705372064,0.0
0.85625,-1.1206555432383056,0.21379114666085752,0.1408661187805107,0.0
0.8565,-1.1210598211620146,0.21314147777350306,0.14114171432442202,0.0
0.85675,-1.121463453454043,0.212492454068452,0.14141724205879336,0.0
0.857,-1.1218664399059384,0.21184407723664422,0.1416927003565669,0.0
0.85725,-1.1222687803092488,0.21119634896901957,0.14196808759030244,0.0
0.8575,-1.1226704744555223,0.2105492709565179,0.142243402132185,0.0
0.85775,-1.1230715221363066,0.20990284489007904,0.14251864235403588,0.0
0.858,-1.12347192314315,0.2092570724606429,0.14279380662732266,0.0
0.85825,-1.1238716772676,0.20861195535914928,0.14306889332316985,0.0
0.8585,-1.1242707843012054,0.20796749527653802,0.14334390081236914,0.0
0.85875,-1.1246692440355135,0.20732369390374905,0.143618827465388,0.0
0.859,-1.1250670562620722,0.20668055293172213,0.14389367165238176,0.0
0.85925,-1.1254642207724297,0.20603807405139718,0.14416843174320326,0.0
0.8595,-1.125860737358134,0.205396258953714,0.1444431061074125,0.0
0.85975,-1.126256605810733,0.20475510932961252,0.14471769311428684,0.0
0.86,-1.1266518259217748,0.2041146268700325,0.14499219113283113,0.0
0.86025,-1.127046397482807,0.20347481326591388,0.14526659853178825,0.0
0.8605,-1.127440320285378,0.20283567020819646,0.1455409136796486,0.0
0.86075,-1.1278335941210356,0.2021971993878201,0.14581513494466058,0.0
0.861,-1.1282262187813275,0.20155940249572463,0.1460892606948403,0.0
0.86125,-1.1286181940578022,0.20092228122284994,0.14636328929798204,0.0
0.8615,-1.1290095197420071,0.20028583726013588,0.1466372191216676,0.0
0.86175,-1.1294001956254904,0.1996500722985223,0.1469110485332772,0.0
0.862,-1.1297902214998006,0.19901498802894904,0.14718477589999912,0.0
0.86225,-1.1301795971564847,0.19838058614235599,0.14745839958883855,0.0
0.8625,-1.1305683223870915,0.19774686832968294,0.1477319179666301,0.0
0.86275,-1.1309563969831684,0.1971138362818698,0.14800532940004496,0.0
0.863,-1.1313438207362636,0.19648149168985637,0.1482786322556029,0.0
0.86325,-1.131730593437925,0.19584983624458252,0.1485518248996811,0.0
0.8635,-1.1321167148797004,0.19521887163698814,0.14882490569852447,0.0
0.86375,-1.1325021848531382,0.19458859955801308,0.14909787301825617,0.0
0.864,-1.1328870031497864,0.19395902169859713,0.14937072522488637,0.0
0.86425,-1.1332711695611921,0.1933301397496802,0.14964346068432155,0.0
0.8645,-1.1336546838789041,0.19270195540220209,0.1499160777623776,0.0
0.86475,-1.1340375458944703,0.19207447034710273,0.1501885748247862,0.0
0.865,-1.1344197553994384,0.1914476862753219,0.1504609502372063,0.0
0.86525,-1.1348013121853566,0.1908216048777995,0.1507332023652339,0.0
0.8655,-1.1351822160437726,0.19019622784547538,0.15100532957441093,0.0
0.86575,-1.1355624667662343,0.18957155686928936,0.1512773302302366,0.0
0.866,-1.1359420641442899,0.18894759364018132,0.15154920269817618,0.0
0.86625,-1.1363210079694877,0.1883243398490911,0.1518209453436712,0.0
0.8665,-1.136699298033375,0.18770179718695856,0.15209255653214848,0.0
0.86675,-1.1370769341275002,0.18707996734472354,0.15236403462903092,0.0
0.867,-1.1374539160434112,0.1864588520133259,0.1526353779997467,0.0
0.86725,-1.1378302435726557,0.1858384528837055,0.15290658500973886,0.0
0.8675,-1.138205916506782,0.18521877164680223,0.1531776540244758,0.0
0.86775,-1.138580934637338,0.18459980999355585,0.15344858340946033,0.0
0.868,-1.1389552977558712,0.18398156961490628,0.15371937153023918,0.0
0.86825,-1.1393290056539302,0.18336405220179336,0.15399001675241353,0.0
0.8685,-1.1397020581230628,0.1827472594451569,0.15426051744164782,0.0
0.86875,-1.1400744549548167,0.18213119303593683,0.15453087196368043,0.0
0.869,-1.1404461959407404,0.18151585466507297,0.15480107868433235,0.0
0.86925,-1.140817280872381,0.18090124602350513,0.15507113596951694,0.0
0.8695,-1.1411877095412875,0.18028736880217322,0.15534104218525036,0.0
0.86975,-1.1415574817390073,0.17967422469201708,0.15561079569766112,0.0
0.87,-1.1419265972570884,0.17906181538397653,0.1558803948729981,0.0
0.87025,-1.1422950558870788,0.17845014256899147,0.15614983807764204,0.0
0.8705,-1.1426628574205262,0.17783920793800173,0.15641912367811428,0.0
0.87075,-1.1430300016489792,0.17722901318194711,0.15668825004108689,0.0
0.871,-1.143396488363985,0.1766195599917676,0.15695721553339137,0.0
0.87125,-1.1437623173570923,0.17601085005840292,0.1572260185220291,0.0
0.8715,-1.1441274884198485,0.175402885072793,0.15749465737417978,0.0
0.87175,-1.1444920013438018,0.17479566672587765,0.15776313045721269,0.0
0.872,-1.1448558559205002,0.17418919670859673,0.15803143613869453,0.0
0.87225,-1.1452190519414915,0.1735834767118901,0.1582995727863996,0.0
0.8725,-1.1455815891983239,0.17297850842669762,0.15856753876831986,0.0
0.87275,-1.1459434674825455,0.1723742935439591,0.15883533245267367,0.0
0.873,-1.1463046865857036,0.17177083375461444,0.15910295220791482,0.0
0.87325,-1.1466652462993467,0.17116813074960352,0.15937039640274353,0.0
0.8735,-1.147025146415023,0.17056618621986613,0.1596376634061154,0.0
0.87375,-1.14738438672428,0.16996500185634214,0.15990475158724915,0.0
0.874,-1.1477429670186654,0.1693645793499714,0.1601716593156386,0.0
0.87425,-1.1481008870897278,0.1687649203916938,0.16043838496106066,0.0
0.8745,-1.148458146729015,0.16816602667244915,0.16070492689358495,0.0
0.87475,-1.1488147457280746,0.16756789988317733,0.1609712834835837,0.0
0.875,-1.149170683878455,0.16697054171481815,0.16123745310173998,0.0
0.87525,-1.1495259609717041,0.1663739538583115,0.1615034341190591,0.0
0.8755,-1.1498805767993696,0.16577813800459723,0.1617692249068754,0.0
0.87575,-1.150234531153,0.16518309584461519,0.16203482383686452,0.0
0.876,-1.1505878238241427,0.16458882906930522,0.16230022928105003,0.0
0.87625,-1.1509404546043458,0.1639953393696072,0.16256543961181413,0.0
0.8765,-1.1512924232851574,0.16340262843646092,0.1628304532019076,0.0
0.87675,-1.1516437296581254,0.1628106979608063,0.1630952684244582,0.0
0.877,-1.151994373514798,0.1622195496335832,0.1633598836529795,0.0
0.87725,-1.152344354646723,0.16162918514573144,0.16362429726138217,0.0
0.8775,-1.152693672845448,0.16103960618819085,0.16388850762398044,0.0
0.87775,-1.1530423279025213,0.1604508144519013,0.16415251311550394,0.0
0.878,-1.1533903196094908,0.1598628116278027,0.1644163121111064,0.0
0.87825,-1.1537376477579047,0.15927559940683478,0.16467990298637392,0.0
0.8785,-1.1540843121393107,0.15868917947993752,0.16494328411733505,0.0
0.87875,-1.154430312545257,0.15810355353805072,0.16520645388046962,0.0
0.879,-1.1547756487672913,0.15751872327211422,0.1654694106527188,0.0
0.87925,-1.1551203205969616,0.1569346903730679,0.165732152811493,0.0
0.8795,-1.155464327825816,0.15635145653185156,0.16599467873468288,0.0
0.87975,-1.1558076702454025,0.15576902343940513,0.16625698680066692,0.0
0.88,-1.156150347647269,0.15518739278666843,0.16651907538832167,0.0
0.88025,-1.1564923598229635,0.15460656626458125,0.16678094287702994,0.0
0.8805,-1.1568337065640337,0.15402654556408354,0.16704258764669144,0.0
0.88075,-1.1571743876620277,0.15344733237611508,0.1673040080777306,0.0
0.881,-1.1575144029084936,0.15286892839161578,0.16756520255110696,0.0
0.88125,-1.1578537520949794,0.15229133530152544,0.16782616944832318,0.0
0.8815,-1.1581924350130333,0.15171455479678397,0.16808690715143526,0.0
0.88175,-1.1585304514542023,0.15113858856833118,0.16834741404305986,0.0
0.882,-1.1588678012100355,0.15056343830710694,0.16860768850638674,0.0
0.88225,-1.1592044840720803,0.14998910570405108,0.16886772892518453,0.0
0.8825,-1.1595404998318846,0.1494155924501035,0.16912753368381162,0.0
0.88275,-1.1598758482809965,0.148842900236204,0.169387101167225,0.0
0.883,-1.1602105292109641,0.14827103075329245,0.16964642976098943,0.0
0.88325,-1.1605445424133352,0.14769998569230872,0.16990551785128605,0.0
0.8835,-1.1608778876796577,0.14712976674419265,0.17016436382492217,0.0
0.88375,-1.1612105648014799,0.1465603755998841,0.17042296606933993,0.0
0.884,-1.1615425735703493,0.1459918139503229,0.17068132297262517,0.0
0.88425,-1.1618739137778142,0.14542408348644892,0.17093943292351788,0.0
0.8845,-1.1622045852154226,0.14485718589920202,0.17119729431141884,0.0
0.88475,-1.1625345876747222,0.14429112287952203,0.1714549055264012,0.0
0.885,-1.1628639209472609,0.1437258961183488,0.17171226495921754,0.0
0.88525,-1.1631925848245874,0.14316150730662225,0.17196937100131127,0.0
0.8855,-1.1635205790982488,0.14259795813528214,0.17222622204482185,0.0
0.88575,-1.1638479035597935,0.14203525029526837,0.17248281648259822,0.0
0.886,-1.1641745580007692,0.1414733854775208,0.1727391527082045,0.0
0.88625,-1.1645005422127244,0.1409123653729793,0.17299522911593157,0.0
0.8865,-1.1648258559872064,0.14035219167258364,0.17325104410080372,0.0
0.88675,-1.1651504991157635,0.13979286606727376,0.17350659605858865,0.0
0.887,-1.1654744713899439,0.13923439024798945,0.17376188338580767,0.0
0.88725,-1.165797772601295,0.13867676590567057,0.17401690447974238,0.0
0.8875,-1.166120402541365,0.13811999473125702,0.17427165773844577,0.0
0.88775,-1.166442361001702,0.13756407841568863,0.17452614156074997,0.0
0.888,-1.166763647773854,0.13700901864990525,0.17478035434627537,0.0
0.88825,-1.167084262649369,0.13645481712484672,0.17503429449543995,0.0
0.8885,-1.1674042054197948,0.1359014755314529,0.1752879604094686,0.0
0.88875,-1.1677234758766792,0.13534899556066365,0.1755413504904002,0.0
0.889,-1.1680420738115704,0.13479737890341886,0.17579446314109926,0.0
0.88925,-1.1683599990160163,0.13424662725065828,0.1760472967652631,0.0
0.8895,-1.168677251281565,0.13369674229332185,0.1762998497674313,0.0
0.88975,-1.1689938303997645,0.1331477257223494,0.17655212055299407,0.0
0.89,-1.1693097361621625,0.13259957922868076,0.17680410752820253,0.0
0.89025,-1.1696249683603073,0.13205230450325584,0.17705580910017615,0.0
0.8905,-1.1699395267857464,0.13150590323701442,0.17730722367691243,0.0
0.89075,-1.1702534112300282,0.1309603771208964,0.17755834966729567,0.0
0.891,-1.1705666214847006,0.1304157278458416,0.17780918548110614,0.0
0.89125,-1.1708791573413113,0.12987195710278993,0.1780597295290287,0.0
0.8915,-1.1711910185914083,0.12932906658268117,0.1783099802226611,0.0
0.89175,-1.17150220502654,0.12878705797645523,0.1785599359745249,0.0
0.892,-1.1718127164382541,0.12824593297505194,0.1788095951980717,0.0
0.89225,-1.1721225526180983,0.1277056932694111,0.17905895630769342,0.0
0.8925,-1.172431713357621,0.12716634055047268,0.17930801771873228,0.0
0.89275,-1.1727401984483696,0.12662787650917645,0.17955677784748647,0.0
0.893,-1.1730480076818928,0.12609030283646228,0.17980523511122337,0.0
0.89325,-1.173355140849738,0.12555362122327002,0.18005338792818382,0.0
0.8935,-1.1736615977434535,0.1250178333605395,0.18030123471759496,0.0
0.89375,-1.173967378154587,0.12448294093921065,0.18054877389967672,0.0
0.894,-1.1742724818746866,0.12394894565022324,0.18079600389565087,0.0
0.89425,-1.1745769086953004,0.12341584918451717,0.1810429231277515,0.0
0.8945,-1.174880658407976,0.12288365323303227,0.18128953001923098,0.0
0.89475,-1.175183730804262,0.12235235948670839,0.18153582299437243,0.0
0.895,-1.1754861256757057,0.1218219696364854,0.18178180047849524,0.0
0.89525,-1.1757878428138555,0.12129248537330314,0.18202746089796618,0.0
0.8955,-1.176088882010259,0.12076390838810147,0.1822728026802065,0.0
0.89575,-1.1763892430564644,0.12023624037182024,0.1825178242537029,0.0
0.896,-1.1766889257440196,0.11970948301539928,0.18276252404801396,0.0
0.89625,-1.1769879298644725,0.11918363800977849,0.18300690049378088,0.0
0.8965,-1.1772862552093715,0.11865870704589768,0.18325095202273545,0.0
0.89675,-1.177583901570264,0.11813469181469673,0.18349467706770817,0.0
0.897,-1.1778808687386984,0.11761159400711547,0.18373807406263887,0.0
0.89725,-1.1781771565062225,0.11708941531409378,0.18398114144258404,0.0
0.8975,-1.178472764664384,0.11656815742657148,0.18422387764372594,0.0
0.89775,-1.178767693004731,0.11604782203548847,0.18446628110338215,0.0
0.898,-1.179061941318812,0.11552841083178453,0.18470835026001353,0.0
0.89825,-1.179355509398174,0.11500992550639959,0.18495008355323317,0.0
0.8985,-1.1796483970343659,0.11449236775027347,0.18519147942381564,0.0
0.89875,-1.179940604018935,0.11397573925434598,0.18543253631370527,0.0
0.899,-1.1802321301434295,0.11346004170955705,0.18567325266602497,0.0
0.89925,-1.1805229751993978,0.11294527680684649,0.1859136269250865,0.0
0.8995,-1.1808131389783871,0.11243144623715413,0.186153657536396,0.0
0.89975,-1.181102621271946,0.11191855169141987,0.18639334294666665,0.0
0.9,-1.1813914218716222,0.11140659486058355,0.1866326816038244,0.0
0.90025,-1.1816795405689633,0.11089557743558501,0.18687167195701826,0.0
0.9005,-1.181966977155518,0.11038550110736411,0.18711031245662935,0.0
0.90075,-1.1822537314228336,0.1098763675668607,0.1873486015542789,0.0
0.901,-1.1825398031624585,0.10936817850501462,0.1875865377028365,0.0
0.90125,-1.1828251921659405,0.10886093561276575,0.18782411935643117,0.0
0.9015,-1.1831098982248278,0.10835464058105393,0.18806134497045734,0.0
0.90175,-1.1833939211306679,0.10784929510081902,0.18829821300158534,0.0
0.902,-1.183677260675009,0.10734490086300086,0.1885347219077702,0.0
0.90225,-1.1839599166493993,0.10684145955853928,0.18877087014826,0.0
0.9025,-1.1842418888453863,0.10633897287837418,0.18900665618360435,0.0
0.90275,-1.1845231770545184,0.1058374425134454,0.18924207847566388,0.0
0.903,-1.1848037810683434,0.10533687015469276,0.18947713548761813,0.0
0.90325,-1.1850837006784092,0.10483725749305614,0.1897118256839756,0.0
0.9035,-1.185362935676264,0.1043386062194754,0.18994614753058214,0.0
0.90375,-1.1856414858534554,0.10384091802489037,0.19018009949462744,0.0
0.904,-1.1859193510015316,0.10334419460024091,0.1904136800446583,0.0
0.90425,-1.1861965309120408,0.1028484376364669,0.19064688765058402,0.0
0.9045,-1.1864730253765305,0.10235364882450815,0.1908797207836852,0.0
0.90475,-1.1867488341865489,0.10185982985530453,0.1911121779166245,0.0
0.905,-1.1870239571336438,0.1013669824197959,0.19134425752345408,0.0
0.90525,-1.1872983940093635,0.1008751082089221,0.1915759580796248,0.0
0.9055,-1.1875721446052556,0.100384208913623,0.19180727806199438,0.0
0.90575,-1.1878452087128684,0.09989428622483842,0.19203821594883763,0.0
0.906,-1.1881175861237496,0.09940534183350826,0.19226877021985378,0.0
0.90625,-1.1883892766294473,0.09891737743057233,0.19249893935617535,0.0
0.9065,-1.1886602800215091,0.09843039470697051,0.19272872184037837,0.0
0.90675,-1.1889305960914838,0.09794439535364263,0.19295811615648994,0.0
0.907,-1.1892002246309183,0.09745938106152856,0.1931871207899971,0.0
0.90725,-1.1894691654313618,0.09697535352156814,0.1934157342278564,0.0
0.9075,-1.1897374182843612,0.09649231442470124,0.19364395495850117,0.0
0.90775,-1.1900049829814652,0.0960102654618677,0.1938717814718529,0.0
0.908,-1.190271859314221,0.09552920832400735,0.19409921225932658,0.0
0.90825,-1.190538047074177,0.09504914470206009,0.19432624581384328,0.0
0.9085,-1.1908035460528816,0.09457007628696573,0.19455288062983622,0.0
0.90875,-1.1910683560418818,0.09409200476966417,0.1947791152032603,0.0
0.909,-1.1913324768327265,0.0936149318410952,0.19500494803160184,0.0
0.90925,-1.191595908216963,0.09313885919219875,0.19523037761388617,0.0
0.9095,-1.1918586499861399,0.0926637885139146,0.1954554024506876,0.0
0.90975,-1.1921207019318043,0.09218972149718262,0.19568002104413607,0.0
0.91,-1.192382063845505,0.09171665983294269,0.19590423189792983,0.0
0.91025,-1.1926427355187896,0.09124460521213465,0.19612803351734054,0.0
0.9105,-1.1929027167432062,0.09077355932569836,0.1963514244092237,0.0
0.91075,-1.1931620073103022,0.09030352386457363,0.1965744030820269,0.0
0.911,-1.1934206070116264,0.08983450051970038,0.1967969680458015,0.0
0.91125,-1.1936785156387266,0.08936649098201839,0.1970191178122065,0.0
0.9115,-1.1939357329831501,0.08889949694246756,0.1972408508945207,0.0
0.91175,-1.1941922588364458,0.08843352009198774,0.19746216580765208,0.0
0.912,-1.1944480929901609,0.08796856212151877,0.19768306106814393,0.0
0.91225,-1.1947032352358435,0.08750462472200049,0.19790353519418646,0.0
0.9125,-1.194957685365042,0.0870417095843728,0.19812358670562413,0.0
0.91275,-1.195211443169304,0.0865798183995755,0.1983432141239645,0.0
0.913,-1.1954645084401778,0.08611895285854847,0.19856241597238844,0.0
0.91325,-1.195716880969211,0.08565911465223155,0.19878119077575707,0.0
0.9135,-1.1959685605479515,0.08520030547156461,0.19899953706062257,0.0
0.91375,-1.1962195469679475,0.08474252700748748,0.19921745335523555,0.0
0.914,-1.1964698400207472,0.08428578095094003,0.19943493818955527,0.0
0.91425,-1.1967194394978982,0.0838300689928621,0.19965199009525736,0.0
0.9145,-1.1969683451909485,0.08337539282419357,0.19986860760574388,0.0
0.91475,-1.1972165568914461,0.08292175413587424,0.20008478925615059,0.0
0.915,-1.197464074390939,0.08246915461884399,0.20030053358335853,0.0
0.91525,-1.1977108974809751,0.0820175959640427,0.20051583912600002,0.0
0.9155,-1.1979570259531025,0.08156707986241019,0.2007307044244695,0.0
0.91575,-1.1982024595988692,0.08111760800488631,0.20094512802093245,0.0
0.916,-1.198447198209823,0.08066918208241095,0.20115910845933316,0.0
0.91625,-1.198691241577512,0.0802218037859239,0.20137264428540425,0.0
0.9165,-1.198934589493484,0.07977547480636507,0.20158573404667623,0.0
0.91675,-1.1991772417492872,0.07933019683467428,0.2017983762924862,0.0
0.917,-1.1994191981364692,0.0788859715617914,0.20201056957398622,0.0
0.91725,-1.1996604584465786,0.07844280067865628,0.20222231244415312,0.0
0.9175,-1.1999010224711628,0.07800068587620874,0.20243360345779626,0.0
0.91775,-1.2001408900017698,0.07755962884538868,0.20264444117156866,0.0
0.918,-1.2003800608299477,0.07711963127713593,0.20285482414397404,0.0
0.91825,-1.2006185347472447,0.07668069486239035,0.20306475093537668,0.0
0.9185,-1.2008563115452082,0.07624282129209177,0.20327422010801022,0.0
0.91875,-1.2010933910153865,0.07580601225718009,0.20348323022598702,0.0
0.919,-1.201329772949328,0.0753702694485951,0.2036917798553073,0.0
0.91925,-1.2015654571385799,0.07493559455727669,0.20389986756386724,0.0
0.9195,-1.2018004433746907,0.07450198927416471,0.20410749192146915,0.0
0.91975,-1.2020347314492081,0.07406945529019901,0.20431465149982975,0.0
0.92,-1.2022683211536798,0.07363799429631944,0.20452134487258977,0.0
0.92025,-1.2025012122796546,0.07320760798346587,0.20472757061532354,0.0
0.9205,-1.2027334046186797,0.07277829804257811,0.20493332730554648,0.0
0.92075,-1.2029648979623033,0.07235006616459605,0.2051386135227251,0.0
0.921,-1.2031956921020734,0.07192291404045953,0.20534342784828707,0.0
0.92125,-1.2034257868295382,0.0714968433611084,0.20554776886562887,0.0
0.9215,-1.2036551819362453,0.07107185581748252,0.20575163516012562,0.0
0.92175,-1.2038838772137428,0.07064795310052174,0.20595502531914,0.0
0.922,-1.2041118724535789,0.0702251369011659,0.20615793793203174,0.0
0.92225,-1.204339167447301,0.06980340891035487,0.2063603715901665,0.0
0.9225,-1.2045657619864576,0.0693827708190285,0.20656232488692483,0.0
0.92275,-1.2047916558625962,0.06896322431812661,0.2067637964177118,0.0
0.923,-1.2050168488672652,0.06854477109858911,0.20696478477996694,0.0
0.92325,-1.2052413407920126,0.0681274128513558,0.20716528857317118,0.0
0.9235,-1.2054651314283862,0.06771115126736657,0.20736530639885808,0.0
0.92375,-1.2056882205679336,0.06729598803756126,0.20756483686062244,0.0
0.924,-1.2059106080022033,0.06688192485287969,0.2077638785641296,0.0
0.92425,-1.2061322935227432,0.06646896340426178,0.207962430117125,0.0
0.9245,-1.206353276921101,0.06605710538264732,0.2081604901294416,0.0
0.92475,-1.2065735579888246,0.06564635247897618,0.20835805721301237,0.0
0.925,-1.2067931365174625,0.06523670638418824,0.20855512998187709,0.0
0.92525,-1.2070120122985624,0.06482816878922332,0.20875170705219226,0.0
0.9255,-1.207230185123672,0.06442074138502127,0.2089477870422407,0.0
0.92575,-1.2074476547843394,0.06401442586252197,0.20914336857244065,0.0
0.926,-1.2076644210721126,0.06360922391266526,0.2093384502653557,0.0
0.92625,-1.2078804837785397,0.06320513722639097,0.20953303074570329,0.0
0.9265,-1.208095842695169,0.06280216749463899,0.20972710864036403,0.0
0.92675,-1.2083104976135477,0.062400316408349144,0.2099206825783917,0.0
0.927,-1.2085244483252242,0.0619995856584613,0.2101137511910227,0.0
0.92725,-1.208737694621746,0.061599976935915304,0.21030631311168446,0.0
0.9275,-1.2089502362946618,0.06120149193165102,0.21049836697600655,0.0
0.92775,-1.2091620731355193,0.06080413233660828,0.21068991142182836,0.0
0.928,-1.2093732049358663,0.060407899841726946,0.21088094508920951,0.0
0.92825,-1.2095836314872506,0.06001279613794687,0.2110714666204383,0.0
0.9285,-1.2097933525812206,0.059618822916207896,0.21126147466004364,0.0
0.92875,-1.210002368009324,0.059225981867449894,0.21145096785480133,0.0
0.929,-1.2102106775631087,0.05883427468261271,0.2116399448537456,0.0
0.92925,-1.210418281034123,0.05844370305263619,0.2118284043081784,0.0
0.9295,-1.2106251782139148,0.05805426866846018,0.2120163448716783,0.0
0.92975,-1.210831368894032,0.057665973221024555,0.21220376520011008,0.0
0.93,-1.2110368528660223,0.057278818401269145,0.21239066395163442,0.0
0.93025,-1.211241629921434,0.05689280590013381,0.21257703978671905,0.0
0.9305,-1.2114456998518148,0.056507937408558404,0.21276289136814497,0.0
0.93075,-1.2116490624487128,0.056124214617482786,0.2129482173610191,0.0
0.931,-1.2118517175036763,0.05574163921784679,0.21313301643278293,0.0
0.93125,-1.2120536648082527,0.05536021290059029,0.21331728725322074,0.0
0.9315,-1.2122549041539903,0.05497993735665313,0.21350102849447206,0.0
0.93175,-1.212455435332437,0.05460081427697515,0.21368423883103893,0.0
0.932,-1.2126552581351406,0.05422284535249621,0.21386691693979576,0.0
0.93225,-1.2128543723536493,0.05384603227415617,0.21404906150000125,0.0
0.9325,-1.2130527777795113,0.05347037673289488,0.21423067119330597,0.0
0.93275,-1.2132504742042736,0.05309588041965218,0.214411744703761,0.0
0.933,-1.2134474614194852,0.05272254502536793,0.21459228071783198,0.0
0.93325,-1.2136437392166939,0.05235037224098199,0.214772277924405,0.0
0.9335,-1.2138393073874472,0.0519793637574342,0.21495173501479692,0.0
0.93375,-1.2140341657232931,0.05160952126566442,0.21513065068276638,0.0
0.934,-1.2142283140157804,0.0512408464566125,0.2153090236245243,0.0
0.93425,-1.214421752056456,0.050873341021218293,0.21548685253874034,0.0
0.9345,-1.2146144796368685,0.05050700665042164,0.21566413612655655,0.0
0.93475,-1.2148064965485657,0.05014184503516242,0.2158408730915944,0.0
0.935,-1.2149978025830954,0.049777857866380455,0.21601706213996685,0.0
0.93525,-1.215188397532006,0.049415046835015616,0.21619270198028695,0.0
0.9355,-1.2153782811868448,0.049053413632007756,0.21636779132367767,0.0
0.93575,-1.2155674533391605,0.0486929599482967,0.2165423288837831,0.0
0.936,-1.2157559137805003,0.048333687474822334,0.216716313376776,0.0
0.93625,-1.2159436623024131,0.0479755979025245,0.21688974352137147,0.0
0.9365,-1.2161306986964462,0.04761869292234304,0.2170626180388333,0.0
0.93675,-1.2163170227541475,0.047262974225217816,0.21723493565298524,0.0
0.937,-1.2165026342670653,0.046908443502088684,0.21740669509022248,0.0
0.93725,-1.2166875330267477,0.04655510244389548,0.2175778950795202,0.0
0.9375,-1.2168717188247422,0.04620295274157807,0.217748534352443,0.0
0.93775,-1.217055191452597,0.045851996086076305,0.21791861164315707,0.0
0.938,-1.2172379507018602,0.04550223416833003,0.21808812568843883,0.0
0.93825,-1.2174199963640797,0.045153668679279106,0.21825707522768512,0.0
0.9385,-1.2176013282308031,0.04480630130986338,0.2184254590029242,0.0
0.93875,-1.2177819460935786,0.0444601337510227,0.21859327575882448,0.0
0.939,-1.2179618497439546,0.04411516769369693,0.2187605242427073,0.0
0.93925,-1.2181410389734784,0.04377140482882591,0.21892720320455328,0.0
0.9395,-1.2183195135736986,0.043428846847349496,0.21909331139701704,0.0
0.93975,-1.2184972733361625,0.04308749544020754,0.2192588475754329,0.0
0.94,-1.2186743180524187,0.0427473522983399,0.21942381049782944,0.0
0.94025,-1.2188506475140146,0.04240841911268642,0.2195881989249362,0.0
0.9405,-1.2190262615124987,0.04207069757418695,0.2197520116201972,0.0
0.94075,-1.2192011598394186,0.04173418937378136,0.21991524734977808,0.0
0.941,-1.2193753422863223,0.041398896202409476,0.22007790488257895,0.0
0.94125,-1.219548808644758,0.04106481975101117,0.22023998299024417,0.0
0.9415,-1.219721558706273,0.04073196171052629,0.22040148044717167,0.0
0.94175,-1.2198935922624163,0.04040032377189468,0.22056239603052497,0.0
0.942,-1.2200649091047353,0.04006990762605621,0.22072272852024288,0.0
0.94225,-1.2202355090247778,0.03974071496395071,0.22088247669904937,0.0
0.9425,-1.220405391814092,0.03941274747651804,0.221041639352465,0.0
0.94275,-1.220574557264226,0.039086006854698055,0.2212002152688175,0.0
0.943,-1.2207430051667276,0.03876049478943061,0.22135820323925226,0.0
0.94325,-1.2209107353131445,0.03843621297165555,0.22151560205774112,0.0
0.9435,-1.2210777474950252,0.03811316309231273,0.2216724105210961,0.0
0.94375,-1.2212440415039174,0.037791346842342005,0.22182862742897802,0.0
0.944,-1.221409617131369,0.037470765912683224,0.22198425158390678,0.0
0.94425,-1.221574474168928,0.03715142199427625,0.2221392817912735,0.0
0.9445,-1.2217386124081426,0.03683331677806091,0.22229371685935084,0.0
0.94475,-1.2219020316405604,0.036516451954977075,0.2224475555993024,0.0
0.945,-1.2220647316577296,0.03620082921596459,0.22260079682519507,0.0
0.94525,-1.222226712251198,0.03588645025196331,0.2227534393540096,0.0
0.9455,-1.222387973212514,0.03557331675391309,0.2229054820056504,0.0
0.94575,-1.222548514333225,0.03526143041275377,0.22305692360295692,0.0
0.946,-1.2227083354048793,0.034950792919425225,0.22320776297171507,0.0
0.94625,-1.2228674362190248,0.03464140596486728,0.22335799894066732,0.0
0.9465,-1.2230258165672094,0.03433327124001981,0.22350763034152354,0.0
0.94675,-1.2231834762409812,0.034026390435822645,0.223656656008973,0.0
0.947,-1.223340415031888,0.033720765243215656,0.2238050747806941,0.0
0.94725,-1.2234966327314778,0.033416397353138685,0.22395288549736558,0.0
0.9475,-1.223652129131299,0.03311328845653158,0.22410008700267903,0.0
0.94775,-1.223806904022899,0.0328114402443342,0.2242466781433472,0.0
0.948,-1.2239609571978256,0.03251085440748641,0.2243926577691171,0.0
0.94825,-1.2241142884476273,0.032211532636928046,0.22453802473278084,0.0
0.9485,-1.2242668975638518,0.03191347662359896,0.2246827778901863,0.0
0.94875,-1.2244187843380474,0.031616688058439,0.22482691610024896,0.0
0.949,-1.2245699485617618,0.03132116863238803,0.22497043822496154,0.0
0.94925,-1.2247203900265429,0.031026920036385894,0.22511334312940678,0.0
0.9495,-1.2248701085239388,0.030733943961372447,0.22525562968176827,0.0
0.94975,-1.2250191038454974,0.03044224209828754,0.2253972967533413,0.0
0.95,-1.2251673757827666,0.03015181613807102,0.2255383432185445,0.0
0.95025,-1.2253149241272947,0.02986266777166275,0.22567876795493147,0.0
0.9505,-1.2254617486706294,0.029574798690002572,0.22581856984320114,0.0
0.95075,-1.2256078492043185,0.02928821058403034,0.2259577477672099,0.0
0.951,-1.2257532255199102,0.02900290514468591,0.22609630061398334,0.0
0.95125,-1.2258978774089526,0.028718884062909136,0.226234227273727,0.0
0.9515,-1.2260418046629935,0.02843614902963986,0.22637152663983762,0.0
0.95175,-1.2261850070735807,0.028154701735817942,0.22650819760891538,0.0
0.952,-1.2263274844322622,0.02787454387238323,0.22664423908077502,0.0
0.95225,-1.2264692365305865,0.027595677130275574,0.22677964995845845,0.0
0.9525,-1.2266102631601012,0.027318103200434832,0.22691442914824456,0.0
0.95275,-1.2267505641123542,0.027041823773800853,0.22704857555966074,0.0
0.953,-1.2268901391788933,0.026766840541313487,0.22718208810549712,0.0
0.95325,-1.2270289881512666,0.02649315519391259,0.22731496570181609,0.0
0.9535,-1.2271671108210223,0.02622076942253801,0.2274472072679643,0.0
0.95375,-1.227304506979708,0.0259496849181296,0.2275788117265849,0.0
0.954,-1.2274411764188722,0.025679903371627212,0.22770977800362946,0.0
0.95425,-1.2275771189300624,0.025411426473970697,0.2278401050283685,0.0
0.9545,-1.2277123343048266,0.02514425591609991,0.22796979173340448,0.0
0.95475,-1.227846822334713,0.0248783933889547,0.22809883705468414,0.0
0.955,-1.2279805828112695,0.02461384058347492,0.2282272399315095,0.0
0.95525,-1.2281136155260437,0.024350599190600418,0.22835499930654923,0.0
0.9555,-1.2282459202705842,0.024088670901271054,0.2284821141258524,0.0
0.95575,-1.2283774968364385,0.02382805740642667,0.22860858333885914,0.0
0.956,-1.2285083450151548,0.02356876039700713,0.2287344058984131,0.0
0.95625,-1.2286384645982809,0.02331078156395227,0.22885958076077317,0.0
0.9565,-1.2287678553773647,0.023054122598201957,0.22898410688562665,0.0
0.95675,-1.2288965171439545,0.02279878519069603,0.22910798323610004,0.0
0.957,-1.2290244496895981,0.02254477103237435,0.22923120877877223,0.0
0.95725,-1.2291516528058435,0.022292081814176766,0.2293537824836862,0.0
0.9575,-1.2292781262842385,0.022040719227043128,0.2294757033243615,0.0
0.95775,-1.2294038699163314,0.02179068496191329,0.22959697027780668,0.0
0.958,-1.2295288834936697,0.021541980709727102,0.22971758232453032,0.0
0.95825,-1.2296531668078017,0.021294608161424415,0.22983753844855603,0.0
0.9585,-1.2297767196502756,0.021048569007945085,0.22995683763743302,0.0
0.95875,-1.2298995418126388,0.020803864940228962,0.23007547888224744,0.0
0.959,-1.2300216330864393,0.0205604976492159,0.23019346117763706,0.0
0.95925,-1.2301429932632253,0.020318468825845742,0.23031078352180367,0.0
0.9595,-1.230263622134545,0.020077780161058347,0.23042744491652423,0.0
0.95975,-1.2303835194919461,0.019838433345793563,0.23054344436716412,0.0
0.96,-1.230502685126977,0.01960043007099125,0.23065878088268965,0.0
0.96025,-1.2306211188311846,0.019363772027591247,0.23077345347568046,0.0
0.9605,-1.2307388203961174,0.01912846090653341,0.23088746116234327,0.0
0.96075,-1.230855789613324,0.0188944983987576,0.23100080296252457,0.0
0.961,-1.2309720262743518,0.018661886195203654,0.2311134778997206,0.0
0.96125,-1.2310875301707487,0.018430625986811437,0.2312254850010942,0.0
0.9615,-1.231202301094063,0.018200719464520794,0.23133682329748506,0.0
0.96175,-1.2313163388358424,0.017972168319271578,0.23144749182342284,0.0
0.962,-1.2314296431876346,0.017744974242003643,0.23155748961714107,0.0
0.96225,-1.2315422139409884,0.017519138923656835,0.2316668157205899,0.0
0.9625,-1.231654050887451,0.017294664055171008,0.2317754691794478,0.0
0.96275,-1.231765153818571,0.017071551327486015,0.23188344904313696,0.0
0.963,-1.2318755225258955,0.016849802431541706,0.23199075436483296,0.0
0.96325,-1.2319851568009732,0.01662941905827793,0.23209738420148196,0.0
0.9635,-1.232094056435352,0.01641040289863455,0.23220333761381107,0.0
0.96375,-1.2322022212205794,0.016192755643551406,0.23230861366634192,0.0
0.964,-1.2323096509482039,0.015976478983968354,0.2324132114274049,0.0
0.96425,-1.2324163454097732,0.015761574610825245,0.2325171299691513,0.0
0.9645,-1.2325223043968352,0.01554804421506193,0.23262036836756783,0.0
0.96475,-1.2326275277009382,0.01533588948761826,0.23272292570248876,0.0
0.965,-1.2327320151136298,0.01512511211943409,0.23282480105761016,0.0
0.96525,-1.2328357664264582,0.014915713801449269,0.23292599352050303,0.0
0.9655,-1.2329387814309711,0.01470769622460365,0.23302650218262677,0.0
0.96575,-1.2330410599187167,0.01450106107983708,0.23312632613934303,0.0
0.966,-1.233142601681243,0.014295810058089418,0.2332254644899292,0.0
0.96625,-1.2332434065100981,0.01409194485030051,0.23332391633759175,0.0
0.9665,-1.2333434741968294,0.013889467147410208,0.23342168078947934,0.0
0.96675,-1.2334428045329857,0.013688378640358366,0.23351875695669855,0.0
0.967,-1.2335413973101141,0.013488681020084835,0.23361514395432526,0.0
0.96725,-1.233639252319763,0.013290375977529465,0.2337108409014197,0.0
0.9675,-1.2337363693534802,0.01309346520363211,0.23380584692104045,0.0
0.96775,-1.233832748202814,0.012897950389332618,0.2339001611402578,0.0
0.968,-1.2339283886593122,0.012703833225570844,0.23399378269016813,0.0
0.96825,-1.2340232905145225,0.012511115403286636,0.2340867107059066,0.0
0.9685,-1.2341174535599932,0.01231979861341985,0.2341789443266633,0.0
0.96875,-1.2342108775872722,0.012129884546910333,0.23427048269569584,0.0
0.969,-1.2343035623879075,0.011941374894697938,0.23436132496034356,0.0
0.96925,-1.234395507753447,0.01175427134772252,0.23445147027204194,0.0
0.9695,-1.2344867134754385,0.011568575596923925,0.2345409177863369,0.0
0.96975,-1.2345771793454303,0.011384289333242006,0.2346296666628993,0.0
0.97,-1.23466690515497,0.011201414247616618,0.23471771606553782,0.0
0.97025,-1.234755890695606,0.011019952030987606,0.234805065162216,0.0
0.9705,-1.234844135758886,0.010839904374294829,0.2348917131250634,0.0
0.97075,-1.2349316401363581,0.01066127296847813,0.23497765913039248,0.0
0.971,-1.23501840361957,0.01048405950447737,0.23506290235871163,0.0
0.97125,-1.2351044260000696,0.010308265673232394,0.2351474419947408,0.0
0.9715,-1.2351897070694058,0.010133893165683056,0.23523127722742587,0.0
0.97175,-1.2352742466191253,0.009960943672769205,0.23531440724995178,0.0
0.972,-1.235358044440777,0.009789418885430693,0.23539683125975963,0.0
0.97225,-1.2354411003259083,0.009619320494607373,0.2354785484585593,0.0
0.9725,-1.2355234140660674,0.009450650191239095,0.23555955805234574,0.0
0.97275,-1.2356049854528024,0.009283409666265714,0.23563985925141306,0.0
0.973,-1.235685814277661,0.009117600610627077,0.23571945127036864,0.0
0.97325,-1.2357659003321912,0.008953224715263036,0.23579833332814992,0.0
0.9735,-1.2358452434079412,0.008790283671113442,0.235876504648038,0.0
0.97375,-1.235923843296459,0.00862877916911815,0.23595396445767336,0.0
0.974,-1.2360016997892922,0.008468712900217007,0.23603071198906944,0.0
0.97425,-1.236078812677989,0.008310086555349866,0.23610674647862995,0.0
0.9745,-1.2361551817540972,0.008152901825456579,0.23618206716716306,0.0
0.97475,-1.236230806809165,0.007997160401476997,0.23625667329989608,0.0
0.975,-1.2363056876347402,0.00784286397435097,0.23633056412649123,0.0
0.97525,-1.2363798240223711,0.0076900142350183505,0.23640373890106137,0.0
0.9755,-1.2364532157636052,0.007538612874418991,0.23647619688218446,0.0
0.97575,-1.2365258626499904,0.0073886615834927415,0.2365479373329198,0.0
0.976,-1.2365977644730752,0.007240162053179452,0.23661895952082324,0.0
0.97625,-1.2366689210244073,0.007093115974418976,0.23668926271796287,0.0
0.9765,-1.2367393320955347,0.006947525038151164,0.2367588462009338,0.0
0.97675,-1.2368089974780054,0.006803390935315868,0.23682770925087526,0.0
0.977,-1.2368779169633672,0.006660715356852937,0.23689585115348466,0.0
0.97725,-1.2369460903431682,0.0065194999937022245,0.23696327119903482,0.0
0.9775,-1.2370135174089563,0.00637974653680358,0.2370299686823889,0.0
0.97775,-1.2370801979522796,0.006241456677096857,0.2370959429030166,0.0
0.978,-1.237146131764686,0.006104632105521904,0.23716119316500928,0.0
0.97825,-1.2372113186377232,0.005969274513018575,0.23722571877709742,0.0
0.9785,-1.2372757583629395,0.005835385590526719,0.23728951905266582,0.0
0.97875,-1.237339450731883,0.005702967028986188,0.23735259330976932,0.0
0.979,-1.2374023955361013,0.005572020519336833,0.23741494087114945,0.0
0.97925,-1.2374645925671426,0.005442547752518506,0.23747656106424997,0.0
0.9795,-1.2375260416165546,0.005314550419471057,0.23753745322123465,0.0
0.97975,-1.2375867424758855,0.005188030211134339,0.2375976166790017,0.0
0.98,-1.2376466949366833,0.005062988818448201,0.23765705077920174,0.0
0.98025,-1.2377058987904959,0.004939427932352494,0.23771575486825247,0.0
0.9805,-1.2377643538288714,0.0048173492437870715,0.23777372829735732,0.0
0.98075,-1.2378220598433574,0.004696754443691784,0.23783097042251966,0.0
0.981,-1.2378790166255023,0.004577645223006481,0.23788748060456122,0.0
0.98125,-1.2379352239668537,0.004460023272671016,0.2379432582091383,0.0
0.9815,-1.2379906816589599,0.0043438902836252374,0.23799830260675736,0.0
0.98175,-1.2380453894933683,0.004229247946808998,0.23805261317279314,0.0
0.982,-1.2380993472616275,0.004116097953162149,0.23810618928750538,0.0
0.98225,-1.2381525547552852,0.004004441993624541,0.2381590303360548,0.0
0.9825,-1.2382050117658898,0.0038942817591360256,0.2382111357085217,0.0
0.98275,-1.2382567180849884,0.0037856189406364534,0.23826250479991917,0.0
0.983,-1.2383076735041296,0.003678455229065675,0.23831313701021606,0.0
0.98325,-1.2383578778148612,0.0035727923153635426,0.23836303174434903,0.0
0.9835,-1.238407330808731,0.003468631890469906,0.23841218841224165,0.0
0.98375,-1.2384560322772875,0.003365975645324617,0.23846060642882239,0.0
0.984,-1.238503982012078,0.0032648252708675266,0.23850828521404055,0.0
0.98425,-1.2385511798046511,0.003165182458038486,0.23855522419288433,0.0
0.9845,-1.2385976254465543,0.0030670488977773457,0.23860142279539787,0.0
0.98475,-1.2386433187293355,0.002970426281023957,0.23864688045669946,0.0
0.985,-1.2386882594445432,0.002875316298718171,0.2386915966169989,0.0
0.98525,-1.238732447383725,0.0027817206417998386,0.23873557072161367,0.0
0.9855,-1.238775882338429,0.0026896410012088113,0.23877880222098913,0.0
0.98575,-1.2388185641002027,0.002599079067884939,0.23882129057071388,0.0
0.986,-1.2388604924605948,0.002510036532768073,0.23886303523153973,0.0
0.98625,-1.2389016672111528,0.002422515086798065,0.23890403566939766,0.0
0.9865,-1.2389420881434248,0.002336516420914765,0.2389442913554165,0.0
0.98675,-1.2389817550489588,0.0022520422260580244,0.23898380176594158,0.0
0.987,-1.2390206677193027,0.0021690941931676944,0.23902256638255204,0.0
0.98725,-1.2390588259460047,0.0020876740131836255,0.23906058469207903,0.0
0.9875,-1.2390962295206123,0.002007783377045669,0.23909785618662371,0.0
0.98775,-1.239132878234674,0.001929423975693675,0.23913438036357682,0.0
0.988,-1.2391687718797375,0.0018525975000674953,0.2391701567256348,0.0
0.98825,-1.2392039102473504,0.0017773056411069803,0.23920518478081965,0.0
0.9885,-1.2392382931290613,0.0017035500897519813,0.23923946404249796,0.0
0.98875,-1.2392719203164178,0.0016313325369423488,0.23927299402939783,0.0
0.989,-1.239304791600968,0.0015606546736179336,0.2393057742656286,0.0
0.98925,-1.2393369067742601,0.0014915181907185868,0.23933780428069906,0.0
0.9895,-1.2393682656278415,0.001423924779184159,0.2393690836095359,0.0
0.98975,-1.2393988679532606,0.0013578761299545016,0.23939961179250346,0.0
0.99,-1.2394287135420652,0.0012933739339694647,0.23942938837542171,0.0
0.99025,-1.2394578021858034,0.0012304198821688995,0.23945841290958536,0.0
0.9905,-1.239486133676023,0.0011690156654926569,0.2394866849517836,0.0
0.99075,-1.2395137078042722,0.001109162974880587,0.2395142040643179,0.0
0.991,-1.2395405243620985,0.0010508635012725415,0.2395409698150217,0.0
0.99125,-1.2395665831410505,0.0009941189356083707,0.23956698177728053,0.0
0.9915,-1.2395918839326758,0.0009389309688279254,0.23959223953004982,0.0
0.99175,-1.2396164265285223,0.0008853012918710564,0.23961674265787525,0.0
0.992,-1.2396402107201383,0.0008332315956776146,0.23964049075091154,0.0
0.99225,-1.2396632362990716,0.0007827235711874506,0.2396634834049427,0.0
0.9925,-1.2396855030568699,0.0007337789093404151,0.23968572022140044,0.0
0.99275,-1.2397070107850814,0.0006863993010763588,0.23970720080738528,0.0
0.993,-1.239727759275254,0.0006405864373351326,0.23972792477568472,0.0
0.99325,-1.239747748318936,0.000596342009056587,0.23974789174479505,0.0
0.9935,-1.2397669777076752,0.0005536677071805727,0.2397671013389382,0.0
0.99375,-1.239785447233019,0.0005125652226469406,0.23978555318808437,0.0
0.994,-1.2398031566865162,0.0004730362463955411,0.2398032469279714,0.0
0.99425,-1.2398201058597142,0.0004350824693662251,0.2398201822001238,0.0
0.9945,-1.2398362945441614,0.000398705582498843,0.23983635865187392,0.0
0.99475,-1.2398517225314056,0.0003639072767332457,0.23985177593638185,0.0
0.995,-1.2398663896129947,0.0003306892430092837,0.23986643371265504,0.0
0.99525,-1.2398802955804764,0.00029905317226680767,0.2398803316455702,0.0
0.9955,-1.2398934402253992,0.00026900075544566813,0.23989346940589296,0.0
0.99575,-1.2399058233393108,0.0002405336834857158,0.23990584667029746,0.0
0.996,-1.239917444713759,0.00021365364732680122,0.23991746312138806,0.0
0.99625,-1.2399283041402922,0.000188362337908775,0.23992831844772033,0.0
0.9965,-1.2399384014104582,0.00016466144617148764,0.23993841234382063,0.0
0.99675,-1.2399477363158047,0.0001425526630547898,0.23994774451020717,0.0
0.997,-1.23995630864788,0.00012203767949853196,0.23995631465341227,0.0
0.99725,-1.2399641181982317,0.00010311818644256469,0.23996412248600119,0.0
0.9975,-1.239971164758408,8.579587482673853e-05,0.23997116772659477,0.0
0.99775,-1.2399774481199572,7.0072435590904e-05,0.23997745009989102,0.0
0.998,-1.2399829680744268,5.59495596749116e-05,0.23998296933668328,0.0
0.99825,-1.2399877244133646,4.3428938018611866e-05,0.23998772517388534,0.0
0.9985,-1.2399917169283192,3.2512261561855254e-05,0.23999171735455072,0.0
0.99875,-1.2399949454108383,2.320122124449226e-05,0.23999494562789425,0.0
0.999,-1.2399974096524695,1.5497508006373344e-05,0.2399974097493136,0.0
0.99925,-1.2399991094447613,9.40281278734898e-06,0.2399991094804117,0.0
0.9995,-1.2400000445792614,4.918826527269619e-06,0.24000004458901736,0.0
0.99975,-1.2400002148475178,2.0472401659856884e-06,0.24000021484920775,0.0
