t,x,y,gap,dual
0.0,1.2000000023752349,2.9414912384394084e-06,0.20000000237883997,0.0
0.00025,1.1999993128468471,7.522507994990014e-06,0.1999993128704256,0.0
0.0005,1.1999979315968545,1.3741763439156784e-05,0.19999793167553626,0.0
0.00075,1.1999958586707375,2.1596424844005924e-05,0.19999585886507387,0.0
0.001,1.199993094153907,3.1085790084262044e-05,0.19999309455654535,0.0
0.00125,1.199989638200437,4.220743191751808e-05,0.19998963894272137,0.0
0.0015,1.199985490928464,5.49596918943962e-05,0.1999854921870492,0.0
0.00175,1.1999806525793737,6.934126118096628e-05,0.1999806545828271,0.0
0.002,1.199975123157909,8.535035635759414e-05,0.19997512619325675,0.0
0.00225,1.1999689028164706,0.0001029849935321181,0.1999689072357138,0.0
0.0025,1.1999619916802615,0.00012224355999990166,0.19996199790691205,0.0
0.00275,1.199954389845706,0.0001431239316502797,0.19995439838122198,0.0
0.003,1.1999460974290344,0.00016562503694217412,0.19994610885940323,0.0
0.00325,1.1999371146064508,0.0001897447067591429,0.1999371296085093,0.0
0.0035,1.1999274414074321,0.0002154810085386316,0.19992746075529566,0.0
0.00375,1.1999170780488626,0.00024283239429223613,0.19991710262038187,0.0
0.004,1.1999060246174036,0.00027179724871473354,0.19990605540054074,0.0
0.00425,1.1998942812864701,0.00030237411456823793,0.19989431938570323,0.0
0.0045,1.199881848169131,0.0003345613549754489,0.19988189481176422,0.0
0.00475,1.199868725325965,0.0003683561346861097,0.19986878186808332,0.0
0.005,1.1998549128713893,0.00040375761425082146,0.199854980804689,0.0
0.00525,1.1998404109348844,0.0004407638473367115,0.1998404918926353,0.0
0.0055,1.1998252197384023,0.0004793729634968713,0.19982531550169558,0.0
0.00575,1.1998093393026323,0.0005195833373790038,0.1998094518066873,0.0
0.006,1.1997927698618938,0.0005613936690735954,0.19979290120242288,0.0
0.00625,1.1997755112834998,0.0006048014048900541,0.1997756637223156,0.0
0.0065,1.199757564006612,0.0006498049410481599,0.19975773997817625,0.0
0.00675,1.199738928004173,0.0006964036519576666,0.1997391301223148,0.0
0.007,1.1997196033458746,0.0007445940265711215,0.19971983440828667,0.0
0.00725,1.1996995902232168,0.0007943759064374945,0.19969985321947714,0.0
0.0075,1.1996788887091459,0.0008457460025539376,0.1996791868248411,0.0
0.00775,1.1996574990940498,0.0008987043104582426,0.19965783571901352,0.0
0.008,1.1996354212013074,0.0009532473243041295,0.19963579993317104,0.0
0.00825,1.1996126554118725,0.001009374714186606,0.19961308006441714,0.0
0.0085,1.1995892017568952,0.0010670846966860381,0.19958967636500402,0.0
0.00875,1.199565060316063,0.0011263741840110697,0.19956558914045308,0.0
0.009,1.199540231253911,0.0011872427168242439,0.19954081878940455,0.0
0.00925,1.1995147147145175,0.001249688011824901,0.1995153656943196,0.0
0.0095,1.1994885108866864,0.0013137086523187236,0.19948923028911913,0.0
0.00975,1.1994616197789725,0.0013793030248621108,0.1994624128331952,0.0
0.01,1.199434041474225,0.001446468400203571,0.19943491366477484,0.0
0.01025,1.1994057762415853,0.0015152044610857729,0.19940673331703396,0.0
0.0105,1.1993768241224316,0.0015855082123295006,0.19937787209798974,0.0
0.01075,1.1993471851916162,0.0016573786750058161,0.1993483303574175,0.0
0.011,1.199316859540403,0.001730813641316331,0.19931810846568787,0.0
0.01125,1.1992858475095307,0.0018058117998265288,0.1992872070496332,0.0
0.0115,1.1992541490803568,0.0018823709643100983,0.19925562638117222,0.0
0.01175,1.1992217643085326,0.0019604899509033658,0.19922336681375463,0.0
0.012,1.1991886934631992,0.0020401665454841122,0.199190428918405,0.0
0.01225,1.1991549365065133,0.0021213992354063294,0.19915681296595067,0.0
0.0125,1.1991204936949238,0.0022041863681607765,0.1991225195269679,0.0
0.01275,1.199085365216444,0.002288526040942429,0.19908754910877668,0.0
0.013,1.1990495509586108,0.002374416526862433,0.19905190192413658,0.0
0.01325,1.1990130511395645,0.002461856005680829,0.19901557852181417,0.0
0.0135,1.198975866034397,0.002550843147730575,0.1989785795141199,0.0
0.01375,1.1989379954948003,0.0026413751017742015,0.19894090509228946,0.0
0.014,1.1988994398844337,0.002733451622333405,0.19890255597065942,0.0
0.01425,1.1988601991733105,0.0028270698258126004,0.19886353246967592,0.0
0.0145,1.1988202735507922,0.002922228781628178,0.19882383513902857,0.0
0.01475,1.1987796630617442,0.0030189258300907795,0.1987834643852895,0.0
0.015,1.1987383679737267,0.0031171597754280356,0.19874242084668858,0.0
0.01525,1.1986963882488961,0.0032169293530728282,0.19870070486148084,0.0
0.0155,1.1986537242339423,0.0033182323425791083,0.19865831715538484,0.0
0.01575,1.1986103757620068,0.0034210665298246568,0.19861525794582668,0.0
0.016,1.1985663431870783,0.0035254316075992165,0.19857152798189937,0.0
0.01625,1.1985216265165963,0.0036313243017644936,0.19852712766302139,0.0
0.0165,1.198476225985205,0.003738743819738488,0.1984820576283528,0.0
0.01675,1.1984301415035947,0.003847686949498552,0.19843631819099472,0.0
0.017,1.1983833733193343,0.003958153744974879,0.19838991001647543,0.0
0.01725,1.1983359215665068,0.004070141361253832,0.1983428336529367,0.0
0.0175,1.198287786414575,0.004183649304778214,0.19829508969696086,0.0
0.01775,1.1982389679035688,0.004298674917336598,0.19824667861365453,0.0
0.018,1.1981894661837504,0.004415215934599814,0.1981976009846831,0.0
0.01825,1.1981392814024527,0.004533271545753337,0.19814785739928342,0.0
0.0185,1.1980884136584713,0.004652839814511367,0.19809744839934118,0.0
0.01875,1.1980368630552043,0.004773918957454271,0.19804637453704887,0.0
0.019,1.197984629735382,0.004896507144295015,0.19799463640887582,0.0
0.01925,1.19793171382881,0.005020603097818821,0.19794223460578242,0.0
0.0195,1.1978781153997868,0.00514620352417694,0.19788916964987102,0.0
0.01975,1.1978238346058738,0.005273308170089308,0.19783544217433158,0.0
0.02,1.1977688715817116,0.005401914966114418,0.19778105278695568,0.0
0.02025,1.1977132265220547,0.005532022428980099,0.19772600216327652,0.0
0.0205,1.1976568994491732,0.005663628282832178,0.19767029080775522,0.0
0.02075,1.1975998904893856,0.00579673121325186,0.19761391933834305,0.0
0.021,1.1975421998147588,0.005931329214774905,0.197556888420515,0.0
0.02125,1.1974838275157662,0.006067420419554992,0.19749919864372223,0.0
0.0215,1.1974247736605186,0.006205003676825527,0.19744085058368266,0.0
0.02175,1.1973650384372618,0.0063440759806212554,0.19738184493164646,0.0
0.022,1.1973046219663637,0.006484637267348603,0.1973221823312663,0.0
0.02225,1.1972435244194255,0.006626684549630113,0.19726186346695584,0.0
0.0225,1.1971817458561436,0.0067702170895529434,0.19720088892825482,0.0
0.02275,1.1971192863831703,0.006915232142617356,0.1971392593454353,0.0
0.023,1.1970561461661564,0.00706172846582831,0.19707697542100244,0.0
0.02325,1.196992325327841,0.0072097047168711015,0.19701403781904592,0.0
0.0235,1.1969278240104888,0.007359158892143114,0.19695044722414612,0.0
0.02375,1.1968626422304194,0.007510088591558883,0.19688620419713843,0.0
0.024,1.1967967802055401,0.007662492771473239,0.19682130951358845,0.0
0.02425,1.1967302379926181,0.007816369390340583,0.19675576378654425,0.0
0.0245,1.1966630157333604,0.007971716507412907,0.19668956771927082,0.0
0.02475,1.1965951136092716,0.008128532487674534,0.19662272206154796,0.0
0.025,1.1965265317189147,0.008286816376369188,0.19655522748970955,0.0
0.02525,1.1964572701354683,0.008446565935201988,0.1964870846507767,0.0
0.0255,1.196387329095483,0.008607779210777267,0.19641829436161884,0.0
0.02575,1.1963167085053712,0.00877045433971091,0.19634885711419914,0.0
0.026,1.1962454086821612,0.008934589612223931,0.19627877381682635,0.0
0.02625,1.1961734296991242,0.009100183924417138,0.19620804514332857,0.0
0.0265,1.1961007716165142,0.009267234880667274,0.19613667174949279,0.0
0.02675,1.1960274347460587,0.009435741415757093,0.19606465455731215,0.0
0.027,1.1959534189863135,0.009605700974134379,0.19599199406862966,0.0
0.02725,1.1958787245312426,0.00977711193750963,0.19591869109246307,0.0
0.0275,1.195803351491218,0.009949973303903903,0.1958447463639994,0.0
0.02775,1.1957273000790796,0.010124282687357322,0.19577016071414777,0.0
0.028,1.195650570346201,0.01030003886718589,0.19569493482654732,0.0
0.02825,1.1955731624304775,0.010477239208611877,0.19561906946378516,0.0
0.0285,1.195495076462505,0.010655883092368867,0.19554256540307624,0.0
0.02875,1.195416312482081,0.010835967596918294,0.19546542331512784,0.0
0.029,1.1953368706575525,0.011017491400778567,0.19538764401768716,0.0
0.02925,1.1952567511416454,0.011200453080192574,0.19530922831662378,0.0
0.0295,1.1951759540940596,0.011384851184246259,0.19523017702915002,0.0
0.02975,1.1950944795896472,0.0115706836929661,0.19515049088672187,0.0
0.03,1.1950123277129308,0.011757948156059683,0.19507017063046028,0.0
0.03025,1.194929498692046,0.011946643675301516,0.19498921716454376,0.0
0.0305,1.1948459924717145,0.012136767990085673,0.1949076311008151,0.0
0.03075,1.194761809420756,0.012328320134869841,0.19482541349257665,0.0
0.031,1.194676949477616,0.01252129779771849,0.1947425649535055,0.0
0.03125,1.1945914127840016,0.012715699297487504,0.19465908631119588,0.0
0.0315,1.1945051994521911,0.012911522242276874,0.194574978360476,0.0
0.03175,1.1944183097081815,0.013108766123281157,0.19449024203441034,0.0
0.032,1.1943307435882833,0.01330742841172139,0.19440487805897488,0.0
0.03225,1.1942425012594953,0.013507507972462918,0.19431888731032032,0.0
0.0325,1.1941535828327474,0.013709001893630557,0.19423227059278836,0.0
0.03275,1.1940639883524398,0.013911909294492375,0.1941450286712889,0.0
0.033,1.1939737180302963,0.014116228991184698,0.19405716247925953,0.0
0.03325,1.1938827720103955,0.0143219583604548,0.19396867286981379,0.0
0.0335,1.1937911503907426,0.014529096036937972,0.19387956066887369,0.0
0.03375,1.1936988531979775,0.014737639441648298,0.19378982662044764,0.0
0.034,1.1936058806898977,0.014947588651949673,0.19369947173650637,0.0
0.03425,1.1935122329154133,0.015158940263532372,0.19360849678135628,0.0
0.0345,1.1934179100200435,0.015371693269571551,0.19351690264972055,0.0
0.03475,1.193322912069668,0.015585845455206027,0.1934246901455432,0.0
0.035,1.193227239285216,0.015801395169049215,0.19333186023901439,0.0
0.03525,1.1931308917159225,0.016018341649754575,0.1932384137447305,0.0
0.0355,1.1930338695425018,0.016236681684560494,0.19314435158017695,0.0
0.03575,1.1929361728153047,0.016456414450004786,0.19304967456840494,0.0
0.036,1.1928378016716685,0.016677538201349762,0.1929543836112746,0.0
0.03625,1.1927387562896108,0.016900050963627677,0.19285847965207537,0.0
0.0365,1.1926390367063249,0.017123950754807993,0.19276196349701036,0.0
0.03675,1.1925386430887173,0.01734923595400062,0.19266483609103968,0.0
0.037,1.1924375756332157,0.017575905440196493,0.19256709842006958,0.0
0.03725,1.1923358343634387,0.01780395639897847,0.19246875127636542,0.0
0.0375,1.1922334194369473,0.018033388495979352,0.19236979562674383,0.0
0.03775,1.1921303310029803,0.01826419880333674,0.19227023239498986,0.0
0.038,1.1920265691508956,0.018496386361093187,0.19217006247853474,0.0
0.03825,1.1919221340277932,0.01872994849020415,0.1920692868100471,0.0
0.0385,1.1918170257033651,0.018964884740640287,0.19196790628340388,0.0
0.03875,1.191711244243816,0.019201191799581352,0.19186592174777295,0.0
0.039,1.1916047899764948,0.01943886924823346,0.191763334363235,0.0
0.03925,1.1914976629207423,0.019677914912278993,0.19166014495781702,0.0
0.0395,1.1913898631250035,0.019918326563825417,0.19155635439122976,0.0
0.03975,1.1912813907966324,0.020160103233251903,0.19145196370677664,0.0
0.04,1.191172245991698,0.020403242887937267,0.19134697378272225,0.0
0.04025,1.191062428914858,0.020647743767895577,0.19124138565416948,0.0
0.0405,1.1909519395865686,0.02089360373264526,0.1911352001691271,0.0
0.04075,1.1908407782276669,0.02114082149232388,0.19102841839447549,0.0
0.041,1.190728944945688,0.021389395563659264,0.19092104128445464,0.0
0.04125,1.1906164398242716,0.021639323973545288,0.19081306976445944,0.0
0.0415,1.1905032629590515,0.021890604318173246,0.19070450476747736,0.0
0.04175,1.1903894145995029,0.022143236040392367,0.19059534741778972,0.0
0.042,1.1902748947759854,0.022397216902646733,0.1904855985936862,0.0
0.04225,1.1901597035593063,0.02265254458481536,0.1903752592155732,0.0
0.0425,1.1900438411388272,0.022909218021681,0.1902643303496998,0.0
0.04275,1.1899273076794081,0.02316723539114207,0.19015281302731601,0.0
0.043,1.1898101032329809,0.02342659497709576,0.1900407081724127,0.0
0.04325,1.1896922279008049,0.023687294204279397,0.18992801674483673,0.0
0.0435,1.1895736818439282,0.02394933233811969,0.18981473980412633,0.0
0.04375,1.1894544652460866,0.024212707565439473,0.1897008784150338,0.0
0.044,1.1893345782058429,0.024477418160472553,0.18958643356246818,0.0
0.04425,1.1892140208009785,0.024743461844380477,0.18947140620263525,0.0
0.0445,1.189092793075103,0.025010836892874977,0.18935579727230123,0.0
0.04475,1.1889708952771336,0.025279542246323672,0.189239607931174,0.0
0.045,1.1888483274956378,0.025549575582743955,0.18912283915566674,0.0
0.04525,1.1887250898715322,0.02582093532365093,0.18900549199365368,0.0
0.0455,1.1886011824596778,0.02609361925938458,0.18888756739676538,0.0
0.04575,1.188476605415497,0.02636762682274707,0.18876906645664637,0.0
0.046,1.1883513588626116,0.026642954994386514,0.18864999018274853,0.0
0.04625,1.188225442892053,0.02691960244463587,0.18853033959247023,0.0
0.0465,1.1880988578238707,0.02719756858026301,0.18841011595284907,0.0
0.04675,1.1879716035068277,0.027476849783099055,0.18828931999432963,0.0
0.047,1.187843680237263,0.027757446020785892,0.18816795298021805,0.0
0.04725,1.1877150880959793,0.02803935466933183,0.18804601590220926,0.0
0.0475,1.187585827185817,0.02832257382927139,0.18792350979384853,0.0
0.04775,1.1874558975509437,0.028607101740618646,0.18780043563660787,0.0
0.048,1.1873252995337715,0.02889293753044342,0.18767679473504018,0.0
0.04825,1.1871940330374589,0.02918007866736616,0.18755258791801754,0.0
0.0485,1.1870620983010198,0.029468523367967236,0.1874278163712979,0.0
0.04875,1.1869294953650424,0.029758270485203298,0.18730248110150294,0.0
0.049,1.1867962244146106,0.03004931721432058,0.18717658322164588,0.0
0.04925,1.1866622855781817,0.03034166340171396,0.18705012385813635,0.0
0.0495,1.1865276789988108,0.03063530598562636,0.18692310408178425,0.0
0.04975,1.1863924047016976,0.03093024395290911,0.18679552490092544,0.0
0.05,1.1862564628824792,0.031226474900876156,0.18666738746170397,0.0
0.05025,1.1861198536229818,0.031523997942088045,0.186538692839326,0.0
0.0505,1.1859825771503179,0.03182281058310821,0.18640944221525735,0.0
0.05075,1.185844633405397,0.03212291134326506,0.18627963651474166,0.0
0.051,1.1857060226627532,0.03242429868907948,0.18614927699855888,0.0
0.05125,1.1855667449770149,0.03272697057008145,0.18601836469680744,0.0
0.0515,1.185426800475616,0.0330309250633718,0.185886900718782,0.0
0.05175,1.1852861892864563,0.03333616117663496,0.18575488620338554,0.0
0.052,1.1851449115067503,0.033642676498999435,0.18562232222253616,0.0
0.05225,1.185002967352034,0.033950469743942335,0.18548921000106944,0.0
0.0525,1.1848603569709883,0.034259539325915966,0.18535555069196086,0.0
0.05275,1.1847170803018265,0.03456988276747097,0.18522134521507905,0.0
0.053,1.1845731375439055,0.034881498760512386,0.18508659478807377,0.0
0.05325,1.184428528868036,0.035194385683411156,0.1849513005943042,0.0
0.0535,1.1842832543824517,0.03550854119819746,0.18481546373632174,0.0
0.05375,1.1841373141905507,0.0358239641451803,0.1846790853499043,0.0
0.054,1.1839907083769479,0.036140652549391916,0.18454216653086797,0.0
0.05425,1.1838434370899993,0.036458604864705535,0.18440470845473422,0.0
0.0545,1.1836955004972616,0.03677781913772549,0.1842667123068138,0.0
0.05475,1.1835468987153828,0.03709829393650921,0.18412817924065972,0.0
0.055,1.1833976317982007,0.037420026913039806,0.18398911032144305,0.0
0.05525,1.1832476999528367,0.03774301705863081,0.1838495068125705,0.0
0.0555,1.1830971032741342,0.0380672623652174,0.18370936983688257,0.0
0.05575,1.1829458417773893,0.038392760381384505,0.1835687004260118,0.0
0.056,1.1827939157548961,0.0387195104714948,0.18342749995001917,0.0
0.05625,1.1826413252410592,0.0390475102220762,0.18328576946673025,0.0
0.0565,1.1824880702994793,0.03937675825585529,0.18314351009982155,0.0
0.05675,1.182334151192789,0.039707252567367846,0.1830007231541413,0.0
0.057,1.1821795680376361,0.04003899197275018,0.18285740981905585,0.0
0.05725,1.1820243207940386,0.04037197414555749,0.18271357109192676,0.0
0.0575,1.1818684097945056,0.040706198020572515,0.18256920838802637,0.0
0.05775,1.181711835009608,0.041041661042982014,0.18242432271285014,0.0
0.058,1.181554596645677,0.041378361588556345,0.18227891534201102,0.0
0.05825,1.1813966947813768,0.041716298394945284,0.18213298743928874,0.0
0.0585,1.1812381295243828,0.042055469248410304,0.18198654016700488,0.0
0.05875,1.1810789010094283,0.04239587241833931,0.18183957473413082,0.0
0.059,1.1809190092932802,0.0427375061975539,0.1816920922753984,0.0
0.05925,1.1807584546768801,0.043080369690073894,0.1815440942019757,0.0
0.0595,1.1805972371488842,0.04342445993827937,0.1813955815409629,0.0
0.05975,1.1804353568234767,0.0437697756612323,0.1812465555083762,0.0
0.06,1.1802728138081005,0.04411631545748662,0.1810970173123101,0.0
0.06025,1.1801096082891878,0.04446407677222908,0.18094696819953215,0.0
0.0605,1.1799457404092362,0.04481305888651832,0.18079640944434905,0.0
0.06075,1.179781210213994,0.045163259028697667,0.1806453421498302,0.0
0.061,1.179616017931922,0.0455146766498018,0.18049376768880077,0.0
0.06125,1.1794501635964014,0.04586730915707449,0.18034168716388588,0.0
0.0615,1.1792836473455601,0.04622115462687759,0.18018910181025194,0.0
0.06175,1.1791164692831213,0.046576212097392045,0.18003601286911364,0.0
0.062,1.1789486296699039,0.046932479412149064,0.1798824216947703,0.0
0.06225,1.1787801284306383,0.047289955010512585,0.17972832933173577,0.0
0.0625,1.1786109658094066,0.047648637090091484,0.17957373713673586,0.0
0.06275,1.1784411418951013,0.048008523597815156,0.17941864630379345,0.0
0.063,1.1782706567682002,0.04836961291651676,0.17926305803864628,0.0
0.06325,1.1780995107054686,0.048731904203023646,0.17910697377791696,0.0
0.0635,1.177927703618387,0.04909539438106947,0.17895039450399253,0.0
0.06375,1.1777552356998964,0.04946008166277238,0.1787933215354618,0.0
0.064,1.177582107125085,0.04982596530203409,0.17863575621963657,0.0
0.06425,1.177408317988471,0.05019304329785257,0.17847769977371253,0.0
0.0645,1.1772338684290649,0.05056131387833318,0.17831915347140326,0.0
0.06475,1.177058758462163,0.050930774679471824,0.178160118439739,0.0
0.065,1.176882988428364,0.05130142476436106,0.17800059619464137,0.0
0.06525,1.1767065582086964,0.05167326192000132,0.17784058774046718,0.0
0.0655,1.176529468161844,0.0520462847062646,0.17768009459484246,0.0
0.06575,1.1763517182931071,0.052420491788282675,0.17751911792992603,0.0
0.066,1.1761733086609265,0.05279588074513697,0.17735765892529276,0.0
0.06625,1.1759942394420637,0.053172449674761424,0.17719571890375696,0.0
0.0665,1.1758145108479177,0.05355019716306231,0.17703329924719235,0.0
0.06675,1.175634122776346,0.053929121542665825,0.17687040101553775,0.0
0.067,1.1754530755924488,0.05430922089327339,0.1767070257263621,0.0
0.06725,1.1752713692336485,0.05469049365909484,0.1765431744891517,0.0
0.0675,1.1750890040369644,0.055072938258661,0.1763788488140321,0.0
0.06775,1.174905979936657,0.05545655277465755,0.1762140497955993,0.0
0.068,1.1747222970673672,0.05584133498589949,0.17604877871635893,0.0
0.06825,1.174537955657323,0.05622728387105269,0.1758830370114195,0.0
0.0685,1.174352955737442,0.056614397885851986,0.17571682589696902,0.0
0.06875,1.1741672975038266,0.0570026743568377,0.17555014670207547,0.0
0.069,1.1739809810227744,0.05739211183941961,0.17538300068725854,0.0
0.06925,1.1737940063661156,0.0577827083534288,0.1752153890949837,0.0
0.0695,1.1736063737599398,0.05817446339972321,0.1750473133971251,0.0
0.06975,1.1734180832871886,0.05856737379343713,0.17487877479271874,0.0
0.07,1.173229135070926,0.05896143859618519,0.1747097746339754,0.0
0.07025,1.1730395293148792,0.059356656469375935,0.17454031433684603,0.0
0.0705,1.1728492659938965,0.05975302492217338,0.17437039503291785,0.0
0.07075,1.172658345353966,0.060150542210578806,0.17420001816408104,0.0
0.071,1.172466767372958,0.06054920637933492,0.17402918489582775,0.0
0.07125,1.172274532284959,0.06094901626354954,0.1738578966925315,0.0
0.0715,1.1720816402260503,0.061349969996115306,0.17368615488703476,0.0
0.07175,1.1718880912223142,0.06175206556524415,0.17351396069678393,0.0
0.072,1.1716938854983994,0.06215530155870397,0.17334131557112986,0.0
0.07225,1.1714990231869002,0.06255967655793881,0.17316822086983552,0.0
0.0725,1.171303504254018,0.06296518777270421,0.17299467771554466,0.0
0.07275,1.1711073289853982,0.06337183473733887,0.17282068767620662,0.0
0.073,1.1709104973677906,0.06377961388128028,0.17264625185642912,0.0
0.07325,1.1707130096096652,0.0641885254931509,0.17247137179306216,0.0
0.0735,1.1705148658522635,0.06459856682212717,0.17229604879339888,0.0
0.07375,1.1703160662541698,0.06500973644705255,0.17212028425650483,0.0
0.074,1.1701166107712169,0.06542203163607496,0.1719440793084417,0.0
0.07425,1.1699164996598537,0.0658354523029061,0.17176743552476847,0.0
0.0745,1.1697157330205492,0.06624999520688846,0.1715903541514472,0.0
0.07475,1.1695143109163464,0.06666565975739047,0.17141283654782646,0.0
0.075,1.169312233604252,0.06708244384108752,0.17123488418346633,0.0
0.07525,1.16910950102843,0.06750034546143979,0.17105649822387226,0.0
0.0755,1.1689061134836383,0.06791936269368648,0.1708776801904377,0.0
0.07575,1.1687020709881946,0.06833949463998579,0.17069843139031482,0.0
0.076,1.1684973737314603,0.06876073932536997,0.1705187532414385,0.0
0.07625,1.168292021687261,0.06918309394508526,0.17033864689923073,0.0
0.0765,1.1680860151735075,0.06960655791668557,0.17015811399525504,0.0
0.07675,1.1678793541888517,0.07003112945302803,0.16997715577400752,0.0
0.077,1.1676720389205162,0.07045680611088301,0.1697957736306548,0.0
0.07725,1.1674640694258258,0.0708835865598445,0.16961396889909652,0.0
0.0775,1.1672554458281699,0.07131146876282912,0.169431742938694,0.0
0.07775,1.1670461683347622,0.07174045192613221,0.1692490972703018,0.0
0.078,1.1668362370023697,0.07217053334319701,0.16906603314992075,0.0
0.07825,1.1666256519894365,0.07260171143255434,0.16888255200542446,0.0
0.0785,1.1664144133673275,0.07303398453501586,0.16869865517510885,0.0
0.07875,1.1662025212833758,0.07346735122197856,0.1685143440896546,0.0
0.079,1.1659899758900742,0.07390180949616365,0.1683296201513267,0.0
0.07925,1.1657767772757577,0.07433735758753812,0.16814448471434762,0.0
0.0795,1.1655629255366176,0.07477399352373482,0.1679589391296965,0.0
0.07975,1.1653484208620153,0.07521171577313623,0.1677729848712599,0.0
0.08,1.1651332632988147,0.0756505228874289,0.16758662327832718,0.0
0.08025,1.1649174531113218,0.07609041317134313,0.16739985589341,0.0
0.0805,1.1647009902429097,0.07653138432446838,0.16721268390102506,0.0
0.08075,1.1644838749126016,0.07697343486799468,0.16702510881593513,0.0
0.081,1.164266107165913,0.07741656305086053,0.166837131963959,0.0
0.08125,1.1640476873089458,0.07786076747608206,0.16664875495637932,0.0
0.0815,1.163828615220357,0.07830604604930613,0.16645997893352926,0.0
0.08175,1.1636088912035518,0.07875239687440683,0.16627080547419326,0.0
0.082,1.1633885153406816,0.0791998182103697,0.1660812359484869,0.0
0.08225,1.1631674877146878,0.07964830908719023,0.16589127178178464,0.0
0.0825,1.1629458084265973,0.08009786624896265,0.1657009142634438,0.0
0.08275,1.1627234777447608,0.08054849038859402,0.16551016512201766,0.0
0.083,1.1625004956246858,0.08100017717343633,0.16531902543027588,0.0
0.08325,1.1622768621765118,0.0814529262285788,0.1651274966895584,0.0
0.0835,1.1620525776797006,0.08190673553404793,0.16493558045837076,0.0
0.08375,1.161827642155174,0.0823616034808623,0.16474327806765654,0.0
0.084,1.1616020557471032,0.082817528332086,0.16455059096414182,0.0
0.08425,1.1613758185378718,0.08327450776685907,0.16435752049287866,0.0
0.0845,1.1611489307589622,0.08373254112277095,0.16416406826768104,0.0
0.08475,1.1609213923973574,0.08419162546265113,0.16397023549739553,0.0
0.085,1.1606932036675701,0.08465175988605722,0.163776023765696,0.0
0.08525,1.1604643646026567,0.08511294214018505,0.16358143437939332,0.0
0.0855,1.1602348754464664,0.08557517160650718,0.16338646897656517,0.0
0.08575,1.1600047362288937,0.08603844487365109,0.16319112877881836,0.0
0.086,1.1597739471053607,0.08650276121336731,0.1629954153314126,0.0
0.08625,1.1595425081666662,0.08696811834794005,0.1627993300025694,0.0
0.0865,1.1593104196216046,0.0874345154475833,0.16260287438780008,0.0
0.08675,1.1590776815523274,0.08790195058939787,0.1624060498767801,0.0
0.087,1.158844294027503,0.08837042121150773,0.16220885779846017,0.0
0.08725,1.1586102572408628,0.08883992580720701,0.16201129968738615,0.0
0.0875,1.1583755712764638,0.08931046323949943,0.16181337699913234,0.0
0.08775,1.1581402362390527,0.08978203121317563,0.16161509112296413,0.0
0.088,1.1579042523115746,0.09025462825687214,0.16141644359076146,0.0
0.08825,1.1576676194487465,0.09072825228776082,0.1612174356610907,0.0
0.0885,1.1574303380137625,0.09120290152762323,0.16101806902464277,0.0
0.08875,1.1571924079669653,0.09167857494546183,0.16081834503095882,0.0
0.089,1.156953829527703,0.0921552703442643,0.16061826519792533,0.0
0.08925,1.1567146027950965,0.09263298598189351,0.16041783096061546,0.0
0.0895,1.1564747278642216,0.0931117205063714,0.1602170437828787,0.0
0.08975,1.1562342047975633,0.0935914713628847,0.16001590500118712,0.0
0.09,1.155993033828743,0.09407223727681924,0.15981441622651316,0.0
0.09025,1.1557512150638551,0.09455401701930555,0.15961257894870418,0.0
0.0905,1.1555087485366062,0.09503680786741597,0.15941039446533423,0.0
0.09075,1.1552656344587202,0.09552060844573873,0.1592078643621917,0.0
0.091,1.1550218729250403,0.09600541727658651,0.15900499010216507,0.0
0.09125,1.1547774639799666,0.09649123248466651,0.15880177306665044,0.0
0.0915,1.1545324079428507,0.0969780525130659,0.1585982149388736,0.0
0.09175,1.1542867047484187,0.09746587508480786,0.15839431695990736,0.0
0.092,1.1540403546151357,0.0979546992172402,0.15819008076350238,0.0
0.09225,1.153793357598838,0.09844452285915395,0.1579855077332213,0.0
0.0925,1.1535457139271035,0.09893534413711791,0.15778059943977318,0.0
0.09275,1.1532974236220621,0.09942716085299708,0.157575357222403,0.0
0.093,1.1530484868132866,0.09991997211193393,0.15736978264047474,0.0
0.09325,1.1527989037251931,0.10041377591960554,0.1571638772552657,0.0
0.0935,1.152548674295529,0.10090857003883968,0.1569576423221659,0.0
0.09375,1.1522977987492684,0.1014043530771147,0.15675107945720002,0.0
0.094,1.1520462772776785,0.10190112327072143,0.1565441902120266,0.0
0.09425,1.1517941099451505,0.10239887938186598,0.1563369760597486,0.0
0.0945,1.1515412968222591,0.10289761873522707,0.15612943835388537,0.0
0.09475,1.1512878381224017,0.10339734079782659,0.15592157878145652,0.0
0.095,1.15103373395144,0.10389804281884096,0.15571339872642298,0.0
0.09525,1.1507789843562382,0.1043997232737155,0.15550489962423075,0.0
0.0955,1.1505235895170447,0.10490238048242873,0.15529608303069442,0.0
0.09575,1.150267549544557,0.10540601285458706,0.15508695044188814,0.0
0.096,1.1500108644813611,0.10591061846841399,0.1548775032571763,0.0
0.09625,1.1497535346615475,0.10641619578930772,0.15466774320277543,0.0
0.0965,1.1494955599530794,0.10692274260686929,0.15445767147973788,0.0
0.09675,1.1492369406881409,0.10743025778037918,0.15424728985126746,0.0
0.097,1.1489776769526951,0.1079387394129725,0.15403659976695439,0.0
0.09725,1.1487177687213581,0.10844818556203961,0.15382560256213518,0.0
0.0975,1.1484572162188709,0.10895859440920219,0.1536142998337129,0.0
0.09775,1.1481960195505376,0.10946996424728184,0.15340269307124466,0.0
0.098,1.1479341788354702,0.1099822934940704,0.1531907837911648,0.0
0.09825,1.14767169423639,0.11049558027093553,0.15297857352634114,0.0
0.0985,1.1474085658612978,0.11100982335793219,0.1527660638194721,0.0
0.09875,1.1471447937891828,0.11152502024339128,0.15255325606147818,0.0
0.099,1.1468803781803025,0.1120411695080179,0.15234015183005667,0.0
0.09925,1.1466153192275979,0.1125582698995089,0.152126752753436,0.0
0.0995,1.1463496169631018,0.11307631943397212,0.15191306022988726,0.0
0.09975,1.1460832714891893,0.11359531550712632,0.15169907566713214,0.0
0.1,1.1458162829909444,0.11411525783407228,0.15148480078450044,0.0
0.10025,1.145548651572648,0.11463614339879769,0.15127023695275899,0.0
0.1005,1.1452803773224023,0.11515797096797087,0.15105538570357435,0.0
0.10075,1.1450114604023707,0.11568073880131635,0.15084024859334333,0.0
0.101,1.1447419008464923,0.11620444497593496,0.15062482703347113,0.0
0.10125,1.1444716989182826,0.11672908845636698,0.1504091227544897,0.0
0.1015,1.1442008546921283,0.11725466676590202,0.15019313715418225,0.0
0.10175,1.1439293683250327,0.11778117836919932,0.1499768718085357,0.0
0.102,1.1436572398070926,0.1183086219637488,0.14976032815284546,0.0
0.10225,1.14338446941791,0.11883699492369715,0.1495435077753997,0.0
0.1025,1.1431110571071343,0.11936629563820134,0.14932641204097297,0.0
0.10275,1.1428370030606398,0.11989652284789543,0.1491090425871866,0.0
0.103,1.142562307491266,0.12042767455065473,0.14889140100248155,0.0
0.10325,1.1422869703575422,0.12095974917171759,0.1486734886678187,0.0
0.1035,1.1420109919757984,0.12149274506415964,0.14845530731359857,0.0
0.10375,1.1417343724033593,0.12202666019015851,0.1482368583721989,0.0
0.104,1.1414571116833692,0.1225614928685701,0.14801814330031915,0.0
0.10425,1.1411792100197875,0.12309724150752288,0.14779916372514745,0.0
0.1045,1.1409006675165703,0.12363390446455469,0.14757992117015806,0.0
0.10475,1.140621484336764,0.1241714802880125,0.1473604172392904,0.0
0.105,1.1403416604819494,0.12470996616309549,0.14714065322920633,0.0
0.10525,1.1400611961776583,0.1252493612585397,0.14692063087456297,0.0
0.1055,1.1397800914828888,0.1257896630957731,0.14670035156639338,0.0
0.10575,1.1394983466118287,0.12633087095845497,0.14647981704355062,0.0
0.106,1.139215961553134,0.12687298221626975,0.1462590286117189,0.0
0.10625,1.1389329366005398,0.12741599601972098,0.14603798807684676,0.0
0.1065,1.1386492717440504,0.1279599098355675,0.14581669675754982,0.0
0.10675,1.1383649671560576,0.12850472190642392,0.14559515623996044,0.0
0.107,1.1380800229791515,0.12905043096027669,0.14537336813602364,0.0
0.10725,1.1377944392833488,0.1295970354878193,0.14515133396042512,0.0
0.1075,1.1375082161987802,0.13014453267091142,0.14492905514003818,0.0
0.10775,1.1372213538378162,0.1306929218523436,0.14470653332940242,0.0
0.108,1.1369338523782417,0.13124220078303495,0.14448377006841118,0.0
0.10825,1.1366457118583657,0.13179236744041134,0.1442607667841973,0.0
0.1085,1.1363569324303562,0.13234342043455172,0.14403752509034673,0.0
0.10875,1.1360675142524244,0.13289535777896333,0.14381404653854513,0.0
0.109,1.1357774573770598,0.13344817838053302,0.14359033267992483,0.0
0.10925,1.135486762106087,0.13400187972573008,0.14336638514878275,0.0
0.1095,1.1351954283693964,0.1345564609472092,0.1431422054029039,0.0
0.10975,1.134903456444544,0.1351119199602806,0.14291779510388491,0.0
0.11,1.1346108463323201,0.1356682544994925,0.14269315561697615,0.0
0.11025,1.1343175981596012,0.1362254634925648,0.14246828857449279,0.0
0.1105,1.1340237120557273,0.13678354437203666,0.1422431954341543,0.0
0.11075,1.1337291880767673,0.13734249617608896,0.1420178777729728,0.0
0.111,1.1334340265683878,0.13790231694686383,0.1417923373373733,0.0
0.11125,1.1331382274378843,0.1384630045044588,0.14156657541182072,0.0
0.1115,1.1328417909310122,0.13902455797668267,0.14134059377575592,0.0
0.11175,1.1325447171846434,0.13958697503115047,0.14111439392428626,0.0
0.112,1.132247006250477,0.14015025469933562,0.14088797743488213,0.0
0.11225,1.1319486582826794,0.14071439428472843,0.14066134577571976,0.0
0.1125,1.1316496732919443,0.14127939177255655,0.14043450035562666,0.0
0.11275,1.1313500515655903,0.14184524645912688,0.14020744302101207,0.0
0.113,1.1310497931852108,0.1424119563289281,0.13998017525294726,0.0
0.11325,1.130748898137556,0.14297951920391938,0.1397526984179862,0.0
0.1135,1.1304473666444377,0.14354793366814533,0.1395250142115083,0.0
0.11375,1.1301451988922881,0.14411719794711075,0.1392971242496035,0.0
0.114,1.1298423949649319,0.14468731009746705,0.13906903002554394,0.0
0.11425,1.1295389549000276,0.14525826861064672,0.1388407330423378,0.0
0.1145,1.1292348789209683,0.14583007218413968,0.13861223501457487,0.0
0.11475,1.1289301671881038,0.14640271858857545,0.13838353747648924,0.0
0.115,1.1286248197706605,0.1469762062157116,0.13815464195157579,0.0
0.11525,1.128318836710342,0.147550532971934,0.1379255498738401,0.0
0.1155,1.1280122181602916,0.14812569718614554,0.1376962628424967,0.0
0.11575,1.1277049642707713,0.14870169717460158,0.13746678245280997,0.0
0.116,1.127397075124815,0.14927853134616953,0.13723711024608098,0.0
0.11625,1.1270885509244764,0.1498561981502604,0.13700724788766672,0.0
0.1165,1.1267793918950542,0.15043469608909277,0.13677719707372993,0.0
0.11675,1.1264695978926103,0.15101402243007556,0.136546958971274,0.0
0.117,1.1261591692222233,0.15159417651227614,0.13631653546699884,0.0
0.11725,1.1258481058910998,0.15217515501879575,0.13608592779928919,0.0
0.1175,1.1255364080407144,0.1527569572105989,0.13585513768324975,0.0
0.11775,1.1252240758863703,0.15333958227687106,0.1356241668999394,0.0
0.118,1.1249111095196564,0.15392302759808274,0.1353930168649553,0.0
0.11825,1.1245975090494564,0.15450729115612205,0.1351616890913141,0.0
0.1185,1.1242832745164506,0.15509237097602124,0.13493018503007348,0.0
0.11875,1.1239684061286432,0.1556782661346432,0.13469850644215242,0.0
0.119,1.1236529039789716,0.1562649744572866,0.13446665480414732,0.0
0.11925,1.1233367682798097,0.1568524942918259,0.13423463178254869,0.0
0.1195,1.1230199990612846,0.15744082457750608,0.13400243894590136,0.0
0.11975,1.12270259650397,0.15802996260032387,0.13377007778306438,0.0
0.12,1.1223845606032636,0.158619906833124,0.13353754976371657,0.0
0.12025,1.1220658916369537,0.15921065563790648,0.1333048566222963,0.0
0.1205,1.121746589619871,0.1598022071944314,0.13307199980761286,0.0
0.12075,1.1214266547328222,0.16039456008860498,0.13283898099035474,0.0
0.121,1.121106087004911,0.16098771167746406,0.13260580151728396,0.0
0.12125,1.1207848867179706,0.16158166147303632,0.1323724632910328,0.0
0.1215,1.1204630538496385,0.16217640689075097,0.13213896761574828,0.0
0.12175,1.1201405886125215,0.16277194662177408,0.1319053162099062,0.0
0.122,1.119817491090119,0.16336827877668725,0.1316715105815054,0.0
0.12225,1.1194937613829925,0.16396540128492632,0.13143755222900722,0.0
0.1225,1.119169399645216,0.1645633129161439,0.13120344282545826,0.0
0.12275,1.1188444060061293,0.1651620113903789,0.13096918386741385,0.0
0.123,1.1185187806719235,0.16576149598868994,0.13073477715519788,0.0
0.12325,1.1181925236476662,0.16636176426486315,0.1305002240383919,0.0
0.1235,1.1178656350308973,0.16696281394118273,0.1302655259814789,0.0
0.12375,1.117538115001075,0.16756464408706506,0.13003068472859658,0.0
0.124,1.1172099636250543,0.1681672525873239,0.1297957017380904,0.0
0.12425,1.116881181181414,0.16877063830310135,0.12956057882276806,0.0
0.1245,1.1165517676332861,0.16937479881980266,0.12932531729358865,0.0
0.12475,1.1162217231199136,0.16997973203748984,0.1290899186815575,0.0
0.125,1.1158910478841229,0.17058543747971555,0.12885438486461642,0.0
0.12525,1.1155597418919747,0.17119191246223409,0.1286187171151143,0.0
0.1255,1.1152278053692335,0.1717991554218088,0.1283829171306714,0.0
0.12575,1.1148952384301758,0.17240716517717658,0.1281469865574738,0.0
0.126,1.1145620412103252,0.17301593953951055,0.12791092690941963,0.0
0.12625,1.1142282137428303,0.17362547614182233,0.12767473957077402,0.0
0.1265,1.113893756196921,0.17423577402489343,0.1274384262763708,0.0
0.12675,1.1135586686208097,0.17484683089203656,0.12720198843576336,0.0
0.127,1.113222951273734,0.17545864573010306,0.1269654278654888,0.0
0.12725,1.1128866042979588,0.17607121665859893,0.12672874613257323,0.0
0.1275,1.112549627726633,0.17668454188925864,0.12649194471034142,0.0
0.12775,1.112212021648416,0.1772986191417658,0.12625502504931507,0.0
0.128,1.1118737862672674,0.17791344712327373,0.1260179888685593,0.0
0.12825,1.1115349216088042,0.17852902386327685,0.1257808376044891,0.0
0.1285,1.1111954279748506,0.1791453485546839,0.1255435731507646,0.0
0.12875,1.1108553052831631,0.17976241775710378,0.12530619660323072,0.0
0.129,1.1105145537549959,0.18038023118563729,0.1250687098591985,0.0
0.12925,1.1101731734221492,0.1809987854683328,0.12483111413545833,0.0
0.1295,1.1098311645594823,0.18161808107531385,0.12459341150521408,0.0
0.12975,1.1094885272381276,0.1822381149879675,0.12435560328011763,0.0
0.13,1.1091452615499993,0.1828588855980513,0.12411769101859504,0.0
0.13025,1.1088013676275992,0.18348039136576233,0.12387967633041908,0.0
0.1305,1.1084568455653052,0.1841026302045492,0.12364156069843713,0.0
0.13075,1.1081116954579606,0.18472560024730456,0.12340334564102262,0.0
0.131,1.1077659175785186,0.1853493004369966,0.12316503298538528,0.0
0.13125,1.1074195119709138,0.18597372888568486,0.12292662419658695,0.0
0.1315,1.1070724786386332,0.1865988827510563,0.12268812054061984,0.0
0.13175,1.1067248177846132,0.18722476188730752,0.12244952392708708,0.0
0.132,1.1063765296467523,0.1878513636157777,0.12221083587955883,0.0
0.13225,1.1060276142517829,0.18847868667523926,0.12197205794899979,0.0
0.1325,1.1056780716980352,0.18910672888912927,0.1217331916035258,0.0
0.13275,1.1053279021115952,0.1897354886261553,0.12149423842952745,0.0
0.133,1.1049771056471869,0.19036496450345908,0.12125520008374435,0.0
0.13325,1.1046256824120206,0.19099515422993818,0.12101607802187209,0.0
0.1335,1.104273632590715,0.19162605646141628,0.12077687393613168,0.0
0.13375,1.1039209562390138,0.1922576697335927,0.12053758937174863,0.0
0.134,1.1035676533968068,0.19288999124097472,0.12029822562774695,0.0
0.13425,1.1032137243718694,0.19352302037209768,0.12005878464319464,0.0
0.1345,1.1028591691156642,0.19415675463166338,0.119819267681885,0.0
0.13475,1.1025039878577676,0.19479119273947276,0.11957967649075663,0.0
0.135,1.1021481807232423,0.19542633290838296,0.11934001262599869,0.0
0.13525,1.1017917477816397,0.19606217305296525,0.11910027753636587,0.0
0.1355,1.1014346891134377,0.19669871195959843,0.1188604728334004,0.0
0.13575,1.1010770050550498,0.1973359477738228,0.11862060026838028,0.0
0.136,1.1007186954498458,0.19797387789841991,0.11838066097503175,0.0
0.13625,1.1003597606036948,0.19861250168808908,0.11814065688652153,0.0
0.1365,1.1000002004950247,0.19925181679927562,0.11790058931324787,0.0
0.13675,1.0996400154917243,0.19989182200757227,0.11766046014706388,0.0
0.137,1.0992792054317704,0.20053251495863833,0.11742027055640114,0.0
0.13725,1.0989177707156426,0.2011738951328823,0.11718002259151294,0.0
0.1375,1.0985557111220867,0.2018159585524728,0.11693971706865502,0.0
0.13775,1.0981930269718028,0.20245870483989847,0.1166993559839371,0.0
0.138,1.0978297184862775,0.20310213288865953,0.11645894110602306,0.0
0.13825,1.0974657856356167,0.20374623994420915,0.11621847365657079,0.0
0.1385,1.0971012285731039,0.2043910245206746,0.11597795526669108,0.0
0.13875,1.0967360474591814,0.20503648497559368,0.11573738754580365,0.0
0.139,1.0963702423756754,0.20568261942847244,0.1154967719818174,0.0
0.13925,1.0960038134422554,0.2063294263700044,0.11525611016758885,0.0
0.1395,1.095636760924668,0.20697690450920447,0.11501540388001374,0.0
0.13975,1.0952690848088729,0.20762505152595168,0.1147746544298629,0.0
0.14,1.0949007852112853,0.20827386505065704,0.11453386324482229,0.0
0.14025,1.0945318621960638,0.20892334406384805,0.11429303195218998,0.0
0.1405,1.0941623159984104,0.20957348707965195,0.11405216226069514,0.0
0.14075,1.0937921466701166,0.21022429195758718,0.113811255575329,0.0
0.141,1.0934213544445708,0.2108757569402684,0.11357031355030789,0.0
0.14125,1.0930499392950406,0.21152788000512146,0.11332933753330732,0.0
0.1415,1.0926779014894112,0.21218066047336492,0.11308832941605163,0.0
0.14175,1.0923052410748717,0.21283409592594182,0.11284729054270803,0.0
0.142,1.0919319581273896,0.2134881841613776,0.11260622232505857,0.0
0.14225,1.0915580528081055,0.21414292391025924,0.11236512643603569,0.0
0.1425,1.0911835253800692,0.2147983140742724,0.11212400468204353,0.0
0.14275,1.0908083757858638,0.2154543517865477,0.11188285821320032,0.0
0.143,1.090432604124377,0.21611103587214586,0.11164168865835644,0.0
0.14325,1.0900562107087772,0.21676836438399505,0.11140049770660565,0.0
0.1435,1.0896791954584941,0.21742633605900608,0.11115928679335396,0.0
0.14375,1.0893015585963628,0.2180849483308407,0.11091805739619276,0.0
0.144,1.0889233003070018,0.21874420030759723,0.11067681128206819,0.0
0.14425,1.0885444205356904,0.219404089645721,0.11043554969779734,0.0
0.1445,1.0881649195387375,0.2200646148072707,0.11019427435247553,0.0
0.14475,1.087784797364355,0.22072577380909308,0.10995298666233322,0.0
0.145,1.087404054285031,0.22138756587533237,0.10971168850279622,0.0
0.14525,1.0870226902096416,0.22204998792452102,0.10947038093312167,0.0
0.1455,1.0866407054079783,0.22271303950252275,0.10922906588945858,0.0
0.14575,1.086258099987809,0.2233767178533128,0.10898774468793992,0.0
0.146,1.0858748740491375,0.2240410215367632,0.10874641889950043,0.0
0.14625,1.0854910276638865,0.22470594938425847,0.10850509012249532,0.0
0.1465,1.0851065610794848,0.22537149873386397,0.10826375982402925,0.0
0.14675,1.0847214742546942,0.22603766812946446,0.10802242943122908,0.0
0.147,1.084335767419649,0.22670445666577166,0.10778110074945846,0.0
0.14725,1.0839494406845809,0.22737186119920239,0.10753977500837641,0.0
0.1475,1.0835624940988176,0.22803988036773148,0.1072984537403543,0.0
0.14775,1.083174927998913,0.2287085137075593,0.10705713894440483,0.0
0.148,1.0827867422620354,0.22937775805092997,0.10681583161197272,0.0
0.14825,1.0823979370900059,0.23004761262718887,0.10657453354582924,0.0
0.1485,1.0820085126154186,0.23071807482611462,0.10633324609888639,0.0
0.14875,1.0816184690452548,0.2313891434716453,0.10609197099352574,0.0
0.149,1.08122780641615,0.23206081696632452,0.10585070969754207,0.0
0.14925,1.0808365247704579,0.23273309266384956,0.10560946346291766,0.0
0.1495,1.080444624356863,0.23340596935952362,0.10536823404433959,0.0
0.14975,1.080052105275369,0.23407944606809394,0.10512702309793465,0.0
0.15,1.0796589675974335,0.234753519878808,0.10488583184374578,0.0
0.15025,1.0792652115073498,0.2354281893623238,0.1046446619236554,0.0
0.1505,1.0788708370848976,0.23610345341734273,0.10440351494726019,0.0
0.15075,1.0784758445133473,0.23677930988033324,0.1041623923980497,0.0
0.151,1.0780802338333793,0.23745575681648745,0.10392129566718866,0.0
0.15125,1.077684005245791,0.23813279253053565,0.10368022635227137,0.0
0.1515,1.0772871587945172,0.23881041544845516,0.10343918592291579,0.0
0.15175,1.0768896945765398,0.23948862376153102,0.10319817584890223,0.0
0.152,1.0764916128595114,0.24016741579494294,0.10295719779440815,0.0
0.15225,1.0760929136070292,0.2408467895755848,0.10271625306065535,0.0
0.1525,1.0756935970166364,0.241526743391816,0.1024753432326937,0.0
0.15275,1.0752936632424994,0.24220727588719626,0.10223446993013696,0.0
0.153,1.074893112404288,0.24288838537611923,0.10199363466618783,0.0
0.15325,1.074491944508976,0.2435700691419811,0.10175283861513584,0.0
0.1535,1.0740901598541104,0.24425232645133121,0.10151208367058606,0.0
0.15375,1.0736877584044038,0.24493515530576815,0.10127137112163886,0.0
0.154,1.0732847403945929,0.24561855388652987,0.10103070255883351,0.0
0.15425,1.0728811059122219,0.2463025209956271,0.10079007956659636,0.0
0.1545,1.0724768550880714,0.246987053648283,0.10054950337068425,0.0
0.15475,1.072071988054411,0.24767215182851032,0.10030897586191756,0.0
0.155,1.071666504806963,0.2483578119467751,0.10006849799463047,0.0
0.15525,1.0712604055987818,0.2490440329062409,0.09982807153203321,0.0
0.1555,1.0708536905177368,0.24973081370566774,0.0995876980984971,0.0
0.15575,1.070446359752724,0.25041815175862325,0.09934737905634883,0.0
0.156,1.0700384133285699,0.25110604618325283,0.09910711599393673,0.0
0.15625,1.069629851314268,0.25179449422799394,0.09886691011519422,0.0
0.1565,1.069220674077382,0.25248349519695523,0.09862676338297982,0.0
0.15675,1.0688108814557484,0.2531730458323693,0.09838667665547218,0.0
0.157,1.0684004737514243,0.25386314561018253,0.09814665186912297,0.0
0.15725,1.0679894510407024,0.25455379290504254,0.09790669048720346,0.0
0.1575,1.0675778133993177,0.2552449855909771,0.09766679385495047,0.0
0.15775,1.0671655609795305,0.2559367215267656,0.09742696338600365,0.0
0.158,1.0667526939185379,0.25662899948427764,0.0971872006903649,0.0
0.15825,1.0663392123367998,0.2573218176927412,0.09694750723439949,0.0
0.1585,1.0659251163626333,0.2580151742902501,0.09670788446911494,0.0
0.15875,1.0655104061776353,0.25870906788094317,0.09646833400543575,0.0
0.159,1.0650950818289946,0.2594034962964429,0.09622885714030138,0.0
0.15925,1.0646791433685028,0.26009845784854235,0.09598945528644509,0.0
0.1595,1.06426259106372,0.2607939511357955,0.09575013013308942,0.0
0.15975,1.0638454249305926,0.26148997400247254,0.09551088294437649,0.0
0.16,1.0634276451653157,0.2621865248377304,0.09527171528727729,0.0
0.16025,1.0630092518234004,0.2628836017060223,0.09503262851299366,0.0
0.1605,1.062590245063058,0.26358120321148704,0.09479362420028048,0.0
0.16075,1.062170625014744,0.2642793276692572,0.09455470383052433,0.0
0.161,1.0617503917196967,0.2649779731188744,0.09431586873037534,0.0
0.16125,1.0613295455007545,0.2656771379952403,0.09407712059350759,0.0
0.1615,1.0609080861898033,0.2663768197632521,0.09383846039993271,0.0
0.16175,1.0604860141468748,0.2670770174376571,0.09359989001669167,0.0
0.162,1.0600633294997284,0.2677777301313995,0.09336141110996521,0.0
0.16225,1.0596400322057775,0.26847895461794735,0.09312302460693189,0.0
0.1625,1.059216122498178,0.26918068975025733,0.09288473220852511,0.0
0.16275,1.0587916003938993,0.269882933309745,0.0926465351414183,0.0
0.163,1.058366466142509,0.27058568451349174,0.09240843521030051,0.0
0.16325,1.0579407198596318,0.27128894110683177,0.09217043372542455,0.0
0.1635,1.0575143616759561,0.27199270144210175,0.09193253215969222,0.0
0.16375,1.0570873915902261,0.27269696391365983,0.0916947318672725,0.0
0.164,1.0566598097570736,0.27340172581308764,0.09145703407574857,0.0
0.16425,1.0562316164619112,0.27410698703326375,0.09121944078823851,0.0
0.1645,1.0558028116179852,0.2748127444045707,0.09098195287897148,0.0
0.16475,1.0553733954638442,0.27551899710094574,0.09074457212327891,0.0
0.165,1.0549433680390532,0.2762257423804897,0.09050729961941739,0.0
0.16525,1.0545127295881116,0.276932979811761,0.09027013724617383,0.0
0.1655,1.0540814801061842,0.27764070656843387,0.0900330860330174,0.0
0.16575,1.053649619835772,0.27834892126877264,0.08979614761273425,0.0
0.166,1.053217148821135,0.27905762255187483,0.08955932343091155,0.0
0.16625,1.0527840672177877,0.27976680807678633,0.08932261478824577,0.0
0.1665,1.0523503751057426,0.28047647670464926,0.08908602321848336,0.0
0.16675,1.0519160725704975,0.28118662563963426,0.08884954983264048,0.0
0.167,1.0514811597874658,0.2818972539028124,0.08861319629423048,0.0
0.16725,1.0510456370420602,0.2826083608154022,0.08837696445115872,0.0
0.1675,1.0506095042216774,0.28331994275291095,0.08814085500105717,0.0
0.16775,1.0501727615211642,0.2840319987274853,0.0879048696196365,0.0
0.168,1.0497354090960354,0.28474452759095925,0.08766900990283766,0.0
0.16825,1.0492974470634966,0.2854575267941044,0.08743327704157466,0.0
0.1685,1.0488588754953305,0.2861709945397308,0.08719767237664189,0.0
0.16875,1.0484196945908941,0.2868849298697427,0.08696219759126445,0.0
0.169,1.047979904385567,0.28759933053653697,0.08672685386947476,0.0
0.16925,1.0475395050539724,0.288314194734383,0.08649164264344766,0.0
0.1695,1.0470984967454413,0.28902952095471335,0.08625656539782267,0.0
0.16975,1.0466568795046989,0.28974530710019053,0.0860216233579778,0.0
0.17,1.046214653505345,0.2904615518935998,0.08578681808988042,0.0
0.17025,1.045771818852776,0.29117825301183586,0.08555215081251077,0.0
0.1705,1.0453283756431837,0.29189540928554436,0.0853176230425785,0.0
0.17075,1.0448843240075814,0.2926130184079909,0.08508323602321655,0.0
0.171,1.044439664136771,0.29333107931023505,0.08484899138610014,0.0
0.17125,1.0439943960987232,0.2940495896055779,0.08461489028721458,0.0
0.1715,1.043548519947601,0.2947685477047486,0.08438093408211267,0.0
0.17175,1.0431020359531953,0.2954879524930618,0.08414712446154793,0.0
0.172,1.0426549441704598,0.29620780166638383,0.08391346258413845,0.0
0.17225,1.0422072447994015,0.296928094150573,0.08367995008131945,0.0
0.1725,1.0417589378767484,0.297648827231626,0.08344658797674631,0.0
0.17275,1.0413100234285828,0.29836999957281307,0.08321337765830616,0.0
0.173,1.0408605017171642,0.2990916093825291,0.0829803206143398,0.0
0.17325,1.0404103728594656,0.2998136552872239,0.08274741830690058,0.0
0.1735,1.039959636951771,0.30053613475625696,0.08251467185580919,0.0
0.17375,1.039508294048476,0.3012590469762131,0.08228208281417504,0.0
0.174,1.039056344348797,0.3019823896042766,0.08204965244788798,0.0
0.17425,1.0386037879761236,0.30270616080495927,0.08181738208795242,0.0
0.1745,1.0381506250935946,0.3034303600962289,0.08158527348071276,0.0
0.17475,1.0376968557507702,0.30415498404514096,0.08135332743490209,0.0
0.175,1.0372424800657392,0.30488003185240586,0.08112154556055784,0.0
0.17525,1.0367874981406437,0.3056055014415193,0.08088992909179127,0.0
0.1755,1.0363319102880943,0.30633139174540247,0.080658479747439,0.0
0.17575,1.0358757164189658,0.3070576999459149,0.08042719836302781,0.0
0.176,1.0354189167337307,0.3077844249291104,0.08019608653197574,0.0
0.17625,1.0349615113178867,0.3085115651875441,0.07996514562455781,0.0
0.1765,1.0345035002627903,0.30923911782385005,0.07973437661697047,0.0
0.17675,1.0340448838037357,0.30996708215404567,0.07950378125311541,0.0
0.177,1.0335856619981403,0.3106954568510645,0.07927336092207216,0.0
0.17725,1.0331258349805044,0.3114242389323749,0.0790431166078458,0.0
0.1775,1.0326654029117357,0.3121534280167424,0.07881305006634998,0.0
0.17775,1.03220436570429,0.3128830199608217,0.07858316172597468,0.0
0.178,1.0317427237570662,0.3136130161348234,0.07835345407469751,0.0
0.17825,1.031280477066252,0.3143434125642557,0.07812392766348442,0.0
0.1785,1.0308176257979156,0.31507420885189674,0.07789458424249451,0.0
0.17875,1.0303541700143093,0.3158054022792811,0.07766542478389593,0.0
0.179,1.0298901099003768,0.3165369914881069,0.07743645077143735,0.0
0.17925,1.0294254455733238,0.317268975368151,0.07720766369581344,0.0
0.1795,1.0289601771633734,0.3180013515156048,0.07697906467759719,0.0
0.17975,1.0284943046543464,0.31873411772899374,0.07675065475295062,0.0
0.18,1.0280278282656834,0.31946727234614514,0.07652243533934011,0.0
0.18025,1.0275607481822355,0.3202008149039983,0.0762944081755792,0.0
0.1805,1.0270930645043315,0.3209347428514633,0.07606657429827912,0.0
0.18075,1.0266247773038941,0.32166905424666936,0.07583893489416749,0.0
0.181,1.0261558867097982,0.32240374744827704,0.07561149129128619,0.0
0.18125,1.0256863928578923,0.3231388205341261,0.07538424473767558,0.0
0.1815,1.0252162958385096,0.32387427236722033,0.07515719667136622,0.0
0.18175,1.024745595808188,0.32461010041691907,0.07493034817189903,0.0
0.182,1.02427429293704,0.3253463039802682,0.07470370088005862,0.0
0.18225,1.0238023872674198,0.32608288085839376,0.07447725586136866,0.0
0.1825,1.0233298789623735,0.3268198285783086,0.0742510142090167,0.0
0.18275,1.0228567680974034,0.32755714634890865,0.07402497744089076,0.0
0.183,1.0223830548293726,0.32829483188689323,0.07379914669638454,0.0
0.18325,1.0219087393035675,0.3290328839050005,0.07357352340482404,0.0
0.1835,1.0214338216835923,0.3297713002932454,0.07334810875887166,0.0
0.18375,1.0209583020010147,0.3305100798435916,0.0731229040995316,0.0
0.184,1.0204821804199966,0.33124922010350133,0.0728979105086971,0.0
0.18425,1.0200054569682937,0.331988719129626,0.07267312909125656,0.0
0.1845,1.019528131856699,0.3327285760471739,0.07244856145439016,0.0
0.18475,1.019050205259603,0.3334687890600776,0.07222420888395997,0.0
0.185,1.0185716772724067,0.3342093563506978,0.07200007258109431,0.0
0.18525,1.0180925479698217,0.33495027533706434,0.07177615348544641,0.0
0.1855,1.0176128174742143,0.33569154539284796,0.0715524531893188,0.0
0.18575,1.0171324859158073,0.33643316442331184,0.07132897283194617,0.0
0.186,1.016651553385957,0.33717512990153864,0.07110571337576155,0.0
0.18625,1.0161700200650046,0.3379174407065193,0.070882676306119,0.0
0.1865,1.0156878861159964,0.3386600954126351,0.07065986299462823,0.0
0.18675,1.0152051514675673,0.3394030919575073,0.07043727438678182,0.0
0.187,1.014721816511317,0.3401464286484668,0.07021491198092233,0.0
0.18725,1.0142378811448705,0.34089010335767966,0.06999277666554637,0.0
0.1875,1.0137533456062187,0.34163411498310836,0.06977086997547888,0.0
0.18775,1.0132682100400903,0.34237846185811804,0.06954919317541419,0.0
0.188,1.012782474456806,0.343123141540957,0.06932774715135226,0.0
0.18825,1.0122961390749232,0.34386815298537954,0.06910653343040263,0.0
0.1885,1.0118092039658997,0.3446134936518206,0.06888555291809473,0.0
0.18875,1.011321669265584,0.34535916251002163,0.06866480706335176,0.0
0.189,1.0108335351103825,0.3461051577423433,0.06844429705979782,0.0
0.18925,1.0103448016692926,0.3468514776903362,0.06822402418038331,0.0
0.1895,1.0098554690118657,0.34759812030500825,0.06800398947417352,0.0
0.18975,1.009365537208211,0.3483450832654995,0.06778419389821866,0.0
0.19,1.0088750064521523,0.3490923657617344,0.06756463901580911,0.0
0.19025,1.0083838767620072,0.34983996610104384,0.06734532593493592,0.0
0.1905,1.0078921483871106,0.35058788173753896,0.06712625569873398,0.0
0.19075,1.0073998214266755,0.35133611167071876,0.06690742971187413,0.0
0.191,1.006906895994188,0.35208465431205127,0.06668884919768758,0.0
0.19125,1.0064133722039248,0.35283350715805284,0.06647051507499602,0.0
0.1915,1.0059192501995913,0.3535826691676789,0.06625242876996462,0.0
0.19175,1.0054245300628732,0.3543321378318609,0.06603459116139665,0.0
0.192,1.004929211895913,0.3550819121125386,0.0658170036320671,0.0
0.19225,1.0044332958863507,0.35583198994361,0.06559966730116185,0.0
0.1925,1.0039367821422793,0.3565823693296579,0.06538258323240242,0.0
0.19275,1.0034396707386435,0.35733304957925327,0.06516575289186166,0.0
0.193,1.0029419618328639,0.35808402740859435,0.06494917695179847,0.0
0.19325,1.002443655519551,0.35883530237879313,0.06473285697619025,0.0
0.1935,1.0019447520593836,0.35958687241706855,0.06451679413432876,0.0
0.19375,1.001445251398989,0.36033873532454663,0.06430098925298311,0.0
0.194,1.0009451536799343,0.3610908896484517,0.06408544359109514,0.0
0.19425,1.0004444591884223,0.36184333399812374,0.06387015856244993,0.0
0.1945,0.9999431678665704,0.3625960664075194,0.06365513505893361,0.0
0.19475,0.9994412799016938,0.36334908473355654,0.06344037413869574,0.0
0.195,0.9989387954315472,0.36410238765029135,0.06322587708862382,0.0
0.19525,0.9984357144532012,0.36485597262448266,0.0630116446471467,0.0
0.1955,0.9979320372389111,0.36560983927749646,0.0627976785467308,0.0
0.19575,0.997427763878127,0.3663639848183493,0.06258397951733707,0.0
0.196,0.9969228945272466,0.36711840841353194,0.06237054902170014,0.0
0.19625,0.9964174291792958,0.3678731069778536,0.06215738758896561,0.0
0.1965,0.9959113680792395,0.3686280799809367,0.06194449686407544,0.0
0.19675,0.995404711254368,0.36938332499740056,0.061731877628964815,0.0
0.197,0.9948974589615478,0.3701388408091617,0.06151953129638388,0.0
0.19725,0.9943896111749293,0.37089462545650065,0.06130745875318566,0.0
0.1975,0.9938811681594686,0.37165067723596223,0.06109566124453614,0.0
0.19775,0.9933721299262768,0.3724069941238497,0.06088413966211648,0.0
0.198,0.9928624966276143,0.3731635747250408,0.06067289524678188,0.0
0.19825,0.9923522684403352,0.3739204173450048,0.060461929154527194,0.0
0.1985,0.9918414454962434,0.37467752037922253,0.060251242527732396,0.0
0.19875,0.9913300277792523,0.3754348814138382,0.06004083608087285,0.0
0.199,0.990818015558828,0.37619249966407153,0.05983071136829987,0.0
0.19925,0.9903054087949403,0.37695037169325474,0.05962086871116168,0.0
0.1995,0.9897922077403187,0.37770849758953773,0.05941130995227728,0.0
0.19975,0.9892784125236052,0.37846687428111636,0.05920203569165339,0.0
0.2,0.9887640231931041,0.37922550119446896,0.05899304734129829,0.0
0.20025,0.98824904001075,0.379984376579273,0.0587843460906039,0.0
0.2005,0.9877334628752834,0.38074349707176225,0.05857593220610946,0.0
0.20075,0.9872172920462674,0.3815028631554469,0.058367807669417404,0.0
0.201,0.9867005277048335,0.3822624714126306,0.05815997298304998,0.0
0.20125,0.986183169935364,0.3830223211392365,0.05795242953294055,0.0
0.2015,0.9856652187772834,0.38378241007725933,0.05774517809913915,0.0
0.20175,0.9851466743780168,0.3845427357157689,0.05753821946529869,0.0
0.202,0.9846275368874533,0.38530329762072313,0.057331555168224746,0.0
0.20225,0.9841078064101989,0.3860640931796553,0.057125185907574094,0.0
0.2025,0.9835874830082734,0.38682512122208834,0.05691911286485585,0.0
0.20275,0.983066566937195,0.3875863799430306,0.05671333716719307,0.0
0.203,0.9825450582770685,0.38834786729461257,0.05650785968537031,0.0
0.20325,0.9820229570866594,0.3891095814833676,0.056302681359556406,0.0
0.2035,0.981500263623392,0.38987152151139526,0.05609780360457073,0.0
0.20375,0.9809769778517463,0.39063368505411233,0.055893227070853424,0.0
0.204,0.9804531000455583,0.3913960704727799,0.05568895294517451,0.0
0.20425,0.9799286301496419,0.3921586762956508,0.05548498216739728,0.0
0.2045,0.9794035684685181,0.392921499961588,0.05528131560306293,0.0
0.20475,0.9788779149292406,0.39368454014390863,0.055077954221648184,0.0
0.205,0.9783516698366554,0.39444779576994904,0.0548748994359205,0.0
0.20525,0.9778248332853732,0.39521126442251386,0.05467215195813813,0.0
0.2055,0.977297405234248,0.3959749439953413,0.05446971248571564,0.0
0.20575,0.9767693859904973,0.396738833692865,0.05426758252742836,0.0
0.206,0.9762407755935456,0.3975029311112763,0.05406576273662522,0.0
0.20625,0.9757115742353104,0.3982672352831713,0.05386425444496812,0.0
0.2065,0.9751817819562394,0.3990317432565149,0.05366305809100069,0.0
0.20675,0.9746513988512682,0.3997964544559238,0.05346217505815609,0.0
0.207,0.9741204252158049,0.400561366721206,0.05326160631259169,0.0
0.20725,0.9735888609671406,0.40132647763330453,0.053061352366921444,0.0
0.2075,0.9730567063435913,0.40209178658261635,0.05286141471583927,0.0
0.20775,0.9725239614529251,0.40285729127059255,0.05266179408676619,0.0
0.208,0.9719906263801743,0.4036229896449015,0.052462491275015344,0.0
0.20825,0.9714567012565851,0.40438888042088195,0.05226350740885266,0.0
0.2085,0.9709221862247475,0.40515496173514975,0.052064843401800065,0.0
0.20875,0.9703870814356659,0.40592123212302056,0.05186650032478002,0.0
0.209,0.9698513869766519,0.40668768926995824,0.051668478858367894,0.0
0.20925,0.9693151029478013,0.4074543319459707,0.05147078010957773,0.0
0.2095,0.9687782295380103,0.408221157962231,0.05127340489276455,0.0
0.20975,0.9682407667705242,0.4089881659325414,0.05107635417662992,0.0
0.21,0.9677027149173654,0.4097553544149122,0.050879629134626514,0.0
0.21025,0.9671640739030316,0.4105227203457247,0.05068322998359642,0.0
0.2105,0.9666248440076348,0.41129026387858403,0.0504871585193698,0.0
0.21075,0.96608502528027,0.41205798177655595,0.05029141499707035,0.0
0.211,0.9655446179149934,0.4128258729885488,0.05009600065582953,0.0
0.21125,0.9650036219471847,0.4135939357869347,0.049900916320636535,0.0
0.2115,0.964462037625621,0.4143621683313796,0.04970616296430652,0.0
0.21175,0.9639198648810758,0.41513056868299714,0.04951174122418478,0.0
0.212,0.9633771039828751,0.4158991352298216,0.04931765217370887,0.0
0.21225,0.9628337550156338,0.41666786633311403,0.04912389670243211,0.0
0.2125,0.9622898180449511,0.417436759972901,0.04893047552717178,0.0
0.21275,0.961745293234106,0.4182058146919445,0.048737389673940035,0.0
0.213,0.961200180705557,0.4189750280540778,0.04854463973705503,0.0
0.21325,0.9606544805957107,0.41974439918823236,0.048352226944029075,0.0
0.2135,0.9601081930733315,0.42051392616704675,0.04816015212703162,0.0
0.21375,0.9595613182087614,0.42128360755299354,0.04796841622035575,0.0
0.214,0.9590138560899621,0.42205344073919093,0.04777701970043613,0.0
0.21425,0.9584658068907661,0.422823424697242,0.04758596375260371,0.0
0.2145,0.9579171706985772,0.4235935572569076,0.04739524901955128,0.0
0.21475,0.9573679477209343,0.4243638372919776,0.0472048766714972,0.0
0.215,0.9568181379196208,0.4251342620910492,0.047014847008231886,0.0
0.21525,0.9562677415609411,0.4259048310672142,0.04682516146511073,0.0
0.2155,0.9557167587845559,0.42667554159089605,0.046635820528583505,0.0
0.21575,0.9551651895846067,0.4274463927408192,0.046446825243087186,0.0
0.216,0.9546130340683963,0.4282173810062915,0.04625817569525181,0.0
0.21625,0.9540602924429056,0.42898850662759,0.046069873591058075,0.0
0.2165,0.9535069649332932,0.42975976685016803,0.045881919424660245,0.0
0.21675,0.9529530515018081,0.4305311604038735,0.04569431405421409,0.0
0.217,0.9523985523083347,0.4313026854357247,0.04550705827511248,0.0
0.21725,0.9518434675065741,0.43207434016974844,0.045320152904392286,0.0
0.2175,0.9512877972391163,0.43284612311336446,0.04513359886204027,0.0
0.21775,0.9507315415598914,0.43361803207328364,0.044947396693228114,0.0
0.218,0.9501747006007957,0.4343900652389294,0.044761547167626814,0.0
0.21825,0.9496172744992588,0.43516222133196436,0.044576051277249285,0.0
0.2185,0.9490592634577517,0.435934498782828,0.04439090994895478,0.0
0.21875,0.9485006674968233,0.43670689474622293,0.04420612340706365,0.0
0.219,0.9479414867569247,0.43747940874496294,0.04402169296943792,0.0
0.21925,0.947381721289057,0.4382520380479349,0.043837618926327426,0.0
0.2195,0.9468213713724491,0.4390247815583024,0.043653902455177196,0.0
0.21975,0.9462604370351819,0.439797637326393,0.04347054414386364,0.0
0.22,0.9456989184290503,0.440570603168581,0.0432875445888361,0.0
0.22025,0.9451368156713524,0.4413436787404521,0.04310490512773413,0.0
0.2205,0.944574128908723,0.4421168610494277,0.04292262600246244,0.0
0.22075,0.9440108582042974,0.4428901487390675,0.042740708065877486,0.0
0.221,0.9434470036740255,0.4436635394665558,0.04255915179594916,0.0
0.22125,0.9428825654863466,0.44443703238239607,0.04237795834859526,0.0
0.2215,0.9423175437305709,0.44521062500281516,0.04219712810859999,0.0
0.22175,0.941751938608844,0.4459843162930923,0.042016662176249886,0.0
0.222,0.9411857500759755,0.4467581037847026,0.04183656081142573,0.0
0.22225,0.9406189784740047,0.4475319867125762,0.04165682534910964,0.0
0.2225,0.9400516237288699,0.4483059623392762,0.04147745589822027,0.0
0.22275,0.9394836861265414,0.4490800296977824,0.0412984536487484,0.0
0.223,0.9389151656366597,0.44985418641552144,0.04111981889602245,0.0
0.22325,0.9383460624991216,0.45062843159539057,0.04094155281155287,0.0
0.2235,0.9377763768395475,0.45140276252524814,0.040763655674877386,0.0
0.22375,0.9372061086491499,0.45217717768946386,0.04058612815686291,0.0
0.224,0.9366352581349098,0.4529516752666751,0.040408970986090864,0.0
0.22425,0.9360638254701943,0.4537262543947378,0.04023218527450534,0.0
0.2245,0.9354918107006114,0.45450091227708356,0.040055771172204935,0.0
0.22475,0.9349192140302129,0.45527564837254886,0.03987972995145728,0.0
0.225,0.9343460355161834,0.45605046005341876,0.039704061836705495,0.0
0.22525,0.9337722752655928,0.45682534530864416,0.039528767360982764,0.0
0.2255,0.93319793341945,0.4576003030380491,0.039353847483544424,0.0
0.22575,0.932623010127644,0.4583753316296679,0.03917930294350813,0.0
0.226,0.9320475055157953,0.45915042832375264,0.039005133946941495,0.0
0.22625,0.9314714195648879,0.45992559202979066,0.03883134130145538,0.0
0.2265,0.9308947525759557,0.46070082098593446,0.03865792580163929,0.0
0.22675,0.9303175046420282,0.46147611437764624,0.038484888471883805,0.0
0.227,0.9297396758734298,0.4622514690126138,0.0383122292921092,0.0
0.22725,0.9291612663971289,0.46302688386542457,0.03813994921438302,0.0
0.2275,0.9285822762512019,0.4638023569822991,0.03796804869427439,0.0
0.22775,0.9280027056423972,0.4645778869115844,0.03779652855790694,0.0
0.228,0.9274225545804775,0.46535347110553005,0.037625388960073725,0.0
0.22825,0.9268418233789362,0.4661291085350001,0.03745463100225499,0.0
0.2285,0.9262605120130392,0.46690479776320615,0.0372842552979189,0.0
0.22875,0.9256786207213352,0.4676805367434014,0.03711426241718874,0.0
0.229,0.9250961495241405,0.46845632355714883,0.0369446527877324,0.0
0.22925,0.9245130985939394,0.4692321562689017,0.036775426960212076,0.0
0.2295,0.9239294679984695,0.4700080335887975,0.0366065856794191,0.0
0.22975,0.9233452579070534,0.47078395353182145,0.03643812946190628,0.0
0.23,0.9227604684129531,0.47155991422900456,0.03627005880386158,0.0
0.23025,0.9221750996685216,0.47233591440573264,0.036102374520079694,0.0
0.2305,0.9215891517463319,0.4731119517883684,0.0359350768950355,0.0
0.23075,0.9210026249148271,0.4738880255508491,0.03576816704341912,0.0
0.231,0.9204155191573626,0.4746641327177059,0.0356016448395442,0.0
0.23125,0.9198278346058348,0.47544027229363905,0.03543551119048871,0.0
0.2315,0.9192395714874486,0.47621644307581334,0.03526976699032791,0.0
0.23175,0.9186507297861173,0.476992641857791,0.03510441199090675,0.0
0.232,0.9180613096943162,0.47776886820886943,0.03493944740126098,0.0
0.23225,0.9174713112934985,0.4785451193611152,0.03477487325067741,0.0
0.2325,0.9168807347004044,0.47932139425191167,0.03461069038182174,0.0
0.23275,0.9162895800571587,0.48009769052804074,0.034446899058469205,0.0
0.233,0.9156978475069089,0.4808740069018569,0.03428350003402514,0.0
0.23325,0.9151055372143748,0.48165034216532376,0.03412049411487006,0.0
0.2335,0.9145126493238198,0.48242669374911884,0.03395788145116341,0.0
0.23375,0.9139191838180416,0.4832030602733681,0.033795662598844256,0.0
0.234,0.9133251409124359,0.4839794402890192,0.033633838283747775,0.0
0.23425,0.9127305206944065,0.4847558315135103,0.03347240872383095,0.0
0.2345,0.9121353232841809,0.48553223234938514,0.03331137448153276,0.0
0.23475,0.9115395488448979,0.4863086406859196,0.033150735911341656,0.0
0.235,0.9109431975353264,0.48708505586330375,0.03299049404205201,0.0
0.23525,0.9103462693237585,0.48786147540742775,0.03283064887637677,0.0
0.2355,0.9097487644552515,0.4886378970989682,0.032671200774553766,0.0
0.23575,0.9091506829384528,0.4894143201044159,0.03251215053902534,0.0
0.236,0.9085520250027983,0.4901907415606246,0.032353498201289854,0.0
0.23625,0.90795279069199,0.4909671611592614,0.03219524483605163,0.0
0.2365,0.9073529803038998,0.4917435764965177,0.03203739074316281,0.0
0.23675,0.9067525937758099,0.49251998550741405,0.031879936060093206,0.0
0.237,0.9061516313061464,0.4932963870449072,0.0317228815870807,0.0
0.23725,0.905550093005699,0.49407277897483937,0.03156622757172056,0.0
0.2375,0.9049479790483925,0.49484915954428743,0.031409974493875836,0.0
0.23775,0.9043452893965682,0.49562552726179376,0.03125412276862871,0.0
0.238,0.9037420243720415,0.4964018806719821,0.0310986731398486,0.0
0.23825,0.9031381839665826,0.49717821699613296,0.03094362541989204,0.0
0.2385,0.9025337683154824,0.4979545354755004,0.030788980514618425,0.0
0.23875,0.9019287776080542,0.49873083367205595,0.03063473856298038,0.0
0.239,0.9013232119111532,0.49950711075081244,0.030480900366650188,0.0
0.23925,0.9007170713283621,0.500283364117152,0.030327465903300377,0.0
0.2395,0.9001103560343964,0.5010595918429743,0.030174435529350507,0.0
0.23975,0.8995030660810475,0.5018357929088069,0.03002180993104031,0.0
0.24,0.898895201672925,0.502611965531969,0.029869589553219944,0.0
0.24025,0.8982867629448545,0.5033881080566118,0.029717774836756083,0.0
0.2405,0.8976777499341217,0.5041642180149495,0.029566365735309574,0.0
0.24075,0.8970681628232064,0.5049402944191286,0.029415363047919252,0.0
0.241,0.8964580017590684,0.5057163353633598,0.02926476708921122,0.0
0.24125,0.8958472668296693,0.5064923389076341,0.029114578100181365,0.0
0.2415,0.8952359581371514,0.5072683032819185,0.028964796412520588,0.0
0.24175,0.8946240757102455,0.5080442269560734,0.028815422407637348,0.0
0.242,0.8940116198475216,0.5088201072711485,0.028666456139118335,0.0
0.24225,0.8933985905819881,0.5095959440426583,0.028517898647666184,0.0
0.2425,0.8927849880694847,0.5103717350754522,0.02836975008318743,0.0
0.24275,0.892170812424613,0.511147477886496,0.02822201041026151,0.0
0.243,0.8915560637519793,0.5119231712461811,0.028074680201623403,0.0
0.24325,0.8909407421732514,0.5126988128834711,0.027927759522207163,0.0
0.2435,0.8903248478620291,0.5134744025800444,0.027781249500825833,0.0
0.24375,0.8897083808997657,0.5142499369855216,0.027635149619209765,0.0
0.244,0.8890913414218442,0.5150254152251108,0.027489460636503038,0.0
0.24425,0.8884737295118565,0.5158008352141223,0.02734418265754246,0.0
0.2445,0.8878555453342898,0.5165761952732737,0.027199316055000367,0.0
0.24475,0.8872367889870088,0.5173514933799908,0.02705486096628973,0.0
0.245,0.8866174605747119,0.5181267277884132,0.026910817668544862,0.0
0.24525,0.8859975602798791,0.5189018974943167,0.02676718687592472,0.0
0.2455,0.8853770882082319,0.5196770003843767,0.026623968672361942,0.0
0.24575,0.8847560444797651,0.5204520344691161,0.026481163210763548,0.0
0.246,0.8841344292258171,0.521226999018424,0.02633877128763551,0.0
0.24625,0.8835122425122197,0.5220018909608797,0.026196792450505324,0.0
0.2465,0.8828894844718924,0.522776708623141,0.026055227007731885,0.0
0.24675,0.8822661553046096,0.5235514507685366,0.025914075543277182,0.0
0.247,0.8816422550484475,0.5243261158955619,0.025773338363323628,0.0
0.24725,0.8810177838840723,0.525100701556525,0.025633015408121906,0.0
0.2475,0.8803927418783388,0.5258752071165276,0.025493107442419616,0.0
0.24775,0.879767129270121,0.5266496296774648,0.025353614214920883,0.0
0.248,0.8791409459180368,0.527423967549268,0.025214535760721635,0.0
0.24825,0.8785141922439053,0.5281982197816433,0.025075872974512414,0.0
0.2485,0.8778868682682752,0.5289723844966971,0.024937625925598228,0.0
0.24875,0.8772589740564207,0.529746459801288,0.02479979470846949,0.0
0.249,0.8766305097434923,0.5305204432473403,0.024662379184719363,0.0
0.24925,0.8760014754984873,0.5312943342795649,0.02452538021910078,0.0
0.2495,0.8753718713964425,0.5320681301225818,0.024388797441796672,0.0
0.24975,0.8747416975824116,0.5328418295557071,0.024252631343279596,0.0
0.25,0.8741109542265075,0.5336154305652911,0.024116882018921038,0.0
0.25025,0.8734796413746633,0.5343889324509803,0.02398155013755443,0.0
0.2505,0.8728477591912736,0.535162332022324,0.023846635166028918,0.0
0.25075,0.8722153078179975,0.5359356282293533,0.023712137662553978,0.0
0.251,0.8715822872879837,0.5367088193083589,0.02357805771593502,0.0
0.25125,0.8709486977649288,0.5374819034037586,0.023444395472930646,0.0
0.2515,0.8703145394911935,0.5382548793703705,0.023311151515403195,0.0
0.25175,0.8696798124183331,0.5390277446604443,0.023178325435851077,0.0
0.252,0.8690445167364516,0.5398004974734505,0.023045917416357753,0.0
0.25225,0.8684086525854422,0.5405731369111635,0.022913928067869627,0.0
0.2525,0.867772219964607,0.5413456595451009,0.02278235654054117,0.0
0.25275,0.8671352192014794,0.5421180661265623,0.02265120446826918,0.0
0.253,0.8664976502545887,0.5428903531705345,0.022520470925815328,0.0
0.25325,0.8658595133935858,0.5436625193544131,0.02239015639087838,0.0
0.2535,0.8652208086591511,0.5444345631904639,0.022260261055464525,0.0
0.25375,0.8645815361355265,0.545206482802655,0.022130784937284043,0.0
0.254,0.86394169599766,0.5459782760899259,0.022001728005114796,0.0
0.25425,0.8633012883545277,0.5467499420060307,0.02187309073005017,0.0
0.2545,0.862660313293766,0.5475214778979591,0.021744872701431328,0.0
0.25475,0.862018771008966,0.5482928826116051,0.021617074394487457,0.0
0.255,0.8613766615765126,0.5490641546320774,0.021489695988430313,0.0
0.25525,0.8607339851538267,0.549835291962836,0.021362737467274684,0.0
0.2555,0.8600907418676442,0.5506062928688067,0.021236198924208027,0.0
0.25575,0.8594469317367004,0.5513771553147677,0.02111008019440974,0.0
0.256,0.8588025548987499,0.5521478773536472,0.020984381255050755,0.0
0.25625,0.8581576115994078,0.5529184580161797,0.02085910269781599,0.0
0.2565,0.8575121018931622,0.5536888953166113,0.020734244399666535,0.0
0.25675,0.8568660259342717,0.5544591881465806,0.020609806792271312,0.0
0.257,0.8562193838176722,0.5552293331780191,0.020485789046776448,0.0
0.25725,0.8555721756409955,0.5559993299902715,0.02036219191064559,0.0
0.2575,0.8549244015151238,0.5567691761326614,0.02023901503394554,0.0
0.25775,0.8542760616230947,0.5575388699727739,0.020116258567023815,0.0
0.258,0.8536271560711874,0.5583084105190323,0.01999392294193192,0.0
0.25825,0.852977684955686,0.5590777949153534,0.01987200755770102,0.0
0.2585,0.852327648409835,0.55984702197415,0.01975051275160622,0.0
0.25875,0.8516770465640899,0.5606160901835153,0.019629438677004174,0.0
0.259,0.8510258795676418,0.5613849978065133,0.019508785374651616,0.0
0.25925,0.8503741474135165,0.5621537422604348,0.019388552283512883,0.0
0.2595,0.8497218504176711,0.5629223223829882,0.01926873988869482,0.0
0.25975,0.8490689885268257,0.563690736682716,0.019149348182036396,0.0
0.26,0.848415562022673,0.5644589832214706,0.019030377182969183,0.0
0.26025,0.847761570897541,0.5652270601392075,0.018911826707432855,0.0
0.2605,0.8471070154457223,0.5659949661899475,0.018793697158418166,0.0
0.26075,0.8464518955967346,0.5667626992216839,0.01867598812790039,0.0
0.261,0.8457962115948447,0.5675302578616055,0.018558699897385234,0.0
0.26125,0.8451399634600438,0.568297639044232,0.01844183161361368,0.0
0.2615,0.8444831513822031,0.56906484245863,0.018325384094338704,0.0
0.26175,0.8438257755073995,0.5698318662454938,0.01820935725394235,0.0
0.262,0.8431678359117853,0.5705987084075446,0.018093750866059244,0.0
0.26225,0.8425093327751441,0.571365366968692,0.017978564796178098,0.0
0.2625,0.8418502660722762,0.5721318401804751,0.017863798862234326,0.0
0.26275,0.8411906360274575,0.572898126382583,0.01774945313321208,0.0
0.263,0.8405304427774194,0.5736642237815488,0.017635527525690975,0.0
0.26325,0.8398696864249544,0.5744301307349104,0.017522022008210625,0.0
0.2635,0.8392083670894994,0.575195845675708,0.017408936601019276,0.0
0.26375,0.838546484940144,0.5759613669696648,0.017296271322684076,0.0
0.264,0.8378840399699143,0.5767266921222216,0.01718402555414955,0.0
0.26425,0.8372210324118257,0.5774918203511987,0.017072199838961355,0.0
0.2645,0.83655746242116,0.5782567494729705,0.01696079385764726,0.0
0.26475,0.8358933300780222,0.5790214775880713,0.016849807384157867,0.0
0.265,0.8352286354310419,0.5797860030971833,0.01673924033225327,0.0
0.26525,0.8345633787064006,0.5805503240469108,0.01662909255480982,0.0
0.2655,0.8338975599745329,0.5813144397863681,0.016519364515806156,0.0
0.26575,0.8332311793457627,0.5820783470585269,0.016410055218029296,0.0
0.266,0.8325642369726758,0.5828420447505636,0.016301164918604227,0.0
0.26625,0.8318967329586222,0.5836055313862687,0.016192693622562038,0.0
0.2665,0.8312286675095599,0.5843688050382809,0.01608464115524688,0.0
0.26675,0.8305600406315321,0.5851318639257812,0.015977007257108822,0.0
0.267,0.8298908524803785,0.5858947063739492,0.015869791847176407,0.0
0.26725,0.8292211032111485,0.5866573305435736,0.01576299474396392,0.0
0.2675,0.8285507928813516,0.5874197343164838,0.015656615519617834,0.0
0.26775,0.8278799216751409,0.5881819166096136,0.015550654442896716,0.0
0.268,0.8272084897518432,0.5889438762829826,0.015445111726256844,0.0
0.26825,0.8265364971267068,0.5897056101695739,0.015339986284375717,0.0
0.2685,0.8258639440247979,0.5904671172867353,0.015235278463618718,0.0
0.26875,0.8251908304276583,0.591228395159618,0.015130987540477703,0.0
0.269,0.8245171566123783,0.5919894431823423,0.015027114114446238,0.0
0.26925,0.8238429226248911,0.5927502590158156,0.014923657583386207,0.0
0.2695,0.823168128566083,0.5935108406750231,0.014820617590005414,0.0
0.26975,0.822492774638425,0.5942711867972008,0.014717994217984032,0.0
0.27,0.8218168608826897,0.5950312956751702,0.014615787214032006,0.0
0.27025,0.8211403874456042,0.5957911652071317,0.01451399617412319,0.0
0.2705,0.8204633545417739,0.5965507940158119,0.014412621168938378,0.0
0.27075,0.8197857621163376,0.5973101802207168,0.014311661750948002,0.0
0.271,0.8191076105094286,0.5980693228804768,0.014211118340347273,0.0
0.27125,0.8184288996228091,0.5988282187202145,0.01411098962264834,0.0
0.2715,0.817749629768949,0.5995868673568339,0.014011276315029297,0.0
0.27175,0.8170698010239086,0.6003452663058226,0.013911977698783495,0.0
0.272,0.8163894133632787,0.6011034135118649,0.013813093221454853,0.0
0.27225,0.8157084669674006,0.6018613076761739,0.013714622938813648,0.0
0.2725,0.8150269619970416,0.6026189471481018,0.013616566677959296,0.0
0.27275,0.8143448986223145,0.6033763300605415,0.013518924139808597,0.0
0.273,0.8136622769519626,0.6041334551764379,0.013421695346055529,0.0
0.27325,0.812979097059582,0.6048903199707354,0.013324879517971677,0.0
0.2735,0.8122953591024533,0.6056469232026558,0.013228476704157499,0.0
0.27375,0.8116110631240456,0.6064032627183309,0.013132486312022573,0.0
0.274,0.8109262093621172,0.6071593372304989,0.013036908417749071,0.0
0.27425,0.8102407978855215,0.6079151450256575,0.012941742702773817,0.0
0.2745,0.8095548288932424,0.6086706840514751,0.012846988744132704,0.0
0.27475,0.8088683023680776,0.6094259523526944,0.012752645998421741,0.0
0.275,0.8081812185470874,0.6101809491318875,0.012658714817458172,0.0
0.27525,0.8074935774685805,0.6109356717721255,0.01256519429450309,0.0
0.2755,0.806805379313781,0.6116901187443915,0.012472084286367924,0.0
0.27575,0.8061166241234616,0.6124442882407095,0.012379384364811896,0.0
0.276,0.805427312077498,0.613198178010137,0.012287093938935456,0.0
0.27625,0.804737443313412,0.6139517877145835,0.012195213537655514,0.0
0.2765,0.8040470179232102,0.6147051144972266,0.01210374212343246,0.0
0.27675,0.8033560360923939,0.6154581571622941,0.012012679734641818,0.0
0.277,0.8026644978000412,0.6162109134175608,0.011922025574844897,0.0
0.27725,0.8019724033613187,0.6169633820412201,0.011831779760287153,0.0
0.2775,0.8012797527752031,0.6177155610285467,0.011741941675001977,0.0
0.27775,0.80058654614988,0.6184674485295432,0.011652510878531475,0.0
0.278,0.7998927837328704,0.6192190436802036,0.011563487638885928,0.0
0.27825,0.7991984655813589,0.6199703437854964,0.011474870948905647,0.0
0.2785,0.7985035917310501,0.620721347287386,0.011386660474447474,0.0
0.27875,0.7978081623687938,0.6214720525192376,0.011298855929712692,0.0
0.279,0.7971121776623313,0.6222224577973066,0.011211456998438507,0.0
0.27925,0.7964156377152456,0.6229725616688171,0.011124463451255506,0.0
0.2795,0.7957185425602198,0.6237223617794285,0.011037874442826556,0.0
0.27975,0.7950208923574635,0.6244718564911409,0.010951689663927455,0.0
0.28,0.7943226873027065,0.6252210443727506,0.010865908956448234,0.0
0.28025,0.7936239274133357,0.625969923371926,0.010780531633461266,0.0
0.2805,0.792924613035435,0.626718492445022,0.010695557885734175,0.0
0.28075,0.7922247440842494,0.6274667495378452,0.010610986935597921,0.0
0.281,0.7915243206754958,0.6282146922123673,0.010526817918398601,0.0
0.28125,0.790823342974452,0.6289623192505047,0.010443050760537087,0.0
0.2815,0.7901218111866104,0.6297096294126021,0.010359685403058094,0.0
0.28175,0.7894197252772415,0.6304566199898574,0.010276720678958684,0.0
0.282,0.788717085453511,0.6312032897284894,0.010194156511681873,0.0
0.28225,0.7880138918903672,0.6319496369436308,0.010111992526269376,0.0
0.2825,0.7873101446372299,0.6326956599362887,0.010030228236220573,0.0
0.28275,0.7866058437596983,0.6334413566388832,0.009948862931889124,0.0
0.283,0.7859009895546212,0.6341867253449749,0.009867896304618373,0.0
0.28325,0.7851955819086047,0.6349317646073729,0.009787327884552388,0.0
0.2835,0.7844896211904206,0.6356764723395258,0.009707157170589564,0.0
0.28375,0.7837831074379125,0.6364208479679121,0.009627384351883705,0.0
0.284,0.783076040734997,0.6371648882831096,0.009548007988736673,0.0
0.28425,0.7823684212216602,0.6379085921659708,0.009469027996423574,0.0
0.2845,0.7816602489839575,0.6386519576009846,0.009390443678377824,0.0
0.28475,0.780951524174009,0.6393949828530765,0.009312254561190558,0.0
0.285,0.7802422469212473,0.6401376667149492,0.009234460483774853,0.0
0.28525,0.7795324173317191,0.6408800070993124,0.009157060704946929,0.0
0.2855,0.7788220355971092,0.641622002308651,0.00908005479158458,0.0
0.28575,0.7781111017835745,0.6423636506629435,0.009003442220031577,0.0
0.286,0.7773996159575045,0.6431049503363653,0.00892722236939103,0.0
0.28625,0.7766875783658627,0.6438458993476246,0.008851394653632605,0.0
0.2865,0.7759749890017673,0.6445864962312982,0.00877595861520919,0.0
0.28675,0.7752618480636446,0.6453267390473769,0.008700913647141872,0.0
0.287,0.7745481556448492,0.6460666265751769,0.008626259516906876,0.0
0.28725,0.7738339118603079,0.6468061560753995,0.008551995031520931,0.0
0.2875,0.7731191169238354,0.6475453269116684,0.008478120416219426,0.0
0.28775,0.7724037708239475,0.6482841367088099,0.008404634604254557,0.0
0.288,0.7716878738286219,0.6490225845633972,0.008331537683658574,0.0
0.28825,0.7709714259317675,0.6497606675933127,0.008258828255210515,0.0
0.2885,0.7702544272313414,0.650498384399711,0.008186505948237777,0.0
0.28875,0.7695368779737493,0.6512357332080967,0.008114570259091236,0.0
0.289,0.7688187782889813,0.6519727130897479,0.008043021137177808,0.0
0.28925,0.768100128157231,0.6527093214295974,0.007971857323526788,0.0
0.2895,0.7673809278235559,0.6534455563326418,0.007901078220584834,0.0
0.28975,0.7666611773460232,0.6541814170903422,0.007830683853155218,0.0
0.29,0.7659408769276617,0.6549169008953442,0.007760672990902773,0.0
0.29025,0.765220026542714,0.6556520062085838,0.007691045046730904,0.0
0.2905,0.7644986264826361,0.6563867323233836,0.007621800212761487,0.0
0.29075,0.7637766767878755,0.6571210763271296,0.007552937050185893,0.0
0.291,0.7630541776160378,0.6578550365018572,0.007484454980893229,0.0
0.29125,0.7623311289477819,0.6585886117868114,0.0074163537178058014,0.0
0.2915,0.7616075309774892,0.6593217992980129,0.007348631939904315,0.0
0.29175,0.7608833840330185,0.6600545992206861,0.007281290429797638,0.0
0.292,0.7601586880020914,0.6607870087545393,0.007214327679979204,0.0
0.29225,0.7594334431006615,0.6615190255351848,0.007147742709452842,0.0
0.2925,0.7587076493919565,0.6622506484174409,0.007081535217078994,0.0
0.29275,0.7579813070846306,0.6629818760671782,0.007015704884129503,0.0
0.293,0.7572544161448374,0.663712705559135,0.006950250157119475,0.0
0.29325,0.7565269768729124,0.6644431368914496,0.00688517165494984,0.0
0.2935,0.7557989892945649,0.6651731668063547,0.006820467639529371,0.0
0.29375,0.7550704535727011,0.6659027942178,0.00675613790309626,0.0
0.294,0.7543413698319181,0.6666320172847122,0.00669218170649355,0.0
0.29425,0.7536117381356764,0.6673608340994406,0.0066285982157352485,0.0
0.2945,0.7528815586808211,0.6680892431184589,0.006565386933336637,0.0
0.29475,0.7521508314701411,0.6688172426364503,0.006502547105097456,0.0
0.295,0.7514195568168969,0.6695448310027672,0.00644007824083892,0.0
0.29525,0.750687734640378,0.6702720057831044,0.006377979029752234,0.0
0.2955,0.7499553652274376,0.670998766548621,0.006316249766041393,0.0
0.29575,0.7492224486891903,0.6717251104837771,0.006254889018815657,0.0
0.296,0.7484889850497645,0.6724510362462581,0.006193896269249377,0.0
0.29625,0.7477549744661154,0.6731765418332003,0.006133270652217027,0.0
0.2965,0.7470204170135126,0.6739016257397594,0.0060730115701013165,0.0
0.29675,0.746285312882943,0.6746262857499516,0.00601311803055915,0.0
0.297,0.7455496621545112,0.6753505208119464,0.005953589734473352,0.0
0.29725,0.7448134650638369,0.6760743289983822,0.005894425907118972,0.0
0.2975,0.7440767215494102,0.676797708259528,0.005835625466242833,0.0
0.29775,0.7433394319311404,0.6775206573449424,0.005777188144985512,0.0
0.298,0.7426015961698802,0.6782431740944332,0.005719112794295711,0.0
0.29825,0.7418632145583413,0.6789652572538358,0.0056613991163243504,0.0
0.2985,0.7411242870352464,0.6796869046242762,0.005604045910333477,0.0
0.29875,0.740384813832728,0.6804081148176948,0.005547052734924396,0.0
0.299,0.7396447949837945,0.6811288850851298,0.005490418076637527,0.0
0.29925,0.7389042306699025,0.6818492150624564,0.005434142141178988,0.0
0.2995,0.738163121009233,0.6825691020204232,0.0053782234816202035,0.0
0.29975,0.7374214660377234,0.6832885442760244,0.005322661294409503,0.0
0.3,0.736679266110988,0.6840075411218436,0.005267455670069143,0.0
0.30025,0.7359365211412499,0.68472608983123,0.005212604997097525,0.0
0.3005,0.7351932313849101,0.685444189505219,0.005158109155297463,0.0
0.30075,0.7344493968836243,0.686161837817366,0.005103966890801059,0.0
0.301,0.7337050177679405,0.6868790326926444,0.005050177180540905,0.0
0.30125,0.7329600941643619,0.687595772912232,0.004996739578890352,0.0
0.3015,0.7322146262219871,0.6883120568712258,0.004943653389433589,0.0
0.30175,0.7314686139380715,0.6890278820680038,0.004890917186339383,0.0
0.302,0.730722057599376,0.6897432476322365,0.004838530867785851,0.0
0.30225,0.7299749572155232,0.6904581508238863,0.004786492843601886,0.0
0.3025,0.7292273129760591,0.6911725908499875,0.004734802986622766,0.0
0.30275,0.7284791249649007,0.6918865654856319,0.00468346010528653,0.0
0.303,0.727730393307203,0.6926000731099293,0.004632463448666302,0.0
0.30325,0.7269811181473216,0.6933131120004532,0.004581812205697311,0.0
0.3035,0.7262312996303102,0.6940256806200011,0.004531505689485682,0.0
0.30375,0.7254809378053562,0.6947377770419507,0.004481542870813815,0.0
0.304,0.7247300329199806,0.6954493996041293,0.00443192304204465,0.0
0.30425,0.7239785850176528,0.6961605467046184,0.004382645385828887,0.0
0.3045,0.7232265941451885,0.6968712161255723,0.004333708656233171,0.0
0.30475,0.7224740606006925,0.6975814063855807,0.004285112294182047,0.0
0.305,0.7217209843695187,0.6982911161449294,0.004236855610387558,0.0
0.30525,0.7209673655045741,0.6990003426539175,0.004188936979939273,0.0
0.3055,0.7202132043027074,0.6997090847059866,0.0041413560211844835,0.0
0.30575,0.7194585008044587,0.7004173410272614,0.004094112118728788,0.0
0.306,0.7187032551530681,0.7011251098027032,0.004047204350208222,0.0
0.30625,0.7179474674847093,0.701832388304922,0.00400063114596616,0.0
0.3065,0.7171911378672124,0.702539175995355,0.003954392412075292,0.0
0.30675,0.7164342664903565,0.7032454707424449,0.0039084870252557025,0.0
0.307,0.7156768534553528,0.7039512706162299,0.003862913934945089,0.0
0.30725,0.7149188988337514,0.7046565734267602,0.0038176718823028644,0.0
0.3075,0.7141604027181163,0.7053613781266677,0.0037727604210298082,0.0
0.30775,0.713401365356992,0.7060656826357246,0.0037281784871201484,0.0
0.308,0.7126417868189989,0.7067694857295237,0.0036839254859823978,0.0
0.30825,0.7118816672556996,0.7074727853601956,0.0036400002989458446,0.0
0.3085,0.7111210067249285,0.7081755795851308,0.003596401810115779,0.0
0.30875,0.7103598054652345,0.7088778674027054,0.003553129691703516,0.0
0.309,0.7095980633361183,0.7095796456306545,0.0035101818036999965,0.0
0.30925,0.7088357808254635,0.7102809140127135,0.0034675585135675036,0.0
0.3095,0.7080729577129912,0.7109816694402582,0.0034252576671967017,0.0
0.30975,0.7073095943332088,0.7116819117819944,0.003383279606294254,0.0
0.31,0.70654569067956,0.7123816380066614,0.0033416223734119566,0.0
0.31025,0.7057812469930571,0.7130808465372525,0.003300285211441212,0.0
0.3105,0.7050162633864883,0.7137795364309198,0.0032592677204557052,0.0
0.31075,0.7042507398998357,0.714477704997833,0.0032185682035776875,0.0
0.311,0.703484676778249,0.7151753515395001,0.003178186520941484,0.0
0.31125,0.7027180740638492,0.7158724736610367,0.003138121178523079,0.0
0.3115,0.701950931922239,0.7165690697928824,0.0030983713526486767,0.0
0.31175,0.7011832503470945,0.7172651371786287,0.0030589352471734887,0.0
0.312,0.7004150295541365,0.7179606756062782,0.0030198130357870223,0.0
0.31225,0.6996462696286301,0.718655682953198,0.0029810034323607404,0.0
0.3125,0.6988769707590983,0.7193501564469926,0.0029425047517561698,0.0
0.31275,0.6981071330186719,0.7200440954557479,0.002904316758201908,0.0
0.313,0.6973367565118167,0.7207374981112338,0.0028664383486274314,0.0
0.31325,0.6965658414186411,0.7214303617894586,0.0028288679245969117,0.0
0.3135,0.6957943878295705,0.7221226858369363,0.002791605237836725,0.0
0.31375,0.6950223958635764,0.722814468252281,0.002754649087588934,0.0
0.314,0.6942498657202005,0.723505707297079,0.0027179985140204366,0.0
0.31425,0.6934767974276159,0.7241964011551687,0.0026816523785406776,0.0
0.3145,0.6927031911495192,0.7248865477169488,0.002645609420259598,0.0
0.31475,0.6919290470040913,0.7255761456534913,0.0026098689068276837,0.0
0.315,0.6911543650690657,0.7262651930824404,0.002574429674474521,0.0
0.31525,0.6903791454944237,0.7269536884781189,0.0025392908637309475,0.0
0.3155,0.6896033884567867,0.7276416294709378,0.002504451017651732,0.0
0.31575,0.6888270940277046,0.728329015280579,0.0024699097560136885,0.0
0.316,0.6880502622272608,0.7290158431937783,0.0024356652566477344,0.0
0.31625,0.6872728933266874,0.7297021117283862,0.002401716759554695,0.0
0.3165,0.6864949874530453,0.730387819806154,0.0023680636968355095,0.0
0.31675,0.6857165446703526,0.7310729654253407,0.002334704782015029,0.0
0.317,0.6849375650867948,0.731757546307847,0.0023016385527403482,0.0
0.31725,0.6841580488924759,0.7324415614386623,0.0022688645204265168,0.0
0.3175,0.6833779961689412,0.7331250083752963,0.0022363810764183256,0.0
0.31775,0.682597407089558,0.7338078859967396,0.0022041876366269975,0.0
0.318,0.6818162816698994,0.7344901923693072,0.002172282911910184,0.0
0.31825,0.681034620067944,0.7351719253982623,0.0021406655878588587,0.0
0.3185,0.6802524224781656,0.7358530835914081,0.002109334812522512,0.0
0.31875,0.6794696889634668,0.7365336654267907,0.0020782896196953615,0.0
0.319,0.6786864195749409,0.7372136690298561,0.0020475287729195824,0.0
0.31925,0.6779026145846103,0.7378930922225635,0.0020170509579302554,0.0
0.3195,0.6771182741112138,0.7385719341669414,0.0019868557393583064,0.0
0.31975,0.6763333980546076,0.7392501918811973,0.001956940951296282,0.0
0.32,0.6755479867528784,0.7399278647988723,0.0019273065006690793,0.0
0.32025,0.6747620402694867,0.7406049505682262,0.0018979507888041702,0.0
0.3205,0.6739755587153144,0.7412814474389364,0.0018688726888289597,0.0
0.32075,0.6731885422023591,0.7419573539638122,0.0018400712955732867,0.0
0.321,0.6724009910099422,0.7426326686718454,0.001811545795824543,0.0
0.32125,0.6716129049546531,0.7433073887493578,0.0017832940666442365,0.0
0.3215,0.6708242844578454,0.7439815137649077,0.0017553161537520179,0.0
0.32175,0.6700351295293743,0.7446550413414599,0.0017276103805348164,0.0
0.322,0.6692454402170789,0.7453279694995842,0.0017001753866896507,0.0
0.32225,0.6684552166439754,0.7460002963107968,0.001673009896114186,0.0
0.3225,0.6676644590583756,0.7466720213105589,0.0016461138035273049,0.0
0.32275,0.6668731675127209,0.7473431414951222,0.0016194849783262022,0.0
0.323,0.666081342107665,0.748013655751663,0.001593122727445495,0.0
0.32325,0.6652889829004849,0.7486835611288853,0.0015670249530936875,0.0
0.3235,0.6644960901976997,0.7493528579161506,0.0015411921409582696,0.0
0.32375,0.6637026639727619,0.7500215427548937,0.0015156218257266207,0.0
0.324,0.6629087044931836,0.7506896149034787,0.0014903136909334425,0.0
0.32425,0.6621142117372525,0.7513570724497924,0.0014652663496452778,0.0
0.3245,0.6613191858848442,0.7520239129926267,0.0014404781773775799,0.0
0.32475,0.6605236270344736,0.7526901352238866,0.0014159483122531125,0.0
0.325,0.6597275353164562,0.753355737571411,0.0013916757126009038,0.0
0.32525,0.6589309109812422,0.7540207183845524,0.0013676593538092252,0.0
0.3255,0.6581337539605805,0.7546850755165053,0.001343897624387136,0.0
0.32575,0.657336064406266,0.7553488072701384,0.0013203893926954091,0.0
0.326,0.6565378425540107,0.7560119121071267,0.0012971336987581683,0.0
0.32625,0.6557390883705256,0.7566743880074966,0.0012741290393594173,0.0
0.3265,0.6549398021375961,0.7573362335824498,0.0012513745912583474,0.0
0.32675,0.6541399838499213,0.757997446888254,0.001228868920731152,0.0
0.327,0.6533396337873807,0.7586580263014184,0.0012066110194202118,0.0
0.32725,0.6525387519746602,0.7593179705677784,0.001184599989340951,0.0
0.3275,0.6517373384256597,0.7599772766605355,0.0011628335782980503,0.0
0.32775,0.6509353934361126,0.7606359439009083,0.001141311494961883,0.0
0.328,0.6501329169983467,0.7612939696935399,0.0011200317926556291,0.0
0.32825,0.6493299093793166,0.7619513531628996,0.0010989940067491766,0.0
0.3285,0.6485263704869677,0.7626080921863547,0.00107819648872165,0.0
0.32875,0.6477223007642259,0.7632641855566078,0.0010576386306104801,0.0
0.329,0.6469177000449751,0.7639196308285676,0.0010373184835494875,0.0
0.32925,0.6461125685374043,0.7645744264189034,0.001017234994381555,0.0
0.3295,0.6453069063470025,0.7652285701280022,0.0009973865696581985,0.0
0.32975,0.6445007136501584,0.7658820610684245,0.0009777726613020565,0.0
0.33,0.6436939905623564,0.7665348970863022,0.0009583917112632179,0.0
0.33025,0.6428867371338995,0.7671870765202016,0.0009392424929124399,0.0
0.3305,0.642078953624118,0.7678385981539009,0.0009203242526301114,0.0
0.33075,0.6412706400224106,0.7684894591897091,0.0009016348475228142,0.0
0.331,0.6404617964747139,0.7691396580257077,0.0008831731483551764,0.0
0.33125,0.6396524232616976,0.7697891943003725,0.0008649390632975429,0.0
0.3315,0.6388425202269161,0.7704380649735185,0.0008469301596609746,0.0
0.33175,0.6380320876993437,0.7710862685239306,0.0008291454789584041,0.0
0.332,0.6372211257264944,0.7717338033091465,0.0008115837869491216,0.0
0.33225,0.636409634554866,0.7723806677785774,0.0007942440443686749,0.0
0.3325,0.6355976140862207,0.7730268600450216,0.0007771247301577855,0.0
0.33275,0.6347850645503197,0.773672378201951,0.000760224513752572,0.0
0.333,0.6339719861528881,0.774317220680544,0.0007435423069588332,0.0
0.33325,0.6331583789407418,0.7749613856936577,0.0007270767492513208,0.0
0.3335,0.6323442430158828,0.7756048715861823,0.0007108266145361419,0.0
0.33375,0.6315295785711115,0.77624767697192,0.0006947909400287777,0.0
0.334,0.6307143855710002,0.776889799287872,0.0006789677033061103,0.0
0.33425,0.62989866425856,0.7775312369213339,0.0006633557911159826,0.0
0.3345,0.629082414778054,0.7781719883618763,0.0006479541047710313,0.0
0.33475,0.6282656371487754,0.7788120520525865,0.0006327614286458783,0.0
0.335,0.6274483316498127,0.779451426463325,0.0006177767288793046,0.0
0.33525,0.6266304982586632,0.7800901090031971,0.0006029979529946772,0.0
0.3355,0.6258121371762169,0.7807280985917373,0.0005884243622515939,0.0
0.33575,0.6249932485021041,0.7813653938434868,0.0005740549151771468,0.0
0.336,0.62417383236148,0.7820019919150099,0.0005598874449546098,0.0
0.33625,0.6233538888121792,0.7826378912222367,0.0005459207223106333,0.0
0.3365,0.6225334180413764,0.7832730912734718,0.0005321544515097809,0.0
0.33675,0.6217124202335498,0.7839075889169465,0.0005185862512691042,0.0
0.337,0.6208908954704775,0.7845413837093105,0.0005052157938263413,0.0
0.33725,0.6200688437396522,0.7851744727550596,0.0004920407693482787,0.0
0.3375,0.6192462653899469,0.7858068552917246,0.00047906076182613333,0.0
0.33775,0.6184231603350252,0.786438528380657,0.0004662733747169412,0.0
0.338,0.6175995287973493,0.7870694912649725,0.00045367811348984155,0.0
0.33825,0.6167753708783632,0.7876997410982511,0.0004412727633713587,0.0
0.3385,0.6159506867975999,0.7883292780802265,0.00042905757726074967,0.0
0.33875,0.6151254765959244,0.7889580994563516,0.00041703037040585755,0.0
0.339,0.6142997403850092,0.7895862028577767,0.00040518930104105344,0.0
0.33925,0.6134734782054867,0.7902135870943141,0.00039353341072767556,0.0
0.3395,0.6126466903328662,0.7908402502951333,0.00038206134590601515,0.0
0.33975,0.6118193768398132,0.7914661908214953,0.0003707718092051948,0.0
0.34,0.6109915377889976,0.7920914071224274,0.00035966356453576154,0.0
0.34025,0.6101631733411867,0.7927158967007699,0.0003487346840065353,0.0
0.3405,0.6093342836619833,0.7933396590034505,0.00033798477993096654,0.0
0.34075,0.608504868778537,0.7939626912986171,0.00032741165146910056,0.0
0.341,0.6076749289428793,0.7945849922629264,0.00031701434855557764,0.0
0.34125,0.606844464184066,0.7952065603149094,0.0003067915788215192,0.0
0.3415,0.606013474685227,0.795827393651436,0.0002967419651529468,0.0
0.34175,0.6051819604807189,0.7964474898586502,0.0002868635513670892,0.0
0.342,0.6043499217868202,0.7970668481417249,0.0002771557774969846,0.0
0.34225,0.603517358712832,0.7976854665364783,0.00026761708616351854,0.0
0.3425,0.6026842713694034,0.7983033430489712,0.0002582458941451371,0.0
0.34275,0.6018506597725732,0.7989204760672379,0.00024904086341615006,0.0
0.343,0.601016524194689,0.7995368636360212,0.00024000053386719067,0.0
0.34325,0.6001818646949335,0.8001525038926758,0.00023112338819264444,0.0
0.3435,0.5993466814270079,0.8007673961584203,0.00022240891109004401,0.0
0.34375,0.5985109744617638,0.8013815373049198,0.00021385457529365937,0.0
0.344,0.5976747439124548,0.8019949260913961,0.00020545938680127662,0.0
0.34425,0.5968379899226459,0.8026075614317989,0.0001972224928457056,0.0
0.3445,0.5960007126511986,0.8032194402275508,0.00018914143285742036,0.0
0.34475,0.595162912199882,0.8038305622034159,0.00018121597563713898,0.0
0.345,0.5943245886882256,0.8044409249061175,0.00017344415018261117,0.0
0.34525,0.5934857422567728,0.805050526641125,0.00016582460471270544,0.0
0.3455,0.5926463729984128,0.8056593659950835,0.00015835618354653747,0.0
0.34575,0.5918064810571764,0.8062674403466019,0.0001510367861143891,0.0
0.346,0.5909660665192114,0.8068747490142982,0.00014386583834813393,0.0
0.34625,0.5901251295183201,0.8074812894548842,0.0001368412915987438,0.0
0.3465,0.5892836702268465,0.8080870602992718,0.00012996206450166525,0.0
0.34675,0.5884416887126207,0.8086920595040539,0.00012322646755325017,0.0
0.347,0.5875991850816895,0.8092962859381743,0.0001166335692996956,0.0
0.34725,0.58675615956572,0.8098997375359147,0.00011018175451860124,0.0
0.3475,0.585912612137049,0.8105024120191757,0.00010386908068782397,0.0
0.34775,0.5850685430594691,0.8111043092153807,9.769548054139321e-05,0.0
0.348,0.5842239523621764,0.8117054255401968,9.16579819443264e-05,0.0
0.34825,0.5833788402089599,0.8123057604156401,8.575612693451085e-05,0.0
0.3485,0.5825332067107016,0.8129053116086169,7.998808203124597e-05,0.0
0.34875,0.581687051950853,0.8135040773383082,7.435236252639754e-05,0.0
0.349,0.5808403760869272,0.8141020561958214,6.884782752192287e-05,0.0
0.34925,0.5799931792923836,0.814699246199865,6.347287775443355e-05,0.0
0.3495,0.5791454616455134,0.8152956457072378,5.82261317472188e-05,0.0
0.34975,0.5782972232569659,0.8158912533071856,5.31064147979432e-05,0.0
0.35,0.5774484642101925,0.816486066440433,4.811159767759143e-05,0.0
0.35025,0.5765991847222622,0.8170800837360304,4.3240595353433164e-05,0.0
0.3505,0.5757493847690913,0.8176733037501265,3.849212299500415e-05,0.0
0.35075,0.5748990647089904,0.8182657246092901,3.386476340816458e-05,0.0
0.351,0.5740482244475338,0.8188573444616623,2.9356854173379077e-05,0.0
0.35125,0.5731968642430285,0.8194481620233205,2.4967399034014903e-05,0.0
0.3515,0.5723449841004946,0.8200381748078911,2.069426950002118e-05,0.0
0.35175,0.5714925842518319,0.820627381426192,1.653636389731261e-05,0.0
0.352,0.5706396647161007,0.821215780256594,1.2492266846741984e-05,0.0
0.35225,0.5697862256993513,0.8218033696008433,8.56060536436054e-06,0.0
0.3525,0.5689322673097692,0.8223901470335591,4.739350826010735e-06,0.0
0.35275,0.5680777896318301,0.8229761117548968,1.0277955688753337e-06,9.6373873907348
0.353,0.5672243943432852,0.8235635834411181,2.4475421112057916e-07,2.3416655929133534
0.35325,0.5663707700649587,0.8241506604793875,8.01762893853919e-08,0.7989640786492456
0.3535,0.5655166411454502,0.8247369389165726,4.49129540225357e-08,0.4748077714676319
0.35375,0.5646619510172174,0.8253223364423738,3.897863387614109e-08,0.4014959703381707
0.354,0.5638066874638328,0.8259068300104754,3.634344558633984e-08,0.3825381569965815
0.35425,0.5629508493896178,0.8264904198864227,3.649626312274279e-08,0.37796722072959477
0.3545,0.5620944373033953,0.8270731020638135,3.6302439276880705e-08,0.37674457836774766
0.35475,0.5612374524050329,0.8276548784149101,3.787304492242072e-08,0.36954133151864016
0.355,0.5603798955678023,0.8282357439539112,3.7459734203437733e-08,0.37088637280090164
0.35525,0.5595217675588525,0.8288157026303451,3.864940678610651e-08,0.3659553116058156
0.3555,0.5586630698490128,0.829394750741839,3.908561940768607e-08,0.36356856775694135
0.35575,0.5578038029368177,0.829972888504297,3.9111470506725254e-08,0.36442108662214096
0.356,0.5569439678367054,0.830550115591052,3.89090006880366e-08,0.356397980622197
0.35625,0.5560835665013918,0.8311264324630832,3.983585905587006e-08,0.3561454419972686
0.3565,0.5552225992319482,0.8317018368199898,4.0033811821160725e-08,0.35235349511006975
0.35675,0.55436106682726,0.8322763296357901,4.0642939236334996e-08,0.3508902680420448
0.357,0.5534989708275155,0.8328499085826451,4.046661872258994e-08,0.3521715251851799
0.35725,0.55263631261277,0.8334225750737332,4.1330384892290795e-08,0.34481006790984753
0.3575,0.5517730918445412,0.833994326627698,4.0865435035897235e-08,0.3425453180893908
0.35775,0.550909310963492,0.8345651656473572,4.2309134196116815e-08,0.3416099449957992
0.358,0.5500449704335488,0.8351350872917322,4.176250567589079e-08,0.3400415615365615
0.35825,0.5491800716335992,0.8357040950513182,4.278251286571333e-08,0.33781683489655967
0.3585,0.5483146145773349,0.8362721856465904,4.252260743520253e-08,0.3336596618387291
0.35875,0.5474486016745245,0.8368393611004186,4.388117358367083e-08,0.32767504904974404
0.359,0.5465820324680104,0.8374056172265796,4.298974398686539e-08,0.33256204434424047
0.35925,0.5457149095371611,0.8379709575461411,4.4090973316812665e-08,0.3281645903913367
0.3595,0.5448472327299105,0.83853537895021,4.438230583048153e-08,0.32352825513371425
0.35975,0.5439790039684409,0.8390988814635082,4.481590276661507e-08,0.32300649815469046
0.36,0.5431102231976048,0.8396614647148937,4.4934455267764406e-08,0.32074981337517905
0.36025,0.5422408923661771,0.8402231280167143,4.510412887626103e-08,0.3181948977690564
0.3605,0.5413710119114538,0.8407838711081712,4.522683560992391e-08,0.3147403686833343
0.36075,0.540500583480961,0.8413436942067678,4.626237415372714e-08,0.3126897582273972
0.361,0.5396296073284681,0.8419025946164709,4.596371017129286e-08,0.31280409925065933
0.36125,0.538758085166672,0.84246057408305,4.660839958425811e-08,0.3090901723749799
0.3615,0.5378860175724862,0.843017631091571,4.711561540915454e-08,0.3059551346119459
0.36175,0.5370134057830319,0.8435737645753517,4.7135259917396866e-08,0.3026169229710795
0.362,0.5361402506555777,0.8441289748670471,4.7291557558892805e-08,0.30465738323857827
0.36225,0.5352665533924291,0.8446832614657476,4.769051020758752e-08,0.3005428101881843
0.3625,0.534392314902759,0.8452366239359638,4.833489652966705e-08,0.2955473797481812
0.36275,0.5335175360603204,0.8457890607906341,4.83184878774523e-08,0.2976240005636706
0.363,0.5326422181502259,0.8463405722022515,4.835581246531717e-08,0.29406427787753286
0.36325,0.5317663620489735,0.84689115818719,4.8811218844591053e-08,0.29151620047938787
0.3635,0.5308899687701714,0.8474408176099696,4.914612250495054e-08,0.28852784033604656
0.36375,0.5300130392693908,0.8479895507754058,5.0009924423832786e-08,0.2897508727160362
0.364,0.5291355746150277,0.8485373551167612,4.967586075821373e-08,0.28499450188607334
0.36425,0.5282575758457947,0.8490842326277094,5.02677295344256e-08,0.2847520075168739
0.3645,0.5273790438905398,0.8496301813175083,5.047025974924679e-08,0.2794715017612262
0.36475,0.5264999798362381,0.8501752013134289,5.0847942967280346e-08,0.2818426219334611
0.365,0.5256203846043244,0.8507192917510125,5.103446976129078e-08,0.27561993392848666
0.36525,0.5247402592895595,0.8512624523716555,5.1268538303617106e-08,0.27790981431296463
0.3655,0.5238596048362338,0.8518046827664045,5.158097371449344e-08,0.2710557414855524
0.36575,0.52297842231012,0.852345982250078,5.1829914804457644e-08,0.27364725500189374
0.366,0.5220967126537386,0.8528863502552682,5.1907794951233655e-08,0.26859785052998936
0.36625,0.52121447691832,0.8534257870225083,5.245211132098859e-08,0.2682814116616777
0.3665,0.5203317160574967,0.8539642911184414,5.262037938713604e-08,0.26534765817693245
0.36675,0.5194484311151375,0.8545018629349619,5.3173647707183136e-08,0.2632482745123548
0.367,0.5185646231165744,0.8550385009596297,5.323566143466962e-08,0.2623331405518403
0.36725,0.5176802929824809,0.8555742057488829,5.3642628117245295e-08,0.2609195019654888
0.3675,0.5167954417117724,0.8561089759272204,5.361860844210753e-08,0.2587898772873627
0.36775,0.5159100703467663,0.856642812037878,5.40506828183851e-08,0.2561281495687155
0.368,0.5150241799650326,0.8571757126777797,5.4176655384097216e-08,0.25686225541682406
0.36825,0.5141377713859203,0.8577076781743566,5.458246166156755e-08,0.2518672168504157
0.3685,0.51325084571339,0.8582387072330177,5.460925422973162e-08,0.2509205570725
0.36875,0.5123634039851034,0.8587688005679083,5.528602153859197e-08,0.2491304421116706
0.369,0.5114754470985847,0.8592979561938172,5.525178270460174e-08,0.24711438889462756
0.36925,0.5105869761560121,0.8598261749063367,5.563709981615261e-08,0.24671546595212826
0.3695,0.5096979920423539,0.860353455680703,5.589686580265152e-08,0.24429907571768977
0.36975,0.5088084957474656,0.8608797980112817,5.59843702507834e-08,0.2413448366767162
0.37,0.5079184884774719,0.8614052018011833,5.631368682479376e-08,0.24211958522581867
0.37025,0.50702797091234,0.8619296664518462,5.6598636222204846e-08,0.23857672051900156
0.3705,0.5061369442086088,0.8624531912836322,5.6724073216329884e-08,0.23649226708717688
0.37075,0.5052454093935705,0.8629757763001829,5.70970883906341e-08,0.23489590875296723
0.371,0.5043533674641765,0.8634974205745998,5.730571928097561e-08,0.23558517626720046
0.37125,0.503460819223304,0.8640181239372658,5.7492534732972445e-08,0.23201768030476635
0.3715,0.5025677657887391,0.8645378860153755,5.778290801394803e-08,0.2273251760960514
0.37175,0.5016742084630587,0.8650567061159462,5.811660175325528e-08,0.23198476659119688
0.372,0.5007801476316658,0.8655745837971658,5.8188813101267556e-08,0.22677594351288313
0.37225,0.4998855847581359,0.8660915189216163,5.849846629324418e-08,0.22622366690834142
0.3725,0.49899052038594005,0.8666075108928274,5.8685444948025633e-08,0.22157547828614416
0.37275,0.4980949561057005,0.8671225592144391,5.899826738264835e-08,0.2255585308278056
0.373,0.4971988925272477,0.8676366634961923,5.928656143794342e-08,0.21997821557295405
0.37325,0.49630233042105654,0.868149823252279,5.939716563041486e-08,0.2201712381907665
0.3735,0.4954052712056464,0.8686620381911446,5.96663649599094e-08,0.2187829742228544
0.37375,0.4945077155081437,0.8691733077266431,5.97807767732661e-08,0.21245786434549443
0.374,0.4936096648652395,0.8696836315251408,6.009556363650859e-08,0.21649172949636936
0.37425,0.492711119551009,0.8701930091415945,6.024405418969536e-08,0.2136909002650486
0.3745,0.49181208094575063,0.8707014401992517,6.046461842323936e-08,0.2117708333839815
0.37475,0.4909125501084118,0.8712089241371463,6.06750720777427e-08,0.20945619575748659
0.375,0.49001252789535243,0.871715460650786,6.091600091018279e-08,0.20851211337506598
0.37525,0.4891120152662108,0.8722210493038697,6.116325690364022e-08,0.20872817478377073
0.3755,0.48821101305929415,0.8727256896297212,6.130602558940268e-08,0.20259440114803418
0.37575,0.4873095226257105,0.8732293812786482,6.158499243902327e-08,0.2076664353769967
0.376,0.4864075447395457,0.8737321236930514,6.177635958337646e-08,0.2018486345265452
0.37625,0.48550508030936945,0.8742339166283675,6.199478930213331e-08,0.2017543980703369
0.3765,0.4846021304048265,0.874734759590277,6.2214176255182e-08,0.1982496760860858
0.37675,0.4836986960111355,0.8752346521812393,6.245084205325213e-08,0.1992963809162791
0.377,0.4827947780596631,0.8757335939455846,6.26432627992557e-08,0.19800590898954104
0.37725,0.4818903775623072,0.8762315844658546,6.280134057234932e-08,0.19639823092583622
0.3775,0.4809854955532809,0.8767286234423566,6.304788047195586e-08,0.19374515206662898
0.37775,0.4800801326899699,0.8772247103008868,6.308304500990403e-08,0.1928718982567286
0.378,0.4791742906476273,0.8777198448281531,6.341140501575637e-08,0.19204891412841552
0.37825,0.4782679697635801,0.8782140264885555,6.361150695077811e-08,0.1899487610215751
0.3785,0.4773611709910633,0.878707255007032,6.378597405820585e-08,0.18831533906128525
0.37875,0.47645389580755493,0.8791995296848295,6.391410889428073e-08,0.188350846384744
0.379,0.4755461449987308,0.8796908504757486,6.421694775937681e-08,0.1874026924443646
0.37925,0.47463791935427174,0.8801812166944791,6.435536081816906e-08,0.18431746539806218
0.3795,0.47372921992587924,0.8806706281807021,6.457588530572878e-08,0.1835543417088087
0.37975,0.47282004736737854,0.8811590844383114,6.464032464847946e-08,0.18278325981438878
0.38,0.4719104035736379,0.8816465849420112,6.487047032877058e-08,0.1805990932604754
0.38025,0.47100028885027057,0.8821331294574628,6.50917253430805e-08,0.18050698418554356
0.3805,0.470089704329094,0.882618717652194,6.543310715478867e-08,0.17764566688981123
0.38075,0.469178650429872,0.883103348796597,6.533747787251798e-08,0.17620467939078296
0.381,0.46826712921133407,0.8835870228936784,6.566296684162864e-08,0.1776740148173987
0.38125,0.46735514069805933,0.8840697394498238,6.587388901024838e-08,0.17721241515582692
0.3815,0.46644268660007354,0.8845514978153095,6.608499880655927e-08,0.17163758006869173
0.38175,0.46552976681526315,0.8850322978908162,6.605048374908051e-08,0.1709933389627345
0.382,0.46461638376266734,0.8855121392581289,6.641710093013842e-08,0.1716146436859573
0.38225,0.46370253730258965,0.8859910213307232,6.648975658940515e-08,0.17212288812798018
0.3825,0.4627882287159858,0.8864689440126183,6.666846075198407e-08,0.1668658291672663
0.38275,0.46187345923908785,0.886945906592477,6.678531394577192e-08,0.1679960331721283
0.383,0.4609582296233796,0.8874219090690367,6.70766246990695e-08,0.16662011913511368
0.38325,0.460042540797047,0.8878969505954522,6.710985034352746e-08,0.16510265467135732
0.3835,0.45912639400953587,0.8883710313505606,6.750952685763423e-08,0.16366163765446842
0.38375,0.45820978944638086,0.888844150407284,6.742886937693982e-08,0.16359843003674485
0.384,0.45729272926309505,0.8893163077807458,6.776083205650707e-08,0.16247384469029288
0.38425,0.456375213332223,0.8897875028854652,6.781758954410577e-08,0.16036919882843045
0.3845,0.4554572431848988,0.890257735535878,6.802552632301229e-08,0.15844330070315993
0.38475,0.454538819727369,0.8907270050136956,6.804990659858845e-08,0.15995851130397432
0.385,0.45361994451853604,0.8911953113871505,6.85517174137118e-08,0.156172773059145
0.38525,0.4527006169935897,0.8916626538811361,6.847636147000458e-08,0.15673487006319803
0.3855,0.45178083924457874,0.8921290324376855,6.861336587782318e-08,0.15512105715404415
0.38575,0.4508606122753343,0.892594446456359,6.877300928742613e-08,0.15528232270911044
0.386,0.44993993706387414,0.8930588957504675,6.912204120190779e-08,0.15129391148388094
0.38625,0.44901881372943536,0.8935223796621451,6.902004368036785e-08,0.15394498487814812
0.3865,0.4480972442692911,0.8939848982886808,6.934497531752015e-08,0.14870914265885019
0.38675,0.4471752289545828,0.894446450609342,6.91991144385895e-08,0.15066701456675308
0.387,0.4462527694001892,0.8949070370907277,6.96159194735202e-08,0.14774381015852617
0.38725,0.44532986577143957,0.8953666569033125,6.982110889452997e-08,0.15014593131782245
0.3875,0.44440651952172144,0.8958253092473535,6.964076093574079e-08,0.14333056195249153
0.38775,0.4434827319401114,0.8962829947663962,7.011823965896724e-08,0.1483349937852654
0.388,0.4425585032486268,0.8967397125264522,7.040984195683109e-08,0.1431425149429253
0.38825,0.4416338349653715,0.8971954617863813,7.04181470911891e-08,0.14566948435509242
0.3885,0.4407087276780836,0.897650242476406,7.023479042800318e-08,0.14083975765716128
0.38875,0.4397831823865824,0.8981040549919971,7.055156658886119e-08,0.14286492292553904
0.389,0.4388572008010314,0.8985568979803101,7.08014546990654e-08,0.13997595225734533
0.38925,0.43793078274510505,0.8990087716464911,7.098653398429633e-08,0.14164208059118275
0.3895,0.4370039300742257,0.8994596749419042,7.087345488265839e-08,0.13630606041010507
0.38975,0.4360766430321785,0.8999096087229606,7.123506051698314e-08,0.13963454686379642
0.39,0.43514892350456336,0.900358571600262,7.154061965053415e-08,0.13686708157593733
0.39025,0.4342207715489684,0.9008065633517641,7.151109593372951e-08,0.1352739200437782
0.3905,0.4332921882797147,0.9012535838403973,7.140468949451417e-08,0.13498084184996426
0.39075,0.43236317507202343,0.9016996326376162,7.132858415026533e-08,0.13379817504531302
0.391,0.4314337331941971,0.9021447097983968,7.177755501075467e-08,0.1332268465514958
0.39125,0.43050386275558966,0.9025888144618267,7.19195420995078e-08,0.1335463903024463
0.3915,0.429573564951468,0.9030319466718213,7.220750353198468e-08,0.12881820807656033
0.39175,0.4286428406191774,0.903474105461654,7.202690399665812e-08,0.13177376887859446
0.392,0.42771169187061275,0.9039152912002448,7.251421996201657e-08,0.12951704854886498
0.39225,0.4267801179496975,0.9043555028396572,7.229676080022784e-08,0.12930102133117932
0.3925,0.4258481211154463,0.9047947406060591,7.244296829078678e-08,0.12554727780936176
0.39275,0.42491570116595384,0.9052330043069571,7.259197420950159e-08,0.12953342982376687
0.393,0.4239828610813987,0.9056702928620517,7.293179882239542e-08,0.12510202518502084
0.39325,0.4230495992383086,0.9061066065329728,7.290919401548024e-08,0.12613268806051497
0.3935,0.42211591850950897,0.9065419445869722,7.297732507183241e-08,0.12323186701497485
0.39375,0.4211818187722203,0.9069763070675306,7.302306270773329e-08,0.12493937438609629
0.394,0.42024730216809303,0.9074096935965734,7.350629127600428e-08,0.12103784197338792
0.39425,0.41931236824464596,0.9078421031971708,7.325019546478018e-08,0.12284523233783619
0.3945,0.41837701902513885,0.9082735365781085,7.364823018107813e-08,0.1193571215925581
0.39475,0.417441254520916,0.9087039922081658,7.321552453198876e-08,0.12246811253241174
0.395,0.4165050773615775,0.9091334711188459,7.388828482390863e-08,0.11816011514244505
0.39525,0.4155684865279125,0.9095619717616127,7.373498345231155e-08,0.11816337233922404
0.3955,0.4146314842841675,0.909989494464084,7.389734268947734e-08,0.11841186820527277
0.39575,0.41369407077075954,0.9104160386313946,7.379407884755551e-08,0.11554934760040117
0.396,0.412756247712629,0.9108416042859186,7.406197477521914e-08,0.11770408413739682
0.39625,0.41181801584314975,0.9112661906828506,7.42273082998679e-08,0.114365703819814
0.3965,0.4108793755889194,0.9116897977521473,7.430484316728325e-08,0.11541663124697947
0.39675,0.4099403286456377,0.912112425094779,7.453118322509056e-08,0.11241972148404139
0.397,0.40900087562740595,0.9125340722563671,7.464638374088395e-08,0.11400784176412011
0.39725,0.4080610174455472,0.9129547388115965,7.453861994299871e-08,0.11177542717695649
0.3975,0.4071207551926324,0.9133744251832946,7.494376363936794e-08,0.11229629073045864
0.39775,0.40618008953568874,0.9137931298872021,7.468213181205385e-08,0.10945363219014713
0.398,0.4052390219260076,0.9142108537436613,7.499712784131418e-08,0.11208225251553865
0.39825,0.40429755320989025,0.9146275955445499,7.503155163846031e-08,0.1079134995789307
0.3985,0.4033556838234363,0.9150433554430231,7.500654630732129e-08,0.10966671156182875
0.39875,0.4024134154963564,0.9154581333004382,7.539868018824336e-08,0.10632919752647498
0.399,0.401470748636676,0.9158719280717804,7.532040391389216e-08,0.10812769496196095
0.39925,0.40052768483455414,0.9162847400097416,7.554682102117738e-08,0.10631203142753061
0.3995,0.3995842240426676,0.9166965687628588,7.564268678095232e-08,0.1055303151218985
0.39975,0.3986403677514465,0.9171074137722539,7.559851744609603e-08,0.10463333874366118
0.4,0.3976961172607787,0.9175172750686045,7.586680528248735e-08,0.10521499773204326
0.40025,0.3967514733240975,0.9179261518880153,7.595238815660821e-08,0.10343274177610581
0.4005,0.3958064364118921,0.9183340442670067,7.598243589868048e-08,0.10306861596148462
0.40075,0.3948610080393539,0.9187409517780708,7.60719620629402e-08,0.10114686592692901
0.401,0.3939151892496824,0.9191468739781428,7.613269947803758e-08,0.1020835726932284
0.40125,0.3929689806811798,0.9195518109192398,7.63712264539862e-08,0.10062098011371352
0.4015,0.3920223830713644,0.9199557618090726,7.62573284518453e-08,0.10102867191784223
0.40175,0.39107539816829273,0.920358726624869,7.636351662121399e-08,0.09869793339056494
0.402,0.39012802620823095,0.9207607053736879,7.669668788956585e-08,0.10022738699050711
0.40225,0.389180268527447,0.9211616970713205,7.678120250709242e-08,0.09675932889075078
0.4025,0.3882321259312802,0.921561701538859,7.667415635737029e-08,0.09810379112932753
0.40275,0.38728359894419534,0.9219607188757212,7.658049949732515e-08,0.09724480006900302
0.403,0.38633468982093433,0.9223587485697138,7.681105995693827e-08,0.09626114680133883
0.40325,0.38538539813107725,0.9227557902634681,7.677870028643952e-08,0.09487124463143218
0.4035,0.38443572572606965,0.9231518438009247,7.696378556687478e-08,0.09656589060764068
0.40375,0.3834856729132812,0.9235469089032182,7.713721772439897e-08,0.09433859145841583
0.404,0.3825352415992924,0.9239409850964755,7.750323427480055e-08,0.09438086052829286
0.40425,0.3815844315228888,0.9243340717007958,7.724380624019034e-08,0.09192676425161772
0.4045,0.38063324429241857,0.924726169328492,7.745075647491717e-08,0.09418271165695909
0.40475,0.3796816810352552,0.9251172765620592,7.715367655869443e-08,0.08939018965808483
0.405,0.37872974287706285,0.9255073943635388,7.758065345697673e-08,0.09329165530250924
0.40525,0.37777742983821105,0.9258965214691852,7.74819477467048e-08,0.08910521260836249
0.4055,0.3768247437215759,0.9262846580693122,7.762770382058193e-08,0.09227746553625986
0.40575,0.37587168513521624,0.9266718039101932,7.792427636488242e-08,0.08886229568448978
0.406,0.37491825542645785,0.9270579581354461,7.79971376374533e-08,0.0890740897970527
0.40625,0.37396445467976036,0.9274431207550503,7.7799895636943e-08,0.08824339691431034
0.4065,0.3730102848747784,0.9278272914620397,7.770207099966342e-08,0.08862570487673925
0.40675,0.372055746427513,0.9282104704289929,7.793186984628164e-08,0.08649625488375853
0.407,0.37110084076163474,0.9285926568511051,7.818589020658351e-08,0.08808281324374383
0.40725,0.370145567806496,0.9289738507141206,7.833870419027278e-08,0.08476691118208762
0.4075,0.36918992987702787,0.9293540512071772,7.840889559851405e-08,0.08765305021186873
0.40775,0.3682339265716271,0.929733258426551,7.825140202477598e-08,0.08384708640164648
0.408,0.36727756014379054,0.9301114722223645,7.847241190184207e-08,0.08548240830222971
0.40825,0.3663208310539207,0.9304886920166144,7.861740947134876e-08,0.08328273620693502
0.4085,0.36536373969689584,0.9308649176320151,7.8581676499212e-08,0.08429409999094528
0.40875,0.36440628781949275,0.9312401485872026,7.847154592788286e-08,0.08217957600088852
0.409,0.3634484761387924,0.9316143851952248,7.875514040911469e-08,0.08344743291801233
0.40925,0.36249030538784766,0.9319876265179607,7.874137541996618e-08,0.08106457863586175
0.4095,0.36153177688480054,0.9323598726277351,7.889194053589677e-08,0.08230071293633048
0.40975,0.36057289066120635,0.9327311229553894,7.86046969736276e-08,0.08171794260199568
0.41,0.3596136497015081,0.9331013775165786,7.888748454476513e-08,0.07931588384279606
0.41025,0.3586540528383264,0.9334706361142585,7.905245458239563e-08,0.07878791166290576
0.4105,0.35769410211785013,0.9338388980516413,7.91020962065403e-08,0.08151251487668833
0.41075,0.3567337979007514,0.9342061629630478,7.874141427777204e-08,0.0779784173769428
0.411,0.3557731423369006,0.934572431367144,7.913988064878197e-08,0.0786399122966458
0.41125,0.3548121350095903,0.9349377023668293,7.922851175123924e-08,0.0783749871001456
0.4115,0.3538507775102638,0.9353019756159455,7.916785138561977e-08,0.07760157635365952
0.41175,0.3528890711521932,0.9356652511627174,7.938602109014425e-08,0.07720211439097424
0.412,0.3519270159351251,0.9360275287260151,7.953896319357057e-08,0.07618565026506026
0.41225,0.3509646138209365,0.9363888076844792,7.965561676925859e-08,0.07567198409982949
0.4125,0.35000186502457636,0.9367490877024839,7.941605573158483e-08,0.07555773595263308
0.41275,0.3490387707469651,0.9371083691307016,7.948967484239233e-08,0.07579278130393396
0.413,0.34807533228989485,0.9374666514312082,7.974717841641166e-08,0.07466563617969392
0.41325,0.3471115503717233,0.9378239339575751,7.97525587792336e-08,0.07400927863127128
0.4135,0.34614742589146513,0.9381802167735857,7.97983066291863e-08,0.07515363290646285
0.41375,0.3451829597303972,0.938535499406722,7.966742776588376e-08,0.07091384189122124
0.414,0.3442181532305142,0.938889782049408,7.992510209220427e-08,0.07450822691908598
0.41425,0.3432530069291589,0.939243063858864,7.988644457057603e-08,0.07057028522598935
0.4145,0.34228752214717906,0.9395953451696646,8.024107511772627e-08,0.07396008866374633
0.41475,0.34132169902483694,0.9399466248409384,7.988753347731858e-08,0.07021947095151693
0.415,0.3403555399534497,0.9402969037921594,8.042905963456803e-08,0.07216365874030731
0.41525,0.33938904490241106,0.9406461801687437,8.003290652425221e-08,0.07119881726541166
0.4155,0.3384222149639732,0.9409944550722474,8.00289157165679e-08,0.06952863770798993
0.41575,0.33745505089740885,0.9413417280425573,8.016515717912398e-08,0.06974989748197688
0.416,0.3364875547019821,0.9416879982395798,8.02488899775966e-08,0.06991450913757492
0.41625,0.3355197261370972,0.9420332658625902,8.030942177938982e-08,0.06911505070287016
0.4165,0.33455156684476783,0.942377530641582,8.056820433033351e-08,0.06883039463154228
0.41675,0.33358307734561155,0.9427207917399093,8.033504150795068e-08,0.06694704708838438
0.417,0.3326142591316099,0.9430630499548442,8.078389801546848e-08,0.06935284887561319
0.41725,0.33164511261320595,0.9434043038369873,8.060918510466308e-08,0.06662426670172841
0.4175,0.33067563926952237,0.9437445536728446,8.049672861609736e-08,0.06688803785737688
0.41775,0.32970583939844117,0.9440837992351868,8.025588438265174e-08,0.06639470798294204
0.418,0.3287357151640933,0.9444220407821433,8.076977486837222e-08,0.06723214292351934
0.41825,0.32776526594140826,0.9447592770692576,8.058303091473817e-08,0.06496333126040044
0.4185,0.32679449410566863,0.9450955084025092,8.06901854222275e-08,0.06726017087866229
0.41875,0.3258233997622392,0.9454307343331779,8.062719469847934e-08,0.0632416690709318
0.419,0.3248519844483795,0.9457649547888991,8.075344593017064e-08,0.06579061767732779
0.41925,0.32388024817616534,0.9460981695836199,8.082406188769653e-08,0.06360196862669532
0.4195,0.3229081931094452,0.9464303780867926,8.08713547240103e-08,0.06402489728671713
0.41975,0.3219358195488167,0.9467615804754794,8.108649462990059e-08,0.06315857475920397
0.42,0.32096312892395673,0.9470917760672108,8.121139694061696e-08,0.06350631001520506
0.42025,0.3199901213019016,0.9474209647358363,8.107589088979239e-08,0.06390793759960517
0.4205,0.319016798752458,0.9477491463446351,8.114162208805453e-08,0.06296845844272655
0.42075,0.31804316111948056,0.948076320536389,8.09483415853407e-08,0.06133777837889871
0.421,0.3170692104541786,0.9484024875395392,8.129460771222341e-08,0.06202299388509756
0.42125,0.3160949471289696,0.9487276462541389,8.118368888254679e-08,0.060948247662973444
0.4215,0.3151203720651256,0.9490517971598884,8.129143536095285e-08,0.06074899970044566
0.42175,0.314145486551602,0.9493749394113696,8.11515390441997e-08,0.06159362750704595
0.422,0.3131702916737069,0.9496970736721764,8.166424159128383e-08,0.06093024232367261
0.42225,0.3121947875466049,0.9500181982145708,8.115506133776762e-08,0.059302147143170204
0.4225,0.31121897590430586,0.9503383144193647,8.140817886470586e-08,0.060018681035805606
0.42275,0.31024285763186416,0.9506574209951603,8.14023739525993e-08,0.059833421198738836
0.423,0.3092664334146278,0.9509755182783053,8.160084452590866e-08,0.05940176555517307
0.42325,0.30828970478678364,0.9512926053898487,8.157346109705088e-08,0.05721912967156884
0.4235,0.3073126719989003,0.9516086825970743,8.158261821655799e-08,0.05901396698764009
0.42375,0.3063353358978712,0.9519237493209791,8.12704825658983e-08,0.058603139787390984
0.424,0.3053576987859543,0.9522378057956473,8.149717789507349e-08,0.05763266027048018
0.42425,0.30437976021285906,0.952550851446868,8.150969210696246e-08,0.057649191353351954
0.4245,0.3034015216983062,0.9528628861868205,8.162055920024613e-08,0.05705387361229464
0.42475,0.30242298469924533,0.9531739094259588,8.164237952357212e-08,0.05668296647898164
0.425,0.3014441495722764,0.9534839216697435,8.209702984096623e-08,0.05743553881114125
0.42525,0.30046501677816395,0.953792921554096,8.175709664826059e-08,0.054832223138855156
0.4255,0.2994855883204659,0.9541009097509593,8.179962840415556e-08,0.056616735002132844
0.42575,0.2985058648850454,0.9544078856364789,8.176792820613343e-08,0.05533731957025072
0.426,0.29752584720136355,0.9547138493931229,8.198795842240258e-08,0.0555313795584704
0.42625,0.2965455364495687,0.955018800262219,8.202122203648798e-08,0.0555515614520637
0.4265,0.2955649331223679,0.9553227383141177,8.20158037040386e-08,0.05452937659810973
0.42675,0.29458403887130696,0.9556256627354069,8.161810538531711e-08,0.054094190219961154
0.427,0.2936028545780829,0.9559275747781726,8.221883529557772e-08,0.05537209148360743
0.42725,0.29262138082396005,0.9562284725190772,8.208574087120724e-08,0.05300018643382129
0.4275,0.2916396187512928,0.9565283564353319,8.194513489989674e-08,0.053039257876632766
0.42775,0.2906575694621835,0.9568272262808544,8.18189853646345e-08,0.053917523008369814
0.428,0.28967523369813364,0.9571250824655948,8.225141656659218e-08,0.05350161546001393
0.42825,0.28869261273478164,0.9574219233480294,8.197753387229056e-08,0.05278724298497303
0.4285,0.28770970714119515,0.9577177500451755,8.216742930500232e-08,0.05286539741577907
0.42875,0.2867265181692513,0.958012561409374,8.20198022832841e-08,0.050982441189610574
0.429,0.2857430469445532,0.9583063578622699,8.219819958021901e-08,0.05269912791105881
0.42925,0.28475929409851863,0.9585991385847527,8.203545487361907e-08,0.0515999505417701
0.4295,0.2837752609867413,0.9588909040819794,8.233962112136339e-08,0.051594258894304766
0.42975,0.2827909474993852,0.9591816532874817,8.199544998532815e-08,0.0501913358555014
0.43,0.28180635640231344,0.9594713868575226,8.235351933727486e-08,0.05219950475681279
0.43025,0.2808214876356494,0.9597601037395532,8.232402515240267e-08,0.05043905233371533
0.4305,0.2798363417830662,0.9600478041528024,8.22205699080314e-08,0.050696195100388114
0.43075,0.27885092053927,0.9603344880507031,8.241259874530726e-08,0.04917365345333395
0.431,0.27786522482762877,0.9606201548524709,8.253864347551598e-08,0.05040763271083199
0.43125,0.27687925500808686,0.9609048041992867,8.229354797606447e-08,0.04978700885929225
0.4315,0.2758930124605291,0.9611884363028207,8.220340030895557e-08,0.049584885081089984
0.43175,0.2749064983538169,0.9614710510348843,8.240763782474403e-08,0.04918602352916469
0.432,0.2739197138098248,0.9617526479282148,8.270529106013669e-08,0.0490110866100769
0.43225,0.272932658876308,0.9620332261986483,8.229573200679852e-08,0.049290681319220514
0.4325,0.2719453355495257,0.9623127867831754,8.256676942153263e-08,0.04780567207252897
0.43275,0.2709577443712388,0.96259132850489,8.2473776030767e-08,0.04791609551361881
0.433,0.26996988624047447,0.9628688515902795,8.241973570299876e-08,0.04802506383439626
0.43325,0.2689817622537209,0.9631453560489743,8.265190798439903e-08,0.04838408954398359
0.4335,0.26799337334216744,0.9634208410301482,8.254327288348406e-08,0.04735528944293842
0.43375,0.2670047203158262,0.963695306923747,8.262889039656329e-08,0.04694084808367258
0.434,0.26601580501668565,0.9639687532806889,8.291009701011376e-08,0.04707873113441926
0.43425,0.2650266269125717,0.9642411796167367,8.272066231995723e-08,0.04703580109327693
0.4345,0.26403718808449195,0.9645125859658643,8.258905870306421e-08,0.04644977626437057
0.43475,0.2630474893228384,0.9647829725298407,8.286127872736415e-08,0.047415032050331686
0.435,0.2620575317065743,0.9650523381511107,8.264753059705754e-08,0.04583288526966279
0.43525,0.2610673155936703,0.9653206836249851,8.27527435465214e-08,0.045493944574745204
0.4355,0.26007684265855635,0.965588007979717,8.262073736275966e-08,0.04649581661715533
0.43575,0.25908611345120863,0.9658543114649275,8.257931738420154e-08,0.04418758811931483
0.436,0.2580951294952172,0.9661195938788651,8.277290475255938e-08,0.046878310149369606
0.43625,0.2571038907918294,0.9663838549038456,8.283955343912908e-08,0.04424256045312041
0.4365,0.2561123994390237,0.9666470941521933,8.288964337133109e-08,0.045159378182466736
0.43675,0.25512065533290174,0.9669093115216351,8.274236229510734e-08,0.044862053009680776
0.437,0.25412866084771935,0.9671705069620415,8.29007305025442e-08,0.04424460226547316
0.43725,0.25313641528893155,0.9674306801373299,8.280815011474374e-08,0.044462034046379044
0.4375,0.25214392114543177,0.9676898309592123,8.295622788700996e-08,0.04460718496261846
0.43775,0.25115117800402453,0.9679479590463973,8.281744423577209e-08,0.043444453701395935
0.438,0.25015818840731896,0.9682050644362192,8.301358400686354e-08,0.04356756938453633
0.43825,0.24916495164479882,0.9684611466188452,8.281921837216544e-08,0.04348050387539779
0.4385,0.24817147029539233,0.9687162057406908,8.296660514162113e-08,0.04376711260521862
0.43875,0.2471777439020755,0.9689702410733695,8.258314854181492e-08,0.04318394007290789
0.439,0.24618377480211961,0.9692232533417453,8.289708541830976e-08,0.04349865847358679
0.43925,0.2451895627298184,0.9694752415628718,8.283751062876377e-08,0.0421987707347443
0.4395,0.24419510963306804,0.9697262057736051,8.286638575327743e-08,0.04273307470947128
0.43975,0.24320041581839247,0.9699761457055686,8.274603136015912e-08,0.042536301027317876
0.44,0.24220548292876032,0.9702250615604662,8.302037879381885e-08,0.042338694275715016
0.44025,0.2412103110751933,0.9704729525646797,8.291429587359289e-08,0.04179529770144746
0.4405,0.24021490231662848,0.970719818677777,8.283439845158114e-08,0.042105914992924764
0.44075,0.2392192563703823,0.97096566020021,8.295321074491824e-08,0.04119021081250796
0.441,0.23822337553267658,0.9712104764613301,8.311920973724796e-08,0.04171583857480818
0.44125,0.23722725993018812,0.9714542671977945,8.305539100916803e-08,0.041634681090362856
0.4415,0.2362309103737892,0.9716970326151547,8.310455967830421e-08,0.0412549060649143
0.44175,0.23523432877942463,0.9719387719991586,8.297576581384192e-08,0.04117175971930673
0.442,0.23423751513691116,0.9721794858159889,8.30694741882354e-08,0.0409937234590511
0.44225,0.2332404713720055,0.9724191731192643,8.286789099365421e-08,0.040182545950954725
0.4425,0.23224319771943763,0.9726578347526541,8.319633204578736e-08,0.04110126858271327
0.44275,0.23124569497945371,0.9728954693067939,8.282210517407407e-08,0.039864491714763604
0.443,0.2302479654464662,0.9731320778993577,8.331447598486363e-08,0.04022549050392403
0.44325,0.22925000893732145,0.9733676590242462,8.311604804411843e-08,0.03998219002475082
0.4435,0.2282518261913546,0.9736022133618161,8.301135423494088e-08,0.04007302063063174
0.44375,0.22725341927806472,0.973835740461065,8.298645792770287e-08,0.039024994476903156
0.444,0.2262547885426187,0.9740682403399141,8.308867749384774e-08,0.04039034703166718
0.44425,0.22525593492630724,0.9742997126023002,8.309822119301202e-08,0.03942008671464788
0.4445,0.22425685960481823,0.9745301571606326,8.314766763994896e-08,0.03926884096997115
0.44475,0.22325756366173372,0.9747595736565341,8.30836170973015e-08,0.03888124027909416
0.445,0.22225804780988057,0.9749879623105855,8.323339995008894e-08,0.0389668671050165
0.44525,0.22125831294003281,0.9752153224817388,8.31241122600801e-08,0.038947434173716475
0.4455,0.22025836057638717,0.9754416542788167,8.315299271366428e-08,0.038770244544290657
0.44575,0.21925819102173225,0.9756669574771074,8.31213755603244e-08,0.03809297523945357
0.446,0.21825780622438629,0.9758912319227306,8.326076983422581e-08,0.03848399929461201
0.44625,0.21725720608026983,0.9761144772780997,8.317284794223667e-08,0.03837893075252884
0.4465,0.21625639196675883,0.9763366935063219,8.307666554685511e-08,0.0381801706559969
0.44675,0.21525536528798395,0.9765578805336017,8.315876831588298e-08,0.037998021405083744
0.447,0.21425412664151366,0.9767780380336575,8.318389599359932e-08,0.038039030493198296
0.44725,0.21325267714185994,0.9769971658509318,8.31944582113664e-08,0.03703024784519348
0.4475,0.21225101753601597,0.9772152638909892,8.321330136062954e-08,0.037962460400123646
0.44775,0.2112491488962981,0.9774323319120454,8.318821098640683e-08,0.03712135594232735
0.448,0.2102470729277215,0.977648369839546,8.336229462280187e-08,0.03748555137211674
0.44825,0.20924478903860877,0.9778633772609175,8.316396615803967e-08,0.03680896363360354
0.4485,0.20824229974862105,0.9780773542870895,8.318691024911118e-08,0.03714069775863532
0.44875,0.20723960518844728,0.9782903006358221,8.313839194862283e-08,0.03640428414947167
0.449,0.2062367068989488,0.9785022164387769,8.342405743988479e-08,0.037554968873913575
0.44925,0.20523360546463557,0.978713100715576,8.316215205361743e-08,0.035964089423207134
0.4495,0.20423030193668806,0.9789229540308679,8.307883225810997e-08,0.03679529868390219
0.44975,0.20322679747171588,0.9791317762613839,8.324768785428205e-08,0.03639646488465142
0.45,0.20222309291202833,0.9793395669793625,8.33791125032235e-08,0.03625285058217503
0.45025,0.20121918931891294,0.9795463256678276,8.31397477529805e-08,0.036068985065564156
0.4505,0.20021508773520885,0.9797520529570961,8.33152273838067e-08,0.03627536259636161
0.45075,0.1992107886495081,0.9799567479365119,8.307032817178595e-08,0.03573178018541575
0.451,0.1982062941417766,0.9801604111952997,8.335597434516728e-08,0.03547109958980055
0.45125,0.19720160396188274,0.9803630418763009,8.324104294743506e-08,0.03557047505202182
0.4515,0.19619671988673776,0.9805646402075157,8.325980127565913e-08,0.03593878293021063
0.45175,0.1951916423318253,0.9807652058392173,8.311051535869751e-08,0.034935647836051395
0.452,0.19418637303074604,0.9809647389646905,8.328144618374722e-08,0.03552380197900103
0.45225,0.19318091226929296,0.98116323894632,8.316241140171599e-08,0.03491094507321151
0.4525,0.1921752619859983,0.9813607060717645,8.337052603835104e-08,0.03520433648412878
0.45275,0.19116942179289578,0.9815571397455681,8.320706190723115e-08,0.035075231089500856
0.453,0.19016339402615756,0.981752540158503,8.326760680965606e-08,0.03521409645472825
0.45325,0.18915717849683292,0.9819469070030765,8.317489208486961e-08,0.03368297123083678
0.4535,0.1881507771513737,0.9821402402656743,8.324588751662532e-08,0.035339675316576565
0.45375,0.18714419020117257,0.9823325397214513,8.326082112652955e-08,0.03450664482826997
0.454,0.18613741965965858,0.9825238051685297,8.336019785559756e-08,0.03421060628182477
0.45425,0.18513046559854188,0.9827140363585017,8.327437228672352e-08,0.03406150080212431
0.4545,0.18412332901988468,0.9829032334426345,8.330067191586465e-08,0.034867942860341776
0.45475,0.18311601155070323,0.983091395850777,8.314102961648473e-08,0.03341643679032197
0.455,0.18210851368074543,0.9832785239766224,8.323432432177924e-08,0.034146414617325475
0.45525,0.1811008366476942,0.9834646173068032,8.32644524439985e-08,0.033808967247370945
0.4555,0.18009298130704413,0.9836496757260541,8.323601186077667e-08,0.03433922365705172
0.45575,0.17908494846676148,0.9838336992374652,8.326130540581289e-08,0.03342281886603884
0.456,0.17807673994872175,0.9840166875317529,8.332586043380275e-08,0.03308443518791106
0.45625,0.1770683553945095,0.9841986404797711,8.320216959845084e-08,0.03337900335001165
0.4565,0.17605979714751918,0.9843795581974951,8.338435719679183e-08,0.03349730037277311
0.45675,0.17505106503072113,0.9845594400788223,8.3208353540698e-08,0.03343619672622783
0.457,0.17404216128916516,0.9847382863276373,8.323284417244281e-08,0.033663398739845286
0.45725,0.17303308572002876,0.9849160968019631,8.324670086601316e-08,0.032379384904875
0.4575,0.17202383980784647,0.9850928712098714,8.318536837137458e-08,0.033617711411278686
0.45775,0.17101442499288827,0.9852686095459068,8.325608291670505e-08,0.032669747725308604
0.458,0.170004841666632,0.9854433117012569,8.338341506153313e-08,0.03298288968187453
0.45825,0.16899509057325712,0.9856169771545289,8.314654387220344e-08,0.03231996987163874
0.4585,0.16798517387333722,0.9857896063215456,8.32864179844961e-08,0.03259075736896789
0.45875,0.1669750908628993,0.985961198722074,8.317706789995327e-08,0.03278788439999478
0.459,0.16596484460082905,0.9861317544099286,8.334948708998979e-08,0.03288336627150097
0.45925,0.16495443405668667,0.9863012729692142,8.318782351857124e-08,0.03176070142372382
0.4595,0.1639438618331252,0.9864697544444904,8.313326249620445e-08,0.03243940645008809
0.45975,0.16293312777415273,0.986637198882299,8.317228528120779e-08,0.03243284129240161
0.46,0.16192223349229806,0.9868036059378209,8.319550670599085e-08,0.03223928115500611
0.46025,0.1609111799159783,0.9869689755061264,8.321677902323188e-08,0.03185831769126613
0.4605,0.15989996774246154,0.9871333075256573,8.325528866315324e-08,0.03181580698952672
0.46075,0.15888859834173416,0.9872966017661322,8.327097322791133e-08,0.03205687197820284
0.461,0.1578770725715941,0.9874588581443842,8.328579026439797e-08,0.032012845954463735
0.46125,0.156865391488704,0.9876200764572672,8.32341779943846e-08,0.03092787114189461
0.4615,0.1558535555910097,0.987780256675425,8.313406074655916e-08,0.03219197827447134
0.46175,0.15484156659861928,0.987939398775596,8.319989697191943e-08,0.03234562916135056
0.462,0.15382942529650734,0.9880975025701222,8.333617973477203e-08,0.03053639932984634
0.46225,0.15281713249832912,0.9882545675824624,8.316630228932809e-08,0.031458007845352805
0.4625,0.15180468883920278,0.9884105941366361,8.307754906233811e-08,0.03122825219895235
0.46275,0.15079209602186283,0.9885655819939166,8.306281551462291e-08,0.03166730988289194
0.463,0.14977935499848627,0.9887195311447368,8.322541189542676e-08,0.03127599753318439
0.46325,0.14876646657521972,0.9888724410943278,8.316656185947124e-08,0.030867389312206096
0.4635,0.14775343158103654,0.9890243120789337,8.321358646590227e-08,0.03089419015860846
0.46375,0.1467402508932118,0.9891751437609958,8.313339128207531e-08,0.031172791272808257
0.464,0.14572692616570748,0.9893249361807221,8.317934430124296e-08,0.030555511050974142
0.46425,0.14471345793058957,0.9894736891502086,8.321337263694772e-08,0.031072431159768817
0.4645,0.14369984700919675,0.9896214025225327,8.318056221590098e-08,0.03125167491902856
0.46475,0.14268609486943876,0.9897680760655125,8.303375476081953e-08,0.03037957079912654
0.465,0.14167220242720902,0.9899137100823427,8.31747788421211e-08,0.030624839146592635
0.46525,0.14065817012987572,0.9900583040146961,8.30863671197335e-08,0.030408627077173678
0.4655,0.13964399980394987,0.9902018580260277,8.315971800065824e-08,0.030594368836301882
0.46575,0.1386296916073035,0.9903443719070512,8.31815503143929e-08,0.030768262881069007
0.466,0.1376152475852308,0.9904858454454697,8.319788213917434e-08,0.03038867109808661
0.46625,0.1366006674265089,0.9906262786570574,8.315364530275815e-08,0.029429600695403152
0.4665,0.13558595283827304,0.9907656713632835,8.30794966155679e-08,0.030788265009157795
0.46675,0.13457110532014854,0.9909040234774965,8.306548515690793e-08,0.0304334732757977
0.467,0.13355612522475724,0.9910413349548026,8.308702059700579e-08,0.030091892680931567
0.46725,0.13254101323748785,0.9911776057072521,8.31227868758333e-08,0.030094398742095074
0.4675,0.13152577133736545,0.9913128353326008,8.30105211235832e-08,0.029596831843421757
0.46775,0.13051039943814552,0.991447024288374,8.316588440138162e-08,0.0301098575422534
0.468,0.12949489953537352,0.9915801718354569,8.309145171914167e-08,0.029964153782917956
0.46825,0.12847927186737282,0.9917122782596993,8.30753033032039e-08,0.029599185063884346
0.4685,0.1274635182197534,0.9918433433141237,8.307674459473446e-08,0.030048525142686133
0.46875,0.12644763858371122,0.9919733670308567,8.310096233365982e-08,0.02986952210882562
0.469,0.12543163494961362,0.9921023491279559,8.309566723596618e-08,0.02940348187138169
0.46925,0.12441550767946055,0.9922302895709416,8.304658272173526e-08,0.02962786687230971
0.4695,0.12339925778107169,0.9923571884272615,8.312208588101555e-08,0.029311220407460977
0.46975,0.12238288621278544,0.9924830452761442,8.29991866346802e-08,0.02964474234730527
0.47,0.121366394731659,0.9926078602771575,8.302707543705878e-08,0.029685414313610416
0.47025,0.12034978370216744,0.9927316332302292,8.302655474246023e-08,0.02887780654926429
0.4705,0.11933305407516843,0.9928543640680877,8.302197351817142e-08,0.02941006918376253
0.47075,0.1183162065539017,0.9929760527340534,8.301830001222754e-08,0.029551508892318307
0.471,0.1172992434110327,0.9930966989974159,8.303217891025838e-08,0.029300340865793056
0.47125,0.11628216457255092,0.9932163028012823,8.297395970302546e-08,0.029153794594286565
0.4715,0.11526497102454529,0.9933348641932576,8.298355980151939e-08,0.029155459170996854
0.47175,0.11424766408172872,0.9934523829601847,8.297869702467153e-08,0.02913412393410406
0.472,0.11323024507544943,0.9935688590676026,8.305436849376235e-08,0.028714744945327025
0.47225,0.11221271420648257,0.9936842922618151,8.295872166996787e-08,0.028938284318027252
0.4725,0.1111950730541601,0.9937986826312794,8.29355897291606e-08,0.029089138539319676
0.47275,0.11017732234888652,0.9939120300844818,8.295330977681203e-08,0.028786649718311824
0.473,0.10915946338568006,0.9940243345411339,8.305329335378531e-08,0.02881095309378449
0.47325,0.10814149699752029,0.9941355955804996,8.288652630916715e-08,0.02887277498361859
0.4735,0.10712342412052313,0.9942458136538158,8.298171838561075e-08,0.02877255648275908
0.47375,0.10610524553142255,0.9943549882464114,8.288989894467136e-08,0.028624750436658932
0.474,0.10508696295097053,0.9944631194665643,8.288071096096417e-08,0.028730829779691693
0.47425,0.10406857677554025,0.9945702072812495,8.294177367140776e-08,0.028740764888493465
0.4745,0.10305008806317426,0.9946762514092787,8.288371788900406e-08,0.02844506921067298
0.47475,0.10203149796420231,0.9947812519405658,8.2894625830221e-08,0.028491024661979822
0.475,0.1010128076389023,0.9948852086878723,8.288649921972535e-08,0.028603261069216027
0.47525,0.09999401798038353,0.994988121644455,8.292270758936127e-08,0.028461973063887227
0.4755,0.0989751296492063,0.9950899906858383,8.292610598203964e-08,0.02838965428875835
0.47575,0.09795614357745819,0.9951908156672755,8.282652896873799e-08,0.028286277127054272
0.476,0.09693706145133518,0.9952905966785801,8.285980857003494e-08,0.028289863009812698
0.47625,0.09591788452445824,0.9953893334784337,8.288714048454437e-08,0.02838406823988221
0.4765,0.09489861254392164,0.9954870260694055,8.286763186760027e-08,0.0282047375311582
0.47675,0.09387924696724084,0.9955836743422333,8.281395569298411e-08,0.028004113764099708
0.477,0.09285978993877819,0.9956792782736192,8.288547115320455e-08,0.028253426398443793
0.47725,0.09184024043610754,0.9957738376943341,8.279992869120179e-08,0.02824740017302769
0.4775,0.09082060085659097,0.9958673526166714,8.277384155874756e-08,0.02813106241212845
0.47775,0.08980087247230711,0.9959598228415892,8.27057153873767e-08,0.027947744465398938
0.478,0.08878105511143275,0.9960512486327726,8.282479901922102e-08,0.028204712946671713
0.47825,0.08776115083262019,0.9961416294662767,8.277559415681424e-08,0.027674580849849164
0.4785,0.08674115978777218,0.9962309655667698,8.277770979780996e-08,0.027911665685104396
0.47875,0.0857210837135429,0.996319256790497,8.282229280176523e-08,0.028296742218552242
0.479,0.08470092317097055,0.9964065029673899,8.277085550290053e-08,0.027891070915018454
0.47925,0.08368067914861774,0.9964927042069501,8.280022356643713e-08,0.027775578981624773
0.4795,0.0826603528744643,0.9965778602018444,8.269090545631741e-08,0.027856723644594236
0.47975,0.08163994530396095,0.9966619712572298,8.280978702757125e-08,0.027782869427539554
0.48,0.08061945763000722,0.9967450368300463,8.269694018459006e-08,0.027811230660514212
0.48025,0.07959889037975061,0.9968270572774584,8.273505902600675e-08,0.027671146102190316
0.4805,0.07857824483111095,0.9969080323713152,8.278358931690377e-08,0.02776692663748432
0.48075,0.07755752166354615,0.9969879619215286,8.269151408057951e-08,0.027498555383635846
0.481,0.07653672279975865,0.9970668460972663,8.276163487863641e-08,0.027639366064891
0.48125,0.07551584825610783,0.9971446846063268,8.268824180923673e-08,0.02763202374799057
0.4815,0.07449489930633744,0.9972214775810898,8.268583329140711e-08,0.027702868749693955
0.48175,0.07347387705370494,0.9972972248432332,8.264465534146836e-08,0.027717995689354787
0.482,0.07245278297558144,0.9973719264339502,8.269973439389844e-08,0.027240897890415602
0.48225,0.07143161734441947,0.9974455821803606,8.268377560405327e-08,0.02747607846880826
0.4825,0.07041038151276119,0.9975181920293966,8.262718109719458e-08,0.027509802902366494
0.48275,0.0693890756629158,0.9975897561015279,8.26500263784169e-08,0.027422657314363306
0.483,0.0683677026980547,0.9976602740937173,8.263847695033633e-08,0.027412269647015357
0.48325,0.06734626193422781,0.9977297460911014,8.261576023294026e-08,0.027637737982448837
0.4835,0.0663247547819398,0.9977981720503292,8.262192796593126e-08,0.027011944636998318
0.48375,0.06530318267167877,0.9978655518131464,8.258119943427289e-08,0.02740199868298653
0.484,0.06428154597998059,0.997931885460817,8.258647543613051e-08,0.027465962049970104
0.48425,0.06325984650086695,0.9979971728477929,8.259574690860916e-08,0.027168063922171193
0.4845,0.06223808466782393,0.9980614139754783,8.262492179333947e-08,0.027333295640627513
0.48475,0.06121626113437614,0.9981246086482111,8.250820493493904e-08,0.02715195770000237
0.485,0.0601943780382328,0.9981867570546967,8.255338745932761e-08,0.027372307508213827
0.48525,0.05917243539454271,0.9982478590091133,8.256339656398382e-08,0.02701395180344878
0.4855,0.058150434662827835,0.9983079144633951,8.256586125909848e-08,0.0272903705255548
0.48575,0.05712837645108967,0.9983669233317084,8.249937599735802e-08,0.027241519519826184
0.486,0.05610626246291872,0.9984248857161373,8.255241645827027e-08,0.02703671974609202
0.48625,0.05508409295537873,0.9984818013746561,8.2486544261684e-08,0.02712814091947436
0.4865,0.054061869361636365,0.9985376704148634,8.247820515450144e-08,0.02719802941353606
0.48675,0.05303959286341105,0.9985924927381005,8.248200145111184e-08,0.02703659798434273
0.487,0.052017263929400315,0.998646268326798,8.24948667155212e-08,0.026981955706763972
0.48725,0.05099488408002708,0.9986989970670416,8.247252170079378e-08,0.027096381591302295
0.4875,0.04997245376415034,0.9987506789798734,8.244898075382423e-08,0.027032832916311405
0.48775,0.04894997447877022,0.9988013140331404,8.245789673289039e-08,0.026946543040371675
0.488,0.04792744699188489,0.998850902144838,8.244535498747041e-08,0.026928410544883173
0.48825,0.04690487253429594,0.9988994432808387,8.242711069250674e-08,0.02705386373023503
0.4885,0.045882251673652424,0.9989469374507142,8.243039939515029e-08,0.02701234635046484
0.48875,0.04485958611591376,0.9989933845458895,8.241646787254808e-08,0.026809007746179968
0.489,0.043836876561748284,0.9990387846065572,8.24474151173149e-08,0.026989228180552178
0.48925,0.04281412311406676,0.9990831375136154,8.240103466228277e-08,0.026883812462616605
0.4895,0.041791328224629644,0.9991264432754462,8.238350757139301e-08,0.02683287287768137
0.48975,0.04076849185876465,0.9991687019051144,8.23975914165942e-08,0.027040306810458787
0.49,0.039745615725799155,0.9992099132785888,8.238181048447757e-08,0.02678098607926512
0.49025,0.03872270072128047,0.9992500774010726,8.236859638799388e-08,0.02677336848816214
0.4905,0.0376997471866185,0.9992891942505905,8.23419612494547e-08,0.02680201616714278
0.49075,0.03667675690368914,0.9993272637951222,8.233060566631423e-08,0.026808229336263787
0.491,0.03565373075367262,0.9993642860233827,8.234783699379022e-08,0.02686259173601426
0.49125,0.03463066872841045,0.9994002608675066,8.231930515023578e-08,0.026894032955901547
0.4915,0.03360757349229188,0.9994351883135592,8.231769621502849e-08,0.026680016500890094
0.49175,0.03258444496621188,0.9994690683150995,8.228620118622132e-08,0.0266525771139274
0.492,0.03156128449236917,0.9995019009119102,8.230266179687362e-08,0.026802985405118888
0.49225,0.030538092903796846,0.9995336860008507,8.228432069046221e-08,0.026818614711685968
0.4925,0.02951487115230328,0.9995644235904305,8.226339986983078e-08,0.026757928138777642
0.49275,0.028491620889601568,0.9995941136596195,8.226193504157209e-08,0.026689220344972314
0.493,0.02746834245925811,0.9996227561748015,8.224997949390911e-08,0.026685254747403145
0.49325,0.026445036845738373,0.9996503511358743,8.224992131822262e-08,0.026733472473217973
0.4935,0.02542170547375485,0.9996768984854306,8.223731873258089e-08,0.02671866633064466
0.49375,0.024398349321854414,0.9997023982154284,8.222365166510315e-08,0.02665698767885072
0.494,0.023374969006418667,0.9997268503213823,8.221477787451192e-08,0.026653015100742174
0.49425,0.022351565760925177,0.9997502547701684,8.220248748358472e-08,0.026662222044713947
0.4945,0.021328140334395233,0.9997726115349811,8.217279656719256e-08,0.02674151189449064
0.49475,0.02030469433175611,0.999793920646729,8.218702851614523e-08,0.026559953468591756
0.495,0.0192812282572703,0.9998141820169886,8.216270108718504e-08,0.02664795308152776
0.49525,0.018257743637939344,0.9998333956768853,8.215675650902199e-08,0.02665179827772439
0.4955,0.01723424060112988,0.9998515616104876,8.215201074968093e-08,0.026664408235826616
0.49575,0.016210720900432053,0.9998686797815077,8.214006008699926e-08,0.026610503527889226
0.496,0.015187185386302815,0.9998847501867245,8.212795976625387e-08,0.02663566158472951
0.49625,0.014163634974488614,0.9998997728238179,8.212440327781678e-08,0.02661632568854324
0.4965,0.013140070531950907,0.9999137476743761,8.212089697146041e-08,0.026621487764510766
0.49675,0.012116493584653595,0.9999266746940015,8.209069179976325e-08,0.026623912769413546
0.497,0.011092904506980972,0.999938553943063,8.209606905396072e-08,0.02656482100154539
0.49725,0.010069304787908207,0.999949385346927,8.207730095577404e-08,0.026611230070120243
0.4975,0.009045695085972411,0.9999591689375558,8.207093427081702e-08,0.02660501118337136
0.49775,0.008022076447435753,0.9999679046827137,8.205302926000968e-08,0.026575331883569617
0.498,0.00699845034562685,0.9999755926004272,8.205190460408573e-08,0.02661040114018109
0.49825,0.00597481725864993,0.9999822326610592,8.203953205665471e-08,0.026588554917165268
0.4985,0.004951178442514214,0.9999878248699868,8.202808521318161e-08,0.026590152825661746
0.49875,0.003927534626398396,0.9999923692255867,8.201881840363967e-08,0.02658680801821891
0.499,0.002903887203473232,0.999995865717807,8.200679491032759e-08,0.02657948438633712
0.49925,0.0018802367542548686,0.9999983143491775,8.199572087974616e-08,0.02658434576287158
0.4995,0.00085658483660645,0.9999997151171908,8.198601908482317e-08,0.026587864398709422
0.49975,-0.00016706779835269072,1.0000000680200005,8.197582412883264e-08,0.026583149611055578
0.5,-0.0011907202167620312,0.9999993730584182,8.196592871101416e-08,0.026580032668558035
0.50025,-0.0022143716888646868,0.9999976302313881,8.195518086395737e-08,0.02658814832490048
0.5005,-0.00323802053164863,0.9999948395431781,8.194497169711212e-08,0.026576392577640818
0.50075,-0.004261666244716938,0.9999910009931573,8.193323575156342e-08,0.026596419784258953
0.501,-0.0052853072965817205,0.9999861145879986,8.192100708903638e-08,0.02658645679700275
0.50125,-0.006308943423660344,0.9999801803320892,8.191205691510106e-08,0.026585669587604943
0.5015,-0.007332573348238395,0.9999731982290464,8.19041641175744e-08,0.02658137735893001
0.50175,-0.008356195498999295,0.9999651682836944,8.189192413077251e-08,0.02663704485605885
0.502,-0.0093798097964779,0.9999560904985274,8.187845512708236e-08,0.026591809607253124
0.50225,-0.010403414568045137,0.999945964893189,8.187041933283012e-08,0.026609865240732826
0.5025,-0.01142700906947097,0.9999347914681465,8.186235622709148e-08,0.026590110572036068
0.50275,-0.012450592011054711,0.9999225702303322,8.184872624106276e-08,0.02662319609523162
0.503,-0.013474162721124117,0.999909301185752,8.182940369749758e-08,0.026573674393452307
0.50325,-0.01449772051801455,0.9998949843658816,8.183012911722187e-08,0.026670981322406546
0.5035,-0.015521263232357916,0.9998796197683841,8.182024502367824e-08,0.02661290753985003
0.50375,-0.016544790825451374,0.9998632074038829,8.181171562426925e-08,0.02662090116654214
0.504,-0.017568301908873707,0.9998457472819802,8.179490795789945e-08,0.02663641412476169
0.50425,-0.01859179573025929,0.9998272394230207,8.178036359218765e-08,0.026645953492199805
0.5045,-0.019615271121231258,0.9998076838507145,8.177404153819623e-08,0.026640176028233317
0.50475,-0.020638727563849775,0.9997870805692107,8.177427668343284e-08,0.026746937785718253
0.505,-0.021662162528343742,0.9997654295807166,8.173505627873112e-08,0.026576874704848475
0.50525,-0.022685576991206744,0.9997427309567856,8.175217436345861e-08,0.026674202693305657
0.5055,-0.023708968414207356,0.9997189846601815,8.173662169319584e-08,0.02667980563378116
0.50575,-0.024732337033811634,0.9996941907063402,8.171357590569528e-08,0.026755651269285897
0.506,-0.025755680333595876,0.9996683491620559,8.169291487725161e-08,0.026696354433852217
0.50625,-0.026778999059268477,0.9996414600369704,8.170772769489076e-08,0.02664429665072424
0.5065,-0.027802290780027137,0.9996135233118753,8.168029563826451e-08,0.026758844805598283
0.50675,-0.02882555525567173,0.9995845390613433,8.168313447853848e-08,0.026749219888183032
0.507,-0.029848790840347306,0.9995545072804899,8.166968346046133e-08,0.026770161163774505
0.50725,-0.030871997277203248,0.9995234279958187,8.166419473987219e-08,0.026659277307048562
0.5075,-0.031895173320278226,0.9994913012216857,8.164947118416421e-08,0.02679686311603401
0.50775,-0.03291831739837327,0.9994581270154598,8.163879217093495e-08,0.026773252537909537
0.508,-0.033941429149322744,0.99942390537672,8.162557341151455e-08,0.02688357191236136
0.50825,-0.034964507443277885,0.9993886363319986,8.160513820243409e-08,0.0267788026068967
0.5085,-0.03598755142931142,0.9993523198921272,8.156582365081988e-08,0.026697373943639663
0.50875,-0.03701055950240522,0.9993149562205612,8.162038822590034e-08,0.026948929092851882
0.509,-0.03803353106672347,0.9992765451084717,8.154466013543527e-08,0.02663291935126895
0.50925,-0.03905646495730365,0.9992370868335055,8.15792327024667e-08,0.027002769105658596
0.5095,-0.04007936054134555,0.9991965812431596,8.155470720971891e-08,0.026946293416227833
0.50975,-0.041102216771284394,0.9991550284547872,8.155499697792834e-08,0.026737600169893776
0.51,-0.04212503164610126,0.999112428498949,8.153612296446511e-08,0.026957309733124983
0.51025,-0.04314780551812395,0.9990687813571869,8.150177888133214e-08,0.02685382995463697
0.5105,-0.04417053655119597,0.9990240871446727,8.149723029760025e-08,0.02697385619507195
0.51075,-0.045193224372664896,0.9989783458379025,8.149111163646694e-08,0.026779089628904365
0.511,-0.04621586673779632,0.9989315575250957,8.147891628063064e-08,0.02714804410464379
0.51125,-0.04723846443749792,0.9988837221683886,8.146769037153945e-08,0.02701880241186747
0.5115,-0.04826101517441166,0.9988348398819363,8.147381591605551e-08,0.026867050833124972
0.51175,-0.04928351815564569,0.9987849106460944,8.144805918597342e-08,0.02710598375348517
0.512,-0.0503059722777337,0.9987339345475115,8.143177732122808e-08,0.02701517599782921
0.51225,-0.05132837699122271,0.9986819115932557,8.141405305472915e-08,0.0270746980206634
0.5125,-0.05235073132383071,0.9986288418393058,8.141172336273428e-08,0.027087531345814264
0.51275,-0.05337303355927161,0.9985747253578416,8.1417400599193e-08,0.026962864109644272
0.513,-0.054395283260646465,0.9985195621275675,8.139621421321408e-08,0.02723115819478382
0.51325,-0.05541747943377294,0.9984633522199692,8.137656215545519e-08,0.027077212789640894
0.5135,-0.056439620609734065,0.9984060956874599,8.134022078110092e-08,0.02709955068022533
0.51375,-0.05746170636997054,0.9983477926512437,8.139527651884748e-08,0.027153600523320717
0.514,-0.05848373495923198,0.9982884430000079,8.134107765123133e-08,0.02712957334756361
0.51425,-0.05950570658806444,0.9982280468751843,8.134239171120328e-08,0.027398159078305822
0.5145,-0.06052761889140042,0.9981666043432561,8.133740125870759e-08,0.027156516432512583
0.51475,-0.06154947190743986,0.9981041153903613,8.132562689944223e-08,0.02718946779821429
0.515,-0.06257126386165623,0.9980405801409695,8.133468076820805e-08,0.02741582925134001
0.51525,-0.06359299406248294,0.9979759985530972,8.129093798103781e-08,0.0271284836134401
0.5155,-0.06461466183872629,0.9979103707552142,8.129266770851018e-08,0.027291574989410237
0.51575,-0.06563626564611552,0.9978436967809917,8.12867582133947e-08,0.02764567663595917
0.516,-0.0666578043776056,0.9977759766202601,8.120247518839108e-08,0.02752607963998974
0.51625,-0.0676792780729941,0.9977072104796251,8.126175488065712e-08,0.02737779343577068
0.5165,-0.06870068450604731,0.997637398277872,8.124711703416665e-08,0.02727948004397464
0.51675,-0.06972202387931879,0.9975665400685116,8.123904149393013e-08,0.027167123409526456
0.517,-0.07074329330036022,0.9974946360005887,8.119846062193403e-08,0.02766443247613078
0.51725,-0.07176449372833868,0.9974216860643894,8.11958038582361e-08,0.027602217572785942
0.5175,-0.07278562307896023,0.9973476903018678,8.113872818071854e-08,0.02764024629184139
0.51775,-0.07380668098217988,0.9972726489251953,8.122593730952588e-08,0.027432336375213612
0.518,-0.07482766517419748,0.9971965616918146,8.106269611118933e-08,0.02760076350447517
0.51825,-0.07584857672979789,0.9971194290350699,8.117557670495046e-08,0.027602325361837887
0.5185,-0.07686941280196871,0.9970412506866559,8.109766191921608e-08,0.02746669281800921
0.51875,-0.07789017332255331,0.996962026982332,8.117246541594625e-08,0.027977543418158137
0.519,-0.07891085678943455,0.9968817577422655,8.111927241039041e-08,0.02768373172234589
0.51925,-0.07993146269893228,0.996800443112794,8.105952331582955e-08,0.027827795557099983
0.5195,-0.08095198950473056,0.9967180832910006,8.108202687040489e-08,0.02762245170220282
0.51975,-0.081972436692284,0.9966346782469665,8.113084914995738e-08,0.02775236434061091
0.52,-0.08299280270921372,0.9965502279148533,8.102933501952236e-08,0.02812181614610898
0.52025,-0.08401308727392807,0.99646473252981,8.100449799819387e-08,0.027886338549127334
0.5205,-0.08503328852348986,0.9963781921994773,8.102390558484274e-08,0.027722380692080686
0.52075,-0.08605340689233938,0.9962906068742831,8.109184967963756e-08,0.02828225695640933
0.521,-0.08707343929705758,0.9962019765764456,8.098291437441674e-08,0.027658629436400704
0.52125,-0.08809338638832033,0.9961123015325879,8.099495230062814e-08,0.027922622604042786
0.5215,-0.08911324618529672,0.9960215817524245,8.098113823962194e-08,0.028182681923743458
0.52175,-0.09013301883714887,0.9959298172826363,8.101865822673915e-08,0.027981595813876145
0.522,-0.09115270178674706,0.9958370081211365,8.089333691785328e-08,0.028293301806372042
0.52225,-0.09217229544246784,0.9957431545770069,8.096704795512721e-08,0.02789293919072014
0.5225,-0.09319179794868333,0.9956482565352407,8.097328318967811e-08,0.028377687940999673
0.52275,-0.0942112084308848,0.9955523140248311,8.08770985738505e-08,0.028388123761530906
0.523,-0.0952305264013873,0.9954553272694158,8.087386915711647e-08,0.02799052064651844
0.52325,-0.09624974998700007,0.9953572963560964,8.089093572749562e-08,0.02858180466487713
0.5235,-0.09726887922507621,0.9952582212282655,8.089407343980781e-08,0.02796689836814418
0.52375,-0.09828791220881392,0.9951581020776042,8.090853009790067e-08,0.028657434964831894
0.524,-0.09930684833604175,0.9950569389145416,8.090420444695212e-08,0.028398475779069197
0.52425,-0.10032568647897022,0.9949547317819946,8.083142533088505e-08,0.028482871197477277
0.5245,-0.1013444258343018,0.9948514808850527,8.083342994957832e-08,0.02839224256188172
0.52475,-0.10236306546458292,0.9947471862087013,8.082071434323268e-08,0.02859088716584394
0.525,-0.10338160347595249,0.9946418479350498,8.080045166281025e-08,0.02881370653833064
0.52525,-0.10440004012896548,0.99453546601458,8.076988033955956e-08,0.02838160499970158
0.5255,-0.10541837368357275,0.9944280406823182,8.080267854815304e-08,0.028625388507067265
0.52575,-0.10643660362371558,0.994319571853668,8.07811035841155e-08,0.028884961460347455
0.526,-0.10745472812291723,0.9942100597098804,8.071214363525314e-08,0.028596196466094213
0.52625,-0.10847274669470476,0.9940995044158251,8.072763812982942e-08,0.02905867915377593
0.5265,-0.10949065884142829,0.9939879059377377,8.076200619377971e-08,0.02888819650207587
0.52675,-0.11050846241827936,0.9938752644112169,8.073725599189174e-08,0.028938964071865747
0.527,-0.11152615745093897,0.993761579833027,8.067399948075149e-08,0.028757055165979966
0.52725,-0.1125437425310788,0.9936468524689426,8.070216583888623e-08,0.029203286043850182
0.5275,-0.11356121644924376,0.9935310822500695,8.063920997614105e-08,0.029146057398590868
0.52775,-0.11457857883539843,0.9934142694182874,8.070590129527488e-08,0.02913379249355768
0.528,-0.11559582764437693,0.9932964138448295,8.056289035884845e-08,0.028593935076096692
0.52825,-0.1166129629450659,0.9931775159416214,8.064939516216896e-08,0.02971145024709532
0.5285,-0.11762998307359485,0.9930575755636826,8.065115331135075e-08,0.029162359547286264
0.52875,-0.118646887842954,0.9929365927402184,8.059868306098394e-08,0.029342144806893705
0.529,-0.1196636747758788,0.992814567770198,8.051879296644415e-08,0.029295406847305232
0.52925,-0.12068034429670452,0.9926915007480778,8.057851763609847e-08,0.02940955170929886
0.5295,-0.12169689466702058,0.9925673916655241,8.058464562310519e-08,0.029486466303734218
0.52975,-0.12271332548828093,0.9924422405885092,8.057836331509804e-08,0.029460918294451303
0.53,-0.12372963437938012,0.9923160477359882,8.050901034728497e-08,0.029552600221831954
0.53025,-0.12474582214996557,0.9921888131272277,8.05193405284399e-08,0.03005920449381281
0.5305,-0.1257618867786382,0.992060536818061,8.043892774090011e-08,0.029295426406111227
0.53075,-0.1267778275244566,0.991931219157588,8.054563660486735e-08,0.029406915261429138
0.531,-0.12779364274252458,0.9918008599585093,8.046991806232029e-08,0.030141149211443598
0.53125,-0.12880933266283373,0.9916694593853074,8.042929300344781e-08,0.02970207011285334
0.5315,-0.12982489517207196,0.9915370176171978,8.035581999799035e-08,0.030111342748945735
0.53175,-0.13084033009986268,0.9914035349869104,8.058258815779595e-08,0.02992404367060791
0.532,-0.13185563562119995,0.9912690110311022,8.043782173672298e-08,0.030153107591944298
0.53225,-0.1328708116048183,0.9911334462028035,8.037918108882991e-08,0.030389670368178894
0.5325,-0.1338858562820391,0.9909968406593284,8.035456922073081e-08,0.02983497092064398
0.53275,-0.1349007696279379,0.9908591944601218,8.044618238223222e-08,0.030415294746298897
0.533,-0.13591554890962954,0.9907205076478522,8.03547086647427e-08,0.030047813104367188
0.53325,-0.13693019539827012,0.9905807803020297,8.035778997772525e-08,0.030470099827005933
0.5335,-0.13794470596064667,0.9904400126113455,8.024206255008437e-08,0.030213210477855742
0.53375,-0.13895908147226887,0.990298204760005,8.033724929745745e-08,0.03043696365588712
0.534,-0.1399733190646586,0.9901553568477262,8.037210896816305e-08,0.03033306461363712
0.53425,-0.14098741939318524,0.9900114687598827,8.035162180064503e-08,0.031147121896135197
0.5345,-0.1420013805666016,0.9898665408914344,8.042959409593209e-08,0.030768614916978118
0.53475,-0.14301520185358896,0.9897205728984765,8.018985253599453e-08,0.030454773642978526
0.535,-0.1440288817010753,0.9895735654614786,8.011209962077714e-08,0.030617568618507562
0.53525,-0.14504242040803753,0.9894255185876919,8.027516917863409e-08,0.030868966902106835
0.5355,-0.14605581553766936,0.9892764321057003,8.018607577930936e-08,0.03142981018362049
0.53575,-0.147069067240691,0.9891263063465087,8.022286390740874e-08,0.03051813210796102
0.536,-0.148082173456082,0.9889751412713839,8.007411222976657e-08,0.03128409899321464
0.53625,-0.14909513414955103,0.9888229372312961,8.011089702719687e-08,0.030976852169756288
0.5365,-0.15010794785675746,0.9886696942317219,8.015100361191685e-08,0.031683130237190285
0.53675,-0.1511206131083121,0.9885154123688863,8.009852758839031e-08,0.030643050523694957
0.537,-0.15213312989906314,0.9883600917502768,8.008874718967718e-08,0.03195738383182961
0.53725,-0.15314549681130712,0.9882037325148098,8.007488871974999e-08,0.031190939904762006
0.5375,-0.1541577127873048,0.9880463347643916,8.002657758687803e-08,0.03162158132097793
0.53775,-0.15516977658246872,0.9878878988898409,8.016881580807933e-08,0.03104169618529185
0.538,-0.15618168734086169,0.9877284246236329,8.013505792270337e-08,0.03261980713686401
0.53825,-0.15719344454945636,0.9875679120673488,7.99771897597168e-08,0.031125268067632657
0.5385,-0.15820504710555325,0.9874063617633877,8.009023710897623e-08,0.03209692369558991
0.53875,-0.15921649316889047,0.9872437735258041,8.003123097566345e-08,0.03215120670159543
0.539,-0.16022778246260572,0.9870801473824287,7.981469751783266e-08,0.03161574830271289
0.53925,-0.16123891391840645,0.9869154839669011,7.992760187036652e-08,0.03251455134906488
0.5395,-0.1622498867890787,0.9867497828452861,7.985414085531772e-08,0.03210858281290702
0.53975,-0.16326069920888128,0.9865830447027641,8.000057150070461e-08,0.03139777016984282
0.54,-0.16427135080791544,0.9864152688791492,7.968708759520382e-08,0.032946583939885865
0.54025,-0.16528184088711037,0.9862464564197312,7.986375116786348e-08,0.03267323516253432
0.5405,-0.16629216810454786,0.9860766068433887,7.986833794326742e-08,0.03235176679670142
0.54075,-0.16730233177055673,0.9859057205369384,8.000165929722414e-08,0.032538250910882104
0.541,-0.16831232947802022,0.9857337974440199,7.983885974560678e-08,0.03293047190005501
0.54125,-0.16932216198445307,0.9855608377729598,7.974541071931185e-08,0.03219409981008545
0.5415,-0.17033182787082102,0.9853868418084397,7.979750993314383e-08,0.03318372066096851
0.54175,-0.17134132566479632,0.9852118096163149,7.984400873795039e-08,0.03263662398201584
0.542,-0.1723506544691702,0.9850357411422372,7.971179072363554e-08,0.03362886777804038
0.54225,-0.17335981348969626,0.9848586368228379,7.972885729401469e-08,0.03307980529647061
0.5425,-0.17436880188164602,0.9846804965046173,7.963310699743431e-08,0.033027892337584734
0.54275,-0.17537761852644995,0.9845013207106669,7.97805250751793e-08,0.03302458619036259
0.543,-0.17638626183063622,0.9843211090190991,7.951158420560489e-08,0.03395217875667182
0.54325,-0.17739473198017133,0.9841398623078701,7.975883198341194e-08,0.0334304271036299
0.5435,-0.17840302675483383,0.9839575799709885,7.956882197568405e-08,0.03344005944689545
0.54375,-0.1794111462674684,0.9837742626254272,7.960460179923246e-08,0.034189209986030956
0.544,-0.18041908858064204,0.9835899101145991,7.940175406062622e-08,0.033436416393083895
0.54425,-0.18142685327438038,0.9834045231840625,7.965395520947993e-08,0.03389006036107398
0.5445,-0.18243443908291235,0.9832181012704754,7.961470460671194e-08,0.03408955805871522
0.54475,-0.18344184548966033,0.9830306446643896,7.951296576713673e-08,0.03418142858606783
0.545,-0.1844490707848152,0.9828421538729977,7.957154424254043e-08,0.033941636239155026
0.54525,-0.18545611453260463,0.982652628643555,7.949880620472527e-08,0.03486577270645831
0.5455,-0.18646297518767835,0.9824620693560936,7.941964597080187e-08,0.03424723848499136
0.54575,-0.18746965296509496,0.9822704760647932,7.946570113048779e-08,0.03449814806673006
0.546,-0.18847614500954535,0.9820778490605058,7.942648116987527e-08,0.03434096678580584
0.54625,-0.18948245178999143,0.9818841883440097,7.942815738459785e-08,0.03519591709169513
0.5465,-0.1904885717454386,0.9816894939900405,7.928801615264547e-08,0.0344980724211203
0.54675,-0.1914945045928287,0.9814937664860164,7.947007674147244e-08,0.035576569196730426
0.547,-0.19250024781425168,0.981297005603448,7.930741774409e-08,0.034644415419672926
0.54725,-0.1935058021827372,0.9810992116695307,7.930847645276629e-08,0.0353063321642973
0.5475,-0.19451116551865935,0.9809003850122274,7.941427848656701e-08,0.03510834309489879
0.54775,-0.19551633706360833,0.980700525417065,7.930603573846895e-08,0.036092447128233694
0.548,-0.1965213157878054,0.9804996331922062,7.912450761260459e-08,0.03495484562059996
0.54825,-0.19752610161854714,0.9802977086630087,7.921527966914255e-08,0.03578969582935305
0.5485,-0.19853069260726314,0.9800947518941573,7.929879153323327e-08,0.03555834242897132
0.54875,-0.1995350875096964,0.9798907629878335,7.926818712533645e-08,0.035870678229575154
0.549,-0.20053928602557392,0.9796857418192886,7.898182508014884e-08,0.036720441146904446
0.54925,-0.20154328714496655,0.9794796892712097,7.914400868003213e-08,0.03652552499387647
0.5495,-0.20254708948340697,0.9792726049537686,7.913556632210828e-08,0.035302092893717524
0.54975,-0.2035506922569248,0.9790644892405866,7.920509892400673e-08,0.036437760110223295
0.55,-0.20455409432943839,0.9788553419468187,7.898237686099208e-08,0.036616850657754496
0.55025,-0.20555729529758412,0.9786451636612902,7.9003842579084e-08,0.03675231209181305
0.5505,-0.20656029341797577,0.9784339543962637,7.896621179170893e-08,0.036494758884131825
0.55075,-0.20756308837098067,0.9782217143643807,7.90540406470086e-08,0.037544079914381655
0.551,-0.20856567822931993,0.9780084435288288,7.887446606957838e-08,0.03641801644800869
0.55125,-0.20956806298276692,0.9777941424551381,7.902096066381148e-08,0.03777278157173061
0.5515,-0.21057024134215163,0.9775788109435011,7.907229759851475e-08,0.03716132612523859
0.55175,-0.21157221199779083,0.9773624491454174,7.894458020629713e-08,0.03744600072682897
0.552,-0.21257397397361188,0.9771450574516294,7.885653774408752e-08,0.03747729258583877
0.55225,-0.2135755269857657,0.9769266359000124,7.882907837597486e-08,0.037622538827003456
0.5525,-0.21457686966367012,0.9767071847085097,7.882793817692857e-08,0.03759737277782904
0.55275,-0.2155780004641888,0.9764867042213583,7.890261088938644e-08,0.03857324709588138
0.553,-0.21657891895340242,0.976265194168576,7.874001295427036e-08,0.03801701216126908
0.55325,-0.21757962409120413,0.9760426553698031,7.896049969424723e-08,0.03850307605470392
0.5535,-0.2185801150139094,0.975819087060186,7.867523144078348e-08,0.03814019536160387
0.55375,-0.21958039012917965,0.9755944904343112,7.874753005232549e-08,0.038328609945724616
0.554,-0.22058044922603415,0.9753688649114345,7.860968653794487e-08,0.038435680660777974
0.55425,-0.22158029104621133,0.9751422110863981,7.861129347475071e-08,0.0395644038781539
0.5545,-0.22257991451418568,0.9749145290504293,7.864937812129824e-08,0.03902961432017493
0.55475,-0.2235793187182324,0.9746858189203981,7.868151485901365e-08,0.0391541591392379
0.555,-0.2245785022985558,0.9744560807468368,7.849957106564887e-08,0.03924210701573089
0.55525,-0.22557746511545151,0.9742253149772793,7.855524275512948e-08,0.039035071548898743
0.5555,-0.22657620547491775,0.9739935215605913,7.84647040674713e-08,0.039797861072527196
0.55575,-0.22757472248772198,0.9737607009755823,7.853990746653494e-08,0.0398288515207661
0.556,-0.22857301518224915,0.9735268530915313,7.847989924592014e-08,0.03984780288836972
0.55625,-0.22957108281427668,0.9732919784378025,7.867794260540961e-08,0.04028863537145995
0.5565,-0.2305689242534687,0.9730560763891867,7.831465720364861e-08,0.03963678810603498
0.55675,-0.2315665388007136,0.9728191481166467,7.841726734625354e-08,0.04113008214728853
0.557,-0.2325639243792068,0.972581193308077,7.824960723823438e-08,0.040663004838373144
0.55725,-0.23356108147022964,0.9723422121848225,7.818700575867865e-08,0.0408219598982219
0.5575,-0.23455800844974828,0.9721022051930687,7.83345666111046e-08,0.040496674312441
0.55775,-0.23555470384280516,0.9718611723181353,7.838102300539163e-08,0.04107641323629409
0.558,-0.23655116745008797,0.9716191134613723,7.82327282955464e-08,0.04140728814541043
0.55825,-0.2375473980549692,0.971376029183747,7.819773184536416e-08,0.04164961866732066
0.5585,-0.23854339452920667,0.971131919428125,7.800283241543582e-08,0.041792036899449256
0.55875,-0.239539156093501,0.9708867848437082,7.814306668407767e-08,0.04167503277345249
0.559,-0.24053468127227262,0.970640625167011,7.805967672247505e-08,0.04206157378511011
0.55925,-0.24152996969172186,0.9703934407727184,7.807699664574841e-08,0.0416938465064611
0.5595,-0.24252502000369144,0.9701452318388001,7.809367197353367e-08,0.042349262390685
0.55975,-0.2435198319722608,0.9698959982978954,7.803903145919833e-08,0.04317600269792457
0.56,-0.24451440299837657,0.96964574055378,7.772386734217207e-08,0.041816447271529
0.56025,-0.24550873352366184,0.9693944592144013,7.789598388541208e-08,0.042923991680103045
0.5605,-0.2465028222405382,0.9691421538483481,7.786917977092855e-08,0.0427220813273322
0.56075,-0.24749666836997114,0.9688888249577461,7.799111556572313e-08,0.04404610800047029
0.561,-0.24849026953332043,0.968634472592349,7.777349719795268e-08,0.04275907762791603
0.56125,-0.2494836269687079,0.9683790971870848,7.79971642828059e-08,0.044386130502145
0.5615,-0.2504767380977834,0.9681226985279399,7.786655986663504e-08,0.04342335921008489
0.56175,-0.251469602743191,0.9678652770408847,7.780262034629004e-08,0.044030256914018066
0.562,-0.252462218913891,0.9676068328149157,7.744451568925115e-08,0.04400919295176021
0.56225,-0.2534545867903959,0.9673473667085174,7.772149346330082e-08,0.045378986792885594
0.5625,-0.2544467049045475,0.9670868781525801,7.776583954566263e-08,0.043508457172869615
0.56275,-0.25543857217440613,0.9668253675406374,7.773729082671821e-08,0.04430138911871691
0.563,-0.25643018744894164,0.9665628347609783,7.728813589125139e-08,0.045826642638062874
0.56325,-0.2574215507172009,0.9662992810162527,7.763308462749308e-08,0.04543226196534391
0.5635,-0.2584126598282949,0.9660347055707087,7.756330688835078e-08,0.044342765685716184
0.56375,-0.2594035147717544,0.9657691088093355,7.750315589305501e-08,0.04668525164211328
0.564,-0.2603941132527794,0.9655024912275678,7.739166751896676e-08,0.04575721280584436
0.56425,-0.2613844556265064,0.9652348526796113,7.723529504843896e-08,0.04637643215331318
0.5645,-0.2623745406814415,0.9649661940612879,7.763945930605587e-08,0.04650471184126793
0.56475,-0.26336436691457143,0.9646965143830152,7.731152318335432e-08,0.04594420897988584
0.565,-0.26435393349896685,0.964425814961615,7.736037277439323e-08,0.04661773305100866
0.56525,-0.26534323988878045,0.9641540953155631,7.723422035255112e-08,0.04711278271546986
0.5655,-0.26633228445767765,0.9638813561457782,7.72349320055099e-08,0.04685575578128932
0.56575,-0.2673210666656617,0.9636075973918417,7.721726946741114e-08,0.04862056823307526
0.566,-0.26830958544694283,0.9633328193071122,7.719844696829625e-08,0.045919979223267904
0.56625,-0.269297839845485,0.9630570220709526,7.715280481157549e-08,0.04854358409310997
0.5665,-0.2702858290750174,0.9627802059767698,7.720971750835304e-08,0.047081739123318145
0.56675,-0.27127355130525493,0.9625023711808993,7.708330618250159e-08,0.04976690818931889
0.567,-0.27226100636901407,0.9622235176269811,7.673175184130798e-08,0.0483905690992601
0.56725,-0.27324819343575646,0.9619436461741168,7.68153265440219e-08,0.04875865080071202
0.5675,-0.27423511131580747,0.9616627569553158,7.719664307792584e-08,0.04799578478206555
0.56775,-0.27522175861514736,0.961380849363643,7.696918413735432e-08,0.0496241200179894
0.568,-0.2762081343891296,0.9610979241924227,7.66948506925047e-08,0.049600981594992294
0.56825,-0.2771942382180344,0.96081398205231,7.690424363993031e-08,0.04962595396662443
0.5685,-0.27818006911553944,0.9605290222903581,7.675759583491981e-08,0.049785505711114675
0.56875,-0.27916562553888497,0.9602430459741703,7.691213177452028e-08,0.051764193380779804
0.569,-0.28015090657490305,0.9599560525249089,7.661696987959488e-08,0.04935867123768079
0.56925,-0.2811359118433906,0.9596680427274118,7.658013512212847e-08,0.050615757896761183
0.5695,-0.28212064006874304,0.9593790165597293,7.64839525047023e-08,0.05032442026717887
0.56975,-0.28310508995702294,0.9590889748594812,7.682828928601282e-08,0.05254222165456708
0.57,-0.28408926067103835,0.9587979166625402,7.651251943130433e-08,0.051913202036809936
0.57025,-0.2850731516844777,0.9585058431007637,7.653481071123736e-08,0.050783163366851194
0.5705,-0.28605676172007255,0.9582127537116167,7.615068398081348e-08,0.05171319952054337
0.57075,-0.2870400895428866,0.9579186500701319,7.657848311026783e-08,0.05379839738137335
0.571,-0.28802313451370054,0.9576235306676182,7.625170295177952e-08,0.05115073125812582
0.57125,-0.2890058955446854,0.9573273968676678,7.622650244343276e-08,0.05342961697828767
0.5715,-0.289988372109136,0.9570302485723733,7.632049969785726e-08,0.05274272331875076
0.57175,-0.29097056239603747,0.9567320858721562,7.615917363423819e-08,0.055023481576847014
0.572,-0.2919524654776069,0.9564329091576482,7.590910477972557e-08,0.052721092776545374
0.57225,-0.2929340815180198,0.956132718815118,7.605179463965328e-08,0.05387360998034671
0.5725,-0.2939154083703932,0.9558315149593152,7.613347441370877e-08,0.05321868321651588
0.57275,-0.29489644564492135,0.9555292976365775,7.614792663090952e-08,0.056529640772451935
0.573,-0.29587719170004334,0.9552260669622683,7.578625127457883e-08,0.05405952152676939
0.57325,-0.2968576466217715,0.9549218236831717,7.585210259897224e-08,0.05492164962415473
0.5735,-0.2978378086825244,0.954616567718759,7.582197314448536e-08,0.055464707969603434
0.57375,-0.2988176771692823,0.9543102994202405,7.588419426163284e-08,0.056008696062155694
0.574,-0.2997972507073712,0.9540030186628528,7.557476400243957e-08,0.05567263697632402
0.57425,-0.3007765291466441,0.9536947264482063,7.587030759204083e-08,0.05562722385349922
0.5745,-0.3017555107007447,0.9533854219366742,7.549981595467159e-08,0.057344582418647254
0.57475,-0.302734195092027,0.9530751065551413,7.580655281280713e-08,0.05700640701099911
0.575,-0.3037125801919842,0.9527637794368715,7.538684920760375e-08,0.057823545089816145
0.57525,-0.3046906665345258,0.9524514417823444,7.561325721106016e-08,0.05696712940834096
0.5755,-0.30566845211627236,0.9521380929624599,7.534467094671982e-08,0.05756722901314198
0.57575,-0.30664593687546526,0.9518237341306605,7.572833027325032e-08,0.05855095890573266
0.576,-0.30762311852887336,0.9515083647146483,7.558768388982173e-08,0.05911138428747793
0.57625,-0.308599997011026,0.9511919850207409,7.526144840674931e-08,0.05848202335963215
0.5765,-0.3095765712380812,0.9508745956389184,7.504549892622947e-08,0.05840423656836453
0.57675,-0.31055284030934377,0.9505561971789349,7.530973666902696e-08,0.060155919437437595
0.577,-0.3115288027143066,0.9502367887694945,7.482578223694247e-08,0.059269434287070016
0.57725,-0.3125044586797285,0.9499163719344677,7.518192313149541e-08,0.06138961173051805
0.5775,-0.31347980580876483,0.949594945979123,7.503949439602309e-08,0.059505214378817915
0.57775,-0.31445484411258506,0.9492725113413225,7.48870629951881e-08,0.06134127543714213
0.578,-0.3154295718255966,0.9489490687711282,7.495183251826631e-08,0.060843708041923725
0.57825,-0.31640398893710664,0.9486246176562517,7.471938845426962e-08,0.06100627118327558
0.5785,-0.3173780937942587,0.9482991590042634,7.469433249696067e-08,0.06148519546641521
0.57875,-0.3183518855764437,0.9479726929821889,7.484498731891165e-08,0.06458984612137064
0.579,-0.319325363333796,0.9476452192410108,7.4609299183237e-08,0.06158903004737187
0.57925,-0.32029852607895554,0.9473167386515664,7.456889283830037e-08,0.06297188588552777
0.5795,-0.32127137313470744,0.9469872514062326,7.47608930318222e-08,0.062827680646821
0.57975,-0.3222439029871144,0.9466567571464595,7.443170702003954e-08,0.06408938876606673
0.58,-0.3232161149352919,0.9463252568620106,7.436440441210834e-08,0.06437888195949573
0.58025,-0.3241880083224124,0.9459927505414537,7.440851601536735e-08,0.06326786585573649
0.5805,-0.32515958167515385,0.9456592382695956,7.423989378807505e-08,0.06464207976413253
0.58075,-0.32613083438979656,0.9453247208330628,7.447894390111287e-08,0.06724167944747424
0.581,-0.32710176536325974,0.9449891974295568,7.40811567645494e-08,0.0638533309030595
0.58125,-0.3280723732940018,0.9446526695128281,7.406823288036435e-08,0.06705969223829321
0.5815,-0.32904265797567295,0.9443151365055661,7.390060807743737e-08,0.06522322706636276
0.58175,-0.33001261774443685,0.9439765995286782,7.416412839411635e-08,0.06744077270525821
0.582,-0.3309822518371419,0.9436370575523085,7.37085792401615e-08,0.06672722531725298
0.58225,-0.3319515597206587,0.9432965121469964,7.391483047847203e-08,0.06705818770275265
0.5825,-0.3329205397451069,0.9429549629627965,7.398016843573885e-08,0.06828053704106703
0.58275,-0.33388919150213053,0.9426124100840511,7.392320200416691e-08,0.06959292735484336
0.583,-0.33485751317812174,0.9422688537956816,7.348262909268044e-08,0.06781436016497307
0.58325,-0.3358255050516784,0.9419242949638277,7.36431566839002e-08,0.0689649130342754
0.5835,-0.3367931655921594,0.941578733246794,7.36461096551011e-08,0.06807376608985116
0.58375,-0.3377604934483417,0.9412321690440656,7.348892916425598e-08,0.07244622085112742
0.584,-0.3387274878541646,0.9408846026593878,7.327475093354963e-08,0.06920157178748375
0.58425,-0.33969414802432224,0.94053603469483,7.338071972284865e-08,0.07192897111719895
0.5845,-0.3406604730264321,0.9401864649029058,7.333460505520861e-08,0.07095978047138704
0.58475,-0.3416264618651745,0.9398358935506674,7.312634675571417e-08,0.07108700849843222
0.585,-0.34259211310669,0.9394843214090969,7.306820637431599e-08,0.0718418550843836
0.58525,-0.3435574266534599,0.9391317481895421,7.293314396861206e-08,0.07245168593894598
0.5855,-0.34452240092918673,0.9387781746421558,7.296323212280242e-08,0.07244747861916895
0.58575,-0.34548703532691344,0.9384236009105271,7.316242744970225e-08,0.07474617462971403
0.586,-0.3464513280732504,0.9380680268156567,7.282876657299653e-08,0.07320865696018442
0.58625,-0.34741527906266934,0.9377114531921009,7.278691449563723e-08,0.07557952293098967
0.5865,-0.34837888705838355,0.9373538799849843,7.26354685287589e-08,0.07263731409083841
0.58675,-0.3493421513047362,0.9369953078396306,7.279585001462863e-08,0.07634967803209065
0.587,-0.35030507049844317,0.9366357365605325,7.270960256100523e-08,0.07556050955201668
0.58725,-0.35126764372674146,0.9362751664824491,7.24505346827442e-08,0.07648488004495352
0.5875,-0.35222986984350035,0.9359135982506923,7.230026111137988e-08,0.0762727584599261
0.58775,-0.35319174870997494,0.9355510320734701,7.248527000847105e-08,0.07709663175565983
0.588,-0.35415327816894404,0.9351874677351688,7.212336083917137e-08,0.07775602660501046
0.58825,-0.3551144586313328,0.9348229060799796,7.223041897930216e-08,0.07874916867187051
0.5885,-0.3560752879203327,0.934457347355236,7.234686338897234e-08,0.07692857742131161
0.58875,-0.357035765825832,0.9340907912367512,7.21760664568194e-08,0.08021025373298288
0.589,-0.35799589084004424,0.9337232385352436,7.201954765889695e-08,0.0784920660002649
0.58925,-0.35895566226075326,0.9333546896332281,7.206469510023794e-08,0.0814270507768492
0.5895,-0.3599150790708342,0.9329851441411157,7.166528903645997e-08,0.07961343183910054
0.58975,-0.36087414044566657,0.932614603300209,7.17655996851363e-08,0.08108750057340541
0.59,-0.36183284530533655,0.932243066663986,7.164241178081454e-08,0.08224679802292777
0.59025,-0.36279119284673716,0.9318705345586917,7.139292756974669e-08,0.08206218328139568
0.5905,-0.3637491819524932,0.9314970079698601,7.16139523238013e-08,0.08187058376509872
0.59075,-0.3647068118799512,0.9311224862520225,7.151789027659561e-08,0.08520318771794687
0.591,-0.3656640808422793,0.9307469702521729,7.132591162140045e-08,0.08164433226873828
0.59125,-0.3666209891022815,0.9303704598908914,7.114395939034068e-08,0.08436164849617239
0.5915,-0.36757753491036527,0.9299929557185141,7.092841691758167e-08,0.08468531936469671
0.59175,-0.3685337176886572,0.9296144585440658,7.130379731101755e-08,0.085520245767194
0.592,-0.36948953562429665,0.9292349673753044,7.076441832509772e-08,0.085181008906728
0.59225,-0.37044498913960605,0.9288544836801633,7.091569043105039e-08,0.087506073625178
0.5925,-0.37140007618954507,0.9284730069195486,7.058591156017258e-08,0.08658272799741074
0.59275,-0.3723547966312632,0.9280905383702645,7.099335586069344e-08,0.0869156611911301
0.593,-0.37330914819641237,0.9277070768451985,7.027789439284504e-08,0.08811726298744214
0.59325,-0.37426313103198755,0.9273226244653908,7.054762107827628e-08,0.08903428490108597
0.5935,-0.37521674434249747,0.9269371798073616,7.027210147114715e-08,0.08814350306187192
0.59375,-0.3761699867269195,0.9265507446167545,7.06319940313449e-08,0.09110311176657301
0.594,-0.3771228566510061,0.9261633177679798,7.009380098565998e-08,0.08994104536195588
0.59425,-0.3780753539493765,0.9257749007133322,7.002736079897431e-08,0.09040484245458284
0.5945,-0.3790274778149299,0.9253854933936576,7.016108272139832e-08,0.09084891019950513
0.59475,-0.3799792265777847,0.9249950959170423,7.005061242182364e-08,0.09432386169467626
0.595,-0.3809305996329968,0.9246037083513876,6.961694376528271e-08,0.09173537061285995
0.59525,-0.3818815960500734,0.9242113320399858,6.983643574542953e-08,0.0931421690854309
0.5955,-0.3828322147950214,0.9238179663429754,6.981146372098124e-08,0.09291421365643171
0.59575,-0.38378245479125334,0.9234236119090325,6.981835953823179e-08,0.0951369282882514
0.596,-0.38473231512742245,0.9230282683609872,6.92483921316267e-08,0.09402957163272378
0.59625,-0.3856817951527533,0.9226319372291798,6.935375740368954e-08,0.09798246855823461
0.5965,-0.38663089374580584,0.9222346179061082,6.923155049243235e-08,0.09581096344789558
0.59675,-0.38757960971093436,0.9218363111929374,6.924873874325499e-08,0.09731566156779016
0.597,-0.38852794206697183,0.9214370168558013,6.889945480814674e-08,0.09742205365379025
0.59725,-0.3894758906013843,0.921036735781644,6.900952143062966e-08,0.09874402460303175
0.5975,-0.3904234533087078,0.9206354678862165,6.881178227224893e-08,0.09750936545048007
0.59775,-0.3913706299095379,0.9202332140059679,6.90577686146554e-08,0.10051879133461071
0.598,-0.39231741883906324,0.919829973404191,6.85486474250041e-08,0.10007219882534787
0.59825,-0.3932638200044123,0.9194257473639375,6.852009648561364e-08,0.10133349941973115
0.5985,-0.3942098318900763,0.919020535940557,6.851963307852316e-08,0.10039121900785207
0.59875,-0.39515545346459713,0.918614339352307,6.843324107386195e-08,0.1035074401092328
0.599,-0.3961006836701273,0.918207157741314,6.806565999717407e-08,0.10312264141218185
0.59925,-0.39704552248341063,0.917798991889823,6.821904752207786e-08,0.10392099321535418
0.5995,-0.3979899679317508,0.917389841706802,6.812057140592742e-08,0.10373945548778427
0.59975,-0.39893401939032347,0.916979707572863,6.796366380790175e-08,0.10479498048434176
0.6,-0.3998776753970503,0.9165685897380271,6.74876501349786e-08,0.10570350353461491
0.60025,-0.400820936281231,0.9161564890315949,6.767802851470606e-08,0.10686463538727173
0.6005,-0.40176379968066755,0.9157434052983374,6.754061909752807e-08,0.10670380669965093
0.60075,-0.40270626579687513,0.9153293390155225,6.768732618844808e-08,0.10894304108004392
0.601,-0.40364833229611463,0.9149142899931704,6.70995685680964e-08,0.10703359716948681
0.60125,-0.40458999953267305,0.9144982596810333,6.73407412055127e-08,0.11148628381775726
0.6015,-0.40553126602391687,0.9140812470951518,6.700699217709882e-08,0.10747058709835969
0.60175,-0.4064721308562565,0.9136632536399006,6.710733524428747e-08,0.1126334261543707
0.602,-0.4074125927344454,0.913244278911364,6.684146769408983e-08,0.11057744149099331
0.60225,-0.4083526510595939,0.9128243235887791,6.668135310583523e-08,0.11303545364577765
0.6025,-0.4092923049678611,0.9124033878228365,6.650824491138962e-08,0.11265523449090832
0.60275,-0.4102315532105268,0.9119814722439402,6.648287076416182e-08,0.1161953163008703
0.603,-0.4111703948837899,0.9115585769407346,6.641155225750595e-08,0.1134753910024703
0.60325,-0.41210882939458615,0.9111347020669892,6.628783655315829e-08,0.1145396140281143
0.6035,-0.41304685525547863,0.9107098482579853,6.617525927232748e-08,0.11545968149790659
0.60375,-0.41398447193902516,0.9102840155469224,6.598342938701762e-08,0.11811881055149746
0.604,-0.41492167789115797,0.9098572044241315,6.561325260889816e-08,0.11764982113718893
0.60425,-0.4158584729334731,0.9094294156637959,6.579257449956799e-08,0.11875793354196923
0.6045,-0.4167948549011292,0.9090006490343369,6.550844733332895e-08,0.12013374349370269
0.60475,-0.4177308246701964,0.9085709050077736,6.565314136786071e-08,0.11884787006289693
0.605,-0.41866637924391625,0.908140183806232,6.527641160936071e-08,0.12200240410401507
0.60525,-0.4196015193750936,0.907708485878716,6.519905704216455e-08,0.12069317996222308
0.6055,-0.42053624296413383,0.9072758117337434,6.510175376561733e-08,0.12424215641001997
0.60575,-0.42147055011708023,0.9068421613835377,6.513937811369885e-08,0.12113055978403907
0.606,-0.422404438178944,0.9064075353359158,6.475349723089607e-08,0.12586025304640575
0.60625,-0.4233379078199625,0.905971934007632,6.47034539280611e-08,0.12545562075990968
0.6065,-0.4242709577416318,0.9055353573605848,6.450657963341655e-08,0.12629819042268386
0.60675,-0.42520358602305874,0.9050978065996556,6.453918599547137e-08,0.12653241922415767
0.607,-0.42613579279952774,0.9046592808825444,6.419590015127596e-08,0.12831606717227945
0.60725,-0.42706757648236265,0.9042197817828941,6.432500954112186e-08,0.12775171105337746
0.6075,-0.42799893617467494,0.9037793082866804,6.372689997924397e-08,0.1294677190191297
0.60775,-0.4289298719025428,0.903337862191094,6.413915176750606e-08,0.13098102044968213
0.608,-0.42986038063234844,0.9028954426601041,6.360688442619278e-08,0.1321674409025789
0.60825,-0.4307904638152981,0.9024520507299376,6.379043271387275e-08,0.13024115450411158
0.6085,-0.4317201185248485,0.9020076863316334,6.347022574182404e-08,0.13543264147993717
0.60875,-0.4326493449339638,0.9015623500816305,6.337824820512594e-08,0.13235508282824082
0.609,-0.4335781414335287,0.9011160419339888,6.287986353825659e-08,0.136669973465328
0.60925,-0.43450650759803366,0.9006687631429857,6.302327593132873e-08,0.13486076512302153
0.6095,-0.43543444227512657,0.9002205131419344,6.290048726320663e-08,0.13838656015747652
0.60975,-0.43636194423564406,0.8997712929722836,6.301706134692608e-08,0.13678395293574955
0.61,-0.4372890125638662,0.8993211017997604,6.232570615161137e-08,0.13794636683432263
0.61025,-0.43821564662582735,0.8988699415091977,6.23482183659263e-08,0.14099849607540213
0.6105,-0.4391418454358174,0.8984178115265351,6.224045012714896e-08,0.14115594583428634
0.61075,-0.4400676079238643,0.8979647126549174,6.23586282610944e-08,0.14007187781614616
0.611,-0.4409929324380144,0.8975106443557999,6.159611909417606e-08,0.14417291018466155
0.61125,-0.4419178190873937,0.8970556084439287,6.173383093610596e-08,0.1431177523187594
0.6115,-0.44284226656612613,0.8965996043035033,6.174730926566951e-08,0.14519460954840838
0.61175,-0.443766274003437,0.8961426322074607,6.160130294752264e-08,0.14524511468858245
0.612,-0.4446898394404144,0.8956846927513524,6.106531125205095e-08,0.14773410280627902
0.61225,-0.445612963296684,0.8952257868838918,6.127996576843486e-08,0.1470036638180055
0.6125,-0.4465356437586696,0.8947659139405347,6.094840321324568e-08,0.14991566518448518
0.61275,-0.4474578804043337,0.8943050749876112,6.094226612241016e-08,0.1485116064683526
0.613,-0.44837967164459513,0.8938432698852399,6.053162460162298e-08,0.1515358143358759
0.61325,-0.44930101699577635,0.8933804996737877,6.053541090622616e-08,0.15114038120996354
0.6135,-0.4502219152897336,0.8929167641189647,6.032591759463912e-08,0.1545055855608484
0.61375,-0.45114236564198557,0.8924520638279191,6.015387765678781e-08,0.15363995276541198
0.614,-0.45206236679627665,0.8919863991258765,5.984949758008895e-08,0.1555852223011691
0.61425,-0.45298191865600246,0.891519770425494,5.984439765960303e-08,0.15518495566646218
0.6145,-0.45390101891137596,0.8910521780853906,5.951975023954503e-08,0.15782405756097245
0.61475,-0.4548196681981806,0.8905836224961141,5.961910032326045e-08,0.1590071510773988
0.615,-0.4557378636081211,0.8901141039783447,5.92136311095004e-08,0.15978071641999458
0.61525,-0.4566556059811825,0.8896436229144222,5.91331681398799e-08,0.16010971365692567
0.6155,-0.457572893194154,0.8891721797048914,5.8873606434417525e-08,0.16230562858385117
0.61575,-0.45848972499896046,0.8886997748566527,5.887994203312985e-08,0.1628312545355563
0.616,-0.45940609989560244,0.8882264083559761,5.8561121063505084e-08,0.16359052515534925
0.61625,-0.4603220174925282,0.8877520810380567,5.858789409174392e-08,0.16558063529086647
0.6165,-0.4612374756951605,0.8872767930557698,5.8240485767413475e-08,0.16763633911548745
0.61675,-0.46215247516973246,0.8868005445946591,5.8099445254811144e-08,0.166635454692216
0.617,-0.46306701319085875,0.8863233367254928,5.796485536002649e-08,0.1689122345860697
0.61725,-0.4639810902535364,0.8858451689094063,5.7696495803227776e-08,0.1687782539741718
0.6175,-0.4648947044519523,0.8853660420988468,5.736462083127947e-08,0.17173273172824985
0.61775,-0.46580785554280607,0.8848859569435814,5.754067111674033e-08,0.1723970320557466
0.618,-0.4667205418886624,0.8844049130230509,5.720007689724582e-08,0.1747088843184037
0.61825,-0.4676327627144316,0.8839229112903573,5.6933974645900776e-08,0.17499961053048194
0.6185,-0.46854451738551084,0.8834399519925443,5.677430348072221e-08,0.17700268548781237
0.61875,-0.46945580457743435,0.882956035457411,5.6501055833990677e-08,0.17707826798303436
0.619,-0.47036662312184774,0.8824711622959818,5.62155340055881e-08,0.17837725030803703
0.61925,-0.47127697299239557,0.8819853327128464,5.619673104639844e-08,0.1780567529663131
0.6195,-0.4721868520091299,0.8814985471681008,5.59348805051485e-08,0.1831409222645454
0.61975,-0.47309626000675675,0.8810108060076647,5.5767326312405885e-08,0.18097346421946314
0.62,-0.4740051954396449,0.8805221096618094,5.545352821378913e-08,0.18463848024898802
0.62025,-0.474913658011702,0.880032458517282,5.5305012125472786e-08,0.18325918472313144
0.6205,-0.47582164623697554,0.8795418530265946,5.512655909534203e-08,0.1882092122388856
0.62075,-0.47672915953158856,0.8790502935868841,5.510143941123147e-08,0.18842073594392797
0.621,-0.4776361959305433,0.8785577804327751,5.4610980848579516e-08,0.18772393755177066
0.62125,-0.47854275580331296,0.878064314174437,5.447922535317673e-08,0.18886631865920425
0.6215,-0.4794488377146857,0.8775698951519976,5.4431523954789895e-08,0.19287474050163825
0.62175,-0.48035444008765826,0.8770745237065669,5.41235130047113e-08,0.19552509775996094
0.622,-0.481259562446418,0.8765782002567448,5.380573431246205e-08,0.1931573623523232
0.62225,-0.48216420408323635,0.8760809253428259,5.372438005579738e-08,0.19389927988165634
0.6225,-0.4830683634779246,0.8755826992269243,5.348937204274762e-08,0.19923948904441233
0.62275,-0.48397203994246263,0.875083522371682,5.328624785860825e-08,0.1976558634417187
0.623,-0.4848752322218246,0.8745833951957818,5.2987173315699465e-08,0.19987762599016132
0.62325,-0.48577793985007717,0.874082318089672,5.2820998464042646e-08,0.20064687269012674
0.6235,-0.4866801613708067,0.8735802914997282,5.258433088961567e-08,0.20402581752114646
0.62375,-0.48758189619958847,0.873077315827608,5.245716216961682e-08,0.20530643020968004
0.624,-0.48848314278073346,0.8725733914840408,5.2153450447178784e-08,0.20487499404317827
0.62425,-0.4893839006744456,0.8720685188715482,5.1923074284587756e-08,0.20617891491663112
0.6245,-0.4902841686666241,0.8715626984438943,5.168196137717018e-08,0.20947832144078443
0.62475,-0.49118394590890374,0.8710559306091049,5.148396597931537e-08,0.21061757662110475
0.625,-0.49208323109356655,0.8705482158053757,5.118270229864663e-08,0.21153787492041148
0.62525,-0.49298202373765543,0.8700395544301324,5.100072741903716e-08,0.21253835492879963
0.6255,-0.49388032252368613,0.8695299469102111,5.077488607341252e-08,0.2157274214339976
0.62575,-0.4947781265914293,0.8690193937479682,5.063170416264029e-08,0.21667286996504959
0.626,-0.4956754347065271,0.8685078952564602,5.034715422347347e-08,0.2162897436790924
0.62625,-0.4965722462139669,0.867995451901077,5.011546844180259e-08,0.2189367089292065
0.6265,-0.4974685598642917,0.8674820641310584,4.982126577957047e-08,0.22418796671890942
0.62675,-0.498364374959393,0.8669677322487956,4.9494641718439425e-08,0.219628788202292
0.627,-0.49925969015383487,0.8664524570875294,4.9302758986513595e-08,0.22497689602276402
0.62725,-0.5001545049788658,0.8659362386185112,4.9101713583965534e-08,0.22307551383459698
0.6275,-0.5010488178731614,0.8654190776117846,4.889326099544178e-08,0.23136113671207847
0.62775,-0.5019426283167018,0.8649009740817195,4.854449175972775e-08,0.2273489991073688
0.628,-0.5028359348362024,0.8643819292021035,4.844687273575232e-08,0.2300933183639909
0.62825,-0.5037287368921431,0.863861942534794,4.806546960445246e-08,0.23224693780767364
0.6285,-0.5046210332992856,0.8633410151045385,4.7804885827673615e-08,0.23267982941628773
0.62875,-0.5055128231856004,0.8628191473021444,4.7678136771978075e-08,0.2388241424232593
0.629,-0.5064041052548554,0.8622963394496956,4.742365655729941e-08,0.2356911412496784
0.62925,-0.5072948787926901,0.8617725919364105,4.7131043512393944e-08,0.2384235285096079
0.6295,-0.50818514280718,0.861247905254274,4.683741328115332e-08,0.24076643051584656
0.62975,-0.5090748962209652,0.8607222798474504,4.649408857915205e-08,0.24458490736931165
0.63,-0.5099641379432889,0.8601957166177279,4.643786311042675e-08,0.2422055120932439
0.63025,-0.5108528672392407,0.8596682151965486,4.609288528634181e-08,0.24346918475002616
0.6305,-0.5117410829908963,0.8591397763698774,4.568078804112474e-08,0.24936986910190528
0.63075,-0.5126287841245989,0.8586104010623322,4.556274069145161e-08,0.2515387799688735
0.631,-0.5135159696554785,0.8580800891994613,4.5285879934908735e-08,0.24836893058233134
0.63125,-0.5144026387027417,0.8575488412513115,4.49179042849579e-08,0.2531075652246386
0.6315,-0.5152887902441196,0.8570166579144287,4.4647031627320644e-08,0.254068274135362
0.63175,-0.516174423184552,0.8564835397294835,4.448872448215013e-08,0.2594878105914794
0.632,-0.5170595365699802,0.8559494869521842,4.428583411097975e-08,0.25654070486034397
0.63225,-0.5179441294799597,0.8554144997104204,4.378879014943493e-08,0.2593564924623823
0.6325,-0.5188282008505716,0.8548785793298815,4.369745787435875e-08,0.26335304280259136
0.63275,-0.5197117496655008,0.854341725417454,4.326482327954295e-08,0.26601697765515886
0.633,-0.5205947748973165,0.8538039396058394,4.346841886437858e-08,0.2647362537121383
0.63325,-0.5214772756182833,0.8532652203364924,4.261107400260755e-08,0.26587266103581575
0.6335,-0.5223592508315721,0.8527255702313034,4.2527810384385134e-08,0.2712432113073802
0.63375,-0.5232406994992762,0.8521849883186674,4.196408864842738e-08,0.2719176253376302
0.634,-0.524121620631222,0.8516434764378005,4.2086079732328585e-08,0.27222576472712806
0.63425,-0.5250020131905988,0.8511010334771875,4.152005828039762e-08,0.27559220169276727
0.6345,-0.5258818762253972,0.850557660973793,4.1191775990157e-08,0.2787607865183423
0.63475,-0.5267612087044539,0.8500133593622757,4.104505846314055e-08,0.2800202734679021
0.635,-0.5276400096450882,0.8494681289691499,4.0956307678641224e-08,0.2806467029048935
0.63525,-0.5285182779280677,0.8489219697506951,4.04147242338837e-08,0.2816047532158025
0.6355,-0.5293960127938933,0.8483748828354732,4.009408649530144e-08,0.28688238831789303
0.63575,-0.5302732128892873,0.847826868578283,3.969559148053747e-08,0.28978989378194575
0.636,-0.5311498774824184,0.8472779277330034,3.95865593638689e-08,0.28780903734185476
0.63625,-0.5320260054932908,0.8467280600335864,3.9084693259638925e-08,0.29067462467148114
0.6365,-0.5329015960137217,0.8461772670167733,3.9124973039150746e-08,0.2949763843552531
0.63675,-0.5337766476708243,0.8456255477934558,3.833984196788265e-08,0.29849130590141026
0.637,-0.5346511598145973,0.845072904370241,3.8195923535155885e-08,0.29578387786391275
0.63725,-0.5355251313795298,0.8445193364398227,3.797990988374522e-08,0.29777474212455807
0.6375,-0.5363985610796469,0.843964844594523,3.7619885873141357e-08,0.30500439038028476
0.63775,-0.5372714484990054,0.8434094297640887,3.7793601581626035e-08,0.30349059227311176
0.638,-0.5381437919726366,0.8428530915016381,3.734627784801603e-08,0.30716071764557623
0.63825,-0.5390155907119714,0.8422958302354098,3.63312662177151e-08,0.3073574720197604
0.6385,-0.5398868438680493,0.8417376487506643,3.67530492706436e-08,0.3122868901002493
0.63875,-0.5407575500600925,0.8411785445593788,3.588701358303581e-08,0.3161173957936929
0.639,-0.5416277087625403,0.840618520201275,3.570236972727514e-08,0.3143536653002559
0.63925,-0.5424973184524683,0.8400575756438523,3.5462372149908106e-08,0.313572284292991
0.6395,-0.5433663785498855,0.8394957111153267,3.5159722022726214e-08,0.3209290649402414
0.63975,-0.5442348877345994,0.8389329271156996,3.4613203192535025e-08,0.3255122995215085
0.64,-0.5451028453162401,0.8383692247029728,3.4450461594559556e-08,0.32506382530072425
0.64025,-0.5459702495214418,0.837804604178291,3.407242354924733e-08,0.323897194168583
0.6405,-0.5468371003445942,0.8372390657744597,3.378608637305547e-08,0.33054330741862714
0.64075,-0.5477033960466232,0.8366726099780736,3.3164262447371584e-08,0.3351998738021749
0.641,-0.5485691360681038,0.8361052382991261,3.327887165838206e-08,0.3300705500999221
0.64125,-0.5494343185355682,0.8355369504100065,3.2942548466863286e-08,0.3367421150897001
0.6415,-0.5502989434324917,0.8349677460956777,3.2081505896286444e-08,0.3406113298955981
0.64175,-0.5511630092508053,0.834397627334963,3.1634309172190456e-08,0.3418821418309434
0.642,-0.552026515167757,0.8338265947258066,3.1760145624559755e-08,0.3423532449844499
0.64225,-0.5528894597658689,0.8332546473424766,3.101901424606979e-08,0.34347571695420553
0.6425,-0.553751842477521,0.8326817870695795,3.078231847197799e-08,0.35309538034186266
0.64275,-0.5546136619856198,0.8321080135251426,3.0116928728674e-08,0.35131396908081175
0.643,-0.5554749174658173,0.8315333292659233,3.0806863060561795e-08,0.3513235408905326
0.64325,-0.5563356074238488,0.8309577310369756,2.9428890435667654e-08,0.3564282596548886
0.6435,-0.5571957313415276,0.8303812233079223,2.9523790301411168e-08,0.3586169250808305
0.64375,-0.5580552878057855,0.8298038034555703,2.8238664073754194e-08,0.36402260129400366
0.644,-0.5589142764413353,0.8292254751815165,2.854997616097421e-08,0.36139038689866904
0.64425,-0.5597726951896519,0.8286462366510996,2.789795816582341e-08,0.3660491237573273
0.6445,-0.5606305440811158,0.8280660896543196,2.7896041476793698e-08,0.37020673073175636
0.64475,-0.5614878211913603,0.827485034565746,2.7888247045027015e-08,0.3710864501984165
0.645,-0.5623445262152238,0.8269030710138452,2.7508175959312098e-08,0.3778232824328967
0.64525,-0.5632006569939714,0.8263202011765698,2.7455463458281315e-08,0.3784954908815963
0.6455,-0.5640562146132932,0.8257364247737224,2.8220983105953223e-08,0.4015551087217875
0.64575,-0.564911199443614,0.8251517475636376,3.488207322988046e-08,0.4700250653638702
0.646,-0.5657656235679569,0.8245661863743124,6.826155596328931e-08,0.8069895019956581
0.64625,-0.5666195425148712,0.8239798279263622,2.3139463278809558e-07,2.390556517668315
0.6465,-0.5674732267755689,0.8233930644054595,1.000808543816234e-06,9.877008373204848
0.64675,-0.5683279650542842,0.8228077660227141,4.647834215276703e-06,0.0
0.647,-0.5691821841686215,0.8222216537417374,8.403293072278828e-06,0.0
0.64725,-0.5700358839964328,0.8216347293007493,1.2268643095225684e-05,0.0
0.6475,-0.5708890644155702,0.8210469944379697,1.6245340498821648e-05,0.0
0.64775,-0.5717417253038858,0.8204584508916182,2.0334839716085185e-05,0.0
0.648,-0.5725938665392314,0.8198691003999149,2.4538593385026175e-05,0.0
0.64825,-0.5734454879994594,0.8192789447010795,2.88580523326587e-05,0.0
0.6485,-0.5742965895624216,0.8186879855333319,3.3294665559457925e-05,0.0
0.64875,-0.5751471711059701,0.818096224634892,3.7849880225149235e-05,0.0
0.649,-0.5759972325079572,0.8175036637439795,4.2525141633831254e-05,0.0
0.64925,-0.5768467736462346,0.8169103045988145,4.7321893218210676e-05,0.0
0.6495,-0.5776957943986546,0.8163161489376167,5.22415765258355e-05,0.0
0.64975,-0.5785442946430692,0.8157211984986059,5.728563120244168e-05,0.0
0.65,-0.5793922742573305,0.815125455020002,6.245549497907454e-05,0.0
0.65025,-0.5802397331192906,0.814528920240025,6.77526036556575e-05,0.0
0.6505,-0.5810866711068012,0.8139315958968947,7.317839108633706e-05,0.0
0.65075,-0.5819330880977148,0.8133334837288306,7.873428916527203e-05,0.0
0.651,-0.5827789839698833,0.8127345854740531,8.442172781109036e-05,0.0
0.65125,-0.5836243586011587,0.8121349028707816,9.024213495245625e-05,0.0
0.6515,-0.5844692118693932,0.8115344376572362,9.619693651274908e-05,0.0
0.65175,-0.5853135436524387,0.8109331915716369,0.00010228755639607456,0.0
0.652,-0.5861573538281474,0.810331166352203,0.00010851541647105556,0.0
0.65225,-0.5870006422743712,0.809728363737155,0.00011488193655773138,0.0
0.6525,-0.5878434088689624,0.8091247854647123,0.00012138853441134856,0.0
0.65275,-0.5886856534897729,0.8085204332730949,0.00012803662570815,0.0
0.653,-0.5895273760146547,0.8079153089005228,0.00013482762403138615,0.0
0.65325,-0.59036857632146,0.8073094140852155,0.00014176294085510577,0.0
0.6535,-0.5912092542880407,0.8067027505653932,0.0001488439855301671,0.0
0.65375,-0.592049409792249,0.8060953200792756,0.0001560721652695829,0.0
0.654,-0.5928890427119369,0.8054871243650826,0.0001634488851345317,0.0
0.65425,-0.5937281529249565,0.8048781651610342,0.00017097554801770443,0.0
0.6545,-0.5945667403091599,0.8042684442053498,0.0001786535546306478,0.0
0.65475,-0.595404804742399,0.8036579632362496,0.00018648430348799927,0.0
0.655,-0.5962423461025259,0.8030467239919534,0.00019446919089327608,0.0
0.65525,-0.5970793642673928,0.8024347282106812,0.00020260961092466445,0.0
0.6555,-0.5979158591148517,0.8018219776306524,0.00021090695541881033,0.0
0.65575,-0.5987518305227546,0.8012084739900873,0.00021936261395882894,0.0
0.656,-0.5995872783689536,0.8005942190272057,0.00022797797385698537,0.0
0.65625,-0.6004222025313009,0.7999792144802271,0.00023675442014203796,0.0
0.6565,-0.6012566028876483,0.7993634620873719,0.0002456933355445834,0.0
0.65675,-0.6020904793158479,0.7987469635868595,0.00025479610048129153,0.0
0.657,-0.6029238316937519,0.7981297207169099,0.0002640640930413607,0.0
0.65725,-0.6037566598992122,0.797511735215743,0.00027349868897275087,0.0
0.6575,-0.6045889638100811,0.7968930088215785,0.00028310126166575245,0.0
0.65775,-0.6054207433042105,0.7962735432726367,0.00029287318214077374,0.0
0.658,-0.6062519982594523,0.7956533403071369,0.00030281581903168764,0.0
0.65825,-0.607082728553659,0.795032401663299,0.00031293053857339714,0.0
0.6585,-0.6079129340646822,0.7944107290793433,0.0003232187045867363,0.0
0.65875,-0.6087426146703743,0.7937883242934893,0.0003336816784635932,0.0
0.659,-0.6095717702485871,0.793165189043957,0.00034432081915292123,0.0
0.65925,-0.6104004006771728,0.7925413250689661,0.00035513748314697224,0.0
0.6595,-0.6112285058339835,0.7919167341067367,0.00036613302446619755,0.0
0.65975,-0.6120560855968711,0.7912914178954884,0.0003773087946450371,0.0
0.66,-0.6128831398436878,0.7906653781734412,0.0003886661427188187,0.0
0.66025,-0.6137096684522857,0.7900386166788148,0.000400206415207327,0.0
0.6605,-0.6145356713005168,0.7894111351498292,0.0004119309561030349,0.0
0.66075,-0.6153611482662329,0.7887829353247042,0.00042384110685467213,0.0
0.661,-0.6161860992272865,0.7881540189416598,0.00043593820635501324,0.0
0.66125,-0.6170105240615293,0.7875243877389155,0.0004482235909246679,0.0
0.6615,-0.6178344226468138,0.7868940434546916,0.00046069859430053484,0.0
0.66175,-0.6186577948609915,0.7862629878272076,0.0004733645476187043,0.0
0.662,-0.6194806405819148,0.7856312225946835,0.00048622277940268965,0.0
0.66225,-0.6203029596874357,0.7849987494953391,0.0004992746155483285,0.0
0.6625,-0.6211247520554063,0.7843655702673943,0.0005125213793102379,0.0
0.66275,-0.6219460175636786,0.7837316866490689,0.0005259643912864931,0.0
0.663,-0.6227667560901047,0.7830971003785828,0.0005396049694066374,0.0
0.66325,-0.6235869675125366,0.7824618131941559,0.0005534444289156948,0.0
0.6635,-0.6244066517088265,0.781825826834008,0.0005674840823621796,0.0
0.66375,-0.6252258085568263,0.7811891430363589,0.0005817252395818873,0.0
0.664,-0.6260444379343879,0.7805517635394286,0.0005961692076856817,0.0
0.66425,-0.6268625397193638,0.7799136900814367,0.0006108172910457288,0.0
0.6645,-0.6276801137896058,0.7792749244006033,0.000625670791279731,0.0
0.66475,-0.628497160022966,0.7786354682351482,0.0006407310072391592,0.0
0.665,-0.6293136782972963,0.777995323323291,0.0006559992349943755,0.0
0.66525,-0.6301296684904492,0.777354491403252,0.0006714767678210887,0.0
0.6655,-0.6309451304802762,0.7767129742132508,0.0006871648961861432,0.0
0.66575,-0.6317600641446299,0.7760707734915072,0.0007030649077344187,0.0
0.666,-0.632574469361362,0.7754278909762412,0.0007191780872743969,0.0
0.66625,-0.6333883460083245,0.7747843284056726,0.0007355057167655055,0.0
0.6665,-0.6342016939633697,0.7741400875180212,0.0007520490753027964,0.0
0.66675,-0.6350145131043496,0.7734951700515069,0.0007688094391051781,0.0
0.667,-0.6358268033091162,0.7728495777443496,0.0007857880814998719,0.0
0.66725,-0.6366385644555217,0.7722033123347689,0.0008029862729108661,0.0
0.6675,-0.6374497964214179,0.7715563755609851,0.0008204052808431506,0.0
0.66775,-0.638260499084657,0.7709087691612175,0.0008380463698702822,0.0
0.668,-0.6390706723230912,0.7702604948736865,0.0008559108016219508,0.0
0.66825,-0.6398803160145724,0.7696115544366118,0.0008739998347677691,0.0
0.6685,-0.6406894300369526,0.768961949588213,0.0008923147250059493,0.0
0.66875,-0.6414980142680842,0.7683116820667102,0.0009108567250495359,0.0
0.669,-0.6423060685858187,0.767660753610323,0.0009296270846115284,0.0
0.66925,-0.6431135928680087,0.7670091659572715,0.0009486270503937799,0.0
0.6695,-0.643920586992506,0.7663569208457757,0.0009678578660714532,0.0
0.66975,-0.6447270508371625,0.765704020014055,0.0009873207722810307,0.0
0.67,-0.6455329842798306,0.7650504652003295,0.0010070170066065476,0.0
0.67025,-0.6463383871983621,0.7643962581428191,0.0010269478035658253,0.0
0.6705,-0.6471432594706094,0.7637414005797436,0.0010471143945987027,0.0
0.67075,-0.6479476009744243,0.7630858942493228,0.0010675180080514934,0.0
0.671,-0.6487514115876587,0.7624297408897766,0.0010881598691654393,0.0
0.67125,-0.6495546911881649,0.7617729422393249,0.0011090412000633876,0.0
0.6715,-0.650357439653795,0.7611155000361874,0.0011301632197360245,0.0
0.67175,-0.6511596568624007,0.7604574160185842,0.0011515271440289965,0.0
0.672,-0.6519613426918347,0.7597986919247349,0.0011731341856302535,0.0
0.67225,-0.6527624970199486,0.7591393294928594,0.0011949855540560606,0.0
0.6725,-0.6535631197245945,0.7584793304611779,0.001217082455638785,0.0
0.67275,-0.6543632106836244,0.7578186965679097,0.0012394260935129076,0.0
0.673,-0.6551627697748905,0.7571574295512751,0.0012620176676034767,0.0
0.67325,-0.655961796876245,0.7564955311494936,0.001284858374611897,0.0
0.6735,-0.6567602918655395,0.7558330031007854,0.0013079494080032728,0.0
0.67375,-0.6575582546206267,0.7551698471433701,0.0013312919579941962,0.0
0.674,-0.6583556850193579,0.7545060650154678,0.0013548872115387578,0.0
0.67425,-0.6591525829395859,0.753841658455298,0.0013787363523163343,0.0
0.6745,-0.6599489482591623,0.7531766292010809,0.001402840560718932,0.0
0.67475,-0.6607447808559392,0.752510978991036,0.0014272010138383084,0.0
0.675,-0.6615400806077689,0.7518447095633835,0.0014518188854528713,0.0
0.67525,-0.6623348473925031,0.751177822656343,0.0014766953460150223,0.0
0.6755,-0.6631290810879943,0.7505103200081346,0.0015018315626389445,0.0
0.67575,-0.6639227815720943,0.7498422033569779,0.0015272286990875017,0.0
0.676,-0.664715948722655,0.749173474441093,0.0015528879157598041,0.0
0.67625,-0.6655085824175289,0.7485041349986996,0.0015788103696785516,0.0
0.6765,-0.6663006825345676,0.7478341867680175,0.0016049972144771552,0.0
0.67675,-0.6670922489516233,0.7471636314872667,0.0016314496003879686,0.0
0.677,-0.6678832815465483,0.746492470894667,0.00165816867422941,0.0
0.67725,-0.6686737801971945,0.7458207067284381,0.0016851555793930828,0.0
0.6775,-0.6694637447814138,0.7451483407268001,0.001712411455831564,0.0
0.67775,-0.6702531751770585,0.7444753746279728,0.001739937440046857,0.0
0.678,-0.6710420712619805,0.743801810170176,0.0017677346650766257,0.0
0.67825,-0.671830432914032,0.7431276490916294,0.0017958042604828695,0.0
0.6785,-0.6726182600110648,0.7424528931305532,0.001824147352339045,0.0
0.67875,-0.6734055524309313,0.7417775440251668,0.001852765063218298,0.0
0.679,-0.6741923100514834,0.7411016035136905,0.0018816585121812501,0.0
0.67925,-0.6749785327505731,0.7404250733343439,0.0019108288147628993,0.0
0.6795,-0.6757642204060526,0.739747955225347,0.0019402770829617388,0.0
0.67975,-0.6765493728957739,0.7390702509249195,0.001970004425226435,0.0
0.68,-0.677333990097589,0.7383919621712813,0.002000011946444946,0.0
0.68025,-0.67811807188935,0.7377130907026523,0.002030300747931202,0.0
0.6805,-0.6789016181489089,0.7370336382572524,0.0020608719274142207,0.0
0.68075,-0.6796846287541178,0.7363536065733014,0.0020917265790250106,0.0
0.681,-0.6804671035828288,0.735672997389019,0.0021228657932856887,0.0
0.68125,-0.681249042512894,0.7349918124426253,0.0021542906570974907,0.0
0.6815,-0.6820304454221653,0.7343100534723401,0.002186002253727448,0.0
0.68175,-0.682811312188495,0.7336277222163831,0.0022180016627983967,0.0
0.682,-0.6835916426897348,0.7329448204129743,0.0022502899602758752,0.0
0.68225,-0.6843714368037371,0.7322613498003334,0.002282868218457468,0.0
0.6825,-0.6851506944083539,0.7315773121166806,0.002315737505960147,0.0
0.68275,-0.685929415381437,0.7308927091002353,0.002348898887708284,0.0
0.683,-0.6867075996008389,0.7302075424892176,0.0023823534249236555,0.0
0.68325,-0.6874852469444113,0.7295218140218473,0.0024161021751121226,0.0
0.6835,-0.6882623572900064,0.7288355254363443,0.002450146192053193,0.0
0.68375,-0.6890389305154763,0.7281486784709286,0.002484486525787144,0.0
0.684,-0.6898149664986728,0.7274612748638198,0.0025191242226050292,0.0
0.68425,-0.6905904651174481,0.7267733163532377,0.002554060325036467,0.0
0.6845,-0.6913654262496545,0.7260848046774024,0.002589295871838093,0.0
0.68475,-0.6921398497731439,0.7253957415745336,0.0026248318979824603,0.0
0.685,-0.6929137355657682,0.7247061287828513,0.002660669434646934,0.0
0.68525,-0.6936870835053797,0.7240159680405751,0.002696809509200815,0.0
0.6855,-0.6944598934698302,0.7233252610859251,0.002733253145196901,0.0
0.68575,-0.695232165336972,0.7226340096571211,0.0027700013623577213,0.0
0.686,-0.6960038989846571,0.7219422154923828,0.0028070551765653207,0.0
0.68625,-0.6967750942907374,0.7212498803299303,0.0028444155998499365,0.0
0.6865,-0.6975457511330652,0.7205570059079832,0.0028820836403795624,0.0
0.68675,-0.6983158693894924,0.7198635939647615,0.0029200603024477356,0.0
0.687,-0.6990854489378711,0.7191696462384851,0.002958346586463545,0.0
0.68725,-0.6998544896560535,0.7184751644673737,0.0029969434889394186,0.0
0.6875,-0.7006229914218913,0.7177801503896473,0.003035852002481798,0.0
0.68775,-0.7013909541132368,0.7170846057435256,0.0030750731157784816,0.0
0.688,-0.7021583776079423,0.7163885322672287,0.0031146078135897426,0.0
0.68825,-0.7029252617838594,0.7156919316989762,0.0031544570767352287,0.0
0.6885,-0.7036916065188404,0.7149948057769879,0.003194621882084858,0.0
0.68875,-0.7044574116907374,0.7142971562394841,0.00323510320254794,0.0
0.689,-0.7052226771774022,0.7135989848246842,0.003275902007061182,0.0
0.68925,-0.7059874028566873,0.7129002932708082,0.003317019260579812,0.0
0.6895,-0.7067515886064443,0.7122010833160761,0.0033584559240655842,0.0
0.68975,-0.7075152343045255,0.7115013566987075,0.003400212954476567,0.0
0.69,-0.708278339828783,0.7108011151569225,0.003442291304757372,0.0
0.69025,-0.7090409050570686,0.7101003604289406,0.0034846919238271656,0.0
0.6905,-0.7098029298672347,0.709399094252982,0.0035274157565710063,0.0
0.69075,-0.7105644141371331,0.7086973183672665,0.0035704637438278564,0.0
0.691,-0.711325357744616,0.7079950345100139,0.0036138368223814776,0.0
0.69125,-0.7120857605675355,0.7072922444194438,0.0036575359249486628,0.0
0.6915,-0.7128456224837434,0.7065889498337765,0.0037015619801707977,0.0
0.69175,-0.713604943371092,0.7058851524912317,0.0037459159126023156,0.0
0.692,-0.7143637231074333,0.7051808541300291,0.0037905986427004823,0.0
0.69225,-0.7151219615706195,0.7044760564883887,0.003835611086816293,0.0
0.6925,-0.7158796586385023,0.7037707613045302,0.0038809541571833694,0.0
0.69275,-0.7166368141889341,0.7030649703166736,0.003926628761907969,0.0
0.693,-0.7173934280997668,0.7023586852630388,0.003972635804960545,0.0
0.69325,-0.7181495002488525,0.7016519078818455,0.00401897618616287,0.0
0.6935,-0.7189050305140432,0.7009446399113137,0.004065650801180709,0.0
0.69375,-0.7196600187731911,0.700236883089663,0.004112660541513158,0.0
0.694,-0.7204144649041481,0.6995286391551137,0.004160006294482432,0.0
0.69425,-0.7211683687847663,0.6988199098458852,0.004207688943224319,0.0
0.6945,-0.7219217302928979,0.6981106969001976,0.004255709366678628,0.0
0.69475,-0.7226745493063946,0.6974010020562706,0.004304068439579201,0.0
0.695,-0.7234268257031089,0.6966908270523243,0.004352767032444582,0.0
0.69525,-0.7241785593608927,0.6959801736265784,0.0044018060115684765,0.0
0.6955,-0.7249297501575981,0.6952690435172526,0.004451186239009308,0.0
0.69575,-0.7256803979710769,0.694557438462567,0.0045009085725822295,0.0
0.696,-0.7264305026791815,0.6938453602007415,0.004550973865848684,0.0
0.69625,-0.7271800641597637,0.6931328104699956,0.00460138296810686,0.0
0.6965,-0.7279290822906757,0.6924197910085494,0.004652136724383249,0.0
0.69675,-0.7286775569497694,0.6917063035546229,0.004703235975421993,0.0
0.697,-0.7294254880148971,0.6909923498464356,0.004754681557677332,0.0
0.69725,-0.7301728753639107,0.6902779316222076,0.004806474303302943,0.0
0.6975,-0.7309197188746623,0.6895630506201587,0.004858615040143288,0.0
0.69775,-0.731666018425004,0.6888477085785087,0.004911104591724724,0.0
0.698,-0.7324117738927878,0.6881319072354775,0.0049639437772461825,0.0
0.69825,-0.7331569851558657,0.687415648329285,0.005017133411570063,0.0
0.6985,-0.73390165209209,0.6866989335981508,0.005070674305213574,0.0
0.69875,-0.7346457745793125,0.6859817647802953,0.005124567264339852,0.0
0.699,-0.7353893524953854,0.6852641436139377,0.005178813090748413,0.0
0.69925,-0.7361323857181608,0.6845460718372984,0.0052334125818673805,0.0
0.6995,-0.7368748741254905,0.6838275511885968,0.0052883665307434935,0.0
0.69975,-0.7376168175952267,0.6831085834060531,0.005343675726034558,0.0
0.7,-0.7383582160052217,0.682389170227887,0.005399340952000786,0.0
0.70025,-0.7390990692333271,0.6816693133923184,0.005455362988494583,0.0
0.7005,-0.7398393771573953,0.6809490146375671,0.005511742610953441,0.0
0.70075,-0.7405791396552783,0.680228275701853,0.005568480590391278,0.0
0.701,-0.7413183566048283,0.679507098323396,0.005625577693390227,0.0
0.70125,-0.7420570278838969,0.6787854842404157,0.005683034682090193,0.0
0.7015,-0.7427951533703366,0.6780634351911323,0.005740852314183753,0.0
0.70175,-0.7435327329419993,0.6773409529137655,0.005799031342905048,0.0
0.702,-0.744269766476737,0.6766180391465351,0.005857572517023346,0.0
0.70225,-0.7450062538524018,0.675894695627661,0.005916476580833274,0.0
0.7025,-0.7457421949468459,0.6751709240953632,0.005975744274147932,0.0
0.70275,-0.7464775896379212,0.6744467262878613,0.006035376332290676,0.0
0.703,-0.7472124378034799,0.6737221039433752,0.006095373486086242,0.0
0.70325,-0.7479467393213739,0.6729970588001248,0.00615573646185319,0.0
0.7035,-0.7486804940694554,0.6722715925963301,0.006216465981395913,0.0
0.70375,-0.7494137019255762,0.6715457070702108,0.006277562761997535,0.0
0.704,-0.7501463627675886,0.6708194039599868,0.006339027516410356,0.0
0.70425,-0.7508784764733445,0.670092685003878,0.006400860952849863,0.0
0.7045,-0.7516100429206962,0.669365551940104,0.006463063774985844,0.0
0.70475,-0.7523410619874956,0.668638006506885,0.006525636681934621,0.0
0.705,-0.7530715335515948,0.6679100504424407,0.006588580368252828,0.0
0.70525,-0.7538014574908458,0.6671816854849909,0.006651895523927642,0.0
0.7055,-0.7545308336831008,0.6664529133727556,0.006715582834371903,0.0
0.70575,-0.7552596620062118,0.6657237358439545,0.006779642980413225,0.0
0.706,-0.7559879423380306,0.6649941546368074,0.006844076638290453,0.0
0.70625,-0.7567156745564095,0.6642641714895344,0.006908884479643218,0.0
0.7065,-0.7574428585392006,0.6635337881403552,0.006974067171506393,0.0
0.70675,-0.7581694941642558,0.6628030063274897,0.00703962537630165,0.0
0.707,-0.7588955813094274,0.6620718277891577,0.0071055597518314695,0.0
0.70725,-0.7596211198525672,0.6613402542635792,0.007171870951271142,0.0
0.7075,-0.7603461096715274,0.6606082874889738,0.007238559623161445,0.0
0.70775,-0.7610705506441602,0.6598759292035616,0.007305626411403088,0.0
0.708,-0.7617944426483172,0.6591431811455624,0.00737307195524739,0.0
0.70825,-0.7625177855618509,0.6584100450531958,0.007440896889291615,0.0
0.7085,-0.7632405792626131,0.6576765226646819,0.007509101843470756,0.0
0.70875,-0.7639628236284561,0.6569426157182405,0.0075776874430515395,0.0
0.709,-0.7646845185372317,0.6562083259520916,0.007646654308624434,0.0
0.70925,-0.7654056638667922,0.6554736551044549,0.0077160030560985415,0.0
0.7095,-0.7661262594949895,0.6547386049135502,0.007785734296693603,0.0
0.70975,-0.7668463052996757,0.6540031771175974,0.007855848636934226,0.0
0.71,-0.7675658011587029,0.6532673734548164,0.007926346678643004,0.0
0.71025,-0.768284746949923,0.652531195663427,0.007997229018933627,0.0
0.7105,-0.7690031425511883,0.6517946454816491,0.008068496250206225,0.0
0.71075,-0.7697209878403506,0.6510577246477025,0.008140148960137816,0.0
0.711,-0.770438282695262,0.6503204348998073,0.008212187731679421,0.0
0.71125,-0.7711550269937749,0.6495827779761829,0.008284613143047403,0.0
0.7115,-0.7718712206137411,0.6488447556150496,0.008357425767718585,0.0
0.71175,-0.7725868634330126,0.648106369554627,0.00843062617442314,0.0
0.712,-0.7733019553294416,0.647367621533135,0.008504214927139486,0.0
0.71225,-0.77401649618088,0.6466285132887934,0.008578192585087407,0.0
0.7125,-0.77473048586518,0.6458890465598222,0.008652559702722495,0.0
0.71275,-0.7754439242601936,0.6451492230844411,0.008727316829730158,0.0
0.713,-0.7761568112437729,0.6444090446008701,0.00880246451102007,0.0
0.71325,-0.7768691466937699,0.643668512847329,0.008878003286719727,0.0
0.7135,-0.7775809304880368,0.6429276295620374,0.008953933692168903,0.0
0.71375,-0.7782921625044253,0.6421863964832156,0.009030256257914537,0.0
0.714,-0.779002842620788,0.6414448153490833,0.00910697150970452,0.0
0.71425,-0.7797129707149764,0.6407028878978602,0.00918407996848214,0.0
0.7145,-0.780422546664843,0.6399606158677662,0.009261582150380754,0.0
0.71475,-0.7811315703482395,0.6392180009970212,0.00933947856671824,0.0
0.715,-0.7818400416430182,0.638475045023845,0.009417769723991665,0.0
0.71525,-0.7825479604270312,0.6377317496864576,0.009496456123872177,0.0
0.7155,-0.7832553265781304,0.6369881167230789,0.009575538263199013,0.0
0.71575,-0.783962139974168,0.6362441478719285,0.0096550166339755,0.0
0.716,-0.7846684004929958,0.6354998448712263,0.009734891723361727,0.0
0.71625,-0.7853741080124662,0.6347552094591923,0.009815164013672328,0.0
0.7165,-0.786079262410431,0.6340102433740462,0.009895833982368929,0.0
0.71675,-0.7867838635647424,0.6332649483540082,0.009976902102056817,0.0
0.717,-0.7874879113532525,0.6325193261372976,0.010058368840478948,0.0
0.71725,-0.7881914056538131,0.6317733784621347,0.010140234660511505,0.0
0.7175,-0.7888943463442765,0.631027107066739,0.010222500020159453,0.0
0.71775,-0.7895967333024947,0.6302805136893307,0.010305165372550995,0.0
0.718,-0.7902985664063198,0.6295336000681295,0.01038823116593357,0.0
0.71825,-0.7909998455336037,0.6287863679413552,0.010471697843668526,0.0
0.7185,-0.7917005705621987,0.6280388190472278,0.010555565844227788,0.0
0.71875,-0.7924007413699565,0.6272909551239672,0.010639835601187642,0.0
0.719,-0.7931003578347295,0.6265427779097927,0.010724507543225625,0.0
0.71925,-0.7937994198343699,0.6257942891429249,0.010809582094115644,0.0
0.7195,-0.7944979272467292,0.6250454905615833,0.010895059672723528,0.0
0.71975,-0.7951958799496597,0.6242963839039877,0.010980940693002594,0.0
0.72,-0.7958932778210137,0.6235469709083581,0.011067225563990979,0.0
0.72025,-0.796590120738643,0.6227972533129142,0.011153914689804312,0.0
0.7205,-0.7972864085803998,0.622047232855876,0.01124100846963505,0.0
0.72075,-0.7979821412241361,0.6212969112754634,0.011328507297746482,0.0
0.721,-0.7986773185477041,0.620546290309896,0.011416411563468953,0.0
0.72125,-0.7993719404289554,0.6197953716973938,0.011504721651196315,0.0
0.7215,-0.8000660067457426,0.6190441571761769,0.011593437940382145,0.0
0.72175,-0.8007595173759174,0.6182926484844647,0.011682560805535536,0.0
0.722,-0.801452472197332,0.6175408473604773,0.011772090616217534,0.0
0.72225,-0.8021448710878385,0.6167887555424345,0.011862027737038039,0.0
0.7225,-0.8028367139252889,0.6160363747685562,0.01195237252765069,0.0
0.72275,-0.8035280005875354,0.6152837067770623,0.012043125342751537,0.0
0.723,-0.8042187309524297,0.6145307533061726,0.012134286532073046,0.0
0.72325,-0.8049089048978242,0.6137775160941068,0.012225856440382765,0.0
0.7235,-0.8055985223015709,0.6130239968790849,0.012317835407478661,0.0
0.72375,-0.8062875830415217,0.6122701973993269,0.012410223768186457,0.0
0.724,-0.8069760869955288,0.6115161193930524,0.0125030218523563,0.0
0.72425,-0.8076640340414443,0.6107617645984813,0.012596229984859209,0.0
0.7245,-0.8083514240571201,0.6100071347538336,0.012689848485584188,0.0
0.72475,-0.8090382569204083,0.609252231597329,0.012783877669435562,0.0
0.725,-0.809724532509161,0.6084970568671875,0.012878317846328757,0.0
0.72525,-0.8104102507012304,0.6077416123016288,0.012973169321189193,0.0
0.7255,-0.8110954113744683,0.6069858996388728,0.013068432393947393,0.0
0.72575,-0.8117800144067269,0.6062299206171393,0.013164107359537658,0.0
0.726,-0.8124640596758582,0.6054736769746485,0.013260194507895173,0.0
0.72625,-0.8131475470597143,0.6047171704496197,0.013356694123952018,0.0
0.7265,-0.8138304764361473,0.6039604027802732,0.01345360648763605,0.0
0.72675,-0.8145128476830092,0.6032033757048287,0.0135509318738678,0.0
0.727,-0.815194660678152,0.602446090961506,0.01364867055255714,0.0
0.72725,-0.8158759152994279,0.601688550288525,0.013746822788602397,0.0
0.7275,-0.8165566114246888,0.6009307554241056,0.013845388841886797,0.0
0.72775,-0.817236748931787,0.6001727081064675,0.013944368967276022,0.0
0.728,-0.8179163276985744,0.5994144100738308,0.014043763414617327,0.0
0.72825,-0.8185953476029029,0.5986558630644152,0.014143572428735096,0.0
0.7285,-0.8192738085226248,0.5978970688164404,0.014243796249431284,0.0
0.72875,-0.8199517103355921,0.5971380290681266,0.01434443511148098,0.0
0.729,-0.8206290529196569,0.5963787455576935,0.014445489244632181,0.0
0.72925,-0.821305836152671,0.5956192200233609,0.014546958873602245,0.0
0.7295,-0.821982059912487,0.5948594542033486,0.014648844218077883,0.0
0.72975,-0.8226577240769564,0.5940994498358767,0.014751145492710949,0.0
0.73,-0.8233328285239314,0.5933392086591648,0.014853862907118875,0.0
0.73025,-0.8240073731312643,0.5925787324114329,0.014956996665882016,0.0
0.7305,-0.8246813577768068,0.5918180228309007,0.0150605469685412,0.0
0.73075,-0.8253547823384113,0.5910570816557883,0.015164514009598173,0.0
0.731,-0.8260276466939296,0.5902959106243153,0.015268897978511387,0.0
0.73125,-0.826699950721214,0.5895345114747017,0.015373699059697321,0.0
0.7315,-0.8273716942981164,0.5887728859451673,0.01547891743252694,0.0
0.73175,-0.8280428773024888,0.5880110357739321,0.015584553271325019,0.0
0.732,-0.8287134996121834,0.5872489626992157,0.015690606745369706,0.0
0.73225,-0.8293835611050522,0.586486668459238,0.015797078018889632,0.0
0.7325,-0.8300530616589472,0.5857241547922192,0.015903967251064355,0.0
0.73275,-0.8307220011517207,0.5849614234363787,0.016011274596022362,0.0
0.733,-0.8313903794612244,0.5841984761299366,0.01611900020283996,0.0
0.73325,-0.8320581964653107,0.5834353146111126,0.016227144215540834,0.0
0.7335,-0.8327254520418313,0.5826719406181268,0.016335706773094705,0.0
0.73375,-0.8333921460686387,0.5819083558891988,0.01644468800941734,0.0
0.734,-0.8340582784235845,0.5811445621625486,0.016554088053367666,0.0
0.73425,-0.834723848984521,0.5803805611763959,0.016663907028749314,0.0
0.7345,-0.8353888576293004,0.5796163546689608,0.01677414505430952,0.0
0.73475,-0.8360533042357745,0.578851944378463,0.016884802243736896,0.0
0.735,-0.8367171886817955,0.5780873320431226,0.016995878705662548,0.0
0.73525,-0.8373805108452153,0.577322519401159,0.017107374543659182,0.0
0.7355,-0.8380432706038861,0.5765575081907923,0.017219289856240216,0.0
0.73575,-0.8387054678356598,0.5757923001502423,0.01733162473686023,0.0
0.736,-0.8393671024183886,0.5750268970177288,0.017444379273913624,0.0
0.73625,-0.8400281742299248,0.5742613005314721,0.01755755355073574,0.0
0.7365,-0.8406886831481201,0.5734955124296914,0.01767114764560107,0.0
0.73675,-0.8413486290508265,0.5727295344506069,0.017785161631723945,0.0
0.737,-0.8420080118158964,0.5719633683324385,0.017899595577258953,0.0
0.73725,-0.8426668313211817,0.5711970158134059,0.018014449545300515,0.0
0.7375,-0.8433250874445344,0.5704304786317291,0.018129723593882208,0.0
0.73775,-0.8439827800638064,0.5696637585256279,0.018245417775978323,0.0
0.738,-0.8446399090568502,0.568896857233322,0.018361532139502312,0.0
0.73825,-0.8452964743015174,0.5681297764930313,0.01847806672730945,0.0
0.7385,-0.8459524756756605,0.567362518042976,0.018595021577194393,0.0
0.73875,-0.8466079130571311,0.5665950836213756,0.0187123967218934,0.0
0.739,-0.8472627863237817,0.5658274749664499,0.018830192189084327,0.0
0.73925,-0.847917095353464,0.565059693816419,0.018948408001386863,0.0
0.7395,-0.8485708400240304,0.5642917419095026,0.019067044176362957,0.0
0.73975,-0.8492240202133325,0.5635236209839207,0.01918610072651794,0.0
0.74,-0.8498766357992229,0.5627553327778931,0.01930557765930141,0.0
0.74025,-0.8505286866595532,0.5619868790296394,0.01942547497710634,0.0
0.7405,-0.8511801726721757,0.5612182614773797,0.01954579267727219,0.0
0.74075,-0.8518310937149424,0.560449481859334,0.01966653075208402,0.0
0.741,-0.8524814496657054,0.559680541913722,0.01978768918877427,0.0
0.74125,-0.8531312404023166,0.5589114433787634,0.019909267969522748,0.0
0.7415,-0.8537804658026282,0.5581421879926781,0.020031267071459302,0.0
0.74175,-0.8544291257444923,0.5573727774936861,0.0201536864666636,0.0
0.742,-0.8550772201057608,0.5566032136200072,0.020276526122166016,0.0
0.74225,-0.8557247487642858,0.5558334981098614,0.020399785999950737,0.0
0.7425,-0.8563717115979196,0.5550636327014682,0.020523466056954875,0.0
0.74275,-0.857018108484514,0.5542936191330478,0.020647566245070914,0.0
0.743,-0.8576639393019212,0.5535234591428198,0.020772086511148036,0.0
0.74325,-0.8583092039279931,0.5527531544690041,0.02089702679699279,0.0
0.7435,-0.8589539022405819,0.5519827068498209,0.021022387039372648,0.0
0.74375,-0.8595980341175395,0.5512121180234895,0.021148167170014442,0.0
0.744,-0.8602415994367181,0.5504413897282301,0.02127436711560926,0.0
0.74425,-0.8608845980759698,0.5496705237022625,0.021400986797811772,0.0
0.7445,-0.8615270299131466,0.5488995216838064,0.021528026133242895,0.0
0.74475,-0.8621688948261004,0.548128385411082,0.021655485033491573,0.0
0.745,-0.8628101926926834,0.5473571166223088,0.021783363405116996,0.0
0.74525,-0.8634509233907477,0.5465857170557069,0.021911661149649486,0.0
0.7455,-0.8640910867981453,0.5458141884494959,0.02204037816359361,0.0
0.74575,-0.8647306827927284,0.5450425325418959,0.022169514338429952,0.0
0.746,-0.8653697112523488,0.5442707510711267,0.022299069560616447,0.0
0.74625,-0.8660081720548587,0.543498845775408,0.022429043711591046,0.0
0.7465,-0.8666460650781102,0.5427268183929599,0.0225594366677746,0.0
0.74675,-0.8672833901999553,0.5419546706620021,0.022690248300572646,0.0
0.747,-0.867920147298246,0.5411824043207544,0.022821478476376722,0.0
0.74725,-0.8685563362508344,0.5404100211074367,0.022953127056568823,0.0
0.7475,-0.8691919569355726,0.539637522760269,0.02308519389752184,0.0
0.74775,-0.8698270092303128,0.5388649110174709,0.023217678850603773,0.0
0.748,-0.8704614930129067,0.5380921876172625,0.023350581762178857,0.0
0.74825,-0.8710954081612066,0.5373193542978636,0.023483902473611096,0.0
0.7485,-0.8717287545530645,0.5365464127974939,0.023617640821266717,0.0
0.74875,-0.8723615320663326,0.5357733648543733,0.023751796636517053,0.0
0.749,-0.8729937405788628,0.5350002122067219,0.023886369745740987,0.0
0.74925,-0.873625379968507,0.5342269565927592,0.02402135997032806,0.0
0.7495,-0.8742564501131177,0.5334535997507053,0.024156767126681578,0.0
0.74975,-0.8748869508905466,0.5326801434187798,0.024292591026221055,0.0
0.75,-0.8755168821786459,0.5319065893352029,0.024428831475386215,0.0
0.75025,-0.8761462438552676,0.5311329392381943,0.024565488275638536,0.0
0.7505,-0.8767750357982638,0.5303591948659736,0.024702561223465702,0.0
0.75075,-0.8774032578854865,0.5295853579567611,0.024840050110384926,0.0
0.751,-0.8780309099947878,0.5288114302487765,0.024977954722945173,0.0
0.75125,-0.8786579920040198,0.5280374134802395,0.025116274842730935,0.0
0.7515,-0.8792845037910345,0.5272633093893699,0.025255010246366005,0.0
0.75175,-0.8799104452336839,0.5264891197143878,0.02539416070551659,0.0
0.752,-0.8805358162098202,0.525714846193513,0.02553372598689485,0.0
0.75225,-0.8811606165972954,0.5249404905649653,0.025673705852261808,0.0
0.7525,-0.8817848462739617,0.5241660545669646,0.025814100058432876,0.0
0.75275,-0.8824085051176709,0.5233915399377307,0.02595490835727854,0.0
0.753,-0.8830315930062751,0.5226169484154835,0.026096130495731007,0.0
0.75325,-0.8836541098176265,0.5218422817384427,0.026237766215785996,0.0
0.7535,-0.884276055429577,0.5210675416448285,0.02637981525450761,0.0
0.75375,-0.8848974297199788,0.5202927298728603,0.02652227734403212,0.0
0.754,-0.8855182325666839,0.5195178481607584,0.026665152211571064,0.0
0.75425,-0.8861384638475444,0.5187428982467424,0.026808439579416143,0.0
0.7545,-0.8867581234404123,0.5179678818690321,0.026952139164943212,0.0
0.75475,-0.8873772112231395,0.5171928007658475,0.027096250680615608,0.0
0.755,-0.8879957270735784,0.5164176566754084,0.027240773833989262,0.0
0.75525,-0.8886136708695809,0.5156424513359346,0.02738570832771625,0.0
0.7555,-0.8892310424889991,0.514867186485646,0.027531053859549903,0.0
0.75575,-0.8898478418096849,0.5140918638627625,0.02767681012234746,0.0
0.756,-0.8904640687094905,0.513316485205504,0.027822976804076083,0.0
0.75625,-0.8910797230662679,0.5125410522520903,0.027969553587817497,0.0
0.7565,-0.8916948047578692,0.5117655667407411,0.02811654015177023,0.0
0.75675,-0.8923093136621466,0.5109900304096765,0.02826393616925671,0.0
0.757,-0.8929232496569519,0.5102144449971162,0.028411741308726368,0.0
0.75725,-0.8935366126201373,0.5094388122412801,0.028559955233760537,0.0
0.7575,-0.8941494024295549,0.508663133880388,0.028708577603077767,0.0
0.75775,-0.8947616189630565,0.5078874116526599,0.028857608070537832,0.0
0.758,-0.8953732620984944,0.5071116472963155,0.02900704628514661,0.0
0.75825,-0.8959843317137206,0.5063358425495748,0.02915689189106163,0.0
0.7585,-0.8965948276865872,0.5055599991506574,0.029307144527596085,0.0
0.75875,-0.8972047498949461,0.5047841188377834,0.029457803829224583,0.0
0.759,-0.8978140982166496,0.5040082033491726,0.029608869425587603,0.0
0.75925,-0.8984228725295496,0.5032322544230448,0.0297603409414966,0.0
0.7595,-0.8990310727114981,0.5024562737976198,0.02991221799693955,0.0
0.75975,-0.8996386986403473,0.5016802632111176,0.030064500207086065,0.0
0.76,-0.9002457501939491,0.5009042244017581,0.030217187182291827,0.0
0.76025,-0.9008522272501558,0.5001281591077609,0.03037027852810459,0.0
0.7605,-0.9014581296868194,0.499352069067346,0.030523773845270386,0.0
0.76075,-0.9020634573817916,0.4985759560187333,0.030677672729736205,0.0
0.761,-0.9026682102129249,0.4977998217001426,0.030831974772658644,0.0
0.76125,-0.9032723880580713,0.4970236678497938,0.030986679560406793,0.0
0.7615,-0.9038759907950826,0.4962474962059067,0.03114178667456957,0.0
0.76175,-0.9044790183018112,0.4954713085067011,0.03129729569196038,0.0
0.762,-0.9050814704561088,0.494695106490397,0.03145320618462244,0.0
0.76225,-0.9056833471358277,0.49391889189521415,0.03160951771983589,0.0
0.7625,-0.9062846482188198,0.49314266645937244,0.031766229860121786,0.0
0.76275,-0.9068853735829374,0.49236643192109175,0.03192334216324966,0.0
0.763,-0.9074855231060324,0.49159019001859183,0.03208085418224105,0.0
0.76325,-0.9080850966659568,0.49081394249009264,0.03223876546537818,0.0
0.7635,-0.9086840941405627,0.490037691073814,0.03239707555620752,0.0
0.76375,-0.9092825154077022,0.4892614375079757,0.032555783993547305,0.0
0.764,-0.9098803603452272,0.48848518353079773,0.03271489031149244,0.0
0.76425,-0.9104776288309901,0.4877089308804998,0.032874394039421606,0.0
0.7645,-0.9110743207428428,0.48693268129530193,0.03303429470200281,0.0
0.76475,-0.9116704359586372,0.4861564365134239,0.03319459181919959,0.0
0.765,-0.9122659743562254,0.48538019827308543,0.03335528490627704,0.0
0.76525,-0.9128609358134596,0.4846039683125065,0.03351637347380909,0.0
0.7655,-0.9134553202081918,0.483827748369907,0.033677857027683444,0.0
0.76575,-0.914049127418274,0.4830515401835067,0.03383973506910931,0.0
0.766,-0.9146423573215583,0.4822753454915255,0.03400200709462231,0.0
0.76625,-0.9152350097958968,0.4814991660321833,0.03416467259609246,0.0
0.7665,-0.9158270847191416,0.48072300354369984,0.03432773106072995,0.0
0.76675,-0.9164185819691446,0.4799468597642951,0.034491181971091356,0.0
0.767,-0.9170095014237579,0.47917073643218877,0.034655024805086976,0.0
0.76725,-0.9175998429608336,0.47839463528560083,0.03481925903598726,0.0
0.7675,-0.9181896064582239,0.4776185580627511,0.034983884132429255,0.0
0.76775,-0.9187787917937806,0.47684250650185944,0.035148899558423485,0.0
0.768,-0.9193673988453559,0.4760664823411458,0.03531430477336128,0.0
0.76825,-0.9199554274908017,0.47529048731882984,0.035480099232020335,0.0
0.7685,-0.9205428776079705,0.4745145231731316,0.03564628238457335,0.0
0.76875,-0.9211297490747139,0.4737385916422708,0.03581285367659315,0.0
0.769,-0.9217160417688841,0.47296269446446726,0.03597981254906135,0.0
0.76925,-0.922301755568333,0.472186833377941,0.036147158438373905,0.0
0.7695,-0.9228868903509131,0.4714110101209118,0.03631489077634931,0.0
0.76975,-0.923471445994476,0.4706352264315995,0.03648300899023482,0.0
0.77,-0.924055422376874,0.46985948404822386,0.0366515125027147,0.0
0.77025,-0.9246388193759592,0.46908378470900497,0.03682040073191639,0.0
0.7705,-0.9252216368695834,0.46830813015216244,0.036989673091417874,0.0
0.77075,-0.9258038747355988,0.4675325221159162,0.03715932899025587,0.0
0.771,-0.9263855328518574,0.4667569623384863,0.03732936783293228,0.0
0.77125,-0.9269666110962115,0.4659814525580923,0.03749978901942175,0.0
0.7715,-0.927547109346513,0.4652059945129542,0.03767059194517919,0.0
0.77175,-0.9281270274806138,0.4644305899412918,0.0378417760011478,0.0
0.772,-0.9287063653763663,0.4636552405813251,0.03801334057376504,0.0
0.77225,-0.9292851229116222,0.4628799481712738,0.038185285044971984,0.0
0.7725,-0.9298632999642339,0.46210471444935775,0.038357608792220166,0.0
0.77275,-0.9304408964120531,0.4613295411537969,0.03853031118847827,0.0
0.773,-0.9310179121329321,0.46055443002281105,0.0387033916022419,0.0
0.77325,-0.9315943470047229,0.4597793827946201,0.038876849397539326,0.0
0.7735,-0.9321702009052775,0.4590044012074438,0.0390506839339404,0.0
0.77375,-0.9327454737124481,0.45822948699950217,0.039224894566564084,0.0
0.774,-0.9333201653040866,0.45745464190901486,0.03939948064608556,0.0
0.77425,-0.9338942755580453,0.4566798676742019,0.039574441518746006,0.0
0.7745,-0.9344678043521759,0.455905166033283,0.03974977652635814,0.0
0.77475,-0.9350407515643306,0.4551305387244782,0.03992548500631621,0.0
0.775,-0.9356131170723616,0.45435598748600714,0.040101566291602886,0.0
0.77525,-0.936184900754121,0.45358151405608976,0.040278019710797475,0.0
0.7755,-0.9367561024874606,0.452807120172946,0.04045484458808413,0.0
0.77575,-0.9373267221502325,0.4520328075747956,0.040632040243260725,0.0
0.776,-0.937896759620289,0.45125857799985847,0.040809605991745324,0.0
0.77625,-0.9384662147754819,0.45048443318635445,0.04098754114458636,0.0
0.7765,-0.9390350874936633,0.44971037487250337,0.04116584500846909,0.0
0.77675,-0.9396033776526854,0.44893640479652513,0.04134451688572516,0.0
0.777,-0.9401710851304002,0.44816252469663964,0.04152355607434077,0.0
0.77725,-0.9407382098046595,0.44738873631106657,0.04170296186796385,0.0
0.7775,-0.9413047515533158,0.44661504137802593,0.041882733555914875,0.0
0.77775,-0.941870710254221,0.4458414416357376,0.042062870423192456,0.0
0.778,-0.942436085785227,0.44506793882242124,0.042243371750484204,0.0
0.77825,-0.943000878024186,0.44429453467629687,0.042424236814173844,0.0
0.7785,-0.94356508684895,0.4435212309355844,0.04260546488635031,0.0
0.77875,-0.944128712137371,0.44274802933850343,0.04278705523481596,0.0
0.779,-0.9446917537673012,0.44197493162327406,0.04296900712309615,0.0
0.77925,-0.9452542116165926,0.44120193952811604,0.04315131981044695,0.0
0.7795,-0.9458160855630973,0.4404290547912492,0.0433339925518641,0.0
0.77975,-0.9463773754846672,0.43965627915089345,0.043517024598092036,0.0
0.78,-0.9469380812591545,0.4388836143452687,0.04370041519563239,0.0
0.78025,-0.9474982027644112,0.43811106211259465,0.04388416358675307,0.0
0.7805,-0.9480577398782895,0.43733862419109126,0.044068269009496897,0.0
0.78075,-0.9486166924786414,0.4365663023189783,0.04425273069769031,0.0
0.781,-0.9491750604433187,0.43579409823447574,0.044437547880952666,0.0
0.78125,-0.9497328436501737,0.43502201367580334,0.04462271978470578,0.0
0.7815,-0.9502900419770586,0.43425005038118103,0.04480824563018171,0.0
0.78175,-0.9508466553018251,0.4334782100888286,0.044994124634431865,0.0
0.782,-0.9514026835023256,0.43270649453696597,0.04518035601033743,0.0
0.78225,-0.9519581264564118,0.43193490546381297,0.04536693896661692,0.0
0.7825,-0.952512984041936,0.4311634446075894,0.04555387270783662,0.0
0.78275,-0.9530672561367503,0.43039211370651514,0.045741156434419006,0.0
0.783,-0.9536209426187066,0.42962091449881007,0.04592878934265143,0.0
0.78325,-0.954174043365657,0.42884984872269405,0.046116770624696546,0.0
0.7835,-0.9547265582554536,0.4280789181163869,0.04630509946860162,0.0
0.78375,-0.9552784871659485,0.4273081244181084,0.04649377505830632,0.0
0.784,-0.9558298299749938,0.4265374693660786,0.04668279657365337,0.0
0.78425,-0.9563805865604413,0.4257669546985172,0.046872163190397886,0.0
0.7845,-0.9569307568001432,0.4249965821536441,0.04706187408021578,0.0
0.78475,-0.9574803405719516,0.4242263534696792,0.04725192841071513,0.0
0.785,-0.9580293377537186,0.42345627038484235,0.04744232534544324,0.0
0.78525,-0.958577748223296,0.4226863346373533,0.047633064043897555,0.0
0.7855,-0.9591255718585362,0.42191654796543193,0.047824143661535645,0.0
0.78575,-0.9596728085372911,0.4211469121072982,0.04801556334978363,0.0
0.786,-0.9602194581374128,0.4203774288011719,0.0482073222560464,0.0
0.78625,-0.9607655205367533,0.41960809978527286,0.048399419523716736,0.0
0.7865,-0.9613109956131647,0.418838926797821,0.04859185429218571,0.0
0.78675,-0.961855883244499,0.41806991157703605,0.048784625696852046,0.0
0.787,-0.9624001833086082,0.41730105586113797,0.04897773286913165,0.0
0.78725,-0.9629438956833446,0.4165323613883466,0.04917117493646783,0.0
0.7875,-0.9634870202465602,0.41576382989688176,0.0493649510223404,0.0
0.78775,-0.9640295568761068,0.4149954631249634,0.04955906024627588,0.0
0.788,-0.9645715054498367,0.4142272628108112,0.04975350172385773,0.0
0.78825,-0.9651128658456019,0.4134592306926451,0.04994827456673523,0.0
0.7885,-0.9656536379412545,0.41269136850868504,0.05014337788263501,0.0
0.78875,-0.9661938216146464,0.41192367799715085,0.050338810775368614,0.0
0.789,-0.9667334167436298,0.4111561608962623,0.05053457234484471,0.0
0.78925,-0.9672724232060568,0.4103888189442393,0.05073066168707796,0.0
0.7895,-0.9678108408797792,0.4096216538793016,0.050927077894199035,0.0
0.78975,-0.9683486696426493,0.40885466743966925,0.05112382005446503,0.0
0.79,-0.9688859093725193,0.4080878613635619,0.05132088725226969,0.0
0.79025,-0.9694225599472408,0.40732123738919956,0.051518278568152276,0.0
0.7905,-0.9699586212446663,0.40655479725480204,0.05171599307880981,0.0
0.79075,-0.9704940931426476,0.4057885426985891,0.051914029857105026,0.0
0.791,-0.9710289755190367,0.4050224754587808,0.05211238797207818,0.0
0.79125,-0.9715632682516859,0.40425659727359675,0.05231106648895634,0.0
0.7915,-0.9720969712184472,0.40349090988125696,0.05251006446916384,0.0
0.79175,-0.9726300842971725,0.4027254150199812,0.05270938097033251,0.0
0.792,-0.9731626073657139,0.4019601144279894,0.05290901504631296,0.0
0.79225,-0.9736945403019237,0.4011950098435014,0.053108965747183046,0.0
0.7925,-0.9742258829836536,0.400430103004737,0.05330923211925942,0.0
0.79275,-0.974756635288756,0.3996653956499162,0.053509813205107726,0.0
0.793,-0.9752867970950827,0.39890088951725866,0.0537107080435526,0.0
0.79325,-0.9758163682804859,0.3981365863449844,0.053911915669689225,0.0
0.7935,-0.9763453487228176,0.3973724878713131,0.05411343511489175,0.0
0.79375,-0.97687373829993,0.39660859583446473,0.05431526540682596,0.0
0.794,-0.9774015368896748,0.39584491197265914,0.054517405569457944,0.0
0.79425,-0.9779287443699044,0.3950814380241161,0.054719854623066055,0.0
0.7945,-0.9784553606184707,0.39431817572705563,0.05492261158425005,0.0
0.79475,-0.9789813855132259,0.3935551268196974,0.05512567546594349,0.0
0.795,-0.9795068189320217,0.3927922930402614,0.055329045277421995,0.0
0.79525,-0.9800316607527108,0.3920296761269675,0.055532720024316085,0.0
0.7955,-0.9805559108531445,0.3912672778180354,0.05573669870862008,0.0
0.79575,-0.9810795691111756,0.3905050998516851,0.05594098032870387,0.0
0.796,-0.9816026354046555,0.3897431439661363,0.056145563879323124,0.0
0.79625,-0.9821251096114367,0.38898141189960905,0.056350448351629945,0.0
0.7965,-0.982646991609371,0.38821990539032303,0.05655563273318376,0.0
0.79675,-0.9831682812763106,0.38745862617649823,0.05676111600796241,0.0
0.797,-0.9836889784901076,0.38669757599635446,0.05696689715637149,0.0
0.79725,-0.9842090831286139,0.3859367565881115,0.05717297515525721,0.0
0.7975,-0.9847285950696816,0.38517616968998925,0.05737934897791552,0.0
0.79775,-0.985247514191163,0.38441581704020766,0.05758601759410387,0.0
0.798,-0.9857658403709098,0.38365570037698643,0.057792979970051395,0.0
0.79825,-0.9862835734867742,0.3828958214385455,0.05800023506847096,0.0
0.7985,-0.9868007134166084,0.3821361819631047,0.05820778184856801,0.0
0.79875,-0.9873172600382643,0.38137678368888395,0.05841561926605343,0.0
0.799,-0.9878332132295937,0.38061762835410307,0.05862374627315359,0.0
0.79925,-0.9883485728684492,0.3798587176969818,0.05883216181862161,0.0
0.7995,-0.9888633388326826,0.37910005345574016,0.05904086484774784,0.0
0.79975,-0.9893775110001459,0.37834163736859794,0.05924985430237162,0.0
0.8,-0.9898910892486914,0.3775834711737749,0.05945912912089146,0.0
0.80025,-0.9904040734561709,0.3768255566094911,0.0596686882382762,0.0
0.8005,-0.9909164635004364,0.3760678954139662,0.05987853058607695,0.0
0.80075,-0.9914282592593402,0.3753104893254201,0.06008865509243688,0.0
0.801,-0.9919394606107343,0.37455334008207275,0.06029906068210367,0.0
0.80125,-0.9924500674324708,0.37379644942214385,0.060509746276439014,0.0
0.8015,-0.9929600796024014,0.3730398190838534,0.06072071079343089,0.0
0.80175,-0.9934694969983786,0.37228345080542125,0.06093195314770483,0.0
0.802,-0.9939783194982542,0.3715273463250671,0.06114347225053396,0.0
0.80225,-0.9944865469798805,0.37077150738101095,0.06135526700985139,0.0
0.8025,-0.9949941793211092,0.3700159357114726,0.06156733633026046,0.0
0.80275,-0.9955012163997927,0.36926063305467194,0.06177967911304649,0.0
0.803,-0.9960076580937829,0.3685056011488288,0.06199229425618791,0.0
0.80325,-0.9965135042809319,0.367750841732163,0.06220518065436753,0.0
0.8035,-0.9970187548390916,0.3669963565428944,0.06241833719898304,0.0
0.80375,-0.9975234096461143,0.36624214731924293,0.06263176277815985,0.0
0.804,-0.9980274685798519,0.36548821579942836,0.0628454562767613,0.0
0.80425,-0.9985309315181565,0.36473456372167057,0.06305941657639935,0.0
0.8045,-0.9990337983388802,0.3639811928241895,0.06327364255544787,0.0
0.80475,-0.9995360689198751,0.36322810484520485,0.06348813308905177,0.0
0.805,-1.000037743138993,0.36247530152293655,0.0637028870491394,0.0
0.80525,-1.0005388208740862,0.3617227845956045,0.06391790330443481,0.0
0.8055,-1.0010393020030068,0.36097055580142845,0.0641331807204677,0.0
0.80575,-1.0015391864036067,0.36021861687862844,0.06434871815958454,0.0
0.806,-1.002038473953738,0.35946696956542407,0.06456451448096168,0.0
0.80625,-1.0025371645312529,0.3587156156000354,0.06478056854061576,0.0
0.8065,-1.0030352580140032,0.35796455672068217,0.06499687919141439,0.0
0.80675,-1.0035327542798411,0.35721379466558423,0.0652134452830897,0.0
0.807,-1.0040296532066186,0.3564633311729615,0.06543026566224741,0.0
0.80725,-1.004525954672188,0.35571316798103386,0.06564733917238019,0.0
0.8075,-1.005021658554401,0.3549633068280211,0.06586466465387764,0.0
0.80775,-1.0055167647311098,0.354213749452143,0.06608224094403892,0.0
0.808,-1.0060112730801667,0.35346449759161963,0.0663000668770839,0.0
0.80825,-1.0065051834794234,0.35271555298467067,0.06651814128416489,0.0
0.8085,-1.006998495806732,0.351966917369516,0.0667364629933771,0.0
0.80875,-1.007491209939945,0.3512185924843755,0.06695503082977217,0.0
0.809,-1.0079833257569137,0.350470580067469,0.06717384361536749,0.0
0.80925,-1.0084748431354909,0.3497228818570165,0.06739290016915955,0.0
0.8095,-1.008965761953528,0.3489754995912376,0.06761219930713458,0.0
0.80975,-1.0094560820888774,0.3482284350083523,0.06783173984228097,0.0
0.81,-1.0099458034193913,0.34748168984658045,0.06805152058459951,0.0
0.81025,-1.0104349258229215,0.3467352658441419,0.06827154034111604,0.0
0.8105,-1.0109234491773205,0.3459891647392565,0.06849179791589366,0.0
0.81075,-1.0114113733604397,0.345243388270144,0.06871229211004226,0.0
0.811,-1.0118986982501315,0.3444979381750245,0.06893302172173232,0.0
0.81125,-1.0123854237242478,0.3437528161921176,0.06915398554620578,0.0
0.8115,-1.012871549660641,0.34300802405964337,0.06937518237578777,0.0
0.81175,-1.013357075937163,0.34226356351582143,0.06959661099989733,0.0
0.812,-1.013842002431666,0.3415194362988719,0.06981827020506115,0.0
0.81225,-1.0143263290220013,0.3407756441470144,0.07004015877492287,0.0
0.8125,-1.0148100555860218,0.34003218879846886,0.07026227549025665,0.0
0.81275,-1.0152931820015794,0.3392890719914552,0.07048461912897896,0.0
0.813,-1.015775708146526,0.3385462954641933,0.07070718846615809,0.0
0.81325,-1.0162576338987135,0.33780386095490283,0.07092998227402836,0.0
0.8135,-1.0167389591359943,0.3370617702018038,0.07115299932200103,0.0
0.81375,-1.0172196837362204,0.336320024943116,0.07137623837667517,0.0
0.814,-1.0176998075772437,0.3355786269170593,0.07159969820185075,0.0
0.81425,-1.0181793305369162,0.33483757786185364,0.07182337755853974,0.0
0.8145,-1.0186582524930903,0.3340968795157187,0.07204727520497767,0.0
0.81475,-1.019136573323618,0.3333565336168745,0.0722713898966365,0.0
0.815,-1.0196142929063507,0.3326165419035408,0.0724957203862342,0.0
0.81525,-1.0200914111191413,0.3318769061139375,0.07272026542374976,0.0
0.8155,-1.0205679278398412,0.3311376279862844,0.07294502375643197,0.0
0.81575,-1.0210438429463031,0.3303987092588013,0.07316999412881309,0.0
0.816,-1.0215191563163786,0.3296601516697083,0.07339517528272,0.0
0.81625,-1.0219938678279203,0.328921956957225,0.07362056595728594,0.0
0.8165,-1.0224679773587795,0.3281841268595713,0.07384616488896256,0.0
0.81675,-1.0229414847868086,0.3274466631149673,0.07407197081153138,0.0
0.817,-1.0234143899898598,0.3267095674616325,0.07429798245611718,0.0
0.81725,-1.0238866928457848,0.32597284163778695,0.07452419855119707,0.0
0.8175,-1.0243583932324358,0.32523648738165045,0.07475061782261472,0.0
0.81775,-1.0248294910276652,0.3245005064314429,0.0749772389935921,0.0
0.818,-1.0252999861093248,0.3237649005253841,0.07520406078473951,0.0
0.81825,-1.0257698783552667,0.3230296714016939,0.07543108191406889,0.0
0.8185,-1.0262391676433429,0.32229482079859223,0.07565830109700622,0.0
0.81875,-1.0267078538514054,0.32156035045429887,0.07588571704640179,0.0
0.819,-1.0271759368573066,0.32082626210703374,0.07611332847254348,0.0
0.81925,-1.027643416538898,0.32009255749501664,0.07634113408316767,0.0
0.8195,-1.028110292774032,0.3193592383564674,0.07656913258347164,0.0
0.81975,-1.0285765654405608,0.318626306429606,0.07679732267612627,0.0
0.82,-1.0290422344163357,0.3178937634526521,0.07702570306128509,0.0
0.82025,-1.0295072995792096,0.3171616111638257,0.07725427243660077,0.0
0.8205,-1.0299717608070347,0.3164298513013467,0.07748302949723329,0.0
0.82075,-1.0304356179776621,0.3156984856034348,0.07771197293586218,0.0
0.821,-1.0308988709689446,0.3149675158083099,0.07794110144270072,0.0
0.82125,-1.0313615196587342,0.3142369436541919,0.07817041370550593,0.0
0.8215,-1.0318235639248827,0.3135067708793007,0.07839990840959032,0.0
0.82175,-1.0322850036452422,0.312776999221856,0.07862958423783573,0.0
0.822,-1.0327458386976651,0.3120476304200778,0.0788594398707041,0.0
0.82225,-1.0332060689600029,0.3113186662121859,0.07908947398624755,0.0
0.8225,-1.0336656943101081,0.3105901083364001,0.07931968526012478,0.0
0.82275,-1.0341247146258326,0.30986195853094034,0.07955007236560818,0.0
0.823,-1.0345831297850283,0.30913421853402645,0.07978063397359936,0.0
0.82325,-1.0350409396655476,0.3084068900838783,0.08001136875263914,0.0
0.8235,-1.0354981441452424,0.3076799749187157,0.08024227536892048,0.0
0.82375,-1.0359547431019647,0.3069534747767585,0.08047335248629972,0.0
0.824,-1.0364107364135664,0.3062273913962265,0.08070459876630909,0.0
0.82425,-1.0368661239578998,0.30550172651533974,0.08093601286816798,0.0
0.8245,-1.037320905612817,0.30477648187231793,0.08116759344879654,0.0
0.82475,-1.03777508125617,0.30405165920538096,0.08139933916282538,0.0
0.825,-1.0382286507658107,0.3033272602527487,0.08163124866260874,0.0
0.82525,-1.0386816140195916,0.30260328675264103,0.08186332059823753,0.0
0.8255,-1.039133970895364,0.3018797404432777,0.08209555361754806,0.0
0.82575,-1.0395857212709807,0.30115662306287866,0.08232794636613816,0.0
0.826,-1.0400368650242933,0.3004339363496637,0.08256049748737548,0.0
0.82625,-1.040487402033154,0.2997116820418527,0.08279320562241188,0.0
0.8265,-1.0409373321754152,0.2989898618776656,0.08302606941019497,0.0
0.82675,-1.0413866553289286,0.29826847759532205,0.08325908748747812,0.0
0.827,-1.0418353713715458,0.29754753093304215,0.08349225848883512,0.0
0.82725,-1.0422834801811196,0.29682702362904556,0.08372558104667083,0.0
0.8275,-1.042730981635502,0.29610695742155224,0.08395905379123358,0.0
0.82775,-1.0431778756125447,0.29538733404878204,0.08419267535062613,0.0
0.828,-1.0436241619900999,0.29466815524895473,0.08442644435081914,0.0
0.82825,-1.0440698406460198,0.29394942276029024,0.08466035941566208,0.0
0.8285,-1.0445149114581564,0.2932311383210084,0.08489441916689522,0.0
0.82875,-1.0449593743043617,0.29251330366932904,0.08512862222416206,0.0
0.829,-1.0454032290624875,0.2917959205434721,0.08536296720502135,0.0
0.82925,-1.0458464756103865,0.2910789906816573,0.08559745272495878,0.0
0.8295,-1.04628911382591,0.2903625158221047,0.0858320773973984,0.0
0.82975,-1.0467311435869107,0.28964649770303397,0.08606683983371632,0.0
0.83,-1.0471725647712402,0.28893093806266495,0.08630173864325053,0.0
0.83025,-1.0476133772567509,0.2882158386392176,0.08653677243331392,0.0
0.8305,-1.0480535809212945,0.2875012011709118,0.08677193980920661,0.0
0.83075,-1.0484931756427236,0.2867870273959673,0.08700723937422716,0.0
0.831,-1.0489321612988896,0.286073319052604,0.08724266972968486,0.0
0.83125,-1.049370537767645,0.2853600778790417,0.0874782294749119,0.0
0.8315,-1.0498083049268416,0.28464730561350043,0.08771391720727473,0.0
0.83175,-1.0502454626543318,0.2839350039941999,0.08794973152218666,0.0
0.832,-1.0506820108279675,0.28322317475935993,0.08818567101311903,0.0
0.83225,-1.0511179493256004,0.2825118196472004,0.08842173427161404,0.0
0.8325,-1.0515532780250831,0.2818009403959412,0.0886579198872961,0.0
0.83275,-1.0519879968042676,0.2810905387438023,0.08889422644788447,0.0
0.833,-1.0524221055410052,0.28038061642900325,0.08913065253920327,0.0
0.83325,-1.052855604113149,0.2796711751897642,0.08936719674519655,0.0
0.8335,-1.0532884923985506,0.2789622167643049,0.08960385764793743,0.0
0.83375,-1.0537207702750617,0.27825374289084515,0.08984063382764096,0.0
0.834,-1.0541524376205351,0.27754575530760495,0.09007752386267698,0.0
0.83425,-1.0545834943128223,0.27683825575280396,0.09031452632958037,0.0
0.8345,-1.0550139402297756,0.2761312459646621,0.09055163980306458,0.0
0.83475,-1.055443775249247,0.2754247276813993,0.09078886285603227,0.0
0.835,-1.0558729992490883,0.2747187026412354,0.09102619405958756,0.0
0.83525,-1.0563016121071522,0.2740131725823901,0.09126363198304888,0.0
0.8355,-1.0567296137012903,0.2733081392430835,0.09150117519395962,0.0
0.83575,-1.0571570039093547,0.2726036043615353,0.09173882225810015,0.0
0.836,-1.0575837826091976,0.2718995696759654,0.09197657173950091,0.0
0.83625,-1.0580099496786706,0.2711960369245936,0.09221442220045262,0.0
0.8365,-1.0584355049956262,0.27049300784563984,0.09245237220151958,0.0
0.83675,-1.0588604484379165,0.2697904841773239,0.09269042030155128,0.0
0.837,-1.0592847798833933,0.2690884676578656,0.09292856505769254,0.0
0.83725,-1.0597084992099086,0.2683869600254849,0.09316680502539865,0.0
0.8375,-1.060131606295315,0.26768596301840164,0.0934051387584447,0.0
0.83775,-1.0605541010174642,0.26698547837483566,0.09364356480893776,0.0
0.838,-1.060975983254208,0.26628550783300675,0.09388208172732959,0.0
0.83825,-1.0613972528833988,0.2655860531311348,0.09412068806242746,0.0
0.8385,-1.0618179097828886,0.26488711600743975,0.0943593823614075,0.0
0.83875,-1.0622379538305293,0.26418869820014135,0.09459816316982517,0.0
0.839,-1.0626573849041732,0.2634908014474595,0.0948370290316276,0.0
0.83925,-1.063076202881672,0.262793427487614,0.09507597848916483,0.0
0.8395,-1.0634944076408783,0.26209657805882475,0.09531501008320342,0.0
0.83975,-1.0639119990596435,0.2614002548993116,0.09555412235293592,0.0
0.84,-1.0643289770158204,0.2607044597472944,0.09579331383599499,0.0
0.84025,-1.0647453413872605,0.260009194340993,0.09603258306846252,0.0
0.8405,-1.0651610920518162,0.25931446041862727,0.09627192858488431,0.0
0.84075,-1.0655762288873392,0.2586202597184171,0.09651134891827917,0.0
0.841,-1.0659907517716818,0.25792659397858225,0.09675084260015399,0.0
0.84125,-1.066404660582696,0.25723346493734267,0.09699040816051174,0.0
0.8415,-1.0668179551982337,0.2565408743329181,0.09723004412786596,0.0
0.84175,-1.0672306354961472,0.2558488239035285,0.09746974902925176,0.0
0.842,-1.0676427013542886,0.2551573153873937,0.0977095213902377,0.0
0.84225,-1.06805415265051,0.2544663505227336,0.09794935973493679,0.0
0.8425,-1.068464989262663,0.2537759310477679,0.09818926258601901,0.0
0.84275,-1.0688752110686002,0.2530860587007166,0.09842922846472324,0.0
0.843,-1.069284817946173,0.25239673521979955,0.09866925589086795,0.0
0.84325,-1.069693809773234,0.25170796234323645,0.09890934338286517,0.0
0.8435,-1.0701021864276352,0.25101974180924735,0.09914948945772917,0.0
0.84375,-1.0705099477872286,0.250332075356052,0.09938969263109021,0.0
0.844,-1.0709170937298662,0.24964496472187025,0.0996299514172061,0.0
0.84425,-1.0713236241334,0.24895841164492202,0.09987026432897306,0.0
0.8445,-1.0717295388756825,0.24827241786342708,0.10011062987793862,0.0
0.84475,-1.072134837834565,0.24758698511560534,0.10035104657431204,0.0
0.845,-1.0725395208879003,0.24690211513967664,0.10059151292697721,0.0
0.84525,-1.07294358791354,0.2462178096738608,0.1008320274435035,0.0
0.8455,-1.0733470387893367,0.24553407045637776,0.10107258863015711,0.0
0.84575,-1.0737498733931414,0.24485089922544728,0.10131319499191394,0.0
0.846,-1.0741520916028071,0.24416829771928927,0.10155384503247089,0.0
0.84625,-1.0745536932961854,0.2434862676761236,0.10179453725425658,0.0
0.8465,-1.0749546783511286,0.24280481083417005,0.10203527015844438,0.0
0.84675,-1.0753550466454889,0.24212392893164858,0.10227604224496312,0.0
0.847,-1.075754798057118,0.2414436237067789,0.10251685201250837,0.0
0.84725,-1.076153932463868,0.24076389689778105,0.1027576979585556,0.0
0.8475,-1.0765524497435912,0.24008475024287473,0.10299857857937011,0.0
0.84775,-1.0769503497741395,0.2394061854802798,0.10323949237001995,0.0
0.848,-1.0773476324333648,0.23872820434821623,0.10348043782438676,0.0
0.84825,-1.0777442975991196,0.2380508085849038,0.1037214134351776,0.0
0.8485,-1.0781403451492555,0.23737399992856234,0.10396241769393622,0.0
0.84875,-1.0785357749616247,0.23669778011741174,0.10420344909105528,0.0
0.849,-1.0789305869140795,0.23602215088967185,0.10444450611578815,0.0
0.84925,-1.0793247808844717,0.23534711398356253,0.10468558725625843,0.0
0.8495,-1.0797183567506532,0.23467267113730367,0.10492669099947438,0.0
0.84975,-1.0801113143904764,0.23399882408911502,0.1051678158313385,0.0
0.85,-1.0805036536817934,0.2333255745772165,0.10540896023665969,0.0
0.85025,-1.0808953745024559,0.23265292433982798,0.10565012269916463,0.0
0.8505,-1.0812864767303163,0.2319808751151693,0.10589130170151018,0.0
0.85075,-1.0816769602432263,0.2313094286414603,0.10613249572529293,0.0
0.851,-1.0820668249190382,0.23063858665692086,0.10637370325106255,0.0
0.85125,-1.0824560706356041,0.2299683508997708,0.10661492275833329,0.0
0.8515,-1.0828446972707764,0.22929872310823002,0.10685615272559446,0.0
0.85175,-1.0832327047024062,0.2286297050205183,0.10709739163032062,0.0
0.852,-1.0836200928083461,0.22796129837485557,0.10733863794898735,0.0
0.85225,-1.0840068614664484,0.22729350490946165,0.10757989015707903,0.0
0.8525,-1.0843930105545647,0.22662632636255642,0.10782114672910104,0.0
0.85275,-1.0847785399505474,0.2259597644723597,0.10806240613859175,0.0
0.853,-1.0851634495322486,0.22529382097709133,0.10830366685813453,0.0
0.85325,-1.0855477391775201,0.22462849761497122,0.10854492735936705,0.0
0.8535,-1.0859314087642138,0.22396379612421918,0.10878618611299484,0.0
0.85375,-1.0863144581701822,0.2232997182430551,0.1090274415888024,0.0
0.854,-1.0866968872732772,0.2226362657096988,0.10926869225566316,0.0
0.85425,-1.0870786959513508,0.22197344026237015,0.10950993658155284,0.0
0.8545,-1.0874598840822551,0.221311243639289,0.10975117303355919,0.0
0.85475,-1.0878404515438422,0.22064967757867526,0.10999240007789424,0.0
0.855,-1.088220398213964,0.21998874381874867,0.11023361617990535,0.0
0.85525,-1.0885997239704726,0.21932844409772917,0.11047481980408724,0.0
0.8555,-1.08897842869122,0.21866878015383662,0.11071600941409221,0.0
0.85575,-1.0893565122540587,0.2180097537252908,0.11095718347274253,0.0
0.856,-1.0897339745368404,0.21735136655031162,0.11119834044204158,0.0
0.85625,-1.090110815417417,0.21669362036711892,0.11143947878318361,0.0
0.8565,-1.0904870347736408,0.21603651691393255,0.11168059695656818,0.0
0.85675,-1.090862632483364,0.2153800579289724,0.11192169342180835,0.0
0.857,-1.0912376084244382,0.2147242451504583,0.11216276663774427,0.0
0.85725,-1.0916119624747158,0.2140690803166101,0.11240381506245267,0.0
0.8575,-1.091985694512049,0.21341456516564764,0.11264483715326001,0.0
0.85775,-1.0923588044142893,0.2127607014357908,0.11288583136675134,0.0
0.858,-1.0927312920592893,0.2121074908652594,0.11312679615878452,0.0
0.85825,-1.0931031573249008,0.21145493519227337,0.11336772998449862,0.0
0.8585,-1.093474400088976,0.21080303615505247,0.11360863129832754,0.0
0.85875,-1.0938450202293668,0.21015179549181662,0.1138494985540095,0.0
0.859,-1.0942150176239251,0.2095012149407856,0.1140903302045988,0.0
0.85925,-1.0945843921505034,0.20885129624017937,0.1143311247024783,0.0
0.8595,-1.0949531436869537,0.20820204112821772,0.11457188049936873,0.0
0.85975,-1.0953212721111278,0.2075534513431205,0.1148125960463402,0.0
0.86,-1.0956887773008779,0.20690552862310757,0.11505326979382469,0.0
0.86025,-1.096055659134056,0.20625827470639885,0.11529390019162666,0.0
0.8605,-1.096421917488514,0.2056116913312141,0.11553448568893288,0.0
0.86075,-1.0967875522421042,0.2049657802357732,0.1157750247343261,0.0
0.861,-1.0971525632726786,0.204320543158296,0.11601551577579339,0.0
0.86125,-1.0975169504580893,0.20367598183700242,0.11625595726074,0.0
0.8615,-1.0978807136761883,0.20303209801011224,0.11649634763599859,0.0
0.86175,-1.0982438528048277,0.20238889341584534,0.11673668534784087,0.0
0.862,-1.0986063677218594,0.2017463697924216,0.11697696884198905,0.0
0.86225,-1.0989682583051357,0.20110452887806085,0.11721719656362706,0.0
0.8625,-1.0993295244325085,0.2004633724109829,0.11745736695741082,0.0
0.86275,-1.09969016598183,0.19982290212940765,0.11769747846748024,0.0
0.863,-1.1000501828309521,0.19918311977155495,0.11793752953746961,0.0
0.86325,-1.1004095748577267,0.19854402707564467,0.11817751861051873,0.0
0.8635,-1.1007683419400063,0.19790562577989665,0.11841744412928534,0.0
0.86375,-1.1011264839556427,0.19726791762253074,0.11865730453595402,0.0
0.864,-1.101484000782488,0.19663090434176678,0.11889709827224815,0.0
0.86425,-1.1018408922983944,0.19599458767582467,0.11913682377944235,0.0
0.8645,-1.1021971583812136,0.19535896936292424,0.11937647949837049,0.0
0.86475,-1.102552798908798,0.19472405114128533,0.11961606386944013,0.0
0.865,-1.1029078137589994,0.19408983474912778,0.11985557533264046,0.0
0.86525,-1.10326220280967,0.1934563219246715,0.1200950123275557,0.0
0.8655,-1.103615965938662,0.19282351440613626,0.12033437329337504,0.0
0.86575,-1.103969103023827,0.19219141393174205,0.12057365666890263,0.0
0.866,-1.1043216139430176,0.19156002223970858,0.1208128608925707,0.0
0.86625,-1.1046734985740856,0.19092934106825582,0.12105198440244891,0.0
0.8665,-1.105024756794883,0.19029937215560355,0.12129102563625604,0.0
0.86675,-1.105375388483262,0.18967011723997163,0.12152998303137097,0.0
0.867,-1.1057253935170746,0.18904157805957994,0.12176885502484236,0.0
0.86725,-1.1060747717741728,0.18841375635264832,0.12200764005340159,0.0
0.8675,-1.1064235231324089,0.18778665385739662,0.1222463365534725,0.0
0.86775,-1.1067716474696345,0.18716027231204474,0.12248494296118184,0.0
0.868,-1.1071191446637019,0.18653461345481243,0.12272345771237148,0.0
0.86825,-1.1074660145924633,0.18590967902391964,0.1229618792426086,0.0
0.8685,-1.1078122571337707,0.18528547075758622,0.12320020598719639,0.0
0.86875,-1.1081578721654761,0.18466199039403197,0.12343843638118468,0.0
0.869,-1.1085028595654318,0.1840392396714768,0.12367656885938261,0.0
0.86925,-1.1088472192114893,0.18341722032814053,0.12391460185636616,0.0
0.8695,-1.109190950981501,0.182795934102243,0.12415253380649305,0.0
0.86975,-1.1095340547533188,0.18217538273200412,0.12439036314390961,0.0
0.87,-1.109876530404795,0.1815555679556437,0.12462808830256522,0.0
0.87025,-1.1102183778137817,0.18093649151138164,0.1248657077162203,0.0
0.8705,-1.1105595968581308,0.1803181551374377,0.12510321981845873,0.0
0.87075,-1.1109001874156943,0.17970056057203182,0.12534062304269766,0.0
0.871,-1.1112401493643245,0.17908370955338382,0.12557791582219968,0.0
0.87125,-1.111579482581873,0.17846760381971355,0.1258150965900815,0.0
0.8715,-1.111918186946192,0.17785224510924091,0.12605216377932704,0.0
0.87175,-1.112256262335134,0.1772376351601857,0.12628911582279678,0.0
0.872,-1.1125937086265507,0.1766237757107678,0.12652595115323906,0.0
0.87225,-1.1129305256982942,0.17601066849920705,0.12676266820329962,0.0
0.8725,-1.1132667134282166,0.17539831526372332,0.12699926540553497,0.0
0.87275,-1.11360227169417,0.17478671774253646,0.12723574119242032,0.0
0.873,-1.1139372003740062,0.17417587767386633,0.12747209399636183,0.0
0.87325,-1.1142714993455773,0.17356579679593276,0.1277083222497064,0.0
0.8735,-1.1146051684867357,0.17295647684695564,0.12794442438475495,0.0
0.87375,-1.1149382076753336,0.17234791956515477,0.12818039883376908,0.0
0.874,-1.1152706167892226,0.17174012668875008,0.12841624402898444,0.0
0.87425,-1.1156023957062546,0.17113309995596138,0.1286519584026211,0.0
0.8745,-1.1159335443042822,0.1705268411050085,0.12888754038689343,0.0
0.87475,-1.1162640624611568,0.16992135187411134,0.1291229884140217,0.0
0.875,-1.1165939500547313,0.16931663400148972,0.12935830091624245,0.0
0.87525,-1.116923206962857,0.16871268922536353,0.1295934763258184,0.0
0.8755,-1.1172518330633863,0.16810951928395262,0.12982851307505006,0.0
0.87575,-1.1175798282341716,0.1675071259154768,0.13006340959628626,0.0
0.876,-1.1179071923530643,0.16690551085815597,0.13029816432193386,0.0
0.87625,-1.1182339252979168,0.16630467585020997,0.1305327756844692,0.0
0.8765,-1.118560026946581,0.16570462262985866,0.13076724211644897,0.0
0.87675,-1.1188854971769093,0.16510535293532186,0.13100156205052027,0.0
0.877,-1.1192103358667533,0.16450686850481946,0.13123573391943055,0.0
0.87725,-1.1195345428939656,0.16390917107657133,0.13146975615604028,0.0
0.8775,-1.1198581181363978,0.16331226238879729,0.13170362719333095,0.0
0.87775,-1.1201810614719019,0.1627161441797172,0.13193734546441727,0.0
0.878,-1.1205033727783302,0.16212081818755092,0.13217090940255782,0.0
0.87825,-1.1208250519335348,0.16152628615051828,0.13240431744116465,0.0
0.8785,-1.1211460988153676,0.1609325498068392,0.13263756801381477,0.0
0.87875,-1.1214665133016808,0.16033961089473342,0.1328706595542597,0.0
0.879,-1.1217862952703261,0.15974747115242094,0.13310359049643683,0.0
0.87925,-1.1221054445991565,0.15915613231812148,0.1333363592744803,0.0
0.8795,-1.1224239611660227,0.158565596130055,0.13356896432272936,0.0
0.87975,-1.122741844848778,0.1579758643264413,0.13380140407574181,0.0
0.88,-1.1230590955252737,0.15738693864550024,0.1340336769683026,0.0
0.88025,-1.123375713073362,0.15679882082545166,0.13426578143543422,0.0
0.8805,-1.1236916973708952,0.15621151260451543,0.13449771591240967,0.0
0.88075,-1.1240070482957252,0.15562501572091145,0.1347294788347584,0.0
0.881,-1.1243217657257039,0.15503933191285948,0.1349610686382816,0.0
0.88125,-1.1246358495386837,0.15445446291857945,0.1351924837590599,0.0
0.8815,-1.1249492996125163,0.1538704104762912,0.13542372263346403,0.0
0.88175,-1.1252621158250542,0.1532871763242145,0.13565478369816608,0.0
0.882,-1.125574298054149,0.15270476220056933,0.13588566539014946,0.0
0.88225,-1.1258858461776529,0.1521231698435755,0.1361163661467193,0.0
0.8825,-1.1261967600734182,0.15154240099145283,0.136346884405514,0.0
0.88275,-1.1265070396192964,0.15096245738242123,0.13657721860451288,0.0
0.883,-1.1268166846931402,0.1503833407547005,0.13680736718205,0.0
0.88325,-1.1271256951728015,0.14980505284651052,0.1370373285768225,0.0
0.8835,-1.1274340709361321,0.14922759539607114,0.13726710122790098,0.0
0.88375,-1.127741811860984,0.14865097014160222,0.1374966835747411,0.0
0.884,-1.1280489178252098,0.14807517882132362,0.13772607405719306,0.0
0.88425,-1.128355388706661,0.14750022317345518,0.1379552711155123,0.0
0.8845,-1.1286612243831904,0.14692610493621674,0.13818427319036997,0.0
0.88475,-1.1289664247326487,0.14635282584782822,0.13841307872286146,0.0
0.885,-1.1292709896328894,0.14578038764650936,0.13864168615452166,0.0
0.88525,-1.1295749189617639,0.14520879207048015,0.13887009392732907,0.0
0.8855,-1.129878212597124,0.14463804085796034,0.13909830048372074,0.0
0.88575,-1.1301808704168224,0.1440681357471698,0.13932630426660086,0.0
0.886,-1.1304828922987107,0.14349907847632845,0.13955410371935129,0.0
0.88625,-1.130784278120641,0.14293087078365607,0.13978169728584122,0.0
0.8865,-1.1310850277604654,0.14236351440737255,0.14000908341043972,0.0
0.88675,-1.131385141096036,0.14179701108569776,0.1402362605380234,0.0
0.887,-1.1316846180052051,0.14123136255685148,0.14046322711398807,0.0
0.88725,-1.1319834583658244,0.14066657055905368,0.14068998158425905,0.0
0.8875,-1.1322816620557459,0.1401026368305241,0.14091652239530128,0.0
0.88775,-1.132579228952822,0.13953956310948268,0.14114284799413013,0.0
0.888,-1.1328761589349046,0.13897735113414922,0.14136895682832007,0.0
0.88825,-1.1331724518798456,0.13841600264274356,0.14159484734601735,0.0
0.8885,-1.1334681076654975,0.13785551937348564,0.14182051799594908,0.0
0.88875,-1.1337631261697119,0.13729590306459524,0.14204596722743212,0.0
0.889,-1.1340575072703412,0.13673715545429224,0.1422711934903862,0.0
0.88925,-1.134351250845237,0.13617927828079648,0.14249619523534185,0.0
0.8895,-1.1346443567722517,0.13562227328232784,0.14272097091345248,0.0
0.88975,-1.1349368249292375,0.13506614219710616,0.14294551897650298,0.0
0.89,-1.135228655194046,0.13451088676335127,0.14316983787692084,0.0
0.89025,-1.1355198474445296,0.13395650871928305,0.14339392606778656,0.0
0.8905,-1.1358104015585404,0.13340300980312136,0.14361778200284392,0.0
0.89075,-1.1361003174139301,0.13285039175308605,0.14384140413650925,0.0
0.891,-1.1363895948885514,0.13229865630739696,0.14406479092388325,0.0
0.89125,-1.1366782338602557,0.13174780520427395,0.14428794082075913,0.0
0.8915,-1.1369662342068954,0.1311978401819369,0.14451085228363558,0.0
0.89175,-1.1372535958063223,0.13064876297860561,0.14473352376972426,0.0
0.892,-1.1375403185363888,0.13010057533250002,0.14495595373696202,0.0
0.89225,-1.1378264022749467,0.12955327898183988,0.14517814064402024,0.0
0.8925,-1.1381118468998481,0.12900687566484512,0.1454000829503148,0.0
0.89275,-1.1383966522889453,0.12846136711973555,0.14562177911601748,0.0
0.893,-1.13868081832009,0.12791675508473105,0.1458432276020647,0.0
0.89325,-1.1389643448711344,0.1273730412980515,0.1460644268701683,0.0
0.8935,-1.139247231819931,0.12683022749791667,0.14628537538282704,0.0
0.89375,-1.1395294790443309,0.12628831542254648,0.14650607160333373,0.0
0.894,-1.1398110864221866,0.12574730681016077,0.14672651399578895,0.0
0.89425,-1.1400920538313506,0.12520720339897942,0.14694670102510887,0.0
0.8945,-1.1403723811496747,0.12466800692722224,0.14716663115703676,0.0
0.89475,-1.1406520682550103,0.1241297191331091,0.14738630285815124,0.0
0.895,-1.1409311150252108,0.12359234175485986,0.14760571459588023,0.0
0.89525,-1.141209521338127,0.12305587653069439,0.14782486483850588,0.0
0.8955,-1.1414872870716115,0.12252032519883249,0.14804375205517983,0.0
0.89575,-1.1417644121035164,0.12198568949749408,0.14826237471593018,0.0
0.896,-1.1420408963116937,0.12145197116489898,0.14848073129167294,0.0
0.89625,-1.1423167395739955,0.12091917193926704,0.1486988202542221,0.0
0.8965,-1.1425919417682735,0.12038729355881811,0.14891664007629846,0.0
0.89675,-1.1428665027723803,0.11985633776177207,0.14913418923154276,0.0
0.897,-1.1431404224641675,0.11932630628634877,0.14935146619452255,0.0
0.89725,-1.1434137007214877,0.11879720087076803,0.1495684694407451,0.0
0.8975,-1.1436863374221922,0.11826902325324976,0.14978519744666485,0.0
0.89775,-1.1439583324441336,0.11774177517201376,0.15000164868969645,0.0
0.898,-1.144229685665164,0.11721545836527991,0.15021782164822262,0.0
0.89825,-1.144500396963135,0.11669007457126807,0.1504337148016055,0.0
0.8985,-1.1447704662158993,0.11616562552819809,0.1506493266301967,0.0
0.89875,-1.1450398933013084,0.1156421129742898,0.15086465561534657,0.0
0.899,-1.1453086780972146,0.11511953864776309,0.15107970023941575,0.0
0.89925,-1.14557682048147,0.1145979042868378,0.15129445898578409,0.0
0.8995,-1.1458443203319266,0.11407721162973378,0.15150893033886192,0.0
0.89975,-1.1461111775264363,0.11355746241467086,0.15172311278409878,0.0
0.9,-1.1463773919428515,0.11303865837986896,0.1519370048079951,0.0
0.90025,-1.1466429634590238,0.11252080126354788,0.15215060489811094,0.0
0.9005,-1.1469078919528057,0.11200389280392747,0.1523639115430777,0.0
0.90075,-1.1471721773020491,0.11148793473922763,0.15257692323260663,0.0
0.901,-1.1474358193846061,0.11097292880766818,0.15278963845750027,0.0
0.90125,-1.1476988180783285,0.11045887674746899,0.1530020557096612,0.0
0.9015,-1.1479611732610686,0.1099457802968499,0.15321417348210398,0.0
0.90175,-1.1482228848106786,0.10943364119403076,0.15342599026896409,0.0
0.902,-1.1484839526050101,0.10892246117723145,0.15363750456550807,0.0
0.90225,-1.1487443765219156,0.1084122419846718,0.15384871486814422,0.0
0.9025,-1.149004156439247,0.10790298535457167,0.15405961967443194,0.0
0.90275,-1.1492632922348562,0.10739469302515092,0.15427021748309322,0.0
0.903,-1.1495217837865956,0.1068873667346294,0.15448050679402114,0.0
0.90325,-1.149779630972317,0.10638100822122697,0.1546904861082914,0.0
0.9035,-1.1500368336698725,0.10587561922316346,0.15490015392817158,0.0
0.90375,-1.1502933917571143,0.10537120147865878,0.1551095087571317,0.0
0.904,-1.1505493051118942,0.10486775672593272,0.1553185490998541,0.0
0.90425,-1.1508045736120645,0.10436528670320516,0.15552727346224393,0.0
0.9045,-1.151059197135477,0.10386379314869598,0.15573568035143914,0.0
0.90475,-1.1513131755599841,0.10336327780062499,0.15594376827582068,0.0
0.905,-1.1515665087634377,0.10286374239721206,0.15615153574502183,0.0
0.90525,-1.1518191966236897,0.10236518867667706,0.15635898126993997,0.0
0.9055,-1.1520712390185923,0.10186761837723982,0.15656610336274568,0.0
0.90575,-1.1523226358259975,0.10137103323712023,0.15677290053689275,0.0
0.906,-1.1525733869237573,0.10087543499453809,0.15697937130712858,0.0
0.90625,-1.1528234921897242,0.10038082538771331,0.15718551418950533,0.0
0.9065,-1.1530729515017497,0.09988720615486571,0.15739132770138786,0.0
0.90675,-1.153321764737686,0.09939457903421514,0.15759681036146578,0.0
0.907,-1.1535699317753858,0.09890294576398148,0.15780196068976382,0.0
0.90725,-1.1538174524927,0.09841230808238458,0.15800677720764922,0.0
0.9075,-1.1540643267674815,0.09792266772764427,0.15821125843784611,0.0
0.90775,-1.1543105544775822,0.09743402643798044,0.15841540290444178,0.0
0.908,-1.154556135500854,0.0969463859516129,0.1586192091328995,0.0
0.90825,-1.154801069715149,0.09645974800676153,0.15882267565006702,0.0
0.9085,-1.1550453569983192,0.09597411434164621,0.15902580098418784,0.0
0.90875,-1.155288997228217,0.09548948669448676,0.159228583664911,0.0
0.909,-1.1555319902826942,0.09500586680350301,0.1594310222233013,0.0
0.90925,-1.1557743360396027,0.09452325640691486,0.15963311519184886,0.0
0.9095,-1.156016034376795,0.09404165724294215,0.15983486110448064,0.0
0.90975,-1.1562570851721228,0.09356107104980474,0.16003625849656955,0.0
0.91,-1.156497488303438,0.09308149956572247,0.16023730590494467,0.0
0.91025,-1.156737243648593,0.0926029445289152,0.16043800186790236,0.0
0.9105,-1.15697635108544,0.09212540767760279,0.16063834492521578,0.0
0.91075,-1.1572148104918305,0.09164889075000507,0.16083833361814426,0.0
0.911,-1.1574526217456174,0.09117339548434193,0.16103796648944568,0.0
0.91125,-1.157689784724652,0.09069892361883321,0.16123724208338497,0.0
0.9115,-1.1579262993067863,0.09022547689169874,0.16143615894574403,0.0
0.91175,-1.1581621653698728,0.08975305704115843,0.16163471562383425,0.0
0.912,-1.1583973827917635,0.08928166580543208,0.16183291066650396,0.0
0.91225,-1.1586319514503105,0.08881130492273957,0.1620307426241503,0.0
0.9125,-1.1588658712233655,0.08834197613130074,0.16222821004872934,0.0
0.91275,-1.159099141988781,0.08787368116933547,0.16242531149376593,0.0
0.913,-1.1593317636244087,0.08740642177506358,0.16262204551436343,0.0
0.91325,-1.159563736008101,0.08694019968670494,0.16281841066721547,0.0
0.9135,-1.1597950590177097,0.0864750166424794,0.1630144055106153,0.0
0.91375,-1.160025732531087,0.08601087438060682,0.16321002860446554,0.0
0.914,-1.1602557564260847,0.08554777463930707,0.1634052785102893,0.0
0.91425,-1.1604851305805552,0.08508571915679997,0.16360015379124038,0.0
0.9145,-1.1607138548723506,0.08462470967130539,0.16379465301211327,0.0
0.91475,-1.1609419291793226,0.0841647479210432,0.16398877473935292,0.0
0.915,-1.1611693533793233,0.08370583564423321,0.16418251754106628,0.0
0.91525,-1.161396127350205,0.08324797457909533,0.16437587998703207,0.0
0.9155,-1.1616222509698195,0.08279116646384937,0.16456886064871012,0.0
0.91575,-1.1618477241160194,0.08233541303671521,0.16476145809925424,0.0
0.916,-1.162072546666656,0.08188071603591271,0.16495367091351798,0.0
0.91625,-1.1622967184995816,0.08142707719966169,0.1651454976680704,0.0
0.9165,-1.1625202394926488,0.08097449826618203,0.16533693694120322,0.0
0.91675,-1.162743109523709,0.08052298097369356,0.1655279873129405,0.0
0.917,-1.1629653284706145,0.08007252706041615,0.1657186473650516,0.0
0.91725,-1.1631868962112175,0.07962313826456968,0.1659089156810598,0.0
0.9175,-1.1634078126233698,0.07917481632437395,0.16609879084625256,0.0
0.91775,-1.1636280775849237,0.07872756297804887,0.1662882714476932,0.0
0.918,-1.1638476909737308,0.07828137996381426,0.16647735607422898,0.0
0.91825,-1.1640666526676438,0.07783626901988999,0.16666604331650525,0.0
0.9185,-1.1642849625445142,0.0773922318844959,0.16685433176697084,0.0
0.91875,-1.1645026204821947,0.07694927029585184,0.16704222001989377,0.0
0.919,-1.1647196263585367,0.07650738599217768,0.16722970667136705,0.0
0.91925,-1.1649359800513923,0.07606658071169325,0.16741679031932133,0.0
0.9195,-1.1651516814386143,0.07562685619261844,0.1676034695635369,0.0
0.91975,-1.165366730398054,0.07518821417317309,0.16778974300564986,0.0
0.92,-1.1655811268075635,0.07475065639157705,0.16797560924916644,0.0
0.92025,-1.1657948705449952,0.07431418458605016,0.16816106689947152,0.0
0.9205,-1.166007961488201,0.0738788004948123,0.16834611456384052,0.0
0.92075,-1.1662203995150333,0.0734445058560833,0.16853075085144775,0.0
0.921,-1.1664321845033436,0.07301130240808304,0.16871497437337846,0.0
0.92125,-1.1666433163309842,0.07257919188903134,0.16889878374263945,0.0
0.9215,-1.1668537948758075,0.07214817603714807,0.16908217757416888,0.0
0.92175,-1.1670636200156648,0.07171825659065312,0.16926515448484603,0.0
0.922,-1.1672727916284087,0.0712894352877663,0.16944771309350415,0.0
0.92225,-1.1674813095918912,0.07086171386670745,0.1696298520209394,0.0
0.9225,-1.167689173783964,0.07043509406569648,0.1698115698899203,0.0
0.92275,-1.1678963840824796,0.07000957762295318,0.16999286532520164,0.0
0.923,-1.16810294036529,0.06958516627669747,0.17017373695353122,0.0
0.92325,-1.1683088425102472,0.06916186176514916,0.17035418340366326,0.0
0.9235,-1.1685140903952034,0.06873966582652813,0.17053420330636748,0.0
0.92375,-1.1687186838980101,0.06831858019905421,0.17071379529443975,0.0
0.924,-1.16892262289652,0.06789860662094725,0.1708929580027143,0.0
0.92425,-1.169125907268585,0.06747974683042712,0.171071690068072,0.0
0.9245,-1.1693285368920567,0.06706200256571368,0.1712499901294522,0.0
0.92475,-1.1695305116447876,0.06664537556502678,0.17142785682786377,0.0
0.925,-1.1697318314046299,0.06622986756658625,0.17160528880639547,0.0
0.92525,-1.1699324960494353,0.06581548030861198,0.17178228471022527,0.0
0.9255,-1.170132505457056,0.06540221552932382,0.17195884318663324,0.0
0.92575,-1.1703318595053442,0.06499007496694159,0.17213496288501062,0.0
0.926,-1.1705305580721517,0.06457906035968516,0.17231064245687144,0.0
0.92625,-1.1707286010353308,0.06416917344577441,0.17248588055586267,0.0
0.9265,-1.1709259882727334,0.06376041596342916,0.1726606758377749,0.0
0.92675,-1.1711227196622116,0.06335278965086928,0.17283502696055364,0.0
0.927,-1.1713187950816173,0.06294629624631462,0.17300893258430938,0.0
0.92725,-1.1715142144088029,0.06254093748798503,0.1731823913713293,0.0
0.9275,-1.1717089775216203,0.06213671511410037,0.173355401986087,0.0
0.92775,-1.1719030842979214,0.0617336308628805,0.17352796309525398,0.0
0.928,-1.1720965346155583,0.06133168647254526,0.17370007336770965,0.0
0.92825,-1.1722893283523834,0.06093088368131452,0.17387173147455437,0.0
0.9285,-1.1724814653862485,0.060531224227408115,0.17404293608911647,0.0
0.92875,-1.1726729455950053,0.060132709849045916,0.17421368588696673,0.0
0.929,-1.1728637688565067,0.05973534228444777,0.17438397954592744,0.0
0.92925,-1.173053935048604,0.05933912327183352,0.1745538157460833,0.0
0.9295,-1.1732434440491497,0.058944054549423044,0.17472319316979346,0.0
0.92975,-1.1734322957359957,0.058550137855436175,0.1748921105017005,0.0
0.93,-1.1736204899869942,0.058157374928092774,0.17506056642874324,0.0
0.93025,-1.1738080266799966,0.0577657675056127,0.17522855964016637,0.0
0.9305,-1.1739949056928558,0.05737531732621579,0.17539608882753277,0.0
0.93075,-1.1741811269034237,0.056986026128121925,0.17556315268473321,0.0
0.931,-1.1743666901895522,0.056597895649550936,0.17572974990799706,0.0
0.93125,-1.1745515954290933,0.05621092762872268,0.17589587919590488,0.0
0.9315,-1.1747358424998988,0.05582512380385703,0.17606153924939782,0.0
0.93175,-1.1749194312798217,0.05544048591317381,0.1762267287717909,0.0
0.932,-1.175102361646713,0.055057015694892894,0.17639144646878058,0.0
0.93225,-1.1752846334784253,0.05467471488723413,0.17655569104845892,0.0
0.9325,-1.1754662466528103,0.054293585228417374,0.1767194612213232,0.0
0.93275,-1.1756472010477208,0.053913628456662484,0.17688275570028766,0.0
0.933,-1.175827496541008,0.0535348463101893,0.17704557320069392,0.0
0.93325,-1.1760071330105246,0.053157240527217695,0.17720791244032252,0.0
0.9335,-1.1761861103341222,0.05278081284596751,0.1773697721394043,0.0
0.93375,-1.176364428389653,0.052405565004658594,0.17753115102063122,0.0
0.934,-1.1765420870549694,0.05203149874151082,0.17769204780916792,0.0
0.93425,-1.1767190862079229,0.05165861579474402,0.1778524612326613,0.0
0.9345,-1.176895425726366,0.05128691790257806,0.17801239002125513,0.0
0.93475,-1.1770711054881504,0.0509164068032328,0.17817183290759786,0.0
0.935,-1.1772461253711284,0.05054708423492807,0.1783307886268557,0.0
0.93525,-1.177420485253152,0.05017895193588375,0.17848925591672304,0.0
0.9355,-1.1775941850120735,0.049812011644319684,0.17864723351743517,0.0
0.93575,-1.1777672245257444,0.04944626509845572,0.1788047201717773,0.0
0.936,-1.1779396036720173,0.04908171403651172,0.17896171462509813,0.0
0.93625,-1.178111322328744,0.04871836019670754,0.1791182156253197,0.0
0.9365,-1.1782823803737767,0.04835620531726302,0.17927422192294995,0.0
0.93675,-1.1784527776849674,0.04799525113639802,0.1794297322710925,0.0
0.937,-1.178622514140168,0.04763549939233241,0.17958474542546,0.0
0.93725,-1.1787915896172305,0.04727695182328602,0.1797392601443839,0.0
0.9375,-1.1789600039940074,0.04691961016747871,0.17989327518882736,0.0
0.93775,-1.1791277571483505,0.04656347616313034,0.18004678932239537,0.0
0.938,-1.1792948489581117,0.04620855154846076,0.1801998013113466,0.0
0.93825,-1.1794612793011432,0.04585483806168983,0.18035230992460605,0.0
0.9385,-1.1796270480552973,0.045502337441037405,0.18050431393377497,0.0
0.93875,-1.1797921550984256,0.045151051424723324,0.1806558121131432,0.0
0.939,-1.1799566003083806,0.044800981750967445,0.180806803239701,0.0
0.93925,-1.1801203835630143,0.04445213015798964,0.18095728609315032,0.0
0.9395,-1.1802835047401783,0.04410449838400974,0.18110725945591555,0.0
0.93975,-1.1804459637177254,0.043758088167247605,0.1812567221131578,0.0
0.94,-1.1806077603735066,0.043412901245923105,0.18140567285278242,0.0
0.94025,-1.180768894585375,0.043068939358256064,0.18155411046545544,0.0
0.9405,-1.1809293662311822,0.04272620424246636,0.18170203374461136,0.0
0.94075,-1.1810891751887802,0.04238469763677384,0.18184944148646687,0.0
0.941,-1.1812483213360214,0.04204442127939836,0.18199633249003289,0.0
0.94125,-1.1814068045507575,0.04170537690855976,0.18214270555712386,0.0
0.9415,-1.1815646247108404,0.04136756626247791,0.18228855949237266,0.0
0.94175,-1.1817217816941228,0.04103099107937266,0.18243389310324143,0.0
0.942,-1.1818782753784562,0.040695653097463855,0.1825787052000316,0.0
0.94225,-1.182034105641693,0.04036155405497136,0.18272299459589836,0.0
0.9425,-1.182189272361685,0.040028695690115024,0.18286676010686076,0.0
0.94275,-1.1823437754162844,0.039697079741114694,0.18301000055181516,0.0
0.943,-1.1824976146833435,0.03936670794619024,0.18315271475254513,0.0
0.94325,-1.182650790040714,0.0390375820435615,0.1832949015337355,0.0
0.9435,-1.182803301366248,0.038709703771448334,0.18343655972298256,0.0
0.94375,-1.1829551485377976,0.0383830748680706,0.18357768815080777,0.0
0.944,-1.1831063314332149,0.03805769707164815,0.18371828565066828,0.0
0.94425,-1.183256849930352,0.03773357212040082,0.18385835105897064,0.0
0.9445,-1.1834067039070608,0.03741070175254849,0.18399788321508082,0.0
0.94475,-1.1835558932411936,0.037089087706311,0.18413688096133796,0.0
0.945,-1.1837044178106022,0.036768731719908215,0.18427534314306615,0.0
0.94525,-1.1838522774931388,0.03644963553155997,0.18441326860858642,0.0
0.9455,-1.1839994721666554,0.03613180087948613,0.18455065620922828,0.0
0.94575,-1.1841460017090042,0.03581522950190655,0.1846875047993437,0.0
0.946,-1.1842918659980373,0.035499923137041076,0.1848238132363178,0.0
0.94625,-1.1844370649116063,0.035185883523109564,0.1849595803805808,0.0
0.9465,-1.1845815983275638,0.03487311239833188,0.18509480509562293,0.0
0.94675,-1.1847254661237616,0.03456161150092786,0.18522948624800306,0.0
0.947,-1.1848686681780518,0.03425138256911736,0.18536362270736428,0.0
0.94725,-1.1850112043682866,0.033942427341120254,0.18549721334644387,0.0
0.9475,-1.1851530745723176,0.03363474755515637,0.18563025704108793,0.0
0.94775,-1.1852942786679974,0.033328344949445574,0.18576275267026232,0.0
0.948,-1.1854348165331778,0.03302322126220772,0.18589469911606482,0.0
0.94825,-1.1855746880457108,0.032719378231662655,0.1860260952637387,0.0
0.9485,-1.1857138930834485,0.03241681759603024,0.18615694000168537,0.0
0.94875,-1.1858524315242431,0.03211554109353033,0.18628723222147592,0.0
0.949,-1.1859903032459467,0.03181555046238277,0.18641697081786424,0.0
0.94925,-1.186127508126411,0.03151684744080742,0.18654615468879943,0.0
0.9495,-1.1862640460434883,0.031219433767024126,0.18667478273543892,0.0
0.94975,-1.1863999168750308,0.030923311179252747,0.18680285386216067,0.0
0.95,-1.1865351204988905,0.030628481415713144,0.18693036697657606,0.0
0.95025,-1.1866696567929194,0.03033494621462516,0.1870573209895423,0.0
0.9505,-1.1868035256349692,0.03004270731420865,0.1871837148151756,0.0
0.95075,-1.1869367269028923,0.029751766452683473,0.18730954737086414,0.0
0.951,-1.1870692604745408,0.029462125368269476,0.1874348175772802,0.0
0.95125,-1.1872011262277669,0.02917378579918652,0.18755952435839385,0.0
0.9515,-1.1873323240404225,0.028886749483654453,0.18768366664148517,0.0
0.95175,-1.1874628537903593,0.028601018159893125,0.18780724335715626,0.0
0.952,-1.18759271535543,0.0283165935661224,0.18793025343934744,0.0
0.95225,-1.187721908613486,0.028033477440562123,0.18805269582534612,0.0
0.9525,-1.1878504334423803,0.02775167152143215,0.18817456945580346,0.0
0.95275,-1.1879782897199638,0.027471177546952337,0.18829587327474395,0.0
0.953,-1.1881054773240893,0.027191997255342534,0.18841660622958178,0.0
0.95325,-1.1882319961326089,0.026914132384822594,0.18853676727113156,0.0
0.9535,-1.1883578460233741,0.026637584673612373,0.18865635535362246,0.0
0.95375,-1.1884830268742377,0.026362355859931727,0.18877536943471185,0.0
0.954,-1.188607538563051,0.026088447682000505,0.18889380847549675,0.0
0.95425,-1.1887313809676665,0.02581586187803856,0.18901167144052944,0.0
0.9545,-1.188854553965936,0.02554460018626575,0.18912895729782853,0.0
0.95475,-1.188977057435712,0.025274664344901922,0.18924566501889406,0.0
0.955,-1.1890988912548461,0.02500605609216694,0.18936179357871974,0.0
0.95525,-1.1892200553011907,0.024738777166280645,0.18947734195580623,0.0
0.9555,-1.1893405494525977,0.0244728293054629,0.18959230913217562,0.0
0.95575,-1.1894603735869194,0.02420821424793355,0.1897066940933836,0.0
0.956,-1.1895795275820076,0.02394493373191246,0.18982049582853366,0.0
0.95625,-1.189698011315714,0.02368298949561947,0.18993371333029074,0.0
0.9565,-1.1898158246658914,0.023422383277274444,0.19004634559489442,0.0
0.95675,-1.1899329675103916,0.023163116815097234,0.19015839162217252,0.0
0.957,-1.1900494397270664,0.022905191847307688,0.19026985041555466,0.0
0.95725,-1.190165241193768,0.022648610112125666,0.19038072098208603,0.0
0.9575,-1.1902803717883483,0.022393373347771015,0.19049100233244154,0.0
0.95775,-1.1903948313886596,0.022139483292463596,0.190600693480939,0.0
0.958,-1.1905086198725543,0.021886941684423254,0.19070979344555283,0.0
0.95825,-1.1906217371178838,0.021635750261869847,0.1908183012479281,0.0
0.9585,-1.1907341830025007,0.02138591076302323,0.19092621591339443,0.0
0.95875,-1.1908459574042565,0.02113742492610325,0.19103353647097898,0.0
0.959,-1.1909570602010036,0.020890294489329768,0.19114026195342237,0.0
0.95925,-1.1910674912705943,0.02064452119092263,0.19124639139719113,0.0
0.9595,-1.19117725049088,0.020400106769101697,0.19135192384249056,0.0
0.95975,-1.1912863377397134,0.020157052962086818,0.1914568583332823,0.0
0.96,-1.1913947528949458,0.019915361508097848,0.1915611939172941,0.0
0.96025,-1.1915024958344302,0.01967503414535464,0.1916649296460382,0.0
0.9605,-1.1916095664360182,0.01943607261207704,0.1917680645748221,0.0
0.96075,-1.1917159645775617,0.019198478646484916,0.19187059776276372,0.0
0.961,-1.191821690136913,0.01896225398679811,0.19197252827280709,0.0
0.96125,-1.191926742991924,0.01872740037123648,0.19207385517173403,0.0
0.9615,-1.1920311230204472,0.018493919538019876,0.19217457753018174,0.0
0.96175,-1.192134830100334,0.018261813225368156,0.192274694422653,0.0
0.962,-1.192237864109437,0.01803108317150117,0.19237420492753454,0.0
0.96225,-1.192340224925608,0.01780173111463878,0.19247310812710894,0.0
0.9625,-1.1924419124266987,0.01757375879300082,0.1925714031075696,0.0
0.96275,-1.192542926490562,0.01734716794480716,0.192669088959037,0.0
0.963,-1.1926432669950493,0.01712196030827765,0.1927661647755703,0.0
0.96325,-1.1927429338180129,0.01689813762163214,0.19286262965518386,0.0
0.9635,-1.192841926837305,0.016675701623090483,0.19295848269986204,0.0
0.96375,-1.1929402459307772,0.016454654050872534,0.193053723015572,0.0
0.964,-1.193037890976282,0.01623499664319815,0.193148349712281,0.0
0.96425,-1.1931348618516715,0.016016731138287176,0.19324236190396937,0.0
0.9645,-1.1932311584347972,0.015799859274359472,0.19333575870864528,0.0
0.96475,-1.1933267806035115,0.01558438278963489,0.19342853924836034,0.0
0.965,-1.193421728235667,0.015370303422333283,0.19352070264922538,0.0
0.96525,-1.1935160012091148,0.015157622910674504,0.1936122480414224,0.0
0.9655,-1.1936095994017073,0.014946342992878404,0.19370317455922215,0.0
0.96575,-1.193702522691297,0.014736465407164837,0.19379348134099939,0.0
0.966,-1.1937947709557357,0.014527991891753661,0.1938831675292454,0.0
0.96625,-1.193886344072875,0.014320924184864726,0.19397223227058524,0.0
0.9665,-1.1939772419205676,0.014115264024717881,0.19406067471579225,0.0
0.96675,-1.194067464376665,0.013911013149532987,0.19414849401980372,0.0
0.967,-1.19415701131902,0.013708173297529892,0.19423568934173518,0.0
0.96725,-1.1942458826254843,0.01350674620692845,0.19432225984489637,0.0
0.9675,-1.1943340781739096,0.013306733615948516,0.1944082046968063,0.0
0.96775,-1.1944215978421484,0.01310813726280994,0.1944935230692093,0.0
0.968,-1.1945084415080522,0.012910958885732578,0.1945782141380885,0.0
0.96825,-1.194594609049474,0.012715200222936282,0.19466227708368478,0.0
0.9685,-1.1946801003442649,0.012520863012640906,0.1947457110905082,0.0
0.96875,-1.1947649152702775,0.012327948993066301,0.194828515347357,0.0
0.969,-1.1948490537053638,0.012136459902432322,0.19491068904733067,0.0
0.96925,-1.1949325155273758,0.011946397478958825,0.19499223138784783,0.0
0.9695,-1.1950153006141655,0.011757763460865657,0.1950731415706597,0.0
0.96975,-1.195097408843585,0.011570559586372675,0.19515341880186776,0.0
0.97,-1.1951788400934866,0.011384787593699732,0.1952330622919387,0.0
0.97025,-1.1952595942417221,0.011200449221066678,0.19531207125572014,0.0
0.9705,-1.1953396711661435,0.01101754620669337,0.1953904449124566,0.0
0.97075,-1.1954190707446029,0.010836080288799661,0.19546818248580555,0.0
0.971,-1.1954977928549524,0.010656053205605403,0.195545283203854,0.0
0.97125,-1.1955758373750442,0.010477466695330447,0.19562174629913365,0.0
0.9715,-1.1956532041827304,0.010300322496194649,0.19569757100863727,0.0
0.97175,-1.1957298931558626,0.01012462234641786,0.19577275657383497,0.0
0.972,-1.1958059041722933,0.009950367984219935,0.19584730224069036,0.0
0.97225,-1.1958812371098744,0.009777561147820725,0.19592120725967677,0.0
0.9725,-1.1959558918464581,0.009606203575440085,0.1959944708857937,0.0
0.97275,-1.1960298682598962,0.009436297005297868,0.19606709237858255,0.0
0.973,-1.1961031662280408,0.009267843175613926,0.196139071002144,0.0
0.97325,-1.1961757856287443,0.009100843824608112,0.19621040602515372,0.0
0.9735,-1.1962477263398585,0.008935300690500279,0.19628109672087968,0.0
0.97375,-1.1963189882392353,0.008771215511510281,0.19635114236719686,0.0
0.974,-1.196389571204727,0.008608590025857971,0.19642054224660654,0.0
0.97425,-1.1964594751141857,0.0084474259717632,0.19648929564625073,0.0
0.9745,-1.1965286998454636,0.008287725087445824,0.19655740185793036,0.0
0.97475,-1.1965972452764122,0.008129489111125694,0.19662486017812042,0.0
0.975,-1.1966651112848838,0.007972719781022663,0.1966916699079886,0.0
0.97525,-1.1967322977487307,0.007817418835356586,0.196757830353411,0.0
0.9755,-1.1967988045458045,0.007663588012347313,0.19682334082498976,0.0
0.97575,-1.196864631553958,0.007511229050214698,0.19688820063806967,0.0
0.976,-1.1969297786510427,0.0073603436871785945,0.1969524091127548,0.0
0.97625,-1.1969942457149108,0.007210933661458856,0.19701596557392587,0.0
0.9765,-1.1970580326234141,0.007063000711275334,0.19707886935125796,0.0
0.97675,-1.1971211392544052,0.006916546574847882,0.19714111977923765,0.0
0.977,-1.197183565485736,0.006771572990396353,0.19720271619717922,0.0
0.97725,-1.197245311195258,0.0066280816961406,0.1972636579492424,0.0
0.9775,-1.1973063762608236,0.0064860744303004755,0.19732394438445122,0.0
0.97775,-1.1973667605602851,0.006345552931095833,0.1973835748567092,0.0
0.978,-1.1974264639714947,0.006206518936746527,0.1974425487248186,0.0
0.97825,-1.197485486372304,0.006068974185472406,0.1975008653524961,0.0
0.9785,-1.197543827640565,0.005932920415493327,0.19755852410839259,0.0
0.97875,-1.19760148765413,0.005798359365029141,0.19761552436610952,0.0
0.979,-1.1976584662908514,0.0056652927722997005,0.19767186550421667,0.0
0.97925,-1.1977147634285807,0.00553372237552486,0.1977275469062698,0.0
0.9795,-1.1977703789451701,0.00540364991292447,0.19778256796082916,0.0
0.97975,-1.197825312718472,0.005275077122718386,0.1978369280614769,0.0
0.98,-1.1978795646263378,0.0051480057431264594,0.1978906266068352,0.0
0.98025,-1.19793313454662,0.005022437512368543,0.19794366300058375,0.0
0.9805,-1.197986022357171,0.00489837416866449,0.19799603665147925,0.0
0.98075,-1.1980382279358421,0.004775817450234153,0.19804774697337124,0.0
0.981,-1.1980897511604858,0.004654769095297384,0.1980987933852223,0.0
0.98125,-1.1981405919089543,0.004535230842074037,0.19814917531112552,0.0
0.9815,-1.1981907500590991,0.004417204428783964,0.1981988921803226,0.0
0.98175,-1.198240225488773,0.004300691593647019,0.19824794342722285,0.0
0.982,-1.1982890180758274,0.004185694074883055,0.19829632849142076,0.0
0.98225,-1.1983371276981147,0.004072213610711922,0.19834404681771556,0.0
0.9825,-1.1983845542334868,0.003960251939353475,0.19839109785612807,0.0
0.98275,-1.1984312975597957,0.0038498107990275654,0.1984374810619216,0.0
0.983,-1.198477357554894,0.0037408919279540475,0.19848319589561947,0.0
0.98325,-1.198522734096633,0.0036334970643527725,0.1985282418230223,0.0
0.9835,-1.1985674270628652,0.0035276279464435947,0.19857261831522965,0.0
0.98375,-1.1986114363314426,0.0034232863124463654,0.19861632484865677,0.0
0.984,-1.1986547617802175,0.003320473900580938,0.19865936090505465,0.0
0.98425,-1.1986974032870412,0.003219192449067165,0.1987017259715278,0.0
0.9845,-1.1987393607297665,0.0031194436961248994,0.19874341954055486,0.0
0.98475,-1.1987806339862455,0.0030212293799739935,0.19878444111000682,0.0
0.985,-1.1988212229343296,0.0029245512388343005,0.19882479018316523,0.0
0.98525,-1.1988611274518712,0.002829411010925672,0.198864466268744,0.0
0.9855,-1.1989003474167228,0.002735810434467961,0.19890346888090704,0.0
0.98575,-1.1989388827067358,0.0026437512476810213,0.19894179753928642,0.0
0.986,-1.1989767331997627,0.002553235188784704,0.1989794517690051,0.0
0.98625,-1.1990138987736554,0.0024642639959988628,0.19901643110069323,0.0
0.9865,-1.1990503793062657,0.0023768394075433497,0.19905273507050936,0.0
0.98675,-1.199086174675446,0.0022909631616380177,0.19908836322015988,0.0
0.987,-1.1991212847590482,0.0022066369965027186,0.19912331509691894,0.0
0.98725,-1.1991557094349246,0.002123862650357306,0.19915759025364754,0.0
0.9875,-1.1991894485809271,0.002042641861421632,0.19919118824881377,0.0
0.98775,-1.1992225020749077,0.001962976367915549,0.19922410864651274,0.0
0.988,-1.1992548697947183,0.00188486790805891,0.1992563510164862,0.0
0.98825,-1.1992865516182114,0.0018083182200715675,0.19928791493414355,0.0
0.9885,-1.1993175474232387,0.0017333290421733738,0.199318799980581,0.0
0.98875,-1.1993478570876523,0.0016599021125841816,0.19934900574260173,0.0
0.989,-1.1993774804893047,0.0015880391695238432,0.1993785318127368,0.0
0.98925,-1.1994064175060473,0.001517741951212211,0.1994073777892651,0.0
0.9895,-1.1994346680157326,0.001449012195869138,0.19943554327623403,0.0
0.98975,-1.1994622318962125,0.0013818516417144764,0.1994630278834788,0.0
0.99,-1.1994891090253392,0.0013162620269680787,0.1994898312266451,0.0
0.99025,-1.1995152992809646,0.0012522450898497972,0.1995159529272077,0.0
0.9905,-1.1995408025409406,0.001189802568579485,0.19954139261249182,0.0
0.99075,-1.1995656186831196,0.0011289362013769937,0.19956614991569444,0.0
0.991,-1.1995897475853536,0.0010696477264621764,0.1995902244759047,0.0
0.99125,-1.1996131891254946,0.0010119388820548853,0.19961361593812388,0.0
0.9915,-1.1996359431813945,0.0009558114063749729,0.19963632395328834,0.0
0.99175,-1.1996580096309057,0.0009012670376422915,0.19965834817828854,0.0
0.992,-1.19967938835188,0.0008483075140766935,0.19967968827599103,0.0
0.99225,-1.1997000792221697,0.0007969345738980314,0.19970034391526092,0.0
0.9925,-1.1997200821196263,0.0007471499553261576,0.19972031477097985,0.0
0.99275,-1.1997393969221024,0.0006989553965809245,0.19973960052407058,0.0
0.993,-1.19975802350745,0.0006523526358821843,0.1997582008615173,0.0
0.99325,-1.199775961753521,0.0006073434114497896,0.19977611547638574,0.0
0.9935,-1.1997932115381675,0.0005639294615035925,0.1997933440678472,0.0
0.99375,-1.1998097727392416,0.0005221125242634455,0.19980988634119812,0.0
0.994,-1.1998256452345957,0.000481894337949201,0.19982574200788283,0.0
0.99425,-1.199840828902081,0.0004432766407807111,0.19984091078551458,0.0
0.9945,-1.1998553236195506,0.00040626117097782824,0.19985539239789873,0.0
0.99475,-1.1998691292648558,0.00037084966676040473,0.1998691865750526,0.0
0.995,-1.1998822457158487,0.0003370438663482929,0.19988229305322958,0.0
0.99525,-1.1998946728503816,0.0003048455079613449,0.19989471157493988,0.0
0.9955,-1.1999064105463066,0.0002742563298194131,0.19990644188897355,0.0
0.99575,-1.1999174586814756,0.00024527807014234975,0.19991748375042118,0.0
0.996,-1.1999278171337409,0.0002179124671500071,0.19992783692069893,0.0
0.99625,-1.1999374857809544,0.0001921612590622374,0.19993750116756814,0.0
0.9965,-1.199946464500968,0.00016802618409889283,0.19994647626515905,0.0
0.99675,-1.199954753171634,0.00014550898047982567,0.19995476199399298,0.0
0.997,-1.1999623516708042,0.00012461138642488813,0.19996235814100616,0.0
0.99725,-1.1999692598763312,0.00010533514015393232,0.1999692644995712,0.0
0.9975,-1.1999754776660665,8.768197988681053e-05,0.19997548086951933,0.0
0.99775,-1.1999810049178623,7.165364384337491e-05,0.19998100705716482,0.0
0.998,-1.1999858415095708,5.725187024347759e-05,0.19998584287532717,0.0
0.99825,-1.1999899873190443,4.4478397306970774e-05,0.19998998814335445,0.0
0.9985,-1.1999934422241343,3.33349632537066e-05,0.19999344268714503,0.0
0.99875,-1.1999962061026928,2.3823306303537193e-05,0.1999962063391727,0.0
0.999,-1.1999982788325725,1.5945164676314676e-05,0.1999982789385093,0.0
0.99925,-1.199999660291625,9.702276591891183e-06,0.1999996603308476,0.0
0.9995,-1.2000003503577026,5.096380270118814e-06,0.2000003503685246,0.0
0.99975,-1.2000003489086573,2.129213930849655e-06,0.2000003489105462,0.0
