t,x,y,gap,dual
0.0,1.3199995059140903,2.6613692391180014e-06,0.31999950591677306,0.0
0.00025,1.3199981214090202,6.892434687381483e-06,0.31999812142701467,0.0
0.0005,1.319995846817429,1.2692020106896962e-05,0.3199958468784472,0.0
0.00075,1.31999268249995,2.0057523599348315e-05,0.3199926826523387,0.0
0.001,1.3199886287966058,2.8988128583762318e-05,0.31998862911490833,0.0
0.00125,1.319983686046317,3.948168026113308e-05,0.31998368663678,0.0
0.0015,1.3199778546014729,5.1536603308477424e-05,0.31997785560755854,0.0
0.00175,1.3199711347813323,6.515201197032638e-05,0.3199711363892406,0.0
0.002,1.3199635269432959,8.03257726502693e-05,0.3199635293873899,0.0
0.00225,1.3199550314357078,9.705614301935839e-05,0.31995503500397127,0.0
0.0025,1.3199456485888,0.00011534182708317076,0.31994565362830163,0.0
0.00275,1.3199353787636445,0.00013518077157925745,0.31993538568589286,0.0
0.003,1.3199242222939065,0.00015657165298677,0.31992423158030414,0.0
0.00325,1.3199121795098,0.00017951303954077957,0.31991219171702556,0.0
0.0035,1.3198992507795226,0.0002040025627749742,0.3198992665447582,0.0
0.00375,1.319885436427883,0.00023003939123356076,0.3198854564743656,0.0
0.004,1.3198707368012088,0.00025762149991948036,0.3198707619433818,0.0
0.00425,1.3198551522405186,0.00028674792218197354,0.31985518338953134,0.0
0.0045,1.3198386830869864,0.0003174166345161211,0.3198387212557867,0.0
0.00475,1.3198213296933035,0.00034962562067164527,0.31982137600187177,0.0
0.005,1.3198030923953266,0.0003833736594032189,0.3198031480761174,0.0
0.00525,1.3197839715468298,0.00041865895204296066,0.31978403794986154,0.0
0.0055,1.3197639674736443,0.0004554800238736334,0.319764046071807,0.0
0.00575,1.3197430805287589,0.0004938353988777067,0.31974317292302734,0.0
0.006,1.3197213110505868,0.0005337232774564882,0.31972141897508677,0.0
0.00625,1.319698659394418,0.0005751417633064193,0.3196987847215258,0.0
0.0065,1.3196751258888975,0.0006180898086896036,0.31967527063474566,0.0
0.00675,1.3196507108774884,0.0006625655394358887,0.31965087720675367,0.0
0.007,1.319625414721746,0.0007085670646347353,0.3196256049527175,0.0
0.00725,1.3195992377364774,0.0007560930735905913,0.3195994543464422,0.0
0.0075,1.3195721802943032,0.0008051418068788507,0.31957242592439394,0.0
0.00775,1.3195442427114126,0.0008557118067002989,0.3195445201718399,0.0
0.008,1.3195154253567063,0.0009078011804746211,0.31951573763152696,0.0
0.00825,1.3194857285515187,0.0009614085883100643,0.3194860788040188,0.0
0.0085,1.319455152642039,0.001016532559212635,0.3194555442196869,0.0
0.00875,1.319423697979878,0.0010731709954754365,0.3194241344188311,0.0
0.009,1.3193913649170304,0.0011313221689093211,0.3193918499473438,0.0
0.00925,1.3193581537698393,0.001190985276323886,0.3193586913212372,0.0
0.0095,1.319324064889385,0.0012521584441103073,0.31932465909533403,0.0
0.00975,1.3192890986302972,0.0013148398211484391,0.3192897538329089,0.0
0.01,1.319253255331895,0.0013790275912910488,0.31925397608682604,0.0
0.01025,1.319216535331813,0.0014447206087950804,0.31921732641385137,0.0
0.0105,1.3191789389697608,0.0015119170197621656,0.31917980537698454,0.0
0.01075,1.3191404666030973,0.001580615146210107,0.3191414135618962,0.0
0.011,1.3191011185741945,0.0016508129715191444,0.31910215154367716,0.0
0.01125,1.319060895210028,0.0017225097324811145,0.31906201988839755,0.0
0.0115,1.3190197968598034,0.0017957035125206744,0.31902101918778447,0.0
0.01175,1.3189778238746959,0.0018703925113001674,0.31897915004042976,0.0
0.012,1.318934976588262,0.001946575153674246,0.3189364130323753,0.0
0.01225,1.3188912553552727,0.002024249913787912,0.318892808775725,0.0
0.0125,1.3188466605009739,0.002103415224134153,0.31884833785776,0.0
0.01275,1.3188011923718974,0.002184069506405706,0.3188030008917735,0.0
0.013,1.3187548513263554,0.0022662109924311835,0.3187567985072379,0.0
0.01325,1.3187076376961648,0.0023498377371922174,0.31870973131147795,0.0
0.0135,1.318659551823221,0.0024349491016977254,0.3186617999289074,0.0
0.01375,1.3186105940661026,0.0025215420972841684,0.3186130050010536,0.0
0.014,1.318560764743407,0.0026096163551727614,0.31856334713893797,0.0
0.01425,1.3185100642184602,0.002699169582029981,0.31851282699934336,0.0
0.0145,1.318458492818937,0.0027902002876984966,0.3184614452095398,0.0
0.01475,1.3184060509073219,0.002882706704006921,0.3184092024356404,0.0
0.015,1.318352738808284,0.0029766875635957035,0.3183560993116219,0.0
0.01525,1.3182985568737373,0.0030721408477916157,0.31830213650163186,0.0
0.0155,1.3182435054321922,0.0031690659059009363,0.31824731465414713,0.0
0.01575,1.3181875848549671,0.003267459790350813,0.31819163445959275,0.0
0.016,1.3181307954487675,0.0033673218435623653,0.31813509655376326,0.0
0.01625,1.3180731375872081,0.0034686499044127572,0.3180777016402132,0.0
0.0165,1.31801461159609,0.0035714429963960015,0.31801945038222734,0.0
0.01675,1.3179552178338891,0.0036756981983430137,0.3179603434750302,0.0
0.017,1.3178949566436329,0.0037814149147905596,0.31790038160912637,0.0
0.01725,1.3178338283535187,0.0038885914089945572,0.3178395654616071,0.0
0.0175,1.3177718332997626,0.0039972262975496164,0.31777789572305815,0.0
0.01775,1.3177089718438495,0.004107317567736857,0.3177153731118785,0.0
0.018,1.3176452443277393,0.004218863760648617,0.3176519983329964,0.0
0.01825,1.3175806510797556,0.004331863372371458,0.31758777208200817,0.0
0.0185,1.317515192458861,0.004446314727715617,0.31752269508899444,0.0
0.01875,1.317448868798617,0.004562215967759187,0.3174567680623497,0.0
0.019,1.3173816804491425,0.004679565583195711,0.3173899917325371,0.0
0.01925,1.3173136277409392,0.004798361908321169,0.3173223668142118,0.0
0.0195,1.3172447110366907,0.004918603205091188,0.3172538940582501,0.0
0.01975,1.3171749306756424,0.005040288117996283,0.3171845741978212,0.0
0.02,1.3171042869832348,0.005163415077845457,0.317114407955847,0.0
0.02025,1.3170327803131436,0.005287982556922088,0.3170433960879542,0.0
0.0205,1.3169604110036945,0.005413988623033106,0.3169715393370618,0.0
0.02075,1.3168871794033203,0.005541431910813799,0.3168988384627176,0.0
0.021,1.3168130858575764,0.005670310376487464,0.31682529422301053,0.0
0.02125,1.316738130705883,0.00580062296915429,0.3167509073783292,0.0
0.0215,1.3166623143033303,0.005932367483808321,0.31667567870397173,0.0
0.02175,1.3165856369736364,0.006065542361675114,0.31659960895080674,0.0
0.022,1.3165080990660525,0.006200146725554134,0.3165226989026544,0.0
0.02225,1.3164297009262858,0.006336178298276707,0.3164449493375323,0.0
0.0225,1.3163504428853687,0.006473635900633212,0.3163663610280689,0.0
0.02275,1.3162703253022123,0.006612517441240584,0.3162869347745205,0.0
0.023,1.3161893485241274,0.006752821411161847,0.3162066713724627,0.0
0.02325,1.3161075128686353,0.006894546835191306,0.3161255715946436,0.0
0.0235,1.3160248186895143,0.007037691257821166,0.31604363624653775,0.0
0.02375,1.3159412663461698,0.007182253416523565,0.31596086614948393,0.0
0.024,1.315856856174696,0.007328231524716955,0.31587726210282785,0.0
0.02425,1.3157715885147507,0.007475624088904453,0.3157928249151343,0.0
0.0245,1.3156854637058797,0.0076244293079952286,0.31570755539718176,0.0
0.02475,1.3155984820862652,0.007774645780173728,0.31562145436470135,0.0
0.025,1.3155106440105397,0.007926272070704954,0.3155345226538009,0.0
0.02525,1.3154219498150999,0.008079306330152747,0.3154467610839047,0.0
0.0255,1.3153323998429687,0.008233746910292439,0.3153581704862163,0.0
0.02575,1.3152419944472444,0.008389592143188906,0.3152687517058612,0.0
0.026,1.3151507339595123,0.008546840487547058,0.31517850557122595,0.0
0.02625,1.315058618731488,0.008705490286779138,0.3150874329340627,0.0
0.0265,1.314965649102231,0.008865540081416157,0.3149955346387254,0.0
0.02675,1.3148718253961422,0.00902698845160188,0.31490281151919697,0.0
0.027,1.314777147985244,0.00918983322468847,0.3148092644558409,0.0
0.02725,1.314681617198761,0.009354073000160668,0.31471489429535326,0.0
0.0275,1.3145852333829695,0.009519706229099256,0.3146197019044119,0.0
0.02775,1.3144879968833214,0.009686731185176711,0.3145236881514841,0.0
0.028,1.3143899080323664,0.009855146635992185,0.31442685389965686,0.0
0.02825,1.3142909671800593,0.01002495059839248,0.314329200027754,0.0
0.0285,1.314191174665151,0.010196141427506689,0.31423072740968094,0.0
0.02875,1.3140905308530888,0.01036871742024914,0.3141314369493995,0.0
0.029,1.313989036064603,0.010542677027331138,0.31403132951116763,0.0
0.02925,1.3138866906432618,0.010718018749862779,0.3139304059863386,0.0
0.0295,1.3137834949327785,0.010894741296858967,0.31382866727199676,0.0
0.02975,1.3136794492773314,0.01107284254513985,0.31372611426264263,0.0
0.03,1.3135745540234764,0.011252321182340097,0.3136227478655984,0.0
0.03025,1.3134688095192384,0.011433175173607424,0.3135185689872966,0.0
0.0305,1.313362216095965,0.011615403334708674,0.313413578528535,0.0
0.03075,1.3132547740928127,0.011799004149644077,0.3133077773989188,0.0
0.031,1.3131464838670945,0.011983975532793067,0.3132011665247958,0.0
0.03125,1.3130373457535385,0.012170316358314892,0.3130937468222743,0.0
0.0315,1.3129273601047693,0.012358024179818017,0.3129855192169133,0.0
0.03175,1.3128165272621504,0.012547098190019312,0.31287648464188833,0.0
0.032,1.3127048475486205,0.012737536566817198,0.3127666440062522,0.0
0.03225,1.3125923213272042,0.012929337757761061,0.3126559982653463,0.0
0.0325,1.3124789489387618,0.013122499869339777,0.31254454835263323,0.0
0.03275,1.3123647307261925,0.01331702141102653,0.3124322952111829,0.0
0.033,1.3122496670205832,0.013512900994022914,0.3123192397770087,0.0
0.03325,1.312133758176432,0.013710136756245106,0.3122053830083469,0.0
0.0335,1.312017004532856,0.013908727074202432,0.3120907258540444,0.0
0.03375,1.3118994064395209,0.014108670325335027,0.31197526927709895,0.0
0.034,1.3117809642338216,0.014309965163988636,0.3118590142348412,0.0
0.03425,1.311661678253759,0.01451260965833967,0.3117419616824655,0.0
0.0345,1.311541548848696,0.01471660236249761,0.31162411259534717,0.0
0.03475,1.3114205763602134,0.014921941381459192,0.3115054679396292,0.0
0.035,1.3112987611384281,0.015128625414575936,0.31138602870021104,0.0
0.03525,1.311176103513933,0.015336652986199795,0.3112657958441527,0.0
0.0355,1.3110526038314336,0.01554602221174406,0.31114477035138655,0.0
0.03575,1.3109282624442398,0.015756731470510488,0.3110229532169555,0.0
0.036,1.3108030796865617,0.015968778872888834,0.3109003454170214,0.0
0.03625,1.3106770559014693,0.016182163453898113,0.3107769479513256,0.0
0.0365,1.3105501914451751,0.016396882769377896,0.3106527618181476,0.0
0.03675,1.3104224866505323,0.016612935758573144,0.3105277880128612,0.0
0.037,1.3102939418510375,0.016830321088477262,0.31040202753180735,0.0
0.03725,1.310164557406106,0.01704903641051203,0.31027548138766026,0.0
0.0375,1.3100343336485276,0.017269080633425915,0.31014815058598066,0.0
0.03775,1.3099032709191143,0.01749045214098288,0.31002003613711593,0.0
0.038,1.3097713695585464,0.017713149361391345,0.30989113905529164,0.0
0.03825,1.30963862991829,0.01793717035520359,0.30976146036391206,0.0
0.0385,1.3095050523517988,0.018162513263497715,0.30963100109264907,0.0
0.03875,1.3093706371970852,0.018389176788595307,0.3094997622668221,0.0
0.039,1.309235384770805,0.01861715986677126,0.30936774489730823,0.0
0.03925,1.3090992954445078,0.018846460197053716,0.3092349500358085,0.0
0.0395,1.3089623695564274,0.019077076258980696,0.30910137871494436,0.0
0.03975,1.308824607439067,0.0193090063957726,0.3089670319629978,0.0
0.04,1.3086860094414574,0.01954224937242799,0.3088319108343671,0.0
0.04025,1.3085465759184938,0.019776803226065454,0.30869601638190103,0.0
0.0405,1.3084063071928462,0.020012665991202994,0.3085593496292387,0.0
0.04075,1.3082652036218383,0.020249836696905277,0.30842191165309574,0.0
0.041,1.3081232655367938,0.02048831360215786,0.30828370349588385,0.0
0.04125,1.3079804932887604,0.020728095053712536,0.3081447262243062,0.0
0.0415,1.3078368872248167,0.02096917917869945,0.3080049809008094,0.0
0.04175,1.3076924476750649,0.02121156498144927,0.3078644685881502,0.0
0.042,1.3075471749877812,0.021455250136639847,0.3077231903491475,0.0
0.04225,1.3074010695154021,0.021700233412047965,0.3075811472716157,0.0
0.0425,1.3072541315896233,0.021946512976278143,0.30743834041608187,0.0
0.04275,1.3071063615584404,0.022194087272417562,0.3072947708670757,0.0
0.043,1.3069577597637028,0.022442955117341512,0.3071504397126428,0.0
0.04325,1.3068083265512724,0.022693113861585346,0.3070053480229038,0.0
0.0435,1.3066580622580828,0.022944562790478074,0.3068594968953984,0.0
0.04375,1.3065069672278926,0.023197300546087263,0.30671288742694025,0.0
0.044,1.3063550417975236,0.023451324531578166,0.30656552068853204,0.0
0.04425,1.306202286329617,0.02370663393111272,0.306417397811688,0.0
0.0445,1.3060487011593087,0.02396322636022319,0.30626851987541537,0.0
0.04475,1.305894286625512,0.02422110074513739,0.3061188879893213,0.0
0.045,1.3057390430660993,0.024480255685531915,0.3059685032594017,0.0
0.04525,1.3055829708372968,0.024740688853839288,0.3058173667957187,0.0
0.0455,1.305426070277164,0.02500239892560785,0.3056654797119034,0.0
0.04575,1.3052683417271291,0.02526538438390702,0.30551284312455396,0.0
0.046,1.3051097855336495,0.02552964348436859,0.3053594581540089,0.0
0.04625,1.3049504020306986,0.025795174692021305,0.305205325915227,0.0
0.0465,1.3047901915595725,0.026061976988884794,0.30505044754393884,0.0
0.04675,1.3046291544810995,0.02633004771767844,0.30489482416587266,0.0
0.047,1.3044672911186528,0.02659938614495161,0.30473845691070367,0.0
0.04725,1.3043046018239712,0.02686999010065705,0.30458134691064687,0.0
0.0475,1.3041410869391592,0.02714185809706038,0.304423495305038,0.0
0.04775,1.3039767468236845,0.027414988125535444,0.30426490324274336,0.0
0.048,1.3038115817886355,0.027689379786998813,0.3041055718611023,0.0
0.04825,1.3036455921935037,0.027965029967432997,0.3039455022916526,0.0
0.0485,1.3034787783865585,0.02824193813572151,0.3037846957123622,0.0
0.04875,1.303311140702285,0.028520101959465194,0.30362315325191647,0.0
0.049,1.3031426794961998,0.02879952020998644,0.30346087608675876,0.0
0.04925,1.302973395089654,0.02908019112747695,0.3032978653506151,0.0
0.0495,1.3028032878440226,0.029362113690794445,0.30313412223668923,0.0
0.04975,1.3026323580960564,0.029645285396085796,0.3029696478832913,0.0
0.05,1.3024606061891375,0.02992970504497805,0.302804443467497,0.0
0.05025,1.3022880324636148,0.03021537081853154,0.30263851015224263,0.0
0.0505,1.3021146372642305,0.030502281366999284,0.30247184911857117,0.0
0.05075,1.3019404209417011,0.030790434829597757,0.3023044615445536,0.0
0.051,1.3017653838317196,0.031079829802649783,0.3021363486068216,0.0
0.05125,1.3015895262732697,0.03137046441588609,0.30196751147712697,0.0
0.0515,1.301412848622356,0.031662337077435154,0.3017979513536502,0.0
0.05175,1.3012353512034907,0.03195544673453554,0.3016276694192066,0.0
0.052,1.3010570343800474,0.03224979087384838,0.3014566668626393,0.0
0.05225,1.300877898478422,0.03254536852406886,0.30128494487641055,0.0
0.0525,1.3006979438337032,0.03284217854987048,0.3011125046609633,0.0
0.05275,1.300517170814896,0.033140217978015585,0.30093934740710027,0.0
0.053,1.300335579754446,0.0334394860174001,0.3007654743267285,0.0
0.05325,1.3001531709965024,0.03373998125375266,0.30059088663086664,0.0
0.0535,1.2999699448756192,0.03404170145564933,0.30041558550254077,0.0
0.05375,1.2997859017454076,0.03434464506729995,0.3002395721638844,0.0
0.054,1.2996010419473552,0.03464881083007754,0.30006284783566906,0.0
0.05425,1.2994153658196372,0.03495419682480616,0.2998854137207052,0.0
0.0545,1.29922887371133,0.035260801665288,0.2997072710496351,0.0
0.05475,1.2990415659519394,0.03556862374793468,0.2995284210305633,0.0
0.055,1.298853442904502,0.03587766126496206,0.2993488649022331,0.0
0.05525,1.298664504890757,0.03618791305667912,0.29916860388271105,0.0
0.0555,1.2984747522692963,0.03649937675722015,0.2989876391961841,0.0
0.05575,1.298284185386268,0.036812051315685324,0.2988059720936589,0.0
0.056,1.2980928045715543,0.037125934539155026,0.29862360378049835,0.0
0.05625,1.2979006101751742,0.03744102571109664,0.2984405355269022,0.0
0.0565,1.2977076025396677,0.03775732232282536,0.2982567685470552,0.0
0.05675,1.2975137820040228,0.03807482335820822,0.2980723040971722,0.0
0.057,1.2973191489026437,0.0383935272395135,0.2978871434155479,0.0
0.05725,1.297123703602704,0.03871343187423548,0.29770128776058336,0.0
0.0575,1.296927446421487,0.039034536185262425,0.2975147383735408,0.0
0.05775,1.296730377714585,0.039356838107984515,0.29732749650721146,0.0
0.058,1.2965324978271415,0.03968033622700773,0.2971395634259928,0.0
0.05825,1.2963338071026316,0.040005028924056774,0.29695094038919523,0.0
0.0585,1.2961343058772476,0.04033091467345429,0.29676162865435374,0.0
0.05875,1.2959339944975286,0.04065799160233041,0.29657162948116955,0.0
0.059,1.2957328733236577,0.04098625782609844,0.29638094414495675,0.0
0.05925,1.2955309426652573,0.04131571243593868,0.29618957390391754,0.0
0.0595,1.2953282028862483,0.04164635337505729,0.29599752003696267,0.0
0.05975,1.295124654334807,0.04197817911313706,0.2958047838264479,0.0
0.06,1.2949202973395837,0.04231118790654875,0.2956113665309128,0.0
0.06025,1.2947151322524808,0.042645378237992304,0.2954172694420205,0.0
0.0605,1.2945091594109808,0.042980748615271125,0.295222493840519,0.0
0.06075,1.2943023791631512,0.04331729738662915,0.2950270410150806,0.0
0.061,1.2940947918393786,0.04365502297468993,0.2948309122417203,0.0
0.06125,1.293886397799231,0.04399392367172794,0.29463410882376473,0.0
0.0615,1.2936771973758039,0.044333997766102584,0.29443663204037906,0.0
0.06175,1.2934671909258053,0.044675243568306655,0.294238483197506,0.0
0.062,1.2932563787659606,0.04501766004082697,0.294039663586243,0.0
0.06225,1.2930447612588523,0.045361245053790356,0.2938401745083479,0.0
0.0625,1.2928323387461143,0.04570599698593725,0.29364001726455036,0.0
0.06275,1.2926191115581511,0.04605191446874102,0.293439193155836,0.0
0.063,1.2924050800592612,0.04639899580171658,0.29323770350790235,0.0
0.06325,1.2921902445693472,0.04674723927471547,0.2930355496041077,0.0
0.0635,1.2919746054548413,0.047096643460257326,0.2928327327869664,0.0
0.06375,1.2917581630440087,0.04744720594244711,0.2926292543272322,0.0
0.064,1.2915409176887054,0.0477989262448375,0.2924251155925215,0.0
0.06425,1.2913228697138797,0.04815180227251403,0.29222031786695757,0.0
0.0645,1.2911040194910468,0.04850583203712233,0.2920148624870964,0.0
0.06475,1.2908843673472357,0.0488610141658512,0.2918087507703253,0.0
0.065,1.290663913616222,0.049217347534529665,0.29160198405293447,0.0
0.06525,1.290442658655551,0.04957482982006667,0.2913945636519055,0.0
0.0655,1.2902206027979752,0.049933459992764995,0.2911864909110611,0.0
0.06575,1.2899977463850867,0.0502932363943529,0.2909777671616274,0.0
0.066,1.289774089771781,0.05065415716367738,0.2907683937424983,0.0
0.06625,1.2895496332979766,0.051016220387325006,0.29055837197763124,0.0
0.0665,1.289324377299709,0.05137942484833502,0.2903477032168609,0.0
0.06675,1.28909832213428,0.05174376871306663,0.29013638880935644,0.0
0.067,1.288871468130287,0.05210925052949733,0.28992443009312274,0.0
0.06725,1.2886438156376563,0.05247586847366392,0.2897118284148763,0.0
0.0675,1.2884153649879613,0.05284362172061208,0.2894985851460299,0.0
0.06775,1.2881861165352122,0.053212507776535745,0.28928470161479036,0.0
0.068,1.2879560706281965,0.053582524990417824,0.2890701791804713,0.0
0.06825,1.2877252275933395,0.05395367225110448,0.2888550192049135,0.0
0.0685,1.2874935877884353,0.054325947990157886,0.2886392230649222,0.0
0.06875,1.2872611515452306,0.05469935012009586,0.2884227920915998,0.0
0.069,1.2870279192178828,0.05507387697837629,0.28820572765833585,0.0
0.06925,1.286793891146666,0.05544952738206632,0.2879880311475229,0.0
0.0695,1.2865590676692074,0.055826299487861775,0.2877697039130749,0.0
0.06975,1.2863234491278441,0.05620419194248427,0.2875507473369976,0.0
0.07,1.286087035866626,0.056583202721867565,0.28733116277610105,0.0
0.07025,1.2858498282233801,0.05696333068715376,0.2871109516219146,0.0
0.0705,1.2856118265603877,0.05734457379679725,0.28689011525299746,0.0
0.07075,1.285373031198825,0.05772693070979784,0.28666865503999484,0.0
0.071,1.2851334424988226,0.05811039943611718,0.2864465723657159,0.0
0.07125,1.2848930608015199,0.058494978512015905,0.28622386861969695,0.0
0.0715,1.2846518864331147,0.058880666523400293,0.286000545181222,0.0
0.07175,1.284409919756021,0.0592674617151161,0.2857766034524898,0.0
0.072,1.2841671611037482,0.05965536239895641,0.2855520448119597,0.0
0.07225,1.2839236108132042,0.060044367420253764,0.2853268706685139,0.0
0.0725,1.2836792692445027,0.06043447442522876,0.2851010824005846,0.0
0.07275,1.2834341367220916,0.060825682455963204,0.28487468141831407,0.0
0.073,1.283188213615993,0.06121798911683385,0.2846476691118509,0.0
0.07325,1.2829415002397884,0.06161139332198218,0.2844200468789775,0.0
0.0735,1.282693996945234,0.06200589344029339,0.28419181613210287,0.0
0.07375,1.282445704074166,0.06240148831933112,0.28396297829912154,0.0
0.074,1.2821966219883425,0.06279817529995313,0.28373353475685126,0.0
0.07425,1.2819467510129503,0.06319595333052064,0.28350348692553706,0.0
0.0745,1.2816960914907087,0.0635948209048891,0.2832728362232577,0.0
0.07475,1.281444643761124,0.06399477639454432,0.28304158406103963,0.0
0.075,1.281192408178202,0.0643958179199231,0.28280973185388514,0.0
0.07525,1.2809393850838653,0.06479794403234251,0.2825772810282621,0.0
0.0755,1.2806855748123849,0.06520115304229535,0.28234423299306544,0.0
0.07575,1.2804309777168705,0.06560544353884978,0.2821105891922546,0.0
0.076,1.2801755941261583,0.06601081367200834,0.2818763510252864,0.0
0.07625,1.2799194244080507,0.06641726170372664,0.2816415199381055,0.0
0.0765,1.2796624688831484,0.06682478666046876,0.28140609737129463,0.0
0.07675,1.2794047279008085,0.06723338607910279,0.28117008471888827,0.0
0.077,1.279146201802646,0.06764305899018552,0.28093348344700764,0.0
0.07725,1.2788868909435964,0.06805380324803423,0.28069629497547166,0.0
0.0775,1.278626795655303,0.06846561739298807,0.2804585207388606,0.0
0.07775,1.278365916271233,0.06887850022575748,0.28022016218982393,0.0
0.078,1.27810425315504,0.06929244984036131,0.27998122077547727,0.0
0.07825,1.2778418066363026,0.06970746468974198,0.2797416979300946,0.0
0.0785,1.277578577070905,0.07012354267768472,0.2795015950862223,0.0
0.07875,1.2773145647862987,0.07054068267741798,0.27926091370283324,0.0
0.079,1.277049770131033,0.07095888335165057,0.27901965525094163,0.0
0.07925,1.2767841934497866,0.07137814255823116,0.27877782115513927,0.0
0.0795,1.2765178350927402,0.07179845844772359,0.2785354128632205,0.0
0.07975,1.276250695396965,0.07221982990451181,0.27829243185300645,0.0
0.08,1.2759827746915529,0.07264225543230651,0.2780488795753653,0.0
0.08025,1.2757140733333918,0.07306573328673949,0.27780475749685785,0.0
0.0805,1.2754445916766153,0.07349026132193615,0.2775600670599776,0.0
0.08075,1.275174330041749,0.07391583860862738,0.27731480974528755,0.0
0.081,1.2749032887888196,0.07434246284993407,0.27706898699605986,0.0
0.08125,1.274631468240793,0.07477013345782524,0.2768226003196297,0.0
0.0815,1.2743588687687137,0.07519884789702047,0.2765756511599753,0.0
0.08175,1.2740854906882675,0.07562860473055366,0.2763281409715346,0.0
0.082,1.2738113343636,0.07605940239295705,0.2760800712516236,0.0
0.08225,1.2735364001280107,0.07649123970110594,0.27583144349166466,0.0
0.0825,1.2732606883255444,0.07692411424729073,0.27558225912246415,0.0
0.08275,1.2729841992867292,0.07735802552456761,0.27533251967741124,0.0
0.083,1.2727069333767909,0.07779297078174352,0.27508222659105575,0.0
0.08325,1.2724288909357009,0.07822894855209483,0.2748313813518335,0.0
0.0835,1.2721500722953298,0.07866595773581508,0.2745799854648221,0.0
0.08375,1.2718704777977983,0.07910399654409161,0.2743280404051569,0.0
0.084,1.2715901077895213,0.07954306338802297,0.274075547666353,0.0
0.08425,1.2713089626294394,0.0799831561784572,0.2738225087249042,0.0
0.0845,1.2710270426338526,0.08042427415237796,0.27356892509965647,0.0
0.08475,1.2707443481619216,0.0808664149331193,0.27331479825281324,0.0
0.085,1.2704608795521581,0.08130957735691169,0.27306012970417193,0.0
0.08525,1.2701766371534138,0.08175375943241647,0.2728049209331682,0.0
0.0855,1.2698916212981741,0.0821989599833941,0.2725491734568284,0.0
0.08575,1.2696058323467427,0.0826451767715497,0.27229288875339797,0.0
0.086,1.2693192706178922,0.08309240901210302,0.2720360683555212,0.0
0.08625,1.2690319364794937,0.08354065422128087,0.2717787137362433,0.0
0.0865,1.2687438302510552,0.08398991159682367,0.27152082643193887,0.0
0.08675,1.2684549522930568,0.0844401792050462,0.2712624079476911,0.0
0.087,1.2681653029365954,0.08489145522887043,0.2710034597683604,0.0
0.08725,1.267874882537007,0.08534373806228501,0.27074398341864003,0.0
0.0875,1.2675836914223373,0.08579702625753782,0.27048398040845667,0.0
0.08775,1.2672917299473005,0.08625131834753574,0.2702234522750355,0.0
0.088,1.2669989984476961,0.08670661271883517,0.26996240052870824,0.0
0.08825,1.2667054972844038,0.087162906774779,0.2697008266390779,0.0
0.0885,1.2664112267845504,0.08762019993682202,0.26943873218163583,0.0
0.08875,1.2661161872855915,0.08807849034790394,0.26917611865673274,0.0
0.089,1.2658203791428748,0.08853777639885152,0.2689129876012242,0.0
0.08925,1.2655238026847484,0.08899805701366148,0.2686493405641579,0.0
0.0895,1.2652264582660475,0.08945932957150404,0.2683851790145726,0.0
0.08975,1.264928346232219,0.08992159283681644,0.2681205045105479,0.0
0.09,1.2646294669201412,0.09038484528355184,0.267855318583178,0.0
0.09025,1.2643298206738076,0.09084908532616254,0.26758962276821396,0.0
0.0905,1.264029407840614,0.09131431104565024,0.2673234185825002,0.0
0.09075,1.2637282287543499,0.09178052138368287,0.2670567075928634,0.0
0.091,1.263426283775139,0.0922477141540341,0.2667894913127842,0.0
0.09125,1.2631235732271284,0.092715887993009,0.26652177128085763,0.0
0.0915,1.262820097457988,0.09318504122671811,0.2662535490383542,0.0
0.09175,1.262515856818685,0.09365517252940947,0.2659848261571429,0.0
0.092,1.2622108516375665,0.09412628004550072,0.2657156041492239,0.0
0.09225,1.2619050822722946,0.09459836218312034,0.2654458845768062,0.0
0.0925,1.2615985490606947,0.09507141709877232,0.2651756689650726,0.0
0.09275,1.2612912523398379,0.09554544362273276,0.2649049588906123,0.0
0.093,1.2609831924641834,0.09602043971568719,0.26463375588363824,0.0
0.09325,1.2606743697673035,0.09649640403774384,0.264362061507859,0.0
0.0935,1.2603647846019828,0.09697333461040358,0.2640898772991831,0.0
0.09375,1.2600544373132723,0.09745122996118027,0.2638172048258458,0.0
0.094,1.2597433282215562,0.09793008899602995,0.263544045662633,0.0
0.09425,1.259431457687857,0.09840990952203299,0.2632704013416505,0.0
0.0945,1.2591188260534347,0.09889069000384865,0.26299627342744647,0.0
0.09475,1.2588054336578762,0.09937242906922705,0.2627216634974283,0.0
0.095,1.258491280840443,0.0998551250277302,0.26244657310546105,0.0
0.09525,1.2581763679642544,0.10033877592093887,0.26217100380932346,0.0
0.0955,1.2578606953445348,0.10082338048149353,0.26189495717526046,0.0
0.09575,1.2575442633472325,0.10130893687854581,0.2616184347769315,0.0
0.096,1.2572270723025214,0.10179544356522996,0.2613414381764405,0.0
0.09625,1.2569091225560767,0.10228289924460654,0.26106396897325124,0.0
0.0965,1.2565904144578501,0.10277130173343352,0.26078602870087986,0.0
0.09675,1.2562709483332644,0.10326064981436645,0.26050761894811436,0.0
0.097,1.2559507245426726,0.10375094201268809,0.26022874131952123,0.0
0.09725,1.255629743420204,0.1042421761310166,0.2599493973354712,0.0
0.0975,1.2553080053145478,0.10473435098808892,0.25966958861587375,0.0
0.09775,1.2549855105714613,0.10522746458067189,0.2593893167112338,0.0
0.098,1.254662259529406,0.10572151562689669,0.25910858322619745,0.0
0.09825,1.2543382525280788,0.1062165024340942,0.2588273897340043,0.0
0.0985,1.2540134899074564,0.10671242337914322,0.25854573781540724,0.0
0.09875,1.2536879720233518,0.10720927678741532,0.258263629063999,0.0
0.099,1.253361699216009,0.10770706131901875,0.25798106508787333,0.0
0.09925,1.2530346718073138,0.10820577533019105,0.25769804745259517,0.0
0.0995,1.2527068901579546,0.1087054170429056,0.257414577752177,0.0
0.09975,1.2523783546194727,0.10920598475054533,0.25713065757888276,0.0
0.1,1.2520490655126257,0.10970747687053262,0.25684628850641,0.0
0.10025,1.2517190231948023,0.11020989196124731,0.25656147215878766,0.0
0.1005,1.2513882280192004,0.11071322810909834,0.25627621011598056,0.0
0.10075,1.2510566803073042,0.11121748387116526,0.2559905039689454,0.0
0.101,1.2507243804238057,0.11172265738127152,0.255704355315711,0.0
0.10125,1.2503913286878428,0.1122287475782926,0.2554177657818695,0.0
0.1015,1.250057525454286,0.11273575254286072,0.25513073695384336,0.0
0.10175,1.24972297106463,0.11324367073071073,0.254843270439449,0.0
0.102,1.249387665858019,0.1137525005322999,0.25455536783973787,0.0
0.10225,1.2490516101907836,0.11426224024044984,0.25426703076536117,0.0
0.1025,1.2487148044057537,0.11477288771989436,0.25397826077554586,0.0
0.10275,1.2483772488266696,0.11528444211369049,0.2536890595285217,0.0
0.103,1.2480389438177406,0.11579690139053156,0.2533994286169712,0.0
0.10325,1.2476998897150036,0.11631026401358469,0.25310936965204345,0.0
0.1035,1.2473600868579646,0.1168245284995777,0.25281888425480625,0.0
0.10375,1.247019535579283,0.1173396933341806,0.25252797403815697,0.0
0.104,1.2466782362402296,0.11785575664638515,0.25223664061140694,0.0
0.10425,1.2463361891763054,0.11837271688634132,0.2519448855894453,0.0
0.1045,1.2459933947272785,0.11889057272550474,0.2516527106138533,0.0
0.10475,1.2456498532352631,0.11940932235646073,0.2513601172846536,0.0
0.105,1.2453055650592466,0.11992896391619468,0.2510671072142938,0.0
0.10525,1.244960530518638,0.12044949607430055,0.25077368202796846,0.0
0.1055,1.244614749983993,0.12097091683870076,0.2504798433395532,0.0
0.10575,1.244268223767773,0.12149322503148596,0.2501855927848311,0.0
0.106,1.2439209522369468,0.12201641898396787,0.24989093200796675,0.0
0.10625,1.24357293571461,0.12254049688186086,0.24959586259634636,0.0
0.1065,1.2432241745573887,0.12306545744180397,0.24930038622393003,0.0
0.10675,1.2428746691143253,0.12359129878553432,0.24900450450009948,0.0
0.107,1.2425244197100778,0.12411801907830267,0.2487082190150698,0.0
0.10725,1.2421734266920663,0.12464561734341117,0.2484115314682216,0.0
0.1075,1.241821690417541,0.12517409118783718,0.248114443429039,0.0
0.10775,1.2414692112161727,0.1257034394736536,0.2478169565658308,0.0
0.108,1.2411159894379,0.12623366048103435,0.24751907251025962,0.0
0.10825,1.2407620254336944,0.12676475214798444,0.2472207928612573,0.0
0.1085,1.2404073195281153,0.1272967136958556,0.24692211932289032,0.0
0.10875,1.2400518720770675,0.1278295428621803,0.24662305348096059,0.0
0.109,1.2396956834220165,0.12836323820087614,0.24632359699100448,0.0
0.10925,1.239338753890943,0.12889779832667614,0.24602375150292377,0.0
0.1095,1.23898108384345,0.12943322146806935,0.2457235186595348,0.0
0.10975,1.2386226736107908,0.12996950626320825,0.2454229001190904,0.0
0.11,1.2382635235387003,0.13050665090133862,0.24512189750881874,0.0
0.11025,1.237903633988519,0.13104465335412385,0.24482051244935854,0.0
0.1105,1.237543005285439,0.13158351232072363,0.24451874660270745,0.0
0.11075,1.237181637786156,0.13212322585164316,0.24421660159502756,0.0
0.111,1.236819531809639,0.13266379319874488,0.24391407914360963,0.0
0.11125,1.2364566877267573,0.13320521183678125,0.2436111808297261,0.0
0.1115,1.236093105855416,0.13374748096126154,0.2433079083665366,0.0
0.11175,1.2357287865503421,0.1342905983418845,0.2430042633523839,0.0
0.112,1.2353637301447986,0.13483456304602726,0.24270024750503838,0.0
0.11225,1.23499793699407,0.13537937266039535,0.24239586240518807,0.0
0.1125,1.2346314074541616,0.13592502568033638,0.2420911097332772,0.0
0.11275,1.2342641418346672,0.13647152073527025,0.24178599113964272,0.0
0.113,1.23389614050376,0.137018856535704,0.24148050834333556,0.0
0.11325,1.2335274037957165,0.13756703051566888,0.24117466288991718,0.0
0.1135,1.2331579320702604,0.13811604160269297,0.24086845651575728,0.0
0.11375,1.2327877256392579,0.13866588850635253,0.24056189088737945,0.0
0.114,1.2324167848643626,0.13921656934206084,0.24025496765575793,0.0
0.11425,1.2320451100827905,0.13976808227413784,0.239947688453632,0.0
0.1145,1.2316727016444386,0.1403204258009012,0.23964005496476948,0.0
0.11475,1.231299559875877,0.14087359882477557,0.23933206889694092,0.0
0.115,1.2309256851281696,0.14142759947009864,0.23902373189545023,0.0
0.11525,1.2305510777602036,0.14198242557854002,0.2387150455814946,0.0
0.1155,1.2301757381092018,0.1425380756592034,0.23840601163154407,0.0
0.11575,1.2297996665071087,0.14309454841124847,0.23809663174003304,0.0
0.116,1.2294228633076334,0.14365184200327974,0.23778690756304055,0.0
0.11625,1.2290453288401004,0.14420995517443913,0.23747684079948916,0.0
0.1165,1.2286670634495416,0.14476888631016038,0.23716643312417918,0.0
0.11675,1.2282880674920318,0.14532863348494374,0.2368556861873221,0.0
0.117,1.2279083412983949,0.14588919509593978,0.23654460165249058,0.0
0.11725,1.227527885229064,0.14645056916967292,0.2362331811697418,0.0
0.1175,1.227146699612032,0.14701275449512252,0.23592142644787328,0.0
0.11775,1.2267647847909067,0.14757574995054057,0.23560933922358474,0.0
0.118,1.2263821411035332,0.14813955329707085,0.23529692109579137,0.0
0.11825,1.2259987689051723,0.14870416315483936,0.23498417378385028,0.0
0.1185,1.2256146685429947,0.1492695772044641,0.23467109888688742,0.0
0.11875,1.225229840346685,0.14983579478000308,0.23435769818692287,0.0
0.119,1.2248442846600727,0.15040281380569098,0.23404397331096538,0.0
0.11925,1.2244580018336877,0.15097063284289192,0.2337299259706438,0.0
0.1195,1.2240709921964077,0.15153925071796692,0.2334155578899031,0.0
0.11975,1.2236832561047712,0.1521086650572343,0.23310087067387508,0.0
0.12,1.223294793897319,0.15267887416802495,0.23278586599356332,0.0
0.12025,1.2229056059253034,0.1532498770111559,0.23247054561456681,0.0
0.1205,1.2225156925262122,0.15382167141527958,0.23215491114950093,0.0
0.12075,1.222125054037803,0.15439425604403567,0.23183896431566664,0.0
0.121,1.221733690819136,0.15496762934237296,0.23152270682539333,0.0
0.12125,1.2213416031802198,0.15554178985342304,0.23120614035572284,0.0
0.1215,1.220948791501727,0.15611673544954385,0.2308892665698854,0.0
0.12175,1.220555256099768,0.15669246498852374,0.23057208719235534,0.0
0.122,1.2201609973329903,0.1572689763713555,0.23025460386926877,0.0
0.12225,1.2197660155378784,0.1578462686114861,0.22993681836739954,0.0
0.1225,1.2193703110599534,0.15842433957345747,0.2296187323165395,0.0
0.12275,1.2189738842420215,0.15900318779743117,0.22930034743093852,0.0
0.123,1.218576735417638,0.1595828120774101,0.2289816654497503,0.0
0.12325,1.2181788649312069,0.16016321036478587,0.2286626880146716,0.0
0.1235,1.2177802731423195,0.1607443810687954,0.228343416842282,0.0
0.12375,1.2173809603889825,0.16132632232419297,0.2280238535925312,0.0
0.124,1.216980927007848,0.16190903260865497,0.22770399996951696,0.0
0.12425,1.2165801733333885,0.16249251117199037,0.2273838577783549,0.0
0.1245,1.2161786997213355,0.1630767553756982,0.22706342859680384,0.0
0.12475,1.2157765065295891,0.16366176365710317,0.22674271414695824,0.0
0.125,1.2153735940604207,0.16424753523997992,0.2264217162019566,0.0
0.12525,1.2149699626929469,0.16483406751688534,0.22610043636737287,0.0
0.1255,1.2145656127549285,0.16542135928591506,0.22577887638625693,0.0
0.12575,1.2141605445819608,0.16600940953987475,0.22545703803737704,0.0
0.126,1.2137547585278914,0.16659821575667877,0.22513492291355752,0.0
0.12625,1.2133482549366028,0.16718777655032113,0.22481253275166124,0.0
0.1265,1.2129410341512743,0.1677780904756503,0.22448986928092562,0.0
0.12675,1.212533096523492,0.1683691553140818,0.2241669341335868,0.0
0.127,1.2121244423801294,0.16896097035856883,0.22384372912551576,0.0
0.12725,1.2117150720582803,0.16955353374126503,0.22352025592441827,0.0
0.1275,1.2113049859152156,0.17014684379534373,0.2231965162460927,0.0
0.12775,1.2108941842946894,0.17074089858508046,0.22287251175596468,0.0
0.128,1.210482667531669,0.17133569676462912,0.2225482441934168,0.0
0.12825,1.2100704359807817,0.17193123642969255,0.2222237152399562,0.0
0.1285,1.2096574899718804,0.17252751664708654,0.22189892668971622,0.0
0.12875,1.2092438298545307,0.1731245351991575,0.22157388017638024,0.0
0.129,1.2088294559773742,0.17372229032089592,0.22124857739646608,0.0
0.12925,1.2084143686787712,0.1743207806791034,0.22092302009827192,0.0
0.1295,1.2079985682969847,0.17492000495639104,0.2205972100334772,0.0
0.12975,1.2075820551742167,0.17551996110228885,0.2202711488534561,0.0
0.13,1.2071648296561277,0.17612064785686954,0.2199448383268119,0.0
0.13025,1.206746892085873,0.1767220634354132,0.21961828014497375,0.0
0.1305,1.2063282428144935,0.17732420582277797,0.21929147597388798,0.0
0.13075,1.2059088821850814,0.17792707368056426,0.218964427570141,0.0
0.131,1.2054888105127521,0.1785306658620982,0.21863713669189244,0.0
0.13125,1.205068028173792,0.17913498028232056,0.21830960502140773,0.0
0.1315,1.2046465355051261,0.1797400151879387,0.21798183425052087,0.0
0.13175,1.2042243328455404,0.1803457690101311,0.2176538261004819,0.0
0.132,1.2038014205258403,0.18095224077629268,0.21732558237391553,0.0
0.13225,1.2033777988941385,0.18155942811460335,0.2169971046837389,0.0
0.1325,1.2029534683033427,0.18216732985774797,0.21666839482684974,0.0
0.13275,1.2025284291047202,0.1827759439467016,0.21633945446601133,0.0
0.133,1.202102681611074,0.18338526927496446,0.21601028536916012,0.0
0.13325,1.201676226194733,0.18399530383371854,0.2156808892281219,0.0
0.1335,1.2012490631743111,0.18460604618562826,0.21535126776806823,0.0
0.13375,1.200821192907346,0.18521749498447804,0.21502142276741232,0.0
0.134,1.200392615744839,0.1858296479694701,0.21469135585925447,0.0
0.13425,1.199963332007334,0.1864425039320068,0.21436106880720596,0.0
0.1345,1.1995333420628582,0.18705606107043593,0.21403056333177894,0.0
0.13475,1.1991026462327752,0.18767031813004564,0.21369984119199614,0.0
0.135,1.198671244870828,0.18828527298523312,0.21336890404497533,0.0
0.13525,1.1982391383228987,0.18890092448170037,0.21303775369064426,0.0
0.1355,1.1978063269263186,0.18951727063815582,0.2127063917926939,0.0
0.13575,1.1973728110018462,0.19013431042583306,0.21237482014745335,0.0
0.136,1.1969385909459862,0.19075204133715573,0.21204304039504107,0.0
0.13625,1.1965036670565241,0.19137046252076573,0.21171105433808823,0.0
0.1365,1.1960680397028185,0.1919895716372011,0.21137886361615998,0.0
0.13675,1.195631709196138,0.19260936828811737,0.2110464701189736,0.0
0.137,1.1951946759207535,0.19322984917855734,0.21071387534911934,0.0
0.13725,1.1947569401783855,0.1938510143897858,0.2103810812650564,0.0
0.1375,1.194318502349284,0.19447286098241534,0.2100480894214587,0.0
0.13775,1.1938793627682582,0.1950953874051038,0.20971490154940642,0.0
0.138,1.19343952175025,0.19571859319108142,0.20938151953639572,0.0
0.13825,1.1929989796659897,0.19634247576377106,0.20904794498528445,0.0
0.1385,1.1925577368554188,0.19696703356682121,0.20871417963298144,0.0
0.13875,1.1921157936487392,0.19759226546025133,0.20838022527533862,0.0
0.139,1.1916731504038267,0.19821816921748336,0.20804608355861665,0.0
0.13925,1.1912298074586707,0.1988447435456706,0.20771175626213267,0.0
0.1395,1.1907857651370324,0.1994719875051274,0.2073772452105569,0.0
0.13975,1.1903410237964818,0.20009989864797006,0.20704255201371602,0.0
0.14,1.1898955837878555,0.20072847532913585,0.20670767840674698,0.0
0.14025,1.1894494454578084,0.20135771580778794,0.2063726261048937,0.0
0.1405,1.1890026091388306,0.2019876188996932,0.20603739690264766,0.0
0.14075,1.1885550751799487,0.20261818294657985,0.20570199253239485,0.0
0.141,1.1881068439156464,0.2032494058922154,0.20536641464524652,0.0
0.14125,1.187657915695501,0.20388128681829443,0.20503066509896972,0.0
0.1415,1.1872082908536599,0.20451382364924342,0.20469474554150113,0.0
0.14175,1.186757969738858,0.2051470149942105,0.20435865775097528,0.0
0.142,1.1863069527054253,0.20578085886540265,0.20402240340975997,0.0
0.14225,1.1858552400769051,0.20641535416951484,0.2036859843226475,0.0
0.1425,1.1854028322033963,0.20705049915418527,0.20334940220861486,0.0
0.14275,1.1849497294236144,0.2076862919275726,0.20301265875123775,0.0
0.143,1.1844959321047577,0.20832273084758413,0.202675755704967,0.0
0.14325,1.1840414405488762,0.20895981488248339,0.20233869486629263,0.0
0.1435,1.183586255139533,0.20959754162343813,0.20200147787338962,0.0
0.14375,1.1831303761987577,0.21023590954626314,0.2016641064569411,0.0
0.144,1.182673804067162,0.2108749179600906,0.20132658251258495,0.0
0.14425,1.182216539100715,0.21151456432907878,0.20098890762845611,0.0
0.1445,1.1817585816363825,0.21215484713350463,0.20065108355153494,0.0
0.14475,1.1812999320181221,0.21279576466452,0.20031311200252144,0.0
0.145,1.1808405905671158,0.213437316374268,0.19997499488612025,0.0
0.14525,1.1803805576649218,0.21407949910688728,0.19963673370366886,0.0
0.1455,1.1799198336335464,0.21472231218825044,0.19929833033873767,0.0
0.14575,1.1794584188143864,0.21536575401960079,0.19895978653020885,0.0
0.146,1.1789963135553019,0.21600982243702305,0.19862110392161303,0.0
0.14625,1.1785335181978056,0.2166545164634499,0.19828228436362538,0.0
0.1465,1.1780700330837268,0.21729983417840515,0.19794332953769378,0.0
0.14675,1.1776058585546638,0.2179457735793946,0.19760424110946917,0.0
0.147,1.1771409949577876,0.2185923337683846,0.19726502095088327,0.0
0.14725,1.1766754426459884,0.21923951235997663,0.19692567066880695,0.0
0.1475,1.1762092019487929,0.21988730826645053,0.19658619208383032,0.0
0.14775,1.1757422732018659,0.22053572022937118,0.19624658699240527,0.0
0.148,1.175274656758411,0.2211847458309819,0.19590685699468935,0.0
0.14825,1.1748063529668133,0.22183438368006136,0.19556700387468773,0.0
0.1485,1.1743373621671376,0.2224846322903673,0.1952270293910905,0.0
0.14875,1.1738676846876028,0.22313549028425683,0.19488693531155032,0.0
0.149,1.1733973208863295,0.22378695584836095,0.19454672335203882,0.0
0.14925,1.1729262711117086,0.2244390268007379,0.19420639514921345,0.0
0.1495,1.1724545357004859,0.22509170219778696,0.19386595256039496,0.0
0.14975,1.171982114975297,0.22574498054601122,0.19352539732662954,0.0
0.15,1.1715090093149436,0.2263988594819537,0.193184731079312,0.0
0.15025,1.1710352190399467,0.22705333811000372,0.19284395567015866,0.0
0.1505,1.170560744494896,0.2277084144626258,0.19250307277152467,0.0
0.15075,1.170085586025592,0.22836408721034474,0.19216208417826608,0.0
0.151,1.1696097439741264,0.22902035450725577,0.19182099158298538,0.0
0.15125,1.16913321868502,0.22967721449647627,0.19147979667791892,0.0
0.1515,1.1686560105004988,0.23033466602240793,0.19113850128798893,0.0
0.15175,1.1681781197742076,0.2309927069821427,0.19079710706658215,0.0
0.152,1.1676995468262594,0.23165133625671075,0.1904556158243662,0.0
0.15225,1.16722029202864,0.2323105518151749,0.1901140292459773,0.0
0.1525,1.166740355704624,0.23297035223469464,0.18977234908620666,0.0
0.15275,1.166259738197466,0.23363073564482306,0.18943057703186827,0.0
0.153,1.1657784398496238,0.23429170112576259,0.1890887149555438,0.0
0.15325,1.165296461021989,0.23495324634474457,0.18874676447017347,0.0
0.1535,1.1648138020256724,0.23561537027133284,0.1884047273961844,0.0
0.15375,1.1643304632312195,0.2362780706106875,0.18806260536208064,0.0
0.154,1.163846444975056,0.23694134620330942,0.1877204001875663,0.0
0.15425,1.1633617475831117,0.2376051956410592,0.18737811363325108,0.0
0.1545,1.1628763714156165,0.23826961697407256,0.18703574738493955,0.0
0.15475,1.1623903168164174,0.23893460875087413,0.18669330321170374,0.0
0.155,1.1619035841297556,0.23960016876292656,0.1863507827302997,0.0
0.15525,1.1614161736921393,0.24026629589052106,0.18600818776880335,0.0
0.1555,1.1609280858449162,0.24093298869259883,0.18566552009573467,0.0
0.15575,1.1604393209429396,0.24160024517727408,0.18532278138076363,0.0
0.156,1.159949879311798,0.24226806387503075,0.18497997337052507,0.0
0.15625,1.159459761305141,0.24293644323658015,0.18463709782287951,0.0
0.1565,1.158968967256989,0.24360538181956315,0.18429415649837044,0.0
0.15675,1.158477497528705,0.24427487737712994,0.1839511510184797,0.0
0.157,1.157985352450641,0.24494492862331896,0.18360808317133337,0.0
0.15725,1.1574925323621466,0.24561553444158335,0.1832649547895684,0.0
0.1575,1.1569990376229276,0.246286692314861,0.1829217674350978,0.0
0.15775,1.1565048685580606,0.2469584011347905,0.18257852292756827,0.0
0.158,1.1560100255174943,0.24763065923696814,0.18223522299544648,0.0
0.15825,1.155514508842454,0.24830346489636668,0.18189186934548252,0.0
0.1585,1.1550183188791763,0.2489768168670068,0.18154846378966005,0.0
0.15875,1.1545214559615353,0.24965071341028278,0.1812050080243508,0.0
0.159,1.154023920435365,0.2503251528316639,0.18086150376629928,0.0
0.15925,1.1535257126625111,0.2510001330721252,0.18051795266983506,0.0
0.1595,1.1530268329646953,0.2516756529667745,0.1801743565392564,0.0
0.15975,1.1525272816900198,0.25235171096203857,0.17983071712227194,0.0
0.16,1.1520270591849981,0.25302830536041654,0.1794870361339287,0.0
0.16025,1.1515261657884106,0.25370543446458527,0.17914331528115035,0.0
0.1605,1.1510246018540347,0.254383096403906,0.17879955624748933,0.0
0.16075,1.150522367708731,0.25506129000380895,0.17845576083979986,0.0
0.161,1.1500194637097019,0.255740013335263,0.17811193073148646,0.0
0.16125,1.149515890192506,0.2564192650416359,0.17776806769820452,0.0
0.1615,1.1490116475071512,0.25709904311746357,0.17742417338825422,0.0
0.16175,1.148506735986233,0.25777934625298116,0.17708024958384438,0.0
0.162,1.148001155965364,0.2584601732377294,0.17673629809226532,0.0
0.16225,1.1474949078125085,0.2591415218572166,0.17639232053176523,0.0
0.1625,1.14698799185373,0.2598233905984131,0.17604831863266046,0.0
0.16275,1.1464804084397446,0.26050577759737337,0.17570429407133492,0.0
0.163,1.1459721579073971,0.2611886818666136,0.1753602487042667,0.0
0.16325,1.1454632406002903,0.2618721013058263,0.17501618414762588,0.0
0.1635,1.144953656859097,0.2625560349476075,0.1746721022661719,0.0
0.16375,1.1444434070337564,0.2632404803208317,0.17432800459776754,0.0
0.164,1.143932491465434,0.2639254361503234,0.17398389293782635,0.0
0.16425,1.1434209104921675,0.26461090075866167,0.17363976898835864,0.0
0.1645,1.1429086644638173,0.2652968727412386,0.1732956345238601,0.0
0.16475,1.142395753713986,0.26598335053741806,0.17295149126758735,0.0
0.165,1.14188217861238,0.26667033195334966,0.1726073408335227,0.0
0.16525,1.1413679394596905,0.26735781606496545,0.17226318505593596,0.0
0.1655,1.140853036634164,0.2680458005699933,0.17191902553060467,0.0
0.16575,1.1403374704602245,0.26873428452818615,0.17157486411091094,0.0
0.166,1.1398212412827993,0.2694232662593308,0.17123070250113726,0.0
0.16625,1.1393043494555286,0.2701127435121151,0.17088654228150002,0.0
0.1665,1.1387867953095203,0.2708027150545078,0.1705423852437895,0.0
0.16675,1.1382685792077643,0.27149317906384596,0.17019823307414716,0.0
0.167,1.1377497014758422,0.2721841341161806,0.1698540875138843,0.0
0.16725,1.1372301624417878,0.27287557928651296,0.16950995042296468,0.0
0.1675,1.1367099624760413,0.2735675119235168,0.16916582329980323,0.0
0.16775,1.1361891019111636,0.2742599307958997,0.16882170793576057,0.0
0.168,1.135667581085382,0.27495283422270944,0.16847760602222217,0.0
0.16825,1.1351454003484194,0.275646220914453,0.16813351935324272,0.0
0.1685,1.1346225600433322,0.2763400886910361,0.16778944950579788,0.0
0.16875,1.1340990605121652,0.27703443625627244,0.16744539826340765,0.0
0.169,1.133574902094616,0.2777292619054066,0.16710136731020087,0.0
0.16925,1.1330500851338285,0.27842456447093156,0.16675735846087725,0.0
0.1695,1.1325246099760329,0.27912034153305143,0.16641337323390326,0.0
0.16975,1.1319984769715439,0.27981659198414377,0.16606941346367354,0.0
0.17,1.1314716864565428,0.28051331388346057,0.1657254807709636,0.0
0.17025,1.1309442387715753,0.2812105059548955,0.16538157693951328,0.0
0.1705,1.1304161342626575,0.28190816624189097,0.16503770359383485,0.0
0.17075,1.129887373278406,0.28260629317191643,0.16469386245242457,0.0
0.171,1.1293579561434728,0.2833048857167526,0.16435005534226899,0.0
0.17125,1.1288278832153391,0.28400394149509367,0.16400628379282045,0.0
0.1715,1.1282971548446976,0.2847034590562174,0.16366254955172232,0.0
0.17175,1.1277657713562579,0.2854034371230867,0.16331885438363258,0.0
0.172,1.127233733098051,0.28610387404524573,0.16297519998401788,0.0
0.17225,1.126701040407206,0.28680476845174496,0.1626315881057676,0.0
0.1725,1.1261676936385472,0.2875061180215326,0.1622880202836885,0.0
0.17275,1.1256336931423379,0.2882079212637123,0.16194449825127566,0.0
0.173,1.1250990392419282,0.28891017688153653,0.16160102376368046,0.0
0.17325,1.1245637322928046,0.28961288327754886,0.16125759853215071,0.0
0.1735,1.1240277726323233,0.2903160385671626,0.1609142241777004,0.0
0.17375,1.1234911606102411,0.29101964116091494,0.16057090240569716,0.0
0.174,1.12295389656779,0.29172368945614835,0.16022763490906833,0.0
0.17425,1.1224159808404715,0.2924281820800516,0.15988442343223208,0.0
0.1745,1.1218774137651124,0.2931331175264802,0.1595412696868923,0.0
0.17475,1.1213381957035693,0.29383849369363446,0.15919817525731128,0.0
0.175,1.1207983269926745,0.2945443091962474,0.15885514188334726,0.0
0.17525,1.1202578079710859,0.29525056221221746,0.15851217119493954,0.0
0.1755,1.1197166389730433,0.29595725187753885,0.15816926506102447,0.0
0.17575,1.1191748203635885,0.2966643756680867,0.15782642495600618,0.0
0.176,1.1186323524697148,0.2973719325567643,0.15748365269859121,0.0
0.17625,1.1180892356382155,0.29807992059277666,0.1571409498892713,0.0
0.1765,1.1175454702273042,0.2987883375778111,0.15679831807367295,0.0
0.17675,1.1170010565615327,0.2994971832089277,0.1564557592530993,0.0
0.177,1.11645599498544,0.30020645503601173,0.15611327489317306,0.0
0.17725,1.1159102858453434,0.30091615170838537,0.15577086674410512,0.0
0.1775,1.1153639294752156,0.3016262718074927,0.15542853652611566,0.0
0.17775,1.1148169262511283,0.3023368125129622,0.15508628563259808,0.0
0.178,1.1142692764767186,0.30304777379633663,0.15474411611528271,0.0
0.17825,1.1137209805107395,0.3037591532400512,0.15440202945374093,0.0
0.1785,1.1131720386969226,0.3044709494712947,0.15406002738532387,0.0
0.17875,1.1126224513800032,0.3051831605839084,0.15371811150680603,0.0
0.179,1.11207221889825,0.30589578517049176,0.15337628353904909,0.0
0.17925,1.111521341586774,0.3066088218561944,0.15303454520795068,0.0
0.1795,1.110969819798884,0.30732226881928426,0.1526928981373128,0.0
0.17975,1.1104176538847328,0.3080361239776721,0.1523513438765376,0.0
0.18,1.1098648441913685,0.3087503860135996,0.152009884174384,0.0
0.18025,1.1093113910366381,0.3094650536016843,0.15166852074906267,0.0
0.1805,1.1087572947721178,0.3101801251068963,0.15132725526746515,0.0
0.18075,1.108202555752812,0.3108955986093207,0.15098608932154867,0.0
0.181,1.1076471743155942,0.31161147263907196,0.15064502460559548,0.0
0.18125,1.1070911507957102,0.3123277455730289,0.15030406276988373,0.0
0.1815,1.1065344855576729,0.31304441549983153,0.1499632054131188,0.0
0.18175,1.1059771789218793,0.3137614812149607,0.14962245428236343,0.0
0.182,1.1054192312355997,0.31447894119368414,0.1492818110628067,0.0
0.18225,1.104860642848678,0.3151967934418707,0.1489412773123051,0.0
0.1825,1.104301414103009,0.31591503625885764,0.14860085465941597,0.0
0.18275,1.1037415453357504,0.31663366849443975,0.14826054487838136,0.0
0.183,1.1031810368982866,0.31735268834436425,0.14792034957629974,0.0
0.18325,1.1026198891236494,0.3180720941432966,0.1475802703792668,0.0
0.1835,1.1020581023634146,0.31879188428299443,0.14724030894558116,0.0
0.18375,1.101495676951032,0.31951205720747566,0.14690046692935188,0.0
0.184,1.100932613238184,0.3202326111390832,0.1465607459390943,0.0
0.18425,1.1003689115706048,0.32095354433865,0.14622114758654647,0.0
0.1845,1.0998045722929903,0.32167485536847096,0.14588167356533543,0.0
0.18475,1.099239595734885,0.3223965430152944,0.145542325616826,0.0
0.185,1.098673982232297,0.32311860529466685,0.14520310527073943,0.0
0.18525,1.0981077321472328,0.3238410408241137,0.14486401424954565,0.0
0.1855,1.0975408458276144,0.3245638472712358,0.1445250539920484,0.0
0.18575,1.0969733235979935,0.3252870238439982,0.14418622634906497,0.0
0.186,1.0964051658192744,0.3260105681638876,0.14384753275501327,0.0
0.18625,1.095836372818218,0.32673447918985943,0.1435089749900773,0.0
0.1865,1.0952669449489396,0.32745875516712886,0.14317055465638595,0.0
0.18675,1.094696882560808,0.32818339405471164,0.14283227326743875,0.0
0.187,1.094126185969583,0.32890839524170445,0.14249413271352074,0.0
0.18725,1.0935548555455121,0.32963375603307554,0.14215613433699992,0.0
0.1875,1.0929828916210118,0.33035947545249655,0.1418182799366443,0.0
0.18775,1.092410294531694,0.33108555190846545,0.14148057113616952,0.0
0.188,1.0918370646331803,0.33181198317068095,0.14114300939122426,0.0
0.18825,1.0912632022531774,0.33253876844394625,0.14080559654573732,0.0
0.1885,1.0906887077570073,0.3332659055740237,0.1404683340832944,0.0
0.18875,1.0901135814715064,0.3339933930824728,0.1401312236454968,0.0
0.189,1.0895378237410032,0.33472122928964154,0.13979426683040042,0.0
0.18925,1.088961434908066,0.33544941286103125,0.13945746533420245,0.0
0.1895,1.0883844153219882,0.3361779418670494,0.13912082068310516,0.0
0.18975,1.0878067653289523,0.3369068144932186,0.13878433443185645,0.0
0.19,1.0872284852609546,0.3376360294837042,0.13844800828511739,0.0
0.19025,1.0866495754727523,0.3383655851231424,0.1381118438320723,0.0
0.1905,1.0860700362988978,0.3390954796829746,0.1377758426367277,0.0
0.19075,1.0854898680762592,0.3398257119819377,0.13744000642682064,0.0
0.191,1.084909071159039,0.34055628014753125,0.13710433673919864,0.0
0.19125,1.0843276458870401,0.34128718238684996,0.13676883511841798,0.0
0.1915,1.0837455925954669,0.34201841730960325,0.1364335032236006,0.0
0.19175,1.0831629116361288,0.34274998327202866,0.13609834265218068,0.0
0.192,1.0825796033584223,0.3434818783724296,0.13576335491947056,0.0
0.19225,1.0819956680942453,0.3442141013904916,0.1354285417280896,0.0
0.1925,1.0814111061897755,0.34494665024821813,0.13509390453303927,0.0
0.19275,1.080825917988076,0.34567952396761115,0.1347594451183216,0.0
0.193,1.0802401038351368,0.34641272040465765,0.13442516491476986,0.0
0.19325,1.0796536640736318,0.3471462376783023,0.1340910654272076,0.0
0.1935,1.0790665990279036,0.3478800754707265,0.13375714862009347,0.0
0.19375,1.0784789090600313,0.34861423118174173,0.13342341579382966,0.0
0.194,1.0778905945243562,0.34934870262326,0.1330898683637698,0.0
0.19425,1.0773016557368824,0.3500834892483553,0.13275650821248064,0.0
0.1945,1.0767120930576068,0.3508185893520803,0.13242333690695207,0.0
0.19475,1.0761219068241412,0.3515540008385898,0.13209035586937357,0.0
0.195,1.0755310973760546,0.35228972226719435,0.13175756672444527,0.0
0.19525,1.0749396650781158,0.35302575146654647,0.13142497089147342,0.0
0.1955,1.0743476102462524,0.35376208766358275,0.1310925701771406,0.0
0.19575,1.0737549332382597,0.3544987292091477,0.130760366153855,0.0
0.196,1.0731616343812183,0.3552356742342724,0.13042836029376303,0.0
0.19625,1.0725677140505774,0.35597292069741115,0.130096554057894,0.0
0.1965,1.0719731725558095,0.35671046754915636,0.1297649491546926,0.0
0.19675,1.0713780102577481,0.35744831262615406,0.12943354698854947,0.0
0.197,1.0707822274893148,0.35818645533368,0.1291023494313901,0.0
0.19725,1.070185824599447,0.3589248932355673,0.12877135778587245,0.0
0.1975,1.069588801924408,0.35966362492460746,0.12844057366615425,0.0
0.19775,1.068991159817122,0.36040264873397376,0.12810999861787398,0.0
0.198,1.0683928986275957,0.3611419629103736,0.1277796341540458,0.0
0.19825,1.0677940186633086,0.36188156627068224,0.12744948192797545,0.0
0.1985,1.0671945203005988,0.36262145721354244,0.12711954352291244,0.0
0.19875,1.0665944038760082,0.3633616334604852,0.12678982026404984,0.0
0.199,1.0659936697255266,0.3641020939161663,0.1264603138544349,0.0
0.19925,1.0653923181972205,0.36484283668595197,0.12613102574909085,0.0
0.1995,1.0647903496391382,0.3655838603127961,0.12580195754219758,0.0
0.19975,1.064187764393917,0.3663251628570592,0.1254731106641216,0.0
0.2,1.0635845627885632,0.36706674346794443,0.12514448688259616,0.0
0.20025,1.0629807451712703,0.36780860001854876,0.12481608756830731,0.0
0.2005,1.0623763119025114,0.368550730487037,0.12448791413430071,0.0
0.20075,1.061771263306404,0.369293134283339,0.124159968426242,0.0
0.201,1.06116559973113,0.370035809209881,0.12383225178419766,0.0
0.20125,1.0605593215172648,0.3707787535565146,0.12350476569798485,0.0
0.2015,1.0599524290121471,0.3715219662223106,0.12317751186285886,0.0
0.20175,1.0593449225627973,0.3722654444449205,0.1228504914223234,0.0
0.202,1.0587368025147306,0.37300918735401467,0.12252370614148633,0.0
0.20225,1.0581280691992236,0.373753193495709,0.12219715757772165,0.0
0.2025,1.0575187229740526,0.3744974606984641,0.12187084707209883,0.0
0.20275,1.056908764168071,0.3752419879963682,0.12154477633786231,0.0
0.203,1.0562981931280957,0.3759867733811646,0.1212189467553868,0.0
0.20325,1.0556870101974094,0.37673181546535517,0.12089335990689487,0.0
0.2035,1.0550752157135366,0.37747711254046123,0.12056801725948318,0.0
0.20375,1.0544628100246012,0.37822266299321683,0.12024292031981121,0.0
0.204,1.0538497934675575,0.378968465534129,0.11991807069129212,0.0
0.20425,1.0532361664055934,0.37971451773205445,0.11959346961351902,0.0
0.2045,1.0526219291625518,0.38046081864432324,0.11926911879020441,0.0
0.20475,1.052007082093613,0.3812073660393338,0.11894501951515224,0.0
0.205,1.0513916255293319,0.3819541590244455,0.11862117351196355,0.0
0.20525,1.0507755598199717,0.3827011956533255,0.11829758216203778,0.0
0.2055,1.0501588853088688,0.38344847398206383,0.11797424683770763,0.0
0.20575,1.0495416023434951,0.38419599286584827,0.11765116918648921,0.0
0.206,1.0489237112516465,0.3849437506973672,0.11732835067713387,0.0
0.20625,1.0483052123825458,0.3856917457752047,0.1170057927636452,0.0
0.2065,1.0476861060800164,0.3864399765151134,0.11668349693281876,0.0
0.20675,1.047066392705525,0.3871884406605659,0.11636146445249596,0.0
0.207,1.0464460725691147,0.3879371377181968,0.11603969715073847,0.0
0.20725,1.0458251460357844,0.38868606512314585,0.11571819618651191,0.0
0.2075,1.0452036134404035,0.3894352217676129,0.11539696319385162,0.0
0.20775,1.0445814751332565,0.390184605758634,0.11507599954558745,0.0
0.208,1.0439587314583076,0.3909342157016482,0.11475530678005819,0.0
0.20825,1.0433353827477692,0.3916840497752929,0.11443488627277287,0.0
0.2085,1.0427114293480793,0.3924341066688726,0.11411473958928964,0.0
0.20875,1.0420868716047942,0.3931843842506524,0.11379486800291527,0.0
0.209,1.0414617098666474,0.39393488147679534,0.11347527317066985,0.0
0.20925,1.0408359444636202,0.39468559655699664,0.11315595646658094,0.0
0.2095,1.0402095757428538,0.3954365275568321,0.11283691922641248,0.0
0.20975,1.0395826040571283,0.39618767306630076,0.11251816297438033,0.0
0.21,1.0389550297310195,0.39693903193277436,0.11219968929824442,0.0
0.21025,1.0383268531377787,0.3976906013044541,0.11188149922233204,0.0
0.2105,1.0376980745875133,0.3984423811521438,0.1115635947172895,0.0
0.21075,1.0370686944418819,0.3991943686498871,0.11124597679954329,0.0
0.211,1.0364387130350776,0.3999465629364707,0.11092864716079043,0.0
0.21125,1.03580813070942,0.4006989618595185,0.11061160703417783,0.0
0.2115,1.0351769478179662,0.4014515641763907,0.11029485798745875,0.0
0.21175,1.0345451646978163,0.40220436803635096,0.1099784013516445,0.0
0.212,1.0339127816972518,0.40295737183691926,0.10966223855489754,0.0
0.21225,1.0332797991441893,0.4037105739555358,0.10934637099643707,0.0
0.2125,1.0326462174002595,0.40446397297178294,0.10903080017787747,0.0
0.21275,1.0320120368041361,0.40521756665312836,0.10871552728051226,0.0
0.213,1.0313772577013236,0.4059713538728005,0.10840055389232695,0.0
0.21325,1.0307418804227368,0.4067253331748617,0.10808588146569309,0.0
0.2135,1.0301059053134676,0.4074795027572904,0.10777151133661467,0.0
0.21375,1.0294693327127598,0.408233861253791,0.10745744499291465,0.0
0.214,1.028832162985398,0.4089884064578655,0.10714368363377158,0.0
0.21425,1.0281943964509035,0.4097431372120539,0.10683022879997894,0.0
0.2145,1.027556033465762,0.41049805162637654,0.10651708179356256,0.0
0.21475,1.0269170743694278,0.4112531485396502,0.10620424416797491,0.0
0.215,1.0262775195068397,0.41200842556350636,0.10589171702315903,0.0
0.21525,1.0256373692116112,0.4127638820498518,0.10557950209298794,0.0
0.2155,1.0249966238319814,0.4135195158684297,0.10526760057056816,0.0
0.21575,1.024355283714739,0.4142753253103919,0.10495601380115316,0.0
0.216,1.0237133492116277,0.41503130843629066,0.10464474304476168,0.0
0.21625,1.023070820657063,0.4157874641758852,0.10433378986868336,0.0
0.2165,1.0224276983796419,0.416543790893968,0.10402315562048314,0.0
0.21675,1.0217839827391815,0.4173002870083309,0.10371284169369854,0.0
0.217,1.0211396740713805,0.41805695070579674,0.10340284936918387,0.0
0.21725,1.0204947727235332,0.4188137802860723,0.10309317997781386,0.0
0.2175,1.0198492790309883,0.41957077464469705,0.10278383506287292,0.0
0.21775,1.0192031933413888,0.42032793161924786,0.10247481577431028,0.0
0.218,1.0185565160105232,0.42108524967029126,0.10216612350288945,0.0
0.21825,1.0179092473624747,0.4218427273796408,0.10185775965372845,0.0
0.2185,1.0172613877429781,0.42260036313199123,0.10154972557395725,0.0
0.21875,1.0166129375008082,0.423358155287481,0.10124202260104509,0.0
0.219,1.0159638969844498,0.42411610185961734,0.10093465193553919,0.0
0.21925,1.015314266534727,0.4248742015730329,0.10062761504119688,0.0
0.2195,1.0146640464877292,0.4256324528771387,0.10032091326897108,0.0
0.21975,1.014013237187652,0.42639085365358653,0.10001454775435392,0.0
0.22,1.013361838978051,0.4271494029061458,0.09970852006340936,0.0
0.22025,1.0127098521998734,0.42790809908162686,0.09940283154189711,0.0
0.2205,1.0120572771962395,0.4286669401090961,0.09909748333273938,0.0
0.22075,1.011404114316988,0.42942592429774606,0.09879247672902469,0.0
0.221,1.010750363911794,0.43018505009902697,0.09848781307601517,0.0
0.22125,1.0100960263073318,0.430944316291324,0.09818349382316716,0.0
0.2215,1.0094411018520986,0.43170372082137476,0.09787952011110868,0.0
0.22175,1.0087855908884862,0.4324632624909981,0.0975758934071893,0.0
0.222,1.0081294937718492,0.43322293917886157,0.09727261482434546,0.0
0.22225,1.0074728108279436,0.4339827494719941,0.09696968572373454,0.0
0.2225,1.0068155424002962,0.43474269213873384,0.09666710755216723,0.0
0.22275,1.00615768883885,0.43550276521043685,0.09636488146760369,0.0
0.223,1.0054992504919382,0.4362629667483944,0.0960630086340657,0.0
0.22325,1.0048402276879493,0.4370232959382605,0.0957614906414217,0.0
0.2235,1.0041806207807207,0.4377837504889186,0.09546032851203567,0.0
0.22375,1.0035204301148823,0.43854432897698103,0.09515952360184898,0.0
0.224,1.0028596560341718,0.4393050296156744,0.09485907711750996,0.0
0.22425,1.0021982988691678,0.44006585123824493,0.09455899049904803,0.0
0.2245,1.0015363589624562,0.44082679190914575,0.09425926488592418,0.0
0.22475,1.0008738366744,0.4415878502710058,0.09395990166290002,0.0
0.225,1.0002107323295462,0.4423490245506301,0.09366090201126842,0.0
0.22525,0.9995470462796221,0.443110312945997,0.09336226712166007,0.0
0.2255,0.9988827788793879,0.44387171400043,0.09306399832374312,0.0
0.22575,0.9982179304504966,0.44463322621930956,0.09276609689862925,0.0
0.226,0.9975525013533812,0.44539484761465076,0.09246856395873726,0.0
0.22625,0.9968864919243918,0.4461565766330722,0.09217140076741748,0.0
0.2265,0.9962199025079967,0.44691841188205217,0.09187460865807218,0.0
0.22675,0.995552733435682,0.44768035181583343,0.09157818888671754,0.0
0.227,0.9948849850626096,0.4484423949318028,0.09128214274549551,0.0
0.22725,0.9942166577193292,0.4492045394009736,0.09098647136664106,0.0
0.2275,0.9935477517685223,0.44996678335233753,0.09069117589019426,0.0
0.22775,0.9928782675404733,0.4507291254394872,0.0903962576392201,0.0
0.228,0.9922082053878603,0.4514915636794612,0.09010171769093334,0.0
0.22825,0.9915375656396426,0.4522540972846869,0.08980755759233738,0.0
0.2285,0.9908663486451932,0.453016723953823,0.08951377827878426,0.0
0.22875,0.9901945547511719,0.4537794424563302,0.08922038112351238,0.0
0.229,0.9895221842869435,0.4545422507815289,0.08892736715611216,0.0
0.22925,0.9888492376145439,0.4553051474943146,0.08863473767177044,0.0
0.2295,0.9881757150690222,0.45606813093344556,0.0883424938434132,0.0
0.22975,0.9875016169949398,0.45683119964651553,0.088050636936579,0.0
0.23,0.9868269437269028,0.4575943517749721,0.08775916803386985,0.0
0.23025,0.986151695616255,0.4583575859696296,0.08746808844339027,0.0
0.2305,0.9854758730052573,0.4591209002093919,0.08717739917851342,0.0
0.23075,0.9847994762333798,0.45988429379502804,0.08688710180445636,0.0
0.231,0.9841225056399949,0.4606477640646034,0.08659719705365543,0.0
0.23125,0.9834449615838496,0.4614113096707939,0.0863076862274228,0.0
0.2315,0.9827668443886133,0.46217492945631733,0.08601857067340468,0.0
0.23175,0.9820881544063211,0.4629386214356117,0.08572985140960299,0.0
0.232,0.9814088919817159,0.4637023841689185,0.08544152967569763,0.0
0.23225,0.9807290574595209,0.46446621548116696,0.08515360639350877,0.0
0.2325,0.9800486511857962,0.465230114061292,0.0848660828510499,0.0
0.23275,0.9793676735028041,0.46599407839366336,0.08457896024229372,0.0
0.233,0.9786861247398566,0.46675810681015406,0.08429223968048283,0.0
0.23325,0.9780040052445242,0.4675221980990045,0.08400592248827499,0.0
0.2335,0.9773213153603755,0.46828635037562805,0.08372000969155313,0.0
0.23375,0.9766380554360523,0.46905056192149885,0.08343450238802497,0.0
0.234,0.9759542258110712,0.46981483103818533,0.08314940167177576,0.0
0.23425,0.9752698268303484,0.470579156302108,0.08286470875714724,0.0
0.2345,0.9745848588324255,0.47134353612845814,0.08258042477937777,0.0
0.23475,0.9738993221714112,0.4721079685556546,0.08229655071966357,0.0
0.235,0.9732132171673782,0.47287245251475696,0.0820130879137273,0.0
0.23525,0.9725265441900757,0.47363698587756176,0.08173003727615558,0.0
0.2355,0.9718393035683264,0.4744015672219817,0.08144739998894157,0.0
0.23575,0.9711514956572698,0.475166194554447,0.0811651770033599,0.0
0.236,0.9704631207909433,0.475930866495645,0.08088336951707809,0.0
0.23625,0.9697741793192589,0.4766955818308318,0.0806019788115222,0.0
0.2365,0.969084671565551,0.4774603388589753,0.08032100592677516,0.0
0.23675,0.9683945978880666,0.47822513540853606,0.08004045172174123,0.0
0.237,0.9677039586281422,0.4789899703324707,0.07976031748887591,0.0
0.23725,0.9670127541264679,0.4797548422395579,0.07948060440915738,0.0
0.2375,0.9663209847270537,0.4805197488963344,0.07920131328833135,0.0
0.23775,0.9656286507811389,0.48128468890414666,0.0789224453050199,0.0
0.238,0.9649357526131952,0.48204966092254153,0.07864400163665253,0.0
0.23825,0.9642422905768024,0.48281466307492593,0.07836598324360788,0.0
0.2385,0.963548265020103,0.483579693659145,0.07808839115478983,0.0
0.23875,0.9628536762809285,0.48434475099591623,0.0778112263958819,0.0
0.239,0.9621585246963731,0.4851098342191946,0.0775344903538242,0.0
0.23925,0.9614628106276069,0.48587494068545567,0.07725818363381798,0.0
0.2395,0.9607665343988638,0.4866400693209272,0.07698230750996093,0.0
0.23975,0.9600696963745283,0.4874052179806654,0.07670686280503425,0.0
0.24,0.9593722968690461,0.48817038587505834,0.07643185090612792,0.0
0.24025,0.9586743362419201,0.4889355711983612,0.07615727277752193,0.0
0.2405,0.9579758148334179,0.4897007720938831,0.0758831293384501,0.0
0.24075,0.9572767329880258,0.49046598710661726,0.07560942169018592,0.0
0.241,0.9565770910381299,0.4912312145924318,0.07533615083327616,0.0
0.24125,0.9558768893435059,0.49199645270243764,0.07506331769472951,0.0
0.2415,0.9551761282320193,0.49276169998275066,0.07479092334937465,0.0
0.24175,0.9544748080693688,0.49352695440688166,0.07451896863907925,0.0
0.242,0.9537729291820234,0.4942922148685227,0.0742474547887404,0.0
0.24225,0.9530704919075259,0.4950574799943013,0.07397638290753927,0.0
0.2425,0.9523674966002176,0.4958227476151009,0.07370575374874155,0.0
0.24275,0.9516639436022827,0.4965880162610361,0.07343556837228005,0.0
0.243,0.9509598332480504,0.4973532841617043,0.07316582768815039,0.0
0.24325,0.9502551658907876,0.4981185501456977,0.0728965328965232,0.0
0.2435,0.949549941856022,0.4988838125610684,0.0726276849467582,0.0
0.24375,0.948844161504536,0.49964906946223664,0.0723592846782859,0.0
0.244,0.9481378251739458,0.5004143192978603,0.07209133308870697,0.0
0.24425,0.9474309332132662,0.5011795605348297,0.0718238311902033,0.0
0.2445,0.9467234859578224,0.5019447914192909,0.07155677987547016,0.0
0.24475,0.9460154837457442,0.5027100105758322,0.07129018021255451,0.0
0.245,0.9453069269394332,0.5034752158728963,0.07102403293200399,0.0
0.24525,0.9445978158606587,0.5042404065627153,0.07075833937413689,0.0
0.2455,0.9438881508649435,0.505005580301173,0.07049310015458143,0.0
0.24575,0.9431779322867193,0.5057707357779435,0.07022831635217619,0.0
0.246,0.9424671604691928,0.5065358716761992,0.0699639890471222,0.0
0.24625,0.9417558357543001,0.507300985866614,0.06970011892984229,0.0
0.2465,0.9410439585053092,0.5080660766092819,0.06943670688848647,0.0
0.24675,0.9403315290495633,0.5088311426431673,0.06917375400270709,0.0
0.247,0.9396185477275305,0.5095961819865948,0.06891126101697909,0.0
0.24725,0.9389050148860756,0.510361193707503,0.06864922917708083,0.0
0.2475,0.938190930860938,0.5111261755742902,0.0683876590951964,0.0
0.24775,0.9374762960044438,0.5118911266487487,0.06812655201148177,0.0
0.248,0.9367611106706379,0.5126560437815328,0.06786590810392479,0.0
0.24825,0.9360453751854909,0.5134209270574388,0.06760572907167672,0.0
0.2485,0.9353290898813096,0.5141857744561236,0.06734601560658038,0.0
0.24875,0.9346122551206055,0.5149505841828201,0.06708676853002515,0.0
0.249,0.9338948712454249,0.5157153539162849,0.06682798838590087,0.0
0.24925,0.9331769385957902,0.5164800832624579,0.06656967664274349,0.0
0.2495,0.93245845751048,0.5172447695904623,0.06631183368258364,0.0
0.24975,0.9317394283450986,0.5180094115546439,0.0660544605188047,0.0
0.25,0.9310198514185495,0.5187740081070729,0.0657975582740351,0.0
0.25025,0.9302997270945206,0.5195385572841289,0.06554112766097098,0.0
0.2505,0.9295790557109584,0.5203030572105192,0.06528516940727669,0.0
0.25075,0.9288578376093108,0.5210675065067392,0.065029684480858,0.0
0.251,0.9281360731376029,0.5218319033443635,0.06477467363160505,0.0
0.25125,0.9274137626322825,0.5225962463254774,0.064520137805409,0.0
0.2515,0.9266909064310258,0.5233605339978666,0.06426607791871697,0.0
0.25175,0.9259675048915688,0.5241247645180351,0.06401249470868686,0.0
0.252,0.9252435583520795,0.5248889361222737,0.06375938892946564,0.0
0.25225,0.9245190671415922,0.5256530473585599,0.06350676147624945,0.0
0.2525,0.923794031640804,0.5264170960694798,0.06325461293586443,0.0
0.25275,0.9230684521483483,0.5271810817432581,0.0630029446335223,0.0
0.253,0.9223423290304693,0.5279450019431664,0.06275175699601676,0.0
0.25325,0.9216156626168102,0.5287088554215558,0.06250105100267733,0.0
0.2535,0.9208884532588544,0.5294726407643324,0.0622508275654301,0.0
0.25375,0.9201607013107234,0.5302363555081726,0.06200108707064489,0.0
0.254,0.9194324070959294,0.5309999987219456,0.06175183063695311,0.0
0.25425,0.9187035709706741,0.531763568654398,0.06150305899810249,0.0
0.2545,0.9179741932673331,0.5325270637502868,0.06125477296043891,0.0
0.25475,0.9172442743437406,0.5332904821015916,0.06100697317054582,0.0
0.255,0.9165138145275658,0.5340538224102644,0.060759660550345096,0.0
0.25525,0.915782814161078,0.5348170831658763,0.06051283592365797,0.0
0.2555,0.9150512735944605,0.5355802624232169,0.060266499897156045,0.0
0.25575,0.9143191931797476,0.5363433585318305,0.06002065322241168,0.0
0.256,0.9135865732618904,0.5371063695708571,0.059775296502984965,0.0
0.25625,0.9128534141643199,0.5378692947683561,0.059530430901379994,0.0
0.2565,0.9121197162334866,0.5386321319553886,0.05928605688768673,0.0
0.25675,0.9113854798152536,0.5393948799956974,0.05904217545084256,0.0
0.257,0.9106507052635682,0.5401575364441911,0.058798786915857715,0.0
0.25725,0.9099153928998098,0.5409201006754571,0.05855589250202664,0.0
0.2575,0.9091795430914833,0.5416825700984234,0.058313492460750904,0.0
0.25775,0.9084431561673498,0.5424449438005468,0.058071587862595475,0.0
0.258,0.9077062324750043,0.5432072200086324,0.05783017934991497,0.0
0.25825,0.9069687723540378,0.5439693968537114,0.0575892675035905,0.0
0.2585,0.9062307761588124,0.5447314727154549,0.05734885303959736,0.0
0.25875,0.9054922442089226,0.5454934463653629,0.05710893684145546,0.0
0.259,0.9047531768615349,0.5462553160914254,0.056869519571447924,0.0
0.25925,0.9040135744758908,0.5470170796596179,0.05663060161818789,0.0
0.2595,0.9032734373704754,0.547778736263588,0.056392184068780216,0.0
0.25975,0.9025327658916178,0.5485402839733737,0.05615426744844587,0.0
0.26,0.9017915603926019,0.549301720957196,0.055916852333487865,0.0
0.26025,0.9010498212074356,0.5500630459899085,0.05567993959421624,0.0
0.2605,0.900307548673654,0.5508242576378848,0.05544352999158164,0.0
0.26075,0.8995647431430671,0.5515853537636275,0.055207623926494476,0.0
0.261,0.8988214049604499,0.5523463329749845,0.05497222217743225,0.0
0.26125,0.898077534473015,0.5531071935296268,0.054737325337142595,0.0
0.2615,0.8973331320150315,0.5538679336802161,0.05450293397936945,0.0
0.26175,0.896588197931758,0.5546285523604126,0.054269049040103656,0.0
0.262,0.895842732557993,0.5553890475134224,0.05403567092145334,0.0
0.26225,0.8950967362469924,0.5561494175858641,0.05380280030047069,0.0
0.2625,0.8943502093476412,0.5569096610288184,0.05357043784808391,0.0
0.26275,0.8936031522016292,0.5576697758217506,0.05333858397467317,0.0
0.263,0.8928555651394676,0.558429760762948,0.05310723950900709,0.0
0.26325,0.8921074485190774,0.5591896140673072,0.052876404989665504,0.0
0.2635,0.8913588026703345,0.5599493342102733,0.052646081064486205,0.0
0.26375,0.8906096279305136,0.5607089199436359,0.052416268530131926,0.0
0.264,0.88985992467368,0.5614683688356905,0.05218696757907937,0.0
0.26425,0.8891096932118403,0.5622276798567398,0.0519581790928505,0.0
0.2645,0.8883589338979356,0.5629868513367953,0.05172990364180263,0.0
0.26475,0.8876076470734304,0.5637458816564589,0.05150214180849377,0.0
0.265,0.886855833089889,0.564504768733272,0.05127489393030116,0.0
0.26525,0.886103492280069,0.565263511707883,0.0510481609799156,0.0
0.2655,0.8853506249864413,0.5660221085975081,0.05082194333057766,0.0
0.26575,0.8845972315656023,0.5667805576038489,0.050596241460656444,0.0
0.266,0.8838433123487115,0.5675388574403826,0.050371056097928246,0.0
0.26625,0.8830888676739508,0.5682970062018811,0.05014638763730517,0.0
0.2665,0.8823338978954984,0.56905500252725,0.04992223677601593,0.0
0.26675,0.8815784033534604,0.5698128447147042,0.04969860401026538,0.0
0.267,0.8808223843884382,0.5705705311429838,0.04947548987507111,0.0
0.26725,0.8800658413522893,0.5713280598780344,0.04925289473944816,0.0
0.2675,0.8793087745720283,0.5720854298674638,0.049030819426199246,0.0
0.26775,0.8785511844046892,0.5728426389988783,0.048809264201113534,0.0
0.268,0.8777930711741098,0.5735996862712156,0.048588229903288926,0.0
0.26825,0.8770344352539141,0.5743565693200878,0.04836771666352502,0.0
0.2685,0.8762752769650122,0.575113286829037,0.04814772513582599,0.0
0.26875,0.8755155966550385,0.5758698373265076,0.04792825590719074,0.0
0.269,0.8747553946682187,0.5766262190958358,0.0477093094221841,0.0
0.26925,0.8739946713473765,0.577382430525617,0.04749088617671404,0.0
0.2695,0.8732334270354918,0.5781384701573131,0.04727298674604796,0.0
0.26975,0.8724716620721811,0.5788943358991716,0.047055611347905923,0.0
0.27,0.8717093768117408,0.579650026644309,0.04683876075079563,0.0
0.27025,0.8709465715902409,0.5804055400910144,0.04662243504194796,0.0
0.2705,0.8701832467332984,0.5811608759629436,0.04640663541728385,0.0
0.27075,0.86941940261384,0.581916031158535,0.046191361539899,0.0
0.271,0.8686550395487587,0.5826710052167812,0.04597661448704948,0.0
0.27125,0.8678901578994112,0.5834257958235014,0.04576239433771523,0.0
0.2715,0.8671247579969934,0.5841804015819037,0.045548701650831136,0.0
0.27175,0.8663588401870668,0.5849348211074599,0.04533553699962556,0.0
0.272,0.8655924048273773,0.5856890520026852,0.045122900395281995,0.0
0.27225,0.8648254522550372,0.5864430930044904,0.04491079246067842,0.0
0.2725,0.8640579828065069,0.5871969427155221,0.044699213738627286,0.0
0.27275,0.863289996820856,0.5879505994644916,0.04448816461538163,0.0
0.273,0.8625214946387871,0.5887040618553456,0.04427764562826386,0.0
0.27325,0.861752476620919,0.5894573277894466,0.044067656929838384,0.0
0.2735,0.8609829430958897,0.5902103960446183,0.04385819913492339,0.0
0.27375,0.8602128944183207,0.5909632645177609,0.04364927237699634,0.0
0.274,0.8594423309155192,0.5917159323270198,0.043440877452640025,0.0
0.27425,0.8586712529370786,0.5924683972580809,0.04323301441724503,0.0
0.2745,0.8578996608283629,0.5932206582332711,0.04302568396187434,0.0
0.27475,0.8571275549309179,0.5939727129956935,0.04281888609926798,0.0
0.275,0.8563549355887876,0.5947245603311657,0.0426126214315532,0.0
0.27525,0.8555818031390603,0.5954761986279138,0.042406890324040436,0.0
0.2755,0.854808157936235,0.5962276259360735,0.04220169295760856,0.0
0.27575,0.854034000320107,0.5969788408043613,0.041997029780259654,0.0
0.276,0.8532593306344254,0.5977298417600991,0.041792901226179735,0.0
0.27625,0.8524841492216644,0.5984806267851752,0.041589307410248466,0.0
0.2765,0.8517084564238582,0.5992311944876292,0.04138624880059849,0.0
0.27675,0.8509322525654139,0.59998154379889,0.041183726032705925,0.0
0.277,0.8501555380260417,0.6007316721555895,0.04098173892110091,0.0
0.27725,0.8493783131142874,0.6014815788017742,0.040780288258164044,0.0
0.2775,0.8486005781965713,0.6022312614485585,0.04057937399387135,0.0
0.27775,0.8478223336107713,0.6029807187255543,0.04037899657961175,0.0
0.278,0.8470435796826885,0.6037299495809307,0.04017915663728622,0.0
0.27825,0.8462643167687705,0.6044789517946114,0.039979854131235504,0.0
0.2785,0.8454845452112352,0.6052277236523551,0.03978108930123403,0.0
0.27875,0.8447042653614858,0.6059762636965544,0.03958286253839516,0.0
0.279,0.8439234775555398,0.6067245702905097,0.039385174111906895,0.0
0.27925,0.8431421821332574,0.6074726420331444,0.03918802442635938,0.0
0.2795,0.8423603794411125,0.6082204769199251,0.0389914135337579,0.0
0.27975,0.841578069821487,0.6089680733846308,0.038795341733032895,0.0
0.28,0.8407952536288161,0.6097154300786372,0.03859980945536612,0.0
0.28025,0.8400119311830385,0.6104625450738297,0.038404816758799365,0.0
0.2805,0.8392281028327016,0.6112094174507945,0.038210364311932254,0.0
0.28075,0.8384437689287199,0.6119560451110715,0.03801645208704674,0.0
0.281,0.8376589298160149,0.6127024263301948,0.037823080265330766,0.0
0.28125,0.8368735858341436,0.6134485593124666,0.03763024897573142,0.0
0.2815,0.8360877373130988,0.6141944430717032,0.037437958812717165,0.0
0.28175,0.8353013846305968,0.6149400752857304,0.03724620961380798,0.0
0.282,0.8345145280954696,0.61568545478017,0.03705500183465138,0.0
0.28225,0.8337271680650582,0.6164305800641259,0.03686433577781845,0.0
0.2825,0.8329393048844767,0.6171754491170631,0.03667421141566152,0.0
0.28275,0.8321509388871746,0.6179200601689487,0.036484628853705514,0.0
0.283,0.8313620704327473,0.6186644120578606,0.03629558857553894,0.0
0.28325,0.8305726998443013,0.6194085030743892,0.03610709070419338,0.0
0.2835,0.8297828274808687,0.6201523314511022,0.035919135351009324,0.0
0.28375,0.8289924536620443,0.6208958960294311,0.035731722954746026,0.0
0.284,0.8282015787469412,0.621639194866944,0.0355448535113041,0.0
0.28425,0.8274102030804587,0.6223822263753007,0.035358527211478474,0.0
0.2845,0.8266183270187635,0.6231249887772137,0.03517274413592553,0.0
0.28475,0.8258259508808237,0.623867480348764,0.03498750436173492,0.0
0.285,0.8250330750172099,0.6246096998346786,0.03480280826828075,0.0
0.28525,0.8242396997802701,0.6253516454069015,0.03461865588582391,0.0
0.2855,0.823445825493512,0.626093315650408,0.03443504746543313,0.0
0.28575,0.8226514525078663,0.6268347090981052,0.03425198324364276,0.0
0.286,0.8218565811825151,0.6275758234400968,0.03406946294701485,0.0
0.28625,0.8210612118382812,0.6283166574897265,0.03388748694643229,0.0
0.2865,0.8202653448302213,0.6290572099052412,0.033706055541520064,0.0
0.28675,0.8194689805035529,0.6297974784464841,0.03352516847200282,0.0
0.287,0.8186721191935407,0.6305374619572959,0.033344826123589355,0.0
0.28725,0.8178747612528572,0.631277158606089,0.03316502847908831,0.0
0.2875,0.8170769070115247,0.6320165669289324,0.03298577572208283,0.0
0.28775,0.816278556828389,0.6327556850315617,0.032807067790300515,0.0
0.288,0.8154797110173853,0.6334945120295217,0.03262890519901673,0.0
0.28825,0.814680369947739,0.6342330455593554,0.03245128759553606,0.0
0.2885,0.8138805339736703,0.6349712836769612,0.03227421486523352,0.0
0.28875,0.8130802034037727,0.6357092257455932,0.03209768765615495,0.0
0.289,0.8122793785983755,0.6364468700413326,0.031921705984311544,0.0
0.28925,0.811478059905387,0.6371842141895669,0.03174626944815584,0.0
0.2895,0.8106762476606049,0.6379212570774726,0.031571378408872475,0.0
0.28975,0.8098739422082597,0.6386579969798305,0.031397032851189,0.0
0.29,0.8090711438943303,0.6393944326101177,0.03122323302730856,0.0
0.29025,0.8082678530568703,0.6401305616798325,0.03104997855666558,0.0
0.2905,0.8074640700368483,0.6408663832821944,0.030877269912220173,0.0
0.29075,0.8066597951833314,0.6416018952345084,0.030705106775806845,0.0
0.291,0.8058550288410602,0.6423370963092054,0.030533489413792525,0.0
0.29125,0.8050497713577753,0.6430719845469355,0.030362417633883032,0.0
0.2915,0.8042440230673338,0.6438065582658155,0.030191891399658166,0.0
0.29175,0.8034377843005054,0.6445408165529329,0.030021911147732228,0.0
0.292,0.8026310554194152,0.6452747572867779,0.02985247657865764,0.0
0.29225,0.8018238367687403,0.6460083787694657,0.02968358763791934,0.0
0.2925,0.8010161286752884,0.6467416797565093,0.029515244536095997,0.0
0.29275,0.800207931485428,0.6474746582134259,0.029347446997747273,0.0
0.293,0.7993992455638117,0.6482073124741419,0.029180194986738517,0.0
0.29325,0.798590071230324,0.6489396413622259,0.029013488735200266,0.0
0.2935,0.7977804088304745,0.6496716431930025,0.028847328170130027,0.0
0.29375,0.7969702587182166,0.6504033159267877,0.02868171299481248,0.0
0.294,0.7961596212228323,0.6511346584083526,0.02851664344639837,0.0
0.29425,0.7953484967020885,0.6518656686926647,0.02835211927938719,0.0
0.2945,0.7945368854853647,0.6525963455456534,0.028188140670921014,0.0
0.29475,0.7937247879291958,0.6533266868564027,0.028024707257569226,0.0
0.295,0.7929122043683556,0.6540566913731709,0.02786181919862374,0.0
0.29525,0.7920991351462965,0.6547863569993595,0.027699476117412303,0.0
0.2955,0.7912855806020185,0.6555156827917514,0.027537678362506313,0.0
0.29575,0.7904715410762237,0.6562446672335938,0.027376425914060976,0.0
0.296,0.7896570169266781,0.6569733081386602,0.0272157183319357,0.0
0.29625,0.7888420084892069,0.657701603754397,0.027055555429399192,0.0
0.2965,0.7880265161041775,0.6584295527849875,0.02689593731006945,0.0
0.29675,0.7872105401197296,0.6591571535448253,0.02673686382875773,0.0
0.297,0.7863940808842387,0.6598844042341199,0.026578334761252265,0.0
0.29725,0.785577138718577,0.6606113040087678,0.026420350471204834,0.0
0.2975,0.7847597139928022,0.6613378499466691,0.026262910017772922,0.0
0.29775,0.7839418070262658,0.6620640417277741,0.026106014090417018,0.0
0.298,0.7831234181748656,0.6627898770507414,0.02594966212520511,0.0
0.29825,0.78230454777124,0.6635153550134447,0.02579385443771387,0.0
0.2985,0.7814851961673126,0.6642404730398681,0.02563859027090576,0.0
0.29875,0.7806653637039493,0.6649652299811066,0.025483869776041557,0.0
0.299,0.7798450507369681,0.6656896237654877,0.025329692512598978,0.0
0.29925,0.7790242575913453,0.6664136533861864,0.025176058701758208,0.0
0.2995,0.7782029846221337,0.6671373166357739,0.025022967802564855,0.0
0.29975,0.7773812321715563,0.6678606121671038,0.024870419817444755,0.0
0.3,0.776559000565864,0.6685835388435493,0.02471841486938131,0.0
0.30025,0.7757362901656877,0.6693060945222058,0.02456695244605256,0.0
0.3005,0.7749131012970538,0.6700282781095908,0.024416032688048483,0.0
0.30075,0.7740894343114533,0.6707500874058994,0.024265655026881827,0.0
0.301,0.7732652895689398,0.6714715210024309,0.02411581941177654,0.0
0.30125,0.7724406673862443,0.6721925772950357,0.023966525626032853,0.0
0.3015,0.7716155681185866,0.6729132547139614,0.023817773499125172,0.0
0.30175,0.7707899921238239,0.6736335511719176,0.023669562516505094,0.0
0.302,0.7699639397139799,0.6743534656782586,0.023521892844579728,0.0
0.30225,0.7691374112571174,0.6750729960595834,0.023374763908199148,0.0
0.3025,0.7683104070897728,0.6757921411599241,0.023228175773110316,0.0
0.30275,0.7674829275488593,0.6765108990249544,0.023082127973370392,0.0
0.303,0.766654972982419,0.6772292685334733,0.022936620596338164,0.0
0.30325,0.7658265437389893,0.677947247534405,0.02279165304312203,0.0
0.3035,0.764997640146539,0.6786648347079378,0.022647225243840552,0.0
0.30375,0.7641682625570108,0.6793820284495524,0.022503336952808706,0.0
0.304,0.763338411305075,0.6800988271463524,0.02235998790034799,0.0
0.30425,0.7625080867376404,0.6808152293303138,0.022217177916896702,0.0
0.3045,0.7616772892124728,0.6815312325779175,0.022074906198775723,0.0
0.30475,0.7608460190532291,0.6822468364930501,0.021933173262283834,0.0
0.305,0.7600142766149902,0.6829620384615751,0.021791978162970738,0.0
0.30525,0.7591820622389467,0.6836768370078445,0.02165132069920528,0.0
0.3055,0.7583493762707403,0.6843912307365443,0.021511200721412882,0.0
0.30575,0.7575162190419682,0.6851052181644022,0.021371618005773696,0.0
0.306,0.7566825909017998,0.6858187974823338,0.021232572117622528,0.0
0.30625,0.7558484921952848,0.686531967291863,0.02109406288917448,0.0
0.3065,0.7550139232624633,0.68724472579283,0.020956089873721773,0.0
0.30675,0.7541788844444621,0.6879570713589516,0.020818652736458887,0.0
0.307,0.7533433760844943,0.6886690024675346,0.02068175120848159,0.0
0.30725,0.7525073985336712,0.689380517308372,0.020545384827285407,0.0
0.3075,0.7516709521446034,0.6900916138434496,0.020409552971272227,0.0
0.30775,0.7508340372400821,0.6908022913514031,0.02027425588152032,0.0
0.308,0.749996654158346,0.6915125478827377,0.020139492975342677,0.0
0.30825,0.749158803247763,0.6922223822275555,0.020005264172892723,0.0
0.3085,0.7483204848641221,0.6929317919167701,0.019871568540010154,0.0
0.30875,0.747481699335812,0.6936407763772294,0.01973840640389679,0.0
0.309,0.7466424470256712,0.6943493325996144,0.01960577645578887,0.0
0.30925,0.7458027282526898,0.6950574601610384,0.019473679108327424,0.0
0.3095,0.7449625433844385,0.6957651564090526,0.019342113286174634,0.0
0.30975,0.7441218927372215,0.6964724209750699,0.01921107942844702,0.0
0.31,0.7432807766801144,0.6971792510628916,0.019080576350471112,0.0
0.31025,0.7424391955393315,0.6978856456880038,0.01895060406795568,0.0
0.3105,0.7415971496568825,0.6985916034696018,0.01882116233293951,0.0
0.31075,0.7407546393876387,0.6992971220155937,0.018692250207884342,0.0
0.311,0.7399116650542006,0.7000022009304274,0.018563868096017844,0.0
0.31125,0.739068227012107,0.7007068376165151,0.018436014907837306,0.0
0.3115,0.7382243256091683,0.701411030522145,0.018308690260104177,0.0
0.31175,0.7373799611861154,0.7021147781735309,0.01818189381293922,0.0
0.312,0.7365351340861681,0.7028180788787424,0.0180556250726851,0.0
0.31225,0.735689844652992,0.7035209312731538,0.017929883766553578,0.0
0.3125,0.7348440932235949,0.7042233331768628,0.017804669048210764,0.0
0.31275,0.733997880153614,0.704925283591777,0.017679980896227576,0.0
0.313,0.7331512057763194,0.7056267800904763,0.017555818278351065,0.0
0.31325,0.7323040704332098,0.7063278220120282,0.017432181386701995,0.0
0.3135,0.731456474468922,0.7070284074182851,0.017309069525550447,0.0
0.31375,0.7306084182243564,0.7077285345804967,0.017186482135775005,0.0
0.314,0.7297599020432148,0.7084282019808015,0.017064418801421732,0.0
0.31425,0.7289109262679019,0.7091274084689942,0.016942879356890206,0.0
0.3145,0.7280614912481165,0.7098261513044761,0.01682186252762885,0.0
0.31475,0.7272115973191575,0.7105244297563971,0.016701368424442364,0.0
0.315,0.7263612448423573,0.7112222416896685,0.016581396191675424,0.0
0.31525,0.7255104341311103,0.711919585815167,0.0164619455249424,0.0
0.3155,0.7246591655509929,0.7126164601982765,0.016343015700202912,0.0
0.31575,0.7238074394287541,0.7133128640443616,0.01622460675953885,0.0
0.316,0.7229552561297319,0.7140087942851494,0.016106717172039486,0.0
0.31625,0.7221026159849688,0.7147042503292695,0.01598934711494815,0.0
0.3165,0.7212495193198325,0.7153992309089787,0.01587249628299703,0.0
0.31675,0.7203959665039428,0.7160937336007578,0.015756163583279914,0.0
0.317,0.7195419578705693,0.7167877571288699,0.015640348699305973,0.0
0.31725,0.7186874937616179,0.7174812996230457,0.01552505089639733,0.0
0.3175,0.7178325745135548,0.7181743599232249,0.015410269932253362,0.0
0.31775,0.7169772004731381,0.7188669362893094,0.015296005157252823,0.0
0.318,0.7161213719896014,0.7195590270042658,0.015182255934171884,0.0
0.31825,0.7152650894011017,0.7202506301974552,0.0150690215033642,0.0
0.3185,0.7144083530577392,0.7209417444770949,0.014956301447677234,0.0
0.31875,0.7135511632981539,0.7216323683195611,0.014844095243524258,0.0
0.319,0.7126935204596765,0.7223224997366771,0.01473240203072712,0.0
0.31925,0.7118354248921059,0.723012137462753,0.014621221466308398,0.0
0.3195,0.7109768769341858,0.7237012803254501,0.014510553261908754,0.0
0.31975,0.7101178769376599,0.7243899254153163,0.014400395893878315,0.0
0.32,0.7092584252339276,0.7250780721735168,0.014290749495515565,0.0
0.32025,0.7083985221712401,0.7257657185815702,0.014181613165324514,0.0
0.3205,0.7075381680995929,0.7264528631160303,0.014072986351182593,0.0
0.32075,0.7066773633506862,0.7271395041578685,0.013964868414694465,0.0
0.321,0.7058161082619627,0.7278256407078842,0.013857259161221824,0.0
0.32125,0.7049544032026591,0.7285112698116194,0.013750157009780883,0.0
0.3215,0.7040922484875767,0.7291963908994532,0.01364356204786299,0.0
0.32175,0.7032296444720456,0.7298810024379065,0.013537473695000024,0.0
0.322,0.7023665914910842,0.7305651019789039,0.01343189069233941,0.0
0.32225,0.7015030899114485,0.7312486882554552,0.013326812647644015,0.0
0.3225,0.7006391400466951,0.731931760204013,0.013222239274640835,0.0
0.32275,0.6997747422582514,0.7326143152732953,0.013118169240864841,0.0
0.323,0.6989098968901897,0.7332963524200267,0.013014602285461363,0.0
0.32325,0.6980446042801327,0.7339778695721648,0.01291153739420925,0.0
0.3235,0.6971788647711314,0.7346588656583464,0.012808974275984486,0.0
0.32375,0.6963126786949669,0.7353393389293714,0.012706912136204007,0.0
0.324,0.6954460464142869,0.7360192877585874,0.012605350285055827,0.0
0.32425,0.6945789682608954,0.7366987104484792,0.012504287954782978,0.0
0.3245,0.6937114445689758,0.737377605478585,0.012403724502881852,0.0
0.32475,0.692843475702424,0.7380559710478138,0.01230365909777631,0.0
0.325,0.6919750619926381,0.7387338056548529,0.012204091098735548,0.0
0.32525,0.6911062037777462,0.7394111080334511,0.012105020036628167,0.0
0.3255,0.690236901406919,0.7400878759869656,0.01200644476540913,0.0
0.32575,0.6893671552313532,0.7407641080092517,0.01190836463906697,0.0
0.326,0.6884969655796878,0.7414398027643188,0.011810779116149472,0.0
0.32625,0.6876263328074044,0.7421149581633841,0.011713687117062,0.0
0.3265,0.6867552572519906,0.7427895730032432,0.011617088193743408,0.0
0.32675,0.6858837392553643,0.7434636454796433,0.011520981455551027,0.0
0.327,0.6850117791563279,0.7441371744706444,0.011425366506136347,0.0
0.32725,0.6841393772885229,0.7448101580226592,0.01133024232960933,0.0
0.3275,0.6832665340251849,0.745482593960439,0.011235607767435152,0.0
0.32775,0.6823932496945322,0.7461544812745444,0.011141462484230535,0.0
0.328,0.681519524637042,0.7468258182018275,0.011047805592954374,0.0
0.32825,0.6806453591964039,0.7474966030392025,0.010954636247714644,0.0
0.3285,0.6797707537135809,0.748166834473551,0.010861953884161002,0.0
0.32875,0.6788957085259708,0.7488365110307171,0.010769757812152392,0.0
0.329,0.6780202239951434,0.7495056303970813,0.010678046730683954,0.0
0.32925,0.6771443004533408,0.7501741912080178,0.010586820016493137,0.0
0.3295,0.6762679382447634,0.7508421917991228,0.010496076827383849,0.0
0.32975,0.6753911377144732,0.7515096306951179,0.01040581645730998,0.0
0.33,0.6745138992010684,0.7521765065672668,0.010316038300475006,0.0
0.33025,0.6736362230526443,0.7528428171259449,0.010226741037258957,0.0
0.3305,0.6727581095988269,0.7535085617957691,0.010137924607583226,0.0
0.33075,0.6718795592040694,0.7541737375648196,0.010049587153395212,0.0
0.331,0.6710005721971035,0.7548383436795518,0.009961728471791886,0.0
0.33125,0.670121148916609,0.7555023789538708,0.009874348040524339,0.0
0.3315,0.669241289716016,0.7561658407016694,0.009787444220227481,0.0
0.33175,0.6683609949345626,0.7568287279614978,0.00970101664687717,0.0
0.332,0.6674802649174199,0.757491038991958,0.009615064372231474,0.0
0.33225,0.6665991000000377,0.7581527723237258,0.009529586640734111,0.0
0.3325,0.665717500534712,0.7588139260311095,0.009444582360483178,0.0
0.33275,0.6648354668696885,0.7594744982384469,0.009360050468799397,0.0
0.333,0.6639529993292239,0.7601344883632919,0.009275990855621252,0.0
0.33325,0.663070098265329,0.7607938941682661,0.009192402179736936,0.0
0.3335,0.66218676401765,0.7614527140179845,0.0091092835394595,0.0
0.33375,0.6613029969352338,0.7621109463849081,0.009026634115880006,0.0
0.334,0.6604187973627234,0.7627685891412028,0.008944452628828703,0.0
0.33425,0.6595341656497073,0.7634256409244742,0.008862738374353807,0.0
0.3345,0.6586491021275027,0.7640821006073892,0.008781490810555015,0.0
0.33475,0.6577636071388981,0.764737965960947,0.008700708564468806,0.0
0.335,0.6568776810211208,0.765393235951727,0.008620391160292451,0.0
0.33525,0.6559913241320579,0.7660479087853318,0.008540537554594607,0.0
0.3355,0.6551045368109187,0.7667019825416546,0.008461146590959201,0.0
0.33575,0.6542173193898451,0.7673554558164568,0.008382217495388478,0.0
0.336,0.6533296722294215,0.7680083267366768,0.008303749151154172,0.0
0.33625,0.6524415956622371,0.7686605940024052,0.008225740854902241,0.0
0.3365,0.6515530900252873,0.7693122558413776,0.008148191541922811,0.0
0.33675,0.650664155677283,0.7699633108681354,0.008071100451874091,0.0
0.337,0.6497747929375246,0.7706137574591878,0.00799446661297254,0.0
0.33725,0.6488850021781314,0.7712635935891683,0.007918288775331073,0.0
0.3375,0.6479947837184827,0.7719128182843491,0.007842566454726585,0.0
0.33775,0.6471041379216336,0.7725614288591842,0.007767297879944568,0.0
0.338,0.646213065110641,0.7732094247684174,0.007692482888701724,0.0
0.33825,0.6453215656492692,0.7738568036898741,0.007618119978562321,0.0
0.3385,0.6444296398545035,0.7745035647984224,0.007544208761317339,0.0
0.33875,0.6435372880814179,0.7751497060195973,0.007470747909562814,0.0
0.339,0.6426445106783458,0.7757952254790368,0.007397736239803221,0.0
0.33925,0.6417513079994601,0.7764401218089532,0.007325172957431958,0.0
0.3395,0.6408576803651655,0.7770843931286606,0.007253056846768358,0.0
0.33975,0.6399636281224803,0.7777280383935832,0.00718138734947793,0.0
0.34,0.6390691516355689,0.7783710553265522,0.007110162962511435,0.0
0.34025,0.638174251220422,0.7790134427377495,0.007039382987014786,0.0
0.3405,0.6372789272288086,0.7796551989750498,0.006969046385600475,0.0
0.34075,0.6363831800131583,0.7802963221741237,0.006899151952231897,0.0
0.341,0.6354870099035279,0.7809368111120563,0.00682969895906127,0.0
0.34125,0.6345904172477081,0.7815766638821273,0.0067606861552234054,0.0
0.3415,0.633693402381208,0.7822158791533695,0.006692112724218324,0.0
0.34175,0.6327959656735886,0.7828544548451859,0.0066239772843297295,0.0
0.342,0.6318981074304288,0.7834923899581838,0.006556279249473773,0.0
0.34225,0.6309998280149207,0.7841296825605397,0.0064890173406524365,0.0
0.3425,0.6301011277684829,0.7847663309584618,0.006422190445500853,0.0
0.34275,0.6292020070429749,0.7854023331838675,0.006355797239510519,0.0
0.343,0.6283024661614038,0.7860376884051092,0.006289837262480447,0.0
0.34325,0.6274025054850974,0.7866723944221903,0.00622430900615778,0.0
0.3435,0.6265021253498877,0.7873064499521334,0.006159211657954966,0.0
0.34375,0.6256013260926641,0.7879398532996547,0.006094544079621178,0.0
0.344,0.6247001080832586,0.7885726024250701,0.006030304878875237,0.0
0.34425,0.6237984716282936,0.7892046960693833,0.005966493231142733,0.0
0.3445,0.622896417090335,0.7898361328562515,0.0059031082511351585,0.0
0.34475,0.6219939448063654,0.7904669107264581,0.005840148497371578,0.0
0.345,0.6210910551270956,0.791097028423799,0.00577761316299652,0.0
0.34525,0.6201877483762579,0.7917264844311518,0.005715501215787899,0.0
0.3455,0.6192840249213749,0.7923552763891522,0.005653810982958252,0.0
0.34575,0.6183798850958977,0.7929834034285932,0.005592541939532625,0.0
0.346,0.617475329234646,0.7936108636308461,0.005531692730931237,0.0
0.34625,0.6165703576959554,0.7942376551991046,0.00547126210821669,0.0
0.3465,0.6156649708130364,0.794863776741586,0.005411249122524442,0.0
0.34675,0.6147591689308585,0.7954892267354055,0.005351652724882694,0.0
0.347,0.6138529523940863,0.7961140034603673,0.005292471705935942,0.0
0.34725,0.6129463215390365,0.7967381053582585,0.005233704975168285,0.0
0.3475,0.6120392767234961,0.7973615304851549,0.005175351145186413,0.0
0.34775,0.6111318182663108,0.7979842779514001,0.005117409636856696,0.0
0.348,0.6102239465323764,0.7986063452864158,0.005059878640707893,0.0
0.34825,0.6093156618456297,0.7992277317070915,0.005002757657928125,0.0
0.3485,0.6084069645705537,0.7998484347406318,0.004946044867580879,0.0
0.34875,0.6074978550476122,0.8004684531272872,0.004889739394049908,0.0
0.349,0.6065883336069606,0.8010877851766196,0.004833840009009327,0.0
0.34925,0.6056784005917357,0.801706429902076,0.00477834604936378,0.0
0.3495,0.6047680563480515,0.8023243850357815,0.004723255828213091,0.0
0.34975,0.6038573012260189,0.8029416489440209,0.004668568162114806,0.0
0.35,0.6029461355598253,0.8035582203510572,0.004614282140307457,0.0
0.35025,0.602034559709526,0.8041740971937728,0.004560396234124964,0.0
0.3505,0.6011225740012138,0.8047892780311088,0.004506909387724356,0.0
0.35075,0.6002101787698026,0.8054037619711636,0.004453820987396773,0.0
0.351,0.5992973743812342,0.8060175461165713,0.004401128826536427,0.0
0.35125,0.598384161154174,0.8066306299540642,0.004348832577742767,0.0
0.3515,0.5974705394495661,0.8072430112568725,0.004296930560488521,0.0
0.35175,0.5965565096136629,0.8078546884786775,0.004245421627311785,0.0
0.352,0.5956420719820936,0.808465660266009,0.004194304775960944,0.0
0.35225,0.5947272268917945,0.8090759247558523,0.00414357859120007,0.0
0.3525,0.5938119746888499,0.8096854803596756,0.004093241880030796,0.0
0.35275,0.5928963157161364,0.8102943255006636,0.004043293453197538,0.0
0.353,0.591980250336521,0.8109024583704709,0.003993731942467438,0.0
0.35325,0.5910637788669133,0.811509877303763,0.003944556063732119,0.0
0.3535,0.5901469016621448,0.812116581208727,0.0038957650152628975,0.0
0.35375,0.5892296190576289,0.8127225682918962,0.00384735741335418,0.0
0.354,0.5883119313994503,0.8133278367966241,0.0037993319061473407,0.0
0.35425,0.5873938390518532,0.8139323844288242,0.003751686712438751,0.0
0.3545,0.586475342313628,0.8145362112260557,0.003704421899388022,0.0
0.35475,0.5855564415566552,0.8151393145221135,0.003657535381503374,0.0
0.355,0.5846371371130141,0.8157416927031704,0.0036110258989461297,0.0
0.35525,0.5837174293428868,0.816343344276099,0.0035648923027118418,0.0
0.3555,0.5827973185813267,0.8169442673445957,0.0035191330975121726,0.0
0.35575,0.5818768051694383,0.8175444603303532,0.003473747046249809,0.0
0.356,0.5809558894517244,0.8181439220695879,0.0034287332481823807,0.0
0.35625,0.5800345717647089,0.8187426506256443,0.0033840901647659294,0.0
0.3565,0.5791128524637279,0.8193406444899551,0.003339816613439517,0.0
0.35675,0.5781907318730488,0.8199379019890003,0.003295911255505546,0.0
0.357,0.5772682103500588,0.8205344216595876,0.003252372939627657,0.0
0.35725,0.5763452882272084,0.8211302016481881,0.0032092001773598167,0.0
0.3575,0.575421965866046,0.821725240568604,0.0031663918755826526,0.0
0.35775,0.5744982435889332,0.8223195366928238,0.0031239466354442413,0.0
0.358,0.5735741217578538,0.8229130879798632,0.003081862820202508,0.0
0.35825,0.5726496007025388,0.8235058935112249,0.003040139691576904,0.0
0.3585,0.5717246807646317,0.8240979516747657,0.0029987759463938612,0.0
0.35875,0.570799362298416,0.8246892599456075,0.002957769534646104,0.0
0.359,0.5698736456327176,0.82527981786032,0.002917120082356117,0.0
0.35925,0.5689475311264844,0.8258696230500533,0.0028768256629321254,0.0
0.3595,0.5680210191093671,0.8264586739363224,0.002836884979121823,0.0
0.35975,0.5670941099283153,0.8270469694442326,0.0027972971554508508,0.0
0.36,0.56616680392488,0.8276345076190879,0.0027580605851063034,0.0
0.36025,0.5652391014428904,0.8282212867962926,0.0027191738978928903,0.0
0.3605,0.5643110028350675,0.8288073050637337,0.002680635520467378,0.0
0.36075,0.5633825084422637,0.8293925611557214,0.0026424444033597005,0.0
0.361,0.5624536185981155,0.8299770533146784,0.0026045990833230004,0.0
0.36125,0.5615243336455455,0.8305607800621644,0.002567098329854911,0.0
0.3615,0.5605946539380593,0.8311437398314112,0.0025299408421062264,0.0
0.36175,0.5596645798037942,0.8317259309965053,0.0024931252527176095,0.0
0.362,0.5587341116025506,0.8323073517068877,0.002456650022146567,0.0
0.36225,0.5578032496594139,0.8328880005763608,0.0024205139733974868,0.0
0.3625,0.5568719943276867,0.8334678758774743,0.002384715658715564,0.0
0.36275,0.5559403459481467,0.8340469764393816,0.002349254082936625,0.0
0.363,0.5550083048755088,0.8346252996801127,0.0023141270813775705,0.0
0.36325,0.554075871429158,0.835202844648073,0.002279333822769347,0.0
0.3635,0.5531430459847306,0.835779609379081,0.0022448726609256564,0.0
0.36375,0.5522098288510116,0.8363555929170801,0.002210742749918948,0.0
0.364,0.5512762203823203,0.8369307933741297,0.002176942489132916,0.0
0.36425,0.5503422209373867,0.8375052084870092,0.0021434699628413156,0.0
0.3645,0.5494078308444759,0.8380788370965888,0.002110324157177157,0.0
0.36475,0.5484730504389799,0.8386516780416855,0.002077504058430879,0.0
0.365,0.5475378800803878,0.8392237289904614,0.0020450076835774045,0.0
0.36525,0.5466023201056267,0.8397949889139582,0.00201283412431863,0.0
0.3655,0.5456663708536786,0.8403654557630063,0.0019809816161131533,0.0
0.36575,0.5447300326734508,0.8409351280788755,0.0019494488912368269,0.0
0.366,0.5437933059100515,0.8415040039693551,0.001918234313079692,0.0
0.36625,0.5428561909020335,0.842072082104778,0.0018873367105409766,0.0
0.3665,0.541918687994219,0.8426393609483114,0.0018567547392962513,0.0
0.36675,0.5409807975249332,0.8432058387442396,0.0018264868644117804,0.0
0.367,0.5400425198346126,0.8437715139166784,0.0017965317002057724,0.0
0.36725,0.5391038552897323,0.8443363847467324,0.0017668877515542025,0.0
0.3675,0.5381648041993579,0.8449004496813899,0.0017375536290671345,0.0
0.36775,0.5372253669317906,0.8454637069569415,0.0017085277945725341,0.0
0.368,0.5362855438200904,0.8460261553322397,0.0016798091289758066,0.0
0.36825,0.5353453352133348,0.8465877927302188,0.0016513958131849638,0.0
0.3685,0.5344047414484365,0.8471486179340957,0.001623286745180863,0.0
0.36875,0.5334637628603052,0.8477086290676468,0.0015954802617796915,0.0
0.369,0.532522399802903,0.8482678248121829,0.0015679751786370488,0.0
0.36925,0.5315806526264768,0.8488262030990015,0.001540769671538822,0.0
0.3695,0.5306385216569387,0.8493837627420078,0.001513862647957831,0.0
0.36975,0.5296960072475374,0.8499405020001731,0.0014872525570606143,0.0
0.37,0.5287531097358205,0.8504964193470812,0.0014609380188059795,0.0
0.37025,0.5278098294680691,0.8510515125933438,0.001434917091735155,0.0
0.3705,0.5268661667895362,0.8516057809707291,0.001409189038259706,0.0
0.37075,0.5259221220396109,0.8521592223008128,0.0013837519168031776,0.0
0.371,0.524977695565354,0.852711835274583,0.0013586045260993718,0.0
0.37125,0.5240328877003129,0.8532636180150632,0.0013337451717505555,0.0
0.3715,0.5230876988011843,0.8538145690328491,0.001309172498618727,0.0
0.37175,0.5221421292034867,0.8543646864952308,0.0012848848450897066,0.0
0.372,0.5211961792532749,0.8549139690664092,0.0012608809761285311,0.0
0.37225,0.5202498492887928,0.8554624147784793,0.0012371591104869406,0.0
0.3725,0.5193031396617793,0.8560100223211151,0.0012137180326574626,0.0
0.37275,0.5183560507005704,0.8565567902605125,0.0011905564073624308,0.0
0.373,0.5174085827538937,0.8571027167756782,0.0011676725761979867,0.0
0.37325,0.5164607361742317,0.857647800155533,0.0011450649737301255,0.0
0.3735,0.5155125112902859,0.8581920390276352,0.0011227323096938413,0.0
0.37375,0.5145639084531564,0.8587354313270055,0.0011006727092768287,0.0
0.374,0.5136149280131337,0.8592779756680073,0.0010788848767337988,0.0
0.37425,0.512665570301472,0.8598196705249634,0.0010573673842024789,0.0
0.3745,0.5117158356675955,0.8603605142024122,0.0010361186648684129,0.0
0.37475,0.5107657244538986,0.8609005050870877,0.0010151372162754413,0.0
0.375,0.5098152369884092,0.8614396416646599,0.0009944216112722781,0.0
0.37525,0.5088643736397991,0.8619779223259556,0.0009739703594675575,0.0
0.3755,0.5079131347418921,0.8625153449583891,0.0009537815164217811,0.0
0.37575,0.5069615206227027,0.8630519088426354,0.0009338543325425608,0.0
0.376,0.506009531650375,0.8635876111466061,0.0009141862552122237,0.0
0.37625,0.5050571681431344,0.8641224515582451,0.0008947768770670717,0.0
0.3765,0.5041044304635041,0.8646564275776001,0.0008756239234679608,0.0
0.37675,0.5031513189432779,0.8651895380111299,0.0008567262292202837,0.0
0.377,0.5021978339318405,0.865721780862664,0.0008380819422566521,0.0
0.37725,0.5012439757659608,0.8662531552085042,0.0008196901292238934,0.0
0.3775,0.5002897447911288,0.8667836586712454,0.0008015486012613593,0.0
0.37775,0.49933514134402013,0.8673132901241161,0.0007836562449308193,0.0
0.378,0.49838016578340594,0.8678420477749498,0.0007660113795400214,0.0
0.37825,0.4974248184338841,0.8683699299995027,0.0007486124503615077,0.0
0.3785,0.4964690996620418,0.8688969349939057,0.0007314577652897114,0.0
0.37875,0.49551300978982793,0.8694230613810632,0.0007145459781197072,0.0
0.379,0.49455654916572067,0.8699483077173156,0.0006978756962199295,0.0
0.37925,0.49359971813191583,0.8704726720845954,0.0006814451092826967,0.0
0.3795,0.49264251702724504,0.8709961532692816,0.0006652530156252556,0.0
0.37975,0.49168494621246617,0.8715187489246574,0.0006492972361273885,0.0
0.38,0.49072700602118635,0.8720404576892591,0.0006335764331566462,0.0
0.38025,0.48976869679172985,0.8725612782233725,0.0006180892887530653,0.0
0.3805,0.4888100188658695,0.8730812091134652,0.0006028344206716607,0.0
0.38075,0.4878509725867426,0.8736002483633669,0.0005878099369225342,0.0
0.381,0.48689155831399056,0.8741183940222825,0.000573013990243787,0.0
0.38125,0.4859317763663149,0.8746356450724093,0.0005584455261731236,0.0
0.3815,0.48497162710053265,0.8751519998904485,0.0005441029783692652,0.0
0.38175,0.48401111086619086,0.8756674563526445,0.0005299843368187229,0.0
0.382,0.4830502279972406,0.8761820129296112,0.0005160881013215324,0.0
0.38225,0.48208897883085,0.8766956684121894,0.0005024130519961645,0.0
0.3825,0.48112736371900033,0.8772084213457418,0.0004889577596964845,0.0
0.38275,0.480165382991,0.8777202696572957,0.0004757202402112526,0.0
0.383,0.4792030370091518,0.8782312116934108,0.00046269889050387647,0.0
0.38325,0.4782403261046684,0.8787412459062907,0.0004498921833313574,0.0
0.3835,0.47727725063133275,0.8792503710332156,0.0004372988509830922,0.0
0.38375,0.4763138109226486,0.8797585848760505,0.00042491679224365697,0.0
0.384,0.4753500073199801,0.8802658861281927,0.0004127446909887311,0.0
0.38425,0.4743858401837653,0.88077227266497,0.0004007805186245772,0.0
0.3845,0.47342130983849295,0.8812777439139694,0.000389023593966753,0.0
0.38475,0.4724564166213783,0.8817822974589262,0.00037747161691692455,0.0
0.385,0.47149116088832765,0.8822859321966803,0.0003661234508034461,0.0
0.38525,0.4705255429897359,0.8827886459489989,0.00035497700678854827,0.0
0.3855,0.46955956325375947,0.8832904377031028,0.0003440312116627098,0.0
0.38575,0.46859322202796916,0.8837913053609157,0.0003332840419261185,0.0
0.386,0.4676265196615006,0.8842912472210216,0.0003227338226587939,0.0
0.38625,0.4666594564899007,0.8847902621618502,0.0003123793835029254,0.0
0.3865,0.4656920328504386,0.8852883484691603,0.00030221902964266967,0.0
0.38675,0.4647242491062127,0.8857855038966491,0.00029225060517878987,0.0
0.387,0.4637561055748667,0.8862817277311379,0.0002824732884494363,0.0
0.38725,0.46278760261410135,0.8867770180380106,0.0002728851936821819,0.0
0.3875,0.4618187405777878,0.8872713727850154,0.0002634843443301005,0.0
0.38775,0.46084951978683475,0.8877647910411994,0.0002542697235441427,0.0
0.388,0.45987994060433035,0.8882572700131561,0.00024523867972869873,0.0
0.38825,0.458910003362033,0.8887488090830971,0.0002363904759536961,0.0
0.3885,0.4579397084023602,0.8892394065564915,0.0002277234233112324,0.0
0.38875,0.456969056068379,0.8897290609526678,0.00021923602165396794,0.0
0.389,0.45599804668746646,0.890217770660783,0.00021092664649446924,0.0
0.38925,0.4550266806290808,0.8907055337346819,0.00020279339237205818,0.0
0.3895,0.45405495822202213,0.8911923485713373,0.00019483463878100515,0.0
0.38975,0.4530828798158786,0.8916782134827201,0.00018704869738495056,0.0
0.39,0.45211044575722226,0.8921631271235455,0.00017943418251586962,0.0
0.39025,0.4511376563788809,0.892647087597318,0.00017198920935745932,0.0
0.3905,0.4501645120379689,0.8931300932481889,0.00016471211690993748,0.0
0.39075,0.4491910130617003,0.8936121427667629,0.00015760153867860893,0.0
0.391,0.4482171598023015,0.894093234482682,0.0001506557958885768,0.0
0.39125,0.4472429526058561,0.8945733661957718,0.00014387273153770863,0.0
0.3915,0.4462683918064658,0.8950525369399287,0.0001372512851081087,0.0
0.39175,0.44529347775103245,0.8955307453285855,0.00013079002517524252,0.0
0.392,0.4443182107835788,0.8960079888984183,0.00012448655340357995,0.0
0.39225,0.44334259124196973,0.8964842667117807,0.00011833983329379016,0.0
0.3925,0.4423666194598761,0.8969595772854007,0.00011234833710727088,0.0
0.39275,0.44139029581476996,0.8974339181946362,0.00010650971065429005,0.0
0.393,0.44041362061297296,0.8979072884291313,0.000100822835169323,0.0
0.39325,0.439436594221426,0.8983796862303777,9.528594645336064e-05,0.0
0.3935,0.43845921697131907,0.8988511098084402,8.989723472696554e-05,0.0
0.39375,0.43748148921579055,0.8993215576432263,8.465514090594262e-05,0.0
0.394,0.43650341128819736,0.8997910282365851,7.955811589521744e-05,0.0
0.39425,0.4355249835253654,0.9002595200012848,7.460453093877106e-05,0.0
0.3945,0.4345462062892087,0.9007270312161992,6.979264643902638e-05,0.0
0.39475,0.4335670799101563,0.901193560146254,6.512069509723162e-05,0.0
0.395,0.4325876047412649,0.9016591052735876,6.0587113876353627e-05,0.0
0.39525,0.4316077811058441,0.9021236653180011,5.619054025918224e-05,0.0
0.3955,0.4306276093526089,0.9025872385462819,5.192921335139822e-05,0.0
0.39575,0.4296470898425744,0.9030498225458743,4.7800762707606026e-05,0.0
0.396,0.4286662229034648,0.9035114168745508,4.3804581070006066e-05,0.0
0.39625,0.42768500888323646,0.9039720188417419,3.993803861090939e-05,0.0
0.3965,0.426703448121289,0.9044316278480693,3.6200390018947814e-05,0.0
0.39675,0.4257215409700419,0.904890241331465,3.2589120386505854e-05,0.0
0.397,0.4247392877703473,0.9053478578676106,2.910273708200961e-05,0.0
0.39725,0.4237566888498039,0.9058044766334135,2.5740285759523474e-05,0.0
0.3975,0.42277374456818695,0.9062600952153872,2.2499384893404084e-05,0.0
0.39775,0.42179045524665537,0.9067147125821649,1.9378887298637792e-05,0.0
0.398,0.42080682125863,0.9071683262730232,1.6376371302806447e-05,0.0
0.39825,0.41982284293316674,0.9076209354897955,1.349090292679378e-05,0.0
0.3985,0.41883852059366755,0.9080725386487813,1.072083309927585e-05,0.0
0.39875,0.41785385462337565,0.9085231331875434,8.063647750855552e-06,0.0
0.399,0.41686884533006996,0.9089727184897853,5.518567540940822e-06,0.0
0.39925,0.41588349308046646,0.9094212922872629,3.0833363693361093e-06,0.0
0.3995,0.4148977982011083,0.9098688532928871,7.565720343549742e-07,12.554684221011467
0.39975,0.4139124504877697,0.9103169131938635,1.9955777719182777e-07,3.2994829727223087
0.4,0.4129268927415816,0.9107642473694807,6.651785500189078e-08,1.0808804075528033
0.40025,0.41194099255970684,0.9112105620007043,3.482635735352346e-08,0.5476657612070763
0.4005,0.41095471931369404,0.9116557869910136,2.7640200350731448e-08,0.41343103014121046
0.40075,0.40996806666755475,0.9120999053154262,2.6481770554198647e-08,0.3857420923468067
0.401,0.4089810335152529,0.9125429127934103,2.6732342561786027e-08,0.36807091718623314
0.40125,0.40799362103677506,0.9129848073392085,2.6619455306686746e-08,0.36917391207906475
0.4015,0.40700583002885793,0.9134255905338904,2.7559832638246462e-08,0.3593572343654099
0.40175,0.4060176615291571,0.9138652605075291,2.7918049205766238e-08,0.3650088281003561
0.402,0.4050291166975593,0.9143038178586526,2.836185619692344e-08,0.3537000426117511
0.40225,0.4040401968366094,0.9147412623226115,2.8827665143893455e-08,0.3568495322652114
0.4025,0.4030509028229848,0.9151775939513613,2.936851251078565e-08,0.3481538935630226
0.40275,0.4020612359536615,0.9156128117544939,2.925277775567281e-08,0.35297484284714026
0.403,0.40107119722185586,0.9160469173382134,3.000290771382197e-08,0.34243966885609983
0.40325,0.40008078785393913,0.9164799094445273,3.0612638202143216e-08,0.3459134478948357
0.4035,0.399090008932055,0.9169117887465634,3.17859045750879e-08,0.33641798370601544
0.40375,0.3980988615000083,0.9173425531276536,3.165318185338606e-08,0.3409364683785454
0.404,0.39710734667835873,0.9177722043795025,3.195876829842348e-08,0.33132469803007947
0.40425,0.39611546572412887,0.9182007425768597,3.2927269577598395e-08,0.33404546080561376
0.4045,0.39512321959157604,0.9186281661366652,3.3140012289933907e-08,0.3251543211696589
0.40475,0.3941306094751705,0.9190544762078652,3.3781490715867335e-08,0.33010136431033676
0.405,0.3931376363734523,0.9194796719081145,3.409277882227002e-08,0.3210206848901294
0.40525,0.3921443015180331,0.9199037534476916,3.44101080962389e-08,0.32337264007793787
0.4055,0.3911506058757693,0.9203267211741664,3.509208590379842e-08,0.3145719988443002
0.40575,0.39015655070812205,0.920748574056006,3.5343313165014933e-08,0.3169881687588479
0.406,0.38916213696580043,0.9211693127997422,3.584586827365399e-08,0.311313221215842
0.40625,0.38816736581484235,0.9215889370853435,3.642086277011458e-08,0.31297953847150717
0.4065,0.38717223825641595,0.9220074466440773,3.6871806274874075e-08,0.30340403545640704
0.40675,0.386176755548322,0.9224248410553167,3.696087680360449e-08,0.30945989460071655
0.407,0.38518091865329124,0.9228411214187772,3.773802914608382e-08,0.29863818792473396
0.40725,0.38418472865803593,0.9232562865320916,3.817753735368967e-08,0.30196268533138443
0.4075,0.38318818673466776,0.923670336673646,3.86519038997335e-08,0.29381779740715713
0.40775,0.3821912940136798,0.9240832713408977,3.879597243461319e-08,0.29640515169725046
0.408,0.38119405120554956,0.9244950915476642,3.948511073659233e-08,0.29116979445662994
0.40825,0.3801964597881223,0.9249057960902711,3.983839880206119e-08,0.29253787718338836
0.4085,0.37919852079016303,0.9253153851673104,4.009838705520963e-08,0.2838608194749569
0.40875,0.37820023522341734,0.9257238589956625,4.051843371932762e-08,0.286537084652308
0.409,0.37720160402287517,0.9261312173143894,4.088083049857971e-08,0.2802568489559708
0.40925,0.37620262852603314,0.926537460278187,4.150432375560342e-08,0.2823515924073698
0.4095,0.3752033094877514,0.9269425873643942,4.1860178656705216e-08,0.2729277181083394
0.40975,0.37420364842287057,0.9273465984920115,4.2113844855862226e-08,0.2784607512965989
0.41,0.3732036459276774,0.92774949418894,4.2650771803209864e-08,0.2719507066231779
0.41025,0.37220330327022094,0.9281512739562952,4.315597790238712e-08,0.2715934229821588
0.4105,0.37120262172173113,0.9285519374277958,4.343699888664787e-08,0.26470737132019995
0.41075,0.3702016020045794,0.9289514851464954,4.394131725149464e-08,0.2686053740375694
0.411,0.36920024535618273,0.9293499164800377,4.4216258432427935e-08,0.2608254058857765
0.41125,0.36819855262152107,0.9297472317706506,4.456888458292951e-08,0.2633556252134183
0.4115,0.3671965252737539,0.9301434308107219,4.502672834583166e-08,0.25526038112662675
0.41175,0.36619416417269335,0.9305385133527366,4.5353428346217584e-08,0.2581365732540506
0.412,0.36519147023447773,0.9309324796695152,4.581782486745567e-08,0.25328743706102097
0.41225,0.3641884446328904,0.9313253293763762,4.617106874604815e-08,0.2540262149827254
0.4125,0.3631850883280471,0.9317170625618263,4.652634366664188e-08,0.24748397516740084
0.41275,0.3621814025884718,0.9321076790898688,4.689962618265042e-08,0.24958252903860265
0.413,0.36117738834800117,0.9324971789336908,4.728658620223314e-08,0.24214395569290337
0.41325,0.3601730464978691,0.9328855620476395,4.765024708142107e-08,0.24583392239769572
0.4135,0.3591683781439596,0.9332728283340302,4.798258013138934e-08,0.23778982084143382
0.41375,0.35816338463119735,0.9336589776859046,4.835198064156998e-08,0.24156429660492118
0.414,0.3571580667075138,0.934044010109882,4.8718197920294415e-08,0.23491664436840665
0.41425,0.35615242531933894,0.9344279255083986,4.901538708246278e-08,0.23628646668704412
0.4145,0.3551464618935224,0.9348107238728599,4.943159237491557e-08,0.2300832640728738
0.41475,0.3541401772791817,0.9351924050060648,4.977217749058127e-08,0.23265687928218431
0.415,0.3531335724587908,0.9355729690896754,5.0244387983511274e-08,0.2264020959163197
0.41525,0.352126648172287,0.9359524157975571,5.0495165160313604e-08,0.22850982415387852
0.4155,0.35111940615956616,0.9363307451541022,5.0851340027691094e-08,0.2203855388124173
0.41575,0.35011184706729637,0.9367079571849057,5.125519519921795e-08,0.224922122468648
0.416,0.3491039716086365,0.9370840517916104,5.155755133934292e-08,0.2187060651764947
0.41625,0.34809578144727515,0.9374590289134128,5.1976332571257444e-08,0.21989533856567595
0.4165,0.347087276981853,0.937832888203188,5.201910413532573e-08,0.21207507561265723
0.41675,0.3460784599476692,0.9382056302677214,5.2552900031699323e-08,0.2179895504537927
0.417,0.345069331102957,0.9385772544181581,5.288948368153967e-08,0.210317260701391
0.41725,0.3440598906933761,0.9389477610926434,5.322241136695993e-08,0.21150176745822477
0.4175,0.34305014115691257,0.9393171496949445,5.352940490865876e-08,0.20552690374422317
0.41775,0.3420400824562506,0.939685420862137,5.409376369058805e-08,0.20810185827293495
0.418,0.34102971585268343,0.9400525736973022,5.4204740473906554e-08,0.204253416351693
0.41825,0.3400190422747666,0.9404186087620486,5.44076967923246e-08,0.20291774239120153
0.4185,0.33900806335177147,0.9407835260155455,5.491987908889939e-08,0.19872110743788246
0.41875,0.3379967796070233,0.9411473250757088,5.526093871388582e-08,0.20169891091565037
0.419,0.33698519167722796,0.9415100059830367,5.538795644355332e-08,0.19516113767370202
0.41925,0.33597330132077274,0.9418715689095581,5.576026396170164e-08,0.19615568648751852
0.4195,0.3349611093076315,0.9422320135622902,5.60651218783903e-08,0.19067353820931218
0.41975,0.33394861635395046,0.9425913401651762,5.6459548813947436e-08,0.19339662307411387
0.42,0.33293582418608003,0.94294954815768,5.6698616912598254e-08,0.18776345755823456
0.42025,0.3319227329381481,0.9433066379924783,5.6960899330604775e-08,0.18838357341651443
0.4205,0.330909343584853,0.9436626096788221,5.728879992616953e-08,0.18496392874119125
0.42075,0.3298956586886532,0.9440174629129217,5.795308322120718e-08,0.18658087365059114
0.421,0.3288816769682594,0.9443711972445441,5.7815272347383484e-08,0.1817347476854985
0.42125,0.3278674011486422,0.9447238133305906,5.810492686997293e-08,0.18078276564253123
0.4215,0.3268528317797038,0.9450753109307605,5.848664064167508e-08,0.1763868214346133
0.42175,0.3258379697068037,0.9454256899330056,5.884397413780107e-08,0.17859119541507776
0.422,0.324822816037895,0.9457749501247266,5.905110689319315e-08,0.1748392689211847
0.42225,0.3238073715299065,0.9461230917810829,5.9329249513240256e-08,0.17507680495501013
0.4225,0.32279163748681,0.9464701145490237,5.948292747248729e-08,0.17003277747076523
0.42275,0.3217756146034212,0.9468160189443584,5.994152463273394e-08,0.17236611559938447
0.423,0.32075930460087526,0.9471608040800948,6.013684261674257e-08,0.16706585755080847
0.42325,0.3197427075911464,0.9475044708549897,6.06739538611123e-08,0.16827987152730772
0.4235,0.3187258251516705,0.9478470185213639,6.106922412207894e-08,0.16361860330464204
0.42375,0.3177086577645696,0.9481884470121136,6.113290229592394e-08,0.16418933340848219
0.424,0.31669120675194634,0.9485287567941598,6.144973729860226e-08,0.1621323451374315
0.42425,0.3156734733040891,0.9488679473816134,6.165803001501047e-08,0.16119116103356
0.4245,0.3146554578803182,0.9492060189593646,6.180127720689654e-08,0.15663933381403472
0.42475,0.3136371619433136,0.9495429716354475,6.216706438522124e-08,0.15909113128537958
0.425,0.31261858664715464,0.9498788049488777,6.240418426450844e-08,0.15516468914157344
0.42525,0.3115997322898234,0.9502135195456339,6.294519327987302e-08,0.15564818150711435
0.4255,0.3105806002159485,0.9505471145236841,6.307989841580763e-08,0.15027594150283877
0.42575,0.3095611915457255,0.950879590414381,6.338891300750049e-08,0.15211942314999527
0.426,0.30854150666077984,0.9512109469323561,6.344822467418965e-08,0.14810584130505225
0.42625,0.30752154794242254,0.9515411840026221,6.36510057994144e-08,0.1484979410531538
0.4265,0.3065013146459729,0.9518703020980442,6.394796381314904e-08,0.14514809790110683
0.42675,0.30548080915452125,0.9521983008533247,6.445482769734667e-08,0.14704478384094904
0.427,0.3044600314073506,0.9525251800611094,6.468750490817854e-08,0.14167471396986192
0.42725,0.3034389826665524,0.952850939939415,6.497256732629353e-08,0.14236171906979914
0.4275,0.3024176643574563,0.9531755799473229,6.496166515823631e-08,0.1397614599931519
0.42775,0.3013960778297431,0.9534991008644482,6.554022968785489e-08,0.1387905369016877
0.428,0.30037422261396945,0.9538215018149953,6.546777764349088e-08,0.13787624032327378
0.42825,0.29935210063982054,0.9541427837034933,6.592545997996524e-08,0.1353115083505679
0.4285,0.29832971281755793,0.9544629454591992,6.59022261206843e-08,0.13287634463651626
0.42875,0.29730705973055227,0.9547819882105248,6.638843230710734e-08,0.1350722918163067
0.429,0.2962841432209482,0.9550999109820413,6.674103492088079e-08,0.1302039526806714
0.42925,0.29526096330824764,0.9554167140205779,6.694179432997771e-08,0.1313441583592212
0.4295,0.29423752126526415,0.955732397157829,6.694868615042537e-08,0.126634752064248
0.42975,0.2932138188612825,0.9560469609928646,6.759745208029244e-08,0.1283081752351801
0.43,0.2921898556396708,0.9563604045755904,6.758935700013069e-08,0.1260888198361178
0.43025,0.29116563343813806,0.9566727285765722,6.784878570087471e-08,0.12434822089996377
0.4305,0.29014115283364555,0.9569839324158104,6.773483041122574e-08,0.1224337746451955
0.43075,0.2891164160268385,0.9572940170420323,6.854033496317413e-08,0.12285453214000314
0.431,0.28809142182432373,0.9576029810316188,6.830469923002624e-08,0.11937401244918061
0.43125,0.28706617309595,0.9579108253048593,6.848609279686002e-08,0.11972515723773212
0.4315,0.28604066992067306,0.958217550246546,6.922457718161468e-08,0.11654839042728403
0.43175,0.28501491368844256,0.9585231544814334,6.935093166404727e-08,0.11769752434084726
0.432,0.28398890448105735,0.9588276386681382,6.927113216370628e-08,0.11342100383094565
0.43225,0.28296264413692834,0.9591310030957416,6.953820030908275e-08,0.11457225749006421
0.4325,0.28193613337810125,0.9594332475118519,6.986766409866618e-08,0.11172259879648776
0.43275,0.28090937351056006,0.9597343714667451,6.995037926671444e-08,0.11160097328253978
0.433,0.2798823645435028,0.960034376491671,7.101410437471145e-08,0.10902698510715986
0.43325,0.2788551085109362,0.9603332592241383,7.015734837523269e-08,0.10884291508749216
0.4335,0.27782760549061974,0.960631023345299,7.069304142071076e-08,0.10576863972918177
0.43375,0.2767998572640451,0.9609276668069455,7.09082155214702e-08,0.10723545728155473
0.434,0.2757718640832809,0.9612231905349437,7.152106951124892e-08,0.10310590930309771
0.43425,0.2747436272750517,0.9615175934172061,7.158953141406244e-08,0.1049825400988933
0.4345,0.2737151475185142,0.9618108755866669,7.118893385893443e-08,0.10059897686581518
0.43475,0.2726864262485159,0.962103038454264,7.18315544823156e-08,0.10266811870000923
0.435,0.27165746403161506,0.96239408065614,7.212302999271003e-08,0.09838251793767386
0.43525,0.2706282619540614,0.9626840021808623,7.211161667797228e-08,0.09757186992513822
0.4355,0.2695988208193665,0.9629728035654463,7.229694176658086e-08,0.09823050483675806
0.43575,0.2685691418450986,0.9632604848012178,7.276544233825177e-08,0.09560557545716043
0.436,0.2675392257603235,0.9635470454695089,7.307672378331631e-08,0.09466833116935773
0.43625,0.2665090736224954,0.9638324855899868,7.330084361711897e-08,0.09381088537059872
0.4365,0.2654786860389684,0.9641168049699277,7.318319661386852e-08,0.09117616682479485
0.43675,0.26444806493430845,0.9644000046805769,7.403769575198282e-08,0.09210217585243842
0.437,0.26341721023757975,0.9646820822727407,7.325370732225167e-08,0.08892906558273475
0.43725,0.2623861228545551,0.9649630407687162,7.375812360876921e-08,0.08943385796322574
0.4375,0.26135480486577023,0.9652428780190622,7.379647071203976e-08,0.0873246214996288
0.43775,0.26032325632565545,0.9655215953541259,7.44395818319532e-08,0.08700691961377237
0.438,0.2592914780712214,0.9657991917259802,7.466945484146947e-08,0.08411372887515559
0.43825,0.25825947130350285,0.9660756670847812,7.452563210996743e-08,0.08530758947787138
0.4385,0.2572272369475779,0.9663510224188022,7.497877207995884e-08,0.08101206283530463
0.43875,0.2561947761479895,0.9666252568947319,7.529615952961421e-08,0.0835127429166679
0.439,0.25516208932853746,0.9668983707472886,7.559212988894615e-08,0.08095535388862397
0.43925,0.254129178160422,0.9671703630190237,7.514741806602387e-08,0.07909614103187688
0.4395,0.2530960432130812,0.967441235332335,7.545573321721122e-08,0.07689412569355032
0.43975,0.2520626854914809,0.9677109872824943,7.616221564532566e-08,0.07834294527966872
0.44,0.25102910547773577,0.9679796175977676,7.594083339945712e-08,0.0764124453540337
0.44025,0.24999530496058942,0.9682471271953512,7.591219164382323e-08,0.07531050649929963
0.4405,0.24896128365127698,0.9685135164087848,7.611189767331439e-08,0.07333290375728253
0.44075,0.2479270442096687,0.9687787847774557,7.654271061419138e-08,0.07381376074310507
0.441,0.24689258626739313,0.969042932075489,7.667962842461407e-08,0.0711923069550445
0.44125,0.2458579105186637,0.9693059589134247,7.707483562491291e-08,0.07128759417064504
0.4415,0.24482301939554932,0.9695678644668799,7.731640683239505e-08,0.0691891093088294
0.44175,0.24378791269019473,0.969828649134783,7.752821695738987e-08,0.0688868272850365
0.442,0.24275259104610195,0.9700883127616932,7.750820918417389e-08,0.06719700146013266
0.44225,0.2417170567070243,0.9703468552202618,7.746947616737998e-08,0.0669071447633919
0.4425,0.24068130887664851,0.9706042777827841,7.824640535503136e-08,0.06525152592846363
0.44275,0.2396453503625315,0.9708605783267648,7.824967718228493e-08,0.06511450336989436
0.443,0.23860918093966213,0.9711157577929643,7.81312468056683e-08,0.06269877125352628
0.44325,0.2375728014400529,0.9713698165250173,7.821995717804953e-08,0.06285241260752092
0.4435,0.2365362134886443,0.9716227544021949,7.858182371478506e-08,0.06081879531243986
0.44375,0.23549941792479956,0.9718745714522683,7.923922162866859e-08,0.06098078522109046
0.444,0.23446241466598033,0.9721252662655048,7.860138739879119e-08,0.05851031732891045
0.44425,0.23342520569545921,0.9723748407973369,7.883480379611285e-08,0.058657820964408205
0.4445,0.23238779175912863,0.9726232947084089,7.958405912056321e-08,0.05711110787401985
0.44475,0.23135017386760498,0.9728706267872267,7.970696791481657e-08,0.056660133231013425
0.445,0.2303123521645141,0.9731168374106439,7.940581925325318e-08,0.05519061299940429
0.44525,0.22927432833420702,0.9733619274156319,7.968768467314646e-08,0.054295459423592186
0.4455,0.2282361035078559,0.973605896114145,7.994633488550562e-08,0.05282979655243778
0.44575,0.22719767825388715,0.9738487434957932,8.010614283016082e-08,0.05311520057297998
0.446,0.2261590529785457,0.9740904698674927,8.036540943834325e-08,0.05170815950776496
0.44625,0.22512022932598127,0.9743310747655444,8.045277843926613e-08,0.053637523106644665
0.4465,0.22408120814228938,0.97457055925728,8.140677443257971e-08,0.05816771449050806
0.44675,0.2230419910723973,0.9748089237485721,8.380069083102626e-08,0.08654686892691212
0.447,0.22200257879646046,0.9750461738862437,9.31012364979722e-08,0.18759209249669154
0.44725,0.22096297738425918,0.9752823270404455,1.274059633349367e-07,0.5909442016445434
0.4475,0.21992320369808588,0.975517453629757,2.589305239109052e-07,2.1325000673338117
0.44775,0.21888331869904246,0.9757518227144568,7.633673542173369e-07,8.053505648725968
0.448,0.21784355466289895,0.9759864680936805,2.7001014268890344e-06,0.0
0.44825,0.21680359682962802,0.9762199815460266,4.625973294425378e-06,0.0
0.4485,0.21576344652249446,0.9764523632696129,6.541273644522505e-06,0.0
0.44875,0.21472310464585576,0.9766836132630046,8.446006949158757e-06,0.0
0.449,0.21368257213624275,0.9769137315278031,1.034018770895706e-05,0.0
0.44925,0.21264184958447174,0.9771427180619927,1.2223753431905848e-05,0.0
0.4495,0.21160093819449344,0.9773705728704423,1.4096779583638863e-05,0.0
0.44975,0.2105598392628707,0.9775972959476453,1.5959349926708555e-05,0.0
0.45,0.20951855294488553,0.9778228872983235,1.7811317652771663e-05,0.0
0.45025,0.20847708075393712,0.9780473469190967,1.965281446714151e-05,0.0
0.4505,0.20743542344226285,0.9782706748131198,2.1483818216649908e-05,0.0
0.45075,0.20639358181063727,0.9784928709789587,2.330431308905645e-05,0.0
0.451,0.2053515576011975,0.9787139354200124,2.5114481914556563e-05,0.0
0.45125,0.2043093503503286,0.9789338681312927,2.691404535126729e-05,0.0
0.4515,0.20326696199692407,0.979152669117108,2.870322737025255e-05,0.0
0.45175,0.20222439334305875,0.9793703383759399,3.0482012209009923e-05,0.0
0.452,0.2011816450678836,0.9795868759096,3.225036323195596e-05,0.0
0.45225,0.2001387184108694,0.9798022817148562,3.400835210776165e-05,0.0
0.4525,0.1990956140584217,0.980016555796101,3.5755946632409774e-05,0.0
0.45275,0.19805233295190305,0.980229698150515,3.749315910206441e-05,0.0
0.453,0.19700887628206232,0.9804417087811688,3.922005672318818e-05,0.0
0.45325,0.19596524484985878,0.9806525876861729,4.093662442250512e-05,0.0
0.4535,0.19492143949400287,0.9808623348673187,4.2642858684383e-05,0.0
0.45375,0.1938774609191256,0.9810709503223038,4.433872641640413e-05,0.0
0.454,0.19283331052034924,0.9812784340537869,4.602433352518531e-05,0.0
0.45425,0.19178898945271783,0.9814847860616129,4.7699735220119166e-05,0.0
0.4545,0.19074449782223013,0.981690006343914,4.936478404338196e-05,0.0
0.45475,0.18969983693623504,0.9818940949030411,5.1019568050092445e-05,0.0
0.455,0.1886550078218292,0.9820970517384691,5.2664118069145616e-05,0.0
0.45525,0.18761001147077394,0.9822988768515338,5.4298459762902596e-05,0.0
0.4555,0.18656484907976534,0.9824995702435718,5.592265680753883e-05,0.0
0.45575,0.18551952104268565,0.9826991319119316,5.753661895435691e-05,0.0
0.456,0.18447402827709425,0.9828975618568501,5.914035766840797e-05,0.0
0.45625,0.1834283723095922,0.9830948600815879,6.073399918227196e-05,0.0
0.4565,0.18238255353201538,0.9832910265838218,6.231745482976336e-05,0.0
0.45675,0.181336573273839,0.9834860613645178,6.389081147739617e-05,0.0
0.457,0.18029043192913008,0.9836799644232558,6.545398435298111e-05,0.0
0.45725,0.17924413098450742,0.9838727357622816,6.7007089398885e-05,0.0
0.4575,0.17819767127961228,0.984064375380266,6.855012145523531e-05,0.0
0.45775,0.17715105323379987,0.9842548832763346,7.008300176414295e-05,0.0
0.458,0.17610427825781727,0.9844442594527962,7.160583143805965e-05,0.0
0.45825,0.17505734735644296,0.9846325039087551,7.311863538217445e-05,0.0
0.4585,0.17401026121198981,0.9848196166451773,7.462138393399265e-05,0.0
0.45875,0.17296302111339656,0.9850055976629436,7.611415332076099e-05,0.0
0.459,0.17191562735393262,0.9851904469599422,7.759684417818491e-05,0.0
0.45925,0.17086808143100285,0.9853741645393279,7.906957074665932e-05,0.0
0.4595,0.1698203844284265,0.9855567503998348,8.053237031901972e-05,0.0
0.45975,0.16877253661083103,0.9857382045414982,8.19851425934992e-05,0.0
0.46,0.1677245396151008,0.9859185269653254,8.342802116989567e-05,0.0
0.46025,0.16667639367220488,0.9860977176705898,8.4860900672723e-05,0.0
0.4605,0.1656281000504407,0.9862757766586062,8.628385247622106e-05,0.0
0.46075,0.16457966009974,0.986452703927633,8.769695696386748e-05,0.0
0.461,0.16353107398803246,0.986628499480581,8.910010407681135e-05,0.0
0.46125,0.16248234303586884,0.9868031633139105,9.049336785826867e-05,0.0
0.4615,0.16143346827648486,0.9869766954322885,9.187678243605113e-05,0.0
0.46175,0.16038445057908746,0.9871490958354214,9.325035030904871e-05,0.0
0.462,0.15933529092576748,0.9873203645215045,9.461409072475391e-05,0.0
0.46225,0.15828599008661826,0.9874905014920843,9.596799246680554e-05,0.0
0.4625,0.1572365491077008,0.9876595067449856,9.731208470231678e-05,0.0
0.46275,0.15618696906985718,0.9878273802834896,9.864640692835991e-05,0.0
0.463,0.15513725056185734,0.9879941221077368,9.997091857272267e-05,0.0
0.46325,0.1540873950128585,0.9881597322160698,0.00010128570819434302,0.0
0.4635,0.15303740255062337,0.988324210608671,0.00010259066492501745,0.0
0.46375,0.1519872747951041,0.9884875572871082,0.00010388590939736098,0.0
0.464,0.15093701271984372,0.9886497722527597,0.00010517146159383373,0.0
0.46425,0.14988661679849713,0.988810855503248,0.00010644726267239335,0.0
0.4645,0.1488360884193085,0.9889708070408398,0.00010771339639736865,0.0
0.46475,0.14778542801874295,0.9891296268639829,0.00010896980017394142,0.0
0.465,0.14673463680075116,0.9892873149734831,0.00011021652840437213,0.0
0.46525,0.14568371585937712,0.989443871369809,0.00011145361798092779,0.0
0.4655,0.14463266595912927,0.9895992960536193,0.00011268105762174407,0.0
0.46575,0.1435814880030648,0.989753589023235,0.00011389885429990976,0.0
0.466,0.14253018304617626,0.9899067502816936,0.00011510704140449413,0.0
0.46625,0.14147875203633475,0.9900587798292411,0.00011630563386177961,0.0
0.4665,0.14042719592197273,0.9902096776637437,0.00011749464422594613,0.0
0.46675,0.13937551533445003,0.990359443788176,0.00011867404581988872,0.0
0.467,0.13832371158817836,0.9905080782000971,0.00011984390230912467,0.0
0.46725,0.13727178558603015,0.990655580901837,0.00012100422395544541,0.0
0.4675,0.1362197379727519,0.9908019518929636,0.00012215498321599405,0.0
0.46775,0.13516756992198253,0.9909471911722321,0.0001232962243957747,0.0
0.468,0.13411528236225223,0.9910912987430713,0.00012442796250833332,0.0
0.46825,0.1330628760681165,0.9912342746025858,0.00012555018579218924,0.0
0.4685,0.13201035205067768,0.991376118751392,0.0001266629178116041,0.0
0.46875,0.13095771154215186,0.9915168311926325,0.000127766213215752,0.0
0.469,0.12990495527859736,0.9916564119242792,0.00012886005577805726,0.0
0.46925,0.12885208383558222,0.9917948609469694,0.0001299444120201887,0.0
0.4695,0.12779909835903425,0.9919321782592564,0.0001310193207364474,0.0
0.46975,0.1267460000257543,0.9920683638642197,0.0001320848281782805,0.0
0.47,0.12569278965845854,0.9922034177602648,0.00013314093038441221,0.0
0.47025,0.12463946812468407,0.992337339950345,0.00013418763390493638,0.0
0.4705,0.12358603645710531,0.9924701304307606,0.000135224959319169,0.0
0.47075,0.12253249559987722,0.9926017892040733,0.0001362529221013986,0.0
0.471,0.12147884647372109,0.9927323162701374,0.000137271532092198,0.0
0.47125,0.12042508963561005,0.9928617116297583,0.00013828075627531078,0.0
0.4715,0.11937122640739517,0.9929899752822937,0.00013928065301782588,0.0
0.47175,0.11831725802483106,0.9931171072277452,0.00014027126944493595,0.0
0.472,0.11726318469991526,0.993243107467596,0.00014125253278751693,0.0
0.47225,0.11620900763288233,0.9933679759992671,0.00014222448404788146,0.0
0.4725,0.11515472764310175,0.9934917128252778,0.00014318712425431812,0.0
0.47275,0.11410034633472321,0.9936143179473855,0.00014414054362776874,0.0
0.473,0.11304586405978512,0.9937357913627369,0.00014508468339147207,0.0
0.47325,0.11199128181116436,0.9938561330730897,0.0001460195634948036,0.0
0.4735,0.1109366008779844,0.9939753430800748,0.00014694523630565115,0.0
0.47375,0.10988182159907467,0.9940934213833232,0.0001478616462329274,0.0
0.474,0.10882694546589278,0.9942103679826682,0.00014876886574666237,0.0
0.47425,0.10777197306367725,0.9943261828749492,0.00014966686426731712,0.0
0.4745,0.10671690538958245,0.9944408660641131,0.00015055566363231243,0.0
0.47475,0.10566174357540348,0.9945544175505108,0.00015143529599059846,0.0
0.475,0.10460648803510253,0.9946668373337948,0.00015230571681024152,0.0
0.47525,0.10355114047176528,0.9947781254138401,0.0001531670173708921,0.0
0.4755,0.10249570142637054,0.9948882817906064,0.00015401916662249882,0.0
0.47575,0.10144017164594743,0.9949973064649837,0.00015486215692228633,0.0
0.476,0.10038455234207078,0.9951051994382747,0.00015569602837661733,0.0
0.47625,0.09932884448920731,0.9952119607082072,0.00015652079273831276,0.0
0.4765,0.09827304869732956,0.995317590276665,0.0001573364298312896,0.0
0.47675,0.09721716638517819,0.9954220881439572,0.00015814299781591323,0.0
0.477,0.09616119786592492,0.9955254543092389,0.00015894044528041995,0.0
0.47725,0.09510514462637332,0.9956276887738973,0.00015972883717729758,0.0
0.4775,0.09404900750858047,0.9957287915378918,0.0001605081739928238,0.0
0.47775,0.09299278727185367,0.9958287626025883,0.00016127845022584353,0.0
0.478,0.09193648516811948,0.9959276019653442,0.00016203970232187004,0.0
0.47825,0.09088010147632986,0.9960253096292812,0.0001627918826281327,0.0
0.4785,0.08982363774763513,0.996121885593205,0.00016353505613286856,0.0
0.47875,0.08876709448117026,0.9962173298556058,0.00016426919144740815,0.0
0.479,0.08771047289371836,0.9963116424194245,0.00016499432630157074,0.0
0.47925,0.08665377392106421,0.9964048232841656,0.00016571046937619016,0.0
0.4795,0.08559699845677926,0.9964968724512582,0.00016641762756108847,0.0
0.47975,0.08454014737044702,0.9965877899193817,0.00016711580306139062,0.0
0.48,0.08348322197852553,0.996677575689056,0.0001678050373996598,0.0
0.48025,0.08242622243071906,0.9967662297608216,0.00016848527425672444,0.0
0.4805,0.08136915069530204,0.9968537521342886,0.0001691566075632256,0.0
0.48075,0.08031200686823325,0.9969401428118589,0.00016981897922363487,0.0
0.481,0.07925479203890973,0.9970254017907842,0.00017047240818190978,0.0
0.48125,0.07819750748845422,0.9971095290725994,0.00017111693189164612,0.0
0.4815,0.07714015370243033,0.9971925246573901,0.00017175252344237002,0.0
0.48175,0.07608273214179206,0.9972743885466275,0.0001723792333048202,0.0
0.482,0.07502524306410407,0.9973551207385156,0.00017299701609974072,0.0
0.48225,0.0739676878295299,0.9974347212356033,0.0001736059150891922,0.0
0.4825,0.07291006758511287,0.9975131900347302,0.00017420595040817943,0.0
0.48275,0.07185238280172257,0.9975905271391654,0.00017479709902867846,0.0
0.483,0.07079463468051728,0.9976667325491214,0.00017537938842915324,0.0
0.48325,0.06973682386773561,0.9977418062624102,0.0001759528037736935,0.0
0.4835,0.06867895167760452,0.9978157482806083,0.00017651738096957637,0.0
0.48375,0.06762101946601007,0.9978885586079576,0.0001770731596928421,0.0
0.484,0.06656302715893503,0.9979602372390448,0.00017762007294064297,0.0
0.48425,0.06550497621417861,0.9980307841763352,0.0001781581660593723,0.0
0.4845,0.06444686748160677,0.9981001994191312,0.00017868743975002488,0.0
0.48475,0.06338870180699985,0.9981684829684283,0.00017920789640002432,0.0
0.485,0.062330480267846156,0.99823563482446,0.0001797195523476347,0.0
0.48525,0.06127220378598963,0.9983016549874597,0.0001802224136873143,0.0
0.4855,0.06021387345825957,0.9983665434588774,0.0001807164982106091,0.0
0.48575,0.059155489742508394,0.9984303002361969,0.00018120178116642904,0.0
0.486,0.058097053896801754,0.998492925322296,0.00018167829158133308,0.0
0.48625,0.05703856715726374,0.9985544187156731,0.00018214605138267004,0.0
0.4865,0.055980030023029315,0.9986147804169112,0.00018260504194689275,0.0
0.48675,0.05492144327255488,0.9986740104276077,0.00018305526273643125,0.0
0.487,0.05386280863570647,0.9987321087471287,0.00018349676277562565,0.0
0.48725,0.05280412603921292,0.9987890753751054,0.00018392949268242198,0.0
0.4875,0.05174539701376801,0.9988449103119186,0.0001843534909637956,0.0
0.48775,0.05068662241519206,0.9988996135586901,0.0001847687600329273,0.0
0.488,0.04962780319191751,0.9989531851154847,0.00018517530606687593,0.0
0.48825,0.04856894030130121,0.9990056249818159,0.00018557313495581873,0.0
0.4885,0.04751003467652737,0.9990569331588687,0.00018596225290479218,0.0
0.48875,0.04645108703802947,0.9991071096463164,0.00018634265462313948,0.0
0.489,0.045392098584365215,0.9991561544453651,0.00018671435884565213,0.0
0.48925,0.04433307012151744,0.9992040675531491,0.00018707736160905597,0.0
0.4895,0.04327400260051917,0.9992508489731904,0.0001874316720400504,0.0
0.48975,0.04221489686733548,0.9992964987042107,0.0001877772898517538,0.0
0.49,0.0411557542112746,0.9993410167484307,0.00018811423675990646,0.0
0.49025,0.04009657516252929,0.9993844031034187,0.00018844249778293687,0.0
0.4905,0.03903736068161834,0.9994266577712481,0.00018876208083562496,0.0
0.49075,0.03797811226780823,0.999467780752628,0.00018907301270254528,0.0
0.491,0.03691882993616247,0.999507772044756,0.0001893752593691289,0.0
0.49125,0.03585951549576549,0.9995466316510909,0.00018966886117777193,0.0
0.4915,0.03480016907251837,0.9995843595689146,0.0001899537899152648,0.0
0.49175,0.033740792259230545,0.9996209558010835,0.00019023007573526485,0.0
0.492,0.032681385662151285,0.9996564203462226,0.00019049770942225486,0.0
0.49225,0.03162195039150362,0.9996907532055171,0.00019075670152890467,0.0
0.4925,0.030562487300507257,0.999723954380691,0.00019100705443242383,0.0
0.49275,0.029502997506632767,0.999756023870327,0.000191248775394115,0.0
0.493,0.028443481776811552,0.9997869616733154,0.00019148186112194487,0.0
0.49325,0.027383940912187654,0.9998167677919403,0.00019170631324705312,0.0
0.4935,0.026324375803916666,0.9998454422251131,0.00019192213284635606,0.0
0.49375,0.025264787770318264,0.999872984973627,0.00019212933373458085,0.0
0.494,0.02420517734864802,0.9998993960379472,0.00019232790875323147,0.0
0.49425,0.023145545950583823,0.9999246754184334,0.00019251787243934615,0.0
0.4945,0.022085893983579297,0.9999488231153614,0.00019269921493125786,0.0
0.49475,0.021026222430840846,0.9999718391283496,0.00019287193993000606,0.0
0.495,0.019966532962911288,0.9999937234573455,0.00019303606486142932,0.0
0.49525,0.018906825727633247,1.0000144761058707,0.00019319157870412162,0.0
0.4955,0.017847102021754324,1.0000340970697799,0.00019333848648739327,0.0
0.49575,0.01678736238866918,1.0000525863503211,0.00019347678433434545,0.0
0.496,0.01572760821625252,1.0000699439503808,0.0001936064848255814,0.0
0.49625,0.014667840526762177,1.0000861698680028,0.00019372758829594439,0.0
0.4965,0.01360805964805678,1.0001012641035891,0.00019384008750122916,0.0
0.49675,0.012548267284898884,1.0001152266575832,0.0001939439949645294,0.0
0.497,0.011488463741713417,1.0001280575309268,0.00019403930423900206,0.0
0.49725,0.010428649905193765,1.0001397567226782,0.00019412601561663578,0.0
0.4975,0.009368827314773398,1.000150324233715,0.00019420413740633968,0.0
0.49775,0.00830899654955175,1.000159760064545,0.00019427366688562486,0.0
0.498,0.007249158608544803,1.0001680642146602,0.0001943346047468264,0.0
0.49825,0.006189314167556859,1.0001752366850645,0.00019438695080142843,0.0
0.4985,0.0051294643801398365,1.0001812774747956,0.00019443070632085835,0.0
0.49875,0.004069610467354323,1.0001861865865718,0.0001944658754837736,0.0
0.499,0.0030097528872374824,1.0001899640187526,0.0001944924544803328,0.0
0.49925,0.0019498929056638303,1.0001926097711378,0.00019451044441520793,0.0
0.4995,0.0008900311724033827,1.0001941238449208,0.00019451984571317027,0.0
0.49975,-0.00016983096725908808,1.000194506239986,0.0001945206584601511,0.0
0.5,-0.001229693200897941,1.000193756956449,0.00019451288238148123,0.0
0.50025,-0.0022895539987501934,1.00019187599616,0.00019449651866776385,0.0
0.5005,-0.0033494126377746625,1.0001888633591924,0.0001944715667905328,0.0
0.50075,-0.004409268346769579,1.0001847190419615,0.00019443802312824054,0.0
0.501,-0.005469119741206896,1.0001794430482835,0.00019439588867831148,0.0
0.50125,-0.006528966279368831,1.0001730353777138,0.00019434516365213206,0.0
0.5015,-0.00758880733454248,1.000165496030697,0.00019428585004965804,0.0
0.50175,-0.008648640842125133,1.0001568250065866,0.0001942179375324926,0.0
0.502,-0.009708467267593335,1.0001470223058475,0.00019414143652096705,0.0
0.50225,-0.010768284630209735,1.0001360879303514,0.00019405633832114688,0.0
0.5025,-0.01182809226030912,1.0001240218784788,0.00019396264169802002,0.0
0.50275,-0.012887889391336671,1.00011082415078,0.00019386034734059088,0.0
0.503,-0.013947675305828966,1.000096494747698,0.00019374945710848301,0.0
0.50325,-0.015007448485739872,1.0000810336700146,0.0001936299619873516,0.0
0.5035,-0.016067208370749597,1.0000644409180262,0.00019350186527078428,0.0
0.50375,-0.017126953879461837,1.0000467164921851,0.00019336516295198614,0.0
0.504,-0.018186683907231327,1.0000278603906834,0.00019321984760001243,0.0
0.50425,-0.019246398321278946,1.0000078726149582,0.00019306593289059037,0.0
0.5045,-0.020306095391738666,0.9999867531647976,0.00019290340170474707,0.0
0.50475,-0.02136577422150765,0.9999645020425904,0.00019273225382421266,0.0
0.505,-0.02242543411878728,0.9999411192476061,0.00019255249055483148,0.0
0.50525,-0.023485073894505604,0.9999166047782257,0.0001923641015486588,0.0
0.5055,-0.024544693226566494,0.9998909586358873,0.00019216709959279932,0.0
0.50575,-0.02560429016045873,0.9998641808222389,0.000191961458373191,0.0
0.506,-0.02666386488270689,0.9998362713347312,0.0001917472000163567,0.0
0.50625,-0.027723415763496462,0.9998072301775724,0.00019152430769242557,0.0
0.5065,-0.028782942032364645,0.9997770573460447,0.00019129277731422256,0.0
0.50675,-0.029842442657383117,0.9997457528461753,0.0001910526083128694,0.0
0.507,-0.03090191666408515,0.999713316673659,0.0001908037910374194,0.0
0.50725,-0.031961363880263605,0.9996797488278073,0.0001905463448024225,0.0
0.5075,-0.0330207820185251,0.999645049312997,0.00019028022726708116,0.0
0.50775,-0.034080171367676826,0.9996092181266787,0.00019000547110059607,0.0
0.508,-0.035139530360204674,0.9995722552709132,0.00018972205342904225,0.0
0.50825,-0.03619885785166588,0.9995341607454038,0.00018942996153681335,0.0
0.5085,-0.037258153505831615,0.9994949345509105,0.00018912921286684536,0.0
0.50875,-0.03831741564174962,0.9994545766871151,0.00018881977468776512,0.0
0.509,-0.03937664436318755,0.9994130871525886,0.00018850168014461488,0.0
0.50925,-0.04043583776026338,0.9993704659498042,0.0001881748891570112,0.0
0.5095,-0.041494995635112275,0.9993267130784653,0.00018783942565869793,0.0
0.50975,-0.0425541167209218,0.9992818285381149,0.0001874952709497446,0.0
0.51,-0.04361319994541191,0.9992358123284353,0.00018714241343165128,0.0
0.51025,-0.044672244593350285,0.9991886644516559,0.00018678085930123878,0.0
0.5105,-0.045731249742900104,0.9991403849070881,0.00018641060320945257,0.0
0.51075,-0.04679021419959639,0.9990909736936523,0.00018603162660402184,0.0
0.511,-0.04784913717251982,0.9990404308148155,0.00018564393356834685,0.0
0.51125,-0.04890801774113385,0.998988756268176,0.0001852475164809686,0.0
0.5115,-0.04996685539979495,0.998935950054906,0.00018484239196592256,0.0
0.51175,-0.05102564794832887,0.9988820121757869,0.00018442849151356633,0.0
0.512,-0.05208439567888945,0.9988269426306691,0.00018400587000244606,0.0
0.51225,-0.053143097359445335,0.9987707414185357,0.00018357450554407073,0.0
0.5125,-0.054201751751456584,0.9987134085415112,0.00018313437766481755,0.0
0.51275,-0.05526035797306861,0.9986549439986419,0.00018268548112865268,0.0
0.513,-0.05631891567317382,0.9985953477905614,0.00018222784228383304,0.0
0.51325,-0.05737742333261053,0.9985346199164002,0.00018176142133263795,0.0
0.5135,-0.05843588007305556,0.9984727603791501,0.00018128621718971338,0.0
0.51375,-0.05949428518206901,0.9984097691761018,0.00018080223307737064,0.0
0.514,-0.06055263727531468,0.998345646309295,0.00018030943711333514,0.0
0.51425,-0.06161093598327483,0.9982803917788122,0.00017980785596449778,0.0
0.5145,-0.06266918002631172,0.9982140055835311,0.0001792974603542774,0.0
0.51475,-0.06372736878050489,0.9981464877261153,0.0001787782649991243,0.0
0.515,-0.0647855008003333,0.9980778382033579,0.00017825022674755608,0.0
0.51525,-0.06584357570810084,0.9980080570191396,0.00017771337755090322,0.0
0.5155,-0.0669015919282927,0.9979371441708348,0.0001771676649999776,0.0
0.51575,-0.06795954910292323,0.9978650996615618,0.00017661312232819526,0.0
0.516,-0.06901744614631866,0.9977919234912132,0.0001760497316734,0.0
0.51625,-0.07007528180524503,0.997717615656191,0.00017547745921020486,0.0
0.5165,-0.07113305587886032,0.997642176158948,0.0001748963505465717,0.0
0.51675,-0.0721907666575703,0.9975656050015751,0.00017430634503212694,0.0
0.517,-0.07324841361452883,0.9974879021825163,0.0001737074616199319,0.0
0.51725,-0.0743059955917218,0.9974090677018539,0.00017309967563039486,0.0
0.5175,-0.07536351176903366,0.9973291015622302,0.00017248298935235162,0.0
0.51775,-0.07642096115154118,0.9972480037600051,0.00017185738583980203,0.0
0.518,-0.07747834286594468,0.9971657742988358,0.00017122286449011703,0.0
0.51825,-0.07853565581280719,0.9970824131778528,0.00017057940259279647,0.0
0.5185,-0.07959289953632265,0.9969979203956058,0.00016992702728346742,0.0
0.51875,-0.08065007238808164,0.9969122959553178,0.00016926567611852406,0.0
0.519,-0.08170717415384843,0.9968255398556651,0.00016859539616898012,0.0
0.51925,-0.08276420345784175,0.9967376520953234,0.0001679161413392638,0.0
0.5195,-0.08382115950895752,0.9966486326774107,0.0001672279170010782,0.0
0.51975,-0.08487804132324328,0.996558481601163,0.00016653070880434662,0.0
0.52,-0.08593484777076554,0.9964671988665994,0.00016582449033508695,0.0
0.52025,-0.08699157822760384,0.9963747844751243,0.00016510927965285305,0.0
0.5205,-0.0880482315143567,0.9962812384244829,0.00016438504349225447,0.0
0.52075,-0.08910480691002931,0.9961865607164713,0.0001636517923380154,0.0
0.521,-0.09016130332560124,0.9960907513517107,0.00016290950314012953,0.0
0.52125,-0.09121772000678874,0.995993810328919,0.0001621581807400574,0.0
0.5215,-0.09227405574090142,0.9958957376504314,0.0001613977919623366,0.0
0.52175,-0.0933303099650189,0.995796533315854,0.00016062836028463146,0.0
0.522,-0.0943864812510995,0.9956961973239474,0.00015984982818295634,0.0
0.52225,-0.0954425691948515,0.9955947296752061,0.0001590622353830895,0.0
0.5225,-0.09649857246605364,0.9954921303724833,0.00015826553677578126,0.0
0.52275,-0.09755449042981468,0.9953883994131115,0.0001574597478222195,0.0
0.523,-0.09861032176260665,0.9952835367986004,0.00015664482142785374,0.0
0.52325,-0.09966606604452011,0.9951775425271713,0.00015582079554499195,0.0
0.5235,-0.10072172174225358,0.995070416604035,0.00015498760504706333,0.0
0.52375,-0.10177728827689236,0.9949621590256779,0.00015414527063573047,0.0
0.524,-0.10283276469089486,0.9948527697940011,0.00015329378089257162,0.0
0.52425,-0.10388815027182119,0.994742248906443,0.00015243314524227003,0.0
0.5245,-0.10494344351854323,0.994630596364492,0.00015156329524113055,0.0
0.52475,-0.1059986438720486,0.9945178121696158,0.00015068425980335753,0.0
0.525,-0.10705375041310106,0.9944038963211977,0.00014979602871978415,0.0
0.52525,-0.10810876229461996,0.9942888488206212,0.00014889860155853363,0.0
0.5255,-0.10916367817113581,0.9941726696662336,0.0001479919207643121,0.0
0.52575,-0.11021849761994673,0.9940553588600838,0.0001470760323445397,0.0
0.526,-0.11127321891881081,0.993936916401471,0.00014615083707547605,0.0
0.52625,-0.11232784177222754,0.9938173422918627,0.00014521639473330517,0.0
0.5265,-0.113382365331816,0.9936966365292359,0.0001442727015708023,0.0
0.52675,-0.11443678820393899,0.9935747991163805,0.0001433196965268113,0.0
0.527,-0.11549110998412004,0.9934518300499933,0.0001423574247041426,0.0
0.52725,-0.1165453290007008,0.9933277293351589,0.00014138579404088247,0.0
0.5275,-0.11759944524159494,0.9932024969689239,0.00014040489645061882,0.0
0.52775,-0.11865345671509431,0.9930761329516232,0.00013941459608046713,0.0
0.528,-0.11970736345002564,0.9929486372847035,0.0001384149954977154,0.0
0.52825,-0.12076116407953208,0.9928200099674639,0.00013740603061074275,0.0
0.5285,-0.12181485785881563,0.9926902509998057,0.00013638771180635167,0.0
0.52875,-0.12286844333919333,0.9925593603842324,0.0001353599663163063,0.0
0.529,-0.1239219198727568,0.9924273381172727,0.00013432281243375144,0.0
0.52925,-0.12497528713815598,0.9922941842014088,0.00013327631631376846,0.0
0.5295,-0.1260285431877577,0.9921598986383612,0.0001322203409466205,0.0
0.52975,-0.12708168787911234,0.9920244814260226,0.00013115497057358816,0.0
0.53,-0.12813471953182187,0.9918879325654902,0.00013008009885440153,0.0
0.53025,-0.1291876378278829,0.9917502520567918,0.00012899579117209292,0.0
0.5305,-0.13024044170728644,0.9916114399023465,0.00012790202119350447,0.0
0.53075,-0.13129312981023844,0.9914714960992218,0.0001267987173412255,0.0
0.531,-0.13234570184979333,0.9913304206486413,0.0001256859522840159,0.0
0.53125,-0.13339815647936604,0.9911882135518075,0.00012456366000579422,0.0
0.5315,-0.1344504925554446,0.9910448748077334,0.00012343179783447233,0.0
0.53175,-0.13550271002949188,0.9909004044161305,0.00012229047121414816,0.0
0.532,-0.13655480709390844,0.9907548023800836,0.00012113955243098218,0.0
0.53225,-0.1376067829336023,0.9906080686967867,0.00011997904077154509,0.0
0.5325,-0.13865863754522678,0.9904602033663853,0.00011880905144456833,0.0
0.53275,-0.1397103687062895,0.9903112063906838,0.00011762939517212523,0.0
0.533,-0.1407619760340708,0.9901610777709481,0.00011644013561817879,0.0
0.53325,-0.14181345850203542,0.9900098175066248,0.00011524124563200289,0.0
0.5335,-0.14286481545538976,0.9898574255956696,0.00011403274926058415,0.0
0.53375,-0.1439160456171038,0.9897039020417275,0.00011281458777712139,0.0
0.534,-0.14496714840249325,0.9895492468419081,0.00011158679486267253,0.0
0.53425,-0.14601812223195765,0.9893934600006604,0.00011034926763220376,0.0
0.5345,-0.1470689668773133,0.9892365415137717,0.00010910209061121279,0.0
0.53475,-0.14811968109314222,0.9890784913825923,0.00010784520610518378,0.0
0.535,-0.1491702640258552,0.9889193096097937,0.00010657861482665787,0.0
0.53525,-0.15022071430561823,0.9887589961929617,0.00010530223522131621,0.0
0.5355,-0.15127103154711108,0.9885975511356146,0.00010401613865207437,0.0
0.53575,-0.1523212145692554,0.9884349744336455,0.00010272027002034001,0.0
0.536,-0.15337126257964684,0.9882712660902229,0.00010141463995894107,0.0
0.53625,-0.15442117455639703,0.9881064261042335,0.00010009922000220328,0.0
0.5365,-0.15547094973629783,0.9879404544770485,9.877402395774837e-05,0.0
0.53675,-0.1565205867459838,0.9877733512073942,9.743896822023146e-05,0.0
0.537,-0.15757008507255676,0.9876051162968649,9.60941057197573e-05,0.0
0.53725,-0.1586194434566508,0.9874357497469578,9.473937264292687e-05,0.0
0.5375,-0.15966866109842215,0.9872652515557344,9.337477376103465e-05,0.0
0.53775,-0.16071773740221573,0.9870936217227254,9.200034865508577e-05,0.0
0.538,-0.16176667097365538,0.9869208602497568,9.061601137871911e-05,0.0
0.53825,-0.16281546097235378,0.9867469671372475,8.922176283654437e-05,0.0
0.5385,-0.1638641066176234,0.9865719423847499,8.781761323839454e-05,0.0
0.53875,-0.16491260683699238,0.9863957859926619,8.640352614208702e-05,0.0
0.539,-0.16596096070230004,0.9862184979620474,8.497948911689868e-05,0.0
0.53925,-0.16700916746651728,0.9860400782910098,8.354551707334679e-05,0.0
0.5395,-0.16805722565957382,0.9858605269804654,8.210150696830176e-05,0.0
0.53975,-0.1691051350698416,0.9856798440336251,8.06475685553032e-05,0.0
0.54,-0.17015289420419322,0.9854980294473544,7.918359032044187e-05,0.0
0.54025,-0.17120050248854568,0.9853150832230879,7.7709620233124e-05,0.0
0.5405,-0.17224795890603417,0.9851310053612444,7.62256305020248e-05,0.0
0.54075,-0.17329526212885327,0.984945795862909,7.473153976200742e-05,0.0
0.541,-0.17434241135474338,0.984759454727983,7.322735544756931e-05,0.0
0.54125,-0.17538940622608834,0.9845719819542414,7.171316143272932e-05,0.0
0.5415,-0.1764362451818826,0.9843833775445459,7.01888367082848e-05,0.0
0.54175,-0.1774829278479615,0.9841936414970842,6.865446367032568e-05,0.0
0.542,-0.17852945266796638,0.9840027738142844,6.710992019387518e-05,0.0
0.54225,-0.17957581909515596,0.9838107744949781,6.555525930651562e-05,0.0
0.5425,-0.18062202619076828,0.9836176435393955,6.399046623606353e-05,0.0
0.54275,-0.18166807269785323,0.9834233809500907,6.241547068452924e-05,0.0
0.543,-0.18271395820207914,0.9832279867239506,6.083034938630938e-05,0.0
0.54325,-0.18375968126405695,0.9830314608633397,5.923499829729728e-05,0.0
0.5435,-0.18480524110179886,0.9828338033679574,5.7629430133765425e-05,0.0
0.54375,-0.1858506367345143,0.9826350142392591,5.601362304386015e-05,0.0
0.544,-0.18689586734041796,0.9824350934741525,5.438758024256529e-05,0.0
0.54425,-0.18794093217303498,0.9822340410768633,5.27513267760682e-05,0.0
0.5445,-0.18898582986179235,0.9820318570461184,5.1104765150578046e-05,0.0
0.54475,-0.19003055962339488,0.9818285413806656,4.944790768512952e-05,0.0
0.545,-0.19107512077404465,0.9816240940820442,4.77807891028359e-05,0.0
0.54525,-0.19211951214791156,0.9814185151504087,4.610335123267362e-05,0.0
0.5455,-0.19316373295092149,0.9812118045856058,4.441560646495368e-05,0.0
0.54575,-0.19420778203435418,0.9810039623889222,4.271750034212651e-05,0.0
0.546,-0.19525165847432646,0.9807949885610511,4.100902085379943e-05,0.0
0.54625,-0.19629536141501802,0.9805848831003698,3.929016715065181e-05,0.0
0.5465,-0.19733889037124186,0.980373646006578,3.756101317708982e-05,0.0
0.54675,-0.19838224345784994,0.9801612772826422,3.5821360270249514e-05,0.0
0.547,-0.1994254206378372,0.9799477769272472,3.407137018696105e-05,0.0
0.54725,-0.20046842029849898,0.9797331449411074,3.231089458743952e-05,0.0
0.5475,-0.20151124183878721,0.9795173813239852,3.0539985258482005e-05,0.0
0.54775,-0.20255388433909616,0.979300486076014,2.8758631257286282e-05,0.0
0.548,-0.20359634699511986,0.9790824591975162,2.6966845401155126e-05,0.0
0.54825,-0.2046386283888637,0.9788633006900527,2.516451672351927e-05,0.0
0.5485,-0.20568072842417706,0.9786430105510067,2.3351800065629646e-05,0.0
0.54875,-0.20672264515157224,0.9784215887838212,2.152847662229007e-05,0.0
0.549,-0.2077643781206362,0.9781990353878882,1.9694630885469522e-05,0.0
0.54925,-0.2088059264236648,0.9779753503610883,1.785025245348848e-05,0.0
0.5495,-0.20984728911520278,0.9777505337064304,1.5995328179307933e-05,0.0
0.54975,-0.21088846501045566,0.977524585424132,1.4129791718220375e-05,0.0
0.55,-0.2119294536086116,0.9772975055126967,1.225371901525385e-05,0.0
0.55025,-0.21297025364807354,0.9770692939744683,1.0367029607660783e-05,0.0
0.5505,-0.21401086432360472,0.9768399508085528,8.469736227922908e-06,0.0
0.55075,-0.21505128477287627,0.9766094760137399,6.561839619445564e-06,0.0
0.551,-0.21609151378714841,0.976377869591654,4.643268799009448e-06,0.0
0.55125,-0.2171315483863836,0.9761451315583218,2.713581159108358e-06,0.0
0.5515,-0.2181713921019437,0.9759112620546984,7.738681475633058e-07,8.021653166323535
0.55175,-0.21921135774642553,0.9756776707600386,2.682923467833831e-07,2.1240718999007413
0.552,-0.22025121243140555,0.9754433230401897,1.365205866132868e-07,0.5874193060330853
0.55225,-0.22129089537364816,0.975207948787598,1.0187688737062217e-07,0.18772341151391408
0.5525,-0.22233038939545835,0.9749714783750135,9.284674362675105e-08,0.08507906533095538
0.55275,-0.2233696897728249,0.9747338934633527,9.068771311682156e-08,0.05750886701204984
0.553,-0.22440879367526345,0.9744951891656766,9.019291336009871e-08,0.05235452623892243
0.55325,-0.22544770036283523,0.9742553636448363,8.959480757297911e-08,0.051657624572039644
0.5535,-0.22648640872608378,0.9740144176077499,8.952269747730668e-08,0.051954498797481215
0.55375,-0.22752491829804183,0.973772350089696,8.912286597606567e-08,0.05251513444920395
0.554,-0.22856322815739477,0.9735291621793278,8.943965257302011e-08,0.05361147905694738
0.55425,-0.22960133613020162,0.973284852525893,8.885455771157069e-08,0.054414255435869134
0.5545,-0.23063924293952154,0.9730394224537364,8.901640424774371e-08,0.055781555155996594
0.55475,-0.2316769468027797,0.9727928710602799,8.883277624605057e-08,0.05684888414235803
0.555,-0.2327144467423946,0.9725451991079246,8.901524184423693e-08,0.05774085460350977
0.55525,-0.23375174199743043,0.9722964052514982,8.827590547433317e-08,0.058138795799764796
0.5555,-0.23478883177844326,0.9720464917867367,8.886139046815344e-08,0.06027990769872975
0.55575,-0.23582571501881017,0.9717954560203178,8.810293139482894e-08,0.0601157783275096
0.556,-0.23686239083754207,0.9715433003832018,8.835637643755945e-08,0.061855076639247455
0.55625,-0.23789885782279185,0.9712900228867838,8.755639502311396e-08,0.0624235313130899
0.5565,-0.23893511577235055,0.9710356258277228,8.808788809488988e-08,0.06390360286573474
0.55675,-0.2399711639754085,0.9707801067823255,8.76320040976708e-08,0.06439913372429137
0.557,-0.2410069999688376,0.9705234681157348,8.80986825713137e-08,0.06559625014261428
0.55725,-0.24204262446252756,0.9702657070734091,8.718968147469752e-08,0.06709874555194446
0.5575,-0.24307803551141202,0.9700068266855092,8.758228542404822e-08,0.06803285043490628
0.55775,-0.2441132330384318,0.9697468243283541,8.691969788365839e-08,0.06861415846996927
0.558,-0.2451482155143758,0.9694857031414975,8.808281948269325e-08,0.0707701803248639
0.55825,-0.24618298178348397,0.9692234588953639,8.689644626080906e-08,0.070840227395516
0.5585,-0.24721753150258638,0.9689600948097002,8.660792416570473e-08,0.07178703609568067
0.55875,-0.2482518635215545,0.9686956105494687,8.68198626324812e-08,0.07253853399373061
0.559,-0.2492859767999448,0.9684300055137638,8.690424180279877e-08,0.07461348138565958
0.55925,-0.2503198699756837,0.9681632791368244,8.618680213956509e-08,0.07517139140773982
0.5595,-0.2513535431125559,0.9678954329169673,8.634837578291865e-08,0.07676355170197315
0.55975,-0.25238699481724314,0.9676264658775843,8.63098077452662e-08,0.07757494730974997
0.56,-0.2534202240156986,0.9673563780264978,8.602435186411128e-08,0.07991535382584056
0.56025,-0.2544532297297337,0.9670851697185228,8.58046946827784e-08,0.07871353818701048
0.5605,-0.25548601069984905,0.9668128410999838,8.568956921806148e-08,0.08077331023617765
0.56075,-0.25651856695877573,0.9665393919790454,8.57208994897718e-08,0.08210776307135369
0.561,-0.2575508969159611,0.966264822170042,8.55327557669483e-08,0.08350633007564241
0.56125,-0.2585829996545854,0.9659891316790521,8.51162025305996e-08,0.08378173298363074
0.5615,-0.2596148743923894,0.965712321232591,8.51931039047571e-08,0.08626439046409874
0.56175,-0.2606465202220057,0.9654343903298687,8.526771932970689e-08,0.08622884000120142
0.562,-0.2616779354993829,0.965155338752754,8.492507763691037e-08,0.08853106064903514
0.56225,-0.2627091202604106,0.9648751666866602,8.457830102948094e-08,0.08905946619329563
0.5625,-0.2637400731508267,0.9645938745803191,8.453173427902527e-08,0.08952096344107092
0.56275,-0.26477079347042654,0.9643114618702731,8.428466768961584e-08,0.09107254139066036
0.563,-0.26580127937622244,0.96402792991515,8.488725944388875e-08,0.09315366462682484
0.56325,-0.2668315307089273,0.9637432760612725,8.396688810918818e-08,0.09251811494410148
0.5635,-0.2678615468272755,0.9634575028642278,8.404703355502363e-08,0.09599394044377522
0.56375,-0.26889132602430715,0.9631706092022416,8.382106031490366e-08,0.09508746344580292
0.564,-0.2699208673591895,0.9628825957391948,8.390668981839156e-08,0.0983598726983036
0.56425,-0.2709501703240491,0.9625934615491971,8.350794500344705e-08,0.0973139312596578
0.5645,-0.27197923423962256,0.9623032073376804,8.335497558853433e-08,0.1008039369854473
0.56475,-0.27300805727220107,0.9620118332329834,8.33079099038514e-08,0.10080253041522826
0.565,-0.2740366391010655,0.9617193384627054,8.277147234281301e-08,0.10214287329078597
0.56525,-0.27506497820891695,0.9614257244300077,8.29164150673023e-08,0.1035009868151987
0.5655,-0.2760930743729301,0.9611309898170826,8.265172724009062e-08,0.104939113804982
0.56575,-0.2771209265013948,0.9608351357878473,8.30347177682711e-08,0.10680356601441719
0.566,-0.278148533035559,0.9605381604853579,8.2089210984293e-08,0.10705225869906569
0.56625,-0.2791758934522406,0.960240066449245,8.234965021003404e-08,0.1079092200652676
0.5665,-0.28020300680329624,0.959940851546616,8.174482180045572e-08,0.10996156546105577
0.56675,-0.28122987218206014,0.9596405176196284,8.203239976189991e-08,0.10998339360211105
0.567,-0.282256488044992,0.9593390632632107,8.167311027484914e-08,0.11409266038335389
0.56725,-0.2832828544444652,0.9590364892433172,8.166117226870995e-08,0.11319879658589982
0.5675,-0.2843089695932258,0.9587327951637509,8.135682705301406e-08,0.1163622476510746
0.56775,-0.28533483272374277,0.9584279811814346,8.093850012436121e-08,0.11470983008895597
0.568,-0.2863604432152505,0.9581220483303329,8.146757046745279e-08,0.11893868135437746
0.56825,-0.2873857996570095,0.9578149947595236,8.101533932602933e-08,0.11883413502920635
0.5685,-0.2884109012494732,0.9575068217790611,8.085648284250624e-08,0.12022942981461747
0.56875,-0.2894357469061765,0.9571975288803619,8.044090060721487e-08,0.12276916228179477
0.569,-0.2904603362512037,0.956887116570888,8.039725196695713e-08,0.12205994981739653
0.56925,-0.2914846670845108,0.9565755844975499,8.000109552597223e-08,0.1253491918146991
0.5695,-0.2925087401067688,0.9562629329845064,8.001948681446436e-08,0.12524859005015665
0.56975,-0.2935325530446972,0.9559491617352219,7.975960247819103e-08,0.12738500503580008
0.57,-0.2945561054602348,0.9556342710991939,7.96815911030535e-08,0.1308401587877426
0.57025,-0.2955793957505435,0.955318260682045,7.919240885279066e-08,0.12901313086761176
0.5705,-0.29660242427289574,0.9550011311904566,7.93298020607125e-08,0.13102615744855162
0.57075,-0.29762518868488286,0.9546828821260818,7.918213396074236e-08,0.13289838265073156
0.571,-0.2986476889489208,0.9543635135083657,7.901527876441605e-08,0.13693569094331318
0.57125,-0.2996699231459985,0.9540430254015213,7.857780515152513e-08,0.1337696374480799
0.5715,-0.3006918912037344,0.9537214181283945,7.841625415672127e-08,0.1388230346841898
0.57175,-0.30171359161659755,0.9533986915064033,7.81661515514287e-08,0.13853593061072167
0.572,-0.30273502426991367,0.9530748457488926,7.825948733497512e-08,0.1399175607726892
0.57225,-0.3037561866089007,0.9527498801900087,7.755262565467547e-08,0.14179464543202
0.5725,-0.304777078870503,0.9524237963259333,7.780636690490894e-08,0.1436218184610007
0.57275,-0.3057976999655053,0.9520965928971519,7.775527599562793e-08,0.14428044135504134
0.573,-0.3068180484814537,0.9517682697976145,7.713375316242832e-08,0.14829049277934353
0.57325,-0.3078381236721981,0.9514388278808497,7.679264935056551e-08,0.14708677527541122
0.5735,-0.30885792448151034,0.9511082676016195,7.710758720413935e-08,0.14868410678304908
0.57375,-0.3098774500000021,0.9507765875298223,7.670667589998459e-08,0.1508907093905117
0.574,-0.3108966993807501,0.9504437888440637,7.671904889150483e-08,0.15438147019746665
0.57425,-0.31191567110863616,0.9501098708430771,7.627829679002218e-08,0.15294038076512273
0.5745,-0.31293436499759,0.9497748339445954,7.599546147929459e-08,0.1555006552022707
0.57475,-0.31395277976481734,0.9494386781988113,7.579097816012847e-08,0.1577912508298748
0.575,-0.31497091383484843,0.9491014038985122,7.5722040193682e-08,0.15925826136039709
0.57525,-0.31598876655945674,0.9487630103755755,7.522434275486489e-08,0.1601986447939519
0.5755,-0.3170063376073377,0.9484234984870257,7.528279044599628e-08,0.16265740698555134
0.57575,-0.3180236251306123,0.9480828676732055,7.505832977372506e-08,0.16313437987347726
0.576,-0.3190406284338617,0.9477411179427705,7.46154400488308e-08,0.16574264002929914
0.57625,-0.3200573462362257,0.947398249771684,7.427510984037156e-08,0.16692711589205642
0.5765,-0.32107377838302187,0.9470542631298919,7.423882353307931e-08,0.16817670039923616
0.57675,-0.3220899232298795,0.9467091578394731,7.409167435135089e-08,0.17000525437512762
0.577,-0.32310577976687754,0.9463629339049275,7.379394939555084e-08,0.17437590316601914
0.57725,-0.32412134679893967,0.9460155913850425,7.329717233162114e-08,0.17186979720257972
0.5775,-0.32513662396823484,0.9456671308933884,7.334879437159714e-08,0.17628732378130055
0.57775,-0.3261516100243679,0.945317551854476,7.32828109306638e-08,0.17623375488869447
0.578,-0.3271663038100524,0.9449668540250487,7.277736191468875e-08,0.18151451513245373
0.57825,-0.3281807040817739,0.9446150383946579,7.264647239324518e-08,0.17869808827109554
0.5785,-0.3291948104750784,0.9442621042243061,7.235891597012767e-08,0.18260418389793454
0.57875,-0.33020862168381926,0.9439080518621022,7.210221575348896e-08,0.1829461828378518
0.579,-0.33122213639798526,0.9435528814106451,7.182918548842565e-08,0.19001552411554704
0.57925,-0.3322353538955056,0.9431965928395245,7.156107728611971e-08,0.18492516713844412
0.5795,-0.33324827372201987,0.9428391860795011,7.13728787182788e-08,0.19084925656919308
0.57975,-0.334260893924867,0.9424806614077991,7.116756428615645e-08,0.19031445414205897
0.58,-0.33527321314131897,0.9421210187935966,7.075139185630519e-08,0.19517794041706552
0.58025,-0.33628523220205864,0.941760258092577,7.055989237336746e-08,0.19358751712968303
0.5805,-0.3372969484562698,0.9413983796896772,7.036012816818982e-08,0.19678035647087883
0.58075,-0.3383083616123694,0.9410353832251126,7.000923751832033e-08,0.19866803453898477
0.581,-0.3393194705241025,0.9406712691037904,6.97970441443374e-08,0.20182440551992992
0.58125,-0.34033027369604696,0.9403060372974252,6.948600406175842e-08,0.2015787665539833
0.5815,-0.34134077077397706,0.9399396878254449,6.927098139541954e-08,0.2033604246100112
0.58175,-0.34235096054238784,0.9395722207656857,6.91094266258574e-08,0.20674912080344932
0.582,-0.34336084169200837,0.9392036360144124,6.875506630699135e-08,0.21138368857014417
0.58225,-0.34437041360276766,0.9388339337987972,6.85085304041877e-08,0.20655609066279926
0.5825,-0.34537967513281087,0.9384631141629749,6.831965504439097e-08,0.21436424738973617
0.58275,-0.34638862511599067,0.9380911769168337,6.790947604251585e-08,0.21298906528486408
0.583,-0.34739726246559005,0.9377181224742261,6.759258464050788e-08,0.21762427133571474
0.58325,-0.3484055864004496,0.9373439507371586,6.730929080767112e-08,0.2165775621127745
0.5835,-0.34941359582800924,0.9369686618043304,6.70764261911927e-08,0.22139601926178848
0.58375,-0.35042128970079517,0.93659225567092,6.682915287825608e-08,0.21935965071878477
0.584,-0.3514286669972275,0.9362147323262303,6.650605954838795e-08,0.22811983758080462
0.58425,-0.35243572637902787,0.935836091986868,6.614678116356743e-08,0.22375882294898658
0.5845,-0.3534424674246859,0.9354563346949811,6.595010715315652e-08,0.22967692405029685
0.58475,-0.35444888857286166,0.935075460398692,6.56251792907625e-08,0.22849073727111469
0.585,-0.35545498916361784,0.9346934692187205,6.53607152845126e-08,0.23545012463619622
0.58525,-0.3564607675696152,0.9343103612477686,6.497562532459256e-08,0.23063117101649905
0.5855,-0.3574662235297823,0.9339261365074912,6.470822477844251e-08,0.23908911015895337
0.58575,-0.35847135557759946,0.9335407950862854,6.442998579103687e-08,0.23719332741006088
0.586,-0.3594761625658781,0.9331543370213805,6.407744890246647e-08,0.2431171929156281
0.58625,-0.3604806435725827,0.932766762442558,6.375403538427804e-08,0.24155054944986512
0.5865,-0.3614847977928426,0.9323780713353259,6.347115522054025e-08,0.24733628135882235
0.58675,-0.36248862380166647,0.9319882638052516,6.312817468767662e-08,0.24620378566114803
0.587,-0.36349212103272327,0.9315973399177124,6.289731091513318e-08,0.2516905162682795
0.58725,-0.36449528753431437,0.93120529974858,6.245728068066114e-08,0.24816198812917317
0.5875,-0.3654981233506741,0.9308121433910362,6.222853787818394e-08,0.2561902569808477
0.58775,-0.3665006266840673,0.9304178707845171,6.181750222822302e-08,0.2546641200913384
0.588,-0.3675027968044819,0.9300224821797338,6.150943288041333e-08,0.262391596041697
0.58825,-0.36850463248035226,0.9296259777083193,6.129481211480936e-08,0.25851994644965054
0.5885,-0.36950613287808665,0.9292283570261062,6.086797554871737e-08,0.2628980638143575
0.58875,-0.37050729677301947,0.9288296205716564,6.050666701007401e-08,0.264704708606305
0.589,-0.37150812282209117,0.9284297684230391,6.010842423798124e-08,0.2699060347377041
0.58925,-0.37250861057408,0.9280288006193231,5.986538376134831e-08,0.2674447872706232
0.5895,-0.37350875859423127,0.9276267170247361,5.944234504617896e-08,0.275439329817546
0.58975,-0.37450856593510207,0.9272235179445788,5.9094142024207486e-08,0.2713625893116748
0.59,-0.3755080315058873,0.9268192035313908,5.8879992215210564e-08,0.28143015276227873
0.59025,-0.3765071540380003,0.9264137735643487,5.844576378422062e-08,0.276588031228126
0.5905,-0.37750593278930933,0.9260072283522026,5.812582570818847e-08,0.28503313215606085
0.59075,-0.3785043665027669,0.9255995679450824,5.782089029793269e-08,0.28310508102045806
0.591,-0.37950245415222733,0.925190792058598,5.720878815118624e-08,0.2890816668575229
0.59125,-0.38050019452171213,0.9247809016822188,5.707361760975971e-08,0.2875046963037345
0.5915,-0.38149758679508455,0.9243698959372199,5.6622728283883816e-08,0.29225340772794894
0.59175,-0.3824946296947619,0.9239577753133035,5.6153619309995406e-08,0.29353887048827326
0.592,-0.38349132228264987,0.9235445400323811,5.584485718301835e-08,0.29872911296422133
0.59225,-0.38448766329686546,0.9231301903341489,5.57669213030465e-08,0.2984272838372342
0.5925,-0.38548365180501554,0.9227147253301705,5.507502964796629e-08,0.30411680721185397
0.59275,-0.38647928665277326,0.922298146402352,5.49344238987004e-08,0.3025353669068
0.593,-0.3874745667927073,0.9218804522749083,5.409889136664958e-08,0.31033464716779136
0.59325,-0.38846949103107997,0.9214616448532169,5.419876969448012e-08,0.30765949219453287
0.5935,-0.3894640584335562,0.9210417223260114,5.353839971355967e-08,0.3136086182337992
0.59375,-0.3904582678077575,0.9206206859982569,5.319366636058476e-08,0.314381763568586
0.594,-0.39145211810421054,0.9201985355325848,5.278229187055672e-08,0.3205057357492169
0.59425,-0.3924456081378668,0.9197752710548954,5.229540178675052e-08,0.31824876639446
0.5945,-0.3934387369265458,0.9193508932031392,5.227388144568579e-08,0.32454875456393684
0.59475,-0.3944315033244147,0.9189254011978074,5.189065310773344e-08,0.32399090534046465
0.595,-0.3954239062187252,0.91849879490784,5.0928213424228375e-08,0.33318337683254184
0.59525,-0.39641594447083595,0.9180710759580961,5.077077935844443e-08,0.3281280148126641
0.5955,-0.3974076170766665,0.9176422429631763,5.0090520398171634e-08,0.3352718310612475
0.59575,-0.3983989228479098,0.9172122965812881,4.9363146681358216e-08,0.3353759246296448
0.596,-0.3993898606942875,0.9167812380820071,4.96622887258269e-08,0.3450482145301823
0.59625,-0.40038042942439667,0.9163490652632333,4.883743165429166e-08,0.3386879995696149
0.5965,-0.4013706281276518,0.9159157802572611,4.882392534710789e-08,0.3477926173280657
0.59675,-0.402360455457678,0.9154813818442068,4.8309743094776536e-08,0.3462970074775938
0.597,-0.4033499103965703,0.9150458704984712,4.766661199084865e-08,0.3544151318145222
0.59725,-0.4043389919117839,0.9146092470111711,4.754928828454297e-08,0.3511511123223553
0.5975,-0.40532769884058045,0.914171510051714,4.661881458645212e-08,0.3581675648505599
0.59775,-0.40631602996519234,0.9137326618212006,4.674276476990258e-08,0.3591654292293547
0.598,-0.40730398420444325,0.9132927002032862,4.589671043220278e-08,0.3688729796991713
0.59825,-0.4082915605388209,0.9128516269558844,4.5621614264135246e-08,0.3651472503044543
0.5985,-0.40927875777689005,0.9124094418551109,4.557687360851048e-08,0.3778346230608159
0.59875,-0.4102655753404982,0.9119661462359868,4.709499257238292e-08,0.41694064009362225
0.599,-0.41125201373861486,0.9115217439846504,5.428044058675141e-08,0.547906702874935
0.59925,-0.41223807935858503,0.9110762506801573,8.431333031744259e-08,1.0893168278604572
0.5995,-0.41322380203468423,0.9106297365689481,2.1384579307337503e-07,3.351617843045591
0.59975,-0.41420931004097816,0.9101824851915914,7.544367977008193e-07,12.788743377170356
0.6,-0.41519514423893,0.9097356856441198,3.012762443077577e-06,0.0
0.60025,-0.4161806359598934,0.9092878725827146,5.378472526240685e-06,0.0
0.6005,-0.4171657848612622,0.9088390476234698,7.853241187572024e-06,0.0
0.60075,-0.41815059060043014,0.9083892123824794,1.0438741691265463e-05,0.0
0.601,-0.4191350528347909,0.9079383684758371,1.3136646408229424e-05,0.0
0.60125,-0.42011917122173825,0.907486517519637,1.5948626800099674e-05,0.0
0.6015,-0.42110294541866605,0.907033661129973,1.8876353401031665e-05,0.0
0.60175,-0.4220863750829679,0.9065798009229389,2.192149580171332e-05,0.0
0.602,-0.4230694598720377,0.9061249385146286,2.5085722631823515e-05,0.0
0.60225,-0.4240521994432691,0.9056690755211361,2.837070154337873e-05,0.0
0.6025,-0.4250345934540558,0.9052122135585551,3.177809919296948e-05,0.0
0.60275,-0.42601664156179175,0.9047543542429796,3.530958122621719e-05,0.0
0.603,-0.42699834342387055,0.9042954991905036,3.896681225956655e-05,0.0
0.60325,-0.42797969869768593,0.9038356500172209,4.275145586363216e-05,0.0
0.6035,-0.4289607070406318,0.9033748083392255,4.666517454632313e-05,0.0
0.60375,-0.42994136811010175,0.9029129757726111,5.0709629735745665e-05,0.0
0.604,-0.43092168156348953,0.9024501539334717,5.488648176310562e-05,0.0
0.60425,-0.431901647058189,0.9019863444379014,5.919738984694334e-05,0.0
0.6045,-0.4328812642515939,0.9015215489019939,6.36440120740378e-05,0.0
0.60475,-0.43386053280109793,0.901055768941843,6.822800538386353e-05,0.0
0.605,-0.4348394523640949,0.9005890061735428,7.295102555171518e-05,0.0
0.60525,-0.43581802259797847,0.9001212622131871,7.781472717072191e-05,0.0
0.6055,-0.4367962431601425,0.8996525386768698,8.282076363608226e-05,0.0
0.60575,-0.4377741137079806,0.8991828371806848,8.797078712730055e-05,0.0
0.606,-0.4387516338988867,0.898712159340726,9.32664485913115e-05,0.0
0.60625,-0.43972880339025444,0.8982405067730874,9.870939772649301e-05,0.0
0.6065,-0.4407056218394776,0.8977678810938629,0.00010430128296357033,0.0
0.60675,-0.4416820889039499,0.8972942839191462,0.00011004375145140521,0.0
0.607,-0.44265820424106517,0.8968197168650314,0.00011593844903767803,0.0
0.60725,-0.44363396750821704,0.8963441815476121,0.00012198702025356667,0.0
0.6075,-0.4446093783627994,0.8958676795829826,0.00012819110829620506,0.0
0.60775,-0.4455844364622059,0.8953902125872366,0.0001345523550111416,0.0
0.608,-0.44655914146383036,0.894911782176468,0.00014107240087657402,0.0
0.60825,-0.44753349302506645,0.8944323899667708,0.00014775288498580785,0.0
0.6085,-0.448507490803308,0.8939520375742387,0.00015459544503038103,0.0
0.60875,-0.4494811344559487,0.8934707266149657,0.0001616017172831885,0.0
0.609,-0.45045442364038246,0.8929884587050458,0.00016877333658160687,0.0
0.60925,-0.4514273580140028,0.8925052354605729,0.00017611193631061894,0.0
0.6095,-0.45239993723420363,0.8920210584976407,0.0001836191483854943,0.0
0.60975,-0.4533721609583786,0.8915359294323433,0.0001912966032358021,0.0
0.61,-0.4543440288439216,0.8910498498807744,0.00019914592978764745,0.0
0.61025,-0.45531554054822626,0.8905628214590281,0.00020716875544746216,0.0
0.6105,-0.4562866957286864,0.8900748457831982,0.0002153667060844633,0.0
0.61075,-0.45725749404269567,0.8895859244693787,0.00022374140601399972,0.0
0.611,-0.458227935147648,0.8890960591336634,0.000232294477981565,0.0
0.61125,-0.4591980187009369,0.8886052513921461,0.00024102754314436758,0.0
0.6115,-0.46016774435995633,0.8881135028609208,0.00024994222105556574,0.0
0.61175,-0.46113711178210004,0.8876208151560816,0.00025904012964761414,0.0
0.612,-0.46210612062476164,0.8871271898937221,0.00026832288521405623,0.0
0.61225,-0.463074770545335,0.8866326286899363,0.0002777921023944252,0.0
0.6125,-0.4640430612012138,0.8861371331608182,0.0002874493941564804,0.0
0.61275,-0.46501099224979187,0.8856407049224615,0.0002972963717788879,0.0
0.613,-0.4659785633484629,0.8851433455909603,0.00030733464483589934,0.0
0.61325,-0.4669457741546206,0.8846450567824085,0.0003175658211789223,0.0
0.6135,-0.4679126243256588,0.8841458401128997,0.00032799150692075507,0.0
0.61375,-0.4688791135189712,0.8836456971985283,0.0003386133064189334,0.0
0.614,-0.4698452413919516,0.8831446296553875,0.00034943282225774475,0.0
0.61425,-0.4708110076019938,0.882642639099572,0.0003604516552331294,0.0
0.6145,-0.47177641180649144,0.8821397271471753,0.00037167140433402857,0.0
0.61475,-0.4727414536628383,0.8816358954142911,0.00038309366672750755,0.0
0.615,-0.4737061328284281,0.8811311455170137,0.000394720037740548,0.0
0.61525,-0.4746704489606547,0.8806254790714367,0.0004065521108440606,0.0
0.6155,-0.47563440171691185,0.8801188976936543,0.00041859147763623206,0.0
0.61575,-0.4765979907545932,0.8796114029997599,0.0004308397278252052,0.0
0.616,-0.47756121573109256,0.8791029966058479,0.00044329844921264794,0.0
0.61625,-0.47852407630380367,0.8785936801280121,0.00045596922767776604,0.0
0.6165,-0.47948657213012025,0.8780834551823462,0.00046885364715887334,0.0
0.61675,-0.4804487028674361,0.8775723233849443,0.00048195328963873685,0.0
0.617,-0.4814104681731449,0.8770602863519001,0.0004952697351265911,0.0
0.61725,-0.4823718677046406,0.8765473456993076,0.0005088045616414849,0.0
0.6175,-0.4833329011193167,0.8760335030432609,0.000522559345196516,0.0
0.61775,-0.48429356807456714,0.8755187599998536,0.0005365356597812898,0.0
0.618,-0.48525386822778555,0.8750031181851797,0.0005507350773457098,0.0
0.61825,-0.4862138012363657,0.8744865792153331,0.0005651591677831025,0.0
0.6185,-0.4871733667577014,0.8739691447064077,0.000579809498914452,0.0
0.61875,-0.4881325644491864,0.8734508162744976,0.0005946876364701925,0.0
0.619,-0.4890913939682143,0.8729315955356964,0.0006097951440751093,0.0
0.61925,-0.4900498549721791,0.8724114841060981,0.0006251335832307969,0.0
0.6195,-0.49100794711847445,0.8718904836017967,0.0006407045133001166,0.0
0.61975,-0.491965670064494,0.8713685956388859,0.00065650949148921,0.0
0.62,-0.4929230234676316,0.8708458218334598,0.0006725500728324008,0.0
0.62025,-0.493880006985281,0.8703221638016122,0.0006888278101746526,0.0
0.6205,-0.494836620274836,0.8697976231594371,0.0007053442541558042,0.0
0.62075,-0.4957928629936902,0.8692722015230283,0.0007221009531928058,0.0
0.621,-0.4967487347992374,0.8687459005084796,0.0007390994534650641,0.0
0.62125,-0.4977042353488714,0.8682187217318851,0.0007563412988964568,0.0
0.6215,-0.49865936429998603,0.8676906668093386,0.0007738280311395673,0.0
0.62175,-0.4996141213099749,0.867161737356934,0.0007915611895588093,0.0
0.622,-0.5005685060362318,0.8666319349907652,0.0008095423112146616,0.0
0.62225,-0.5015225181361506,0.8661012613269262,0.0008277729308465709,0.0
0.6225,-0.5024761572671248,0.8655697179815107,0.0008462545808562982,0.0
0.62275,-0.5034294230865484,0.8650373065706127,0.0008649887912930421,0.0
0.623,-0.504382315251815,0.8645040287103263,0.0008839770898352306,0.0
0.62325,-0.5053348334203185,0.8639698860167452,0.0009032210017754227,0.0
0.6235,-0.5062869772494525,0.8634348801059633,0.0009227220500025446,0.0
0.62375,-0.5072387463966108,0.8628990125940745,0.0009424817549879005,0.0
0.624,-0.5081901405191871,0.8623622850971726,0.0009625016347658555,0.0
0.62425,-0.5091411592745754,0.8618246992313519,0.00098278320492029,0.0
0.6245,-0.5100918023201692,0.8612862566127057,0.001003327978566837,0.0
0.62475,-0.5110420693133622,0.8607469588573284,0.00102413746633645,0.0
0.625,-0.5119919599115483,0.8602068075813136,0.0010452131763596384,0.0
0.62525,-0.5129414737721213,0.8596658044007555,0.0010665566142511462,0.0
0.6255,-0.5138906105524748,0.8591239509317478,0.0010881692830913003,0.0
0.62575,-0.5148393699100027,0.8585812487903842,0.0011100526834120217,0.0
0.626,-0.5157877515020987,0.858037699592759,0.0011322083131799499,0.0
0.62625,-0.5167357549861563,0.8574933049549659,0.0011546376677795678,0.0
0.6265,-0.5176833800195697,0.8569480664930988,0.0011773422399983247,0.0
0.62675,-0.5186306262597323,0.8564019858232518,0.0012003235200093165,0.0
0.627,-0.519577493364038,0.8558550645615184,0.001223582995355743,0.0
0.62725,-0.5205239809898807,0.8553073043239929,0.0012471221509349206,0.0
0.6275,-0.5214700887946538,0.8547587067267689,0.0012709424689816284,0.0
0.62775,-0.5224158164357515,0.8542092733859403,0.001295045429052788,0.0
0.628,-0.5233611635705671,0.8536590059176015,0.0013194325080110314,0.0
0.62825,-0.5243061298564946,0.8531079059378457,0.0013441051800082704,0.0
0.6285,-0.5252507149509276,0.8525559750627674,0.001369064916470597,0.0
0.62875,-0.52619491851126,0.85200321490846,0.0013943131860811864,0.0
0.629,-0.5271387401948855,0.8514496270910177,0.0014198514547651975,0.0
0.62925,-0.5280821796591979,0.8508952132265343,0.0014456811856740082,0.0
0.6295,-0.5290252365615908,0.8503399749311037,0.0014718038391681176,0.0
0.62975,-0.5299679105594582,0.8497839138208199,0.0014982208728022695,0.0
0.63,-0.5309102013101937,0.8492270315117767,0.0015249337413094644,0.0
0.63025,-0.531852108471191,0.848669329620068,0.001551943896584529,0.0
0.6305,-0.5327936316998438,0.8481108097617877,0.0015792527876683504,0.0
0.63075,-0.5337347706535461,0.8475514735530297,0.0016068618607329999,0.0
0.631,-0.5346755249896915,0.846991322609888,0.0016347725590648565,0.0
0.63125,-0.5356158943656737,0.8464303585484564,0.001662986323049065,0.0
0.6315,-0.5365558784388865,0.8458685829848288,0.0016915045901544357,0.0
0.63175,-0.5374954768667237,0.8453059975350992,0.0017203287949165702,0.0
0.632,-0.538434689306579,0.8447426038153614,0.0017494603689232058,0.0
0.63225,-0.5393735154158463,0.8441784034417095,0.0017789007407980062,0.0
0.6325,-0.5403119548519191,0.8436133980302369,0.0018086513361845746,0.0
0.63275,-0.5412500072721913,0.843047589197038,0.0018387135777320207,0.0
0.633,-0.5421876723340567,0.8424809785582066,0.001869088885077641,0.0
0.63325,-0.543124949694909,0.8419135677298364,0.0018997786748329304,0.0
0.6335,-0.5440618390121419,0.8413453583280215,0.0019307843605667063,0.0
0.63375,-0.5449983399431491,0.8407763519688556,0.0019621073527906763,0.0
0.634,-0.5459344521453244,0.8402065502684329,0.0019937490589430062,0.0
0.63425,-0.5468701752760617,0.8396359548428471,0.002025710883373666,0.0
0.6345,-0.5478055089927547,0.8390645673081921,0.002057994227327553,0.0
0.63475,-0.5487404529527969,0.8384923892805618,0.0020906004889307273,0.0
0.635,-0.5496750068135824,0.8379194223760502,0.002123531063174644,0.0
0.63525,-0.5506091702325047,0.8373456682107512,0.00215678734189928,0.0
0.6355,-0.5515429428669577,0.8367711284007585,0.002190370713779588,0.0
0.63575,-0.5524763243743351,0.8361958045621661,0.002224282564309066,0.0
0.636,-0.5534093144120306,0.835619698311068,0.002258524275784879,0.0
0.63625,-0.554341912637438,0.8350428112635581,0.002293097227292762,0.0
0.6365,-0.5552741187079511,0.8344651450357301,0.002328002794690809,0.0
0.63675,-0.5562059322809635,0.8338867012436781,0.0023632423505957068,0.0
0.637,-0.5571373530138691,0.833307481503496,0.002398817264366082,0.0
0.63725,-0.5580683805640616,0.8327274874312776,0.002434728902088068,0.0
0.6375,-0.5589990145889349,0.8321467206431168,0.002470978626560427,0.0
0.63775,-0.5599292547458824,0.8315651827551076,0.0025075677972783428,0.0
0.638,-0.5608591006922982,0.8309828753833438,0.0025444977704198735,0.0
0.63825,-0.5617885520855759,0.8303998001439193,0.0025817698988293003,0.0
0.6385,-0.5627176085831092,0.8298159586529281,0.002619385532002916,0.0
0.63875,-0.5636462698422919,0.8292313525264641,0.002657346016074813,0.0
0.639,-0.5645745355205178,0.828645983380621,0.0026956526937997882,0.0
0.63925,-0.5655024052751807,0.8280598528314929,0.002734306904540018,0.0
0.6395,-0.5664298787636743,0.8274729624951735,0.002773309984250405,0.0
0.63975,-0.5673569556433922,0.826885313987757,0.0028126632654623673,0.0
0.64,-0.5682836355717282,0.8262969089253371,0.002852368077269851,0.0
0.64025,-0.5692099182060764,0.8257077489240077,0.002892425745314009,0.0
0.6405,-0.5701358032038301,0.8251178355998627,0.0029328375917694327,0.0
0.64075,-0.5710612902223832,0.8245271705689963,0.002973604935328167,0.0
0.641,-0.5719863789191295,0.8239357554475017,0.0030147290911850533,0.0
0.64125,-0.5729110689514628,0.8233435918514737,0.003056211371024853,0.0
0.6415,-0.5738353599767767,0.8227506813970056,0.0030980530830044817,0.0
0.64175,-0.5747592516524651,0.8221570257001913,0.003140255531741021,0.0
0.642,-0.5756827436359215,0.821562626377125,0.003182820018296395,0.0
0.64225,-0.57660583558454,0.8209674850439003,0.003225747840162052,0.0
0.6425,-0.5775285271557142,0.8203716033166113,0.0032690402912451955,0.0
0.64275,-0.578450818006838,0.8197749828113519,0.003312698661853908,0.0
0.643,-0.5793727077953047,0.8191776251442159,0.003356724238683162,0.0
0.64325,-0.5802941961785084,0.8185795319312972,0.0034011183047997218,0.0
0.6435,-0.5812152828138429,0.8179807047886898,0.0034458821396283756,0.0
0.64375,-0.5821359673587019,0.8173811453324875,0.0034910170189370593,0.0
0.644,-0.583056249470479,0.8167808551787843,0.003536524214822867,0.0
0.64425,-0.5839761288065679,0.816179835943674,0.003582404995697397,0.0
0.6445,-0.5848956050243626,0.8155780892432507,0.0036286606262729837,0.0
0.64475,-0.5858146777812568,0.814975616693608,0.0036752923675487104,0.0
0.645,-0.5867333467346443,0.81437241991084,0.0037223014767948648,0.0
0.64525,-0.5876516115419186,0.8137685005110404,0.003769689207539839,0.0
0.6455,-0.5885694718604737,0.8131638601103035,0.0038174568095568073,0.0
0.64575,-0.5894869273477032,0.8125585003247229,0.0038656055288472935,0.0
0.646,-0.590403977661001,0.8119524227703925,0.003914136607629404,0.0
0.64625,-0.5913206224577606,0.8113456290634062,0.003963051284322727,0.0
0.6465,-0.592236861395376,0.810738120819858,0.004012350793535013,0.0
0.64675,-0.5931526941312409,0.8101298996558417,0.004062036366047295,0.0
0.647,-0.5940681203227489,0.8095209671874514,0.0041121092288005645,0.0
0.64725,-0.594983139627294,0.8089113250307807,0.004162570604882454,0.0
0.6475,-0.5958977517022698,0.8083009748019236,0.004213421713511911,0.0
0.64775,-0.59681195620507,0.8076899181169742,0.004264663770027655,0.0
0.648,-0.5977257527930885,0.8070781565920262,0.004316297985872408,0.0
0.64825,-0.5986391411237189,0.8064656918431736,0.0043683255685795785,0.0
0.6485,-0.599552120854355,0.8058525254865102,0.0044207477217612645,0.0
0.64875,-0.6004646916423906,0.80523865913813,0.004473565645091826,0.0
0.649,-0.6013768531452195,0.8046240944141267,0.004526780534297226,0.0
0.64925,-0.6022886050202353,0.8040088329305946,0.004580393581139708,0.0
0.6495,-0.6031999469248319,0.8033928763036271,0.004634405973404476,0.0
0.64975,-0.6041108785164029,0.8027762261493187,0.004688818894886593,0.0
0.65,-0.6050213994523421,0.8021588840837626,0.004743633525377211,0.0
0.65025,-0.6059315093900435,0.8015408517230533,0.004798851040651808,0.0
0.6505,-0.6068412079869006,0.8009221306832843,0.004854472612453753,0.0
0.65075,-0.607750494900307,0.8003027225805498,0.0049104994084838705,0.0
0.651,-0.6086593697876568,0.7996826290309436,0.004966932592386009,0.0
0.65125,-0.6095678323063434,0.7990618516505594,0.005023773323733494,0.0
0.6515,-0.6104758821137608,0.7984403920554912,0.0050810227580166956,0.0
0.65175,-0.6113835188673028,0.7978182518618332,0.005138682046630372,0.0
0.652,-0.612290742224363,0.7971954326856789,0.00519675233685879,0.0
0.65225,-0.6131975518423352,0.7965719361431225,0.005255234771864403,0.0
0.6525,-0.6141039473786132,0.7959477638502577,0.005314130490674085,0.0
0.65275,-0.6150099284905906,0.7953229174231784,0.00537344062816647,0.0
0.653,-0.6159154948356612,0.7946973984779786,0.005433166315058857,0.0
0.65325,-0.6168206460712189,0.7940712086307522,0.005493308677894326,0.0
0.6535,-0.6177253818546573,0.7934443494975929,0.005553868839029752,0.0
0.65375,-0.6186297018433703,0.7928168226945949,0.00561484791662159,0.0
0.654,-0.6195336056947515,0.792188629837852,0.005676247024614334,0.0
0.65425,-0.6204370930661947,0.791559772543458,0.0057380672727271875,0.0
0.6545,-0.6213401636150936,0.7909302524275069,0.005800309766442302,0.0
0.65475,-0.6222428169988419,0.7903000711060926,0.005862975606990561,0.0
0.655,-0.6231450528748337,0.789669230195309,0.00592606589134137,0.0
0.65525,-0.6240468709004624,0.7890377313112499,0.005989581712187775,0.0
0.6555,-0.6249482707331219,0.7884055760700093,0.00605352415793603,0.0
0.65575,-0.6258492520302059,0.787772766087681,0.0061178943126916074,0.0
0.656,-0.6267498144491082,0.7871393029803591,0.006182693256248095,0.0
0.65625,-0.6276499576472223,0.7865051883641372,0.006247922064074096,0.0
0.6565,-0.6285496812819423,0.7858704238551095,0.0063135818073016825,0.0
0.65675,-0.6294489850106619,0.7852350110693698,0.006379673552713294,0.0
0.657,-0.6303478684907746,0.7845989516230119,0.006446198362730193,0.0
0.65725,-0.6312463313796746,0.7839622471321297,0.0065131572954006955,0.0
0.6575,-0.6321443733347551,0.7833248992128172,0.0065805514043872915,0.0
0.65775,-0.6330419940134102,0.7826869094811685,0.006648381738955322,0.0
0.658,-0.6339391930730336,0.782048279553277,0.0067166493439598796,0.0
0.65825,-0.634835970171019,0.7814090110452371,0.0067853552598360345,0.0
0.6585,-0.6357323249647602,0.7807691055731424,0.006854500522585072,0.0
0.65875,-0.6366282571116508,0.7801285647530869,0.006924086163763166,0.0
0.659,-0.6375237662690849,0.7794873902011644,0.006994113210470054,0.0
0.65925,-0.6384188520944559,0.7788455835334689,0.007064582685337273,0.0
0.6595,-0.6393135142451578,0.7782031463660942,0.007135495606515718,0.0
0.65975,-0.6402077523785841,0.7775600803151345,0.007206852987665435,0.0
0.66,-0.6411015661521287,0.7769163869966833,0.007278655837942516,0.0
0.66025,-0.6419949552231854,0.7762720680268347,0.0073509051619888854,0.0
0.6605,-0.6428879192491478,0.7756271250216826,0.00742360195992009,0.0
0.66075,-0.6437804578874098,0.7749815595973208,0.007496747227314193,0.0
0.661,-0.6446725707953651,0.7743353733698435,0.007570341955200677,0.0
0.66125,-0.6455642576304073,0.7736885679553442,0.007644387130048003,0.0
0.6615,-0.6464555180499303,0.773041144969917,0.007718883733754511,0.0
0.66175,-0.647346351711328,0.7723931060296558,0.0077938327436348764,0.0
0.662,-0.6482367582719939,0.7717444527506545,0.007869235132410779,0.0
0.66225,-0.6491267373893218,0.771095186749007,0.007945091868198695,0.0
0.6625,-0.6500162887207055,0.7704453096408073,0.00802140391449968,0.0
0.66275,-0.6509054119235389,0.7697948230421491,0.008098172230187828,0.0
0.663,-0.6517941066552154,0.7691437285691263,0.008175397769499382,0.0
0.66325,-0.652682372573129,0.7684920278378331,0.008253081482022306,0.0
0.6635,-0.6535702093346734,0.767839722464363,0.008331224312685181,0.0
0.66375,-0.6544576165972424,0.7671868140648102,0.008409827201746767,0.0
0.664,-0.6553445940182296,0.7665333042552684,0.008488891084784456,0.0
0.66425,-0.656231141255029,0.7658791946518315,0.008568416892684505,0.0
0.6645,-0.6571172579650342,0.7652244868705937,0.0086484055516316,0.0
0.66475,-0.6580029438056387,0.7645691825276486,0.008728857983097082,0.0
0.665,-0.6588881984342367,0.7639132832390902,0.008809775103830297,0.0
0.66525,-0.6597730215082218,0.7632567906210124,0.008891157825846152,0.0
0.6655,-0.6606574126849876,0.7625997062895091,0.00897300705641646,0.0
0.66575,-0.6615413716219279,0.7619420318606742,0.009055323698058837,0.0
0.666,-0.6624248979764367,0.7612837689506016,0.00913810864852671,0.0
0.66625,-0.6633079914059075,0.7606249191753851,0.009221362800798438,0.0
0.6665,-0.664190651567734,0.7599654841511188,0.009305087043068205,0.0
0.66675,-0.66507287811931,0.7593054654938965,0.009389282258735587,0.0
0.667,-0.6659546707180295,0.7586448648198121,0.009473949326395337,0.0
0.66725,-0.666836029021286,0.7579836837449595,0.009559089119827613,0.0
0.6675,-0.6677169526864732,0.7573219238854325,0.009644702507987546,0.0
0.66775,-0.6685974413709852,0.7566595868573254,0.009730790354996799,0.0
0.668,-0.6694774947322154,0.7559966742767315,0.009817353520131356,0.0
0.66825,-0.6703571124275576,0.7553331877597451,0.009904392857814637,0.0
0.6685,-0.6712362941144057,0.7546691289224601,0.009991909217606398,0.0
0.66875,-0.6721150394501534,0.75400449938097,0.010079903444192073,0.0
0.669,-0.6729933480921944,0.7533393007513693,0.010168376377375887,0.0
0.66925,-0.6738712196979224,0.7526735346497515,0.010257328852068426,0.0
0.6695,-0.6747486539247312,0.7520072026922107,0.01034676169827975,0.0
0.66975,-0.6756256504300147,0.7513403064948405,0.01043667574110807,0.0
0.67,-0.6765022088711663,0.7506728476737352,0.010527071800732202,0.0
0.67025,-0.6773783289055801,0.7500048278449885,0.010617950692400457,0.0
0.6705,-0.6782540101906498,0.7493362486246942,0.010709313226422879,0.0
0.67075,-0.679129252383769,0.7486671116289463,0.010801160208161908,0.0
0.671,-0.6800040551423315,0.7479974184738388,0.0108934924380224,0.0
0.67125,-0.6808784181237312,0.7473271707754655,0.01098631071144407,0.0
0.6715,-0.6817523409853616,0.7466563701499203,0.011079615818890609,0.0
0.67175,-0.6826258233846166,0.745985018213297,0.011173408545843255,0.0
0.672,-0.68349886497889,0.7453131165816897,0.011267689672789905,0.0
0.67225,-0.6843714654255755,0.7446406668711923,0.011362459975217565,0.0
0.6725,-0.6852436243820668,0.7439676706978986,0.011457720223602808,0.0
0.67275,-0.6861153415057575,0.7432941296779024,0.01155347118340333,0.0
0.673,-0.6869866164540417,0.7426200454272978,0.01164971361505085,0.0
0.67325,-0.687857448884313,0.7419454195621785,0.011746448273940002,0.0
0.6735,-0.6887278384539652,0.7412702536986386,0.011843675910422125,0.0
0.67375,-0.6895977848203918,0.7405945494527719,0.011941397269795262,0.0
0.674,-0.6904672876409869,0.7399183084406724,0.012039613092297508,0.0
0.67425,-0.6913363465731439,0.7392415322784338,0.01213832411309701,0.0
0.6745,-0.6922049612742569,0.7385642225821503,0.012237531062285534,0.0
0.67475,-0.6930731314017193,0.7378863809679154,0.012337234664868246,0.0
0.675,-0.6939408566129253,0.7372080090518234,0.012437435640757943,0.0
0.67525,-0.6948081365652683,0.7365291084499679,0.012538134704765058,0.0
0.6755,-0.695674970916142,0.7358496807784429,0.012639332566591222,0.0
0.67575,-0.6965413593229406,0.7351697276533424,0.012741029930820602,0.0
0.676,-0.6974073014430573,0.7344892506907602,0.012843227496912135,0.0
0.67625,-0.698272796933886,0.7338082515067903,0.012945925959191973,0.0
0.6765,-0.6991378454528208,0.7331267317175264,0.013049126006845935,0.0
0.67675,-0.700002446657255,0.7324446929390626,0.01315282832391107,0.0
0.677,-0.7008666002045827,0.7317621367874927,0.013257033589270328,0.0
0.67725,-0.7017303057521973,0.7310790648789106,0.013361742476641236,0.0
0.6775,-0.7025935629574929,0.7303954788294102,0.01346695565457301,0.0
0.67775,-0.7034563714778631,0.7297113802550854,0.01357267378643523,0.0
0.678,-0.7043187309707016,0.7290267707720304,0.013678897530413403,0.0
0.67825,-0.7051806410934023,0.7283416519963386,0.013785627539499856,0.0
0.6785,-0.7060421015033588,0.7276560255441042,0.013892864461487964,0.0
0.67875,-0.7069031118579648,0.726969893031421,0.014000608938964154,0.0
0.679,-0.7077636718146143,0.726283256074383,0.014108861609301249,0.0
0.67925,-0.7086237810307008,0.725596116289084,0.014217623104651356,0.0
0.6795,-0.709483439163618,0.724908475291618,0.014326894051938988,0.0
0.67975,-0.71034264587076,0.7242203346980787,0.014436675072854843,0.0
0.68,-0.7112014008095204,0.7235316961245601,0.014546966783848259,0.0
0.68025,-0.7120597036372929,0.7228425611871562,0.014657769796120546,0.0
0.6805,-0.7129175540114712,0.7221529315019608,0.014769084715618774,0.0
0.68075,-0.713774951589449,0.7214628086850678,0.014880912143029112,0.0
0.681,-0.7146318960286204,0.7207721943525713,0.014993252673771273,0.0
0.68125,-0.7154883869863786,0.720081090120565,0.015106106897988969,0.0
0.6815,-0.7163444241201179,0.7193894976051428,0.015219475400547688,0.0
0.68175,-0.7172000070872318,0.7186974184223986,0.015333358761025595,0.0
0.682,-0.7180551355451139,0.7180048541884265,0.015447757553708641,0.0
0.68225,-0.7189098091511582,0.71731180651932,0.015562672347583462,0.0
0.6825,-0.7197640275627584,0.7166182770311735,0.01567810370633227,0.0
0.68275,-0.7206177904373082,0.7159242673400805,0.015794052188325747,0.0
0.683,-0.7214710974322014,0.7152297790621351,0.01591051834661883,0.0
0.68325,-0.7223239482048317,0.7145348138134311,0.01602750272894249,0.0
0.6835,-0.7231763424125928,0.7138393732100625,0.016145005877699736,0.0
0.68375,-0.7240282797128784,0.7131434588681231,0.016263028329959628,0.0
0.684,-0.7248797597630826,0.7124470724037069,0.01638157061745127,0.0
0.68425,-0.7257307822205987,0.7117502154329077,0.016500633266557596,0.0
0.6845,-0.7265813467428209,0.7110528895718194,0.016620216798311382,0.0
0.68475,-0.7274314529871426,0.7103550964365362,0.016740321728387908,0.0
0.685,-0.7282811006109577,0.7096568376431514,0.01686094856710163,0.0
0.68525,-0.7291302892716598,0.7089581148077595,0.016982097819399522,0.0
0.6855,-0.7299790186266428,0.7082589295464541,0.0171037699848553,0.0
0.68575,-0.7308272883333006,0.707559283475329,0.017225965557666312,0.0
0.686,-0.7316750980490265,0.7068591782104785,0.017348685026645994,0.0
0.68625,-0.7325224474312148,0.7061586153679962,0.017471928875220755,0.0
0.6865,-0.7333693361372589,0.705457596563976,0.017595697581424208,0.0
0.68675,-0.7342157638245524,0.7047561234145117,0.017719991617891617,0.0
0.687,-0.7350617301504896,0.7040541975356975,0.01784481145185679,0.0
0.68725,-0.7359072347724637,0.7033518205436271,0.017970157545145637,0.0
0.6875,-0.7367522773478687,0.7026489940543945,0.018096030354172177,0.0
0.68775,-0.7375968575340983,0.7019457196840937,0.01822243032993387,0.0
0.688,-0.7384409749885463,0.7012419990488183,0.018349357918007403,0.0
0.68825,-0.7392846293686065,0.7005378337646624,0.01847681355854336,0.0
0.6885,-0.7401278203316725,0.6998332254477198,0.01860479768626222,0.0
0.68875,-0.7409705475351381,0.6991281757140845,0.018733310730451258,0.0
0.689,-0.7418128106363973,0.6984226861798504,0.018862353114957875,0.0
0.68925,-0.7426546092928434,0.6977167584611114,0.01899192525818716,0.0
0.6895,-0.7434959431618704,0.6970103941739613,0.019122027573097,0.0
0.68975,-0.7443368119008721,0.696303594934494,0.019252660467194538,0.0
0.69,-0.7451772151672421,0.6955963623588036,0.019383824342532163,0.0
0.69025,-0.7460171526183743,0.6948886980629838,0.019515519595702635,0.0
0.6905,-0.7468566239116623,0.6941806036631285,0.019647746617836415,0.0
0.69075,-0.7476956287045,0.6934720807753316,0.01978050579459767,0.0
0.691,-0.7485341666542811,0.6927631310156873,0.019913797506180053,0.0
0.69125,-0.7493722374183993,0.6920537560002893,0.020047622127303377,0.0
0.6915,-0.7502098406542483,0.6913439573452312,0.02018198002720939,0.0
0.69175,-0.751046976019222,0.6906337366666073,0.020316871569660222,0.0
0.692,-0.7518836431707141,0.6899230955805115,0.020452297112932838,0.0
0.69225,-0.7527198417661183,0.6892120357030375,0.02058825700981637,0.0
0.6925,-0.7535555714628284,0.6885005586502793,0.02072475160760967,0.0
0.69275,-0.7543908319182381,0.6877886660383306,0.020861781248116662,0.0
0.693,-0.7552256227897413,0.6870763594832856,0.020999346267644547,0.0
0.69325,-0.7560599437347315,0.686363640601238,0.02113744699699982,0.0
0.6935,-0.7568937944106027,0.6856505110082818,0.021276083761486042,0.0
0.69375,-0.7577271744747484,0.684936972320511,0.021415256880899625,0.0
0.694,-0.7585600835845625,0.6842230261540192,0.02155496666952872,0.0
0.69425,-0.7593925213974388,0.6835086741249006,0.02169521343614944,0.0
0.6945,-0.760224487570771,0.682793917849249,0.021835997484022984,0.0
0.69475,-0.7610559817619529,0.6820787589431583,0.0219773191108934,0.0
0.695,-0.761887003628378,0.6813631990227222,0.022119178608984935,0.0
0.69525,-0.7627175528274404,0.680647239704035,0.022261576264999583,0.0
0.6955,-0.7635476290165335,0.6799308826031902,0.022404512360114204,0.0
0.69575,-0.7643772318530515,0.679214129336282,0.022547987169979855,0.0
0.696,-0.7652063609943878,0.6784969815194041,0.022692000964716463,0.0
0.69625,-0.7660350160979361,0.6777794407686506,0.022836554008913934,0.0
0.6965,-0.7668631968210904,0.6770615087001151,0.02298164656162749,0.0
0.69675,-0.7676909028212444,0.6763431869298919,0.023127278876377222,0.0
0.697,-0.7685181337557918,0.6756244770740745,0.023273451201144768,0.0
0.69725,-0.7693448892821262,0.6749053807487572,0.023420163778373082,0.0
0.6975,-0.7701711690576416,0.6741858995700335,0.023567416844962663,0.0
0.69775,-0.7709969727397316,0.6734660351539976,0.023715210632271555,0.0
0.698,-0.7718222999857899,0.6727457891167432,0.023863545366111794,0.0
0.69825,-0.7726471504532104,0.6720251630743643,0.024012421266750072,0.0
0.6985,-0.7734715237993869,0.6713041586429549,0.024161838548903747,0.0
0.69875,-0.7742954196817129,0.6705827774386087,0.024311797421741277,0.0
0.699,-0.7751188377575824,0.6698610210774196,0.024462298088879786,0.0
0.69925,-0.7759417776843889,0.6691388911754819,0.024613340748383505,0.0
0.6995,-0.7767642391195264,0.6684163893488889,0.024764925592763554,0.0
0.69975,-0.7775862217203886,0.6676935172137348,0.02491705280897616,0.0
0.7,-0.7784077251443691,0.6669702763861137,0.025069722578420883,0.0
0.70025,-0.7792287490488617,0.6662466684821192,0.025222935076940622,0.0
0.7005,-0.7800492930912604,0.6655226951178453,0.025376690474820274,0.0
0.70075,-0.7808693569289585,0.664798357909386,0.025530988936785626,0.0
0.701,-0.7816889402193501,0.6640736584728351,0.025685830622002026,0.0
0.70125,-0.782508042619829,0.6633485984242864,0.02584121568407527,0.0
0.7015,-0.7833266637877886,0.6626231793798338,0.02599714427104849,0.0
0.70175,-0.7841448033806229,0.6618974029555715,0.026153616525403933,0.0
0.702,-0.7849624610557255,0.6611712707675932,0.026310632584060967,0.0
0.70225,-0.7857796364704903,0.6604447844319926,0.026468192578375627,0.0
0.7025,-0.786596329282311,0.659717945564864,0.026626296634140623,0.0
0.70275,-0.7874125391485816,0.6589907557823009,0.026784944871585337,0.0
0.703,-0.7882282657266952,0.6582632167003977,0.02694413740537427,0.0
0.70325,-0.7890435086740462,0.6575353299352479,0.027103874344608148,0.0
0.7035,-0.7898582676480279,0.6568070971029454,0.027264155792823264,0.0
0.70375,-0.7906725423060343,0.6560785198195843,0.027424981847990804,0.0
0.704,-0.7914863323054593,0.6553495997012584,0.027586352602518405,0.0
0.70425,-0.7922996373036963,0.6546203383640616,0.027748268143248822,0.0
0.7045,-0.7931124569581393,0.6538907374240879,0.02791072855146015,0.0
0.70475,-0.7939247909261817,0.653160798497431,0.028073733902866937,0.0
0.705,-0.7947366388652177,0.6524305232001849,0.028237284267620177,0.0
0.70525,-0.795548000432641,0.6516999131484436,0.02840137971030665,0.0
0.7055,-0.7963588752858448,0.6509689699583008,0.028566020289950478,0.0
0.70575,-0.7971692630822235,0.6502376952458506,0.028731206060014003,0.0
0.706,-0.7979791634791706,0.6495060906271868,0.02889693706839669,0.0
0.70625,-0.7987885761340798,0.6487741577184034,0.029063213357437334,0.0
0.7065,-0.7995975007043449,0.6480418981355942,0.02923003496391363,0.0
0.70675,-0.8004059368473597,0.647309313494853,0.02939740191904372,0.0
0.707,-0.8012138842205179,0.6465764054122738,0.029565314248487296,0.0
0.70725,-0.8020213424812133,0.6458431755039507,0.02973377197234539,0.0
0.7075,-0.8028283112868393,0.6451096253859774,0.02990277510516215,0.0
0.70775,-0.8036347902947902,0.6443757566744477,0.030072323655925715,0.0
0.708,-0.8044407791624595,0.6436415709854556,0.030242417628069784,0.0
0.70825,-0.8052462775472409,0.6429070699350952,0.030413057019473833,0.0
0.7085,-0.8060512851065282,0.64217225513946,0.030584241822465108,0.0
0.70875,-0.8068558014977152,0.6414371282146443,0.03075597202382019,0.0
0.709,-0.8076598263781956,0.6407016907767418,0.030928247604765424,0.0
0.70925,-0.8084633594053631,0.6399659444418463,0.031101068540979382,0.0
0.7095,-0.8092664002366114,0.6392298908260519,0.03127443480259395,0.0
0.70975,-0.8100689485293345,0.6384935315454525,0.03144834635419591,0.0
0.71,-0.8108710039409259,0.6377568682161419,0.03162280315482868,0.0
0.71025,-0.8116725661287796,0.637019902454214,0.03179780515799435,0.0
0.7105,-0.812473634750289,0.6362826358757627,0.03197335231165477,0.0
0.71075,-0.8132742094628482,0.635545070096882,0.03214944455823421,0.0
0.711,-0.8140742899238509,0.6348072067336658,0.032326081834621156,0.0
0.71125,-0.8148738757906906,0.6340690474022078,0.03250326407217008,0.0
0.7115,-0.8156729667207612,0.6333305937186021,0.03268099119670298,0.0
0.71175,-0.8164715623714565,0.6325918472989425,0.032859263128513394,0.0
0.712,-0.8172696624001701,0.631852809759323,0.033038079782366614,0.0
0.71225,-0.8180672664642961,0.6311134827158373,0.03321744106750302,0.0
0.7125,-0.8188643742212278,0.6303738677845796,0.03339734688764007,0.0
0.71275,-0.8196609853283592,0.6296339665816435,0.033577797140975196,0.0
0.713,-0.820457099443084,0.6288937807231232,0.033758791720187586,0.0
0.71325,-0.8212527162227958,0.6281533118251124,0.0339403305124415,0.0
0.7135,-0.8220478353248887,0.627412561503705,0.034122413399388485,0.0
0.71375,-0.8228424564067562,0.6266715313749949,0.03430504025716985,0.0
0.714,-0.8236365791257921,0.6259302230550761,0.03448821095641996,0.0
0.71425,-0.8244302031393902,0.6251886381600424,0.03467192536226893,0.0
0.7145,-0.8252233281049441,0.6244467783059879,0.03485618333434526,0.0
0.71475,-0.8260159536798478,0.6237046451090061,0.035040984726778746,0.0
0.715,-0.8268080795214948,0.6229622401851913,0.035226329388204025,0.0
0.71525,-0.827599705287279,0.6222195651506371,0.03541221716176346,0.0
0.7155,-0.8283908306345941,0.6214766216214378,0.035598647885110246,0.0
0.71575,-0.8291814552208338,0.6207334112136869,0.03578562139041086,0.0
0.716,-0.8299715787033919,0.6199899355434785,0.03597313750435016,0.0
0.71625,-0.8307612007396622,0.6192461962269065,0.03616119604813295,0.0
0.7165,-0.8315503209870383,0.6185021948800645,0.036349796837488624,0.0
0.71675,-0.8323389391029142,0.6177579331190468,0.03653893968267363,0.0
0.717,-0.8331270547446834,0.6170134125599472,0.03672862438847635,0.0
0.71725,-0.8339146675697399,0.6162686348188595,0.03691885075421908,0.0
0.7175,-0.8347017772354772,0.6155236015118777,0.03710961857376338,0.0
0.71775,-0.8354883833992891,0.6147783142550957,0.037300927635512515,0.0
0.718,-0.8362744857185694,0.6140327746646073,0.03749277772241588,0.0
0.71825,-0.8370600838507118,0.6132869843565065,0.0376851686119728,0.0
0.7185,-0.8378451774531103,0.612540944946887,0.03787810007623693,0.0
0.71875,-0.8386297661831583,0.6117946580518431,0.03807157188181898,0.0
0.719,-0.8394138496982498,0.6110481252874683,0.03826558378989198,0.0
0.71925,-0.8401974276557784,0.6103013482698567,0.03846013555619554,0.0
0.7195,-0.8409804997131379,0.6095543286151022,0.03865522693103851,0.0
0.71975,-0.8417630655277221,0.6088070679392985,0.03885085765930496,0.0
0.72,-0.8425451247569247,0.6080595678585399,0.039047027480458185,0.0
0.72025,-0.8433266770581394,0.60731182998892,0.039243736128543594,0.0
0.7205,-0.84410772208876,0.6065638559465326,0.03944098333219537,0.0
0.72075,-0.8448882595061802,0.6058156473474718,0.039638768814639125,0.0
0.721,-0.8456682889677938,0.6050672058078317,0.03983709229369814,0.0
0.72125,-0.8464478101309947,0.6043185329437059,0.04003595348179623,0.0
0.7215,-0.8472268226531764,0.6035696303711882,0.04023535208596396,0.0
0.72175,-0.8480053261917329,0.6028204997063726,0.040435287807842446,0.0
0.722,-0.8487833204040576,0.6020711425653533,0.040635760343688654,0.0
0.72225,-0.8495608049475445,0.6013215605642239,0.04083676938438008,0.0
0.7225,-0.8503377794795872,0.6005717553190784,0.041038314615419846,0.0
0.72275,-0.8511142436575797,0.5998217284460106,0.041240395716941824,0.0
0.723,-0.8518901971389157,0.5990714815611144,0.04144301236371506,0.0
0.72325,-0.8526656395809886,0.598321016280484,0.04164616422514977,0.0
0.7235,-0.8534405706411925,0.597570334220213,0.041849850965301805,0.0
0.72375,-0.8542149899769211,0.5968194369963953,0.04205407224287816,0.0
0.724,-0.8549888972455681,0.596068326225125,0.04225882771124301,0.0
0.72425,-0.8557622921045273,0.5953170035224957,0.042464117018421677,0.0
0.7245,-0.8565351742111922,0.5945654705046016,0.04266993980710665,0.0
0.72475,-0.8573075432229569,0.5938137287875365,0.04287629571466445,0.0
0.725,-0.8580793987972151,0.5930617799873942,0.043083184373138295,0.0
0.72525,-0.8588507405913604,0.5923096257202687,0.043290605409256555,0.0
0.7255,-0.8596215682627864,0.5915572676022539,0.043498558444436286,0.0
0.72575,-0.8603918814688871,0.5908047072494438,0.04370704309479123,0.0
0.726,-0.8611616798670563,0.590051946277932,0.04391605897113471,0.0
0.72625,-0.8619309631146876,0.5892989863038126,0.04412560567898827,0.0
0.7265,-0.8626997308691748,0.5885458289431796,0.044335682818585465,0.0
0.72675,-0.8634679827879117,0.5877924758121267,0.04454628998487897,0.0
0.727,-0.8642357185282918,0.5870389285267479,0.04475742676754635,0.0
0.72725,-0.8650029377477092,0.5862851887031371,0.044969092750996253,0.0
0.7275,-0.8657696401035575,0.5855312579573881,0.045181287514374224,0.0
0.72775,-0.8665358252532305,0.584777137905595,0.04539401063156867,0.0
0.728,-0.8673014928541218,0.5840228301638515,0.0456072616712182,0.0
0.72825,-0.8680666425636252,0.5832683363482516,0.04582104019671629,0.0
0.7285,-0.8688312740391346,0.5825136580748893,0.046035345766219704,0.0
0.72875,-0.8695953869380437,0.5817587969598583,0.04625017793265296,0.0
0.729,-0.8703589809177461,0.5810037546192527,0.04646553624371519,0.0
0.72925,-0.8711220556356357,0.5802485326691662,0.04668142024188815,0.0
0.7295,-0.8718846107491061,0.5794931327256929,0.04689782946444088,0.0
0.72975,-0.8726466459155513,0.5787375564049265,0.0471147634434379,0.0
0.73,-0.8734081607923647,0.5779818053229611,0.04733222170574436,0.0
0.73025,-0.8741691550369404,0.5772258810958903,0.04755020377303398,0.0
0.7305,-0.8749296283066719,0.5764697853398084,0.047768709161795764,0.0
0.73075,-0.875689580258953,0.575713519670809,0.047987737383339946,0.0
0.731,-0.8764490105511775,0.5749570857049862,0.04820728794380602,0.0
0.73125,-0.8772079188407393,0.5742004850584337,0.048427360344168724,0.0
0.7315,-0.8779663047850319,0.5734437193472455,0.048647954080246025,0.0
0.73175,-0.8787241680414493,0.5726867901875156,0.04886906864270557,0.0
0.732,-0.8794815082673848,0.5719296991953378,0.049090703517071343,0.0
0.73225,-0.8802383251202326,0.5711724479868059,0.04931285818373188,0.0
0.7325,-0.8809946182573862,0.5704150381780139,0.049535532117947145,0.0
0.73275,-0.8817503873362396,0.5696574713850557,0.04975872478985566,0.0
0.733,-0.8825056320141862,0.5688997492240253,0.04998243566448157,0.0
0.73325,-0.8832603519486201,0.5681418733110165,0.05020666420174247,0.0
0.7335,-0.8840145467969349,0.5673838452621232,0.050431409856456666,0.0
0.73375,-0.8847682162165242,0.5666256666934393,0.05065667207835056,0.0
0.734,-0.885521359864782,0.5658673392210587,0.05088245031206684,0.0
0.73425,-0.886273977399102,0.5651088644610753,0.05110874399717069,0.0
0.7345,-0.8870260684768778,0.564350244029583,0.05133555256815914,0.0
0.73475,-0.8877776327555031,0.5635914795426757,0.05156287545446725,0.0
0.735,-0.888528669892372,0.5628325726164474,0.05179071208047681,0.0
0.73525,-0.8892791795448779,0.5620735248669918,0.05201906186552341,0.0
0.7355,-0.8900291613704148,0.5613143379104031,0.05224792422390556,0.0
0.73575,-0.8907786150263762,0.5605550133627748,0.05247729856489047,0.0
0.736,-0.8915275401701561,0.5597955528402012,0.05270718429272425,0.0
0.73625,-0.8922759364591482,0.5590359579587759,0.05293758080663835,0.0
0.7365,-0.8930238035507461,0.558276230334593,0.05316848750085801,0.0
0.73675,-0.8937711411023436,0.5575163715837463,0.05339990376461068,0.0
0.737,-0.8945179487713344,0.5567563833223297,0.05363182898213381,0.0
0.73725,-0.8952642262151125,0.5559962671664371,0.05386426253268328,0.0
0.7375,-0.8960099730910714,0.5552360247321625,0.05409720379054095,0.0
0.73775,-0.896755189056605,0.5544756576355997,0.05433065212502397,0.0
0.738,-0.8974998737691069,0.5537151674928426,0.05456460690049214,0.0
0.73825,-0.898244026885971,0.5529545559199851,0.05479906747635721,0.0
0.7385,-0.8989876480645911,0.552193824533121,0.05503403320709066,0.0
0.73875,-0.8997307369623606,0.5514329749483445,0.05526950344223169,0.0
0.739,-0.9004732932366737,0.5506720087817494,0.05550547752639701,0.0
0.73925,-0.9012153165449237,0.5499109276494294,0.05574195479928856,0.0
0.7395,-0.9019568065445047,0.5491497331674785,0.05597893459570202,0.0
0.73975,-0.9026977628928103,0.5483884269519907,0.05621641624553586,0.0
0.74,-0.9034381852472344,0.5476270106190597,0.05645439907380001,0.0
0.74025,-0.9041780732651705,0.5468654857847797,0.05669288240062409,0.0
0.7405,-0.9049174266040125,0.5461038540652444,0.056931865541266724,0.0
0.74075,-0.9056562449211543,0.5453421170765477,0.057171347806123984,0.0
0.741,-0.9063945278739892,0.5445802764347836,0.05741132850073871,0.0
0.74125,-0.9071322751199113,0.5438183337560458,0.05765180692580896,0.0
0.7415,-0.9078694863163144,0.5430562906564284,0.05789278237719708,0.0
0.74175,-0.908606161120592,0.5422941487520252,0.05813425414593909,0.0
0.742,-0.909342299190138,0.5415319096589302,0.05837622151825306,0.0
0.74225,-0.9100779001823462,0.5407695749932373,0.058618683775548686,0.0
0.7425,-0.9108129637546103,0.5400071463710402,0.05886164019443596,0.0
0.74275,-0.9115474895643239,0.5392446254084331,0.05910509004673492,0.0
0.743,-0.9122814772688809,0.5384820137215096,0.05934903259948454,0.0
0.74325,-0.9130149265256751,0.5377193129263638,0.05959346711495184,0.0
0.7435,-0.9137478369921,0.5369565246390895,0.05983839285064141,0.0
0.74375,-0.9144802083255497,0.5361936504757807,0.06008380905930477,0.0
0.744,-0.9152120401834176,0.5354306920525312,0.060329714988949235,0.0
0.74425,-0.9159433322230979,0.534667650985435,0.06057610988284812,0.0
0.7445,-0.9166740841019838,0.5339045288905859,0.060822992979549406,0.0
0.74475,-0.9174042954774696,0.5331413273840779,0.061070363512886416,0.0
0.745,-0.9181339660069485,0.5323780480820048,0.061318220711985116,0.0
0.74525,-0.9188630953478146,0.5316146926004606,0.06156656380127634,0.0
0.7455,-0.9195916831574616,0.530851262555539,0.061815392000503566,0.0
0.74575,-0.9203197290932832,0.5300877595633342,0.06206470452473356,0.0
0.746,-0.9210472328126733,0.52932418523994,0.06231450058436505,0.0
0.74625,-0.9217741939730253,0.5285605412014501,0.0625647793851396,0.0
0.7465,-0.9225006122317334,0.5277968290639588,0.06281554012815072,0.0
0.74675,-0.9232264872461909,0.5270330504435594,0.06306678200985316,0.0
0.747,-0.923951818673792,0.5262692069563464,0.0633185042220743,0.0
0.74725,-0.92467660617193,0.5255053002184134,0.06357070595202252,0.0
0.7475,-0.9254008493979989,0.5247413318458543,0.06382338638229745,0.0
0.74775,-0.9261245480093925,0.5239773034547631,0.06407654469090063,0.0
0.748,-0.9268477016635044,0.5232132166612338,0.06433018005124502,0.0
0.74825,-0.9275703100177284,0.5224490730813599,0.06458429163216417,0.0
0.7485,-0.9282923727294583,0.5216848743312357,0.06483887859792414,0.0
0.74875,-0.9290138894560879,0.5209206220269549,0.06509394010823177,0.0
0.749,-0.9297348598550108,0.5201563177846116,0.0653494753182462,0.0
0.74925,-0.9304552835836207,0.5193919632202993,0.06560548337858729,0.0
0.7495,-0.9311751602993117,0.5186275599501123,0.06586196343534856,0.0
0.74975,-0.9318944896594771,0.5178631095901445,0.06611891463010422,0.0
0.75,-0.932613271321511,0.5170986137564895,0.06637633609992188,0.0
0.75025,-0.9333315049428068,0.5163340740652413,0.06663422697737142,0.0
0.7505,-0.9340491901807587,0.515569492132494,0.06689258639053675,0.0
0.75075,-0.93476632669276,0.5148048695743415,0.06715141346302422,0.0
0.751,-0.9354829141362049,0.5140402080068773,0.0674107073139747,0.0
0.75125,-0.9361989521684866,0.5132755090461957,0.06767046705807278,0.0
0.7515,-0.9369144404469993,0.5125107743083904,0.06793069180555888,0.0
0.75175,-0.9376293786291366,0.5117460054095555,0.06819138066223784,0.0
0.752,-0.9383437663722923,0.5109812039657846,0.06845253272949003,0.0
0.75225,-0.9390576033338602,0.510216371593172,0.06871414710428314,0.0
0.7525,-0.9397708891712337,0.5094515099078112,0.06897622287918082,0.0
0.75275,-0.940483623541807,0.5086866205257963,0.06923875914235489,0.0
0.753,-0.9411958061029737,0.5079217050632212,0.06950175497759536,0.0
0.75325,-0.9419074365121274,0.5071567651361797,0.06976520946432041,0.0
0.7535,-0.9426185144266619,0.5063918023607659,0.07002912167758879,0.0
0.75375,-0.9433290395039711,0.5056268183530734,0.07029349068810875,0.0
0.754,-0.9440390114014485,0.5048618147291964,0.07055831556224978,0.0
0.75425,-0.9447484297764881,0.5040967931052287,0.07082359536205396,0.0
0.7545,-0.9454572942864835,0.5033317550972641,0.0710893291452448,0.0
0.75475,-0.9461656045888286,0.5025667023213967,0.07135551596524059,0.0
0.755,-0.946873360340917,0.5018016363937201,0.07162215487116308,0.0
0.75525,-0.9475805612001424,0.5010365589303286,0.07188924490785031,0.0
0.7555,-0.9482872068238988,0.5002714715473158,0.07215678511586576,0.0
0.75575,-0.9489932968695798,0.4995063758607756,0.0724247745315103,0.0
0.756,-0.9496988309945791,0.4987412734868021,0.07269321218683356,0.0
0.75625,-0.9504038088562904,0.49797616604148903,0.07296209710964385,0.0
0.7565,-0.9511082301121077,0.49721105514093034,0.07323142832352025,0.0
0.75675,-0.9518120944194244,0.49644594240122,0.07350120484782252,0.0
0.757,-0.9525154014356345,0.4956808294384517,0.07377142569770379,0.0
0.75725,-0.9532181508181319,0.4949157178687197,0.07404208988412031,0.0
0.7575,-0.9539203422243099,0.4941506093081175,0.07431319641384282,0.0
0.75775,-0.9546219753115626,0.4933855053727393,0.07458474428946871,0.0
0.758,-0.9553230497372835,0.4926204076786789,0.07485673250943159,0.0
0.75825,-0.9560235651588667,0.49185531784203007,0.0751291600680144,0.0
0.7585,-0.9567235212337055,0.4910902374788869,0.07540202595535872,0.0
0.75875,-0.9574229176191942,0.4903251682053433,0.07567532915747788,0.0
0.759,-0.958121753972726,0.489560111637493,0.0759490686562665,0.0
0.75925,-0.9588200299516949,0.48879506939143,0.07622324342951359,0.0
0.7595,-0.9595177452134946,0.48803004308324827,0.07649785245091234,0.0
0.75975,-0.9602148994155191,0.48726503432904156,0.07677289469007231,0.0
0.76,-0.9609114922151618,0.48650004474490394,0.07704836911253077,0.0
0.76025,-0.9616075232698165,0.4857350759469291,0.077324274679764,0.0
0.7605,-0.9623029922368771,0.4849701295512112,0.07760061034919885,0.0
0.76075,-0.9629978987737373,0.4842052071738439,0.07787737507422365,0.0
0.761,-0.963692242537791,0.4834403104309213,0.07815456780420038,0.0
0.76125,-0.9643860231864315,0.4826754409385371,0.07843218748447578,0.0
0.7615,-0.965079240377053,0.4819106003127853,0.07871023305639335,0.0
0.76175,-0.965771893767049,0.4811457901697599,0.07898870345730424,0.0
0.762,-0.9664639830138133,0.4803810121255546,0.07926759762057922,0.0
0.76225,-0.9671555077747398,0.4796162677962635,0.07954691447562023,0.0
0.7625,-0.9678464677072219,0.47885155879798036,0.07982665294787128,0.0
0.76275,-0.9685368624686538,0.4780868867467991,0.08010681195883151,0.0
0.763,-0.969226691716429,0.47732225325881367,0.08038739042606591,0.0
0.76325,-0.9699159551079412,0.4765576599501179,0.08066838726321679,0.0
0.7635,-0.9706046523005842,0.47579310843680583,0.08094980138001606,0.0
0.76375,-0.9712927829517519,0.47502860033497124,0.0812316316822963,0.0
0.764,-0.9719803467188377,0.47426413726070804,0.08151387707200297,0.0
0.76425,-0.9726673432592359,0.47349972083011016,0.08179653644720664,0.0
0.7645,-0.9733537722303396,0.47273535265927147,0.08207960870211273,0.0
0.76475,-0.974039633289543,0.4719710343642859,0.0823630927270762,0.0
0.765,-0.9747249260942398,0.4712067675612474,0.08264698740861087,0.0
0.76525,-0.9754096503018236,0.4704425538662498,0.08293129162940205,0.0
0.7655,-0.9760938055696882,0.469678394895387,0.08321600426831921,0.0
0.76575,-0.9767773915552274,0.4689142922647529,0.08350112420042644,0.0
0.766,-0.9774604079158349,0.46815024759044144,0.0837866502969955,0.0
0.76625,-0.9781428543089044,0.4673862624885465,0.08407258142551632,0.0
0.7665,-0.9788247303918298,0.46662233857516194,0.08435891644971094,0.0
0.76675,-0.9795060358220048,0.46585847746638176,0.08464565422954329,0.0
0.767,-0.980186770256823,0.46509468077829974,0.08493279362123185,0.0
0.76725,-0.9808669333536782,0.46433095012700987,0.08522033347726254,0.0
0.7675,-0.9815465247699644,0.46356728712860606,0.08550827264639937,0.0
0.76775,-0.9822255441630752,0.46280369339918215,0.08579660997369731,0.0
0.768,-0.9829039911904041,0.46204017055483204,0.08608534430051318,0.0
0.76825,-0.9835818655093451,0.46127672021164967,0.08637447446451918,0.0
0.7685,-0.984259166777292,0.46051334398572896,0.08666399929971336,0.0
0.76875,-0.9849358946516383,0.45975004349316373,0.0869539176364329,0.0
0.769,-0.985612048789778,0.4589868203500479,0.08724422830136525,0.0
0.76925,-0.9862876288491048,0.45822367617247545,0.08753493011756053,0.0
0.7695,-0.9869626344870124,0.4574606125765402,0.08782602190444377,0.0
0.76975,-0.9876370653608946,0.4566976311783361,0.0881175024778269,0.0
0.77,-0.988310921128145,0.4559347335939571,0.08840937064992005,0.0
0.77025,-0.9889842014461574,0.4551719214394969,0.08870162522934488,0.0
0.7705,-0.9896569059723257,0.4544091963310496,0.0889942650211466,0.0
0.77075,-0.9903290343640435,0.45364655988470903,0.08928728882680437,0.0
0.771,-0.9910005862787047,0.4528840137165691,0.08958069544424574,0.0
0.77125,-0.9916715613737028,0.4521215594427237,0.08987448366785711,0.0
0.7715,-0.9923419593064319,0.45135919867926677,0.09016865228849702,0.0
0.77175,-0.9930117797342854,0.4505969330422921,0.0904632000935075,0.0
0.772,-0.9936810223146572,0.4498347641478937,0.09075812586672649,0.0
0.77225,-0.9943496867049411,0.4490726936121655,0.09105342838850028,0.0
0.7725,-0.9950177725625308,0.44831072305120134,0.09134910643569549,0.0
0.77275,-0.9956852795448199,0.447548854081095,0.09164515878171109,0.0
0.773,-0.9963522073092024,0.4467870883179406,0.09194158419649123,0.0
0.77325,-0.9970185555130721,0.4460254273778319,0.09223838144653684,0.0
0.7735,-0.9976843238138223,0.44526387287686287,0.09253554929491736,0.0
0.77375,-0.9983495118688472,0.44450242643112736,0.09283308650128519,0.0
0.774,-0.9990141193355403,0.4437410896567193,0.093130991821885,0.0
0.77425,-0.9996781458712956,0.4429798641697326,0.09342926400956819,0.0
0.7745,-1.0003415911335065,0.4422187515862611,0.09372790181380442,0.0
0.77475,-1.0010044547795671,0.44145775352239885,0.09402690398069335,0.0
0.775,-1.0016667364668708,0.44069687159423954,0.09432626925297782,0.0
0.77525,-1.0023284358528115,0.43993610741787725,0.09462599637005598,0.0
0.7755,-1.0029895525947832,0.43917546260940576,0.09492608406799263,0.0
0.77575,-1.0036500863501794,0.438414938784919,0.09522653107953283,0.0
0.776,-1.0043100367763937,0.4376545375605109,0.09552733613411313,0.0
0.77625,-1.0049694035308203,0.4368942605522754,0.09582849795787496,0.0
0.7765,-1.0056281862708523,0.43613410937630637,0.09613001527367548,0.0
0.77675,-1.006286384653884,0.4353740856486976,0.09643188680110182,0.0
0.777,-1.0069439983373094,0.4346141909855432,0.09673411125648212,0.0
0.77725,-1.0076010269785214,0.43385442700293686,0.09703668735289694,0.0
0.7775,-1.008257470234914,0.43309479531697265,0.09733961380019407,0.0
0.77775,-1.0089133277638815,0.43233529754374433,0.09764288930499965,0.0
0.778,-1.0095685992228174,0.4315759352993459,0.09794651257072928,0.0
0.77825,-1.0102232842691148,0.4308167101998712,0.09825048229760247,0.0
0.7785,-1.0108773825601682,0.4300576238614142,0.09855479718265414,0.0
0.77875,-1.0115308937533714,0.4292986779000688,0.09885945591974643,0.0
0.779,-1.0121838175061175,0.4285398739319288,0.09916445719958156,0.0
0.77925,-1.0128361534758006,0.4277812135730882,0.09946979970971448,0.0
0.7795,-1.0134879013198148,0.4270226984396408,0.09977548213456511,0.0
0.77975,-1.0141390606955534,0.4262643301476806,0.10008150315542985,0.0
0.78,-1.01478963126041,0.4255061103133015,0.10038786145049539,0.0
0.78025,-1.015439612671779,0.4247480405525973,0.1006945556948502,0.0
0.7805,-1.0160890045870534,0.423990122481662,0.10100158456049635,0.0
0.78075,-1.016737806663628,0.42323235771658946,0.10130894671636437,0.0
0.781,-1.017386018558895,0.42247474787347356,0.10161664082832167,0.0
0.78125,-1.0180336399302494,0.42171729456840823,0.101924665559189,0.0
0.7815,-1.0186806704350846,0.4209599994174874,0.10223301956874997,0.0
0.78175,-1.0193271097307943,0.42020286403680496,0.10254170151376507,0.0
0.782,-1.0199729574747722,0.4194458900424547,0.10285071004798318,0.0
0.78225,-1.0206182133244122,0.4186890790505307,0.10316004382215405,0.0
0.7825,-1.0212628769371077,0.41793243267712676,0.10346970148404111,0.0
0.78275,-1.021906947970253,0.4171759525383368,0.10377968167843443,0.0
0.783,-1.0225504260812412,0.4164196402502547,0.10408998304716066,0.0
0.78325,-1.0231933109274667,0.41566349742897435,0.1044006042290988,0.0
0.7835,-1.023835602166323,0.41490752569058964,0.10471154386019021,0.0
0.78375,-1.0244772994552036,0.4141517266511946,0.10502280057345081,0.0
0.784,-1.0251184024515025,0.41339610192688303,0.1053343729989864,0.0
0.78425,-1.0257589108126135,0.41264065313374876,0.10564625976400155,0.0
0.7845,-1.02639882419593,0.4118853818878858,0.10595845949281357,0.0
0.78475,-1.0270381422588464,0.411130289805388,0.10627097080686543,0.0
0.785,-1.0276768646587557,0.41037537850234934,0.10658379232473725,0.0
0.78525,-1.028314991053052,0.40962064959486366,0.10689692266215856,0.0
0.7855,-1.0289525210991293,0.4088661046990248,0.10721036043202203,0.0
0.78575,-1.0295894544543809,0.4081117454309267,0.10752410424439396,0.0
0.786,-1.030225790776201,0.40735757340666334,0.10783815270652863,0.0
0.78625,-1.030861529721983,0.40660359024232856,0.1081525044228786,0.0
0.7865,-1.0314966709491205,0.4058497975540163,0.10846715799510909,0.0
0.78675,-1.0321312141150076,0.4050961969578204,0.10878211202210908,0.0
0.787,-1.0327651588770381,0.40434279006983476,0.10909736510000445,0.0
0.78725,-1.0333985048926055,0.4035895785061533,0.10941291582216905,0.0
0.7875,-1.0340312518191035,0.4028365638828699,0.10972876277923871,0.0
0.78775,-1.034663399313926,0.4020837478160786,0.11004490455912297,0.0
0.788,-1.0352949470344668,0.4013311319218731,0.11036133974701734,0.0
0.78825,-1.0359258946381198,0.40057871781634746,0.11067806692541549,0.0
0.7885,-1.0365562417822782,0.3998265071155954,0.11099508467412145,0.0
0.78875,-1.0371859881243362,0.39907450143571105,0.11131239157026274,0.0
0.789,-1.0378151333216874,0.39832270239278816,0.11162998618830255,0.0
0.78925,-1.0384436770317258,0.3975711116029207,0.11194786710005133,0.0
0.7895,-1.0390716189118447,0.39681973068220244,0.1122660328746794,0.0
0.78975,-1.0396989586194383,0.3960685612467274,0.11258448207873051,0.0
0.79,-1.0403256958118998,0.39531760491258944,0.11290321327613184,0.0
0.79025,-1.0409518301466236,0.39456686329588253,0.11322222502820911,0.0
0.7905,-1.041577361281003,0.39381633801270044,0.1135415158936961,0.0
0.79075,-1.0422022888724318,0.39306603067913726,0.11386108442874887,0.0
0.791,-1.042826612578304,0.3923159429112867,0.11418092918695755,0.0
0.79125,-1.043450332056013,0.39156607632524276,0.11450104871935829,0.0
0.7915,-1.0440734469629525,0.39081643253709936,0.11482144157444618,0.0
0.79175,-1.0446959569565166,0.39006701316295034,0.11514210629818722,0.0
0.792,-1.0453178616940992,0.3893178198188896,0.1154630414340303,0.0
0.79225,-1.0459391608330937,0.38856885412101105,0.1157842455229201,0.0
0.7925,-1.0465598540308938,0.38782011768540864,0.11610571710330819,0.0
0.79275,-1.0471799409448932,0.3870716121281762,0.11642745471116722,0.0
0.793,-1.0477994212324862,0.3863233390654077,0.1167494568800016,0.0
0.79325,-1.0484182945510656,0.38557530011319696,0.11707172214086015,0.0
0.7935,-1.0490365605580263,0.384827496887638,0.11739424902234874,0.0
0.79375,-1.049654218910761,0.3840799310048246,0.11771703605064121,0.0
0.794,-1.0502712692666643,0.3833326040808508,0.11804008174949443,0.0
0.79425,-1.0508877112831292,0.3825855177318104,0.11836338464025675,0.0
0.7945,-1.05150354461755,0.3818386735737972,0.11868694324188334,0.0
0.79475,-1.0521187689273204,0.3810920732229053,0.11901075607094702,0.0
0.795,-1.0527333838698338,0.38034571829522845,0.11933482164164988,0.0
0.79525,-1.0533473891024843,0.3795996104068606,0.1196591384658372,0.0
0.7955,-1.0539607842826655,0.3788537511738957,0.11998370505300815,0.0
0.79575,-1.054573569067771,0.3781081422124276,0.1203085199103282,0.0
0.796,-1.0551857431151945,0.37736278513855026,0.12063358154264181,0.0
0.79625,-1.0557973060823302,0.37661768156835745,0.12095888845248481,0.0
0.7965,-1.0564082576265719,0.37587283311794323,0.12128443914009557,0.0
0.79675,-1.0570185974053126,0.37512824140340145,0.1216102321034267,0.0
0.797,-1.0576283250759468,0.3743839080408259,0.12193626583815997,0.0
0.79725,-1.0582374402958676,0.3736398346463107,0.12226253883771432,0.0
0.7975,-1.0588459427224695,0.37289602283594947,0.12258904959326222,0.0
0.79775,-1.0594538320131455,0.37215247422583636,0.12291579659373841,0.0
0.798,-1.0600611078252902,0.3714091904320651,0.12324277832585406,0.0
0.79825,-1.0606677698162963,0.3706661730707297,0.12356999327410656,0.0
0.7985,-1.0612738176435583,0.3699234237579241,0.12389743992079527,0.0
0.79875,-1.0618792509644697,0.369180944109742,0.12422511674602954,0.0
0.799,-1.0624840694364242,0.3684387357422775,0.12455302222774356,0.0
0.79925,-1.0630882727168158,0.3676968002716243,0.1248811548417077,0.0
0.7995,-1.063691860463038,0.3669551393138766,0.12520951306153916,0.0
0.79975,-1.0642948323324848,0.366213754485128,0.12553809535871574,0.0
0.8,-1.0648971879825497,0.36547264740147256,0.1258669002025874,0.0
0.80025,-1.0654989270706265,0.36473181967900414,0.12619592606038754,0.0
0.8005,-1.0661000492541088,0.3639912729338167,0.1265251713972455,0.0
0.80075,-1.066700554190391,0.3632510087820041,0.1268546346761994,0.0
0.801,-1.0673004415368659,0.3625110288396602,0.12718431435820543,0.0
0.80125,-1.067899710950928,0.3617713347228789,0.12751420890215348,0.0
0.8015,-1.0684983620899706,0.3610319280477542,0.1278443167648755,0.0
0.80175,-1.0690963946113876,0.36029281043037986,0.12817463640116,0.0
0.802,-1.0696938081725729,0.35955398348684986,0.12850516626376285,0.0
0.80225,-1.0702906024309202,0.3588154488332581,0.12883590480341955,0.0
0.8025,-1.070886777043823,0.35807720808569854,0.1291668504688559,0.0
0.80275,-1.0714823316686752,0.35733926286026496,0.1294980017068017,0.0
0.803,-1.0720772659628708,0.35660161477305136,0.12982935696200237,0.0
0.80325,-1.0726715795838033,0.3558642654401516,0.13016091467722868,0.0
0.8035,-1.0732652721888662,0.35512721647765955,0.13049267329329095,0.0
0.80375,-1.0738583434354538,0.35439046950166914,0.13082463124905042,0.0
0.804,-1.0744507929809595,0.35365402612827423,0.1311567869814294,0.0
0.80425,-1.075042620482777,0.3529178879735688,0.13148913892542535,0.0
0.8045,-1.0756338255983002,0.35218205665364666,0.13182168551412143,0.0
0.80475,-1.076224407984923,0.35144653378460183,0.13215442517869858,0.0
0.805,-1.0768143673000388,0.35071132098252816,0.1324873563484461,0.0
0.80525,-1.0774037032010415,0.34997641986351946,0.1328204774507762,0.0
0.8055,-1.0779924153453249,0.34924183204366976,0.13315378691123225,0.0
0.80575,-1.0785805033902824,0.34850755913907294,0.133487283153503,0.0
0.806,-1.0791679669933085,0.34777360276582286,0.13382096459943393,0.0
0.80625,-1.0797548058117963,0.3470399645400134,0.13415482966903758,0.0
0.8065,-1.0803410195031398,0.3463066460777384,0.13448887678050658,0.0
0.80675,-1.0809266077247326,0.34557364899509196,0.1348231043502246,0.0
0.807,-1.0815115701339686,0.3448409749081678,0.1351575107927787,0.0
0.80725,-1.0820959063882416,0.3441086254330599,0.13549209452097033,0.0
0.8075,-1.082679616144945,0.3433766021858622,0.13582685394582628,0.0
0.80775,-1.083262699061473,0.34264490678266857,0.13616178747661256,0.0
0.808,-1.083845154795219,0.3419135408395728,0.13649689352084304,0.0
0.80825,-1.084426983003577,0.34118250597266897,0.13683217048429386,0.0
0.8085,-1.0850081833439407,0.34045180379805084,0.13716761677101275,0.0
0.80875,-1.085588755473704,0.33972143593181237,0.13750323078333193,0.0
0.809,-1.0861686990502601,0.33899140399004746,0.1378390109218781,0.0
0.80925,-1.0867480137310035,0.33826170958885005,0.1381749555855869,0.0
0.8095,-1.0873266991733272,0.33753235434431395,0.13851106317171058,0.0
0.80975,-1.0879047550346255,0.3368033398725331,0.13884733207583255,0.0
0.81,-1.0884821809722918,0.33607466778960143,0.1391837606918771,0.0
0.81025,-1.0890589766437198,0.3353463397116128,0.1395203474121216,0.0
0.8105,-1.0896351417063037,0.33461835725466116,0.13985709062720875,0.0
0.81075,-1.090210675817437,0.3338907220348404,0.14019398872615518,0.0
0.811,-1.0907855786345133,0.33316343566824436,0.14053104009636597,0.0
0.81125,-1.0913598498149264,0.332436499770967,0.14086824312364432,0.0
0.8115,-1.0919334890160703,0.33170991595910215,0.14120559619220385,0.0
0.81175,-1.0925064958953383,0.3309836858487438,0.14154309768467832,0.0
0.812,-1.0930788701101246,0.3302578110559859,0.1418807459821354,0.0
0.81225,-1.0936506113178228,0.3295322931969222,0.14221853946408602,0.0
0.8125,-1.0942217191758266,0.3288071338876466,0.14255647650849634,0.0
0.81275,-1.0947921933415299,0.32808233474425313,0.14289455549179952,0.0
0.813,-1.095362033472326,0.3273578973828356,0.14323277478890528,0.0
0.81325,-1.0959312392256093,0.326633823419488,0.14357113277321454,0.0
0.8135,-1.096499810258773,0.32591011447030416,0.14390962781662608,0.0
0.81375,-1.0970677462292113,0.3251867721513779,0.14424825828955212,0.0
0.814,-1.0976350467943177,0.3244637980788033,0.14458702256092626,0.0
0.81425,-1.0982017116114857,0.32374119386867417,0.14492591899821683,0.0
0.8145,-1.0987677403381095,0.3230189611370844,0.1452649459674371,0.0
0.81475,-1.0993331326315827,0.3222971015001278,0.14560410183315642,0.0
0.815,-1.0998978881492991,0.32157561657389855,0.14594338495851145,0.0
0.81525,-1.1004620065486521,0.3208545079744903,0.14628279370521735,0.0
0.8155,-1.101025487487036,0.32013377731799697,0.14662232643357953,0.0
0.81575,-1.1015883306218441,0.31941342622051255,0.14696198150250317,0.0
0.816,-1.1021505356104702,0.31869345629813095,0.14730175726950545,0.0
0.81625,-1.1027121021103081,0.317973869166946,0.14764165209072688,0.0
0.8165,-1.103273029778752,0.3172546664430516,0.14798166432094173,0.0
0.81675,-1.1038333182731948,0.3165358497425417,0.1483217923135678,0.0
0.817,-1.104392967251031,0.3158174206815102,0.1486620344206815,0.0
0.81725,-1.1049519763696538,0.31509938087605094,0.1490023889930232,0.0
0.8175,-1.1055103452864574,0.31438173194225794,0.14934285438001327,0.0
0.81775,-1.1060680736588355,0.3136644754962249,0.14968342892975928,0.0
0.818,-1.1066251611441813,0.31294761315404596,0.15002411098906943,0.0
0.81825,-1.1071816073998892,0.31223114653181483,0.15036489890346272,0.0
0.8185,-1.1077374120833527,0.3115150772456255,0.15070579101717896,0.0
0.81875,-1.1082925748519656,0.3107994069115719,0.15104678567319096,0.0
0.819,-1.1088470953631213,0.3100841371457478,0.1513878812132139,0.0
0.81925,-1.1094009732742145,0.30936926956424726,0.151729075977719,0.0
0.8195,-1.1099542082426377,0.3086548057831641,0.15207036830593967,0.0
0.81975,-1.1105067999257854,0.30794074741859223,0.15241175653588734,0.0
0.82,-1.1110587479810512,0.3072270960866255,0.15275323900435933,0.0
0.82025,-1.111610052065829,0.3065138534033579,0.1530948140469499,0.0
0.8205,-1.1121607118375123,0.30580102098488327,0.15343647999806187,0.0
0.82075,-1.1127107269534946,0.3050886004472956,0.1537782351909156,0.0
0.821,-1.1132600970711701,0.30437659340668866,0.15412007795756333,0.0
0.82125,-1.1138088218479325,0.30366500147915637,0.1544620066288953,0.0
0.8215,-1.1143569009411758,0.3029538262807927,0.15480401953465428,0.0
0.82175,-1.1149043340082931,0.3022430694276916,0.15514611500344322,0.0
0.822,-1.1154511207066786,0.3015327325359468,0.15548829136273823,0.0
0.82225,-1.1159972606937258,0.3008228172216523,0.15583054693889764,0.0
0.8225,-1.1165427536268289,0.30011332510090205,0.15617288005717445,0.0
0.82275,-1.117087599163381,0.29940425778978985,0.15651528904172385,0.0
0.823,-1.1176317969607763,0.2986956169044097,0.1568577722156168,0.0
0.82325,-1.1181753466764084,0.29798740406085544,0.1572003279008496,0.0
0.8235,-1.118718247967671,0.297279620875221,0.15754295441835353,0.0
0.82375,-1.1192605004919578,0.2965722689636002,0.1578856500880066,0.0
0.824,-1.119802103906663,0.295865349942087,0.158228413228644,0.0
0.82425,-1.1203430578691798,0.29515886542677533,0.15857124215806673,0.0
0.8245,-1.1208833620369023,0.29445281703375914,0.15891413519305475,0.0
0.82475,-1.121423016067224,0.29374720637913215,0.15925709064937532,0.0
0.825,-1.121962019617539,0.29304203507898835,0.15960010684179493,0.0
0.82525,-1.1225003723452405,0.29233730474942166,0.15994318208408798,0.0
0.8255,-1.1230380739077228,0.291633017006526,0.16028631468904964,0.0
0.82575,-1.1235751239623792,0.29092917346639524,0.16062950296850365,0.0
0.826,-1.1241115221666038,0.2902257757451233,0.16097274523331406,0.0
0.82625,-1.1246472681777901,0.28952282545880414,0.16131603979339548,0.0
0.8265,-1.1251823616533323,0.2888203242235315,0.16165938495772347,0.0
0.82675,-1.1257168022506234,0.2881182736553993,0.16200277903434324,0.0
0.827,-1.1262505896270578,0.28741667537050164,0.16234622033038315,0.0
0.82725,-1.1267837234400289,0.28671553098493224,0.16268970715206166,0.0
0.8275,-1.1273162033469304,0.28601484211478506,0.1630332378046997,0.0
0.82775,-1.1278480290051565,0.28531461037615397,0.16337681059273002,0.0
0.828,-1.1283792000721005,0.28461483738513293,0.1637204238197072,0.0
0.82825,-1.1289097162051562,0.2839155247578158,0.1640640757883185,0.0
0.8285,-1.1294395770617176,0.28321667411029644,0.16440776480039387,0.0
0.82875,-1.1299687822991782,0.28251828705866877,0.1647514891569153,0.0
0.829,-1.1304973315749318,0.2818203652190268,0.16509524715802826,0.0
0.82925,-1.1310252245463723,0.28112291020746427,0.16543903710305075,0.0
0.8295,-1.1315524608708933,0.28042592364007524,0.1657828572904836,0.0
0.82975,-1.1320790402058887,0.27972940713295347,0.16612670601802093,0.0
0.83,-1.132604962208752,0.2790333623021929,0.16647058158255978,0.0
0.83025,-1.1331302265368772,0.27833779076388754,0.16681448228021067,0.0
0.8305,-1.133654832847658,0.2776426941341311,0.16715840640630697,0.0
0.83075,-1.1341787807984878,0.27694807402901767,0.16750235225541465,0.0
0.831,-1.1347020700467607,0.276253932064641,0.16784631812134387,0.0
0.83125,-1.1352247002498705,0.27556026985709503,0.16819030229715715,0.0
0.8315,-1.1357466710652107,0.27486708902247375,0.1685343030751798,0.0
0.83175,-1.1362679821501755,0.2741743911768709,0.1688783187470111,0.0
0.832,-1.1367886331621582,0.27348217793638063,0.16922234760353172,0.0
0.83225,-1.1373086237585526,0.2727904509170966,0.16956638793491563,0.0
0.8325,-1.1378279535967526,0.27209921173511276,0.16991043803063977,0.0
0.83275,-1.1383466223341516,0.271408462006523,0.1702544961794925,0.0
0.833,-1.138864629628144,0.27071820334742136,0.17059856066958545,0.0
0.83325,-1.1393819751361232,0.27002843737390164,0.17094262978836183,0.0
0.8335,-1.1398986585154827,0.26933916570205774,0.17128670182260564,0.0
0.83375,-1.1404146794236163,0.26865038994798357,0.1716307750584538,0.0
0.834,-1.140930037517918,0.26796211172777296,0.17197484778140426,0.0
0.83425,-1.1414447324557817,0.26727433265752,0.1723189182763254,0.0
0.8345,-1.1419587638946007,0.2665870543533184,0.17266298482746678,0.0
0.83475,-1.1424721314917692,0.2659002784312622,0.17300704571846848,0.0
0.835,-1.1429848349046805,0.2652140065074452,0.1733510992323699,0.0
0.83525,-1.1434968737907287,0.2645282401979613,0.17369514365162142,0.0
0.8355,-1.1440082478073075,0.2638429811189044,0.1740391772580916,0.0
0.83575,-1.1445189566118104,0.26315823088636847,0.17438319833307836,0.0
0.836,-1.1450289998616316,0.2624739911164474,0.17472720515731877,0.0
0.83625,-1.145538377214164,0.2617902634252351,0.17507119601099674,0.0
0.8365,-1.1460470883268026,0.2611070494288254,0.17541516917375577,0.0
0.83675,-1.1465551328569399,0.26042435074331227,0.17575912292470464,0.0
0.837,-1.1470625104619705,0.2597421689847895,0.17610305554243033,0.0
0.83725,-1.1475692207992876,0.25906050576935113,0.17644696530500514,0.0
0.8375,-1.1480752635262854,0.25837936271309103,0.17679085048999799,0.0
0.83775,-1.1485806383003574,0.25769874143210303,0.17713470937448195,0.0
0.838,-1.1490853447788973,0.25701864354248105,0.17747854023504583,0.0
0.83825,-1.149589382619299,0.256339070660319,0.1778223413478015,0.0
0.8385,-1.1500927514789563,0.2556600244017108,0.1781661109883952,0.0
0.83875,-1.1505954510152627,0.2549815063827504,0.17850984743201548,0.0
0.839,-1.1510974808856123,0.25430351821953157,0.17885354895340333,0.0
0.83925,-1.1515988407473985,0.2536260615281483,0.17919721382686116,0.0
0.8395,-1.1520995302580153,0.25294913792469453,0.1795408403262626,0.0
0.83975,-1.1525995490748562,0.2522727490252641,0.179884426725061,0.0
0.84,-1.1530988968553153,0.25159689644595085,0.18022797129629997,0.0
0.84025,-1.153597573256786,0.25092158180284874,0.18057147231262105,0.0
0.8405,-1.154095577936662,0.2502468067120518,0.18091492804627407,0.0
0.84075,-1.1545929105523376,0.24957257278965367,0.1812583367691274,0.0
0.841,-1.155089570761206,0.24889888165174845,0.18160169675267412,0.0
0.84125,-1.1555855582206611,0.24822573491442995,0.18194500626804366,0.0
0.8415,-1.1560808725880969,0.24755313419379216,0.18228826358601102,0.0
0.84175,-1.1565755135209068,0.24688108110592888,0.1826314669770044,0.0
0.842,-1.1570694806764845,0.24620957726693404,0.1829746147111153,0.0
0.84225,-1.157562773712224,0.2455386242929016,0.1833177050581083,0.0
0.8425,-1.1580553922855192,0.2448682237999254,0.18366073628742896,0.0
0.84275,-1.1585473360537635,0.24419837740409933,0.18400370666821253,0.0
0.843,-1.1590386046743508,0.24352908672151735,0.18434661446929557,0.0
0.84325,-1.1595291978046747,0.2428603533682733,0.18468945795922198,0.0
0.8435,-1.160019115102129,0.2421921789604611,0.1850322354062537,0.0
0.84375,-1.1605083562241076,0.2415245651141747,0.1853749450783797,0.0
0.844,-1.1609969208280044,0.24085751344550788,0.1857175852433246,0.0
0.84425,-1.1614848085712128,0.24019102557055466,0.18606015416855737,0.0
0.8445,-1.1619720191111265,0.23952510310540892,0.18640265012130053,0.0
0.84475,-1.1624585521051398,0.23885974766616452,0.18674507136854035,0.0
0.845,-1.1629444072106456,0.2381949608689154,0.18708741617703284,0.0
0.84525,-1.1634295840850384,0.2375307443297554,0.1874296828133164,0.0
0.8455,-1.1639140823857117,0.2368670996647785,0.18777186954371738,0.0
0.84575,-1.1643979017700592,0.23620402849007854,0.18811397463436075,0.0
0.846,-1.1648810418954745,0.23554153242174947,0.1884559963511785,0.0
0.84625,-1.1653635024193514,0.23487961307588515,0.18879793295991854,0.0
0.8465,-1.165845282999084,0.23421827206857948,0.18913978272615428,0.0
0.84675,-1.1663263832920656,0.23355751101592637,0.18948154391529126,0.0
0.847,-1.1668068029556902,0.23289733153401976,0.18982321479257824,0.0
0.84725,-1.1672865416473517,0.23223773523895347,0.19016479362311545,0.0
0.8475,-1.1677655990244435,0.23157872374682148,0.19050627867186165,0.0
0.84775,-1.1682439747443594,0.23092029867371763,0.19084766820364485,0.0
0.848,-1.1687216684644934,0.23026246163573588,0.19118896048317113,0.0
0.84825,-1.1691986798422391,0.2296052142489701,0.19153015377503158,0.0
0.8485,-1.1696750085349903,0.22894855812951417,0.191871246343712,0.0
0.84875,-1.1701506542001407,0.22829249489346204,0.19221223645360164,0.0
0.849,-1.170625616495084,0.22763702615690756,0.19255312236900202,0.0
0.84925,-1.171099895077214,0.22698215353594464,0.19289390235413495,0.0
0.8495,-1.1715734896039243,0.2263278786466672,0.19323457467315164,0.0
0.84975,-1.172046399732609,0.22567420310516914,0.1935751375901409,0.0
0.85,-1.1725186251206616,0.22502112852754436,0.193915589369138,0.0
0.85025,-1.1729901654254757,0.22436865652988675,0.19425592827413296,0.0
0.8505,-1.1734610203044453,0.2237167887282902,0.1945961525690798,0.0
0.85075,-1.1739311894149642,0.22306552673884866,0.19493626051790414,0.0
0.851,-1.1744006724144262,0.222414872177656,0.19527625038451224,0.0
0.85125,-1.1748694689602246,0.22176482666080605,0.19561612043279908,0.0
0.8515,-1.1753375787097535,0.22111539180439282,0.1959558689266574,0.0
0.85175,-1.1758050013204067,0.2204665692245102,0.19629549412998593,0.0
0.852,-1.1762717364495776,0.219818360537252,0.1966349943066974,0.0
0.85225,-1.1767377837546604,0.21917076735871222,0.19697436772072807,0.0
0.8525,-1.1772031428930485,0.21852379130498467,0.1973136126360444,0.0
0.85275,-1.177667813522136,0.21787743399216336,0.1976527273166533,0.0
0.853,-1.1781317952993162,0.2172316970363421,0.1979917100266091,0.0
0.85325,-1.178595087881983,0.21658658205361483,0.1983305590300226,0.0
0.8535,-1.1790576909275305,0.21594209066007544,0.19866927259106992,0.0
0.85375,-1.1795196040933518,0.21529822447181785,0.19900784897399837,0.0
0.854,-1.1799808270368413,0.2146549851049359,0.199346286443139,0.0
0.85425,-1.1804413594153924,0.2140123741755236,0.19968458326291083,0.0
0.8545,-1.180901200886399,0.21337039329967472,0.20002273769783097,0.0
0.85475,-1.1813603511072546,0.21272904409348325,0.20036074801252268,0.0
0.855,-1.1818188097353532,0.21208832817304307,0.20069861247172405,0.0
0.85525,-1.1822765764280883,0.2114482471544481,0.20103632934029525,0.0
0.8555,-1.182733650842854,0.2108088026537922,0.2013738968832275,0.0
0.85575,-1.183190032637044,0.21016999628716931,0.20171131336565096,0.0
0.856,-1.1836457214680518,0.20953182967067327,0.20204857705284307,0.0
0.85625,-1.1841007169932711,0.20889430442039802,0.20238568621023623,0.0
0.8565,-1.184555018870096,0.2082574221524375,0.20272263910342692,0.0
0.85675,-1.18500862675592,0.20762118448288558,0.2030594339981826,0.0
0.857,-1.185461540308137,0.2069855930278361,0.20339606916045128,0.0
0.85725,-1.1859137591841404,0.20635064940338305,0.20373254285636766,0.0
0.8575,-1.1863652830413245,0.20571635522562026,0.20406885335226388,0.0
0.85775,-1.1868161115370826,0.20508271211064166,0.20440499891467456,0.0
0.858,-1.1872662443288087,0.2044497216745412,0.20474097781034728,0.0
0.85825,-1.1877156810738965,0.20381738553341272,0.20507678830624965,0.0
0.8585,-1.1881644214297395,0.20318570530335012,0.20541242866957687,0.0
0.85875,-1.1886124650537315,0.20255468260044734,0.20574789716776043,0.0
0.859,-1.1890598116032667,0.20192431904079822,0.2060831920684767,0.0
0.85925,-1.1895064607357386,0.20129461624049672,0.2064183116396534,0.0
0.8595,-1.1899524121085405,0.2006655758156367,0.2067532541494781,0.0
0.85975,-1.190397665379067,0.20003719938231213,0.2070880178664074,0.0
0.86,-1.1908422202047113,0.19940948855661683,0.20742260105917243,0.0
0.86025,-1.1912860762428672,0.1987824449546447,0.20775700199678937,0.0
0.8605,-1.1917292331509284,0.1981560701924897,0.20809121894856553,0.0
0.86075,-1.1921716905862887,0.1975303658862457,0.20842525018410796,0.0
0.861,-1.192613448206342,0.19690533365200663,0.20875909397333148,0.0
0.86125,-1.1930545056684818,0.1962809751058663,0.20909274858646598,0.0
0.8615,-1.1934948626301018,0.19565729186391873,0.20942621229406488,0.0
0.86175,-1.1939345187485964,0.1950342855422577,0.20975948336701267,0.0
0.862,-1.1943734736813587,0.19441195775697723,0.21009256007653243,0.0
0.86225,-1.1948117270857823,0.19379031012417114,0.21042544069419344,0.0
0.8625,-1.195249278619262,0.19316934425993337,0.21075812349192136,0.0
0.86275,-1.1956861279391902,0.1925490617803578,0.21109060674200153,0.0
0.863,-1.1961222747029616,0.19192946430153832,0.21142288871709147,0.0
0.86325,-1.1965577185679694,0.19131055343956885,0.21175496769022506,0.0
0.8635,-1.1969924591916077,0.1906923308105433,0.21208684193482208,0.0
0.86375,-1.19742649623127,0.19007479803055555,0.21241850972469578,0.0
0.864,-1.1978598293443503,0.1894579567156995,0.2127499693340602,0.0
0.86425,-1.1982924581882424,0.1888418084820691,0.21308121903753796,0.0
0.8645,-1.1987243824203393,0.18822635494575818,0.2134122571101671,0.0
0.86475,-1.199155601698036,0.18761159772286068,0.21374308182741175,0.0
0.865,-1.1995861156787253,0.18699753842947048,0.2140736914651653,0.0
0.86525,-1.2000159240198012,0.18638417868168153,0.21440408429976143,0.0
0.8655,-1.2004450263786572,0.18577152009558764,0.2147342586079808,0.0
0.86575,-1.2008734224126876,0.18515956428728278,0.21506421266705789,0.0
0.866,-1.201301111779286,0.18454831287286083,0.21539394475469065,0.0
0.86625,-1.201728094135846,0.18393776746841572,0.21572345314904484,0.0
0.8665,-1.2021543691397611,0.1833279296900413,0.2160527361287643,0.0
0.86675,-1.2025799364484255,0.18271880115383152,0.2163817919729778,0.0
0.867,-1.2030047957192327,0.18211038347588024,0.21671061896130617,0.0
0.86725,-1.2034289466095767,0.1815026782722814,0.2170392153738705,0.0
0.8675,-1.2038523887768506,0.18089568715912885,0.21736757949129837,0.0
0.86775,-1.2042751218784489,0.18028941175251653,0.2176957095947334,0.0
0.868,-1.204697145571765,0.17968385366853834,0.21802360396584075,0.0
0.86825,-1.2051184595141926,0.17907901452328817,0.21835126088681545,0.0
0.8685,-1.2055390633631258,0.1784748959328599,0.21867867864039026,0.0
0.86875,-1.2059589567759579,0.17787149951334746,0.21900585550984264,0.0
0.869,-1.206378139410083,0.17726882688084475,0.21933278977900228,0.0
0.86925,-1.2067966109228947,0.17666687965144562,0.2196594797322584,0.0
0.8695,-1.2072143709717864,0.17606565944124408,0.2199859236545667,0.0
0.86975,-1.2076314192141524,0.1754651678663339,0.22031211983145882,0.0
0.87,-1.2080477553073865,0.17486540654280908,0.2206380665490475,0.0
0.87025,-1.208463378908882,0.17426637708676346,0.22096376209403434,0.0
0.8705,-1.2088782896760324,0.17366808111429097,0.22128920475371827,0.0
0.87075,-1.2092924872662325,0.1730705202414855,0.22161439281600215,0.0
0.871,-1.2097059713368754,0.17247369608444096,0.2219393245693999,0.0
0.87125,-1.2101187415453545,0.17187761025925127,0.2222639983030441,0.0
0.8715,-1.2105307975490642,0.17128226438201027,0.2225884123066939,0.0
0.87175,-1.210942139005398,0.17068766006881192,0.2229125648707413,0.0
0.872,-1.2113527655717498,0.1700937989357501,0.2232364542862193,0.0
0.87225,-1.2117626769055128,0.1695006825989187,0.22356007884480844,0.0
0.8725,-1.212171872664081,0.16890831267441161,0.22388343683884449,0.0
0.87275,-1.2125803525048489,0.1683166907783228,0.2242065265613269,0.0
0.873,-1.2129881160852092,0.16772581852674606,0.22452934630592325,0.0
0.87325,-1.2133951630625561,0.1671356975357754,0.22485189436697905,0.0
0.8735,-1.2138014930942835,0.16654632942150466,0.22517416903952414,0.0
0.87375,-1.214207105837785,0.16595771580002772,0.22549616861927912,0.0
0.874,-1.2146120009504542,0.16536985828743853,0.22581789140266406,0.0
0.87425,-1.215016178089685,0.16478275849983098,0.2261393356868049,0.0
0.8745,-1.2154196369128714,0.16419641805329893,0.22646049976953986,0.0
0.87475,-1.2158223770774064,0.16361083856393635,0.22678138194942843,0.0
0.875,-1.2162243982406846,0.16302602164783708,0.22710198052575747,0.0
0.87525,-1.2166257000600993,0.16244196892109508,0.22742229379854773,0.0
0.8755,-1.2170262821930442,0.1618586819998042,0.22774232006856265,0.0
0.87575,-1.2174261442969132,0.16127616250005836,0.22806205763731402,0.0
0.876,-1.2178252860291,0.16069441203795146,0.2283815048070701,0.0
0.87625,-1.2182237070469983,0.16011343222957736,0.2287006598808623,0.0
0.8765,-1.218621407008002,0.15953322469103004,0.2290195211624919,0.0
0.87675,-1.2190183855695047,0.15895379103840335,0.22933808695653868,0.0
0.877,-1.2194146423889003,0.1583751328877912,0.22965635556836572,0.0
0.87725,-1.2198101771235823,0.15779725185528748,0.22997432530412865,0.0
0.8775,-1.220204989430945,0.1572201495569861,0.23029199447078175,0.0
0.87775,-1.2205990789683812,0.156643827608981,0.2306093613760838,0.0
0.878,-1.2209924453932857,0.15606828762736596,0.23092642432860866,0.0
0.87825,-1.2213850883630517,0.155493531228235,0.23124318163774849,0.0
0.8785,-1.221777007535073,0.154919560027682,0.2315596316137225,0.0
0.87875,-1.222168202566743,0.15434637564180081,0.23187577256758463,0.0
0.879,-1.222558673115456,0.1537739796866854,0.23219160281122897,0.0
0.87925,-1.2229484188386057,0.15320237377842963,0.23250712065739854,0.0
0.8795,-1.2233374393935856,0.1526315595331274,0.23282232441969075,0.0
0.87975,-1.2237257344377894,0.1520615385668726,0.23313721241256502,0.0
0.88,-1.2241133036286111,0.15149231249575915,0.23345178295135027,0.0
0.88025,-1.2245001466234444,0.15092388293588094,0.2337660343522514,0.0
0.8805,-1.224886263079683,0.15035625150333187,0.2340799649323555,0.0
0.88075,-1.2252716526547207,0.14978941981420588,0.2343935730096407,0.0
0.881,-1.2256563150059512,0.14922338948459685,0.23470685690298132,0.0
0.88125,-1.226040249790768,0.14865816213059863,0.23501981493215585,0.0
0.8815,-1.2264234566665655,0.14809373936830514,0.2353324454178538,0.0
0.88175,-1.2268059352907366,0.14753012281381034,0.23564474668168156,0.0
0.882,-1.2271876853206758,0.14696731408320807,0.2359567170461716,0.0
0.88225,-1.2275687064137766,0.14640531479259222,0.23626835483478703,0.0
0.8825,-1.2279489982274323,0.14584412655805673,0.23657965837192907,0.0
0.88275,-1.2283285604190373,0.14528375099569554,0.23689062598294597,0.0
0.883,-1.228707392645985,0.14472418972160245,0.23720125599413677,0.0
0.88325,-1.2290854945656693,0.14416544435187145,0.2375115467327602,0.0
0.8835,-1.2294628658354836,0.1436075165025964,0.23782149652704132,0.0
0.88375,-1.2298395061128224,0.1430504077898712,0.2381311037061784,0.0
0.884,-1.2302154150550786,0.1424941198297897,0.23844036660034873,0.0
0.88425,-1.2305905923196465,0.1419386542384459,0.238749283540717,0.0
0.8845,-1.2309650375639198,0.14138401263193365,0.23905785285944137,0.0
0.88475,-1.2313387504452922,0.14083019662634685,0.23936607288968048,0.0
0.885,-1.2317117306211571,0.14027720783777942,0.2396739419656,0.0
0.88525,-1.2320839777489085,0.1397250478823252,0.2399814584223794,0.0
0.8855,-1.2324554914859402,0.1391737183760782,0.24028862059622003,0.0
0.88575,-1.232826271489646,0.13862322093513219,0.24059542682435064,0.0
0.886,-1.2331963174174199,0.13807355717558117,0.2409018754450345,0.0
0.88625,-1.233565628926655,0.137524728713519,0.241207964797576,0.0
0.8865,-1.2339342056747453,0.1369767371650396,0.24151369322232807,0.0
0.88675,-1.2343020473190847,0.13642958414623688,0.24181905906069878,0.0
0.887,-1.2346691535170669,0.13588327127320468,0.2421240606551578,0.0
0.88725,-1.2350355239260855,0.13533780016203695,0.24242869634924324,0.0
0.8875,-1.2354011582035347,0.1347931724288276,0.24273296448756954,0.0
0.88775,-1.2357660560068076,0.13424938968967048,0.24303686341583175,0.0
0.888,-1.2361302169932982,0.13370645356065952,0.24334039148081543,0.0
0.88825,-1.2364936408204006,0.13316436565788864,0.24364354703040125,0.0
0.8885,-1.236856327145508,0.13262312759745173,0.2439463284135719,0.0
0.88875,-1.2372182756260144,0.13208274099544268,0.24424873398042002,0.0
0.889,-1.2375794859193139,0.13154320746795536,0.2445507620821541,0.0
0.88925,-1.2379399576827996,0.13100452863108375,0.24485241107110545,0.0
0.8895,-1.2382996905738657,0.13046670610092165,0.24515367930073428,0.0
0.88975,-1.2386586842499057,0.12992974149356307,0.2454545651256379,0.0
0.89,-1.2390169383683136,0.12939363642510182,0.24575506690155624,0.0
0.89025,-1.239374452586483,0.12885839251163184,0.24605518298537876,0.0
0.8905,-1.2397312265618075,0.12832401136924704,0.246354911735152,0.0
0.89075,-1.240087259951681,0.1277904946140413,0.24665425151008447,0.0
0.891,-1.2404425524134974,0.12725784386210848,0.24695320067055637,0.0
0.89125,-1.2407971036046503,0.12672606072954257,0.247251757578123,0.0
0.8915,-1.2411509131825333,0.12619514683243743,0.2475499205955236,0.0
0.89175,-1.2415039808045405,0.12566510378688692,0.2478476880866871,0.0
0.892,-1.2418563061280654,0.12513593320898503,0.24814505841673973,0.0
0.89225,-1.2422078888105017,0.12460763671482555,0.24844202995201092,0.0
0.8925,-1.2425587285092434,0.12408021592050247,0.2487386010600403,0.0
0.89275,-1.242908824881684,0.12355367244210966,0.24903477010958364,0.0
0.893,-1.2432581775852172,0.123028007895741,0.24933053547062145,0.0
0.89325,-1.243606786277237,0.12250322389749044,0.24962589551436398,0.0
0.8935,-1.2439546506151373,0.12197932206345183,0.24992084861325825,0.0
0.89375,-1.2443017702563113,0.1214563040097191,0.2502153931409945,0.0
0.894,-1.2446481448581532,0.12093417135238614,0.2505095274725142,0.0
0.89425,-1.2449937740780563,0.12041292570754684,0.2508032499840147,0.0
0.8945,-1.245338657573415,0.11989256869129512,0.25109655905295836,0.0
0.89475,-1.2456827950016227,0.11937310191972487,0.2513894530580765,0.0
0.895,-1.246026186020073,0.11885452700893,0.251681930379378,0.0
0.89525,-1.2463688302861597,0.11833684557500439,0.2519739893981554,0.0
0.8955,-1.2467107274572768,0.11782005923404196,0.25226562849699175,0.0
0.89575,-1.247051877190818,0.1173041696021366,0.25255684605976647,0.0
0.896,-1.2473922791441767,0.11678917829538221,0.2528476404716633,0.0
0.89625,-1.2477319329747467,0.1162750869298727,0.2531380101191756,0.0
0.8965,-1.2480708383399222,0.11576189712170196,0.2534279533901147,0.0
0.89675,-1.2484089948970967,0.11524961048696392,0.25371746867361455,0.0
0.897,-1.2487464023036638,0.11473822864175243,0.25400655436013997,0.0
0.89725,-1.2490830602170175,0.11422775320216143,0.2542952088414925,0.0
0.8975,-1.2494189682945513,0.1137181857842848,0.254583430510817,0.0
0.89775,-1.2497541261936593,0.11320952800421644,0.25487121776260957,0.0
0.898,-1.2500885335717347,0.11270178147805027,0.2551585689927214,0.0
0.89825,-1.2504221900861718,0.11219494782188016,0.2554454825983694,0.0
0.8985,-1.2507550953943638,0.11168902865180003,0.2557319569781391,0.0
0.89875,-1.2510872491537053,0.11118402558390379,0.2560179905319937,0.0
0.899,-1.2514186510215892,0.11067994023428533,0.25630358166127953,0.0
0.89925,-1.2517493006554097,0.11017677421903854,0.25658872876873273,0.0
0.8995,-1.2520791977125603,0.10967452915425735,0.2568734302584874,0.0
0.89975,-1.2524083418504348,0.10917320665603561,0.2571576845360797,0.0
0.9,-1.2527367327264272,0.10867280834046728,0.25744149000845673,0.0
0.90025,-1.253064369997931,0.10817333582364622,0.2577248450839822,0.0
0.9005,-1.25339125332234,0.10767479072166633,0.258007748172443,0.0
0.90075,-1.253717382357048,0.10717717465062152,0.25829019768505646,0.0
0.901,-1.2540427567594488,0.1066804892266057,0.2585721920344761,0.0
0.90125,-1.254367376186936,0.10618473606571276,0.258853729634799,0.0
0.9015,-1.2546912402969033,0.10568991678403661,0.2591348089015719,0.0
0.90175,-1.2550143487467444,0.10519603299767114,0.2594154282517991,0.0
0.902,-1.2553367011938537,0.10470308632271022,0.2596955861039474,0.0
0.90225,-1.255658297295624,0.10421107837524782,0.2599752808779534,0.0
0.9025,-1.25597913670945,0.1037200107713778,0.26025451099523145,0.0
0.90275,-1.2562992190927247,0.10322988512719405,0.2605332748786775,0.0
0.903,-1.256618544102842,0.10274070305879049,0.2608115709526784,0.0
0.90325,-1.2569371113971959,0.10225246618226103,0.26108939764311767,0.0
0.9035,-1.25725492063318,0.10176517611369953,0.2613667533773816,0.0
0.90375,-1.2575719714681879,0.10127883446919994,0.2616436365843664,0.0
0.904,-1.2578882635596136,0.10079344286485611,0.2619200456944848,0.0
0.90425,-1.2582037965648507,0.10030900291676198,0.2621959791396735,0.0
0.9045,-1.258518570141293,0.09982551624101144,0.2624714353533981,0.0
0.90475,-1.2588325839463343,0.09934298445369838,0.2627464127706609,0.0
0.905,-1.2591458376373683,0.09886140917091671,0.2630209098280081,0.0
0.90525,-1.2594583308717886,0.09838079200876032,0.2632949249635348,0.0
0.9055,-1.2597700633069895,0.09790113458332311,0.26356845661689343,0.0
0.90575,-1.260081034600364,0.09742243851069901,0.2638415032292991,0.0
0.906,-1.2603912444093064,0.09694470540698188,0.2641140632435375,0.0
0.90625,-1.26070069239121,0.09646793688826565,0.26438613510397,0.0
0.9065,-1.261009378203469,0.0959921345706442,0.2646577172565423,0.0
0.90675,-1.2613173015034769,0.09551730007021145,0.26492880814878883,0.0
0.907,-1.2616244619486274,0.09504343500306127,0.26519940622984195,0.0
0.90725,-1.2619308591963145,0.09457054098528758,0.2654695099504367,0.0
0.9075,-1.2622364929039316,0.0940986196329843,0.26573911776291803,0.0
0.90775,-1.2625413627288729,0.0936276725622453,0.26600822812124814,0.0
0.908,-1.2628454683285315,0.09315770138916447,0.266276839481012,0.0
0.90825,-1.2631488093603018,0.09268870772983576,0.26654495029942593,0.0
0.9085,-1.2634513854815774,0.09222069320035303,0.2668125590353416,0.0
0.90875,-1.263753196349752,0.09175365941681018,0.26707966414925566,0.0
0.909,-1.264054241622219,0.09128760799530114,0.26734626410331397,0.0
0.90925,-1.2643545209563727,0.0908225405519198,0.2676123573613205,0.0
0.9095,-1.2646540340096064,0.09035845870276002,0.26787794238874163,0.0
0.90975,-1.2649527804393141,0.08989536406391575,0.26814301765271553,0.0
0.91,-1.2652507599028895,0.08943325825148087,0.268407581622057,0.0
0.91025,-1.265547972057726,0.08897214288154928,0.2686716327672649,0.0
0.9105,-1.2658444165612182,0.08851201957021487,0.2689351695605291,0.0
0.91075,-1.2661400930707591,0.08805288993357158,0.26919819047573657,0.0
0.911,-1.2664350012437424,0.08759475558771326,0.2694606939884785,0.0
0.91125,-1.2667291407375627,0.08713761814873386,0.2697226785760576,0.0
0.9115,-1.2670225112096127,0.08668147923272723,0.2699841427174934,0.0
0.91175,-1.267315112317287,0.0862263404557873,0.2702450848935316,0.0
0.912,-1.2676069437179787,0.08577220343400796,0.27050550358664704,0.0
0.91225,-1.2678980050690818,0.08531906978348311,0.2707653972810544,0.0
0.9125,-1.2681882960279902,0.08486694112030667,0.27102476446271306,0.0
0.91275,-1.2684778162520978,0.08441581906057252,0.2712836036193331,0.0
0.913,-1.2687665653987978,0.08396570522037457,0.27154191324038424,0.0
0.91325,-1.269054543125484,0.0835166012158067,0.2717996918171002,0.0
0.9135,-1.2693417490895507,0.08306850866296284,0.2720569378424884,0.0
0.91375,-1.269628182948391,0.08262142917793686,0.2723136498113341,0.0
0.914,-1.2699138443593996,0.08217536437682268,0.272569826220209,0.0
0.91425,-1.270198732979969,0.08173031587571421,0.27282546556747644,0.0
0.9145,-1.270482848467494,0.08128628529070533,0.2730805663533,0.0
0.91475,-1.2707661904793675,0.08084327423788995,0.27333512707964935,0.0
0.915,-1.271048758672984,0.08040128433336195,0.2735891462503077,0.0
0.91525,-1.2713305527057366,0.07996031719321525,0.2738426223708772,0.0
0.9155,-1.2716115722350194,0.07952037443354376,0.27409555394878793,0.0
0.91575,-1.2718918169182265,0.07908145767044136,0.27434793949330394,0.0
0.916,-1.272171286412751,0.07864356852000197,0.2745997775155282,0.0
0.91625,-1.272449980375987,0.07820670859831946,0.27485106652841296,0.0
0.9165,-1.272727898465328,0.07777087952148776,0.2751018050467642,0.0
0.91675,-1.273005040338168,0.07733608290560076,0.2753519915872491,0.0
0.917,-1.2732814056519008,0.07690232036675235,0.27560162466840366,0.0
0.91725,-1.27355699406392,0.07646959352103644,0.2758507028106385,0.0
0.9175,-1.273831805231619,0.07603790398454693,0.27609922453624614,0.0
0.91775,-1.2741058388123923,0.0756072533733777,0.2763471883694091,0.0
0.918,-1.274379094463633,0.0751776433036227,0.276594592836205,0.0
0.91825,-1.2746515718427354,0.07474907539137578,0.276841436464615,0.0
0.9185,-1.274923270607093,0.07432155125273086,0.2770877177845299,0.0
0.91875,-1.275194190414099,0.07389507250378184,0.2773334353277568,0.0
0.919,-1.2754643309211482,0.07346964076062262,0.2775785876280281,0.0
0.91925,-1.2757336917856335,0.0730452576393471,0.2778231732210057,0.0
0.9195,-1.2760022726649491,0.07262192475604919,0.2780671906442902,0.0
0.91975,-1.2762700732164887,0.07219964372682278,0.27831063843742676,0.0
0.92,-1.2765370930976458,0.07177841616776175,0.2785535151419123,0.0
0.92025,-1.2768033319658143,0.07135824369496002,0.2787958193012028,0.0
0.9205,-1.2770687894783879,0.0709391279245115,0.2790375494607207,0.0
0.92075,-1.2773334652927604,0.07052107047251008,0.2792787041678604,0.0
0.921,-1.2775973590663257,0.07010407295504967,0.2795192819719978,0.0
0.92125,-1.2778604704564773,0.06968813698822414,0.2797592814244947,0.0
0.9215,-1.278122799120609,0.06927326418812742,0.2799987010787075,0.0
0.92175,-1.2783843447161147,0.0688594561708534,0.28023753948999475,0.0
0.922,-1.2786451069003881,0.06844671455249599,0.28047579521572197,0.0
0.92225,-1.2789050853308228,0.06803504094914906,0.28071346681527154,0.0
0.9225,-1.2791642796648128,0.06762443697690654,0.2809505528500478,0.0
0.92275,-1.2794226895597514,0.06721490425186233,0.2811870518834847,0.0
0.923,-1.279680314673033,0.06680644439011033,0.28142296248105425,0.0
0.92325,-1.2799371546620508,0.0663990590077444,0.2816582832102714,0.0
0.9235,-1.2801932091841988,0.0659927497208585,0.2818930126407029,0.0
0.92375,-1.2804484778968708,0.06558751814554649,0.2821271493439741,0.0
0.924,-1.28070296045746,0.06518336589790227,0.28236069189377533,0.0
0.92425,-1.2809566565233608,0.06478029459401977,0.2825936388658705,0.0
0.9245,-1.281209565751967,0.06437830584999286,0.28282598883810395,0.0
0.92475,-1.281461687800672,0.06397740128191545,0.28305774039040577,0.0
0.925,-1.2817130223268696,0.06357758250588144,0.28328889210480224,0.0
0.92525,-1.2819635689879534,0.06317885113798474,0.28351944256542017,0.0
0.9255,-1.2822133274413177,0.06278120879431925,0.28374939035849644,0.0
0.92575,-1.2824622973443556,0.062384657090978846,0.28397873407238383,0.0
0.926,-1.2827104783544612,0.06198919764405745,0.2842074722975585,0.0
0.92625,-1.282957870129028,0.061594832069648955,0.284435603626628,0.0
0.9265,-1.2832044723254503,0.06120156198384726,0.28466312665433824,0.0
0.92675,-1.283450284601121,0.06080938900274627,0.28489003997757956,0.0
0.927,-1.283695306613435,0.06041831474243989,0.2851163421953973,0.0
0.92725,-1.2839395380197849,0.06002834081902199,0.28534203190899476,0.0
0.9275,-1.2841829784775651,0.05963946884858651,0.28556710772174476,0.0
0.92775,-1.2844256276441692,0.05925170044722733,0.28579156823919405,0.0
0.928,-1.284667485176991,0.05886503723103834,0.28601541206907233,0.0
0.92825,-1.284908550733424,0.05847948081611347,0.28623863782129866,0.0
0.9285,-1.2851488239708624,0.05809503281854658,0.28646124410799056,0.0
0.92875,-1.2853883045466994,0.05771169485443161,0.28668322954346825,0.0
0.929,-1.285626992118329,0.057329468539862434,0.28690459274426594,0.0
0.92925,-1.2858648863431452,0.05694835549093297,0.28712533232913695,0.0
0.9295,-1.2861019868785415,0.05656835732373709,0.2873454469190615,0.0
0.92975,-1.2863382933819116,0.05618947565436872,0.28756493513725423,0.0
0.93,-1.2865738055106495,0.05581171209892176,0.28778379560917267,0.0
0.93025,-1.2868085229221484,0.05543506827349009,0.288002026962523,0.0
0.9305,-1.2870424452738027,0.05505954579416763,0.28821962782726973,0.0
0.93075,-1.287275572223006,0.05468514627704826,0.2884365968356417,0.0
0.931,-1.2875079034271517,0.05431187133822591,0.2886529326221392,0.0
0.93125,-1.287739438543634,0.053939722593794454,0.2888686338235442,0.0
0.9315,-1.2879701772298462,0.0535687016598478,0.2890836990789245,0.0
0.93175,-1.2882001191431822,0.05319881015247983,0.2892981270296442,0.0
0.932,-1.2884292639410362,0.052830049687784486,0.28951191631937,0.0
0.93225,-1.2886576112808013,0.05246242188185563,0.2897250655940786,0.0
0.9325,-1.2888851608198717,0.05209592835078719,0.2899375735020655,0.0
0.93275,-1.289111912215641,0.05173057071067304,0.2901494386939516,0.0
0.933,-1.2893378651255025,0.05136635057760709,0.2903606598226909,0.0
0.93325,-1.2895630192068508,0.05100326956768325,0.2905712355435799,0.0
0.9335,-1.289787374117079,0.0506413292969954,0.29078116451426306,0.0
0.93375,-1.2900109295135813,0.05028053138163746,0.29099044539474184,0.0
0.934,-1.290233685053751,0.04992087743770332,0.2911990768473822,0.0
0.93425,-1.290455640394982,0.049562369081286875,0.29140705753692275,0.0
0.9345,-1.2906767951946685,0.049205007928482036,0.2916143861304821,0.0
0.93475,-1.2908971491102035,0.0488487955953827,0.29182106129756624,0.0
0.935,-1.2911167017989815,0.04849373369808277,0.2920270817100781,0.0
0.93525,-1.2913354529183956,0.04813982385267613,0.2922324460423227,0.0
0.9355,-1.29155340212584,0.04778706767525669,0.29243715297101813,0.0
0.93575,-1.291770549078708,0.04743546678191836,0.292641201175301,0.0
0.936,-1.2919868934343939,0.04708502278875502,0.29284458933673596,0.0
0.93625,-1.292202434850291,0.04673573731186058,0.2930473161393221,0.0
0.9365,-1.292417172983793,0.04638761196732894,0.293249380269502,0.0
0.93675,-1.2926311074922943,0.046040648371254,0.29345078041617056,0.0
0.937,-1.292844238033188,0.04569484813972967,0.29365151527068023,0.0
0.93725,-1.293056564263868,0.045350212888849835,0.29385158352685203,0.0
0.9375,-1.2932680858417283,0.04500674423470839,0.2940509838809815,0.0
0.93775,-1.2934788024241624,0.04466444379339926,0.2942497150318477,0.0
0.938,-1.2936887136685642,0.044323313181016316,0.2944477756807211,0.0
0.93825,-1.2938978192323272,0.043983354013653476,0.2946451645313717,0.0
0.9385,-1.2941061187728455,0.04364456790740463,0.29484188029007696,0.0
0.93875,-1.2943136119475125,0.04330695647836369,0.29503792166563025,0.0
0.939,-1.294520298413722,0.04297052134262455,0.2952332873693484,0.0
0.93925,-1.2947261778288683,0.0426352641162811,0.2954279761150813,0.0
0.9395,-1.2949312498503445,0.04230118641542725,0.29562198661921757,0.0
0.93975,-1.2951355141355443,0.0419682898561569,0.29581531760069524,0.0
0.94,-1.2953389703418619,0.041636576054563945,0.29600796778100946,0.0
0.94025,-1.2955416181266908,0.041306046626742296,0.29619993588421956,0.0
0.9405,-1.295743457147425,0.04097670318878583,0.29639122063695833,0.0
0.94075,-1.2959444870614578,0.04064854735678847,0.29658182076843964,0.0
0.941,-1.2961447075261834,0.04032158074684411,0.29677173501046816,0.0
0.94125,-1.2963441181989952,0.03999580497504664,0.2969609620974458,0.0
0.9415,-1.2965427187372873,0.03967122165748997,0.297149500766382,0.0
0.94175,-1.2967405087984534,0.03934783241026799,0.2973373497569005,0.0
0.942,-1.2969374880398867,0.03902563884947462,0.29752450781124784,0.0
0.94225,-1.2971336561189815,0.038704642591203736,0.29771097367430355,0.0
0.9425,-1.2973290126931314,0.03838484525154924,0.29789674609358663,0.0
0.94275,-1.2975235574197304,0.038066248446605055,0.29808182381926573,0.0
0.943,-1.2977172899561717,0.03774885379246505,0.2982662056041647,0.0
0.94325,-1.2979102099598496,0.03743266290522315,0.29844989020377555,0.0
0.9435,-1.2981023170881576,0.03711767740097324,0.2986328763762629,0.0
0.94375,-1.2982936109984893,0.03680389889580923,0.2988151628824749,0.0
0.944,-1.2984840913482387,0.03649132900582501,0.2989967484859508,0.0
0.94425,-1.2986737577947993,0.03617996934711448,0.29917763195293,0.0
0.9445,-1.2988626099955654,0.03586982153577155,0.29935781205236167,0.0
0.94475,-1.29905064760793,0.035560887187890106,0.29953728755591014,0.0
0.945,-1.2992378702892875,0.035253167919564066,0.2997160572379678,0.0
0.94525,-1.299424277697031,0.034946665346887305,0.2998941198756606,0.0
0.9455,-1.299609869488555,0.03464138108595374,0.3000714742488588,0.0
0.94575,-1.2997946453212523,0.03433731675285727,0.300248119140184,0.0
0.946,-1.2999786048525177,0.034034473963691796,0.3004240533350204,0.0
0.94625,-1.3001617477397442,0.03373285433455121,0.3005992756215199,0.0
0.9465,-1.3003440736403258,0.03343245948152941,0.3007737847906149,0.0
0.94675,-1.3005255822116566,0.03313329102072031,0.30094757963602525,0.0
0.947,-1.3007062731111296,0.03283535056821779,0.30112065895426565,0.0
0.94725,-1.300886145996139,0.03253863974011577,0.30129302154465765,0.0
0.9475,-1.3010652005240786,0.03224316015250813,0.3014646662093372,0.0
0.94775,-1.3012434363523422,0.031948913421488784,0.3016355917532625,0.0
0.948,-1.3014208531383233,0.031655901163151624,0.3018057969842247,0.0
0.94825,-1.3015974505394157,0.03136412499359056,0.30197528071285595,0.0
0.9485,-1.3017732282130132,0.031073586528899477,0.3021440417526391,0.0
0.94875,-1.3019481858165096,0.030784287385172283,0.30231207891991607,0.0
0.949,-1.3021223230072985,0.03049622917850288,0.302479391033897,0.0
0.94925,-1.3022956394427738,0.03020941352498516,0.3026459769166705,0.0
0.9495,-1.3024681347803293,0.02992384204071303,0.3028118353932112,0.0
0.94975,-1.3026398086773585,0.029639516341780383,0.30297696529138984,0.0
0.95,-1.3028106607912555,0.029356438044281122,0.3031413654419828,0.0
0.95025,-1.302980690779414,0.029074608764309146,0.3033050346786803,0.0
0.9505,-1.3031498982992271,0.028794030117958357,0.30346797183809615,0.0
0.95075,-1.3033182830080894,0.028514703721322653,0.3036301757597777,0.0
0.951,-1.3034858445633941,0.028236631190495937,0.30379164528621416,0.0
0.95125,-1.3036525826225351,0.027959814141572097,0.303952379262846,0.0
0.9515,-1.3038184968429063,0.027684254190645047,0.30411237653807577,0.0
0.95175,-1.3039835868819014,0.027409952953808676,0.30427163596327556,0.0
0.952,-1.3041478523969139,0.02713691204715689,0.30443015639279736,0.0
0.95225,-1.304311293045338,0.026865133086783583,0.304587936683983,0.0
0.9525,-1.3044739084845671,0.02659461768878266,0.3047449756971725,0.0
0.95275,-1.3046356983719951,0.026325367469248018,0.3049012722957145,0.0
0.953,-1.3047966623650158,0.026057384044273556,0.30505682534597534,0.0
0.95325,-1.3049568001210226,0.025790669029953174,0.30521163371734894,0.0
0.9535,-1.3051161112974095,0.02552522404238077,0.3053656962822664,0.0
0.95375,-1.3052745955515705,0.02526105069765025,0.30551901191620545,0.0
0.954,-1.305432252540899,0.024998150611855507,0.30567157949769985,0.0
0.95425,-1.3055890819227887,0.02473652540109044,0.30582339790835,0.0
0.9545,-1.3057450833546336,0.02447617668144895,0.30597446603283185,0.0
0.95475,-1.3059002564938273,0.02421710606902494,0.3061247827589071,0.0
0.955,-1.3060546009977636,0.02395931517991231,0.3062743469774325,0.0
0.95525,-1.3062081165238362,0.02370280563020495,0.3064231575823704,0.0
0.9555,-1.306360802729439,0.02344757903599677,0.3065712134707981,0.0
0.95575,-1.3065126592719656,0.023193637013381663,0.30671851354291757,0.0
0.956,-1.30666368580881,0.022940981178453532,0.3068650567020663,0.0
0.95625,-1.3068138819973658,0.022689613147306276,0.30701084185472594,0.0
0.9565,-1.3069632474950263,0.02243953453603379,0.3071558679105333,0.0
0.95675,-1.3071117819591858,0.02219074696072998,0.3073001337822898,0.0
0.957,-1.307259485047238,0.021943252037488745,0.3074436383859729,0.0
0.95725,-1.3074063564165765,0.021697051382403975,0.3075863806407435,0.0
0.9575,-1.3075523957245951,0.02145214661156958,0.30772835946895816,0.0
0.95775,-1.3076976026286875,0.021208539341079455,0.30786957379617896,0.0
0.958,-1.3078419767862477,0.0209662311870275,0.3080100225511837,0.0
0.95825,-1.3079855178546689,0.020725223765507617,0.3081497046659747,0.0
0.9585,-1.308128225491345,0.0204855186926137,0.3082886190757912,0.0
0.95875,-1.3082700993536704,0.020247117584439655,0.308426764719119,0.0
0.959,-1.3084111390990385,0.020010022057079378,0.30856414053769954,0.0
0.95925,-1.3085513443848427,0.019774233726626764,0.30870074547654114,0.0
0.9595,-1.308690714868477,0.019539754209175718,0.30883657848392976,0.0
0.95975,-1.308829250207335,0.019306585120820136,0.3089716385114394,0.0
0.96,-1.308966950058811,0.019074728077653924,0.3091059245139418,0.0
0.96025,-1.3091038140802982,0.018844184695770975,0.3092394354496171,0.0
0.9605,-1.3092398419291902,0.018614956591265185,0.309372170279965,0.0
0.96075,-1.3093750332628815,0.018387045380230463,0.3095041279698154,0.0
0.961,-1.3095093877387651,0.018160452678760704,0.3096353074873375,0.0
0.96125,-1.309642905014235,0.01793518010294981,0.3097657078040523,0.0
0.9615,-1.3097755847466852,0.017711229268891675,0.3098953278948422,0.0
0.96175,-1.3099074265935091,0.0174886017926802,0.3100241667379622,0.0
0.962,-1.3100384302121006,0.01726729929040928,0.31015222331505043,0.0
0.96225,-1.3101685952598534,0.017047323378172823,0.3102794966111382,0.0
0.9625,-1.3102979213941617,0.016828675672064725,0.3104059856146628,0.0
0.96275,-1.3104264082724184,0.016611357788178887,0.3105316893174761,0.0
0.963,-1.3105540555520179,0.016395371342609204,0.31065660671485706,0.0
0.96325,-1.3106808628903537,0.016180717951449576,0.31078073680552176,0.0
0.9635,-1.3108068299448195,0.015967399230793905,0.3109040785916346,0.0
0.96375,-1.3109319563728092,0.01575541679673609,0.31102663107881967,0.0
0.964,-1.3110562418317167,0.015544772265370032,0.31114839327617183,0.0
0.96425,-1.3111796859789353,0.015335467252789624,0.3112693641962665,0.0
0.9645,-1.3113022884718593,0.01512750337508877,0.3113895428551725,0.0
0.96475,-1.311424048967882,0.014920882248361368,0.31150892827246235,0.0
0.965,-1.311544967124397,0.014715605488701319,0.31162751947122347,0.0
0.96525,-1.3116650425987986,0.014511674712202518,0.31174531547806983,0.0
0.9655,-1.3117842750484803,0.014309091534958865,0.31186231532315256,0.0
0.96575,-1.3119026641308358,0.014107857573064264,0.3119785180401722,0.0
0.966,-1.3120202095032591,0.013907974442612612,0.31209392266638925,0.0
0.96625,-1.3121369108231435,0.013709443759697806,0.312208528242635,0.0
0.9665,-1.312252767747883,0.013512267140413745,0.3123223338133254,0.0
0.96675,-1.3123677799348714,0.013316446200854329,0.3124353384264702,0.0
0.967,-1.3124819470415026,0.01312198255711346,0.3125475411336851,0.0
0.96725,-1.3125952687251699,0.012928877825285037,0.3126589409902034,0.0
0.9675,-1.3127077446432673,0.012737133621462955,0.31276953705488797,0.0
0.96775,-1.3128193744531886,0.012546751561741114,0.31287932839024224,0.0
0.968,-1.3129301578123276,0.012357733262213417,0.3129883140624228,0.0
0.96825,-1.3130400943780778,0.012170080338973759,0.3130964931412499,0.0
0.9685,-1.313149183807833,0.011983794408116042,0.3132038647002202,0.0
0.96875,-1.3132574257589873,0.011798877085734162,0.3133104278165184,0.0
0.969,-1.313364819888934,0.011615329987922023,0.31341618157102835,0.0
0.96925,-1.3134713658550674,0.011433154730773519,0.3135211250483465,0.0
0.9695,-1.3135770633147805,0.01125235293038255,0.3136252573367919,0.0
0.96975,-1.3136819119254675,0.011072926202843019,0.31372857752841976,0.0
0.97,-1.3137859113445223,0.01089487616424882,0.3138310847190331,0.0
0.97025,-1.3138890612293386,0.010718204430693858,0.3139327780081942,0.0
0.9705,-1.3139913612373095,0.010542912618272025,0.31403365649923676,0.0
0.97075,-1.3140928110258296,0.010369002343077227,0.31413371929927947,0.0
0.971,-1.314193410252292,0.010196475221203358,0.3142329655192362,0.0
0.97125,-1.314293158574091,0.01002533286874432,0.31433139427382994,0.0
0.9715,-1.3143920556486202,0.009855576901794009,0.31442900468160406,0.0
0.97175,-1.314490101133273,0.00968720893644633,0.314525795864935,0.0
0.972,-1.3145872946854436,0.009520230588795173,0.3146217669500446,0.0
0.97225,-1.3146836359625254,0.009354643474934445,0.3147169170670121,0.0
0.9725,-1.3147791246219123,0.009190449210958039,0.3148112453497882,0.0
0.97275,-1.3148737603209981,0.00902764941295986,0.31490475093620574,0.0
0.973,-1.3149675427171768,0.008866245697033804,0.31499743296799254,0.0
0.97325,-1.3150604714678413,0.00870623967927377,0.31508929059078494,0.0
0.9735,-1.3151525462303861,0.008547632975773656,0.3151803229541401,0.0
0.97375,-1.315243766662205,0.008390427202627362,0.31527052921154874,0.0
0.974,-1.3153341324206913,0.008234623975928786,0.3153599085204466,0.0
0.97425,-1.315423643163239,0.008080224911771829,0.3154484600422294,0.0
0.9745,-1.3155122985472416,0.007927231626250388,0.3155361829422645,0.0
0.97475,-1.3156000982300933,0.0077756457354583655,0.3156230763899037,0.0
0.975,-1.3156870418691877,0.0076254688554896555,0.3157091395584968,0.0
0.97525,-1.3157731291219181,0.00747670260243816,0.315794371625403,0.0
0.9755,-1.3158583596456788,0.007329348592397776,0.31587877177200685,0.0
0.97575,-1.3159427330978632,0.0071834084414624045,0.31596233918372874,0.0
0.976,-1.3160262491358656,0.007038883765725944,0.31604507305003926,0.0
0.97625,-1.316108907417079,0.0068957761812822906,0.3161269725644711,0.0
0.9765,-1.3161907075988977,0.006754087304225347,0.3162080369246345,0.0
0.97675,-1.3162716493387152,0.0066138187506490104,0.316288265332229,0.0
0.977,-1.316351732293925,0.0064749721366471795,0.316367656993056,0.0
0.97725,-1.3164309561219216,0.006337549078313754,0.31644621111703497,0.0
0.9775,-1.316509320480098,0.006201551191742632,0.3165239269182134,0.0
0.97775,-1.3165868250258486,0.006066980093027712,0.3166008036147834,0.0
0.978,-1.3166634694165662,0.005933837398262894,0.3166768404290925,0.0
0.97825,-1.3167392533096458,0.005802124723542076,0.3167520365876604,0.0
0.9785,-1.31681417636248,0.005671843684959158,0.3168263913211884,0.0
0.97875,-1.3168882382324636,0.005542995898608037,0.31689990386457767,0.0
0.979,-1.3169614385769894,0.005415582980582613,0.3169725734569391,0.0
0.97925,-1.3170337770534517,0.005289606546976784,0.31704439934161033,0.0
0.9795,-1.3171052533192442,0.00516506821388445,0.31711538076616685,0.0
0.97975,-1.3171758670317606,0.005041969597399509,0.3171855169824376,0.0
0.98,-1.3172456178483944,0.004920312313615859,0.3172548072465182,0.0
0.98025,-1.3173145054265398,0.0048000979786274,0.31732325081878576,0.0
0.9805,-1.3173825294235901,0.004681328208528031,0.3173908469639115,0.0
0.98075,-1.3174496894969394,0.0045640046194116496,0.31745759495087666,0.0
0.981,-1.3175159853039813,0.004448128827372155,0.31752349405298474,0.0
0.98125,-1.3175814165021094,0.004333702448503446,0.3175885435478776,0.0
0.9815,-1.3176459827487177,0.004220727098899422,0.3176527427175482,0.0
0.98175,-1.3177096837012,0.0041092043946539805,0.3177160908483563,0.0
0.982,-1.3177725190169496,0.003999135951861021,0.317778587231041,0.0
0.98225,-1.3178344883533608,0.0038905233866144413,0.31784023116073756,0.0
0.9825,-1.317895591367827,0.003783368315008141,0.31790102193698955,0.0
0.98275,-1.3179558277177421,0.0036776723531360194,0.3179609588637653,0.0
0.983,-1.3180151970604999,0.0035734371170919738,0.31802004124947136,0.0
0.98325,-1.3180736990534938,0.003470664222969903,0.3180782684069672,0.0
0.9835,-1.3181313333541183,0.0033693552868637065,0.3181356396535808,0.0
0.98375,-1.3181880996197664,0.0032695119248672827,0.31819215431112235,0.0
0.984,-1.3182439975078322,0.0031711357530745297,0.3182478117059,0.0
0.98425,-1.318299026675709,0.0030742283875793463,0.3183026111687335,0.0
0.9845,-1.3183531867807914,0.0029787914444756314,0.3183565520349714,0.0
0.98475,-1.3184064774804722,0.0028848265398572835,0.3184096336445028,0.0
0.985,-1.318458898432146,0.0027923352898182006,0.3184618553417762,0.0
0.98525,-1.318510449293206,0.0027013193104522826,0.3185132164758111,0.0
0.9855,-1.3185611297210462,0.0026117802178534273,0.3185637164002155,0.0
0.98575,-1.3186109393730603,0.0025237196281155333,0.3186133544732004,0.0
0.986,-1.3186598779066419,0.002437139157332499,0.31866213005759425,0.0
0.98625,-1.318707944979185,0.0023520404215982235,0.31871004252086066,0.0
0.9865,-1.318755140248083,0.0022684250370066045,0.31875709123511053,0.0
0.98675,-1.3188014633707301,0.0021862946196515415,0.31880327557712085,0.0
0.987,-1.3188469140045198,0.002105650785626932,0.3188485949283475,0.0
0.98725,-1.3188914918068457,0.0020264951510266757,0.3188930486749424,0.0
0.9875,-1.318935196435102,0.00194882933194467,0.31893663620776946,0.0
0.98775,-1.3189780275466818,0.001872654944474814,0.3189793569224184,0.0
0.988,-1.3190199847989796,0.0017979736047110061,0.3190212102192229,0.0
0.98825,-1.3190610678493884,0.0017247869287471448,0.3190621955032742,0.0
0.9885,-1.3191012763553025,0.0016530965326771285,0.31910231218443963,0.0
0.98875,-1.3191406099741156,0.0015829040325948556,0.31914155967737523,0.0
0.989,-1.3191790683632214,0.0015142110445942247,0.31917993740154516,0.0
0.98925,-1.3192166511800134,0.0014470191847691344,0.3192174447812348,0.0
0.9895,-1.3192533580818855,0.0013813300692134829,0.31925408124556953,0.0
0.98975,-1.3192891887262315,0.0013171453140211685,0.3192898462285292,0.0
0.99,-1.3193241427704452,0.0012544665352860898,0.3193247391689653,0.0
0.99025,-1.3193582198719203,0.0011932953491021452,0.31935875951061643,0.0
0.9905,-1.3193914196880505,0.0011336333715632333,0.3193919067021256,0.0
0.99075,-1.3194237418762298,0.0010754822187632519,0.31942418019705654,0.0
0.991,-1.3194551860938513,0.0010188435067961,0.3194555794539091,0.0
0.99125,-1.3194857519983094,0.0009637188517556754,0.3194861039361383,0.0
0.9915,-1.3195154392469974,0.0009101098697358772,0.31951575311216796,0.0
0.99175,-1.3195442474973098,0.000858018176830603,0.3195445264554104,0.0
0.992,-1.3195721764066393,0.0008074453891337514,0.3195724234442803,0.0
0.99225,-1.3195992256323805,0.0007583931227392207,0.3195994435622149,0.0
0.9925,-1.3196253948319265,0.0007108629937409095,0.3196255862976869,0.0
0.99275,-1.3196506836626718,0.0006648566182327157,0.319650851144226,0.0
0.993,-1.3196750917820097,0.0006203756123085378,0.3196752376004317,0.0
0.99325,-1.3196986188473339,0.0005774215920622742,0.3196987451699935,0.0
0.9935,-1.319721264516038,0.0005359961735878229,0.3197213733617066,0.0
0.99375,-1.3197430284455163,0.0004961009729790825,0.31974312168948926,0.0
0.994,-1.3197639102931622,0.0004577376063299509,0.3197639896724014,0.0
0.99425,-1.3197839097163695,0.0004209076897343266,0.31978397683465976,0.0
0.9945,-1.3198030263725316,0.0003856128392861077,0.3198030827056568,0.0
0.99475,-1.3198212599190429,0.0003518546710791925,0.3198213068199798,0.0
0.995,-1.3198386100132968,0.0003196348012074792,0.31983864871742473,0.0
0.99525,-1.319855076312687,0.0002889548457648659,0.3198551079430165,0.0
0.9955,-1.3198706584746076,0.00025981642084525096,0.3198706840470269,0.0
0.99575,-1.3198853561564516,0.00023222114254253253,0.3198853765849905,0.0
0.996,-1.3198991690156137,0.00020617062695060874,0.3198991851177251,0.0
0.99625,-1.319912096709487,0.0001816664901633777,0.3199121092113475,0.0
0.9965,-1.3199241388954654,0.00015871034827473764,0.3199241484372921,0.0
0.99675,-1.3199352952309429,0.0001373038173785867,0.31993530237233014,0.0
0.997,-1.319945565373313,0.000117448513568823,0.3199455705985865,0.0
0.99725,-1.3199549489799693,9.914605293934464e-05,0.31995495270355856,0.0
0.9975,-1.3199634457083058,8.239805158404977e-05,0.31996344828013434,0.0
0.99775,-1.3199710552157162,6.720612559683645e-05,0.319971056926611,0.0
0.998,-1.3199777771595946,5.357189107160281e-05,0.31997777824671436,0.0
0.99825,-1.3199836111973342,4.1496964102246886e-05,0.3199836118496142,0.0
0.9985,-1.3199885569863288,3.098296078266678e-05,0.319988557349947,0.0
0.99875,-1.3199926141839726,2.2031497206760535e-05,0.3199926143678322,0.0
0.999,-1.3199957824476587,1.4644189468426197e-05,0.3199957825288908,0.0
0.99925,-1.3199980614347813,8.82265366156181e-06,0.3199980614642659,0.0
0.9995,-1.3199994508027342,4.568505880065385e-06,0.3199994508106401,0.0
0.99975,-1.3199999502089108,1.883362217834943e-06,0.3199999502102544,0.0
