r0x,r0y,rTx,rTy,v0x,v0y,vTx,vTy,method,side_gap,K_used,cost,winding,min_distance,eps_scale,strict,regime_scp,width_slopes,dual_shares,dua_res,osqp_status,flag,id
1.5,0.0,-4.0,0.05,0.0,0.0,0.0,0.0,solved,0.006809295266889948,200,0.30899481608311313,0,1.0000000171759045,1.0,True,1,0.56,0.57,5.29906204805774e-15,solved,,L1_00000
1.5,0.0,-4.0,0.16666666666666666,0.0,0.0,0.0,0.0,solved,0.022805067029052384,200,0.301351951204754,0,0.9995870741523495,1.0,True,1,0.51,0.35,1.1318026383877466e-05,solved,,L1_00001
1.5,0.0,-4.0,0.3333333333333333,0.0,0.0,0.0,0.0,solved,0.04571597771571567,200,0.2914105514021733,0,0.9997992112105728,1.0,True,1,0.55,0.43,5.158823243700539e-06,solved,,L1_00002
1.5,0.0,-4.0,0.5,0.0,0.0,0.0,0.0,solved,0.06858401171692069,200,0.2823290104601168,0,0.9995894008915203,1.0,True,1,0.50,0.32,3.330402380097297e-06,solved,,L1_00003
1.5,0.0,-4.0,0.6666666666666666,0.0,0.0,0.0,0.0,solved,0.09144278233009934,200,0.27426703582076334,0,0.9997787092828359,1.0,True,1,0.54,0.42,9.288440366937881e-06,solved,,L1_00004
1.5,0.0,-4.0,0.8333333333333333,0.0,0.0,0.0,0.0,solved,0.11435624628037339,200,0.26704507601619715,0,0.9995730298142758,1.0,True,1,0.53,0.38,1.046368669377351e-05,solved,,L1_00005
1.5,0.0,-4.0,1.0,0.0,0.0,0.0,0.0,solved,0.13729430517968577,200,0.2608089340180602,0,0.999764794554037,1.0,True,1,0.52,0.47,5.320932345475801e-05,solved,,L1_00006
1.5,0.0,-4.0,1.1666666666666665,0.0,0.0,0.0,0.0,solved,0.1603104153503414,200,0.2554312492796088,0,0.9997036317589808,1.0,True,1,0.58,0.41,0.0001052859446062353,solved,,L1_00007
1.5,0.0,-4.0,1.3333333333333333,0.0,0.0,0.0,0.0,solved,0.18343057276052005,200,0.2508832204367679,0,0.9995292143583663,1.0,True,1,0.53,0.33,5.550056356051769e-06,solved,,L1_00008
1.5,0.0,-4.0,1.5,0.0,0.0,0.0,0.0,solved,0.2064923878780598,200,0.24730499630201352,0,1.0000000587844415,1.0,True,1,0.53,0.75,3.964483458176532e-15,solved,,L1_00009
1.5,0.0,-4.0,1.6666666666666665,0.0,0.0,0.0,0.0,solved,0.22972155469837507,200,0.24444280726156475,0,0.9997083703256947,1.0,True,1,0.55,0.41,1.8106623003166789e-06,solved,,L1_00010
1.5,0.0,-4.0,1.8333333333333333,0.0,0.0,0.0,0.0,solved,0.25304597637577064,200,0.2424483042035381,0,0.9998417556083968,1.0,True,1,0.55,0.67,2.358498017947577e-05,solved,,L1_00011
1.5,0.0,-4.0,2.0,0.0,0.0,0.0,0.0,solved,0.27640945302585496,200,0.24114660418718123,0,0.9994973805999524,1.0,True,1,0.52,0.32,1.4000981735790008e-06,solved,,L1_00012
1.5,0.0,-4.0,2.1666666666666665,0.0,0.0,0.0,0.0,solved,0.29990178011995333,200,0.24071103904390095,0,0.9996678619163224,1.0,True,1,0.54,0.44,2.074385478969404e-06,solved,,L1_00013
1.5,0.0,-4.0,2.333333333333333,0.0,0.0,0.0,0.0,solved,0.32337550406531046,200,0.2409940781352309,0,0.9996741594631263,1.0,True,1,0.55,0.40,1.009462662792359e-06,solved,,L1_00014
1.5,0.0,-4.0,2.5,0.0,0.0,0.0,0.0,solved,0.3470177602436673,200,0.241984842845623,0,0.9996454083996412,1.0,True,1,0.54,0.43,3.452006572151141e-06,solved,,L1_00015
1.5,0.0,-4.0,2.6666666666666665,0.0,0.0,0.0,0.0,solved,0.3708509415197605,200,0.243644042649821,0,0.9994050665678648,1.0,True,1,0.52,0.34,2.840837858647527e-06,solved,,L1_00016
1.5,0.0,-4.0,2.833333333333333,0.0,0.0,0.0,0.0,solved,0.3947049877117753,200,0.24608862165937817,0,1.000000532698841,1.0,True,1,0.60,0.93,7.928966916353063e-15,solved,,L1_00017
1.5,0.0,-4.0,3.0,0.0,0.0,0.0,0.0,solved,0.4188224901118895,200,0.24909523079839074,0,0.9996034078964791,1.0,True,1,0.54,0.42,5.727178690739798e-07,solved,,L1_00018
1.5,0.0,-4.0,3.1666666666666665,0.0,0.0,0.0,0.0,solved,0.4429372059178865,200,0.2527928280045086,0,0.9997655004619053,1.0,True,1,0.55,0.69,1.6260934907474933e-06,solved,,L1_00019
1.5,0.0,-4.0,3.333333333333333,0.0,0.0,0.0,0.0,solved,0.46719661277314317,200,0.25710678643243523,0,1.0000002881431775,1.0,True,1,0.57,0.69,7.104668375544081e-15,solved,,L1_00020
1.5,0.0,-4.0,3.5,0.0,0.0,0.0,0.0,solved,0.4916228293232483,200,0.26199944790299723,0,0.9995668882285381,1.0,True,1,0.52,0.44,1.8558697605364216e-06,solved,,L1_00021
1.5,0.0,-4.0,3.6666666666666665,0.0,0.0,0.0,0.0,solved,0.5161259888029791,200,0.2675459679785316,0,1.000000833008166,1.0,True,1,0.56,1.00,1.7763568394002505e-15,solved,,L1_00022
1.5,0.0,-4.0,3.833333333333333,0.0,0.0,0.0,0.0,solved,0.5409319609522261,200,0.2736263571837928,0,0.9998629083421614,1.0,True,1,0.57,0.58,3.598751099342934e-07,solved,,L1_00023
1.5,0.0,-4.0,4.0,0.0,0.0,0.0,0.0,solved,0.565762842583903,200,0.28028607119878757,0,0.9998668435505421,1.0,True,1,0.57,0.54,1.037808824000911e-05,solved,,L1_00024
1.5,0.0,-3.8333333333333335,0.05,0.0,0.0,0.0,0.0,solved,0.006909010657272341,200,0.2947217012407052,0,0.9994695382167089,1.0,True,1,0.51,0.30,1.082875416025253e-05,solved,,L1_00025
1.5,0.0,-3.8333333333333335,0.16666666666666666,0.0,0.0,0.0,0.0,solved,0.023013809275761576,200,0.2871645157818853,0,0.9997216639526394,1.0,True,1,0.52,0.31,5.357389896104689e-07,solved,,L1_00026
1.5,0.0,-3.8333333333333335,0.3333333333333333,0.0,0.0,0.0,0.0,solved,0.04606474810341321,200,0.27711244051412953,0,0.9995830578965086,1.0,True,1,0.51,0.39,8.661625911621229e-06,solved,,L1_00027
1.5,0.0,-3.8333333333333335,0.5,0.0,0.0,0.0,0.0,solved,0.06902215636553116,200,0.26807889973331706,0,0.9997746655224214,1.0,True,1,0.56,0.48,5.189548469042293e-05,solved,,L1_00028
1.5,0.0,-3.8333333333333335,0.6666666666666666,0.0,0.0,0.0,0.0,solved,0.09216182743388807,200,0.2599022809810224,0,0.9993542354047003,1.0,True,1,0.50,0.28,1.191300379723749e-05,solved,,L1_00029
1.5,0.0,-3.8333333333333335,0.8333333333333333,0.0,0.0,0.0,0.0,solved,0.1152086017248164,200,0.2527932266507398,0,0.9996220175142669,1.0,True,1,0.54,0.32,2.7899848338286404e-06,solved,,L1_00030
1.5,0.0,-3.8333333333333335,1.0,0.0,0.0,0.0,0.0,solved,0.1383084057478252,200,0.24659487569910954,0,0.9997521113794234,1.0,True,1,0.54,0.44,3.6716012876960792e-06,solved,,L1_00031
1.5,0.0,-3.8333333333333335,1.1666666666666665,0.0,0.0,0.0,0.0,solved,0.16147554089493077,200,0.24128455547255123,0,0.9997510755531999,1.0,True,1,0.55,0.43,5.458341730587257e-06,solved,,L1_00032
1.5,0.0,-3.8333333333333335,1.3333333333333333,0.0,0.0,0.0,0.0,solved,0.1847445944481267,200,0.23681647563990288,0,0.9995561405627116,1.0,True,1,0.52,0.34,9.147681955867792e-06,solved,,L1_00033
1.5,0.0,-3.8333333333333335,1.5,0.0,0.0,0.0,0.0,solved,0.20785375275843412,200,0.23332880129078445,0,1.000000919088444,1.0,True,1,0.52,0.70,1.7763568394002505e-15,solved,,L1_00034
1.5,0.0,-3.8333333333333335,1.6666666666666665,0.0,0.0,0.0,0.0,solved,0.23124502073540076,200,0.23058073420621117,0,0.9997191542758141,1.0,True,1,0.53,0.42,1.38414567285583e-06,solved,,L1_00035
1.5,0.0,-3.8333333333333335,1.8333333333333333,0.0,0.0,0.0,0.0,solved,0.25473275725935174,200,0.22868522480217623,0,0.9997059098177549,1.0,True,1,0.57,0.42,2.9502373418699435e-06,solved,,L1_00036
1.5,0.0,-3.8333333333333335,2.0,0.0,0.0,0.0,0.0,solved,0.27827969541583764,200,0.22755111873886114,0,0.9994969819459409,1.0,True,1,0.52,0.45,0.00023081592421297687,solved,,L1_00037
1.5,0.0,-3.8333333333333335,2.1666666666666665,0.0,0.0,0.0,0.0,solved,0.30184085652138337,200,0.22722821967632237,0,0.9994911848767417,1.0,True,1,0.54,0.31,7.2350392374886644e-06,solved,,L1_00038
1.5,0.0,-3.8333333333333335,2.333333333333333,0.0,0.0,0.0,0.0,solved,0.3255132074923981,200,0.22768492037117716,0,0.9996678469185466,1.0,True,1,0.54,0.44,3.688863348033644e-06,solved,,L1_00039
1.5,0.0,-3.8333333333333335,2.5,0.0,0.0,0.0,0.0,solved,0.3492756550363723,200,0.22884438543576985,0,0.9996518533410395,1.0,True,1,0.55,0.42,1.1276051685164994e-06,solved,,L1_00040
1.5,0.0,-3.8333333333333335,2.6666666666666665,0.0,0.0,0.0,0.0,solved,0.3731841897556024,200,0.2307059737863947,0,0.9996512567992125,1.0,True,1,0.54,0.42,5.119925173113073e-06,solved,,L1_00041
1.5,0.0,-3.8333333333333335,2.833333333333333,0.0,0.0,0.0,0.0,solved,0.3972377793369142,200,0.23326656257865766,0,0.9998677999934484,1.0,True,1,0.55,0.59,2.0573962919434585e-06,solved,,L1_00042
1.5,0.0,-3.8333333333333335,3.0,0.0,0.0,0.0,0.0,solved,0.42131379167284844,200,0.236474257387568,0,1.0000000065678456,1.0,True,1,0.59,0.59,1.7763568394002505e-15,solved,,L1_00043
1.5,0.0,-3.8333333333333335,3.1666666666666665,0.0,0.0,0.0,0.0,solved,0.4455807009190764,200,0.24029950406524914,0,0.9996019341724122,1.0,True,1,0.54,0.43,2.3644064438885048e-07,solved,,L1_00044
1.5,0.0,-3.8333333333333335,3.333333333333333,0.0,0.0,0.0,0.0,solved,0.4700088878195539,200,0.24478143178309036,0,0.9995845158280553,1.0,True,1,0.55,0.45,2.5370557754644807e-07,solved,,L1_00045
1.5,0.0,-3.8333333333333335,3.5,0.0,0.0,0.0,0.0,solved,0.4945739766797374,200,0.24988376933259487,0,0.9998054312648749,1.0,True,1,0.54,0.64,1.748074974970026e-06,solved,,L1_00046
1.5,0.0,-3.8333333333333335,3.6666666666666665,0.0,0.0,0.0,0.0,solved,0.5192258657742301,200,0.2555678897190005,0,1.0000000339603718,1.0,True,1,0.57,0.55,1.9626155733547185e-15,solved,,L1_00047
1.5,0.0,-3.8333333333333335,3.833333333333333,0.0,0.0,0.0,0.0,solved,0.5439844393931208,200,0.2618126402661096,0,0.9995478621819677,1.0,True,1,0.53,0.45,2.4682230537198535e-06,solved,,L1_00048
1.5,0.0,-3.8333333333333335,4.0,0.0,0.0,0.0,0.0,solved,0.5689173984865732,200,0.26864220478930656,0,0.9995134872022075,1.0,True,1,0.56,0.42,9.285914750467583e-07,solved,,L1_00049
1.5,0.0,-3.6666666666666665,0.05,0.0,0.0,0.0,0.0,solved,0.0070020317416558675,200,0.28098259478248344,0,0.9995093074414184,1.0,True,1,0.54,0.28,1.9983560693382675e-05,solved,,L1_00050
1.5,0.0,-3.6666666666666665,0.16666666666666666,0.0,0.0,0.0,0.0,solved,0.023266726541268712,200,0.27331522557564447,0,0.999485260932441,1.0,True,1,0.50,0.29,9.931535618346032e-06,solved,,L1_00051
1.5,0.0,-3.6666666666666665,0.3333333333333333,0.0,0.0,0.0,0.0,solved,0.046397686688882,200,0.263264686378713,0,0.9996905517267687,1.0,True,1,0.52,0.34,1.0037000651053063e-05,solved,,L1_00052
1.5,0.0,-3.6666666666666665,0.5,0.0,0.0,0.0,0.0,solved,0.06960167970596653,200,0.25420417752541036,0,0.9998283080177509,1.0,True,1,0.56,0.43,1.984818249077476e-05,solved,,L1_00053
1.5,0.0,-3.6666666666666665,0.6666666666666666,0.0,0.0,0.0,0.0,solved,0.09294121183629167,200,0.24605049130411272,0,0.999600107646983,1.0,True,1,0.51,0.34,8.704350054955512e-06,solved,,L1_00054
1.5,0.0,-3.6666666666666665,0.8333333333333333,0.0,0.0,0.0,0.0,solved,0.1161015936255212,200,0.23893538136871462,0,0.999773547880892,1.0,True,1,0.55,0.46,3.353722451526764e-06,solved,,L1_00055
1.5,0.0,-3.6666666666666665,1.0,0.0,0.0,0.0,0.0,solved,0.1394746581379942,200,0.2327620225411794,0,0.9997730465652227,1.0,True,1,0.54,0.42,2.6787794248099477e-06,solved,,L1_00056
1.5,0.0,-3.6666666666666665,1.1666666666666665,0.0,0.0,0.0,0.0,solved,0.16281225700958765,200,0.2274967389313375,0,0.9997451358623937,1.0,True,1,0.53,0.45,4.6425954495419935e-05,solved,,L1_00057
1.5,0.0,-3.6666666666666665,1.3333333333333333,0.0,0.0,0.0,0.0,solved,0.1862308512398673,200,0.22312543661222636,0,0.9996034514514238,1.0,True,1,0.53,0.32,2.7113739833328765e-06,solved,,L1_00058
1.5,0.0,-3.6666666666666665,1.5,0.0,0.0,0.0,0.0,solved,0.20960770862424952,200,0.21973346004885982,0,1.0000000178954846,1.0,True,1,0.52,0.78,5.102800490722268e-15,solved,,L1_00059
1.5,0.0,-3.6666666666666665,1.6666666666666665,0.0,0.0,0.0,0.0,solved,0.23306333514344058,200,0.21710593382788446,0,0.9997629063809119,1.0,True,1,0.54,0.41,2.4757328436245874e-06,solved,,L1_00060
1.5,0.0,-3.6666666666666665,1.8333333333333333,0.0,0.0,0.0,0.0,solved,0.2566947946097594,200,0.2153407936663013,0,0.9997123365390561,1.0,True,1,0.57,0.43,2.622822898004815e-06,solved,,L1_00061
1.5,0.0,-3.6666666666666665,2.0,0.0,0.0,0.0,0.0,solved,0.2802458330977815,200,0.21440379682158947,0,0.9998213946578641,1.0,True,1,0.56,0.67,3.617749912157575e-06,solved,,L1_00062
1.5,0.0,-3.6666666666666665,2.1666666666666665,0.0,0.0,0.0,0.0,solved,0.30403104823773297,200,0.21424068088782755,0,1.000000577179251,1.0,True,1,0.55,0.76,1.4287841374022352e-14,solved,,L1_00063
1.5,0.0,-3.6666666666666665,2.333333333333333,0.0,0.0,0.0,0.0,solved,0.32791936681571254,200,0.21476648120169384,0,0.9994949117966703,1.0,True,1,0.54,0.31,1.0537811357850685e-06,solved,,L1_00064
1.5,0.0,-3.6666666666666665,2.5,0.0,0.0,0.0,0.0,solved,0.35179550315590474,200,0.21611173348165863,0,0.9996726208555027,1.0,True,1,0.54,0.45,3.394286919117251e-06,solved,,L1_00065
1.5,0.0,-3.6666666666666665,2.6666666666666665,0.0,0.0,0.0,0.0,solved,0.3758039834833308,200,0.21814352762263178,0,0.9996419548408311,1.0,True,1,0.56,0.42,5.801652158012434e-06,solved,,L1_00066
1.5,0.0,-3.6666666666666665,2.833333333333333,0.0,0.0,0.0,0.0,solved,0.39992523165825045,200,0.2208618641833826,0,0.9996348760488869,1.0,True,1,0.54,0.85,8.184959019885696e-06,solved,,L1_00067
1.5,0.0,-3.6666666666666665,3.0,0.0,0.0,0.0,0.0,solved,0.4241928693167102,200,0.2242392511955743,0,0.9995805247859268,1.0,True,1,0.53,0.42,1.3641436225838223e-05,solved,,L1_00068
1.5,0.0,-3.6666666666666665,3.1666666666666665,0.0,0.0,0.0,0.0,solved,0.4485380756760331,200,0.2282859406522828,0,0.9998802947583713,1.0,True,1,0.55,0.59,1.7180013912598824e-06,solved,,L1_00069
1.5,0.0,-3.6666666666666665,3.333333333333333,0.0,0.0,0.0,0.0,solved,0.4731310530938375,200,0.2328985510252588,0,0.9993757538757426,1.0,True,1,0.50,0.31,7.381746733867208e-07,solved,,L1_00070
1.5,0.0,-3.6666666666666665,3.5,0.0,0.0,0.0,0.0,solved,0.4977496803286017,200,0.23819765850035912,0,0.9998327995751779,1.0,False,1,0.53,0.60,2.279815189409895e-06,solved,,L1_00071
1.5,0.0,-3.6666666666666665,3.6666666666666665,0.0,0.0,0.0,0.0,solved,0.5224465302211291,200,0.24404043828838376,0,0.9995649586200561,1.0,True,1,0.54,0.90,7.54060205643281e-06,solved,,L1_00072
1.5,0.0,-3.6666666666666665,3.833333333333333,0.0,0.0,0.0,0.0,solved,0.547400546367223,200,0.250482750713127,0,0.9997934934927929,1.0,True,1,0.56,0.66,9.904071875954656e-07,solved,,L1_00073
1.5,0.0,-3.6666666666666665,4.0,0.0,0.0,0.0,0.0,solved,0.5724501231281115,200,0.2574800819408437,0,1.0000000037270902,1.0,True,1,0.57,0.74,1.7763568394002505e-15,solved,,L1_00074
1.5,0.0,-3.5,0.05,0.0,0.0,0.0,0.0,solved,0.007089684095254567,200,0.26769656001800657,0,0.9997754008774511,1.0,True,1,0.50,0.33,4.441988226355775e-06,solved,,L1_00075
1.5,0.0,-3.5,0.16666666666666666,0.0,0.0,0.0,0.0,solved,0.023412040636717646,200,0.25995524311218166,0,0.9996658796482571,1.0,True,1,0.54,0.35,1.1683337961976292e-05,solved,,L1_00076
1.5,0.0,-3.5,0.3333333333333333,0.0,0.0,0.0,0.0,solved,0.04683428153609159,200,0.24985609824682908,0,1.0000006406474526,1.0,True,1,0.50,0.73,5.4168189824590235e-15,solved,,L1_00077
1.5,0.0,-3.5,0.5,0.0,0.0,0.0,0.0,solved,0.07027768298805237,200,0.24064720867516853,0,0.9996184892032713,1.0,True,1,0.53,0.37,1.0748154691238427e-05,solved,,L1_00078
1.5,0.0,-3.5,0.6666666666666666,0.0,0.0,0.0,0.0,solved,0.09376272176399611,200,0.23258974160250837,0,1.0000009304600193,1.0,True,1,0.56,0.56,4.3570065728474755e-15,solved,,L1_00079
1.5,0.0,-3.5,0.8333333333333333,0.0,0.0,0.0,0.0,solved,0.11727594209381242,200,0.2254384361339441,0,0.9998022919947269,1.0,True,1,0.53,0.42,5.855378583552451e-06,solved,,L1_00080
1.5,0.0,-3.5,1.0,0.0,0.0,0.0,0.0,solved,0.14082644663276317,200,0.2192524191520488,0,0.999578399788467,1.0,True,1,0.50,0.38,1.0483674768746454e-05,solved,,L1_00081
1.5,0.0,-3.5,1.1666666666666665,0.0,0.0,0.0,0.0,solved,0.16432083067547743,200,0.21406736902962992,0,0.999624109296479,1.0,True,1,0.54,0.34,9.469585834254168e-06,solved,,L1_00082
1.5,0.0,-3.5,1.3333333333333333,0.0,0.0,0.0,0.0,solved,0.1878230640467945,200,0.209869272770834,0,1.0000004470660553,1.0,True,1,0.54,0.69,1.7763568394002505e-15,solved,,L1_00083
1.5,0.0,-3.5,1.5,0.0,0.0,0.0,0.0,solved,0.21147242149410983,200,0.20648678685927957,0,0.9997546344116025,1.0,True,1,0.52,0.43,7.652612868177563e-06,solved,,L1_00084
1.5,0.0,-3.5,1.6666666666666665,0.0,0.0,0.0,0.0,solved,0.23511932158308685,200,0.20401412176124473,0,0.9997360576352791,1.0,True,1,0.55,0.42,2.1410064874327617e-06,solved,,L1_00085
1.5,0.0,-3.5,1.8333333333333333,0.0,0.0,0.0,0.0,solved,0.258858764677889,200,0.2023881972655996,0,0.9997222216750625,1.0,True,1,0.57,0.44,1.7469888694443748e-06,solved,,L1_00086
1.5,0.0,-3.5,2.0,0.0,0.0,0.0,0.0,solved,0.2826440142515162,200,0.20158043562819594,0,0.9997041770871656,1.0,True,1,0.57,0.42,2.02032576795963e-06,solved,,L1_00087
1.5,0.0,-3.5,2.1666666666666665,0.0,0.0,0.0,0.0,solved,0.30658670316302905,200,0.20156714168251008,0,0.9997111428004636,1.0,True,1,0.53,0.44,1.0575407098955969e-05,solved,,L1_00088
1.5,0.0,-3.5,2.333333333333333,0.0,0.0,0.0,0.0,solved,0.3305135171651137,200,0.20229062958285826,0,0.9994602496300562,1.0,True,1,0.51,0.39,4.8831559150142034e-06,solved,,L1_00089
1.5,0.0,-3.5,2.5,0.0,0.0,0.0,0.0,solved,0.3545545218059228,200,0.20378353315576264,0,0.9994654757805252,1.0,True,1,0.51,0.33,1.998975360628652e-06,solved,,L1_00090
1.5,0.0,-3.5,2.6666666666666665,0.0,0.0,0.0,0.0,solved,0.3786542861562036,200,0.2060373628911905,0,1.000000024485943,1.0,True,1,0.57,0.58,2.02149404055536e-15,solved,,L1_00091
1.5,0.0,-3.5,2.833333333333333,0.0,0.0,0.0,0.0,solved,0.4029411679367947,200,0.2089039148158156,0,0.9996368488309209,1.0,True,1,0.52,0.45,1.0188788986630703e-05,solved,,L1_00092
1.5,0.0,-3.5,3.0,0.0,0.0,0.0,0.0,solved,0.427368893201082,200,0.21247051561968927,0,0.9996333440409524,1.0,True,1,0.55,0.44,3.0097378216908943e-06,solved,,L1_00093
1.5,0.0,-3.5,3.1666666666666665,0.0,0.0,0.0,0.0,solved,0.4518063258745232,200,0.216679967800436,0,0.9996183195891445,1.0,True,1,0.55,0.43,9.676051287987875e-07,solved,,L1_00094
1.5,0.0,-3.5,3.333333333333333,0.0,0.0,0.0,0.0,solved,0.47646483972669595,200,0.22153677360989876,0,1.0000005820217157,1.0,True,1,0.58,1.00,1.7763568394002505e-15,solved,,L1_00095
1.5,0.0,-3.5,3.5,0.0,0.0,0.0,0.0,solved,0.5012550950281041,200,0.22696587212450453,0,0.9998300373748021,1.0,True,1,0.55,0.64,2.1515422191642486e-06,solved,,L1_00096
1.5,0.0,-3.5,3.6666666666666665,0.0,0.0,0.0,0.0,solved,0.5261217886546787,200,0.23299948770684753,0,1.0000000019594961,1.0,True,1,0.57,0.90,4.985043556320985e-15,solved,,L1_00097
1.5,0.0,-3.5,3.833333333333333,0.0,0.0,0.0,0.0,solved,0.5511522500223994,200,0.23960435545126202,0,0.999887546080096,1.0,True,1,0.57,0.55,9.098743041224822e-07,solved,,L1_00098
1.5,0.0,-3.5,4.0,0.0,0.0,0.0,0.0,solved,0.5763167585591727,200,0.24676471659083465,0,0.999546803618885,1.0,True,1,0.53,0.45,8.082293314615185e-07,solved,,L1_00099
1.5,0.0,-3.3333333333333335,0.05,0.0,0.0,0.0,0.0,solved,0.007113029001634852,200,0.2548078571782007,0,0.9998644544162514,1.0,True,1,0.51,0.44,1.2862337983039324e-06,solved,,L1_00100
1.5,0.0,-3.3333333333333335,0.16666666666666666,0.0,0.0,0.0,0.0,solved,0.0236067268704937,200,0.24699035442362827,0,0.9998571683882627,1.0,True,1,0.51,0.46,6.664280977730641e-06,solved,,L1_00101
1.5,0.0,-3.3333333333333335,0.3333333333333333,0.0,0.0,0.0,0.0,solved,0.04742518626236694,200,0.23666929801421396,0,0.9994927587294407,1.0,True,1,0.49,0.27,4.1662552194549616e-05,solved,,L1_00102
1.5,0.0,-3.3333333333333335,0.5,0.0,0.0,0.0,0.0,solved,0.07107329472237017,200,0.22754509968801623,0,0.9998130318791406,1.0,True,1,0.49,0.48,0.00012289034882462246,solved,,L1_00103
1.5,0.0,-3.3333333333333335,0.6666666666666666,0.0,0.0,0.0,0.0,solved,0.0948444412228894,200,0.21934640199266534,0,0.9994586168477355,1.0,True,1,0.52,0.28,7.778436423189206e-06,solved,,L1_00104
1.5,0.0,-3.3333333333333335,0.8333333333333333,0.0,0.0,0.0,0.0,solved,0.11846132080264166,200,0.21226436560391987,0,0.9995974873551832,1.0,True,1,0.52,0.35,8.884625047445027e-06,solved,,L1_00105
1.5,0.0,-3.3333333333333335,1.0,0.0,0.0,0.0,0.0,solved,0.14220010766904695,200,0.2061642911634044,0,0.9996837958124002,1.0,True,1,0.55,0.34,4.344282420576384e-06,solved,,L1_00106
1.5,0.0,-3.3333333333333335,1.1666666666666665,0.0,0.0,0.0,0.0,solved,0.16600824452007523,200,0.20106404545178203,0,0.9997986272292083,1.0,True,1,0.55,0.45,4.71446262362285e-06,solved,,L1_00107
1.5,0.0,-3.3333333333333335,1.3333333333333333,0.0,0.0,0.0,0.0,solved,0.18978845756373997,200,0.19690186756062866,0,0.999772885015799,1.0,True,1,0.54,0.52,6.036157940370046e-06,solved,,L1_00108
1.5,0.0,-3.3333333333333335,1.5,0.0,0.0,0.0,0.0,solved,0.21358431681172693,200,0.19365975480539102,0,0.9997615012773292,1.0,True,1,0.54,0.44,5.437137592434471e-06,solved,,L1_00109
1.5,0.0,-3.3333333333333335,1.6666666666666665,0.0,0.0,0.0,0.0,solved,0.2374484497799333,200,0.19131361957013915,0,0.9997471154653961,1.0,True,1,0.56,0.50,2.8706629131014516e-06,solved,,L1_00110
1.5,0.0,-3.3333333333333335,1.8333333333333333,0.0,0.0,0.0,0.0,solved,0.26128298166201247,200,0.18983139358950346,0,0.9997353117352438,1.0,True,1,0.58,0.43,1.1735081715258389e-06,solved,,L1_00111
1.5,0.0,-3.3333333333333335,2.0,0.0,0.0,0.0,0.0,solved,0.2852398777227609,200,0.18918188053852525,0,0.999724982985953,1.0,True,1,0.57,0.42,1.9870249617880142e-06,solved,,L1_00112
1.5,0.0,-3.3333333333333335,2.1666666666666665,0.0,0.0,0.0,0.0,solved,0.309331312728401,200,0.1893345601686297,0,0.9997078732993099,1.0,True,1,0.57,0.42,2.11971135195832e-06,solved,,L1_00113
1.5,0.0,-3.3333333333333335,2.333333333333333,0.0,0.0,0.0,0.0,solved,0.3333909610816235,200,0.1902741856658487,0,0.9998081727083842,1.0,True,1,0.56,0.69,1.1306152955798668e-06,solved,,L1_00114
1.5,0.0,-3.3333333333333335,2.5,0.0,0.0,0.0,0.0,solved,0.3575891070945302,200,0.19194666428747684,0,0.9998300859517608,1.0,True,1,0.55,0.65,1.351270285915307e-06,solved,,L1_00115
1.5,0.0,-3.3333333333333335,2.6666666666666665,0.0,0.0,0.0,0.0,solved,0.3818867099982985,200,0.19433651046699546,0,0.9998947376782986,1.0,True,1,0.53,0.61,1.0611219707357122e-06,solved,,L1_00116
1.5,0.0,-3.3333333333333335,2.833333333333333,0.0,0.0,0.0,0.0,solved,0.40631201587475235,200,0.19739505499149784,0,0.9996456742386622,1.0,True,1,0.57,0.45,2.9877247320619915e-07,solved,,L1_00117
1.5,0.0,-3.3333333333333335,3.0,0.0,0.0,0.0,0.0,solved,0.4308469567364942,200,0.20112735326545883,0,0.9994179777700476,1.0,True,1,0.52,0.35,2.169274317564973e-06,solved,,L1_00118
1.5,0.0,-3.3333333333333335,3.1666666666666665,0.0,0.0,0.0,0.0,solved,0.4554826175967165,200,0.20552299743795654,0,0.9994321437440499,1.0,True,1,0.52,0.34,7.530145944567579e-07,solved,,L1_00119
1.5,0.0,-3.3333333333333335,3.333333333333333,0.0,0.0,0.0,0.0,solved,0.48024180406638417,200,0.21057373083486933,0,0.9999588814158286,1.0,True,1,0.59,0.53,2.4691400207776937e-06,solved,,L1_00120
1.5,0.0,-3.3333333333333335,3.5,0.0,0.0,0.0,0.0,solved,0.5051258604330742,200,0.21619660419657055,0,0.9998477510715887,1.0,True,1,0.54,0.60,1.7573502098303004e-05,solved,,L1_00121
1.5,0.0,-3.3333333333333335,3.6666666666666665,0.0,0.0,0.0,0.0,solved,0.5301501471748391,200,0.22240037776330582,0,0.9995831650058974,1.0,True,1,0.55,0.60,3.6677227931436462e-06,solved,,L1_00122
1.5,0.0,-3.3333333333333335,3.833333333333333,0.0,0.0,0.0,0.0,solved,0.555297522204941,200,0.22918658539949785,0,0.999564134373838,1.0,True,1,0.54,0.45,8.740848621568986e-07,solved,,L1_00123
1.5,0.0,-3.3333333333333335,4.0,0.0,0.0,0.0,0.0,solved,0.5806274329197517,200,0.23653569899851656,0,0.9998731177623307,1.0,True,1,0.59,0.60,3.347127884808746e-07,solved,,L1_00124
1.5,0.0,-3.166666666666667,0.05,0.0,0.0,0.0,0.0,solved,0.007235109041091675,200,0.24221702274044032,0,0.9994925871462329,1.0,True,1,0.51,0.26,1.792145937829035e-05,solved,,L1_00125
1.5,0.0,-3.166666666666667,0.16666666666666666,0.0,0.0,0.0,0.0,solved,0.02393580294898945,200,0.2344187434092121,0,0.9998709621261573,1.0,True,1,0.50,0.58,3.852457745034954e-06,solved,,L1_00126
1.5,0.0,-3.166666666666667,0.3333333333333333,0.0,0.0,0.0,0.0,solved,0.04804180458866103,200,0.22400546665987947,0,0.9995652692523539,1.0,True,1,0.51,0.29,1.4051186888019984e-05,solved,,L1_00127
1.5,0.0,-3.166666666666667,0.5,0.0,0.0,0.0,0.0,solved,0.07197755632151615,200,0.21475412624519563,0,0.9995317157000032,1.0,True,1,0.50,0.28,1.1528253903048125e-05,solved,,L1_00128
1.5,0.0,-3.166666666666667,0.6666666666666666,0.0,0.0,0.0,0.0,solved,0.09594054935224489,200,0.20662044884938852,0,0.9997453241506062,1.0,True,1,0.49,0.40,9.507012184162278e-06,solved,,L1_00129
1.5,0.0,-3.166666666666667,0.8333333333333333,0.0,0.0,0.0,0.0,solved,0.11991648335716554,200,0.19953463865515708,0,0.9998354266853346,1.0,True,1,0.51,0.45,2.1169551021382738e-05,solved,,L1_00130
1.5,0.0,-3.166666666666667,1.0,0.0,0.0,0.0,0.0,solved,0.14391294382524608,200,0.1934693534706066,0,0.9998085232752434,1.0,True,1,0.53,0.42,2.18769937432306e-06,solved,,L1_00131
1.5,0.0,-3.166666666666667,1.1666666666666665,0.0,0.0,0.0,0.0,solved,0.1679808763834783,200,0.1883501644817615,0,0.9993834841386758,1.0,True,1,0.51,0.28,2.2706455695686856e-06,solved,,L1_00132
1.5,0.0,-3.166666666666667,1.3333333333333333,0.0,0.0,0.0,0.0,solved,0.19184544837477321,200,0.18433973545687835,0,0.9997826297950402,1.0,True,1,0.50,0.45,4.391515202928353e-06,solved,,L1_00133
1.5,0.0,-3.166666666666667,1.5,0.0,0.0,0.0,0.0,solved,0.21589477647767194,200,0.18121170626817154,0,0.9997871451182949,1.0,True,1,0.52,0.41,4.617160232563111e-06,solved,,L1_00134
1.5,0.0,-3.166666666666667,1.6666666666666665,0.0,0.0,0.0,0.0,solved,0.2399442907790515,200,0.1790014249762209,0,0.9997526004068724,1.0,True,1,0.56,0.43,4.262755022468178e-06,solved,,L1_00135
1.5,0.0,-3.166666666666667,1.8333333333333333,0.0,0.0,0.0,0.0,solved,0.26407899931715173,200,0.1776867396917714,0,0.9998537187683232,1.0,True,1,0.59,0.82,3.0106071453538872e-05,solved,,L1_00136
1.5,0.0,-3.166666666666667,2.0,0.0,0.0,0.0,0.0,solved,0.28820629173825596,200,0.17718716678985316,0,0.9997364669601906,1.0,True,1,0.59,0.41,3.034394350681079e-06,solved,,L1_00137
1.5,0.0,-3.166666666666667,2.1666666666666665,0.0,0.0,0.0,0.0,solved,0.3123937001180249,200,0.17751713812537273,0,0.9997199815462054,1.0,True,1,0.57,0.41,7.119999024668422e-07,solved,,L1_00138
1.5,0.0,-3.166666666666667,2.333333333333333,0.0,0.0,0.0,0.0,solved,0.33672803779023897,200,0.1786261062131107,0,0.9997052901604088,1.0,True,1,0.56,0.44,2.051802677288661e-06,solved,,L1_00139
1.5,0.0,-3.166666666666667,2.5,0.0,0.0,0.0,0.0,solved,0.3610478843234622,200,0.18048440854660758,0,0.9996866313549525,1.0,True,1,0.56,0.44,5.81699485929224e-06,solved,,L1_00140
1.5,0.0,-3.166666666666667,2.6666666666666665,0.0,0.0,0.0,0.0,solved,0.38552442389129354,200,0.18308893840286605,0,1.0000001294809167,1.0,True,1,0.55,1.00,1.7763568394002505e-15,solved,,L1_00141
1.5,0.0,-3.166666666666667,2.833333333333333,0.0,0.0,0.0,0.0,solved,0.41006968538747485,200,0.18633662076202134,0,0.9996616257220113,1.0,True,1,0.54,0.43,6.148577181286363e-07,solved,,L1_00142
1.5,0.0,-3.166666666666667,3.0,0.0,0.0,0.0,0.0,solved,0.4347318998202446,200,0.19028441478384697,0,0.9997591037057169,1.0,True,1,0.53,0.91,3.3174208743380618e-06,solved,,L1_00143
1.5,0.0,-3.166666666666667,3.1666666666666665,0.0,0.0,0.0,0.0,solved,0.4595447029267713,200,0.1948699757732938,0,0.9997497726452585,1.0,True,1,0.54,0.79,3.406184752686142e-05,solved,,L1_00144
1.5,0.0,-3.166666666666667,3.333333333333333,0.0,0.0,0.0,0.0,solved,0.4844425155383039,200,0.20008057407008323,0,0.9997986235555937,1.0,True,1,0.57,0.69,8.17567421096399e-07,solved,,L1_00145
1.5,0.0,-3.166666666666667,3.5,0.0,0.0,0.0,0.0,solved,0.509464947917105,200,0.2058937341290234,0,0.9998599930269799,1.0,True,1,0.56,0.60,3.254312599398901e-07,solved,,L1_00146
1.5,0.0,-3.166666666666667,3.6666666666666665,0.0,0.0,0.0,0.0,solved,0.5346481189198209,200,0.21229199740303023,0,0.999928177825093,1.0,True,1,0.58,0.57,7.29261621090771e-07,solved,,L1_00147
1.5,0.0,-3.166666666666667,3.833333333333333,0.0,0.0,0.0,0.0,solved,0.559952356010438,200,0.21924647388288057,0,0.9993151862152583,1.0,True,1,0.54,0.33,6.7419928195811e-08,solved,,L1_00148
1.5,0.0,-3.166666666666667,4.0,0.0,0.0,0.0,0.0,solved,0.5854121967888795,200,0.22677842594623293,0,0.9998610055640339,1.0,True,1,0.58,0.77,2.060434653561316e-06,solved,,L1_00149
1.5,0.0,-3.0,0.05,0.0,0.0,0.0,0.0,solved,0.007248353951349762,200,0.230227541273195,0,0.9997627189875931,1.0,True,1,0.50,0.34,3.143846251729698e-05,solved,,L1_00150
1.5,0.0,-3.0,0.16666666666666666,0.0,0.0,0.0,0.0,solved,0.024371860831909842,200,0.2222002427578174,0,0.9996356166072509,1.0,True,1,0.48,0.27,1.2236204075311008e-05,solved,,L1_00151
1.5,0.0,-3.0,0.3333333333333333,0.0,0.0,0.0,0.0,solved,0.04866263576708996,200,0.21176934678721326,0,0.9997456634362731,1.0,True,1,0.48,0.33,6.361210686200991e-06,solved,,L1_00152
1.5,0.0,-3.0,0.5,0.0,0.0,0.0,0.0,solved,0.0729654571655852,200,0.20240941810364896,0,0.9995676828746426,1.0,True,1,0.51,0.30,1.483375182820268e-05,solved,,L1_00153
1.5,0.0,-3.0,0.6666666666666666,0.0,0.0,0.0,0.0,solved,0.09736518404581396,200,0.19420355068742734,0,0.9995339339332464,1.0,True,1,0.54,0.39,1.630663192075943e-05,solved,,L1_00154
1.5,0.0,-3.0,0.8333333333333333,0.0,0.0,0.0,0.0,solved,0.12158031554533033,200,0.18713344882326077,0,0.9997073891009974,1.0,True,1,0.54,0.35,0.00045432888261752935,solved,,L1_00155
1.5,0.0,-3.0,1.0,0.0,0.0,0.0,0.0,solved,0.14585897530896386,200,0.18108934863111242,0,0.9996076415184272,1.0,True,1,0.53,0.33,1.982803470306825e-05,solved,,L1_00156
1.5,0.0,-3.0,1.1666666666666665,0.0,0.0,0.0,0.0,solved,0.17007717548181034,200,0.176109961873473,0,0.9997042902384833,1.0,True,1,0.53,0.46,1.0164460745532011e-05,solved,,L1_00157
1.5,0.0,-3.0,1.3333333333333333,0.0,0.0,0.0,0.0,solved,0.19432896954683532,200,0.17213278465986437,0,0.999638484936014,1.0,True,1,0.53,0.32,8.481284930359977e-06,solved,,L1_00158
1.5,0.0,-3.0,1.5,0.0,0.0,0.0,0.0,solved,0.21866659098032723,200,0.16912772657714806,0,0.9996155892584795,1.0,True,1,0.52,0.33,5.369290680179439e-06,solved,,L1_00159
1.5,0.0,-3.0,1.6666666666666665,0.0,0.0,0.0,0.0,solved,0.24288019650665832,200,0.16705948029855244,0,0.9995638909188478,1.0,True,1,0.51,0.33,3.1809423960971195e-06,solved,,L1_00160
1.5,0.0,-3.0,1.8333333333333333,0.0,0.0,0.0,0.0,solved,0.2671939468496071,200,0.1658891604303075,0,0.9995309838879082,1.0,True,1,0.52,0.39,3.6366041300250895e-06,solved,,L1_00161
1.5,0.0,-3.0,2.0,0.0,0.0,0.0,0.0,solved,0.29152047520913044,200,0.16560621160971306,0,0.9997449454217688,1.0,True,1,0.55,0.42,2.650053384292519e-06,solved,,L1_00162
1.5,0.0,-3.0,2.1666666666666665,0.0,0.0,0.0,0.0,solved,0.3159281636963365,200,0.16611902378925558,0,0.9997270636783641,1.0,True,1,0.58,0.85,9.114049364655763e-07,solved,,L1_00163
1.5,0.0,-3.0,2.333333333333333,0.0,0.0,0.0,0.0,solved,0.34039680809761524,200,0.16741967550549924,0,0.9997208547042924,1.0,True,1,0.56,0.42,1.0053087718397968e-06,solved,,L1_00164
1.5,0.0,-3.0,2.5,0.0,0.0,0.0,0.0,solved,0.3649459427846766,200,0.16947535206883368,0,0.9997220855699862,1.0,True,1,0.56,0.66,0.00021606557624982464,solved,,L1_00165
1.5,0.0,-3.0,2.6666666666666665,0.0,0.0,0.0,0.0,solved,0.38956747654409796,200,0.1722510699963733,0,0.9996997106901682,1.0,True,1,0.52,0.43,3.1933502193304133e-06,solved,,L1_00166
1.5,0.0,-3.0,2.833333333333333,0.0,0.0,0.0,0.0,solved,0.414310894090098,200,0.17573455358767986,0,0.999839339069615,1.0,True,1,0.59,0.58,4.4640788847745805e-06,solved,,L1_00167
1.5,0.0,-3.0,3.0,0.0,0.0,0.0,0.0,solved,0.4391053080656795,200,0.1798754695423841,0,0.9998618436026393,1.0,True,1,0.58,0.56,2.375128567380255e-06,solved,,L1_00168
1.5,0.0,-3.0,3.1666666666666665,0.0,0.0,0.0,0.0,solved,0.464080197931959,200,0.18464844862215235,0,0.9996509592166896,1.0,True,1,0.56,0.44,6.5966357398499686e-06,solved,,L1_00169
1.5,0.0,-3.0,3.333333333333333,0.0,0.0,0.0,0.0,solved,0.4892092849254098,200,0.19006470254297247,0,0.9999157438785898,1.0,True,1,0.55,0.58,3.874751423203679e-05,solved,,L1_00170
1.5,0.0,-3.0,3.5,0.0,0.0,0.0,0.0,solved,0.5142797207213277,200,0.1960678475967252,0,0.9998422477023378,1.0,True,1,0.54,0.62,1.7985839528551127e-05,solved,,L1_00171
1.5,0.0,-3.0,3.6666666666666665,0.0,0.0,0.0,0.0,solved,0.5397066463669324,200,0.2026500059988681,0,0.9996022516684259,1.0,True,1,0.54,0.47,1.0777567927000575e-06,solved,,L1_00172
1.5,0.0,-3.0,3.833333333333333,0.0,0.0,0.0,0.0,solved,0.5651683938592877,200,0.20980362114785606,0,0.9995836442751954,1.0,True,1,0.55,0.64,3.4435192142190374e-07,solved,,L1_00173
1.5,0.0,-3.0,4.0,0.0,0.0,0.0,0.0,solved,0.5907766362422385,200,0.21750761038114452,0,0.999702829962113,1.0,True,1,0.57,0.79,6.486716344067389e-07,solved,,L1_00174
1.5,0.0,-2.8333333333333335,0.05,0.0,0.0,0.0,0.0,solved,0.0073923517572520026,200,0.21860080155740524,0,0.999704664475449,1.0,True,1,0.50,0.27,5.637971841833313e-06,solved,,L1_00175
1.5,0.0,-2.8333333333333335,0.16666666666666666,0.0,0.0,0.0,0.0,solved,0.024725339125144102,200,0.21047195755502976,0,0.9996754655666104,1.0,True,1,0.47,0.28,1.3218357851174645e-05,solved,,L1_00176
1.5,0.0,-2.8333333333333335,0.3333333333333333,0.0,0.0,0.0,0.0,solved,0.04943316232062328,200,0.1999235189466963,0,0.9998835556199916,1.0,True,1,0.50,0.43,2.0049804470402576e-05,solved,,L1_00177
1.5,0.0,-2.8333333333333335,0.5,0.0,0.0,0.0,0.0,solved,0.07411360317707774,200,0.19049056853102628,0,0.9997846949210661,1.0,True,1,0.52,0.31,2.2456716862184756e-06,solved,,L1_00178
1.5,0.0,-2.8333333333333335,0.6666666666666666,0.0,0.0,0.0,0.0,solved,0.09883206249991394,200,0.1822023614035737,0,0.9995674082295993,1.0,True,1,0.51,0.30,1.2855429973868127e-05,solved,,L1_00179
1.5,0.0,-2.8333333333333335,0.8333333333333333,0.0,0.0,0.0,0.0,solved,0.12342090470904032,200,0.1751385190340613,0,0.9998238325115417,1.0,True,1,0.50,0.43,7.3361094211632505e-06,solved,,L1_00180
1.5,0.0,-2.8333333333333335,1.0,0.0,0.0,0.0,0.0,solved,0.14808794323753993,200,0.16909106481522523,0,0.9994489624001773,1.0,True,1,0.49,0.27,7.166150991710695e-06,solved,,L1_00181
1.5,0.0,-2.8333333333333335,1.1666666666666665,0.0,0.0,0.0,0.0,solved,0.17257301944597545,200,0.16423043319311606,0,0.9998189551462006,1.0,True,1,0.52,0.42,4.78733007736043e-06,solved,,L1_00182
1.5,0.0,-2.8333333333333335,1.3333333333333333,0.0,0.0,0.0,0.0,solved,0.19714314182566522,200,0.16033048266791322,0,0.999627360577117,1.0,True,1,0.52,0.34,2.457012602207886e-06,solved,,L1_00183
1.5,0.0,-2.8333333333333335,1.5,0.0,0.0,0.0,0.0,solved,0.22165924652410712,200,0.15747587526929746,0,0.9997923392832938,1.0,True,1,0.56,0.46,2.1011916712331837e-05,solved,,L1_00184
1.5,0.0,-2.8333333333333335,1.6666666666666665,0.0,0.0,0.0,0.0,solved,0.24619420168524744,200,0.1555484262425649,0,0.9997364836243823,1.0,True,1,0.55,0.31,5.028801050799281e-06,solved,,L1_00185
1.5,0.0,-2.8333333333333335,1.8333333333333333,0.0,0.0,0.0,0.0,solved,0.270723015575627,200,0.15454448551379085,0,0.9995797589054164,1.0,True,1,0.54,0.34,4.912358891911994e-06,solved,,L1_00186
1.5,0.0,-2.8333333333333335,2.0,0.0,0.0,0.0,0.0,solved,0.2953029271658681,200,0.15443965674074261,0,0.9997479623630565,1.0,True,1,0.55,0.43,7.798479349339353e-06,solved,,L1_00187
1.5,0.0,-2.8333333333333335,2.1666666666666665,0.0,0.0,0.0,0.0,solved,0.31988638264683616,200,0.15514772638631774,0,0.9997361994417264,1.0,True,1,0.59,0.65,4.923693502995041e-06,solved,,L1_00188
1.5,0.0,-2.8333333333333335,2.333333333333333,0.0,0.0,0.0,0.0,solved,0.34456216202424406,200,0.15664801558672214,0,0.9997275404657808,1.0,True,1,0.54,0.44,8.866640717203417e-06,solved,,L1_00189
1.5,0.0,-2.8333333333333335,2.5,0.0,0.0,0.0,0.0,solved,0.3693240720958163,200,0.15890442807880525,0,0.9996846703324422,1.0,True,1,0.53,0.45,8.63366034992123e-06,solved,,L1_00190
1.5,0.0,-2.8333333333333335,2.6666666666666665,0.0,0.0,0.0,0.0,solved,0.39411524696818656,200,0.1619077125449607,0,1.0000001070846505,1.0,True,1,0.55,0.58,1.7763568394002505e-15,solved,,L1_00191
1.5,0.0,-2.8333333333333335,2.833333333333333,0.0,0.0,0.0,0.0,solved,0.41907733055475893,200,0.1655616908730707,0,0.9994857619896286,1.0,True,1,0.51,0.32,1.2037022588673452e-06,solved,,L1_00192
1.5,0.0,-2.8333333333333335,3.0,0.0,0.0,0.0,0.0,solved,0.4440910932149888,200,0.16993239913836128,0,0.9999043358211783,1.0,True,1,0.57,0.57,5.780681086027357e-07,solved,,L1_00193
1.5,0.0,-2.8333333333333335,3.1666666666666665,0.0,0.0,0.0,0.0,solved,0.46919337075460316,200,0.17491922121194753,0,0.9998824853352631,1.0,True,1,0.57,0.61,9.296713886497443e-07,solved,,L1_00194
1.5,0.0,-2.8333333333333335,3.333333333333333,0.0,0.0,0.0,0.0,solved,0.4944680021663651,200,0.1805169691901957,0,0.9996292994996605,1.0,True,1,0.56,0.48,1.959482764157805e-06,solved,,L1_00195
1.5,0.0,-2.8333333333333335,3.5,0.0,0.0,0.0,0.0,solved,0.5197020417278915,200,0.1867255515408734,0,0.999871794440246,1.0,True,1,0.56,0.66,1.896841647863745e-06,solved,,L1_00196
1.5,0.0,-2.8333333333333335,3.6666666666666665,0.0,0.0,0.0,0.0,solved,0.5452718386906062,200,0.19350508589153248,0,0.9999068920623359,1.0,True,1,0.55,0.69,2.1592074385123894e-06,solved,,L1_00197
1.5,0.0,-2.8333333333333335,3.833333333333333,0.0,0.0,0.0,0.0,solved,0.5707544792406051,200,0.20084473410187828,0,0.9998779620111881,1.0,True,1,0.58,0.55,5.398767193298681e-07,solved,,L1_00198
1.5,0.0,-2.8333333333333335,4.0,0.0,0.0,0.0,0.0,analytic,0.0,0,0.20866666666666672,0,1.0174201540995986,0.0,True,0,,,,,,L1_00199
1.5,0.0,-2.666666666666667,0.05,0.0,0.0,0.0,0.0,solved,0.007536468610552127,200,0.20746045637341937,0,0.9997465309169831,1.0,True,1,0.48,0.33,1.097309754438669e-05,solved,,L1_00200
1.5,0.0,-2.666666666666667,0.16666666666666666,0.0,0.0,0.0,0.0,solved,0.02518630729811372,200,0.19919586277853957,0,0.9997185321728875,1.0,True,1,0.48,0.31,1.5402788910101606e-05,solved,,L1_00201
1.5,0.0,-2.666666666666667,0.3333333333333333,0.0,0.0,0.0,0.0,solved,0.05032829614989889,200,0.18843741630565222,0,0.9996811709365524,1.0,True,1,0.51,0.29,9.021005946741045e-06,solved,,L1_00202
1.5,0.0,-2.666666666666667,0.5,0.0,0.0,0.0,0.0,solved,0.07552676159398933,200,0.1789286896584957,0,0.9997499476746435,1.0,True,1,0.50,0.34,7.1584238998667615e-06,solved,,L1_00203
1.5,0.0,-2.666666666666667,0.6666666666666666,0.0,0.0,0.0,0.0,solved,0.10061175388701032,200,0.17061887066153975,0,0.9998084605696747,1.0,True,1,0.52,0.33,9.048654077856639e-06,solved,,L1_00204
1.5,0.0,-2.666666666666667,0.8333333333333333,0.0,0.0,0.0,0.0,solved,0.1255786049354229,200,0.16349403540866136,0,0.9997685181150202,1.0,True,1,0.52,0.33,7.371648655718488e-06,solved,,L1_00205
1.5,0.0,-2.666666666666667,1.0,0.0,0.0,0.0,0.0,solved,0.1506195190015427,200,0.1575299318847072,0,0.9997575749722124,1.0,True,1,0.51,0.32,5.533035743576775e-06,solved,,L1_00206
1.5,0.0,-2.666666666666667,1.1666666666666665,0.0,0.0,0.0,0.0,solved,0.17547372028737185,200,0.15268539414338334,0,0.9997252418596394,1.0,True,1,0.50,0.34,7.166009436287979e-06,solved,,L1_00207
1.5,0.0,-2.666666666666667,1.3333333333333333,0.0,0.0,0.0,0.0,solved,0.20032453254146504,200,0.1489149707993423,0,0.9996306454207816,1.0,True,1,0.52,0.34,2.327769724475015e-06,solved,,L1_00208
1.5,0.0,-2.666666666666667,1.5,0.0,0.0,0.0,0.0,solved,0.22512520725512522,200,0.14620290149729417,0,0.9998033677037323,1.0,True,1,0.52,0.40,3.3694446010353186e-07,solved,,L1_00209
1.5,0.0,-2.666666666666667,1.6666666666666665,0.0,0.0,0.0,0.0,solved,0.24994746904012388,200,0.14444609102099898,0,0.9997841962865007,1.0,True,1,0.56,0.43,2.806048142262041e-06,solved,,L1_00210
1.5,0.0,-2.666666666666667,1.8333333333333333,0.0,0.0,0.0,0.0,solved,0.274736794514986,200,0.14364376354351127,0,1.000000253055048,1.0,True,1,0.55,0.53,3.356072630436569e-15,solved,,L1_00211
1.5,0.0,-2.666666666666667,2.0,0.0,0.0,0.0,0.0,solved,0.2995621695489611,200,0.14370782333164084,0,0.9998564798175604,1.0,True,1,0.56,0.63,1.2983988163192653e-05,solved,,L1_00212
1.5,0.0,-2.666666666666667,2.1666666666666665,0.0,0.0,0.0,0.0,solved,0.3244152162649795,200,0.14461023455440622,0,0.9997454635931395,1.0,True,1,0.56,0.79,4.686028617195692e-06,solved,,L1_00213
1.5,0.0,-2.666666666666667,2.333333333333333,0.0,0.0,0.0,0.0,solved,0.34932746272352494,200,0.14632020211309021,0,0.9997326065291798,1.0,True,1,0.52,0.44,1.0284884529136734e-05,solved,,L1_00214
1.5,0.0,-2.666666666666667,2.5,0.0,0.0,0.0,0.0,solved,0.3743380410231492,200,0.14878399075789167,0,0.9995689515665227,1.0,True,1,0.51,0.33,3.806809487954979e-05,solved,,L1_00215
1.5,0.0,-2.666666666666667,2.6666666666666665,0.0,0.0,0.0,0.0,solved,0.39932238328037845,200,0.15201051951276284,0,0.999901435775144,1.0,True,1,0.57,0.59,2.4962721924535244e-06,solved,,L1_00216
1.5,0.0,-2.666666666666667,2.833333333333333,0.0,0.0,0.0,0.0,solved,0.42446168968992326,200,0.1558957016940513,0,0.9996672241175584,1.0,True,1,0.56,0.42,3.715574449996311e-06,solved,,L1_00217
1.5,0.0,-2.666666666666667,3.0,0.0,0.0,0.0,0.0,solved,0.4496383592231043,200,0.1604564893914327,0,0.9996287837044975,1.0,True,1,0.55,0.64,5.362134973407873e-05,solved,,L1_00218
1.5,0.0,-2.666666666666667,3.1666666666666665,0.0,0.0,0.0,0.0,solved,0.47490277051185126,200,0.1656583018826463,0,0.9996010342841685,1.0,True,1,0.55,0.42,7.271339317559443e-06,solved,,L1_00219
1.5,0.0,-2.666666666666667,3.333333333333333,0.0,0.0,0.0,0.0,solved,0.5003070455875123,200,0.1714758799485715,0,1.0000006503885828,1.0,True,1,0.56,1.00,8.881784197001252e-16,solved,,L1_00220
1.5,0.0,-2.666666666666667,3.5,0.0,0.0,0.0,0.0,solved,0.5257583106798419,200,0.177877561642709,0,1.0000000745401623,1.0,True,1,0.55,1.00,1.7763568394002505e-15,solved,,L1_00221
1.5,0.0,-2.666666666666667,3.6666666666666665,0.0,0.0,0.0,0.0,solved,0.5514784905604695,200,0.1848510559249594,0,0.9996028936079041,1.0,True,1,0.54,0.50,1.054584043647111e-06,solved,,L1_00222
1.5,0.0,-2.666666666666667,3.833333333333333,0.0,0.0,0.0,0.0,analytic,0.0,0,0.19233333333333336,0,1.015584796231325,0.0,True,0,,,,,,L1_00223
1.5,0.0,-2.666666666666667,4.0,0.0,0.0,0.0,0.0,analytic,0.0,0,0.2001666666666667,0,1.0387977422845702,0.0,True,0,,,,,,L1_00224
1.5,0.0,-2.5,0.05,0.0,0.0,0.0,0.0,solved,0.007749976613409815,200,0.19675755141066661,0,0.9995587718074153,1.0,True,1,0.47,0.20,1.444825872942701e-06,solved,,L1_00225
1.5,0.0,-2.5,0.16666666666666666,0.0,0.0,0.0,0.0,solved,0.025665385613905523,200,0.18839188838455712,0,0.9998795329602103,1.0,True,1,0.49,0.40,4.957476173794717e-06,solved,,L1_00226
1.5,0.0,-2.5,0.3333333333333333,0.0,0.0,0.0,0.0,solved,0.05145209134688289,200,0.17742420185401375,0,0.9997212141783773,1.0,True,1,0.50,0.29,1.5214128639306395e-05,solved,,L1_00227
1.5,0.0,-2.5,0.5,0.0,0.0,0.0,0.0,solved,0.07711077202942151,200,0.16773379299761693,0,0.9995435058636118,1.0,True,1,0.50,0.24,1.2336058554884843e-05,solved,,L1_00228
1.5,0.0,-2.5,0.6666666666666666,0.0,0.0,0.0,0.0,solved,0.10265558570210087,200,0.1593873200687863,0,0.9997755027542297,1.0,True,1,0.50,0.31,2.8213351521704125e-06,solved,,L1_00229
1.5,0.0,-2.5,0.8333333333333333,0.0,0.0,0.0,0.0,solved,0.12810833452274167,200,0.15224492394035066,0,0.999768179784915,1.0,True,1,0.52,0.33,8.040164637401759e-06,solved,,L1_00230
1.5,0.0,-2.5,1.0,0.0,0.0,0.0,0.0,solved,0.15347802989529813,200,0.1463049066747215,0,0.9996975178810018,1.0,True,1,0.51,0.33,1.2082214496889933e-05,solved,,L1_00231
1.5,0.0,-2.5,1.1666666666666665,0.0,0.0,0.0,0.0,solved,0.1787934201372709,200,0.14151595227670205,0,0.9995077547088225,1.0,True,1,0.54,0.27,7.601059666964385e-06,solved,,L1_00232
1.5,0.0,-2.5,1.3333333333333333,0.0,0.0,0.0,0.0,solved,0.20401008975897275,200,0.13790102114151873,0,0.9998045273230812,1.0,True,1,0.54,0.43,9.315691260667823e-06,solved,,L1_00233
1.5,0.0,-2.5,1.5,0.0,0.0,0.0,0.0,solved,0.229167191391984,200,0.13529792919643502,0,0.999699989440267,1.0,True,1,0.54,0.32,2.8390072058350705e-05,solved,,L1_00234
1.5,0.0,-2.5,1.6666666666666665,0.0,0.0,0.0,0.0,solved,0.2542810656271793,200,0.13373236472445432,0,0.999776767650574,1.0,True,1,0.51,0.42,2.618967017252927e-05,solved,,L1_00235
1.5,0.0,-2.5,1.8333333333333333,0.0,0.0,0.0,0.0,solved,0.27937519950626966,200,0.13310605664499298,0,0.9997784396206524,1.0,True,1,0.55,0.43,3.930181911039093e-06,solved,,L1_00236
1.5,0.0,-2.5,2.0,0.0,0.0,0.0,0.0,solved,0.30453128126634965,200,0.13336838378362342,0,0.999588417773475,1.0,True,1,0.55,0.33,0.0004116488041619251,solved,,L1_00237
1.5,0.0,-2.5,2.1666666666666665,0.0,0.0,0.0,0.0,solved,0.32958070517363885,200,0.13452138193772745,0,0.9999580880716827,1.0,True,1,0.60,0.40,1.0751140934792409e-05,solved,,L1_00238
1.5,0.0,-2.5,2.333333333333333,0.0,0.0,0.0,0.0,solved,0.35475507233915504,200,0.136446712237592,0,0.999722371602014,1.0,True,1,0.53,0.45,4.256025965634338e-06,solved,,L1_00239
1.5,0.0,-2.5,2.5,0.0,0.0,0.0,0.0,solved,0.37990671809534715,200,0.13916078273574317,0,0.9999327165678183,1.0,True,1,0.54,0.57,1.282792270129729e-06,solved,,L1_00240
1.5,0.0,-2.5,2.6666666666666665,0.0,0.0,0.0,0.0,solved,0.40518657009404163,200,0.14257900409415475,0,0.9997035420054414,1.0,True,1,0.57,0.44,1.5126063072965435e-05,solved,,L1_00241
1.5,0.0,-2.5,2.833333333333333,0.0,0.0,0.0,0.0,solved,0.4304994473512028,200,0.1467102292689758,0,1.0000000348795246,1.0,True,1,0.56,1.00,8.881784197001252e-16,solved,,L1_00242
1.5,0.0,-2.5,3.0,0.0,0.0,0.0,0.0,solved,0.45589521159376095,200,0.1514794282328435,0,0.999719445571299,1.0,True,1,0.55,0.50,9.843380592844397e-06,solved,,L1_00243
1.5,0.0,-2.5,3.1666666666666665,0.0,0.0,0.0,0.0,solved,0.48133569571990903,200,0.15688829068922888,0,0.9994869460900779,1.0,True,1,0.54,0.46,7.849184953112598e-07,solved,,L1_00244
1.5,0.0,-2.5,3.333333333333333,0.0,0.0,0.0,0.0,solved,0.5068337096913215,200,0.16292010710588423,0,0.99994317649622,1.0,True,1,0.57,0.56,3.1501081418959837e-06,solved,,L1_00245
1.5,0.0,-2.5,3.5,0.0,0.0,0.0,0.0,solved,0.5324886488592467,200,0.16952711551893865,0,0.9995703649667069,1.0,True,1,0.56,0.46,1.1824752894629142e-06,solved,,L1_00246
1.5,0.0,-2.5,3.6666666666666665,0.0,0.0,0.0,0.0,analytic,0.0,0,0.17666666666666667,0,1.0135869427760196,0.0,True,0,,,,,,L1_00247
1.5,0.0,-2.5,3.833333333333333,0.0,0.0,0.0,0.0,analytic,0.0,0,0.18416666666666665,0,1.0378580448534223,0.0,True,0,,,,,,L1_00248
1.5,0.0,-2.5,4.0,0.0,0.0,0.0,0.0,analytic,0.0,0,0.192,0,1.0606601717798212,0.0,True,0,,,,,,L1_00249
1.5,0.0,-2.3333333333333335,0.05,0.0,0.0,0.0,0.0,solved,0.007866626247656161,200,0.1866664054887504,0,0.9998724855222937,1.0,True,1,0.46,0.36,5.2148186589049254e-05,solved,,L1_00250
1.5,0.0,-2.3333333333333335,0.16666666666666666,0.0,0.0,0.0,0.0,solved,0.026375748655099368,200,0.1779886106234462,0,0.9995877072444205,1.0,True,1,0.46,0.20,1.9571220574832182e-05,solved,,L1_00251
1.5,0.0,-2.3333333333333335,0.3333333333333333,0.0,0.0,0.0,0.0,solved,0.05271674980557978,200,0.16683009067484716,0,0.9996366382204159,1.0,True,1,0.47,0.24,1.7944888726972863e-05,solved,,L1_00252
1.5,0.0,-2.3333333333333335,0.5,0.0,0.0,0.0,0.0,solved,0.07887487847949903,200,0.15706735771450336,0,1.0000009362355355,1.0,True,1,0.49,0.54,6.849528351007968e-15,solved,,L1_00253
1.5,0.0,-2.3333333333333335,0.6666666666666666,0.0,0.0,0.0,0.0,solved,0.10506401916243219,200,0.14851558108623691,0,0.9995762903663877,1.0,True,1,0.48,0.23,2.83606172335272e-05,solved,,L1_00254
1.5,0.0,-2.3333333333333335,0.8333333333333333,0.0,0.0,0.0,0.0,solved,0.13101535633245837,200,0.14137672485644154,0,0.999798788731208,1.0,True,1,0.52,0.33,5.486352871175715e-06,solved,,L1_00255
1.5,0.0,-2.3333333333333335,1.0,0.0,0.0,0.0,0.0,solved,0.15692783818803313,200,0.13544084605407108,0,0.9995617206643955,1.0,True,1,0.51,0.27,6.8882624629615604e-06,solved,,L1_00256
1.5,0.0,-2.3333333333333335,1.1666666666666665,0.0,0.0,0.0,0.0,solved,0.18267041200498246,200,0.1307486415359591,0,0.9995057523764398,1.0,True,1,0.52,0.27,4.875260921429751e-05,solved,,L1_00257
1.5,0.0,-2.3333333333333335,1.3333333333333333,0.0,0.0,0.0,0.0,solved,0.2082723885557855,200,0.1272443852929533,0,0.9997327318711496,1.0,True,1,0.51,0.32,1.9088904051334232e-06,solved,,L1_00258
1.5,0.0,-2.3333333333333335,1.5,0.0,0.0,0.0,0.0,solved,0.23384367248854876,200,0.12478966555605198,0,0.9994432218810988,1.0,True,1,0.53,0.33,2.7448522164297273e-05,solved,,L1_00259
1.5,0.0,-2.3333333333333335,1.6666666666666665,0.0,0.0,0.0,0.0,solved,0.2592780664887113,200,0.12343240623206808,0,0.9998576828472713,1.0,True,1,0.57,0.49,0.0001504411362866264,solved,,L1_00260
1.5,0.0,-2.3333333333333335,1.8333333333333333,0.0,0.0,0.0,0.0,solved,0.2847901752944675,200,0.12297969176006784,0,0.9993731966625095,1.0,True,1,0.51,0.27,6.279518730334388e-06,solved,,L1_00261
1.5,0.0,-2.3333333333333335,2.0,0.0,0.0,0.0,0.0,solved,0.3101256475226857,200,0.1235215903688757,0,1.0000002411204367,1.0,True,1,0.55,0.59,1.6093447701508692e-15,solved,,L1_00262
1.5,0.0,-2.3333333333333335,2.1666666666666665,0.0,0.0,0.0,0.0,solved,0.33553642561756036,200,0.12487717589469183,0,0.9998672303803482,1.0,True,1,0.53,0.85,5.767901245307736e-05,solved,,L1_00263
1.5,0.0,-2.3333333333333335,2.333333333333333,0.0,0.0,0.0,0.0,solved,0.36090874834222203,200,0.12703862028584406,0,0.999771352359567,1.0,True,1,0.53,0.46,7.478732323984438e-06,solved,,L1_00264
1.5,0.0,-2.3333333333333335,2.5,0.0,0.0,0.0,0.0,solved,0.38638302430420174,200,0.12997720989413203,0,0.9997386949869934,1.0,True,1,0.55,0.45,1.3224692818284126e-05,solved,,L1_00265
1.5,0.0,-2.3333333333333335,2.6666666666666665,0.0,0.0,0.0,0.0,solved,0.41183795994085787,200,0.13363998482654244,0,0.9997140194586844,1.0,True,1,0.54,0.48,4.460863813560145e-06,solved,,L1_00266
1.5,0.0,-2.3333333333333335,2.833333333333333,0.0,0.0,0.0,0.0,solved,0.4372453099838346,200,0.13798425502704814,0,0.9995353673660432,1.0,True,1,0.51,0.39,7.310409150052357e-05,solved,,L1_00267
1.5,0.0,-2.3333333333333335,3.0,0.0,0.0,0.0,0.0,solved,0.46285896474558375,200,0.14300464950373237,0,0.9999082560649194,1.0,True,1,0.57,0.60,1.7266234871758476e-05,solved,,L1_00268
1.5,0.0,-2.3333333333333335,3.1666666666666665,0.0,0.0,0.0,0.0,solved,0.4884852145052694,200,0.14863592495644196,0,0.999672128480748,1.0,True,1,0.55,0.73,2.08215456920513e-06,solved,,L1_00269
1.5,0.0,-2.3333333333333335,3.333333333333333,0.0,0.0,0.0,0.0,solved,0.5141226798319152,200,0.15487380504442977,0,0.9995477466645474,1.0,True,1,0.55,0.43,3.3850073954955207e-07,solved,,L1_00270
1.5,0.0,-2.3333333333333335,3.5,0.0,0.0,0.0,0.0,analytic,0.0,0,0.16166666666666668,0,1.0114040460319986,0.0,True,0,,,,,,L1_00271
1.5,0.0,-2.3333333333333335,3.6666666666666665,0.0,0.0,0.0,0.0,analytic,0.0,0,0.16883333333333334,0,1.0368339689510464,0.0,True,0,,,,,,L1_00272
1.5,0.0,-2.3333333333333335,3.833333333333333,0.0,0.0,0.0,0.0,analytic,0.0,0,0.17633333333333334,0,1.0606601717798212,0.0,True,0,,,,,,L1_00273
1.5,0.0,-2.3333333333333335,4.0,0.0,0.0,0.0,0.0,analytic,0.0,0,0.18416666666666667,0,1.0829823076731364,0.0,True,0,,,,,,L1_00274
1.5,0.0,-2.166666666666667,0.05,0.0,0.0,0.0,0.0,solved,0.008129548263059644,200,0.17700641135845327,0,0.9996473054471644,1.0,True,1,0.43,0.19,6.471295024357282e-05,solved,,L1_00275
1.5,0.0,-2.166666666666667,0.16666666666666666,0.0,0.0,0.0,0.0,solved,0.027135942693342158,200,0.16813873682993175,0,0.999573208007172,1.0,True,1,0.45,0.18,1.0927872390542603e-05,solved,,L1_00276
1.5,0.0,-2.166666666666667,0.3333333333333333,0.0,0.0,0.0,0.0,solved,0.0542026858738858,200,0.156701755216152,0,0.9995894429506637,1.0,True,1,0.47,0.21,1.5616478845625892e-05,solved,,L1_00277
1.5,0.0,-2.166666666666667,0.5,0.0,0.0,0.0,0.0,solved,0.08107688163179694,200,0.1467119523525865,0,0.9997567938573743,1.0,True,1,0.49,0.27,4.498683401354953e-06,solved,,L1_00278
1.5,0.0,-2.166666666666667,0.6666666666666666,0.0,0.0,0.0,0.0,solved,0.10787221973356426,200,0.13809720113445875,0,0.9996990567299325,1.0,True,1,0.49,0.27,7.856753008884387e-06,solved,,L1_00279
1.5,0.0,-2.166666666666667,0.8333333333333333,0.0,0.0,0.0,0.0,solved,0.13447388988492234,200,0.13089067642344557,0,0.9998104526277041,1.0,True,1,0.50,0.33,5.857348646720606e-06,solved,,L1_00280
1.5,0.0,-2.166666666666667,1.0,0.0,0.0,0.0,0.0,solved,0.16091563693028177,200,0.12499976183835647,0,0.999750507678601,1.0,True,1,0.50,0.34,3.6735756803185637e-06,solved,,L1_00281
1.5,0.0,-2.166666666666667,1.1666666666666665,0.0,0.0,0.0,0.0,solved,0.18722123867537113,200,0.12037034855493842,0,0.9995838825417583,1.0,True,1,0.53,0.28,4.989767085961105e-06,solved,,L1_00282
1.5,0.0,-2.166666666666667,1.3333333333333333,0.0,0.0,0.0,0.0,solved,0.21335421020238055,200,0.11698775864013133,0,0.999693783662551,1.0,True,1,0.55,0.35,6.791075699230653e-06,solved,,L1_00283
1.5,0.0,-2.166666666666667,1.5,0.0,0.0,0.0,0.0,solved,0.23936468111611459,200,0.11472952057492897,0,0.9997117342653324,1.0,True,1,0.50,0.32,6.021038641005042e-06,solved,,L1_00284
1.5,0.0,-2.166666666666667,1.6666666666666665,0.0,0.0,0.0,0.0,solved,0.2652409949727141,200,0.1135153532232019,0,0.9994256023129219,1.0,True,1,0.53,0.29,2.684136518943251e-05,solved,,L1_00285
1.5,0.0,-2.166666666666667,1.8333333333333333,0.0,0.0,0.0,0.0,solved,0.2910302435377341,200,0.11333789253722473,0,0.9996488972995153,1.0,True,1,0.52,0.34,1.2834552715711613e-05,solved,,L1_00286
1.5,0.0,-2.166666666666667,2.0,0.0,0.0,0.0,0.0,solved,0.3166560097862618,200,0.11408287930392025,0,0.9997920095482472,1.0,True,1,0.56,0.43,2.605607089700701e-06,solved,,L1_00287
1.5,0.0,-2.166666666666667,2.1666666666666665,0.0,0.0,0.0,0.0,solved,0.3423422247616322,200,0.11568839959614785,0,0.9997979499757079,1.0,True,1,0.52,0.43,3.0825258519606713e-06,solved,,L1_00288
1.5,0.0,-2.166666666666667,2.333333333333333,0.0,0.0,0.0,0.0,solved,0.3679808449141035,200,0.11809746630038569,0,0.9996146174598308,1.0,True,1,0.54,0.31,9.23783302666536e-05,solved,,L1_00289
1.5,0.0,-2.166666666666667,2.5,0.0,0.0,0.0,0.0,solved,0.39366953614927896,200,0.12128767197094598,0,0.9996833826346175,1.0,True,1,0.55,0.42,1.2654138417184815e-05,solved,,L1_00290
1.5,0.0,-2.166666666666667,2.6666666666666665,0.0,0.0,0.0,0.0,solved,0.4192732705073661,200,0.12519551765227716,0,0.9997353338003088,1.0,True,1,0.51,0.47,8.725097767614542e-07,solved,,L1_00291
1.5,0.0,-2.166666666666667,2.833333333333333,0.0,0.0,0.0,0.0,solved,0.4449502530335513,200,0.12979086719603194,0,0.9998427759393798,1.0,True,1,0.57,0.63,8.347134153169052e-06,solved,,L1_00292
1.5,0.0,-2.166666666666667,3.0,0.0,0.0,0.0,0.0,solved,0.47059368287355313,200,0.13502973451574468,0,0.9996904212222718,1.0,True,1,0.56,0.45,8.690732091751805e-07,solved,,L1_00293
1.5,0.0,-2.166666666666667,3.1666666666666665,0.0,0.0,0.0,0.0,solved,0.49642830487445083,200,0.1408905707792763,0,0.999439690326376,1.0,True,1,0.52,0.37,3.065301679150423e-07,solved,,L1_00294
1.5,0.0,-2.166666666666667,3.333333333333333,0.0,0.0,0.0,0.0,analytic,0.0,0,0.14733333333333334,0,1.0090091909944687,0.0,True,0,,,,,,L1_00295
1.5,0.0,-2.166666666666667,3.5,0.0,0.0,0.0,0.0,analytic,0.0,0,0.15416666666666667,0,1.035713620023751,0.0,True,0,,,,,,L1_00296
1.5,0.0,-2.166666666666667,3.6666666666666665,0.0,0.0,0.0,0.0,analytic,0.0,0,0.16133333333333336,0,1.0606601717798212,0.0,True,0,,,,,,L1_00297
1.5,0.0,-2.166666666666667,3.833333333333333,0.0,0.0,0.0,0.0,analytic,0.0,0,0.16883333333333334,0,1.0839627857215486,0.0,True,0,,,,,,L1_00298
1.5,0.0,-2.166666666666667,4.0,0.0,0.0,0.0,0.0,analytic,0.0,0,0.1766666666666667,0,1.105731210301112,0.0,True,0,,,,,,L1_00299
1.5,0.0,-2.0,0.05,0.0,0.0,0.0,0.0,solved,0.008423762349602765,200,0.1679750408493824,0,0.9995993312417482,1.0,True,1,0.42,0.15,1.5997388855826244e-05,solved,,L1_00300
1.5,0.0,-2.0,0.16666666666666666,0.0,0.0,0.0,0.0,solved,0.02801990228626655,200,0.1588396734137016,0,0.9995833744305617,1.0,True,1,0.43,0.16,1.233408580070261e-05,solved,,L1_00301
1.5,0.0,-2.0,0.3333333333333333,0.0,0.0,0.0,0.0,solved,0.055936315802363135,200,0.14706242210904863,0,0.999579986721374,1.0,True,1,0.46,0.19,1.1566925979256126e-05,solved,,L1_00302
1.5,0.0,-2.0,0.5,0.0,0.0,0.0,0.0,solved,0.08370441328413833,200,0.13682172655398525,0,0.999701122837233,1.0,True,1,0.49,0.22,6.1715817467611345e-06,solved,,L1_00303
1.5,0.0,-2.0,0.6666666666666666,0.0,0.0,0.0,0.0,solved,0.11130189064188692,200,0.12805130599582348,0,0.9996230392948349,1.0,True,1,0.48,0.24,1.2355742349590138e-05,solved,,L1_00304
1.5,0.0,-2.0,0.8333333333333333,0.0,0.0,0.0,0.0,solved,0.1386516531940935,200,0.1207754238296711,0,0.999706210754689,1.0,True,1,0.52,0.30,1.4390195090085989e-05,solved,,L1_00305
1.5,0.0,-2.0,1.0,0.0,0.0,0.0,0.0,solved,0.16584577275585388,200,0.11487984899256247,0,0.9995284870647679,1.0,True,1,0.50,0.24,6.763162363032649e-06,solved,,L1_00306
1.5,0.0,-2.0,1.1666666666666665,0.0,0.0,0.0,0.0,solved,0.19272700486748306,200,0.11037031077108472,0,0.9996161255534598,1.0,True,1,0.53,0.28,3.756724757941754e-06,solved,,L1_00307
1.5,0.0,-2.0,1.3333333333333333,0.0,0.0,0.0,0.0,solved,0.21935298186606694,200,0.10712536758300824,0,0.9997013219979723,1.0,True,1,0.55,0.39,1.8098054137383167e-05,solved,,L1_00308
1.5,0.0,-2.0,1.5,0.0,0.0,0.0,0.0,solved,0.24586480449507928,200,0.10505178921883632,0,0.9997194898612141,1.0,True,1,0.55,0.33,1.7964651567461089e-06,solved,,L1_00309
1.5,0.0,-2.0,1.6666666666666665,0.0,0.0,0.0,0.0,solved,0.2721306895611746,200,0.10407662224862815,0,0.9997377540849227,1.0,True,1,0.49,0.43,6.9390701704641344e-06,solved,,L1_00310
1.5,0.0,-2.0,1.8333333333333333,0.0,0.0,0.0,0.0,solved,0.29827710927689716,200,0.10411609330229865,0,0.9996076740301436,1.0,True,1,0.52,0.33,2.715179377346666e-06,solved,,L1_00311
1.5,0.0,-2.0,2.0,0.0,0.0,0.0,0.0,solved,0.3242358807891518,200,0.10511453710212713,0,0.9997531194385084,1.0,True,1,0.51,0.42,6.34273667903718e-05,solved,,L1_00312
1.5,0.0,-2.0,2.1666666666666665,0.0,0.0,0.0,0.0,solved,0.3501594795864853,200,0.10696864157961569,0,0.999577579015496,1.0,True,1,0.52,0.35,4.0241955749364955e-06,solved,,L1_00313
1.5,0.0,-2.0,2.333333333333333,0.0,0.0,0.0,0.0,solved,0.3760154038992778,200,0.1096651275611781,0,1.0000003192961102,1.0,True,1,0.54,0.80,1.7763568394002505e-15,solved,,L1_00314
1.5,0.0,-2.0,2.5,0.0,0.0,0.0,0.0,solved,0.40191998664097406,200,0.11310185028057518,0,0.9997520993979357,1.0,True,1,0.56,0.66,2.8407223140458626e-06,solved,,L1_00315
1.5,0.0,-2.0,2.6666666666666665,0.0,0.0,0.0,0.0,solved,0.42772849753756104,200,0.11726673928984319,0,0.9999594608724477,1.0,True,1,0.55,0.54,2.756819606379533e-06,solved,,L1_00316
1.5,0.0,-2.0,2.833333333333333,0.0,0.0,0.0,0.0,solved,0.4535565078424626,200,0.12210202790355738,0,0.9997775435642619,1.0,True,1,0.57,0.54,3.931520908762162e-05,solved,,L1_00317
1.5,0.0,-2.0,3.0,0.0,0.0,0.0,0.0,solved,0.47934374295277465,200,0.12758024321464073,0,0.9995285959369951,1.0,True,1,0.51,0.35,9.235879102620359e-07,solved,,L1_00318
1.5,0.0,-2.0,3.1666666666666665,0.0,0.0,0.0,0.0,analytic,0.0,0,0.13366666666666668,0,1.0063699859536894,0.0,True,0,,,,,,L1_00319
1.5,0.0,-2.0,3.333333333333333,0.0,0.0,0.0,0.0,analytic,0.0,0,0.14016666666666663,0,1.0344827586206895,0.0,True,0,,,,,,L1_00320
1.5,0.0,-2.0,3.5,0.0,0.0,0.0,0.0,analytic,0.0,0,0.147,0,1.0606601717798212,0.0,True,0,,,,,,L1_00321
1.5,0.0,-2.0,3.6666666666666665,0.0,0.0,0.0,0.0,analytic,0.0,0,0.15416666666666665,0,1.085033316215358,0.0,True,0,,,,,,L1_00322
1.5,0.0,-2.0,3.833333333333333,0.0,0.0,0.0,0.0,analytic,0.0,0,0.16166666666666665,0,1.1077282408921887,0.0,True,0,,,,,,L1_00323
1.5,0.0,-2.0,4.0,0.0,0.0,0.0,0.0,analytic,0.0,0,0.1695,0,1.1288650420603168,0.0,True,0,,,,,,L1_00324
1.5,0.0,-1.8333333333333335,0.05,0.0,0.0,0.0,0.0,solved,0.00870410200972671,200,0.15964953181766833,0,0.9998389989310218,1.0,True,1,0.38,0.16,5.4494234622115556e-05,solved,,L1_00325
1.5,0.0,-1.8333333333333335,0.16666666666666666,0.0,0.0,0.0,0.0,solved,0.029087795149271983,200,0.15015426370650214,0,0.9997345458673806,1.0,True,1,0.41,0.16,3.157291450994748e-05,solved,,L1_00326
1.5,0.0,-1.8333333333333335,0.3333333333333333,0.0,0.0,0.0,0.0,solved,0.058110861099807926,200,0.13795640834202935,0,0.9996621131965449,1.0,True,1,0.44,0.19,0.00012246214706573122,solved,,L1_00327
1.5,0.0,-1.8333333333333335,0.5,0.0,0.0,0.0,0.0,solved,0.08695239839285929,200,0.12737157159560747,0,0.9995667002072879,1.0,True,1,0.46,0.19,8.30605617752056e-06,solved,,L1_00328
1.5,0.0,-1.8333333333333335,0.6666666666666666,0.0,0.0,0.0,0.0,solved,0.11553928146019601,200,0.11841808406322513,0,0.9995639512484229,1.0,True,1,0.49,0.21,1.0456134620917545e-05,solved,,L1_00329
1.5,0.0,-1.8333333333333335,0.8333333333333333,0.0,0.0,0.0,0.0,solved,0.1437822827835315,200,0.11107611445735971,0,0.9998698490389372,1.0,True,1,0.51,0.33,3.287580845203067e-06,solved,,L1_00330
1.5,0.0,-1.8333333333333335,1.0,0.0,0.0,0.0,0.0,solved,0.17175622525279027,200,0.10519313498390997,0,0.9997016991706698,1.0,True,1,0.50,0.27,1.064012127938098e-05,solved,,L1_00331
1.5,0.0,-1.8333333333333335,1.1666666666666665,0.0,0.0,0.0,0.0,solved,0.19928176065174963,200,0.10077878302916682,0,0.9998822027279087,1.0,True,1,0.51,0.47,2.4494223298532347e-06,solved,,L1_00332
1.5,0.0,-1.8333333333333335,1.3333333333333333,0.0,0.0,0.0,0.0,solved,0.2266336005913601,200,0.09764919304126993,0,0.9995962494798063,1.0,True,1,0.50,0.29,3.984924573930066e-06,solved,,L1_00333
1.5,0.0,-1.8333333333333335,1.5,0.0,0.0,0.0,0.0,solved,0.25355632582780036,200,0.09578865743448456,0,0.9996880581704729,1.0,True,1,0.55,0.39,9.035776817989394e-06,solved,,L1_00334
1.5,0.0,-1.8333333333333335,1.6666666666666665,0.0,0.0,0.0,0.0,solved,0.2802177493701208,200,0.09503779273511723,0,0.9994857394450529,1.0,True,1,0.55,0.28,5.703054204886371e-06,solved,,L1_00335
1.5,0.0,-1.8333333333333335,1.8333333333333333,0.0,0.0,0.0,0.0,solved,0.3066764948630489,200,0.09535244905200874,0,0.9996296441452267,1.0,True,1,0.53,0.38,6.376707588351405e-06,solved,,L1_00336
1.5,0.0,-1.8333333333333335,2.0,0.0,0.0,0.0,0.0,solved,0.33302119019369475,200,0.09661154748930095,0,0.9996195943012994,1.0,True,1,0.52,0.38,6.169930905547405e-06,solved,,L1_00337
1.5,0.0,-1.8333333333333335,2.1666666666666665,0.0,0.0,0.0,0.0,solved,0.3591923440500407,200,0.0987654797734136,0,0.9999333468380438,1.0,True,1,0.56,0.57,5.3871467671117435e-06,solved,,L1_00338
1.5,0.0,-1.8333333333333335,2.333333333333333,0.0,0.0,0.0,0.0,solved,0.3852134496621399,200,0.1017076919621038,0,0.9996384735646027,1.0,True,1,0.55,0.33,7.46310365806421e-06,solved,,L1_00339
1.5,0.0,-1.8333333333333335,2.5,0.0,0.0,0.0,0.0,solved,0.41115932834729724,200,0.1054279257746213,0,0.9997637456209771,1.0,True,1,0.54,0.44,3.4454861038735467e-06,solved,,L1_00340
1.5,0.0,-1.8333333333333335,2.6666666666666665,0.0,0.0,0.0,0.0,solved,0.43709060104207614,200,0.10985173417864465,0,0.9997391487886818,1.0,True,1,0.55,0.46,1.0977477364892962e-06,solved,,L1_00341
1.5,0.0,-1.8333333333333335,2.833333333333333,0.0,0.0,0.0,0.0,solved,0.46309269824206745,200,0.11494250232265656,0,0.9995080207263912,1.0,True,1,0.51,0.33,1.274582606569652e-06,solved,,L1_00342
1.5,0.0,-1.8333333333333335,3.0,0.0,0.0,0.0,0.0,analytic,0.0,0,0.12066666666666669,0,1.0034470974336744,0.0,True,0,,,,,,L1_00343
1.5,0.0,-1.8333333333333335,3.1666666666666665,0.0,0.0,0.0,0.0,analytic,0.0,0,0.12683333333333335,0,1.0331241928720394,0.0,True,0,,,,,,L1_00344
1.5,0.0,-1.8333333333333335,3.333333333333333,0.0,0.0,0.0,0.0,analytic,0.0,0,0.1333333333333333,0,1.0606601717798212,0.0,True,0,,,,,,L1_00345
1.5,0.0,-1.8333333333333335,3.5,0.0,0.0,0.0,0.0,analytic,0.0,0,0.1401666666666667,0,1.0862068965517242,0.0,True,0,,,,,,L1_00346
1.5,0.0,-1.8333333333333335,3.6666666666666665,0.0,0.0,0.0,0.0,analytic,0.0,0,0.14733333333333334,0,1.1099101100939155,0.0,True,0,,,,,,L1_00347
1.5,0.0,-1.8333333333333335,3.833333333333333,0.0,0.0,0.0,0.0,analytic,0.0,0,0.15483333333333335,0,1.131908283245257,0.0,True,0,,,,,,L1_00348
1.5,0.0,-1.8333333333333335,4.0,0.0,0.0,0.0,0.0,analytic,0.0,0,0.16266666666666668,0,1.1523319193960637,0.0,True,0,,,,,,L1_00349
1.5,0.0,-1.666666666666667,0.05,0.0,0.0,0.0,0.0,solved,0.009163167320116294,200,0.15201017659901894,0,0.999717257932331,1.0,True,arc,0.33,0.08,0.00022818655726976127,solved,,L1_00350
1.5,0.0,-1.666666666666667,0.16666666666666666,0.0,0.0,0.0,0.0,solved,0.030498181168428395,200,0.14211955718723907,0,0.999815678776105,1.0,True,1,0.37,0.13,2.472452615021048e-05,solved,,L1_00351
1.5,0.0,-1.666666666666667,0.3333333333333333,0.0,0.0,0.0,0.0,solved,0.060882090576008074,200,0.12941769321511176,0,0.999797334313214,1.0,True,1,0.42,0.17,1.7478388774083697e-06,solved,,L1_00352
1.5,0.0,-1.666666666666667,0.5,0.0,0.0,0.0,0.0,solved,0.0910949651970207,200,0.11843978244476822,0,0.9996685641499594,1.0,True,1,0.45,0.17,6.423134942368236e-06,solved,,L1_00353
1.5,0.0,-1.666666666666667,0.6666666666666666,0.0,0.0,0.0,0.0,solved,0.12093701158906112,200,0.10922734611222151,0,0.9996473989501411,1.0,True,1,0.47,0.20,8.42695496272583e-07,solved,,L1_00354
1.5,0.0,-1.666666666666667,0.8333333333333333,0.0,0.0,0.0,0.0,solved,0.15030328637773832,200,0.10172847159988406,0,0.9996698581344711,1.0,True,1,0.49,0.24,1.4945953920764143e-05,solved,,L1_00355
1.5,0.0,-1.666666666666667,1.0,0.0,0.0,0.0,0.0,solved,0.17912572903115465,200,0.09585292106654797,0,0.9996136362291458,1.0,True,1,0.51,0.23,6.794211640510746e-07,solved,,L1_00356
1.5,0.0,-1.666666666666667,1.1666666666666665,0.0,0.0,0.0,0.0,solved,0.20746264909013853,200,0.0915313261522169,0,0.9997742841717895,1.0,True,1,0.52,0.33,4.044364169730318e-06,solved,,L1_00357
1.5,0.0,-1.666666666666667,1.3333333333333333,0.0,0.0,0.0,0.0,solved,0.23529261305815968,200,0.08858646881301895,0,0.9996233897731162,1.0,True,1,0.51,0.28,3.3408292108294546e-06,solved,,L1_00358
1.5,0.0,-1.666666666666667,1.5,0.0,0.0,0.0,0.0,solved,0.26276049338313323,200,0.08694033569177219,0,0.9995776727208153,1.0,True,1,0.52,0.30,4.772810893810542e-06,solved,,L1_00359
1.5,0.0,-1.666666666666667,1.6666666666666665,0.0,0.0,0.0,0.0,solved,0.2898098563866883,200,0.0864741163175661,0,0.9997049884234508,1.0,True,1,0.51,0.34,9.160970041164699e-06,solved,,L1_00360
1.5,0.0,-1.666666666666667,1.8333333333333333,0.0,0.0,0.0,0.0,solved,0.3165098101473099,200,0.08707302123375188,0,1.000000039269681,1.0,True,1,0.54,0.66,8.881784197001252e-16,solved,,L1_00361
1.5,0.0,-1.666666666666667,2.0,0.0,0.0,0.0,0.0,solved,0.3431304209467615,200,0.08860842284950553,0,0.9997042603296573,1.0,True,1,0.53,0.36,2.8951468437626183e-06,solved,,L1_00362
1.5,0.0,-1.666666666666667,2.1666666666666665,0.0,0.0,0.0,0.0,solved,0.3693942282218149,200,0.09104118753498072,0,0.9996770174684892,1.0,True,1,0.57,0.48,6.577429372378596e-06,solved,,L1_00363
1.5,0.0,-1.666666666666667,2.333333333333333,0.0,0.0,0.0,0.0,solved,0.3956836665928768,200,0.09428609252761297,0,0.9996757356647066,1.0,True,1,0.55,0.36,4.1025049989402555e-06,solved,,L1_00364
1.5,0.0,-1.666666666666667,2.5,0.0,0.0,0.0,0.0,solved,0.42169211616342117,200,0.0982852176114005,0,0.9997671205346645,1.0,True,1,0.55,0.53,4.208028136276631e-06,solved,,L1_00365
1.5,0.0,-1.666666666666667,2.6666666666666665,0.0,0.0,0.0,0.0,solved,0.4478082740170972,200,0.10298180994933759,0,0.9997475602965721,1.0,True,1,0.56,0.60,1.4545409477983995e-06,solved,,L1_00366
1.5,0.0,-1.666666666666667,2.833333333333333,0.0,0.0,0.0,0.0,analytic,0.0,0,0.10833333333333334,0,1.0001922892047386,0.0,True,0,,,,,,L1_00367
1.5,0.0,-1.666666666666667,3.0,0.0,0.0,0.0,0.0,analytic,0.0,0,0.11416666666666667,0,1.0316169718661747,0.0,True,0,,,,,,L1_00368
1.5,0.0,-1.666666666666667,3.1666666666666665,0.0,0.0,0.0,0.0,analytic,0.0,0,0.12033333333333335,0,1.0606601717798212,0.0,True,0,,,,,,L1_00369
1.5,0.0,-1.666666666666667,3.333333333333333,0.0,0.0,0.0,0.0,analytic,0.0,0,0.12683333333333335,0,1.0874991503916205,0.0,True,0,,,,,,L1_00370
1.5,0.0,-1.666666666666667,3.5,0.0,0.0,0.0,0.0,analytic,0.0,0,0.13366666666666668,0,1.1123036686856567,0.0,True,0,,,,,,L1_00371
1.5,0.0,-1.666666666666667,3.6666666666666665,0.0,0.0,0.0,0.0,analytic,0.0,0,0.1408333333333333,0,1.1352345116537395,0.0,True,0,,,,,,L1_00372
1.5,0.0,-1.666666666666667,3.833333333333333,0.0,0.0,0.0,0.0,analytic,0.0,0,0.14833333333333332,0,1.1564426274406343,0.0,True,0,,,,,,L1_00373
1.5,0.0,-1.666666666666667,4.0,0.0,0.0,0.0,0.0,analytic,0.0,0,0.15616666666666668,0,1.1760687366926421,0.0,True,0,,,,,,L1_00374
1.5,0.0,-1.5,0.05,0.0,0.0,0.0,0.0,solved,0.009732467477931772,200,0.14537000486269847,0,0.9998779489376631,1.0,True,arc,0.26,0.05,3.5192577776399503e-06,solved,,L1_00375
1.5,0.0,-1.5,0.16666666666666666,0.0,0.0,0.0,0.0,solved,0.032451183294653185,200,0.13485837250300586,0,0.9998120984083693,1.0,True,arc,0.30,0.07,1.2938568926701421e-05,solved,,L1_00376
1.5,0.0,-1.5,0.3333333333333333,0.0,0.0,0.0,0.0,solved,0.06473229352479784,200,0.12146699370236297,0,0.9996481201714299,1.0,True,1,0.37,0.11,6.060818187769712e-06,solved,,L1_00377
1.5,0.0,-1.5,0.5,0.0,0.0,0.0,0.0,solved,0.09658094933036922,200,0.11001676218838384,0,0.9997130607683458,1.0,True,1,0.42,0.16,7.93850265190521e-06,solved,,L1_00378
1.5,0.0,-1.5,0.6666666666666666,0.0,0.0,0.0,0.0,solved,0.12788785381701293,200,0.10046179323609428,0,0.9996375462252589,1.0,True,1,0.46,0.17,6.307376525002495e-06,solved,,L1_00379
1.5,0.0,-1.5,0.8333333333333333,0.0,0.0,0.0,0.0,solved,0.15850780217201066,200,0.09277789099603288,0,0.9995171239323468,1.0,True,1,0.48,0.19,1.3620415778570205e-06,solved,,L1_00380
1.5,0.0,-1.5,1.0,0.0,0.0,0.0,0.0,solved,0.18832228824776023,200,0.08690841326984425,0,0.9996318775162985,1.0,True,1,0.49,0.24,0.0001778028792988617,solved,,L1_00381
1.5,0.0,-1.5,1.1666666666666665,0.0,0.0,0.0,0.0,solved,0.21735306672065996,200,0.0826760451670232,0,0.999704442035631,1.0,True,1,0.53,0.30,1.4557111365998132e-05,solved,,L1_00382
1.5,0.0,-1.5,1.3333333333333333,0.0,0.0,0.0,0.0,solved,0.24582667955192047,200,0.07991944291932843,0,0.999518462959694,1.0,True,1,0.50,0.25,4.429673168881987e-06,solved,,L1_00383
1.5,0.0,-1.5,1.5,0.0,0.0,0.0,0.0,solved,0.27367688749307384,200,0.07853657113506496,0,0.9996014282752893,1.0,True,1,0.50,0.30,5.497801905798849e-06,solved,,L1_00384
1.5,0.0,-1.5,1.6666666666666665,0.0,0.0,0.0,0.0,solved,0.3010238357706855,200,0.0783573861655266,0,0.9997543069975234,1.0,True,1,0.52,0.34,2.233150079258839e-06,solved,,L1_00385
1.5,0.0,-1.5,1.8333333333333333,0.0,0.0,0.0,0.0,solved,0.32802977267995936,200,0.07925524797625472,0,0.9998262426516102,1.0,True,1,0.55,0.43,3.278913103997383e-06,solved,,L1_00386
1.5,0.0,-1.5,2.0,0.0,0.0,0.0,0.0,solved,0.354786577782477,200,0.08111201182926109,0,0.9996797948387418,1.0,True,1,0.54,0.34,3.1212277949999034e-06,solved,,L1_00387
1.5,0.0,-1.5,2.1666666666666665,0.0,0.0,0.0,0.0,solved,0.381150814116755,200,0.08385606758217667,0,0.9997110972636775,1.0,True,1,0.57,0.36,2.4043327138678627e-06,solved,,L1_00388
1.5,0.0,-1.5,2.333333333333333,0.0,0.0,0.0,0.0,solved,0.407484908535947,200,0.08740329554530801,0,0.9996297611208705,1.0,True,1,0.56,0.48,0.0004756925857717514,solved,,L1_00389
1.5,0.0,-1.5,2.5,0.0,0.0,0.0,0.0,solved,0.43372429890225794,200,0.09169167757602212,0,0.9995605471817811,1.0,True,1,0.55,0.32,2.1566524049907217e-06,solved,,L1_00390
1.5,0.0,-1.5,2.6666666666666665,0.0,0.0,0.0,0.0,solved,0.4596828827106836,200,0.09666961386227144,0,0.9998513811834379,1.0,True,1,0.54,0.54,1.81110156383113e-06,solved,,L1_00391
1.5,0.0,-1.5,2.833333333333333,0.0,0.0,0.0,0.0,analytic,0.0,0,0.10216666666666667,0,1.0299352994455746,0.0,True,0,,,,,,L1_00392
1.5,0.0,-1.5,3.0,0.0,0.0,0.0,0.0,analytic,0.0,0,0.108,0,1.0606601717798212,0.0,True,0,,,,,,L1_00393
1.5,0.0,-1.5,3.1666666666666665,0.0,0.0,0.0,0.0,analytic,0.0,0,0.11416666666666667,0,1.0889290258587399,0.0,True,0,,,,,,L1_00394
1.5,0.0,-1.5,3.333333333333333,0.0,0.0,0.0,0.0,analytic,0.0,0,0.12066666666666664,0,1.1149412193707493,0.0,True,0,,,,,,L1_00395
1.5,0.0,-1.5,3.5,0.0,0.0,0.0,0.0,analytic,0.0,0,0.1275,0,1.138884903547945,0.0,True,0,,,,,,L1_00396
1.5,0.0,-1.5,3.6666666666666665,0.0,0.0,0.0,0.0,analytic,0.0,0,0.13466666666666666,0,1.1609359488049815,0.0,True,0,,,,,,L1_00397
1.5,0.0,-1.5,3.833333333333333,0.0,0.0,0.0,0.0,analytic,0.0,0,0.14216666666666666,0,1.1812575015113786,0.0,True,0,,,,,,L1_00398
1.5,0.0,-1.5,4.0,0.0,0.0,0.0,0.0,analytic,0.0,0,0.15,0,1.2,0.0,True,0,,,,,,L1_00399
1.5,0.0,-1.3333333333333335,0.05,0.0,0.0,0.0,0.0,solved,0.010580417168570916,200,0.1401414445047912,0,0.9998958965941502,1.0,True,arc,0.23,0.14;0.14,1.3082933111085993e-05,solved,,L1_00400
1.5,0.0,-1.3333333333333335,0.16666666666666666,0.0,0.0,0.0,0.0,solved,0.035305914935094745,200,0.12870923771988352,0,0.9997063589993732,1.0,True,arc,0.25,0.04,0.0004112874794500253,solved,,L1_00401
1.5,0.0,-1.3333333333333335,0.3333333333333333,0.0,0.0,0.0,0.0,solved,0.07010657219973984,200,0.11433673144852216,0,0.9999281318777302,1.0,True,arc,0.30,0.07,3.570391886587032e-07,solved,,L1_00402
1.5,0.0,-1.3333333333333335,0.5,0.0,0.0,0.0,0.0,solved,0.10414386822673222,200,0.10215940364659573,0,0.9996625241579346,1.0,True,1,0.39,0.11,7.63643951806614e-06,solved,,L1_00403
1.5,0.0,-1.3333333333333335,0.6666666666666666,0.0,0.0,0.0,0.0,solved,0.13715218195418297,200,0.09215598381233,0,0.9995911110922399,1.0,True,1,0.45,0.15,7.28286775064646e-06,solved,,L1_00404
1.5,0.0,-1.3333333333333335,0.8333333333333333,0.0,0.0,0.0,0.0,solved,0.16911171827613497,200,0.08427007482837034,0,0.9996930404694465,1.0,True,1,0.47,0.21,1.88395700673194e-06,solved,,L1_00405
1.5,0.0,-1.3333333333333335,1.0,0.0,0.0,0.0,0.0,solved,0.19989089700335522,200,0.07834399198626334,0,0.9997023975056288,1.0,True,1,0.50,0.23,2.990588505225099e-06,solved,,L1_00406
1.5,0.0,-1.3333333333333335,1.1666666666666665,0.0,0.0,0.0,0.0,solved,0.22970258819246475,200,0.07420976460516394,0,0.9996179747567058,1.0,True,1,0.51,0.24,2.1128144876869648e-05,solved,,L1_00407
1.5,0.0,-1.3333333333333335,1.3333333333333333,0.0,0.0,0.0,0.0,solved,0.25855330929605813,200,0.07169270938190744,0,0.9996797101488332,1.0,True,1,0.52,0.29,9.380407625880771e-06,solved,,L1_00408
1.5,0.0,-1.3333333333333335,1.5,0.0,0.0,0.0,0.0,solved,0.28675634745995937,200,0.07058121956461774,0,0.9996259897081533,1.0,True,1,0.51,0.29,1.4041653969149287e-05,solved,,L1_00409
1.5,0.0,-1.3333333333333335,1.6666666666666665,0.0,0.0,0.0,0.0,solved,0.31433416964115773,200,0.07071199796123345,0,0.9995720705737887,1.0,True,1,0.52,0.31,3.5665379793103913e-06,solved,,L1_00410
1.5,0.0,-1.3333333333333335,1.8333333333333333,0.0,0.0,0.0,0.0,solved,0.3414062558396912,200,0.07194707726912722,0,0.9997444300399481,1.0,True,1,0.51,0.31,2.1313934461827476e-06,solved,,L1_00411
1.5,0.0,-1.3333333333333335,2.0,0.0,0.0,0.0,0.0,solved,0.36811752358961436,200,0.07414039323323354,0,0.9994728765257459,1.0,True,1,0.55,0.37,2.7754435868443394e-06,solved,,L1_00412
1.5,0.0,-1.3333333333333335,2.1666666666666665,0.0,0.0,0.0,0.0,solved,0.3946555926028584,200,0.07721891461026525,0,0.9997002853459499,1.0,True,1,0.53,0.32,7.570276784282159e-06,solved,,L1_00413
1.5,0.0,-1.3333333333333335,2.333333333333333,0.0,0.0,0.0,0.0,solved,0.4209261617839009,200,0.0810873507543241,0,0.9999418708107075,1.0,True,1,0.56,0.62,1.4891062921629228e-06,solved,,L1_00414
1.5,0.0,-1.3333333333333335,2.5,0.0,0.0,0.0,0.0,solved,0.4470262368758807,200,0.08567544315082079,0,0.9997660459466364,1.0,True,1,0.56,0.51,6.935722003387212e-07,solved,,L1_00415
1.5,0.0,-1.3333333333333335,2.6666666666666665,0.0,0.0,0.0,0.0,analytic,0.0,0,0.09083333333333335,0,1.0280470485074864,0.0,True,0,,,,,,L1_00416
1.5,0.0,-1.3333333333333335,2.833333333333333,0.0,0.0,0.0,0.0,analytic,0.0,0,0.09633333333333334,0,1.0606601717798212,0.0,True,0,,,,,,L1_00417
1.5,0.0,-1.3333333333333335,3.0,0.0,0.0,0.0,0.0,analytic,0.0,0,0.10216666666666667,0,1.0905197288247261,0.0,True,0,,,,,,L1_00418
1.5,0.0,-1.3333333333333335,3.1666666666666665,0.0,0.0,0.0,0.0,analytic,0.0,0,0.10833333333333334,0,1.117861970287649,0.0,True,0,,,,,,L1_00419
1.5,0.0,-1.3333333333333335,3.333333333333333,0.0,0.0,0.0,0.0,analytic,0.0,0,0.11483333333333332,0,1.142908976639189,0.0,True,0,,,,,,L1_00420
1.5,0.0,-1.3333333333333335,3.5,0.0,0.0,0.0,0.0,analytic,0.0,0,0.12166666666666667,0,1.1658673060612283,0.0,True,0,,,,,,L1_00421
1.5,0.0,-1.3333333333333335,3.6666666666666665,0.0,0.0,0.0,0.0,analytic,0.0,0,0.12883333333333333,0,1.1869275020882506,0.0,True,0,,,,,,L1_00422
1.5,0.0,-1.3333333333333335,3.833333333333333,0.0,0.0,0.0,0.0,analytic,0.0,0,0.1363333333333333,0,1.2062642121994882,0.0,True,0,,,,,,L1_00423
1.5,0.0,-1.3333333333333335,4.0,0.0,0.0,0.0,0.0,analytic,0.0,0,0.1441666666666667,0,1.2240367216524826,0.0,True,0,,,,,,L1_00424
1.5,0.0,-1.166666666666667,0.05,0.0,0.0,0.0,0.0,solved,0.011913356642738543,200,0.13730506858611916,0,0.999822963765704,1.0,True,arc,0.20,0.10;0.11,0.00044978429058283227,solved,,L1_00425
1.5,0.0,-1.166666666666667,0.16666666666666666,0.0,0.0,0.0,0.0,solved,0.039557228616973306,200,0.1244414225627638,0,0.9999316713356526,1.0,True,arc,0.22,0.14;0.14,1.1842382790838902e-05,solved,,L1_00426
1.5,0.0,-1.166666666666667,0.3333333333333333,0.0,0.0,0.0,0.0,solved,0.07806030010753898,200,0.10830408379973935,0,0.9998515414220059,1.0,True,arc,0.25,0.06,1.3671087226718726e-06,solved,,L1_00427
1.5,0.0,-1.166666666666667,0.5,0.0,0.0,0.0,0.0,solved,0.11482763862989481,200,0.09501438857480646,0,0.9997684112881685,1.0,True,arc,0.32,0.07,5.298542586684718e-06,solved,,L1_00428
1.5,0.0,-1.166666666666667,0.6666666666666666,0.0,0.0,0.0,0.0,solved,0.14973166362778878,200,0.08436706928661863,0,0.9996454108315771,1.0,True,1,0.41,0.12,1.0449945765433899e-05,solved,,L1_00429
1.5,0.0,-1.166666666666667,0.8333333333333333,0.0,0.0,0.0,0.0,solved,0.18301867169410468,200,0.07613831570201224,0,0.9995985216178959,1.0,True,1,0.46,0.16,6.834241403408381e-06,solved,,L1_00430
1.5,0.0,-1.166666666666667,1.0,0.0,0.0,0.0,0.0,solved,0.21466479051450216,200,0.07015024792024477,0,0.9996393551908461,1.0,True,1,0.49,0.22,8.09420681224804e-06,solved,,L1_00431
1.5,0.0,-1.166666666666667,1.1666666666666665,0.0,0.0,0.0,0.0,solved,0.24488877200995196,200,0.06614840630944574,0,0.9996508996109501,1.0,True,1,0.51,0.23,7.436925275358456e-06,solved,,L1_00432
1.5,0.0,-1.166666666666667,1.3333333333333333,0.0,0.0,0.0,0.0,solved,0.2740565570430263,200,0.06387239050202359,0,0.9995746997878238,1.0,True,1,0.51,0.26,8.398450327795626e-06,solved,,L1_00433
1.5,0.0,-1.166666666666667,1.5,0.0,0.0,0.0,0.0,solved,0.3022572404145667,200,0.06310438381624282,0,0.9998860905867814,1.0,True,1,0.52,0.41,3.9200362234059224e-07,solved,,L1_00434
1.5,0.0,-1.166666666666667,1.6666666666666665,0.0,0.0,0.0,0.0,solved,0.3299071446089219,200,0.06357963738256847,0,0.9995960410247545,1.0,True,1,0.50,0.30,3.7784562949561007e-06,solved,,L1_00435
1.5,0.0,-1.166666666666667,1.8333333333333333,0.0,0.0,0.0,0.0,solved,0.35697678405558575,200,0.06517244253913668,0,0.9995352573022566,1.0,True,1,0.51,0.30,3.2635658748763492e-06,solved,,L1_00436
1.5,0.0,-1.166666666666667,2.0,0.0,0.0,0.0,0.0,solved,0.3836104368378047,200,0.0677412290642044,0,0.9998267843517838,1.0,True,1,0.55,0.52,5.388556233332231e-06,solved,,L1_00437
1.5,0.0,-1.166666666666667,2.1666666666666665,0.0,0.0,0.0,0.0,solved,0.4099679703510738,200,0.07115791939057892,0,0.9997234554506256,1.0,True,1,0.55,0.35,2.833485475584041e-06,solved,,L1_00438
1.5,0.0,-1.166666666666667,2.333333333333333,0.0,0.0,0.0,0.0,solved,0.4361428990489099,200,0.07535097098189679,0,0.9995928897099392,1.0,True,1,0.52,0.40,2.006702641721425e-06,solved,,L1_00439
1.5,0.0,-1.166666666666667,2.5,0.0,0.0,0.0,0.0,analytic,0.0,0,0.08016666666666668,0,1.0259116933219947,0.0,True,0,,,,,,L1_00440
1.5,0.0,-1.166666666666667,2.6666666666666665,0.0,0.0,0.0,0.0,analytic,0.0,0,0.08533333333333334,0,1.0606601717798212,0.0,True,0,,,,,,L1_00441
1.5,0.0,-1.166666666666667,2.833333333333333,0.0,0.0,0.0,0.0,analytic,0.0,0,0.09083333333333335,0,1.0922999890392042,0.0,True,0,,,,,,L1_00442
1.5,0.0,-1.166666666666667,3.0,0.0,0.0,0.0,0.0,analytic,0.0,0,0.09666666666666669,0,1.1211139780254895,0.0,True,0,,,,,,L1_00443
1.5,0.0,-1.166666666666667,3.1666666666666665,0.0,0.0,0.0,0.0,analytic,0.0,0,0.10283333333333335,0,1.147366797175576,0.0,True,0,,,,,,L1_00444
1.5,0.0,-1.166666666666667,3.333333333333333,0.0,0.0,0.0,0.0,analytic,0.0,0,0.10933333333333332,0,1.1713032141645454,0.0,True,0,,,,,,L1_00445
1.5,0.0,-1.166666666666667,3.5,0.0,0.0,0.0,0.0,analytic,0.0,0,0.11616666666666668,0,1.193147580048748,0.0,True,0,,,,,,L1_00446
1.5,0.0,-1.166666666666667,3.6666666666666665,0.0,0.0,0.0,0.0,analytic,0.0,0,0.12333333333333334,0,1.2131041264547828,0.0,True,0,,,,,,L1_00447
1.5,0.0,-1.166666666666667,3.833333333333333,0.0,0.0,0.0,0.0,analytic,0.0,0,0.13083333333333333,0,1.2313578026782308,0.0,True,0,,,,,,L1_00448
1.5,0.0,-1.166666666666667,4.0,0.0,0.0,0.0,0.0,analytic,0.0,0,0.1386666666666667,0,1.2480754415067656,0.0,True,0,,,,,,L1_00449
1.5,0.0,-1.0,0.3333333333333333,0.0,0.0,0.0,0.0,solved,0.09063816605743386,200,0.10461837503679658,0,0.999830038785815,1.0,True,arc,0.23,0.09;0.08,0.0002349532162095733,solved,,L1_00450
1.5,0.0,-1.0,0.5,0.0,0.0,0.0,0.0,solved,0.13074563189311045,200,0.08894591490842084,0,0.9998265923974708,1.0,True,arc,0.27,0.05,1.3357718762208037e-06,solved,,L1_00451
1.5,0.0,-1.0,0.6666666666666666,0.0,0.0,0.0,0.0,solved,0.16747891610493296,200,0.07715972117886244,0,0.9997125734387725,1.0,True,1,0.35,0.08,1.840281526943599e-06,solved,,L1_00452
1.5,0.0,-1.0,0.8333333333333333,0.0,0.0,0.0,0.0,solved,0.2015817658800468,200,0.06845300746062574,0,0.9997345878118672,1.0,True,1,0.46,0.17,2.924477108312562e-05,solved,,L1_00453
1.5,0.0,-1.0,1.0,0.0,0.0,0.0,0.0,solved,0.23359936148935045,200,0.06234710516485731,0,0.9997065792687667,1.0,True,1,0.49,0.22,1.511617241612957e-05,solved,,L1_00454
1.5,0.0,-1.0,1.1666666666666665,0.0,0.0,0.0,0.0,solved,0.2638861183730327,200,0.05847998748978539,0,0.9995734910043784,1.0,True,1,0.50,0.23,1.5419409018280206e-05,solved,,L1_00455
1.5,0.0,-1.0,1.3333333333333333,0.0,0.0,0.0,0.0,solved,0.29294558064146065,200,0.05651347915903299,0,0.9997266649238526,1.0,True,1,0.51,0.35,1.5597935268507612e-05,solved,,L1_00456
1.5,0.0,-1.0,1.5,0.0,0.0,0.0,0.0,solved,0.32093207133364887,200,0.056094297493580775,0,0.9996660980149134,1.0,True,1,0.52,0.29,2.5952212019050847e-06,solved,,L1_00457
1.5,0.0,-1.0,1.6666666666666665,0.0,0.0,0.0,0.0,solved,0.34817760982006674,200,0.0569846131930197,0,0.9997791365694493,1.0,True,1,0.54,0.31,4.099494120002933e-06,solved,,L1_00458
1.5,0.0,-1.0,1.8333333333333333,0.0,0.0,0.0,0.0,solved,0.37491482081966393,200,0.05897556110996845,0,0.9997387063759939,1.0,True,1,0.53,0.37,1.2135107393396183e-06,solved,,L1_00459
1.5,0.0,-1.0,2.0,0.0,0.0,0.0,0.0,solved,0.40122616856218063,200,0.06192252128302543,0,0.9999452962204731,1.0,True,1,0.55,0.64,3.923286601204001e-06,solved,,L1_00460
1.5,0.0,-1.0,2.1666666666666665,0.0,0.0,0.0,0.0,solved,0.4272642058983105,200,0.06570106776410412,0,0.9996918509035702,1.0,True,1,0.51,0.33,2.6252089706507377e-06,solved,,L1_00461
1.5,0.0,-1.0,2.333333333333333,0.0,0.0,0.0,0.0,analytic,0.0,0,0.07016666666666665,0,1.0234773755400166,0.0,True,0,,,,,,L1_00462
1.5,0.0,-1.0,2.5,0.0,0.0,0.0,0.0,analytic,0.0,0,0.075,0,1.0606601717798212,0.0,True,0,,,,,,L1_00463
1.5,0.0,-1.0,2.6666666666666665,0.0,0.0,0.0,0.0,analytic,0.0,0,0.08016666666666666,0,1.0943058062101276,0.0,True,0,,,,,,L1_00464
1.5,0.0,-1.0,2.833333333333333,0.0,0.0,0.0,0.0,analytic,0.0,0,0.08566666666666665,0,1.1247567830476388,0.0,True,0,,,,,,L1_00465
1.5,0.0,-1.0,3.0,0.0,0.0,0.0,0.0,analytic,0.0,0,0.0915,0,1.1523319193960637,0.0,True,0,,,,,,L1_00466
1.5,0.0,-1.0,3.1666666666666665,0.0,0.0,0.0,0.0,analytic,0.0,0,0.09766666666666667,0,1.1773241483001393,0.0,True,0,,,,,,L1_00467
1.5,0.0,-1.0,3.333333333333333,0.0,0.0,0.0,0.0,analytic,0.0,0,0.10416666666666664,0,1.2,0.0,True,0,,,,,,L1_00468
1.5,0.0,-1.0,3.5,0.0,0.0,0.0,0.0,analytic,0.0,0,0.111,0,1.2206002068101025,0.0,True,0,,,,,,L1_00469
1.5,0.0,-1.0,3.6666666666666665,0.0,0.0,0.0,0.0,analytic,0.0,0,0.11816666666666666,0,1.2393410142113215,0.0,True,0,,,,,,L1_00470
1.5,0.0,-1.0,3.833333333333333,0.0,0.0,0.0,0.0,analytic,0.0,0,0.12566666666666665,0,1.2564158952579212,0.0,True,0,,,,,,L1_00471
1.5,0.0,-1.0,4.0,0.0,0.0,0.0,0.0,analytic,0.0,0,0.1335,0,1.271997456007632,0.0,True,0,,,,,,L1_00472
1.5,0.0,-0.8333333333333335,0.6666666666666666,0.0,0.0,0.0,0.0,solved,0.1936554740689349,200,0.0707953300752205,0,0.9997552360587055,1.0,True,arc,0.29,0.04,1.4766457513384207e-05,solved,,L1_00473
1.5,0.0,-0.8333333333333335,0.8333333333333333,0.0,0.0,0.0,0.0,solved,0.22686060250750606,200,0.06121169826080885,0,0.9998339324885268,1.0,True,1,0.42,0.15,2.2514270779372403e-05,solved,,L1_00474
1.5,0.0,-0.8333333333333335,1.0,0.0,0.0,0.0,0.0,solved,0.2581229331882025,200,0.05490721024837462,0,0.9995965272052495,1.0,True,1,0.48,0.17,9.04918220107076e-06,solved,,L1_00475
1.5,0.0,-0.8333333333333335,1.1666666666666665,0.0,0.0,0.0,0.0,solved,0.2875888857265076,200,0.051243791607016656,0,0.9998843915833746,1.0,True,1,0.50,0.34,4.876290753408341e-06,solved,,L1_00476
1.5,0.0,-0.8333333333333335,1.3333333333333333,0.0,0.0,0.0,0.0,solved,0.3157913408236748,200,0.049606919611877395,0,0.999640411105795,1.0,True,1,0.52,0.24,4.500778588045762e-06,solved,,L1_00477
1.5,0.0,-0.8333333333333335,1.5,0.0,0.0,0.0,0.0,solved,0.342889662511814,200,0.04962682819756574,0,0.9997914359976261,1.0,True,1,0.52,0.34,3.385898170171764e-07,solved,,L1_00478
1.5,0.0,-0.8333333333333335,1.6666666666666665,0.0,0.0,0.0,0.0,solved,0.3694952195332429,200,0.05095310256769365,0,0.9996311432545419,1.0,True,1,0.52,0.31,6.2425988377468045e-06,solved,,L1_00479
1.5,0.0,-0.8333333333333335,1.8333333333333333,0.0,0.0,0.0,0.0,solved,0.3954979002228408,200,0.05337771818901972,0,0.9997544658816861,1.0,True,1,0.54,0.37,1.9800728717211946e-06,solved,,L1_00480
1.5,0.0,-0.8333333333333335,2.0,0.0,0.0,0.0,0.0,solved,0.4213102496763315,200,0.056724809728829206,0,0.9994341920004839,1.0,True,1,0.52,0.30,5.4776055951073605e-06,solved,,L1_00481
1.5,0.0,-0.8333333333333335,2.1666666666666665,0.0,0.0,0.0,0.0,analytic,0.0,0,0.060833333333333336,0,1.0206766490509167,0.0,True,0,,,,,,L1_00482
1.5,0.0,-0.8333333333333335,2.333333333333333,0.0,0.0,0.0,0.0,analytic,0.0,0,0.06533333333333334,0,1.060660171779821,0.0,True,0,,,,,,L1_00483
1.5,0.0,-0.8333333333333335,2.5,0.0,0.0,0.0,0.0,analytic,0.0,0,0.07016666666666668,0,1.0965829023643034,0.0,True,0,,,,,,L1_00484
1.5,0.0,-0.8333333333333335,2.6666666666666665,0.0,0.0,0.0,0.0,analytic,0.0,0,0.07533333333333335,0,1.1288650420603166,0.0,True,0,,,,,,L1_00485
1.5,0.0,-0.8333333333333335,2.833333333333333,0.0,0.0,0.0,0.0,analytic,0.0,0,0.08083333333333333,0,1.1578953534255743,0.0,True,0,,,,,,L1_00486
1.5,0.0,-0.8333333333333335,3.0,0.0,0.0,0.0,0.0,analytic,0.0,0,0.08666666666666668,0,1.1840283260644895,0.0,True,0,,,,,,L1_00487
1.5,0.0,-0.8333333333333335,3.1666666666666665,0.0,0.0,0.0,0.0,analytic,0.0,0,0.09283333333333332,0,1.207583756030052,0.0,True,0,,,,,,L1_00488
1.5,0.0,-0.8333333333333335,3.333333333333333,0.0,0.0,0.0,0.0,analytic,0.0,0,0.09933333333333332,0,1.2288478807785606,0.0,True,0,,,,,,L1_00489
1.5,0.0,-0.8333333333333335,3.5,0.0,0.0,0.0,0.0,analytic,0.0,0,0.10616666666666669,0,1.2480754415067654,0.0,True,0,,,,,,L1_00490
1.5,0.0,-0.8333333333333335,3.6666666666666665,0.0,0.0,0.0,0.0,analytic,0.0,0,0.11333333333333334,0,1.2654922315981612,0.0,True,0,,,,,,L1_00491
1.5,0.0,-0.8333333333333335,3.833333333333333,0.0,0.0,0.0,0.0,analytic,0.0,0,0.12083333333333335,0,1.2812978334216578,0.0,True,0,,,,,,L1_00492
1.5,0.0,-0.8333333333333335,4.0,0.0,0.0,0.0,0.0,analytic,0.0,0,0.12866666666666668,0,1.2956683513476501,0.0,True,0,,,,,,L1_00493
1.5,0.0,-0.666666666666667,0.8333333333333333,0.0,0.0,0.0,0.0,solved,0.2622601461979138,200,0.05446389569922315,0,0.9997702748353047,1.0,True,1,0.37,0.06,4.9727526765677254e-05,solved,,L1_00494
1.5,0.0,-0.666666666666667,1.0,0.0,0.0,0.0,0.0,solved,0.28983678815513153,200,0.04786554649240874,0,0.9997770626647597,1.0,True,1,0.48,0.21,1.3069910192953227e-05,solved,,L1_00495
1.5,0.0,-0.666666666666667,1.1666666666666665,0.0,0.0,0.0,0.0,solved,0.3169158015834558,200,0.04439689231646962,0,0.9996660694391104,1.0,True,1,0.50,0.25,7.121762004513865e-06,solved,,L1_00496
1.5,0.0,-0.666666666666667,1.3333333333333333,0.0,0.0,0.0,0.0,solved,0.34317147791394825,200,0.04321909839844277,0,0.9998635017876926,1.0,True,1,0.53,0.37,8.37769391890536e-06,solved,,L1_00497
1.5,0.0,-0.666666666666667,1.5,0.0,0.0,0.0,0.0,solved,0.36888405700976906,200,0.0437196595701791,0,0.9995837998203307,1.0,True,1,0.52,0.25,4.838802360074279e-06,solved,,L1_00498
1.5,0.0,-0.666666666666667,1.6666666666666665,0.0,0.0,0.0,0.0,solved,0.3941567053126982,200,0.045548223386876,0,0.9997650336475568,1.0,True,1,0.52,0.42,0.000139176459130545,solved,,L1_00499
1.5,0.0,-0.666666666666667,1.8333333333333333,0.0,0.0,0.0,0.0,solved,0.4191341982747468,200,0.04842939202223025,0,0.9995877726483349,1.0,True,1,0.54,0.29,8.081085483002681e-07,solved,,L1_00500
1.5,0.0,-0.666666666666667,2.0,0.0,0.0,0.0,0.0,analytic,0.0,0,0.05216666666666668,0,1.0174201540995986,0.0,True,0,,,,,,L1_00501
1.5,0.0,-0.666666666666667,2.1666666666666665,0.0,0.0,0.0,0.0,analytic,0.0,0,0.05633333333333333,0,1.060660171779821,0.0,True,0,,,,,,L1_00502
1.5,0.0,-0.666666666666667,2.333333333333333,0.0,0.0,0.0,0.0,analytic,0.0,0,0.060833333333333336,0,1.0991902374394487,0.0,True,0,,,,,,L1_00503
1.5,0.0,-0.666666666666667,2.5,0.0,0.0,0.0,0.0,analytic,0.0,0,0.06566666666666668,0,1.1335336241847263,0.0,True,0,,,,,,L1_00504
1.5,0.0,-0.666666666666667,2.6666666666666665,0.0,0.0,0.0,0.0,analytic,0.0,0,0.07083333333333335,0,1.1641710001743981,0.0,True,0,,,,,,L1_00505
1.5,0.0,-0.666666666666667,2.833333333333333,0.0,0.0,0.0,0.0,analytic,0.0,0,0.07633333333333332,0,1.1915367494657942,0.0,True,0,,,,,,L1_00506
1.5,0.0,-0.666666666666667,3.0,0.0,0.0,0.0,0.0,analytic,0.0,0,0.08216666666666668,0,1.2160188425998215,0.0,True,0,,,,,,L1_00507
1.5,0.0,-0.666666666666667,3.1666666666666665,0.0,0.0,0.0,0.0,analytic,0.0,0,0.08833333333333333,0,1.2379608918747476,0.0,True,0,,,,,,L1_00508
1.5,0.0,-0.666666666666667,3.333333333333333,0.0,0.0,0.0,0.0,analytic,0.0,0,0.09483333333333331,0,1.2576654244509557,0.0,True,0,,,,,,L1_00509
1.5,0.0,-0.666666666666667,3.5,0.0,0.0,0.0,0.0,analytic,0.0,0,0.10166666666666668,0,1.2753977200317925,0.0,True,0,,,,,,L1_00510
1.5,0.0,-0.666666666666667,3.6666666666666665,0.0,0.0,0.0,0.0,analytic,0.0,0,0.10883333333333334,0,1.2913897923214732,0.0,True,0,,,,,,L1_00511
1.5,0.0,-0.666666666666667,3.833333333333333,0.0,0.0,0.0,0.0,analytic,0.0,0,0.11633333333333334,0,1.3058442580802012,0.0,True,0,,,,,,L1_00512
1.5,0.0,-0.666666666666667,4.0,0.0,0.0,0.0,0.0,analytic,0.0,0,0.12416666666666669,0,1.3189379498051612,0.0,True,0,,,,,,L1_00513
1.5,0.0,-0.5,1.0,0.0,0.0,0.0,0.0,solved,0.3306365860489373,200,0.041169995883502064,0,0.9996313804974217,1.0,True,1,0.48,0.12,3.7395846184118635e-06,solved,,L1_00514
1.5,0.0,-0.5,1.1666666666666665,0.0,0.0,0.0,0.0,solved,0.3528163557052394,200,0.038014173881691815,0,0.9997002454050984,1.0,True,1,0.51,0.20,1.1457246890667072e-06,solved,,L1_00515
1.5,0.0,-0.5,1.3333333333333333,0.0,0.0,0.0,0.0,solved,0.3758069943122004,200,0.03737452982185634,0,0.999774569647363,1.0,True,1,0.53,0.34,3.3775157454243865e-06,solved,,L1_00516
1.5,0.0,-0.5,1.5,0.0,0.0,0.0,0.0,solved,0.39896423056267394,200,0.038457687787296135,0,0.9997087772745928,1.0,True,1,0.53,0.31,3.6675094637339534e-06,solved,,L1_00517
1.5,0.0,-0.5,1.6666666666666665,0.0,0.0,0.0,0.0,solved,0.4223573755090062,200,0.04081918791235084,0,0.9996404169158659,1.0,True,1,0.52,0.36,2.158602754376293e-06,solved,,L1_00518
1.5,0.0,-0.5,1.8333333333333333,0.0,0.0,0.0,0.0,analytic,0.0,0,0.04416666666666667,0,1.0135869427760196,0.0,True,0,,,,,,L1_00519
1.5,0.0,-0.5,2.0,0.0,0.0,0.0,0.0,analytic,0.0,0,0.048,0,1.0606601717798212,0.0,True,0,,,,,,L1_00520
1.5,0.0,-0.5,2.1666666666666665,0.0,0.0,0.0,0.0,analytic,0.0,0,0.05216666666666666,0,1.1022051669412318,0.0,True,0,,,,,,L1_00521
1.5,0.0,-0.5,2.333333333333333,0.0,0.0,0.0,0.0,analytic,0.0,0,0.05666666666666666,0,1.138884903547945,0.0,True,0,,,,,,L1_00522
1.5,0.0,-0.5,2.5,0.0,0.0,0.0,0.0,analytic,0.0,0,0.0615,0,1.1713032141645456,0.0,True,0,,,,,,L1_00523
1.5,0.0,-0.5,2.6666666666666665,0.0,0.0,0.0,0.0,analytic,0.0,0,0.06666666666666665,0,1.2,0.0,True,0,,,,,,L1_00524
1.5,0.0,-0.5,2.833333333333333,0.0,0.0,0.0,0.0,analytic,0.0,0,0.07216666666666666,0,1.2254517948971424,0.0,True,0,,,,,,L1_00525
1.5,0.0,-0.5,3.0,0.0,0.0,0.0,0.0,analytic,0.0,0,0.078,0,1.2480754415067654,0.0,True,0,,,,,,L1_00526
1.5,0.0,-0.5,3.1666666666666665,0.0,0.0,0.0,0.0,analytic,0.0,0,0.08416666666666665,0,1.2682333545464566,0.0,True,0,,,,,,L1_00527
1.5,0.0,-0.5,3.333333333333333,0.0,0.0,0.0,0.0,analytic,0.0,0,0.09066666666666666,0,1.2862393885688164,0.0,True,0,,,,,,L1_00528
1.5,0.0,-0.5,3.5,0.0,0.0,0.0,0.0,analytic,0.0,0,0.0975,0,1.3023647131866887,0.0,True,0,,,,,,L1_00529
1.5,0.0,-0.5,3.6666666666666665,0.0,0.0,0.0,0.0,analytic,0.0,0,0.10466666666666666,0,1.3168433593715767,0.0,True,0,,,,,,L1_00530
1.5,0.0,-0.5,3.833333333333333,0.0,0.0,0.0,0.0,analytic,0.0,0,0.11216666666666665,0,1.329877269248182,0.0,True,0,,,,,,L1_00531
1.5,0.0,-0.5,4.0,0.0,0.0,0.0,0.0,analytic,0.0,0,0.12,0,1.3416407864998738,0.0,True,0,,,,,,L1_00532
1.5,0.0,-0.3333333333333335,1.0,0.0,0.0,0.0,0.0,solved,0.3817107672115332,200,0.03485668192230941,0,0.9998329266833926,1.0,True,1,0.48,0.13,1.366619977396669e-05,solved,,L1_00533
1.5,0.0,-0.3333333333333335,1.1666666666666665,0.0,0.0,0.0,0.0,solved,0.39574831856675574,200,0.032128392488967594,0,0.9996984945457359,1.0,True,1,0.51,0.18,0.00024740595875781546,solved,,L1_00534
1.5,0.0,-0.3333333333333335,1.3333333333333333,0.0,0.0,0.0,0.0,solved,0.41379038906707855,200,0.03216486262094135,0,0.999558456336563,1.0,True,1,0.51,0.23,5.444917258102408e-05,solved,,L1_00535
1.5,0.0,-0.3333333333333335,1.5,0.0,0.0,0.0,0.0,solved,0.4335524729504478,200,0.03390727528518617,0,0.9998359235760141,1.0,True,1,0.52,0.37,1.9014422897867256e-06,solved,,L1_00536
1.5,0.0,-0.3333333333333335,1.6666666666666665,0.0,0.0,0.0,0.0,analytic,0.0,0,0.036833333333333336,0,1.0090091909944687,0.0,True,0,,,,,,L1_00537
1.5,0.0,-0.3333333333333335,1.8333333333333333,0.0,0.0,0.0,0.0,analytic,0.0,0,0.04033333333333334,0,1.0606601717798212,0.0,True,0,,,,,,L1_00538
1.5,0.0,-0.3333333333333335,2.0,0.0,0.0,0.0,0.0,analytic,0.0,0,0.044166666666666674,0,1.105731210301112,0.0,True,0,,,,,,L1_00539
1.5,0.0,-0.3333333333333335,2.1666666666666665,0.0,0.0,0.0,0.0,analytic,0.0,0,0.048333333333333325,0,1.1450794280536716,0.0,True,0,,,,,,L1_00540
1.5,0.0,-0.3333333333333335,2.333333333333333,0.0,0.0,0.0,0.0,analytic,0.0,0,0.05283333333333332,0,1.179477508233634,0.0,True,0,,,,,,L1_00541
1.5,0.0,-0.3333333333333335,2.5,0.0,0.0,0.0,0.0,analytic,0.0,0,0.057666666666666665,0,1.2096074937835581,0.0,True,0,,,,,,L1_00542
1.5,0.0,-0.3333333333333335,2.6666666666666665,0.0,0.0,0.0,0.0,analytic,0.0,0,0.06283333333333332,0,1.2360628862990513,0.0,True,0,,,,,,L1_00543
1.5,0.0,-0.3333333333333335,2.833333333333333,0.0,0.0,0.0,0.0,analytic,0.0,0,0.06833333333333334,0,1.2593552357282267,0.0,True,0,,,,,,L1_00544
1.5,0.0,-0.3333333333333335,3.0,0.0,0.0,0.0,0.0,analytic,0.0,0,0.07416666666666666,0,1.2799227504779385,0.0,True,0,,,,,,L1_00545
1.5,0.0,-0.3333333333333335,3.1666666666666665,0.0,0.0,0.0,0.0,analytic,0.0,0,0.08033333333333334,0,1.2981394282216894,0.0,True,0,,,,,,L1_00546
1.5,0.0,-0.3333333333333335,3.333333333333333,0.0,0.0,0.0,0.0,analytic,0.0,0,0.08683333333333333,0,1.3143238630149705,0.0,True,0,,,,,,L1_00547
1.5,0.0,-0.3333333333333335,3.5,0.0,0.0,0.0,0.0,analytic,0.0,0,0.09366666666666666,0,1.328747302920233,0.0,True,0,,,,,,L1_00548
1.5,0.0,-0.3333333333333335,3.6666666666666665,0.0,0.0,0.0,0.0,analytic,0.0,0,0.10083333333333332,0,1.3416407864998738,0.0,True,0,,,,,,L1_00549
1.5,0.0,-0.3333333333333335,3.833333333333333,0.0,0.0,0.0,0.0,analytic,0.0,0,0.10833333333333331,0,1.3532013324534697,0.0,True,0,,,,,,L1_00550
1.5,0.0,-0.3333333333333335,4.0,0.0,0.0,0.0,0.0,analytic,0.0,0,0.11616666666666665,0,1.3635972343414262,0.0,True,0,,,,,,L1_00551
1.5,0.0,-0.16666666666666696,1.1666666666666665,0.0,0.0,0.0,0.0,solved,0.4451293883829375,200,0.02684471575079997,0,0.9998696190912723,1.0,True,1,0.53,0.32,7.277786301829181e-06,solved,,L1_00552
1.5,0.0,-0.16666666666666696,1.3333333333333333,0.0,0.0,0.0,0.0,solved,0.4569424547260043,200,0.02771400824351638,0,0.999585987265989,1.0,True,1,0.51,0.20,1.304566461968193e-06,solved,,L1_00553
1.5,0.0,-0.16666666666666696,1.5,0.0,0.0,0.0,0.0,analytic,0.0,0,0.03016666666666667,0,1.0034470974336744,0.0,True,0,,,,,,L1_00554
1.5,0.0,-0.16666666666666696,1.6666666666666665,0.0,0.0,0.0,0.0,analytic,0.0,0,0.033333333333333326,0,1.0606601717798212,0.0,True,0,,,,,,L1_00555
1.5,0.0,-0.16666666666666696,1.8333333333333333,0.0,0.0,0.0,0.0,analytic,0.0,0,0.036833333333333336,0,1.1099101100939155,0.0,True,0,,,,,,L1_00556
1.5,0.0,-0.16666666666666696,2.0,0.0,0.0,0.0,0.0,analytic,0.0,0,0.04066666666666667,0,1.1523319193960637,0.0,True,0,,,,,,L1_00557
1.5,0.0,-0.16666666666666696,2.1666666666666665,0.0,0.0,0.0,0.0,analytic,0.0,0,0.044833333333333336,0,1.1889359836569,0.0,True,0,,,,,,L1_00558
1.5,0.0,-0.16666666666666696,2.333333333333333,0.0,0.0,0.0,0.0,analytic,0.0,0,0.049333333333333326,0,1.2206002068101023,0.0,True,0,,,,,,L1_00559
1.5,0.0,-0.16666666666666696,2.5,0.0,0.0,0.0,0.0,analytic,0.0,0,0.05416666666666667,0,1.2480754415067654,0.0,True,0,,,,,,L1_00560
1.5,0.0,-0.16666666666666696,2.6666666666666665,0.0,0.0,0.0,0.0,analytic,0.0,0,0.059333333333333335,0,1.2719974560076317,0.0,True,0,,,,,,L1_00561
1.5,0.0,-0.16666666666666696,2.833333333333333,0.0,0.0,0.0,0.0,analytic,0.0,0,0.06483333333333333,0,1.2929013227366541,0.0,True,0,,,,,,L1_00562
1.5,0.0,-0.16666666666666696,3.0,0.0,0.0,0.0,0.0,analytic,0.0,0,0.07066666666666667,0,1.3112359141823067,0.0,True,0,,,,,,L1_00563
1.5,0.0,-0.16666666666666696,3.1666666666666665,0.0,0.0,0.0,0.0,analytic,0.0,0,0.07683333333333332,0,1.3273773335729735,0.0,True,0,,,,,,L1_00564
1.5,0.0,-0.16666666666666696,3.333333333333333,0.0,0.0,0.0,0.0,analytic,0.0,0,0.08333333333333333,0,1.3416407864998736,0.0,True,0,,,,,,L1_00565
1.5,0.0,-0.16666666666666696,3.5,0.0,0.0,0.0,0.0,analytic,0.0,0,0.09016666666666667,0,1.3542907782358955,0.0,True,0,,,,,,L1_00566
1.5,0.0,-0.16666666666666696,3.6666666666666665,0.0,0.0,0.0,0.0,analytic,0.0,0,0.09733333333333333,0,1.3655497161939072,0.0,True,0,,,,,,L1_00567
1.5,0.0,-0.16666666666666696,3.833333333333333,0.0,0.0,0.0,0.0,analytic,0.0,0,0.10483333333333333,0,1.3756050843798524,0.0,True,0,,,,,,L1_00568
1.5,0.0,-0.16666666666666696,4.0,0.0,0.0,0.0,0.0,analytic,0.0,0,0.11266666666666666,0,1.3846153846153844,0.0,True,0,,,,,,L1_00569
1.5,0.0,0.0,1.1666666666666665,0.0,0.0,0.0,0.0,solved,0.4998509359454815,200,0.022323119875667666,0,0.999739192652143,1.0,True,1,0.53,0.21,5.914726650710485e-05,solved,,L1_00570
1.5,0.0,0.0,1.3333333333333333,0.0,0.0,0.0,0.0,solved,0.5045139548685761,200,0.024159661792001387,0,0.999815778278707,1.0,True,1,0.53,0.41,1.3414397268984559e-05,solved,,L1_00571
1.5,0.0,0.0,1.5,0.0,0.0,0.0,0.0,analytic,0.0,0,0.027,0,1.0606601717798212,0.0,True,0,,,,,,L1_00572
1.5,0.0,0.0,1.6666666666666665,0.0,0.0,0.0,0.0,analytic,0.0,0,0.03016666666666666,0,1.1149412193707493,0.0,True,0,,,,,,L1_00573
1.5,0.0,0.0,1.8333333333333333,0.0,0.0,0.0,0.0,analytic,0.0,0,0.033666666666666664,0,1.1609359488049815,0.0,True,0,,,,,,L1_00574
1.5,0.0,0.0,2.0,0.0,0.0,0.0,0.0,analytic,0.0,0,0.0375,0,1.2,0.0,True,0,,,,,,L1_00575
1.5,0.0,0.0,2.1666666666666665,0.0,0.0,0.0,0.0,analytic,0.0,0,0.041666666666666664,0,1.233288287465668,0.0,True,0,,,,,,L1_00576
1.5,0.0,0.0,2.333333333333333,0.0,0.0,0.0,0.0,analytic,0.0,0,0.046166666666666654,0,1.2617677130648304,0.0,True,0,,,,,,L1_00577
1.5,0.0,0.0,2.5,0.0,0.0,0.0,0.0,analytic,0.0,0,0.051,0,1.2862393885688164,0.0,True,0,,,,,,L1_00578
1.5,0.0,0.0,2.6666666666666665,0.0,0.0,0.0,0.0,analytic,0.0,0,0.05616666666666666,0,1.307363305686824,0.0,True,0,,,,,,L1_00579
1.5,0.0,0.0,2.833333333333333,0.0,0.0,0.0,0.0,analytic,0.0,0,0.061666666666666654,0,1.3256818745205925,0.0,True,0,,,,,,L1_00580
1.5,0.0,0.0,3.0,0.0,0.0,0.0,0.0,analytic,0.0,0,0.0675,0,1.3416407864998738,0.0,True,0,,,,,,L1_00581
1.5,0.0,0.0,3.1666666666666665,0.0,0.0,0.0,0.0,analytic,0.0,0,0.07366666666666666,0,1.3556067583403082,0.0,True,0,,,,,,L1_00582
1.5,0.0,0.0,3.333333333333333,0.0,0.0,0.0,0.0,analytic,0.0,0,0.08016666666666666,0,1.3678822577626597,0.0,True,0,,,,,,L1_00583
1.5,0.0,0.0,3.5,0.0,0.0,0.0,0.0,analytic,0.0,0,0.087,0,1.3787175450270868,0.0,True,0,,,,,,L1_00584
1.5,0.0,0.0,3.6666666666666665,0.0,0.0,0.0,0.0,analytic,0.0,0,0.09416666666666666,0,1.3883204343085151,0.0,True,0,,,,,,L1_00585
1.5,0.0,0.0,3.833333333333333,0.0,0.0,0.0,0.0,analytic,0.0,0,0.10166666666666666,0,1.3968641695586301,0.0,True,0,,,,,,L1_00586
1.5,0.0,0.0,4.0,0.0,0.0,0.0,0.0,analytic,0.0,0,0.1095,0,1.4044937663535666,0.0,True,0,,,,,,L1_00587
1.5,0.0,0.16666666666666607,1.1666666666666665,0.0,0.0,0.0,0.0,solved,0.5574966812900094,200,0.018849010509776422,0,0.9998194807649515,1.0,True,1,0.53,0.26,3.881207543504755e-05,solved,,L1_00588
1.5,0.0,0.16666666666666607,1.3333333333333333,0.0,0.0,0.0,0.0,analytic,0.0,0,0.021333333333333343,0,1.060660171779821,0.0,True,0,,,,,,L1_00589
1.5,0.0,0.16666666666666607,1.5,0.0,0.0,0.0,0.0,analytic,0.0,0,0.02416666666666668,0,1.1211139780254893,0.0,True,0,,,,,,L1_00590
1.5,0.0,0.16666666666666607,1.6666666666666665,0.0,0.0,0.0,0.0,analytic,0.0,0,0.02733333333333334,0,1.1713032141645452,0.0,True,0,,,,,,L1_00591
1.5,0.0,0.16666666666666607,1.8333333333333333,0.0,0.0,0.0,0.0,analytic,0.0,0,0.030833333333333345,0,1.2131041264547826,0.0,True,0,,,,,,L1_00592
1.5,0.0,0.16666666666666607,2.0,0.0,0.0,0.0,0.0,analytic,0.0,0,0.03466666666666668,0,1.2480754415067654,0.0,True,0,,,,,,L1_00593
1.5,0.0,0.16666666666666607,2.1666666666666665,0.0,0.0,0.0,0.0,analytic,0.0,0,0.038833333333333345,0,1.2774874750568155,0.0,True,0,,,,,,L1_00594
1.5,0.0,0.16666666666666607,2.333333333333333,0.0,0.0,0.0,0.0,analytic,0.0,0,0.043333333333333335,0,1.3023647131866884,0.0,True,0,,,,,,L1_00595
1.5,0.0,0.16666666666666607,2.5,0.0,0.0,0.0,0.0,analytic,0.0,0,0.04816666666666667,0,1.3235294117647058,0.0,True,0,,,,,,L1_00596
1.5,0.0,0.16666666666666607,2.6666666666666665,0.0,0.0,0.0,0.0,analytic,0.0,0,0.05333333333333334,0,1.3416407864998736,0.0,True,0,,,,,,L1_00597
1.5,0.0,0.16666666666666607,2.833333333333333,0.0,0.0,0.0,0.0,analytic,0.0,0,0.05883333333333334,0,1.357228053301491,0.0,True,0,,,,,,L1_00598
1.5,0.0,0.16666666666666607,3.0,0.0,0.0,0.0,0.0,analytic,0.0,0,0.06466666666666668,0,1.3707173229303855,0.0,True,0,,,,,,L1_00599
1.5,0.0,0.16666666666666607,3.1666666666666665,0.0,0.0,0.0,0.0,analytic,0.0,0,0.07083333333333335,0,1.382453062707098,0.0,True,0,,,,,,L1_00600
1.5,0.0,0.16666666666666607,3.333333333333333,0.0,0.0,0.0,0.0,analytic,0.0,0,0.07733333333333334,0,1.3927150363278888,0.0,True,0,,,,,,L1_00601
1.5,0.0,0.16666666666666607,3.5,0.0,0.0,0.0,0.0,analytic,0.0,0,0.08416666666666667,0,1.401731602393452,0.0,True,0,,,,,,L1_00602
1.5,0.0,0.16666666666666607,3.6666666666666665,0.0,0.0,0.0,0.0,analytic,0.0,0,0.09133333333333332,0,1.4096901352326554,0.0,True,0,,,,,,L1_00603
1.5,0.0,0.16666666666666607,3.833333333333333,0.0,0.0,0.0,0.0,analytic,0.0,0,0.09883333333333333,0,1.4167451950592385,0.0,True,0,,,,,,L1_00604
1.5,0.0,0.16666666666666607,4.0,0.0,0.0,0.0,0.0,analytic,0.0,0,0.10666666666666667,0,1.4230249470757708,0.0,True,0,,,,,,L1_00605
1.5,0.0,0.33333333333333304,1.0,0.0,0.0,0.0,0.0,solved,0.6406483263002882,200,0.014244421109052694,0,0.9996741181068513,1.0,True,1,0.56,0.15,1.398235189520957e-06,solved,,L1_00606
1.5,0.0,0.33333333333333304,1.1666666666666665,0.0,0.0,0.0,0.0,analytic,0.0,0,0.016333333333333335,0,1.0606601717798212,0.0,True,0,,,,,,L1_00607
1.5,0.0,0.33333333333333304,1.3333333333333333,0.0,0.0,0.0,0.0,analytic,0.0,0,0.018833333333333337,0,1.1288650420603166,0.0,True,0,,,,,,L1_00608
1.5,0.0,0.33333333333333304,1.5,0.0,0.0,0.0,0.0,analytic,0.0,0,0.02166666666666667,0,1.1840283260644893,0.0,True,0,,,,,,L1_00609
1.5,0.0,0.33333333333333304,1.6666666666666665,0.0,0.0,0.0,0.0,analytic,0.0,0,0.024833333333333336,0,1.2288478807785606,0.0,True,0,,,,,,L1_00610
1.5,0.0,0.33333333333333304,1.8333333333333333,0.0,0.0,0.0,0.0,analytic,0.0,0,0.028333333333333335,0,1.2654922315981612,0.0,True,0,,,,,,L1_00611
1.5,0.0,0.33333333333333304,2.0,0.0,0.0,0.0,0.0,analytic,0.0,0,0.03216666666666667,0,1.2956683513476501,0.0,True,0,,,,,,L1_00612
1.5,0.0,0.33333333333333304,2.1666666666666665,0.0,0.0,0.0,0.0,analytic,0.0,0,0.03633333333333333,0,1.3207066498832627,0.0,True,0,,,,,,L1_00613
1.5,0.0,0.33333333333333304,2.333333333333333,0.0,0.0,0.0,0.0,analytic,0.0,0,0.040833333333333326,0,1.3416407864998736,0.0,True,0,,,,,,L1_00614
1.5,0.0,0.33333333333333304,2.5,0.0,0.0,0.0,0.0,analytic,0.0,0,0.045666666666666675,0,1.3592747099928981,0.0,True,0,,,,,,L1_00615
1.5,0.0,0.33333333333333304,2.6666666666666665,0.0,0.0,0.0,0.0,analytic,0.0,0,0.05083333333333334,0,1.3742360023532836,0.0,True,0,,,,,,L1_00616
1.5,0.0,0.33333333333333304,2.833333333333333,0.0,0.0,0.0,0.0,analytic,0.0,0,0.05633333333333333,0,1.3870171477120739,0.0,True,0,,,,,,L1_00617
1.5,0.0,0.33333333333333304,3.0,0.0,0.0,0.0,0.0,analytic,0.0,0,0.06216666666666667,0,1.398007007311944,0.0,True,0,,,,,,L1_00618
1.5,0.0,0.33333333333333304,3.1666666666666665,0.0,0.0,0.0,0.0,analytic,0.0,0,0.06833333333333334,0,1.407514675225665,0.0,True,0,,,,,,L1_00619
1.5,0.0,0.33333333333333304,3.333333333333333,0.0,0.0,0.0,0.0,analytic,0.0,0,0.07483333333333334,0,1.4157875345490258,0.0,True,0,,,,,,L1_00620
1.5,0.0,0.33333333333333304,3.5,0.0,0.0,0.0,0.0,analytic,0.0,0,0.08166666666666667,0,1.4230249470757705,0.0,True,0,,,,,,L1_00621
1.5,0.0,0.33333333333333304,3.6666666666666665,0.0,0.0,0.0,0.0,analytic,0.0,0,0.08883333333333333,0,1.429388670019893,0.0,True,0,,,,,,L1_00622
1.5,0.0,0.33333333333333304,3.833333333333333,0.0,0.0,0.0,0.0,analytic,0.0,0,0.09633333333333331,0,1.4350108206432877,0.0,True,0,,,,,,L1_00623
1.5,0.0,0.33333333333333304,4.0,0.0,0.0,0.0,0.0,analytic,0.0,0,0.10416666666666666,0,1.44,0.0,True,0,,,,,,L1_00624
1.5,0.0,0.5,1.0,0.0,0.0,0.0,0.0,analytic,0.0,0,0.012,0,1.0606601717798212,0.0,True,0,,,,,,L1_00625
1.5,0.0,0.5,1.1666666666666665,0.0,0.0,0.0,0.0,analytic,0.0,0,0.014166666666666664,0,1.138884903547945,0.0,True,0,,,,,,L1_00626
1.5,0.0,0.5,1.3333333333333333,0.0,0.0,0.0,0.0,analytic,0.0,0,0.016666666666666663,0,1.2,0.0,True,0,,,,,,L1_00627
1.5,0.0,0.5,1.5,0.0,0.0,0.0,0.0,analytic,0.0,0,0.0195,0,1.2480754415067654,0.0,True,0,,,,,,L1_00628
1.5,0.0,0.5,1.6666666666666665,0.0,0.0,0.0,0.0,analytic,0.0,0,0.022666666666666665,0,1.2862393885688164,0.0,True,0,,,,,,L1_00629
1.5,0.0,0.5,1.8333333333333333,0.0,0.0,0.0,0.0,analytic,0.0,0,0.026166666666666664,0,1.3168433593715767,0.0,True,0,,,,,,L1_00630
1.5,0.0,0.5,2.0,0.0,0.0,0.0,0.0,analytic,0.0,0,0.03,0,1.3416407864998738,0.0,True,0,,,,,,L1_00631
1.5,0.0,0.5,2.1666666666666665,0.0,0.0,0.0,0.0,analytic,0.0,0,0.034166666666666665,0,1.3619390767506774,0.0,True,0,,,,,,L1_00632
1.5,0.0,0.5,2.333333333333333,0.0,0.0,0.0,0.0,analytic,0.0,0,0.038666666666666655,0,1.3787175450270868,0.0,True,0,,,,,,L1_00633
1.5,0.0,0.5,2.5,0.0,0.0,0.0,0.0,analytic,0.0,0,0.0435,0,1.392715036327889,0.0,True,0,,,,,,L1_00634
1.5,0.0,0.5,2.6666666666666665,0.0,0.0,0.0,0.0,analytic,0.0,0,0.048666666666666664,0,1.4044937663535668,0.0,True,0,,,,,,L1_00635
1.5,0.0,0.5,2.833333333333333,0.0,0.0,0.0,0.0,analytic,0.0,0,0.054166666666666655,0,1.4144855003743342,0.0,True,0,,,,,,L1_00636
1.5,0.0,0.5,3.0,0.0,0.0,0.0,0.0,analytic,0.0,0,0.06,0,1.4230249470757708,0.0,True,0,,,,,,L1_00637
1.5,0.0,0.5,3.1666666666666665,0.0,0.0,0.0,0.0,analytic,0.0,0,0.06616666666666665,0,1.4303739977012124,0.0,True,0,,,,,,L1_00638
1.5,0.0,0.5,3.333333333333333,0.0,0.0,0.0,0.0,analytic,0.0,0,0.07266666666666666,0,1.436739427831727,0.0,True,0,,,,,,L1_00639
1.5,0.0,0.5,3.5,0.0,0.0,0.0,0.0,analytic,0.0,0,0.0795,0,1.4422859214612347,0.0,True,0,,,,,,L1_00640
1.5,0.0,0.5,3.6666666666666665,0.0,0.0,0.0,0.0,analytic,0.0,0,0.08666666666666666,0,1.4471457318565983,0.0,True,0,,,,,,L1_00641
1.5,0.0,0.5,3.833333333333333,0.0,0.0,0.0,0.0,analytic,0.0,0,0.09416666666666666,0,1.4514259085952659,0.0,True,0,,,,,,L1_00642
1.5,0.0,0.5,4.0,0.0,0.0,0.0,0.0,analytic,0.0,0,0.102,0,1.455213750217998,0.0,True,0,,,,,,L1_00643
1.5,0.0,0.6666666666666661,0.8333333333333333,0.0,0.0,0.0,0.0,analytic,0.0,0,0.008333333333333338,0,1.060660171779821,0.0,True,0,,,,,,L1_00644
1.5,0.0,0.6666666666666661,1.0,0.0,0.0,0.0,0.0,analytic,0.0,0,0.010166666666666673,0,1.1523319193960635,0.0,True,0,,,,,,L1_00645
1.5,0.0,0.6666666666666661,1.1666666666666665,0.0,0.0,0.0,0.0,analytic,0.0,0,0.012333333333333337,0,1.220600206810102,0.0,True,0,,,,,,L1_00646
1.5,0.0,0.6666666666666661,1.3333333333333333,0.0,0.0,0.0,0.0,analytic,0.0,0,0.014833333333333339,0,1.2719974560076317,0.0,True,0,,,,,,L1_00647
1.5,0.0,0.6666666666666661,1.5,0.0,0.0,0.0,0.0,analytic,0.0,0,0.01766666666666667,0,1.3112359141823065,0.0,True,0,,,,,,L1_00648
1.5,0.0,0.6666666666666661,1.6666666666666665,0.0,0.0,0.0,0.0,analytic,0.0,0,0.020833333333333336,0,1.3416407864998736,0.0,True,0,,,,,,L1_00649
1.5,0.0,0.6666666666666661,1.8333333333333333,0.0,0.0,0.0,0.0,analytic,0.0,0,0.024333333333333335,0,1.365549716193907,0.0,True,0,,,,,,L1_00650
1.5,0.0,0.6666666666666661,2.0,0.0,0.0,0.0,0.0,analytic,0.0,0,0.02816666666666667,0,1.3846153846153844,0.0,True,0,,,,,,L1_00651
1.5,0.0,0.6666666666666661,2.1666666666666665,0.0,0.0,0.0,0.0,analytic,0.0,0,0.03233333333333334,0,1.4000184093045893,0.0,True,0,,,,,,L1_00652
1.5,0.0,0.6666666666666661,2.333333333333333,0.0,0.0,0.0,0.0,analytic,0.0,0,0.03683333333333333,0,1.412612867392256,0.0,True,0,,,,,,L1_00653
1.5,0.0,0.6666666666666661,2.5,0.0,0.0,0.0,0.0,analytic,0.0,0,0.04166666666666667,0,1.4230249470757708,0.0,True,0,,,,,,L1_00654
1.5,0.0,0.6666666666666661,2.6666666666666665,0.0,0.0,0.0,0.0,analytic,0.0,0,0.04683333333333334,0,1.4317199670525445,0.0,True,0,,,,,,L1_00655
1.5,0.0,0.6666666666666661,2.833333333333333,0.0,0.0,0.0,0.0,analytic,0.0,0,0.05233333333333333,0,1.4390482523569057,0.0,True,0,,,,,,L1_00656
1.5,0.0,0.6666666666666661,3.0,0.0,0.0,0.0,0.0,analytic,0.0,0,0.05816666666666667,0,1.4452768644449108,0.0,True,0,,,,,,L1_00657
1.5,0.0,0.6666666666666661,3.1666666666666665,0.0,0.0,0.0,0.0,analytic,0.0,0,0.06433333333333333,0,1.4506118058939697,0.0,True,0,,,,,,L1_00658
1.5,0.0,0.6666666666666661,3.333333333333333,0.0,0.0,0.0,0.0,analytic,0.0,0,0.07083333333333332,0,1.4552137502179978,0.0,True,0,,,,,,L1_00659
1.5,0.0,0.6666666666666661,3.5,0.0,0.0,0.0,0.0,analytic,0.0,0,0.07766666666666668,0,1.4592093220280504,0.0,True,0,,,,,,L1_00660
1.5,0.0,0.6666666666666661,3.6666666666666665,0.0,0.0,0.0,0.0,analytic,0.0,0,0.08483333333333333,0,1.4626992836871895,0.0,True,0,,,,,,L1_00661
1.5,0.0,0.6666666666666661,3.833333333333333,0.0,0.0,0.0,0.0,analytic,0.0,0,0.09233333333333332,0,1.4657645458842015,0.0,True,0,,,,,,L1_00662
1.5,0.0,0.6666666666666661,4.0,0.0,0.0,0.0,0.0,analytic,0.0,0,0.10016666666666668,0,1.4684706296064074,0.0,True,0,,,,,,L1_00663
1.5,0.0,0.833333333333333,0.6666666666666666,0.0,0.0,0.0,0.0,analytic,0.0,0,0.005333333333333336,0,1.0671873729054746,0.0,True,0,,,,,,L1_00664
1.5,0.0,0.833333333333333,0.8333333333333333,0.0,0.0,0.0,0.0,analytic,0.0,0,0.006833333333333335,0,1.1713032141645452,0.0,True,0,,,,,,L1_00665
1.5,0.0,0.833333333333333,1.0,0.0,0.0,0.0,0.0,analytic,0.0,0,0.00866666666666667,0,1.2480754415067654,0.0,True,0,,,,,,L1_00666
1.5,0.0,0.833333333333333,1.1666666666666665,0.0,0.0,0.0,0.0,analytic,0.0,0,0.010833333333333334,0,1.3023647131866884,0.0,True,0,,,,,,L1_00667
1.5,0.0,0.833333333333333,1.3333333333333333,0.0,0.0,0.0,0.0,analytic,0.0,0,0.013333333333333334,0,1.3416407864998736,0.0,True,0,,,,,,L1_00668
1.5,0.0,0.833333333333333,1.5,0.0,0.0,0.0,0.0,analytic,0.0,0,0.01616666666666667,0,1.3707173229303855,0.0,True,0,,,,,,L1_00669
1.5,0.0,0.833333333333333,1.6666666666666665,0.0,0.0,0.0,0.0,analytic,0.0,0,0.019333333333333334,0,1.3927150363278888,0.0,True,0,,,,,,L1_00670
1.5,0.0,0.833333333333333,1.8333333333333333,0.0,0.0,0.0,0.0,analytic,0.0,0,0.02283333333333333,0,1.4096901352326554,0.0,True,0,,,,,,L1_00671
1.5,0.0,0.833333333333333,2.0,0.0,0.0,0.0,0.0,analytic,0.0,0,0.02666666666666667,0,1.4230249470757708,0.0,True,0,,,,,,L1_00672
1.5,0.0,0.833333333333333,2.1666666666666665,0.0,0.0,0.0,0.0,analytic,0.0,0,0.030833333333333327,0,1.4336685130829252,0.0,True,0,,,,,,L1_00673
1.5,0.0,0.833333333333333,2.333333333333333,0.0,0.0,0.0,0.0,analytic,0.0,0,0.03533333333333333,0,1.4422859214612347,0.0,True,0,,,,,,L1_00674
1.5,0.0,0.833333333333333,2.5,0.0,0.0,0.0,0.0,analytic,0.0,0,0.04016666666666667,0,1.4493524094018693,0.0,True,0,,,,,,L1_00675
1.5,0.0,0.833333333333333,2.6666666666666665,0.0,0.0,0.0,0.0,analytic,0.0,0,0.04533333333333333,0,1.4552137502179976,0.0,True,0,,,,,,L1_00676
1.5,0.0,0.833333333333333,2.833333333333333,0.0,0.0,0.0,0.0,analytic,0.0,0,0.05083333333333333,0,1.460125752500364,0.0,True,0,,,,,,L1_00677
1.5,0.0,0.833333333333333,3.0,0.0,0.0,0.0,0.0,analytic,0.0,0,0.05666666666666667,0,1.4642805902759293,0.0,True,0,,,,,,L1_00678
1.5,0.0,0.833333333333333,3.1666666666666665,0.0,0.0,0.0,0.0,analytic,0.0,0,0.06283333333333332,0,1.4678246774801234,0.0,True,0,,,,,,L1_00679
1.5,0.0,0.833333333333333,3.333333333333333,0.0,0.0,0.0,0.0,analytic,0.0,0,0.06933333333333332,0,1.4708710135363803,0.0,True,0,,,,,,L1_00680
1.5,0.0,0.833333333333333,3.5,0.0,0.0,0.0,0.0,analytic,0.0,0,0.07616666666666667,0,1.473507849633712,0.0,True,0,,,,,,L1_00681
1.5,0.0,0.833333333333333,3.6666666666666665,0.0,0.0,0.0,0.0,analytic,0.0,0,0.08333333333333333,0,1.4758048651498612,0.0,True,0,,,,,,L1_00682
1.5,0.0,0.833333333333333,3.833333333333333,0.0,0.0,0.0,0.0,analytic,0.0,0,0.09083333333333334,0,1.4778176322295118,0.0,True,0,,,,,,L1_00683
1.5,0.0,0.833333333333333,4.0,0.0,0.0,0.0,0.0,analytic,0.0,0,0.09866666666666668,0,1.4795908857482156,0.0,True,0,,,,,,L1_00684
1.5,0.0,1.0,0.3333333333333333,0.0,0.0,0.0,0.0,analytic,0.0,0,0.0021666666666666666,0,1.0540925533894598,0.0,True,0,,,,,,L1_00685
1.5,0.0,1.0,0.5,0.0,0.0,0.0,0.0,analytic,0.0,0,0.003,0,1.118033988749895,0.0,True,0,,,,,,L1_00686
1.5,0.0,1.0,0.6666666666666666,0.0,0.0,0.0,0.0,analytic,0.0,0,0.004166666666666666,0,1.2018504251546631,0.0,True,0,,,,,,L1_00687
1.5,0.0,1.0,0.8333333333333333,0.0,0.0,0.0,0.0,analytic,0.0,0,0.005666666666666666,0,1.2862393885688164,0.0,True,0,,,,,,L1_00688
1.5,0.0,1.0,1.0,0.0,0.0,0.0,0.0,analytic,0.0,0,0.0075,0,1.3416407864998738,0.0,True,0,,,,,,L1_00689
1.5,0.0,1.0,1.1666666666666665,0.0,0.0,0.0,0.0,analytic,0.0,0,0.009666666666666664,0,1.3787175450270868,0.0,True,0,,,,,,L1_00690
1.5,0.0,1.0,1.3333333333333333,0.0,0.0,0.0,0.0,analytic,0.0,0,0.012166666666666666,0,1.4044937663535668,0.0,True,0,,,,,,L1_00691
1.5,0.0,1.0,1.5,0.0,0.0,0.0,0.0,analytic,0.0,0,0.015,0,1.4230249470757708,0.0,True,0,,,,,,L1_00692
1.5,0.0,1.0,1.6666666666666665,0.0,0.0,0.0,0.0,analytic,0.0,0,0.018166666666666664,0,1.436739427831727,0.0,True,0,,,,,,L1_00693
1.5,0.0,1.0,1.8333333333333333,0.0,0.0,0.0,0.0,analytic,0.0,0,0.021666666666666664,0,1.4471457318565983,0.0,True,0,,,,,,L1_00694
1.5,0.0,1.0,2.0,0.0,0.0,0.0,0.0,analytic,0.0,0,0.0255,0,1.455213750217998,0.0,True,0,,,,,,L1_00695
1.5,0.0,1.0,2.1666666666666665,0.0,0.0,0.0,0.0,analytic,0.0,0,0.029666666666666664,0,1.46158679354193,0.0,True,0,,,,,,L1_00696
1.5,0.0,1.0,2.333333333333333,0.0,0.0,0.0,0.0,analytic,0.0,0,0.03416666666666666,0,1.4667036211161142,0.0,True,0,,,,,,L1_00697
1.5,0.0,1.0,2.5,0.0,0.0,0.0,0.0,analytic,0.0,0,0.039,0,1.4708710135363803,0.0,True,0,,,,,,L1_00698
1.5,0.0,1.0,2.6666666666666665,0.0,0.0,0.0,0.0,analytic,0.0,0,0.04416666666666667,0,1.4743082804014829,0.0,True,0,,,,,,L1_00699
1.5,0.0,1.0,2.833333333333333,0.0,0.0,0.0,0.0,analytic,0.0,0,0.04966666666666666,0,1.477175338226905,0.0,True,0,,,,,,L1_00700
1.5,0.0,1.0,3.0,0.0,0.0,0.0,0.0,analytic,0.0,0,0.0555,0,1.4795908857482156,0.0,True,0,,,,,,L1_00701
1.5,0.0,1.0,3.1666666666666665,0.0,0.0,0.0,0.0,analytic,0.0,0,0.061666666666666654,0,1.4816444479936037,0.0,True,0,,,,,,L1_00702
1.5,0.0,1.0,3.333333333333333,0.0,0.0,0.0,0.0,analytic,0.0,0,0.06816666666666665,0,1.4834045293024463,0.0,True,0,,,,,,L1_00703
1.5,0.0,1.0,3.5,0.0,0.0,0.0,0.0,analytic,0.0,0,0.075,0,1.4849242404917498,0.0,True,0,,,,,,L1_00704
1.5,0.0,1.0,3.6666666666666665,0.0,0.0,0.0,0.0,analytic,0.0,0,0.08216666666666665,0,1.4862452520664482,0.0,True,0,,,,,,L1_00705
1.5,0.0,1.0,3.833333333333333,0.0,0.0,0.0,0.0,analytic,0.0,0,0.08966666666666666,0,1.4874006167793326,0.0,True,0,,,,,,L1_00706
1.5,0.0,1.0,4.0,0.0,0.0,0.0,0.0,analytic,0.0,0,0.0975,0,1.4884168150705015,0.0,True,0,,,,,,L1_00707
1.5,0.0,1.166666666666666,0.05,0.0,0.0,0.0,0.0,analytic,0.0,0,0.0006816666666666691,0,1.16773760370689,0.0,True,0,,,,,,L1_00708
1.5,0.0,1.166666666666666,0.16666666666666666,0.0,0.0,0.0,0.0,analytic,0.0,0,0.0008333333333333357,0,1.1785113019775786,0.0,True,0,,,,,,L1_00709
1.5,0.0,1.166666666666666,0.3333333333333333,0.0,0.0,0.0,0.0,analytic,0.0,0,0.0013333333333333357,0,1.2133516482134192,0.0,True,0,,,,,,L1_00710
1.5,0.0,1.166666666666666,0.5,0.0,0.0,0.0,0.0,analytic,0.0,0,0.0021666666666666687,0,1.2692955176439842,0.0,True,0,,,,,,L1_00711
1.5,0.0,1.166666666666666,0.6666666666666666,0.0,0.0,0.0,0.0,analytic,0.0,0,0.0033333333333333357,0,1.3416407864998732,0.0,True,0,,,,,,L1_00712
1.5,0.0,1.166666666666666,0.8333333333333333,0.0,0.0,0.0,0.0,analytic,0.0,0,0.0048333333333333344,0,1.3927150363278886,0.0,True,0,,,,,,L1_00713
1.5,0.0,1.166666666666666,1.0,0.0,0.0,0.0,0.0,analytic,0.0,0,0.00666666666666667,0,1.4230249470757705,0.0,True,0,,,,,,L1_00714
1.5,0.0,1.166666666666666,1.1666666666666665,0.0,0.0,0.0,0.0,analytic,0.0,0,0.008833333333333334,0,1.4422859214612345,0.0,True,0,,,,,,L1_00715
1.5,0.0,1.166666666666666,1.3333333333333333,0.0,0.0,0.0,0.0,analytic,0.0,0,0.011333333333333336,0,1.4552137502179976,0.0,True,0,,,,,,L1_00716
1.5,0.0,1.166666666666666,1.5,0.0,0.0,0.0,0.0,analytic,0.0,0,0.01416666666666667,0,1.464280590275929,0.0,True,0,,,,,,L1_00717
1.5,0.0,1.166666666666666,1.6666666666666665,0.0,0.0,0.0,0.0,analytic,0.0,0,0.017333333333333333,0,1.4708710135363803,0.0,True,0,,,,,,L1_00718
1.5,0.0,1.166666666666666,1.8333333333333333,0.0,0.0,0.0,0.0,analytic,0.0,0,0.020833333333333336,0,1.475804865149861,0.0,True,0,,,,,,L1_00719
1.5,0.0,1.166666666666666,2.0,0.0,0.0,0.0,0.0,analytic,0.0,0,0.02466666666666667,0,1.4795908857482156,0.0,True,0,,,,,,L1_00720
1.5,0.0,1.166666666666666,2.1666666666666665,0.0,0.0,0.0,0.0,analytic,0.0,0,0.028833333333333332,0,1.4825575464759257,0.0,True,0,,,,,,L1_00721
1.5,0.0,1.166666666666666,2.333333333333333,0.0,0.0,0.0,0.0,analytic,0.0,0,0.033333333333333326,0,1.4849242404917498,0.0,True,0,,,,,,L1_00722
1.5,0.0,1.166666666666666,2.5,0.0,0.0,0.0,0.0,analytic,0.0,0,0.03816666666666667,0,1.486841851023952,0.0,True,0,,,,,,L1_00723
1.5,0.0,1.166666666666666,2.6666666666666665,0.0,0.0,0.0,0.0,analytic,0.0,0,0.043333333333333335,0,1.4884168150705013,0.0,True,0,,,,,,L1_00724
1.5,0.0,1.166666666666666,2.833333333333333,0.0,0.0,0.0,0.0,analytic,0.0,0,0.048833333333333326,0,1.4897259064843142,0.0,True,0,,,,,,L1_00725
1.5,0.0,1.166666666666666,3.0,0.0,0.0,0.0,0.0,analytic,0.0,0,0.05466666666666666,0,1.4908256020104282,0.0,True,0,,,,,,L1_00726
1.5,0.0,1.166666666666666,3.1666666666666665,0.0,0.0,0.0,0.0,analytic,0.0,0,0.06083333333333333,0,1.4917581793821089,0.0,True,0,,,,,,L1_00727
1.5,0.0,1.166666666666666,3.333333333333333,0.0,0.0,0.0,0.0,analytic,0.0,0,0.06733333333333331,0,1.4925557853149836,0.0,True,0,,,,,,L1_00728
1.5,0.0,1.166666666666666,3.5,0.0,0.0,0.0,0.0,analytic,0.0,0,0.07416666666666666,0,1.493243208890928,0.0,True,0,,,,,,L1_00729
1.5,0.0,1.166666666666666,3.6666666666666665,0.0,0.0,0.0,0.0,analytic,0.0,0,0.08133333333333331,0,1.4938398097015557,0.0,True,0,,,,,,L1_00730
1.5,0.0,1.166666666666666,3.833333333333333,0.0,0.0,0.0,0.0,analytic,0.0,0,0.08883333333333332,0,1.4943608822935244,0.0,True,0,,,,,,L1_00731
1.5,0.0,1.166666666666666,4.0,0.0,0.0,0.0,0.0,analytic,0.0,0,0.09666666666666665,0,1.4948186373673193,0.0,True,0,,,,,,L1_00732
1.5,0.0,1.333333333333333,0.05,0.0,0.0,0.0,0.0,analytic,0.0,0,0.00018166666666666724,0,1.3342705039750287,0.0,True,0,,,,,,L1_00733
1.5,0.0,1.333333333333333,0.16666666666666666,0.0,0.0,0.0,0.0,analytic,0.0,0,0.0003333333333333339,0,1.3437096247164246,0.0,True,0,,,,,,L1_00734
1.5,0.0,1.333333333333333,0.3333333333333333,0.0,0.0,0.0,0.0,analytic,0.0,0,0.0008333333333333339,0,1.3743685418725533,0.0,True,0,,,,,,L1_00735
1.5,0.0,1.333333333333333,0.5,0.0,0.0,0.0,0.0,analytic,0.0,0,0.0016666666666666674,0,1.4230249470757705,0.0,True,0,,,,,,L1_00736
1.5,0.0,1.333333333333333,0.6666666666666666,0.0,0.0,0.0,0.0,analytic,0.0,0,0.002833333333333334,0,1.4552137502179976,0.0,True,0,,,,,,L1_00737
1.5,0.0,1.333333333333333,0.8333333333333333,0.0,0.0,0.0,0.0,analytic,0.0,0,0.004333333333333333,0,1.4708710135363803,0.0,True,0,,,,,,L1_00738
1.5,0.0,1.333333333333333,1.0,0.0,0.0,0.0,0.0,analytic,0.0,0,0.0061666666666666675,0,1.4795908857482156,0.0,True,0,,,,,,L1_00739
1.5,0.0,1.333333333333333,1.1666666666666665,0.0,0.0,0.0,0.0,analytic,0.0,0,0.008333333333333331,0,1.4849242404917498,0.0,True,0,,,,,,L1_00740
1.5,0.0,1.333333333333333,1.3333333333333333,0.0,0.0,0.0,0.0,analytic,0.0,0,0.010833333333333334,0,1.4884168150705013,0.0,True,0,,,,,,L1_00741
1.5,0.0,1.333333333333333,1.5,0.0,0.0,0.0,0.0,analytic,0.0,0,0.013666666666666666,0,1.4908256020104282,0.0,True,0,,,,,,L1_00742
1.5,0.0,1.333333333333333,1.6666666666666665,0.0,0.0,0.0,0.0,analytic,0.0,0,0.01683333333333333,0,1.4925557853149836,0.0,True,0,,,,,,L1_00743
1.5,0.0,1.333333333333333,1.8333333333333333,0.0,0.0,0.0,0.0,analytic,0.0,0,0.020333333333333328,0,1.4938398097015557,0.0,True,0,,,,,,L1_00744
1.5,0.0,1.333333333333333,2.0,0.0,0.0,0.0,0.0,analytic,0.0,0,0.024166666666666663,0,1.4948186373673193,0.0,True,0,,,,,,L1_00745
1.5,0.0,1.333333333333333,2.1666666666666665,0.0,0.0,0.0,0.0,analytic,0.0,0,0.02833333333333333,0,1.4955817282523725,0.0,True,0,,,,,,L1_00746
1.5,0.0,1.333333333333333,2.333333333333333,0.0,0.0,0.0,0.0,analytic,0.0,0,0.03283333333333332,0,1.4961880497461026,0.0,True,0,,,,,,L1_00747
1.5,0.0,1.333333333333333,2.5,0.0,0.0,0.0,0.0,analytic,0.0,0,0.03766666666666667,0,1.4966777367849133,0.0,True,0,,,,,,L1_00748
1.5,0.0,1.333333333333333,2.6666666666666665,0.0,0.0,0.0,0.0,analytic,0.0,0,0.04283333333333333,0,1.497078867724333,0.0,True,0,,,,,,L1_00749
1.5,0.0,1.333333333333333,2.833333333333333,0.0,0.0,0.0,0.0,analytic,0.0,0,0.048333333333333325,0,1.497411559762494,0.0,True,0,,,,,,L1_00750
1.5,0.0,1.333333333333333,3.0,0.0,0.0,0.0,0.0,analytic,0.0,0,0.05416666666666667,0,1.4976905298081185,0.0,True,0,,,,,,L1_00751
1.5,0.0,1.333333333333333,3.1666666666666665,0.0,0.0,0.0,0.0,analytic,0.0,0,0.06033333333333333,0,1.4979267439987645,0.0,True,0,,,,,,L1_00752
1.5,0.0,1.333333333333333,3.333333333333333,0.0,0.0,0.0,0.0,analytic,0.0,0,0.06683333333333333,0,1.498128508316767,0.0,True,0,,,,,,L1_00753
1.5,0.0,1.333333333333333,3.5,0.0,0.0,0.0,0.0,analytic,0.0,0,0.07366666666666667,0,1.4983022065866562,0.0,True,0,,,,,,L1_00754
1.5,0.0,1.333333333333333,3.6666666666666665,0.0,0.0,0.0,0.0,analytic,0.0,0,0.08083333333333333,0,1.4984528103154493,0.0,True,0,,,,,,L1_00755
1.5,0.0,1.333333333333333,3.833333333333333,0.0,0.0,0.0,0.0,analytic,0.0,0,0.08833333333333333,0,1.4985842375325895,0.0,True,0,,,,,,L1_00756
1.5,0.0,1.333333333333333,4.0,0.0,0.0,0.0,0.0,analytic,0.0,0,0.09616666666666668,0,1.4986996096385279,0.0,True,0,,,,,,L1_00757
1.5,0.0,1.5,0.05,0.0,0.0,0.0,0.0,analytic,0.0,0,1.5000000000000002e-05,0,1.5,0.0,True,0,,,,,,L1_00758
1.5,0.0,1.5,0.16666666666666666,0.0,0.0,0.0,0.0,analytic,0.0,0,0.00016666666666666666,0,1.5,0.0,True,0,,,,,,L1_00759
1.5,0.0,1.5,0.3333333333333333,0.0,0.0,0.0,0.0,analytic,0.0,0,0.0006666666666666666,0,1.5,0.0,True,0,,,,,,L1_00760
1.5,0.0,1.5,0.5,0.0,0.0,0.0,0.0,analytic,0.0,0,0.0015,0,1.5,0.0,True,0,,,,,,L1_00761
1.5,0.0,1.5,0.6666666666666666,0.0,0.0,0.0,0.0,analytic,0.0,0,0.0026666666666666666,0,1.5,0.0,True,0,,,,,,L1_00762
1.5,0.0,1.5,0.8333333333333333,0.0,0.0,0.0,0.0,analytic,0.0,0,0.004166666666666666,0,1.5,0.0,True,0,,,,,,L1_00763
1.5,0.0,1.5,1.0,0.0,0.0,0.0,0.0,analytic,0.0,0,0.006,0,1.5,0.0,True,0,,,,,,L1_00764
1.5,0.0,1.5,1.1666666666666665,0.0,0.0,0.0,0.0,analytic,0.0,0,0.008166666666666664,0,1.5,0.0,True,0,,,,,,L1_00765
1.5,0.0,1.5,1.3333333333333333,0.0,0.0,0.0,0.0,analytic,0.0,0,0.010666666666666666,0,1.5,0.0,True,0,,,,,,L1_00766
1.5,0.0,1.5,1.5,0.0,0.0,0.0,0.0,analytic,0.0,0,0.0135,0,1.5,0.0,True,0,,,,,,L1_00767
1.5,0.0,1.5,1.6666666666666665,0.0,0.0,0.0,0.0,analytic,0.0,0,0.016666666666666663,0,1.5,0.0,True,0,,,,,,L1_00768
1.5,0.0,1.5,1.8333333333333333,0.0,0.0,0.0,0.0,analytic,0.0,0,0.020166666666666663,0,1.5,0.0,True,0,,,,,,L1_00769
1.5,0.0,1.5,2.0,0.0,0.0,0.0,0.0,analytic,0.0,0,0.024,0,1.5,0.0,True,0,,,,,,L1_00770
1.5,0.0,1.5,2.1666666666666665,0.0,0.0,0.0,0.0,analytic,0.0,0,0.028166666666666663,0,1.5,0.0,True,0,,,,,,L1_00771
1.5,0.0,1.5,2.333333333333333,0.0,0.0,0.0,0.0,analytic,0.0,0,0.032666666666666656,0,1.5,0.0,True,0,,,,,,L1_00772
1.5,0.0,1.5,2.5,0.0,0.0,0.0,0.0,analytic,0.0,0,0.0375,0,1.5,0.0,True,0,,,,,,L1_00773
1.5,0.0,1.5,2.6666666666666665,0.0,0.0,0.0,0.0,analytic,0.0,0,0.042666666666666665,0,1.5,0.0,True,0,,,,,,L1_00774
1.5,0.0,1.5,2.833333333333333,0.0,0.0,0.0,0.0,analytic,0.0,0,0.048166666666666656,0,1.5,0.0,True,0,,,,,,L1_00775
1.5,0.0,1.5,3.0,0.0,0.0,0.0,0.0,analytic,0.0,0,0.054,0,1.5,0.0,True,0,,,,,,L1_00776
1.5,0.0,1.5,3.1666666666666665,0.0,0.0,0.0,0.0,analytic,0.0,0,0.06016666666666666,0,1.5,0.0,True,0,,,,,,L1_00777
1.5,0.0,1.5,3.333333333333333,0.0,0.0,0.0,0.0,analytic,0.0,0,0.06666666666666665,0,1.5,0.0,True,0,,,,,,L1_00778
1.5,0.0,1.5,3.5,0.0,0.0,0.0,0.0,analytic,0.0,0,0.0735,0,1.5,0.0,True,0,,,,,,L1_00779
1.5,0.0,1.5,3.6666666666666665,0.0,0.0,0.0,0.0,analytic,0.0,0,0.08066666666666665,0,1.5,0.0,True,0,,,,,,L1_00780
1.5,0.0,1.5,3.833333333333333,0.0,0.0,0.0,0.0,analytic,0.0,0,0.08816666666666666,0,1.5,0.0,True,0,,,,,,L1_00781
1.5,0.0,1.5,4.0,0.0,0.0,0.0,0.0,analytic,0.0,0,0.096,0,1.5,0.0,True,0,,,,,,L1_00782
1.5,0.0,1.666666666666666,0.05,0.0,0.0,0.0,0.0,analytic,0.0,0,0.0001816666666666655,0,1.5,0.0,True,0,,,,,,L1_00783
1.5,0.0,1.666666666666666,0.16666666666666666,0.0,0.0,0.0,0.0,analytic,0.0,0,0.00033333333333333213,0,1.5,0.0,True,0,,,,,,L1_00784
1.5,0.0,1.666666666666666,0.3333333333333333,0.0,0.0,0.0,0.0,analytic,0.0,0,0.0008333333333333321,0,1.5,0.0,True,0,,,,,,L1_00785
1.5,0.0,1.666666666666666,0.5,0.0,0.0,0.0,0.0,analytic,0.0,0,0.0016666666666666655,0,1.5,0.0,True,0,,,,,,L1_00786
1.5,0.0,1.666666666666666,0.6666666666666666,0.0,0.0,0.0,0.0,analytic,0.0,0,0.0028333333333333322,0,1.5,0.0,True,0,,,,,,L1_00787
1.5,0.0,1.666666666666666,0.8333333333333333,0.0,0.0,0.0,0.0,analytic,0.0,0,0.004333333333333331,0,1.5,0.0,True,0,,,,,,L1_00788
1.5,0.0,1.666666666666666,1.0,0.0,0.0,0.0,0.0,analytic,0.0,0,0.006166666666666666,0,1.5,0.0,True,0,,,,,,L1_00789
1.5,0.0,1.666666666666666,1.1666666666666665,0.0,0.0,0.0,0.0,analytic,0.0,0,0.00833333333333333,0,1.5,0.0,True,0,,,,,,L1_00790
1.5,0.0,1.666666666666666,1.3333333333333333,0.0,0.0,0.0,0.0,analytic,0.0,0,0.010833333333333332,0,1.5,0.0,True,0,,,,,,L1_00791
1.5,0.0,1.666666666666666,1.5,0.0,0.0,0.0,0.0,analytic,0.0,0,0.013666666666666666,0,1.5,0.0,True,0,,,,,,L1_00792
1.5,0.0,1.666666666666666,1.6666666666666665,0.0,0.0,0.0,0.0,analytic,0.0,0,0.01683333333333333,0,1.5,0.0,True,0,,,,,,L1_00793
1.5,0.0,1.666666666666666,1.8333333333333333,0.0,0.0,0.0,0.0,analytic,0.0,0,0.020333333333333328,0,1.5,0.0,True,0,,,,,,L1_00794
1.5,0.0,1.666666666666666,2.0,0.0,0.0,0.0,0.0,analytic,0.0,0,0.024166666666666663,0,1.5,0.0,True,0,,,,,,L1_00795
1.5,0.0,1.666666666666666,2.1666666666666665,0.0,0.0,0.0,0.0,analytic,0.0,0,0.02833333333333333,0,1.5,0.0,True,0,,,,,,L1_00796
1.5,0.0,1.666666666666666,2.333333333333333,0.0,0.0,0.0,0.0,analytic,0.0,0,0.03283333333333332,0,1.5,0.0,True,0,,,,,,L1_00797
1.5,0.0,1.666666666666666,2.5,0.0,0.0,0.0,0.0,analytic,0.0,0,0.03766666666666667,0,1.5,0.0,True,0,,,,,,L1_00798
1.5,0.0,1.666666666666666,2.6666666666666665,0.0,0.0,0.0,0.0,analytic,0.0,0,0.04283333333333333,0,1.5,0.0,True,0,,,,,,L1_00799
1.5,0.0,1.666666666666666,2.833333333333333,0.0,0.0,0.0,0.0,analytic,0.0,0,0.04833333333333332,0,1.5,0.0,True,0,,,,,,L1_00800
1.5,0.0,1.666666666666666,3.0,0.0,0.0,0.0,0.0,analytic,0.0,0,0.054166666666666655,0,1.5,0.0,True,0,,,,,,L1_00801
1.5,0.0,1.666666666666666,3.1666666666666665,0.0,0.0,0.0,0.0,analytic,0.0,0,0.06033333333333332,0,1.5,0.0,True,0,,,,,,L1_00802
1.5,0.0,1.666666666666666,3.333333333333333,0.0,0.0,0.0,0.0,analytic,0.0,0,0.06683333333333331,0,1.5,0.0,True,0,,,,,,L1_00803
1.5,0.0,1.666666666666666,3.5,0.0,0.0,0.0,0.0,analytic,0.0,0,0.07366666666666666,0,1.5,0.0,True,0,,,,,,L1_00804
1.5,0.0,1.666666666666666,3.6666666666666665,0.0,0.0,0.0,0.0,analytic,0.0,0,0.08083333333333331,0,1.5,0.0,True,0,,,,,,L1_00805
1.5,0.0,1.666666666666666,3.833333333333333,0.0,0.0,0.0,0.0,analytic,0.0,0,0.08833333333333332,0,1.5,0.0,True,0,,,,,,L1_00806
1.5,0.0,1.666666666666666,4.0,0.0,0.0,0.0,0.0,analytic,0.0,0,0.09616666666666668,0,1.5,0.0,True,0,,,,,,L1_00807
1.5,0.0,1.833333333333333,0.05,0.0,0.0,0.0,0.0,analytic,0.0,0,0.0006816666666666655,0,1.5,0.0,True,0,,,,,,L1_00808
1.5,0.0,1.833333333333333,0.16666666666666666,0.0,0.0,0.0,0.0,analytic,0.0,0,0.0008333333333333321,0,1.5,0.0,True,0,,,,,,L1_00809
1.5,0.0,1.833333333333333,0.3333333333333333,0.0,0.0,0.0,0.0,analytic,0.0,0,0.0013333333333333322,0,1.5,0.0,True,0,,,,,,L1_00810
1.5,0.0,1.833333333333333,0.5,0.0,0.0,0.0,0.0,analytic,0.0,0,0.0021666666666666657,0,1.5,0.0,True,0,,,,,,L1_00811
1.5,0.0,1.833333333333333,0.6666666666666666,0.0,0.0,0.0,0.0,analytic,0.0,0,0.0033333333333333322,0,1.5,0.0,True,0,,,,,,L1_00812
1.5,0.0,1.833333333333333,0.8333333333333333,0.0,0.0,0.0,0.0,analytic,0.0,0,0.004833333333333331,0,1.5,0.0,True,0,,,,,,L1_00813
1.5,0.0,1.833333333333333,1.0,0.0,0.0,0.0,0.0,analytic,0.0,0,0.006666666666666666,0,1.5,0.0,True,0,,,,,,L1_00814
1.5,0.0,1.833333333333333,1.1666666666666665,0.0,0.0,0.0,0.0,analytic,0.0,0,0.00883333333333333,0,1.5,0.0,True,0,,,,,,L1_00815
1.5,0.0,1.833333333333333,1.3333333333333333,0.0,0.0,0.0,0.0,analytic,0.0,0,0.011333333333333332,0,1.5,0.0,True,0,,,,,,L1_00816
1.5,0.0,1.833333333333333,1.5,0.0,0.0,0.0,0.0,analytic,0.0,0,0.014166666666666664,0,1.5,0.0,True,0,,,,,,L1_00817
1.5,0.0,1.833333333333333,1.6666666666666665,0.0,0.0,0.0,0.0,analytic,0.0,0,0.01733333333333333,0,1.5,0.0,True,0,,,,,,L1_00818
1.5,0.0,1.833333333333333,1.8333333333333333,0.0,0.0,0.0,0.0,analytic,0.0,0,0.02083333333333333,0,1.5,0.0,True,0,,,,,,L1_00819
1.5,0.0,1.833333333333333,2.0,0.0,0.0,0.0,0.0,analytic,0.0,0,0.024666666666666663,0,1.5,0.0,True,0,,,,,,L1_00820
1.5,0.0,1.833333333333333,2.1666666666666665,0.0,0.0,0.0,0.0,analytic,0.0,0,0.02883333333333333,0,1.5,0.0,True,0,,,,,,L1_00821
1.5,0.0,1.833333333333333,2.333333333333333,0.0,0.0,0.0,0.0,analytic,0.0,0,0.03333333333333332,0,1.5,0.0,True,0,,,,,,L1_00822
1.5,0.0,1.833333333333333,2.5,0.0,0.0,0.0,0.0,analytic,0.0,0,0.03816666666666666,0,1.5,0.0,True,0,,,,,,L1_00823
1.5,0.0,1.833333333333333,2.6666666666666665,0.0,0.0,0.0,0.0,analytic,0.0,0,0.04333333333333333,0,1.5,0.0,True,0,,,,,,L1_00824
1.5,0.0,1.833333333333333,2.833333333333333,0.0,0.0,0.0,0.0,analytic,0.0,0,0.048833333333333326,0,1.5,0.0,True,0,,,,,,L1_00825
1.5,0.0,1.833333333333333,3.0,0.0,0.0,0.0,0.0,analytic,0.0,0,0.05466666666666666,0,1.5,0.0,True,0,,,,,,L1_00826
1.5,0.0,1.833333333333333,3.1666666666666665,0.0,0.0,0.0,0.0,analytic,0.0,0,0.06083333333333333,0,1.5,0.0,True,0,,,,,,L1_00827
1.5,0.0,1.833333333333333,3.333333333333333,0.0,0.0,0.0,0.0,analytic,0.0,0,0.06733333333333331,0,1.5,0.0,True,0,,,,,,L1_00828
1.5,0.0,1.833333333333333,3.5,0.0,0.0,0.0,0.0,analytic,0.0,0,0.07416666666666666,0,1.5,0.0,True,0,,,,,,L1_00829
1.5,0.0,1.833333333333333,3.6666666666666665,0.0,0.0,0.0,0.0,analytic,0.0,0,0.08133333333333331,0,1.5,0.0,True,0,,,,,,L1_00830
1.5,0.0,1.833333333333333,3.833333333333333,0.0,0.0,0.0,0.0,analytic,0.0,0,0.08883333333333332,0,1.5,0.0,True,0,,,,,,L1_00831
1.5,0.0,1.833333333333333,4.0,0.0,0.0,0.0,0.0,analytic,0.0,0,0.09666666666666665,0,1.5,0.0,True,0,,,,,,L1_00832
1.5,0.0,2.0,0.05,0.0,0.0,0.0,0.0,analytic,0.0,0,0.001515,0,1.5,0.0,True,0,,,,,,L1_00833
1.5,0.0,2.0,0.16666666666666666,0.0,0.0,0.0,0.0,analytic,0.0,0,0.0016666666666666668,0,1.5,0.0,True,0,,,,,,L1_00834
1.5,0.0,2.0,0.3333333333333333,0.0,0.0,0.0,0.0,analytic,0.0,0,0.0021666666666666666,0,1.5,0.0,True,0,,,,,,L1_00835
1.5,0.0,2.0,0.5,0.0,0.0,0.0,0.0,analytic,0.0,0,0.003,0,1.5,0.0,True,0,,,,,,L1_00836
1.5,0.0,2.0,0.6666666666666666,0.0,0.0,0.0,0.0,analytic,0.0,0,0.004166666666666666,0,1.5,0.0,True,0,,,,,,L1_00837
1.5,0.0,2.0,0.8333333333333333,0.0,0.0,0.0,0.0,analytic,0.0,0,0.005666666666666666,0,1.5,0.0,True,0,,,,,,L1_00838
1.5,0.0,2.0,1.0,0.0,0.0,0.0,0.0,analytic,0.0,0,0.0075,0,1.5,0.0,True,0,,,,,,L1_00839
1.5,0.0,2.0,1.1666666666666665,0.0,0.0,0.0,0.0,analytic,0.0,0,0.009666666666666664,0,1.5,0.0,True,0,,,,,,L1_00840
1.5,0.0,2.0,1.3333333333333333,0.0,0.0,0.0,0.0,analytic,0.0,0,0.012166666666666666,0,1.5,0.0,True,0,,,,,,L1_00841
1.5,0.0,2.0,1.5,0.0,0.0,0.0,0.0,analytic,0.0,0,0.015,0,1.5,0.0,True,0,,,,,,L1_00842
1.5,0.0,2.0,1.6666666666666665,0.0,0.0,0.0,0.0,analytic,0.0,0,0.018166666666666664,0,1.5,0.0,True,0,,,,,,L1_00843
1.5,0.0,2.0,1.8333333333333333,0.0,0.0,0.0,0.0,analytic,0.0,0,0.021666666666666664,0,1.5,0.0,True,0,,,,,,L1_00844
1.5,0.0,2.0,2.0,0.0,0.0,0.0,0.0,analytic,0.0,0,0.0255,0,1.5,0.0,True,0,,,,,,L1_00845
1.5,0.0,2.0,2.1666666666666665,0.0,0.0,0.0,0.0,analytic,0.0,0,0.029666666666666664,0,1.5,0.0,True,0,,,,,,L1_00846
1.5,0.0,2.0,2.333333333333333,0.0,0.0,0.0,0.0,analytic,0.0,0,0.03416666666666666,0,1.5,0.0,True,0,,,,,,L1_00847
1.5,0.0,2.0,2.5,0.0,0.0,0.0,0.0,analytic,0.0,0,0.039,0,1.5,0.0,True,0,,,,,,L1_00848
1.5,0.0,2.0,2.6666666666666665,0.0,0.0,0.0,0.0,analytic,0.0,0,0.04416666666666667,0,1.5,0.0,True,0,,,,,,L1_00849
1.5,0.0,2.0,2.833333333333333,0.0,0.0,0.0,0.0,analytic,0.0,0,0.04966666666666666,0,1.5,0.0,True,0,,,,,,L1_00850
1.5,0.0,2.0,3.0,0.0,0.0,0.0,0.0,analytic,0.0,0,0.0555,0,1.5,0.0,True,0,,,,,,L1_00851
1.5,0.0,2.0,3.1666666666666665,0.0,0.0,0.0,0.0,analytic,0.0,0,0.061666666666666654,0,1.5,0.0,True,0,,,,,,L1_00852
1.5,0.0,2.0,3.333333333333333,0.0,0.0,0.0,0.0,analytic,0.0,0,0.06816666666666665,0,1.5,0.0,True,0,,,,,,L1_00853
1.5,0.0,2.0,3.5,0.0,0.0,0.0,0.0,analytic,0.0,0,0.075,0,1.5,0.0,True,0,,,,,,L1_00854
1.5,0.0,2.0,3.6666666666666665,0.0,0.0,0.0,0.0,analytic,0.0,0,0.08216666666666665,0,1.5,0.0,True,0,,,,,,L1_00855
1.5,0.0,2.0,3.833333333333333,0.0,0.0,0.0,0.0,analytic,0.0,0,0.08966666666666666,0,1.5,0.0,True,0,,,,,,L1_00856
1.5,0.0,2.0,4.0,0.0,0.0,0.0,0.0,analytic,0.0,0,0.0975,0,1.5,0.0,True,0,,,,,,L1_00857
1.5,0.0,2.166666666666666,0.05,0.0,0.0,0.0,0.0,analytic,0.0,0,0.0026816666666666616,0,1.5,0.0,True,0,,,,,,L1_00858
1.5,0.0,2.166666666666666,0.16666666666666666,0.0,0.0,0.0,0.0,analytic,0.0,0,0.0028333333333333288,0,1.5,0.0,True,0,,,,,,L1_00859
1.5,0.0,2.166666666666666,0.3333333333333333,0.0,0.0,0.0,0.0,analytic,0.0,0,0.0033333333333333283,0,1.5,0.0,True,0,,,,,,L1_00860
1.5,0.0,2.166666666666666,0.5,0.0,0.0,0.0,0.0,analytic,0.0,0,0.004166666666666661,0,1.5,0.0,True,0,,,,,,L1_00861
1.5,0.0,2.166666666666666,0.6666666666666666,0.0,0.0,0.0,0.0,analytic,0.0,0,0.005333333333333329,0,1.5,0.0,True,0,,,,,,L1_00862
1.5,0.0,2.166666666666666,0.8333333333333333,0.0,0.0,0.0,0.0,analytic,0.0,0,0.0068333333333333275,0,1.5,0.0,True,0,,,,,,L1_00863
1.5,0.0,2.166666666666666,1.0,0.0,0.0,0.0,0.0,analytic,0.0,0,0.008666666666666663,0,1.5,0.0,True,0,,,,,,L1_00864
1.5,0.0,2.166666666666666,1.1666666666666665,0.0,0.0,0.0,0.0,analytic,0.0,0,0.010833333333333327,0,1.5,0.0,True,0,,,,,,L1_00865
1.5,0.0,2.166666666666666,1.3333333333333333,0.0,0.0,0.0,0.0,analytic,0.0,0,0.013333333333333329,0,1.5,0.0,True,0,,,,,,L1_00866
1.5,0.0,2.166666666666666,1.5,0.0,0.0,0.0,0.0,analytic,0.0,0,0.016166666666666666,0,1.5,0.0,True,0,,,,,,L1_00867
1.5,0.0,2.166666666666666,1.6666666666666665,0.0,0.0,0.0,0.0,analytic,0.0,0,0.019333333333333324,0,1.5,0.0,True,0,,,,,,L1_00868
1.5,0.0,2.166666666666666,1.8333333333333333,0.0,0.0,0.0,0.0,analytic,0.0,0,0.022833333333333327,0,1.5,0.0,True,0,,,,,,L1_00869
1.5,0.0,2.166666666666666,2.0,0.0,0.0,0.0,0.0,analytic,0.0,0,0.026666666666666665,0,1.5,0.0,True,0,,,,,,L1_00870
1.5,0.0,2.166666666666666,2.1666666666666665,0.0,0.0,0.0,0.0,analytic,0.0,0,0.030833333333333324,0,1.5,0.0,True,0,,,,,,L1_00871
1.5,0.0,2.166666666666666,2.333333333333333,0.0,0.0,0.0,0.0,analytic,0.0,0,0.03533333333333332,0,1.5,0.0,True,0,,,,,,L1_00872
1.5,0.0,2.166666666666666,2.5,0.0,0.0,0.0,0.0,analytic,0.0,0,0.04016666666666666,0,1.5,0.0,True,0,,,,,,L1_00873
1.5,0.0,2.166666666666666,2.6666666666666665,0.0,0.0,0.0,0.0,analytic,0.0,0,0.04533333333333333,0,1.5,0.0,True,0,,,,,,L1_00874
1.5,0.0,2.166666666666666,2.833333333333333,0.0,0.0,0.0,0.0,analytic,0.0,0,0.050833333333333314,0,1.5,0.0,True,0,,,,,,L1_00875
1.5,0.0,2.166666666666666,3.0,0.0,0.0,0.0,0.0,analytic,0.0,0,0.05666666666666666,0,1.5,0.0,True,0,,,,,,L1_00876
1.5,0.0,2.166666666666666,3.1666666666666665,0.0,0.0,0.0,0.0,analytic,0.0,0,0.06283333333333331,0,1.5,0.0,True,0,,,,,,L1_00877
1.5,0.0,2.166666666666666,3.333333333333333,0.0,0.0,0.0,0.0,analytic,0.0,0,0.06933333333333332,0,1.5,0.0,True,0,,,,,,L1_00878
1.5,0.0,2.166666666666666,3.5,0.0,0.0,0.0,0.0,analytic,0.0,0,0.07616666666666666,0,1.5,0.0,True,0,,,,,,L1_00879
1.5,0.0,2.166666666666666,3.6666666666666665,0.0,0.0,0.0,0.0,analytic,0.0,0,0.08333333333333331,0,1.5,0.0,True,0,,,,,,L1_00880
1.5,0.0,2.166666666666666,3.833333333333333,0.0,0.0,0.0,0.0,analytic,0.0,0,0.09083333333333331,0,1.5,0.0,True,0,,,,,,L1_00881
1.5,0.0,2.166666666666666,4.0,0.0,0.0,0.0,0.0,analytic,0.0,0,0.09866666666666665,0,1.5,0.0,True,0,,,,,,L1_00882
1.5,0.0,2.333333333333333,0.05,0.0,0.0,0.0,0.0,analytic,0.0,0,0.004181666666666663,0,1.5,0.0,True,0,,,,,,L1_00883
1.5,0.0,2.333333333333333,0.16666666666666666,0.0,0.0,0.0,0.0,analytic,0.0,0,0.0043333333333333305,0,1.5,0.0,True,0,,,,,,L1_00884
1.5,0.0,2.333333333333333,0.3333333333333333,0.0,0.0,0.0,0.0,analytic,0.0,0,0.00483333333333333,0,1.5,0.0,True,0,,,,,,L1_00885
1.5,0.0,2.333333333333333,0.5,0.0,0.0,0.0,0.0,analytic,0.0,0,0.0056666666666666645,0,1.5,0.0,True,0,,,,,,L1_00886
1.5,0.0,2.333333333333333,0.6666666666666666,0.0,0.0,0.0,0.0,analytic,0.0,0,0.00683333333333333,0,1.5,0.0,True,0,,,,,,L1_00887
1.5,0.0,2.333333333333333,0.8333333333333333,0.0,0.0,0.0,0.0,analytic,0.0,0,0.00833333333333333,0,1.5,0.0,True,0,,,,,,L1_00888
1.5,0.0,2.333333333333333,1.0,0.0,0.0,0.0,0.0,analytic,0.0,0,0.010166666666666664,0,1.5,0.0,True,0,,,,,,L1_00889
1.5,0.0,2.333333333333333,1.1666666666666665,0.0,0.0,0.0,0.0,analytic,0.0,0,0.012333333333333326,0,1.5,0.0,True,0,,,,,,L1_00890
1.5,0.0,2.333333333333333,1.3333333333333333,0.0,0.0,0.0,0.0,analytic,0.0,0,0.014833333333333329,0,1.5,0.0,True,0,,,,,,L1_00891
1.5,0.0,2.333333333333333,1.5,0.0,0.0,0.0,0.0,analytic,0.0,0,0.017666666666666664,0,1.5,0.0,True,0,,,,,,L1_00892
1.5,0.0,2.333333333333333,1.6666666666666665,0.0,0.0,0.0,0.0,analytic,0.0,0,0.02083333333333333,0,1.5,0.0,True,0,,,,,,L1_00893
1.5,0.0,2.333333333333333,1.8333333333333333,0.0,0.0,0.0,0.0,analytic,0.0,0,0.02433333333333333,0,1.5,0.0,True,0,,,,,,L1_00894
1.5,0.0,2.333333333333333,2.0,0.0,0.0,0.0,0.0,analytic,0.0,0,0.028166666666666663,0,1.5,0.0,True,0,,,,,,L1_00895
1.5,0.0,2.333333333333333,2.1666666666666665,0.0,0.0,0.0,0.0,analytic,0.0,0,0.03233333333333333,0,1.5,0.0,True,0,,,,,,L1_00896
1.5,0.0,2.333333333333333,2.333333333333333,0.0,0.0,0.0,0.0,analytic,0.0,0,0.03683333333333332,0,1.5,0.0,True,0,,,,,,L1_00897
1.5,0.0,2.333333333333333,2.5,0.0,0.0,0.0,0.0,analytic,0.0,0,0.041666666666666664,0,1.5,0.0,True,0,,,,,,L1_00898
1.5,0.0,2.333333333333333,2.6666666666666665,0.0,0.0,0.0,0.0,analytic,0.0,0,0.04683333333333333,0,1.5,0.0,True,0,,,,,,L1_00899
1.5,0.0,2.333333333333333,2.833333333333333,0.0,0.0,0.0,0.0,analytic,0.0,0,0.05233333333333333,0,1.5,0.0,True,0,,,,,,L1_00900
1.5,0.0,2.333333333333333,3.0,0.0,0.0,0.0,0.0,analytic,0.0,0,0.05816666666666667,0,1.5,0.0,True,0,,,,,,L1_00901
1.5,0.0,2.333333333333333,3.1666666666666665,0.0,0.0,0.0,0.0,analytic,0.0,0,0.06433333333333333,0,1.5,0.0,True,0,,,,,,L1_00902
1.5,0.0,2.333333333333333,3.333333333333333,0.0,0.0,0.0,0.0,analytic,0.0,0,0.07083333333333332,0,1.5,0.0,True,0,,,,,,L1_00903
1.5,0.0,2.333333333333333,3.5,0.0,0.0,0.0,0.0,analytic,0.0,0,0.07766666666666668,0,1.5,0.0,True,0,,,,,,L1_00904
1.5,0.0,2.333333333333333,3.6666666666666665,0.0,0.0,0.0,0.0,analytic,0.0,0,0.08483333333333333,0,1.5,0.0,True,0,,,,,,L1_00905
1.5,0.0,2.333333333333333,3.833333333333333,0.0,0.0,0.0,0.0,analytic,0.0,0,0.09233333333333332,0,1.5,0.0,True,0,,,,,,L1_00906
1.5,0.0,2.333333333333333,4.0,0.0,0.0,0.0,0.0,analytic,0.0,0,0.10016666666666665,0,1.5,0.0,True,0,,,,,,L1_00907
1.5,0.0,2.5,0.05,0.0,0.0,0.0,0.0,analytic,0.0,0,0.0060149999999999995,0,1.5,0.0,True,0,,,,,,L1_00908
1.5,0.0,2.5,0.16666666666666666,0.0,0.0,0.0,0.0,analytic,0.0,0,0.006166666666666666,0,1.5,0.0,True,0,,,,,,L1_00909
1.5,0.0,2.5,0.3333333333333333,0.0,0.0,0.0,0.0,analytic,0.0,0,0.006666666666666667,0,1.5,0.0,True,0,,,,,,L1_00910
1.5,0.0,2.5,0.5,0.0,0.0,0.0,0.0,analytic,0.0,0,0.0075,0,1.5,0.0,True,0,,,,,,L1_00911
1.5,0.0,2.5,0.6666666666666666,0.0,0.0,0.0,0.0,analytic,0.0,0,0.008666666666666666,0,1.5,0.0,True,0,,,,,,L1_00912
1.5,0.0,2.5,0.8333333333333333,0.0,0.0,0.0,0.0,analytic,0.0,0,0.010166666666666664,0,1.5,0.0,True,0,,,,,,L1_00913
1.5,0.0,2.5,1.0,0.0,0.0,0.0,0.0,analytic,0.0,0,0.012,0,1.5,0.0,True,0,,,,,,L1_00914
1.5,0.0,2.5,1.1666666666666665,0.0,0.0,0.0,0.0,analytic,0.0,0,0.014166666666666664,0,1.5,0.0,True,0,,,,,,L1_00915
1.5,0.0,2.5,1.3333333333333333,0.0,0.0,0.0,0.0,analytic,0.0,0,0.016666666666666663,0,1.5,0.0,True,0,,,,,,L1_00916
1.5,0.0,2.5,1.5,0.0,0.0,0.0,0.0,analytic,0.0,0,0.0195,0,1.5,0.0,True,0,,,,,,L1_00917
1.5,0.0,2.5,1.6666666666666665,0.0,0.0,0.0,0.0,analytic,0.0,0,0.022666666666666665,0,1.5,0.0,True,0,,,,,,L1_00918
1.5,0.0,2.5,1.8333333333333333,0.0,0.0,0.0,0.0,analytic,0.0,0,0.026166666666666664,0,1.5,0.0,True,0,,,,,,L1_00919
1.5,0.0,2.5,2.0,0.0,0.0,0.0,0.0,analytic,0.0,0,0.03,0,1.5,0.0,True,0,,,,,,L1_00920
1.5,0.0,2.5,2.1666666666666665,0.0,0.0,0.0,0.0,analytic,0.0,0,0.034166666666666665,0,1.5,0.0,True,0,,,,,,L1_00921
1.5,0.0,2.5,2.333333333333333,0.0,0.0,0.0,0.0,analytic,0.0,0,0.038666666666666655,0,1.5,0.0,True,0,,,,,,L1_00922
1.5,0.0,2.5,2.5,0.0,0.0,0.0,0.0,analytic,0.0,0,0.0435,0,1.5,0.0,True,0,,,,,,L1_00923
1.5,0.0,2.5,2.6666666666666665,0.0,0.0,0.0,0.0,analytic,0.0,0,0.048666666666666664,0,1.5,0.0,True,0,,,,,,L1_00924
1.5,0.0,2.5,2.833333333333333,0.0,0.0,0.0,0.0,analytic,0.0,0,0.054166666666666655,0,1.5,0.0,True,0,,,,,,L1_00925
1.5,0.0,2.5,3.0,0.0,0.0,0.0,0.0,analytic,0.0,0,0.06,0,1.5,0.0,True,0,,,,,,L1_00926
1.5,0.0,2.5,3.1666666666666665,0.0,0.0,0.0,0.0,analytic,0.0,0,0.06616666666666665,0,1.5,0.0,True,0,,,,,,L1_00927
1.5,0.0,2.5,3.333333333333333,0.0,0.0,0.0,0.0,analytic,0.0,0,0.07266666666666666,0,1.5,0.0,True,0,,,,,,L1_00928
1.5,0.0,2.5,3.5,0.0,0.0,0.0,0.0,analytic,0.0,0,0.0795,0,1.5,0.0,True,0,,,,,,L1_00929
1.5,0.0,2.5,3.6666666666666665,0.0,0.0,0.0,0.0,analytic,0.0,0,0.08666666666666666,0,1.5,0.0,True,0,,,,,,L1_00930
1.5,0.0,2.5,3.833333333333333,0.0,0.0,0.0,0.0,analytic,0.0,0,0.09416666666666666,0,1.5,0.0,True,0,,,,,,L1_00931
1.5,0.0,2.5,4.0,0.0,0.0,0.0,0.0,analytic,0.0,0,0.102,0,1.5,0.0,True,0,,,,,,L1_00932
1.5,0.0,2.666666666666666,0.05,0.0,0.0,0.0,0.0,analytic,0.0,0,0.008181666666666658,0,1.5,0.0,True,0,,,,,,L1_00933
1.5,0.0,2.666666666666666,0.16666666666666666,0.0,0.0,0.0,0.0,analytic,0.0,0,0.008333333333333325,0,1.5,0.0,True,0,,,,,,L1_00934
1.5,0.0,2.666666666666666,0.3333333333333333,0.0,0.0,0.0,0.0,analytic,0.0,0,0.008833333333333325,0,1.5,0.0,True,0,,,,,,L1_00935
1.5,0.0,2.666666666666666,0.5,0.0,0.0,0.0,0.0,analytic,0.0,0,0.009666666666666658,0,1.5,0.0,True,0,,,,,,L1_00936
1.5,0.0,2.666666666666666,0.6666666666666666,0.0,0.0,0.0,0.0,analytic,0.0,0,0.010833333333333325,0,1.5,0.0,True,0,,,,,,L1_00937
1.5,0.0,2.666666666666666,0.8333333333333333,0.0,0.0,0.0,0.0,analytic,0.0,0,0.012333333333333325,0,1.5,0.0,True,0,,,,,,L1_00938
1.5,0.0,2.666666666666666,1.0,0.0,0.0,0.0,0.0,analytic,0.0,0,0.014166666666666659,0,1.5,0.0,True,0,,,,,,L1_00939
1.5,0.0,2.666666666666666,1.1666666666666665,0.0,0.0,0.0,0.0,analytic,0.0,0,0.01633333333333332,0,1.5,0.0,True,0,,,,,,L1_00940
1.5,0.0,2.666666666666666,1.3333333333333333,0.0,0.0,0.0,0.0,analytic,0.0,0,0.018833333333333323,0,1.5,0.0,True,0,,,,,,L1_00941
1.5,0.0,2.666666666666666,1.5,0.0,0.0,0.0,0.0,analytic,0.0,0,0.021666666666666657,0,1.5,0.0,True,0,,,,,,L1_00942
1.5,0.0,2.666666666666666,1.6666666666666665,0.0,0.0,0.0,0.0,analytic,0.0,0,0.024833333333333325,0,1.5,0.0,True,0,,,,,,L1_00943
1.5,0.0,2.666666666666666,1.8333333333333333,0.0,0.0,0.0,0.0,analytic,0.0,0,0.02833333333333332,0,1.5,0.0,True,0,,,,,,L1_00944
1.5,0.0,2.666666666666666,2.0,0.0,0.0,0.0,0.0,analytic,0.0,0,0.032166666666666656,0,1.5,0.0,True,0,,,,,,L1_00945
1.5,0.0,2.666666666666666,2.1666666666666665,0.0,0.0,0.0,0.0,analytic,0.0,0,0.03633333333333332,0,1.5,0.0,True,0,,,,,,L1_00946
1.5,0.0,2.666666666666666,2.333333333333333,0.0,0.0,0.0,0.0,analytic,0.0,0,0.04083333333333331,0,1.5,0.0,True,0,,,,,,L1_00947
1.5,0.0,2.666666666666666,2.5,0.0,0.0,0.0,0.0,analytic,0.0,0,0.045666666666666654,0,1.5,0.0,True,0,,,,,,L1_00948
1.5,0.0,2.666666666666666,2.6666666666666665,0.0,0.0,0.0,0.0,analytic,0.0,0,0.05083333333333333,0,1.5,0.0,True,0,,,,,,L1_00949
1.5,0.0,2.666666666666666,2.833333333333333,0.0,0.0,0.0,0.0,analytic,0.0,0,0.05633333333333331,0,1.5,0.0,True,0,,,,,,L1_00950
1.5,0.0,2.666666666666666,3.0,0.0,0.0,0.0,0.0,analytic,0.0,0,0.06216666666666666,0,1.5,0.0,True,0,,,,,,L1_00951
1.5,0.0,2.666666666666666,3.1666666666666665,0.0,0.0,0.0,0.0,analytic,0.0,0,0.06833333333333332,0,1.5,0.0,True,0,,,,,,L1_00952
1.5,0.0,2.666666666666666,3.333333333333333,0.0,0.0,0.0,0.0,analytic,0.0,0,0.07483333333333332,0,1.5,0.0,True,0,,,,,,L1_00953
1.5,0.0,2.666666666666666,3.5,0.0,0.0,0.0,0.0,analytic,0.0,0,0.08166666666666665,0,1.5,0.0,True,0,,,,,,L1_00954
1.5,0.0,2.666666666666666,3.6666666666666665,0.0,0.0,0.0,0.0,analytic,0.0,0,0.08883333333333332,0,1.5,0.0,True,0,,,,,,L1_00955
1.5,0.0,2.666666666666666,3.833333333333333,0.0,0.0,0.0,0.0,analytic,0.0,0,0.09633333333333331,0,1.5,0.0,True,0,,,,,,L1_00956
1.5,0.0,2.666666666666666,4.0,0.0,0.0,0.0,0.0,analytic,0.0,0,0.10416666666666666,0,1.5,0.0,True,0,,,,,,L1_00957
1.5,0.0,2.833333333333333,0.05,0.0,0.0,0.0,0.0,analytic,0.0,0,0.01068166666666666,0,1.5,0.0,True,0,,,,,,L1_00958
1.5,0.0,2.833333333333333,0.16666666666666666,0.0,0.0,0.0,0.0,analytic,0.0,0,0.010833333333333328,0,1.5,0.0,True,0,,,,,,L1_00959
1.5,0.0,2.833333333333333,0.3333333333333333,0.0,0.0,0.0,0.0,analytic,0.0,0,0.011333333333333329,0,1.5,0.0,True,0,,,,,,L1_00960
1.5,0.0,2.833333333333333,0.5,0.0,0.0,0.0,0.0,analytic,0.0,0,0.01216666666666666,0,1.5,0.0,True,0,,,,,,L1_00961
1.5,0.0,2.833333333333333,0.6666666666666666,0.0,0.0,0.0,0.0,analytic,0.0,0,0.013333333333333329,0,1.5,0.0,True,0,,,,,,L1_00962
1.5,0.0,2.833333333333333,0.8333333333333333,0.0,0.0,0.0,0.0,analytic,0.0,0,0.014833333333333329,0,1.5,0.0,True,0,,,,,,L1_00963
1.5,0.0,2.833333333333333,1.0,0.0,0.0,0.0,0.0,analytic,0.0,0,0.01666666666666666,0,1.5,0.0,True,0,,,,,,L1_00964
1.5,0.0,2.833333333333333,1.1666666666666665,0.0,0.0,0.0,0.0,analytic,0.0,0,0.018833333333333323,0,1.5,0.0,True,0,,,,,,L1_00965
1.5,0.0,2.833333333333333,1.3333333333333333,0.0,0.0,0.0,0.0,analytic,0.0,0,0.02133333333333333,0,1.5,0.0,True,0,,,,,,L1_00966
1.5,0.0,2.833333333333333,1.5,0.0,0.0,0.0,0.0,analytic,0.0,0,0.02416666666666666,0,1.5,0.0,True,0,,,,,,L1_00967
1.5,0.0,2.833333333333333,1.6666666666666665,0.0,0.0,0.0,0.0,analytic,0.0,0,0.027333333333333328,0,1.5,0.0,True,0,,,,,,L1_00968
1.5,0.0,2.833333333333333,1.8333333333333333,0.0,0.0,0.0,0.0,analytic,0.0,0,0.030833333333333324,0,1.5,0.0,True,0,,,,,,L1_00969
1.5,0.0,2.833333333333333,2.0,0.0,0.0,0.0,0.0,analytic,0.0,0,0.03466666666666666,0,1.5,0.0,True,0,,,,,,L1_00970
1.5,0.0,2.833333333333333,2.1666666666666665,0.0,0.0,0.0,0.0,analytic,0.0,0,0.038833333333333324,0,1.5,0.0,True,0,,,,,,L1_00971
1.5,0.0,2.833333333333333,2.333333333333333,0.0,0.0,0.0,0.0,analytic,0.0,0,0.043333333333333314,0,1.5,0.0,True,0,,,,,,L1_00972
1.5,0.0,2.833333333333333,2.5,0.0,0.0,0.0,0.0,analytic,0.0,0,0.048166666666666656,0,1.5,0.0,True,0,,,,,,L1_00973
1.5,0.0,2.833333333333333,2.6666666666666665,0.0,0.0,0.0,0.0,analytic,0.0,0,0.05333333333333333,0,1.5,0.0,True,0,,,,,,L1_00974
1.5,0.0,2.833333333333333,2.833333333333333,0.0,0.0,0.0,0.0,analytic,0.0,0,0.05883333333333332,0,1.5,0.0,True,0,,,,,,L1_00975
1.5,0.0,2.833333333333333,3.0,0.0,0.0,0.0,0.0,analytic,0.0,0,0.06466666666666666,0,1.5,0.0,True,0,,,,,,L1_00976
1.5,0.0,2.833333333333333,3.1666666666666665,0.0,0.0,0.0,0.0,analytic,0.0,0,0.07083333333333332,0,1.5,0.0,True,0,,,,,,L1_00977
1.5,0.0,2.833333333333333,3.333333333333333,0.0,0.0,0.0,0.0,analytic,0.0,0,0.07733333333333331,0,1.5,0.0,True,0,,,,,,L1_00978
1.5,0.0,2.833333333333333,3.5,0.0,0.0,0.0,0.0,analytic,0.0,0,0.08416666666666665,0,1.5,0.0,True,0,,,,,,L1_00979
1.5,0.0,2.833333333333333,3.6666666666666665,0.0,0.0,0.0,0.0,analytic,0.0,0,0.09133333333333331,0,1.5,0.0,True,0,,,,,,L1_00980
1.5,0.0,2.833333333333333,3.833333333333333,0.0,0.0,0.0,0.0,analytic,0.0,0,0.09883333333333333,0,1.5,0.0,True,0,,,,,,L1_00981
1.5,0.0,2.833333333333333,4.0,0.0,0.0,0.0,0.0,analytic,0.0,0,0.10666666666666667,0,1.5,0.0,True,0,,,,,,L1_00982
1.5,0.0,3.0,0.05,0.0,0.0,0.0,0.0,analytic,0.0,0,0.013515000000000001,0,1.5,0.0,True,0,,,,,,L1_00983
1.5,0.0,3.0,0.16666666666666666,0.0,0.0,0.0,0.0,analytic,0.0,0,0.013666666666666666,0,1.5,0.0,True,0,,,,,,L1_00984
1.5,0.0,3.0,0.3333333333333333,0.0,0.0,0.0,0.0,analytic,0.0,0,0.014166666666666668,0,1.5,0.0,True,0,,,,,,L1_00985
1.5,0.0,3.0,0.5,0.0,0.0,0.0,0.0,analytic,0.0,0,0.015,0,1.5,0.0,True,0,,,,,,L1_00986
1.5,0.0,3.0,0.6666666666666666,0.0,0.0,0.0,0.0,analytic,0.0,0,0.01616666666666667,0,1.5,0.0,True,0,,,,,,L1_00987
1.5,0.0,3.0,0.8333333333333333,0.0,0.0,0.0,0.0,analytic,0.0,0,0.017666666666666664,0,1.5,0.0,True,0,,,,,,L1_00988
1.5,0.0,3.0,1.0,0.0,0.0,0.0,0.0,analytic,0.0,0,0.0195,0,1.5,0.0,True,0,,,,,,L1_00989
1.5,0.0,3.0,1.1666666666666665,0.0,0.0,0.0,0.0,analytic,0.0,0,0.021666666666666664,0,1.5,0.0,True,0,,,,,,L1_00990
1.5,0.0,3.0,1.3333333333333333,0.0,0.0,0.0,0.0,analytic,0.0,0,0.024166666666666663,0,1.5,0.0,True,0,,,,,,L1_00991
1.5,0.0,3.0,1.5,0.0,0.0,0.0,0.0,analytic,0.0,0,0.027,0,1.5,0.0,True,0,,,,,,L1_00992
1.5,0.0,3.0,1.6666666666666665,0.0,0.0,0.0,0.0,analytic,0.0,0,0.03016666666666666,0,1.5,0.0,True,0,,,,,,L1_00993
1.5,0.0,3.0,1.8333333333333333,0.0,0.0,0.0,0.0,analytic,0.0,0,0.033666666666666664,0,1.5,0.0,True,0,,,,,,L1_00994
1.5,0.0,3.0,2.0,0.0,0.0,0.0,0.0,analytic,0.0,0,0.0375,0,1.5,0.0,True,0,,,,,,L1_00995
1.5,0.0,3.0,2.1666666666666665,0.0,0.0,0.0,0.0,analytic,0.0,0,0.041666666666666664,0,1.5,0.0,True,0,,,,,,L1_00996
1.5,0.0,3.0,2.333333333333333,0.0,0.0,0.0,0.0,analytic,0.0,0,0.046166666666666654,0,1.5,0.0,True,0,,,,,,L1_00997
1.5,0.0,3.0,2.5,0.0,0.0,0.0,0.0,analytic,0.0,0,0.051,0,1.5,0.0,True,0,,,,,,L1_00998
1.5,0.0,3.0,2.6666666666666665,0.0,0.0,0.0,0.0,analytic,0.0,0,0.05616666666666666,0,1.5,0.0,True,0,,,,,,L1_00999
1.5,0.0,3.0,2.833333333333333,0.0,0.0,0.0,0.0,analytic,0.0,0,0.061666666666666654,0,1.5,0.0,True,0,,,,,,L1_01000
1.5,0.0,3.0,3.0,0.0,0.0,0.0,0.0,analytic,0.0,0,0.0675,0,1.5,0.0,True,0,,,,,,L1_01001
1.5,0.0,3.0,3.1666666666666665,0.0,0.0,0.0,0.0,analytic,0.0,0,0.07366666666666666,0,1.5,0.0,True,0,,,,,,L1_01002
1.5,0.0,3.0,3.333333333333333,0.0,0.0,0.0,0.0,analytic,0.0,0,0.08016666666666666,0,1.5,0.0,True,0,,,,,,L1_01003
1.5,0.0,3.0,3.5,0.0,0.0,0.0,0.0,analytic,0.0,0,0.087,0,1.5,0.0,True,0,,,,,,L1_01004
1.5,0.0,3.0,3.6666666666666665,0.0,0.0,0.0,0.0,analytic,0.0,0,0.09416666666666666,0,1.5,0.0,True,0,,,,,,L1_01005
1.5,0.0,3.0,3.833333333333333,0.0,0.0,0.0,0.0,analytic,0.0,0,0.10166666666666666,0,1.5,0.0,True,0,,,,,,L1_01006
1.5,0.0,3.0,4.0,0.0,0.0,0.0,0.0,analytic,0.0,0,0.1095,0,1.5,0.0,True,0,,,,,,L1_01007
1.5,0.0,3.166666666666666,0.05,0.0,0.0,0.0,0.0,analytic,0.0,0,0.016681666666666654,0,1.5,0.0,True,0,,,,,,L1_01008
1.5,0.0,3.166666666666666,0.16666666666666666,0.0,0.0,0.0,0.0,analytic,0.0,0,0.01683333333333332,0,1.5,0.0,True,0,,,,,,L1_01009
1.5,0.0,3.166666666666666,0.3333333333333333,0.0,0.0,0.0,0.0,analytic,0.0,0,0.017333333333333322,0,1.5,0.0,True,0,,,,,,L1_01010
1.5,0.0,3.166666666666666,0.5,0.0,0.0,0.0,0.0,analytic,0.0,0,0.018166666666666657,0,1.5,0.0,True,0,,,,,,L1_01011
1.5,0.0,3.166666666666666,0.6666666666666666,0.0,0.0,0.0,0.0,analytic,0.0,0,0.01933333333333332,0,1.5,0.0,True,0,,,,,,L1_01012
1.5,0.0,3.166666666666666,0.8333333333333333,0.0,0.0,0.0,0.0,analytic,0.0,0,0.020833333333333322,0,1.5,0.0,True,0,,,,,,L1_01013
1.5,0.0,3.166666666666666,1.0,0.0,0.0,0.0,0.0,analytic,0.0,0,0.022666666666666658,0,1.5,0.0,True,0,,,,,,L1_01014
1.5,0.0,3.166666666666666,1.1666666666666665,0.0,0.0,0.0,0.0,analytic,0.0,0,0.024833333333333322,0,1.5,0.0,True,0,,,,,,L1_01015
1.5,0.0,3.166666666666666,1.3333333333333333,0.0,0.0,0.0,0.0,analytic,0.0,0,0.02733333333333332,0,1.5,0.0,True,0,,,,,,L1_01016
1.5,0.0,3.166666666666666,1.5,0.0,0.0,0.0,0.0,analytic,0.0,0,0.030166666666666658,0,1.5,0.0,True,0,,,,,,L1_01017
1.5,0.0,3.166666666666666,1.6666666666666665,0.0,0.0,0.0,0.0,analytic,0.0,0,0.03333333333333332,0,1.5,0.0,True,0,,,,,,L1_01018
1.5,0.0,3.166666666666666,1.8333333333333333,0.0,0.0,0.0,0.0,analytic,0.0,0,0.03683333333333332,0,1.5,0.0,True,0,,,,,,L1_01019
1.5,0.0,3.166666666666666,2.0,0.0,0.0,0.0,0.0,analytic,0.0,0,0.040666666666666657,0,1.5,0.0,True,0,,,,,,L1_01020
1.5,0.0,3.166666666666666,2.1666666666666665,0.0,0.0,0.0,0.0,analytic,0.0,0,0.044833333333333315,0,1.5,0.0,True,0,,,,,,L1_01021
1.5,0.0,3.166666666666666,2.333333333333333,0.0,0.0,0.0,0.0,analytic,0.0,0,0.049333333333333305,0,1.5,0.0,True,0,,,,,,L1_01022
1.5,0.0,3.166666666666666,2.5,0.0,0.0,0.0,0.0,analytic,0.0,0,0.05416666666666665,0,1.5,0.0,True,0,,,,,,L1_01023
1.5,0.0,3.166666666666666,2.6666666666666665,0.0,0.0,0.0,0.0,analytic,0.0,0,0.059333333333333314,0,1.5,0.0,True,0,,,,,,L1_01024
1.5,0.0,3.166666666666666,2.833333333333333,0.0,0.0,0.0,0.0,analytic,0.0,0,0.06483333333333331,0,1.5,0.0,True,0,,,,,,L1_01025
1.5,0.0,3.166666666666666,3.0,0.0,0.0,0.0,0.0,analytic,0.0,0,0.07066666666666666,0,1.5,0.0,True,0,,,,,,L1_01026
1.5,0.0,3.166666666666666,3.1666666666666665,0.0,0.0,0.0,0.0,analytic,0.0,0,0.07683333333333331,0,1.5,0.0,True,0,,,,,,L1_01027
1.5,0.0,3.166666666666666,3.333333333333333,0.0,0.0,0.0,0.0,analytic,0.0,0,0.08333333333333331,0,1.5,0.0,True,0,,,,,,L1_01028
1.5,0.0,3.166666666666666,3.5,0.0,0.0,0.0,0.0,analytic,0.0,0,0.09016666666666666,0,1.5,0.0,True,0,,,,,,L1_01029
1.5,0.0,3.166666666666666,3.6666666666666665,0.0,0.0,0.0,0.0,analytic,0.0,0,0.09733333333333331,0,1.5,0.0,True,0,,,,,,L1_01030
1.5,0.0,3.166666666666666,3.833333333333333,0.0,0.0,0.0,0.0,analytic,0.0,0,0.10483333333333332,0,1.5,0.0,True,0,,,,,,L1_01031
1.5,0.0,3.166666666666666,4.0,0.0,0.0,0.0,0.0,analytic,0.0,0,0.11266666666666665,0,1.5,0.0,True,0,,,,,,L1_01032
1.5,0.0,3.333333333333333,0.05,0.0,0.0,0.0,0.0,analytic,0.0,0,0.020181666666666657,0,1.5,0.0,True,0,,,,,,L1_01033
1.5,0.0,3.333333333333333,0.16666666666666666,0.0,0.0,0.0,0.0,analytic,0.0,0,0.020333333333333325,0,1.5,0.0,True,0,,,,,,L1_01034
1.5,0.0,3.333333333333333,0.3333333333333333,0.0,0.0,0.0,0.0,analytic,0.0,0,0.020833333333333325,0,1.5,0.0,True,0,,,,,,L1_01035
1.5,0.0,3.333333333333333,0.5,0.0,0.0,0.0,0.0,analytic,0.0,0,0.021666666666666657,0,1.5,0.0,True,0,,,,,,L1_01036
1.5,0.0,3.333333333333333,0.6666666666666666,0.0,0.0,0.0,0.0,analytic,0.0,0,0.022833333333333327,0,1.5,0.0,True,0,,,,,,L1_01037
1.5,0.0,3.333333333333333,0.8333333333333333,0.0,0.0,0.0,0.0,analytic,0.0,0,0.02433333333333333,0,1.5,0.0,True,0,,,,,,L1_01038
1.5,0.0,3.333333333333333,1.0,0.0,0.0,0.0,0.0,analytic,0.0,0,0.026166666666666658,0,1.5,0.0,True,0,,,,,,L1_01039
1.5,0.0,3.333333333333333,1.1666666666666665,0.0,0.0,0.0,0.0,analytic,0.0,0,0.02833333333333332,0,1.5,0.0,True,0,,,,,,L1_01040
1.5,0.0,3.333333333333333,1.3333333333333333,0.0,0.0,0.0,0.0,analytic,0.0,0,0.030833333333333324,0,1.5,0.0,True,0,,,,,,L1_01041
1.5,0.0,3.333333333333333,1.5,0.0,0.0,0.0,0.0,analytic,0.0,0,0.03366666666666666,0,1.5,0.0,True,0,,,,,,L1_01042
1.5,0.0,3.333333333333333,1.6666666666666665,0.0,0.0,0.0,0.0,analytic,0.0,0,0.03683333333333333,0,1.5,0.0,True,0,,,,,,L1_01043
1.5,0.0,3.333333333333333,1.8333333333333333,0.0,0.0,0.0,0.0,analytic,0.0,0,0.04033333333333332,0,1.5,0.0,True,0,,,,,,L1_01044
1.5,0.0,3.333333333333333,2.0,0.0,0.0,0.0,0.0,analytic,0.0,0,0.04416666666666666,0,1.5,0.0,True,0,,,,,,L1_01045
1.5,0.0,3.333333333333333,2.1666666666666665,0.0,0.0,0.0,0.0,analytic,0.0,0,0.04833333333333332,0,1.5,0.0,True,0,,,,,,L1_01046
1.5,0.0,3.333333333333333,2.333333333333333,0.0,0.0,0.0,0.0,analytic,0.0,0,0.05283333333333332,0,1.5,0.0,True,0,,,,,,L1_01047
1.5,0.0,3.333333333333333,2.5,0.0,0.0,0.0,0.0,analytic,0.0,0,0.057666666666666665,0,1.5,0.0,True,0,,,,,,L1_01048
1.5,0.0,3.333333333333333,2.6666666666666665,0.0,0.0,0.0,0.0,analytic,0.0,0,0.06283333333333332,0,1.5,0.0,True,0,,,,,,L1_01049
1.5,0.0,3.333333333333333,2.833333333333333,0.0,0.0,0.0,0.0,analytic,0.0,0,0.06833333333333332,0,1.5,0.0,True,0,,,,,,L1_01050
1.5,0.0,3.333333333333333,3.0,0.0,0.0,0.0,0.0,analytic,0.0,0,0.07416666666666666,0,1.5,0.0,True,0,,,,,,L1_01051
1.5,0.0,3.333333333333333,3.1666666666666665,0.0,0.0,0.0,0.0,analytic,0.0,0,0.08033333333333331,0,1.5,0.0,True,0,,,,,,L1_01052
1.5,0.0,3.333333333333333,3.333333333333333,0.0,0.0,0.0,0.0,analytic,0.0,0,0.08683333333333332,0,1.5,0.0,True,0,,,,,,L1_01053
1.5,0.0,3.333333333333333,3.5,0.0,0.0,0.0,0.0,analytic,0.0,0,0.09366666666666666,0,1.5,0.0,True,0,,,,,,L1_01054
1.5,0.0,3.333333333333333,3.6666666666666665,0.0,0.0,0.0,0.0,analytic,0.0,0,0.10083333333333332,0,1.5,0.0,True,0,,,,,,L1_01055
1.5,0.0,3.333333333333333,3.833333333333333,0.0,0.0,0.0,0.0,analytic,0.0,0,0.10833333333333331,0,1.5,0.0,True,0,,,,,,L1_01056
1.5,0.0,3.333333333333333,4.0,0.0,0.0,0.0,0.0,analytic,0.0,0,0.11616666666666665,0,1.5,0.0,True,0,,,,,,L1_01057
1.5,0.0,3.5,0.05,0.0,0.0,0.0,0.0,analytic,0.0,0,0.024015,0,1.5,0.0,True,0,,,,,,L1_01058
1.5,0.0,3.5,0.16666666666666666,0.0,0.0,0.0,0.0,analytic,0.0,0,0.024166666666666663,0,1.5,0.0,True,0,,,,,,L1_01059
1.5,0.0,3.5,0.3333333333333333,0.0,0.0,0.0,0.0,analytic,0.0,0,0.024666666666666663,0,1.5,0.0,True,0,,,,,,L1_01060
1.5,0.0,3.5,0.5,0.0,0.0,0.0,0.0,analytic,0.0,0,0.0255,0,1.5,0.0,True,0,,,,,,L1_01061
1.5,0.0,3.5,0.6666666666666666,0.0,0.0,0.0,0.0,analytic,0.0,0,0.02666666666666667,0,1.5,0.0,True,0,,,,,,L1_01062
1.5,0.0,3.5,0.8333333333333333,0.0,0.0,0.0,0.0,analytic,0.0,0,0.028166666666666666,0,1.5,0.0,True,0,,,,,,L1_01063
1.5,0.0,3.5,1.0,0.0,0.0,0.0,0.0,analytic,0.0,0,0.03,0,1.5,0.0,True,0,,,,,,L1_01064
1.5,0.0,3.5,1.1666666666666665,0.0,0.0,0.0,0.0,analytic,0.0,0,0.03216666666666666,0,1.5,0.0,True,0,,,,,,L1_01065
1.5,0.0,3.5,1.3333333333333333,0.0,0.0,0.0,0.0,analytic,0.0,0,0.034666666666666665,0,1.5,0.0,True,0,,,,,,L1_01066
1.5,0.0,3.5,1.5,0.0,0.0,0.0,0.0,analytic,0.0,0,0.0375,0,1.5,0.0,True,0,,,,,,L1_01067
1.5,0.0,3.5,1.6666666666666665,0.0,0.0,0.0,0.0,analytic,0.0,0,0.040666666666666657,0,1.5,0.0,True,0,,,,,,L1_01068
1.5,0.0,3.5,1.8333333333333333,0.0,0.0,0.0,0.0,analytic,0.0,0,0.04416666666666667,0,1.5,0.0,True,0,,,,,,L1_01069
1.5,0.0,3.5,2.0,0.0,0.0,0.0,0.0,analytic,0.0,0,0.048,0,1.5,0.0,True,0,,,,,,L1_01070
1.5,0.0,3.5,2.1666666666666665,0.0,0.0,0.0,0.0,analytic,0.0,0,0.05216666666666666,0,1.5,0.0,True,0,,,,,,L1_01071
1.5,0.0,3.5,2.333333333333333,0.0,0.0,0.0,0.0,analytic,0.0,0,0.05666666666666666,0,1.5,0.0,True,0,,,,,,L1_01072
1.5,0.0,3.5,2.5,0.0,0.0,0.0,0.0,analytic,0.0,0,0.0615,0,1.5,0.0,True,0,,,,,,L1_01073
1.5,0.0,3.5,2.6666666666666665,0.0,0.0,0.0,0.0,analytic,0.0,0,0.06666666666666665,0,1.5,0.0,True,0,,,,,,L1_01074
1.5,0.0,3.5,2.833333333333333,0.0,0.0,0.0,0.0,analytic,0.0,0,0.07216666666666666,0,1.5,0.0,True,0,,,,,,L1_01075
1.5,0.0,3.5,3.0,0.0,0.0,0.0,0.0,analytic,0.0,0,0.078,0,1.5,0.0,True,0,,,,,,L1_01076
1.5,0.0,3.5,3.1666666666666665,0.0,0.0,0.0,0.0,analytic,0.0,0,0.08416666666666665,0,1.5,0.0,True,0,,,,,,L1_01077
1.5,0.0,3.5,3.333333333333333,0.0,0.0,0.0,0.0,analytic,0.0,0,0.09066666666666666,0,1.5,0.0,True,0,,,,,,L1_01078
1.5,0.0,3.5,3.5,0.0,0.0,0.0,0.0,analytic,0.0,0,0.0975,0,1.5,0.0,True,0,,,,,,L1_01079
1.5,0.0,3.5,3.6666666666666665,0.0,0.0,0.0,0.0,analytic,0.0,0,0.10466666666666666,0,1.5,0.0,True,0,,,,,,L1_01080
1.5,0.0,3.5,3.833333333333333,0.0,0.0,0.0,0.0,analytic,0.0,0,0.11216666666666665,0,1.5,0.0,True,0,,,,,,L1_01081
1.5,0.0,3.5,4.0,0.0,0.0,0.0,0.0,analytic,0.0,0,0.12,0,1.5,0.0,True,0,,,,,,L1_01082
1.5,0.0,3.666666666666666,0.05,0.0,0.0,0.0,0.0,analytic,0.0,0,0.028181666666666653,0,1.5,0.0,True,0,,,,,,L1_01083
1.5,0.0,3.666666666666666,0.16666666666666666,0.0,0.0,0.0,0.0,analytic,0.0,0,0.028333333333333318,0,1.5,0.0,True,0,,,,,,L1_01084
1.5,0.0,3.666666666666666,0.3333333333333333,0.0,0.0,0.0,0.0,analytic,0.0,0,0.028833333333333315,0,1.5,0.0,True,0,,,,,,L1_01085
1.5,0.0,3.666666666666666,0.5,0.0,0.0,0.0,0.0,analytic,0.0,0,0.02966666666666665,0,1.5,0.0,True,0,,,,,,L1_01086
1.5,0.0,3.666666666666666,0.6666666666666666,0.0,0.0,0.0,0.0,analytic,0.0,0,0.03083333333333332,0,1.5,0.0,True,0,,,,,,L1_01087
1.5,0.0,3.666666666666666,0.8333333333333333,0.0,0.0,0.0,0.0,analytic,0.0,0,0.03233333333333332,0,1.5,0.0,True,0,,,,,,L1_01088
1.5,0.0,3.666666666666666,1.0,0.0,0.0,0.0,0.0,analytic,0.0,0,0.03416666666666665,0,1.5,0.0,True,0,,,,,,L1_01089
1.5,0.0,3.666666666666666,1.1666666666666665,0.0,0.0,0.0,0.0,analytic,0.0,0,0.036333333333333315,0,1.5,0.0,True,0,,,,,,L1_01090
1.5,0.0,3.666666666666666,1.3333333333333333,0.0,0.0,0.0,0.0,analytic,0.0,0,0.03883333333333332,0,1.5,0.0,True,0,,,,,,L1_01091
1.5,0.0,3.666666666666666,1.5,0.0,0.0,0.0,0.0,analytic,0.0,0,0.04166666666666665,0,1.5,0.0,True,0,,,,,,L1_01092
1.5,0.0,3.666666666666666,1.6666666666666665,0.0,0.0,0.0,0.0,analytic,0.0,0,0.044833333333333315,0,1.5,0.0,True,0,,,,,,L1_01093
1.5,0.0,3.666666666666666,1.8333333333333333,0.0,0.0,0.0,0.0,analytic,0.0,0,0.04833333333333332,0,1.5,0.0,True,0,,,,,,L1_01094
1.5,0.0,3.666666666666666,2.0,0.0,0.0,0.0,0.0,analytic,0.0,0,0.05216666666666666,0,1.5,0.0,True,0,,,,,,L1_01095
1.5,0.0,3.666666666666666,2.1666666666666665,0.0,0.0,0.0,0.0,analytic,0.0,0,0.05633333333333331,0,1.5,0.0,True,0,,,,,,L1_01096
1.5,0.0,3.666666666666666,2.333333333333333,0.0,0.0,0.0,0.0,analytic,0.0,0,0.060833333333333316,0,1.5,0.0,True,0,,,,,,L1_01097
1.5,0.0,3.666666666666666,2.5,0.0,0.0,0.0,0.0,analytic,0.0,0,0.06566666666666665,0,1.5,0.0,True,0,,,,,,L1_01098
1.5,0.0,3.666666666666666,2.6666666666666665,0.0,0.0,0.0,0.0,analytic,0.0,0,0.07083333333333332,0,1.5,0.0,True,0,,,,,,L1_01099
1.5,0.0,3.666666666666666,2.833333333333333,0.0,0.0,0.0,0.0,analytic,0.0,0,0.07633333333333331,0,1.5,0.0,True,0,,,,,,L1_01100
1.5,0.0,3.666666666666666,3.0,0.0,0.0,0.0,0.0,analytic,0.0,0,0.08216666666666665,0,1.5,0.0,True,0,,,,,,L1_01101
1.5,0.0,3.666666666666666,3.1666666666666665,0.0,0.0,0.0,0.0,analytic,0.0,0,0.08833333333333332,0,1.5,0.0,True,0,,,,,,L1_01102
1.5,0.0,3.666666666666666,3.333333333333333,0.0,0.0,0.0,0.0,analytic,0.0,0,0.0948333333333333,0,1.5,0.0,True,0,,,,,,L1_01103
1.5,0.0,3.666666666666666,3.5,0.0,0.0,0.0,0.0,analytic,0.0,0,0.10166666666666666,0,1.5,0.0,True,0,,,,,,L1_01104
1.5,0.0,3.666666666666666,3.6666666666666665,0.0,0.0,0.0,0.0,analytic,0.0,0,0.10883333333333331,0,1.5,0.0,True,0,,,,,,L1_01105
1.5,0.0,3.666666666666666,3.833333333333333,0.0,0.0,0.0,0.0,analytic,0.0,0,0.11633333333333332,0,1.5,0.0,True,0,,,,,,L1_01106
1.5,0.0,3.666666666666666,4.0,0.0,0.0,0.0,0.0,analytic,0.0,0,0.12416666666666666,0,1.5,0.0,True,0,,,,,,L1_01107
1.5,0.0,3.833333333333333,0.05,0.0,0.0,0.0,0.0,analytic,0.0,0,0.03268166666666666,0,1.5,0.0,True,0,,,,,,L1_01108
1.5,0.0,3.833333333333333,0.16666666666666666,0.0,0.0,0.0,0.0,analytic,0.0,0,0.03283333333333332,0,1.5,0.0,True,0,,,,,,L1_01109
1.5,0.0,3.833333333333333,0.3333333333333333,0.0,0.0,0.0,0.0,analytic,0.0,0,0.03333333333333332,0,1.5,0.0,True,0,,,,,,L1_01110
1.5,0.0,3.833333333333333,0.5,0.0,0.0,0.0,0.0,analytic,0.0,0,0.03416666666666666,0,1.5,0.0,True,0,,,,,,L1_01111
1.5,0.0,3.833333333333333,0.6666666666666666,0.0,0.0,0.0,0.0,analytic,0.0,0,0.03533333333333333,0,1.5,0.0,True,0,,,,,,L1_01112
1.5,0.0,3.833333333333333,0.8333333333333333,0.0,0.0,0.0,0.0,analytic,0.0,0,0.03683333333333333,0,1.5,0.0,True,0,,,,,,L1_01113
1.5,0.0,3.833333333333333,1.0,0.0,0.0,0.0,0.0,analytic,0.0,0,0.038666666666666655,0,1.5,0.0,True,0,,,,,,L1_01114
1.5,0.0,3.833333333333333,1.1666666666666665,0.0,0.0,0.0,0.0,analytic,0.0,0,0.04083333333333332,0,1.5,0.0,True,0,,,,,,L1_01115
1.5,0.0,3.833333333333333,1.3333333333333333,0.0,0.0,0.0,0.0,analytic,0.0,0,0.04333333333333332,0,1.5,0.0,True,0,,,,,,L1_01116
1.5,0.0,3.833333333333333,1.5,0.0,0.0,0.0,0.0,analytic,0.0,0,0.046166666666666654,0,1.5,0.0,True,0,,,,,,L1_01117
1.5,0.0,3.833333333333333,1.6666666666666665,0.0,0.0,0.0,0.0,analytic,0.0,0,0.04933333333333331,0,1.5,0.0,True,0,,,,,,L1_01118
1.5,0.0,3.833333333333333,1.8333333333333333,0.0,0.0,0.0,0.0,analytic,0.0,0,0.05283333333333332,0,1.5,0.0,True,0,,,,,,L1_01119
1.5,0.0,3.833333333333333,2.0,0.0,0.0,0.0,0.0,analytic,0.0,0,0.05666666666666666,0,1.5,0.0,True,0,,,,,,L1_01120
1.5,0.0,3.833333333333333,2.1666666666666665,0.0,0.0,0.0,0.0,analytic,0.0,0,0.060833333333333316,0,1.5,0.0,True,0,,,,,,L1_01121
1.5,0.0,3.833333333333333,2.333333333333333,0.0,0.0,0.0,0.0,analytic,0.0,0,0.06533333333333331,0,1.5,0.0,True,0,,,,,,L1_01122
1.5,0.0,3.833333333333333,2.5,0.0,0.0,0.0,0.0,analytic,0.0,0,0.07016666666666665,0,1.5,0.0,True,0,,,,,,L1_01123
1.5,0.0,3.833333333333333,2.6666666666666665,0.0,0.0,0.0,0.0,analytic,0.0,0,0.07533333333333331,0,1.5,0.0,True,0,,,,,,L1_01124
1.5,0.0,3.833333333333333,2.833333333333333,0.0,0.0,0.0,0.0,analytic,0.0,0,0.08083333333333331,0,1.5,0.0,True,0,,,,,,L1_01125
1.5,0.0,3.833333333333333,3.0,0.0,0.0,0.0,0.0,analytic,0.0,0,0.08666666666666666,0,1.5,0.0,True,0,,,,,,L1_01126
1.5,0.0,3.833333333333333,3.1666666666666665,0.0,0.0,0.0,0.0,analytic,0.0,0,0.09283333333333331,0,1.5,0.0,True,0,,,,,,L1_01127
1.5,0.0,3.833333333333333,3.333333333333333,0.0,0.0,0.0,0.0,analytic,0.0,0,0.0993333333333333,0,1.5,0.0,True,0,,,,,,L1_01128
1.5,0.0,3.833333333333333,3.5,0.0,0.0,0.0,0.0,analytic,0.0,0,0.10616666666666666,0,1.5,0.0,True,0,,,,,,L1_01129
1.5,0.0,3.833333333333333,3.6666666666666665,0.0,0.0,0.0,0.0,analytic,0.0,0,0.11333333333333331,0,1.5,0.0,True,0,,,,,,L1_01130
1.5,0.0,3.833333333333333,3.833333333333333,0.0,0.0,0.0,0.0,analytic,0.0,0,0.12083333333333332,0,1.5,0.0,True,0,,,,,,L1_01131
1.5,0.0,3.833333333333333,4.0,0.0,0.0,0.0,0.0,analytic,0.0,0,0.12866666666666665,0,1.5,0.0,True,0,,,,,,L1_01132
1.5,0.0,4.0,0.05,0.0,0.0,0.0,0.0,analytic,0.0,0,0.037515,0,1.5,0.0,True,0,,,,,,L1_01133
1.5,0.0,4.0,0.16666666666666666,0.0,0.0,0.0,0.0,analytic,0.0,0,0.03766666666666667,0,1.5,0.0,True,0,,,,,,L1_01134
1.5,0.0,4.0,0.3333333333333333,0.0,0.0,0.0,0.0,analytic,0.0,0,0.03816666666666666,0,1.5,0.0,True,0,,,,,,L1_01135
1.5,0.0,4.0,0.5,0.0,0.0,0.0,0.0,analytic,0.0,0,0.039,0,1.5,0.0,True,0,,,,,,L1_01136
1.5,0.0,4.0,0.6666666666666666,0.0,0.0,0.0,0.0,analytic,0.0,0,0.04016666666666667,0,1.5,0.0,True,0,,,,,,L1_01137
1.5,0.0,4.0,0.8333333333333333,0.0,0.0,0.0,0.0,analytic,0.0,0,0.04166666666666667,0,1.5,0.0,True,0,,,,,,L1_01138
1.5,0.0,4.0,1.0,0.0,0.0,0.0,0.0,analytic,0.0,0,0.0435,0,1.5,0.0,True,0,,,,,,L1_01139
1.5,0.0,4.0,1.1666666666666665,0.0,0.0,0.0,0.0,analytic,0.0,0,0.04566666666666666,0,1.5,0.0,True,0,,,,,,L1_01140
1.5,0.0,4.0,1.3333333333333333,0.0,0.0,0.0,0.0,analytic,0.0,0,0.04816666666666667,0,1.5,0.0,True,0,,,,,,L1_01141
1.5,0.0,4.0,1.5,0.0,0.0,0.0,0.0,analytic,0.0,0,0.051,0,1.5,0.0,True,0,,,,,,L1_01142
1.5,0.0,4.0,1.6666666666666665,0.0,0.0,0.0,0.0,analytic,0.0,0,0.054166666666666655,0,1.5,0.0,True,0,,,,,,L1_01143
1.5,0.0,4.0,1.8333333333333333,0.0,0.0,0.0,0.0,analytic,0.0,0,0.057666666666666665,0,1.5,0.0,True,0,,,,,,L1_01144
1.5,0.0,4.0,2.0,0.0,0.0,0.0,0.0,analytic,0.0,0,0.0615,0,1.5,0.0,True,0,,,,,,L1_01145
1.5,0.0,4.0,2.1666666666666665,0.0,0.0,0.0,0.0,analytic,0.0,0,0.06566666666666665,0,1.5,0.0,True,0,,,,,,L1_01146
1.5,0.0,4.0,2.333333333333333,0.0,0.0,0.0,0.0,analytic,0.0,0,0.07016666666666665,0,1.5,0.0,True,0,,,,,,L1_01147
1.5,0.0,4.0,2.5,0.0,0.0,0.0,0.0,analytic,0.0,0,0.075,0,1.5,0.0,True,0,,,,,,L1_01148
1.5,0.0,4.0,2.6666666666666665,0.0,0.0,0.0,0.0,analytic,0.0,0,0.08016666666666666,0,1.5,0.0,True,0,,,,,,L1_01149
1.5,0.0,4.0,2.833333333333333,0.0,0.0,0.0,0.0,analytic,0.0,0,0.08566666666666665,0,1.5,0.0,True,0,,,,,,L1_01150
1.5,0.0,4.0,3.0,0.0,0.0,0.0,0.0,analytic,0.0,0,0.0915,0,1.5,0.0,True,0,,,,,,L1_01151
1.5,0.0,4.0,3.1666666666666665,0.0,0.0,0.0,0.0,analytic,0.0,0,0.09766666666666667,0,1.5,0.0,True,0,,,,,,L1_01152
1.5,0.0,4.0,3.333333333333333,0.0,0.0,0.0,0.0,analytic,0.0,0,0.10416666666666664,0,1.5,0.0,True,0,,,,,,L1_01153
1.5,0.0,4.0,3.5,0.0,0.0,0.0,0.0,analytic,0.0,0,0.111,0,1.5,0.0,True,0,,,,,,L1_01154
1.5,0.0,4.0,3.6666666666666665,0.0,0.0,0.0,0.0,analytic,0.0,0,0.11816666666666666,0,1.5,0.0,True,0,,,,,,L1_01155
1.5,0.0,4.0,3.833333333333333,0.0,0.0,0.0,0.0,analytic,0.0,0,0.12566666666666665,0,1.5,0.0,True,0,,,,,,L1_01156
1.5,0.0,4.0,4.0,0.0,0.0,0.0,0.0,analytic,0.0,0,0.1335,0,1.5,0.0,True,0,,,,,,L1_01157
